timestamp,open,high,low,close,volume
2024-10-01 00:00:00,2491.911246142418,2499.1632750781737,2490.2963247602493,2499.875986577362,2895.092773457135
2024-10-01 00:15:00,2499.337572242522,2502.8124225685656,2489.254849049915,2496.320343496099,8629.252181531709
2024-10-01 00:30:00,2510.82929688466,2521.3834869535226,2508.1834366276817,2518.351644550059,1767.6191599185972
2024-10-01 00:45:00,2538.3828738626303,2544.5901781492908,2533.634470100954,2537.8696662138263,9129.248416395147
2024-10-01 01:00:00,2540.6881598307295,2552.0070046628175,2538.9113234177344,2546.837158392164,8741.443434639195
2024-10-01 01:15:00,2571.375172498739,2575.273510710873,2567.0581279322073,2575.362950342013,4885.245187152831
2024-10-01 01:30:00,2570.0868454376887,2573.864224421008,2563.690136775097,2568.81003460923,1829.432329333997
2024-10-01 01:45:00,2605.452403745028,2605.6404891921898,2594.7956703178243,2602.981747487738,3178.9162237961264
2024-10-01 02:00:00,2587.899195734053,2588.072418885113,2576.015001319967,2578.8498337069504,9775.641971730645
2024-10-01 02:15:00,2566.039227139965,2567.3786311131944,2560.8913990631295,2568.5515222587305,6101.8601839829735
2024-10-01 02:30:00,2549.032941850566,2556.4091576393635,2544.5489578212537,2550.9275511446667,5584.432860122828
2024-10-01 02:45:00,2542.4980937940045,2551.361225292535,2542.926334190909,2548.405145311567,6854.967381533937
2024-10-01 03:00:00,2537.622719511174,2542.3238661410946,2532.9409550381215,2543.7261015022123,9428.25239745106
2024-10-01 03:15:00,2548.544334030525,2547.447769159867,2538.5377889301894,2544.4707788479695,195.2711393650972
2024-10-01 03:30:00,2574.5754556243296,2577.412449786089,2568.892214252698,2571.072575734341,7348.901903556011
2024-10-01 03:45:00,2581.2709910448507,2582.5967755803167,2577.2555339962187,2584.003484249891,6567.9583830480315
2024-10-01 04:00:00,2591.816914591146,2598.7321636976103,2585.674189775113,2593.4834108246887,7057.286320855493
2024-10-01 04:15:00,2589.8308409021347,2594.19683317309,2584.192625102769,2581.8584633158425,3326.081622829635
2024-10-01 04:30:00,2586.332780484276,2597.5029366243666,2582.5385722322862,2591.9049804681267,7561.127075880571
2024-10-01 04:45:00,2615.2244587918867,2617.3584290257504,2610.5204886886695,2616.179010486937,4855.868796314084
2024-10-01 05:00:00,2598.824335543542,2608.8631424366617,2598.026194444908,2603.6326215246804,6489.777340653532
2024-10-01 05:15:00,2602.83644082794,2609.5364921863147,2599.3064544506824,2600.5904733907228,9740.505291400212
2024-10-01 05:30:00,2596.421025596104,2605.639193066622,2595.332519636828,2599.5914734374537,1417.8599540831267
2024-10-01 05:45:00,2583.1301438847076,2590.201860180166,2583.640797770117,2586.3699346723943,2579.0300514784763
2024-10-01 06:00:00,2609.101569014227,2618.1987402156456,2605.5264618816577,2610.3828830650914,1709.7343054178302
2024-10-01 06:15:00,2613.200020199328,2619.497199942848,2609.268936750885,2612.584749262991,7652.08799013188
2024-10-01 06:30:00,2637.2705852324916,2637.5209228116287,2625.227655630579,2635.0480666427775,6962.043265421336
2024-10-01 06:45:00,2623.19436246563,2625.679471606488,2620.7250598724713,2627.7798672988615,9077.361123455372
2024-10-01 07:00:00,2622.6110235029546,2621.8953984145382,2610.3914544495674,2621.6810772414883,1544.4790801006043
2024-10-01 07:15:00,2583.9170268039193,2583.6644434950977,2577.1397396566895,2581.8708894862752,5944.014981730896
2024-10-01 07:30:00,2597.613628027247,2605.489830417552,2593.363660532079,2605.4782590788855,8637.840583890642
2024-10-01 07:45:00,2595.8260158350354,2603.7890941068217,2594.1120410098924,2598.568467827285,3664.8920772527554
2024-10-01 08:00:00,2594.6941896490976,2596.256225269923,2584.475783904,2589.287453690124,245.36443144859413
2024-10-01 08:15:00,2591.6227156493596,2596.45991364065,2584.512985220911,2589.2964635244593,7932.927966136284
2024-10-01 08:30:00,2597.7572667347386,2603.2413664978867,2593.658615204211,2595.1763522934234,3318.632001971773
2024-10-01 08:45:00,2607.497281715294,2609.4776162874437,2600.8736167072743,2602.417482390936,7564.6807329494
2024-10-01 09:00:00,2584.5466983626825,2585.79657783555,2576.0454668916195,2586.9112736909888,985.7513678752292
2024-10-01 09:15:00,2585.107029554697,2588.2447096714286,2582.526143691623,2584.450058595713,4172.126580290875
2024-10-01 09:30:00,2589.4034905351596,2589.04627680422,2580.9439760814803,2586.233600296078,7100.36476086454
2024-10-01 09:45:00,2589.7802330534983,2592.7835764961046,2586.396604498818,2593.8731170360493,4651.195936254795
2024-10-01 10:00:00,2561.9525752782392,2567.616262757059,2554.7850179689567,2565.0189830644067,8540.51533820435
2024-10-01 10:15:00,2563.6859821246603,2566.657676273998,2555.2933954426403,2554.1141594581723,6129.629143734991
2024-10-01 10:30:00,2535.892916271232,2541.5420994492033,2531.322852907424,2543.97906265853,5791.073845022818
2024-10-01 10:45:00,2539.152835011594,2550.110553899084,2535.9218434198337,2539.52670221221,8979.471567106264
2024-10-01 11:00:00,2532.8017870864833,2542.1497457143964,2532.0710388330212,2539.853249788295,254.84223437878418
2024-10-01 11:15:00,2544.103321313794,2544.815629239049,2533.8631069838875,2545.8236339710775,544.8655766079211
2024-10-01 11:30:00,2564.44474030539,2569.209151991854,2556.0946706288437,2558.371303872172,3856.9909061092717
2024-10-01 11:45:00,2580.3487796641375,2581.3133603313486,2570.92124604084,2574.03207745963,3005.823432556328
2024-10-01 12:00:00,2605.619553632873,2605.627940929208,2595.8614171024938,2599.098803855568,7021.493007626558
2024-10-01 12:15:00,2603.4674185396943,2611.2325044351837,2599.479532400407,2606.9425595703437,7661.8236152018235
2024-10-01 12:30:00,2596.756357930552,2598.0051597899323,2586.120446064055,2589.90369938036,6334.322666693001
2024-10-01 12:45:00,2609.6365210379445,2612.013626027815,2602.1945302166555,2606.6124050857447,7241.445469977622
2024-10-01 13:00:00,2638.202318377714,2639.171307817618,2627.2561156100323,2635.6938339481394,9807.076002578538
2024-10-01 13:15:00,2622.511980307887,2624.2864504784493,2614.820873832531,2616.312128600329,816.1096569402984
2024-10-01 13:30:00,2616.4850020154718,2626.8851874800152,2616.860871549386,2622.312436466658,7035.334672027467
2024-10-01 13:45:00,2609.174476994581,2614.4335098255106,2605.8127353363743,2615.5627659916386,1121.3595336929088
2024-10-01 14:00:00,2602.8407178422444,2610.298273649951,2597.181746166001,2600.936917637238,2875.752640651287
2024-10-01 14:15:00,2591.3235513418967,2596.073795918746,2584.118098486472,2591.0609485267414,7127.287371785693
2024-10-01 14:30:00,2583.479497471429,2584.6400963398096,2574.2981269920983,2581.837576056698,5228.645789781777
2024-10-01 14:45:00,2590.3379941250837,2599.0420699089955,2588.131621447687,2598.2527158157354,4508.500554732692
2024-10-01 15:00:00,2606.95414685344,2614.1494365821586,2601.185877586808,2609.4574836337647,429.12156096490986
2024-10-01 15:15:00,2617.7273287222715,2621.779648852873,2611.445744493678,2618.834990086756,4486.096899609671
2024-10-01 15:30:00,2598.5039565208963,2603.6283604990376,2596.019335821465,2602.6909160227274,4743.6927318366525
2024-10-01 15:45:00,2603.840245796134,2601.831338903341,2592.661394073082,2598.877340366521,4849.951068472796
2024-10-01 16:00:00,2602.329305476183,2600.790748573388,2590.9292135611404,2596.522572980592,6920.007331227921
2024-10-01 16:15:00,2607.02209246094,2616.270544778203,2606.4413180570455,2607.0130031984745,9415.880483622874
2024-10-01 16:30:00,2625.356506334868,2633.8980306993176,2620.8861083031707,2631.672212475116,8639.200412434222
2024-10-01 16:45:00,2644.026803261256,2645.4371254800426,2640.930123251806,2640.973242061891,5391.1513644695915
2024-10-01 17:00:00,2645.416068598909,2652.029055542061,2638.20632284294,2646.1623899018955,359.6116655905219
2024-10-01 17:15:00,2644.7984930657694,2652.386643406824,2643.4036266181492,2647.0579599012303,9489.692184446745
2024-10-01 17:30:00,2649.586398481626,2650.2615162832512,2638.431118679846,2647.398025812914,8638.398822320421
2024-10-01 17:45:00,2636.910524982454,2639.4277207085565,2631.644884175092,2633.583642298625,8436.519349266096
2024-10-01 18:00:00,2627.727471719424,2638.754204762656,2626.3728295654737,2631.356593709575,3700.1185870798245
2024-10-01 18:15:00,2620.7702022909943,2625.2018120395496,2610.9265553548403,2621.1919283162056,8692.178601729272
2024-10-01 18:30:00,2598.677300923149,2607.6448462570665,2596.1334638325493,2604.8203986489643,3848.6781025735722
2024-10-01 18:45:00,2571.934469277664,2577.254578731011,2570.5634154832255,2577.5349493850244,3450.0391182200187
2024-10-01 19:00:00,2572.567275766406,2574.250906163478,2563.8853688226463,2564.8849105708123,6260.333250328261
2024-10-01 19:15:00,2566.1263555693195,2572.302848801834,2561.8426574737796,2565.9166208532783,6783.951864689334
2024-10-01 19:30:00,2578.4023925560755,2583.1505402855473,2574.9780051854423,2574.3712387838546,7641.0143075119995
2024-10-01 19:45:00,2573.0544898087,2584.9939573172965,2570.9471237636894,2578.095374712259,8593.318154462922
2024-10-01 20:00:00,2587.706744492183,2585.289064627022,2575.8378783195503,2579.926695392024,6763.814850285503
2024-10-01 20:15:00,2570.9129280380744,2574.8353882323527,2561.2811289738033,2565.8582443939486,9470.240490407285
2024-10-01 20:30:00,2527.2929690156398,2537.73359514996,2528.534129834365,2529.6556842087953,633.1820511960854
2024-10-01 20:45:00,2528.2589746049784,2533.6518018583483,2525.7417925474447,2532.1066838491183,4846.215672002342
2024-10-01 21:00:00,2530.165069741758,2532.9194741687074,2520.500364971024,2527.39681124717,3614.3861901725227
2024-10-01 21:15:00,2522.9586456416678,2523.3324488650924,2513.017370015218,2523.501833335641,2024.3564148662942
2024-10-01 21:30:00,2537.0861825617326,2539.013511006849,2526.7657917235533,2530.815854206798,1228.8896505403584
2024-10-01 21:45:00,2552.6497280977032,2559.655203226382,2546.0860292336506,2549.060958989999,9137.656829980653
2024-10-01 22:00:00,2583.026550206559,2589.5653515005174,2575.1251034503957,2583.490995433409,3148.818565291231
2024-10-01 22:15:00,2615.025425995854,2622.308352568769,2609.0067880700126,2620.4421626132125,3043.8227284839613
2024-10-01 22:30:00,2595.9441627967844,2603.743099753507,2590.8580340976305,2601.0526971345134,5625.128126726632
2024-10-01 22:45:00,2579.7834820148655,2587.266922042026,2576.6317765086974,2582.77280128083,4866.3911651128
2024-10-01 23:00:00,2602.564098633909,2608.918892425946,2602.0531451875004,2608.0770238956266,6323.699695947588
2024-10-01 23:15:00,2611.65911238539,2619.6349605617493,2612.208187418892,2616.9758424644574,3453.583365666392
2024-10-01 23:30:00,2587.2962925699385,2594.3586543404913,2588.087104443895,2592.071729966922,118.99035090525976
2024-10-01 23:45:00,2544.0589647401994,2552.8557270194115,2544.387035445903,2545.347060046382,7775.839179268381
2024-10-02 00:00:00,2565.1310478140867,2572.229732142171,2563.838490506123,2570.4199119480127,1375.3469528730348
2024-10-02 00:15:00,2586.6704806532766,2594.7700899279725,2586.4877585728063,2593.759316575317,7559.717052174294
2024-10-02 00:30:00,2577.1146098060863,2583.152125407405,2575.1100920681956,2573.385873364091,6361.290889440483
2024-10-02 00:45:00,2533.988389102764,2537.62816542392,2528.2892515858225,2537.035731208337,1217.7622644757455
2024-10-02 01:00:00,2517.0949800612834,2519.0079630087707,2511.395413033873,2510.460745876836,6032.563386018832
2024-10-02 01:15:00,2514.8488900969483,2519.5579297379913,2509.498828435487,2509.555993505594,2139.597130059639
2024-10-02 01:30:00,2519.3319776976446,2522.4822408937257,2510.0341339783367,2520.47146067356,7150.5148941623465
2024-10-02 01:45:00,2503.9217538481753,2506.226354505234,2494.5494325498653,2497.3140022451043,3734.8664652936877
2024-10-02 02:00:00,2481.809166833335,2488.008240070674,2474.400858849324,2478.595001636219,915.8223990346215
2024-10-02 02:15:00,2489.095874019553,2498.248735844968,2486.7424995935826,2491.6487478532454,2025.5368782377343
2024-10-02 02:30:00,2491.2337664714437,2492.4256385334434,2488.314758311285,2489.7049690126287,3143.4754015487465
2024-10-02 02:45:00,2471.550363961696,2482.2031461744086,2466.3589811207644,2473.7077159117794,4469.31613530844
2024-10-02 03:00:00,2462.380826282447,2462.188737470365,2455.0336053340784,2462.010116601396,6901.8650281857435
2024-10-02 03:15:00,2475.6578623952423,2478.462360078023,2468.214970431699,2468.624794317729,4544.829836672023
2024-10-02 03:30:00,2485.4937415366753,2491.2936892176995,2483.2115113241503,2484.3468618514703,7331.081672813701
2024-10-02 03:45:00,2495.0219848710176,2495.9328732831564,2490.2764955400658,2490.171009668631,7611.164650839827
2024-10-02 04:00:00,2497.2594987459383,2501.169846174583,2489.2347033127103,2489.786763941732,9595.220927896646
2024-10-02 04:15:00,2480.532378896688,2483.837218308815,2474.2760098205868,2479.1517728966023,1704.4239640653532
2024-10-02 04:30:00,2496.38888123205,2497.4976296853897,2487.4906667124237,2489.98843951299,2869.820643593693
2024-10-02 04:45:00,2485.423232508194,2493.095638318539,2485.3329496022134,2489.369125566465,6887.082711790127
2024-10-02 05:00:00,2499.3612249650596,2507.6797225363857,2498.789718624033,2506.8730314824443,9486.98306925576
2024-10-02 05:15:00,2498.2473880442467,2502.236504138462,2496.8433533242714,2496.8181069024836,1293.079227640609
2024-10-02 05:30:00,2489.6042742753402,2495.497417115376,2481.1837594233157,2492.2251598522994,5252.906177643364
2024-10-02 05:45:00,2534.2151977535805,2536.6549964396727,2529.3582856911703,2533.535424530681,7692.56757173079
2024-10-02 06:00:00,2531.2057883988,2540.2396197314197,2528.895889099915,2530.8673554139004,4786.5509007109285
2024-10-02 06:15:00,2516.230905221971,2518.3912356430046,2508.954496213461,2518.145397038621,9631.001408597249
2024-10-02 06:30:00,2479.3809083403703,2487.985143974608,2479.627339746994,2484.7797828336593,311.0903475324825
2024-10-02 06:45:00,2498.6569828586375,2507.0985222786494,2495.995765554365,2498.217197826592,2317.8772970863743
2024-10-02 07:00:00,2513.670963983054,2514.094072891432,2502.389261446198,2512.110056428584,4117.267408560281
2024-10-02 07:15:00,2492.1988516928786,2500.3082686094485,2486.041859268913,2493.019484307727,490.7494271758524
2024-10-02 07:30:00,2502.250879657027,2502.4572565894455,2491.555796398284,2497.125169150146,9007.355979925504
2024-10-02 07:45:00,2493.3311672253108,2499.4809324441785,2492.3751978040564,2495.7887506146058,3801.729278806003
2024-10-02 08:00:00,2491.4268695699107,2489.1340021858095,2482.616731657083,2487.166828035642,4349.047553451233
2024-10-02 08:15:00,2496.825594018166,2503.352658563753,2489.839045271204,2495.649249523777,3202.1881857577296
2024-10-02 08:30:00,2516.1260499002296,2521.164406985172,2506.934574631095,2515.7217896185202,647.7393053461192
2024-10-02 08:45:00,2505.658813689107,2508.0705254102973,2497.144677070369,2506.097114905404,8980.038629175619
2024-10-02 09:00:00,2469.250568046043,2476.681814797209,2467.6660035031396,2473.595765749009,7151.901889013036
2024-10-02 09:15:00,2488.8896191341696,2495.9086702879895,2480.958800210115,2492.793734686347,2351.4286963402114
2024-10-02 09:30:00,2523.389798539067,2524.942875837905,2514.7043318569404,2520.0342851281,642.3962943343462
2024-10-02 09:45:00,2525.442209338099,2533.1380389703204,2523.874189702481,2527.588466857472,5176.390530830218
2024-10-02 10:00:00,2548.584880775235,2550.8416678711988,2544.440475193119,2546.828437871837,6114.3689835890345
2024-10-02 10:15:00,2551.156357314431,2552.2591822727472,2543.5712597906827,2551.5467306434107,1795.456952087213
2024-10-02 10:30:00,2544.6588629256253,2552.876025948541,2542.2190796222744,2544.0807212798363,4728.687287537531
2024-10-02 10:45:00,2548.1329160419214,2559.1959950068767,2547.4360176623873,2554.892792284187,634.3884743331548
2024-10-02 11:00:00,2545.249000324496,2551.6145426795338,2536.9600579763032,2543.2647456258155,1772.5975949347885
2024-10-02 11:15:00,2529.1768222391042,2536.0777046944263,2526.0825691510104,2530.606720696254,3712.307301152322
2024-10-02 11:30:00,2519.1572515198413,2522.6891631837093,2509.616761395681,2517.352373886758,1026.6042637081498
2024-10-02 11:45:00,2511.467508550258,2517.5106644287757,2505.960929513314,2508.240031766897,6001.400880116224
2024-10-02 12:00:00,2536.984900425938,2536.447678449746,2527.7041645275294,2527.9991050532303,4809.819788486434
2024-10-02 12:15:00,2513.0401208975422,2519.173851866601,2511.132502962376,2518.788805216706,2367.8709742023875
2024-10-02 12:30:00,2511.4734018559416,2517.537554272209,2507.5096352935157,2509.0820003136555,5333.943311187196
2024-10-02 12:45:00,2528.326029858612,2535.8993379149783,2526.8716701454423,2529.5345541653687,142.10850641194395
2024-10-02 13:00:00,2570.4631869251452,2571.555654956363,2565.067153726496,2568.9432218487104,208.24388744791156
2024-10-02 13:15:00,2593.0441186328258,2594.5967264878473,2587.186803118907,2586.9944089982237,7022.582832071116
2024-10-02 13:30:00,2564.5745641304684,2566.400778600851,2556.704810650744,2561.570861923529,8855.875216759725
2024-10-02 13:45:00,2573.5040866271675,2580.885197001433,2569.558923276219,2573.5953318929664,8086.885434564435
2024-10-02 14:00:00,2584.1038055302392,2586.999146561809,2572.641130826108,2577.8885566613108,1761.2922288274099
2024-10-02 14:15:00,2564.7895141091176,2576.9900652285055,2565.049234426811,2570.842420342608,7744.370290882505
2024-10-02 14:30:00,2578.0596292153073,2578.12513010612,2569.2209218403796,2571.3421254754203,2655.768409916207
2024-10-02 14:45:00,2588.422586076832,2593.0928692496727,2586.108929146765,2584.573385451114,9389.01345833161
2024-10-02 15:00:00,2623.059010277062,2626.033880723625,2616.6006888181632,2617.665907497913,6520.709461554364
2024-10-02 15:15:00,2593.740387618285,2591.652080157282,2586.9746379227,2587.7808216619533,7611.860718806392
2024-10-02 15:30:00,2562.768885689074,2564.6250585914086,2557.652808327338,2566.783929452661,6166.951340291847
2024-10-02 15:45:00,2559.6334038755354,2572.379672255611,2559.6611449547254,2560.4877961587645,9261.616078118444
2024-10-02 16:00:00,2539.441773000457,2543.5725021979474,2533.9783532556066,2537.3721745272405,7181.165208975926
2024-10-02 16:15:00,2543.479210866045,2545.4037316894287,2534.7138167673975,2543.265993164414,8220.969128000017
2024-10-02 16:30:00,2566.4560727239173,2570.68773866381,2559.1512760988803,2564.1846257924235,8401.601519647347
2024-10-02 16:45:00,2579.75736034091,2581.2941169745673,2570.375382759714,2572.8449393550936,6693.930602682279
2024-10-02 17:00:00,2546.906527825892,2554.80575516843,2542.2462449531863,2552.8879042259528,6662.460803582847
2024-10-02 17:15:00,2555.083317745896,2552.999262340658,2544.080879576325,2551.1158221418523,1659.7626350546657
2024-10-02 17:30:00,2549.947586670293,2559.7615054773246,2548.2702400834387,2558.5124356071524,7722.955362893051
2024-10-02 17:45:00,2562.9535252587825,2568.3827884623984,2559.2399638159545,2566.198983948514,680.920116705011
2024-10-02 18:00:00,2542.4635086875046,2549.3097368940284,2543.2152901025793,2551.1314827446217,1541.6907627370786
2024-10-02 18:15:00,2531.807850598111,2535.461954943691,2520.6018751121956,2531.4018640747613,1793.8577117425498
2024-10-02 18:30:00,2530.6903700103726,2531.813306266243,2522.8673979545106,2531.962982298814,2303.0135848900068
2024-10-02 18:45:00,2510.443228328634,2520.695335756972,2508.48685953133,2513.408213073241,478.40122381945736
2024-10-02 19:00:00,2520.6814600271164,2522.4217840329766,2512.0905046741004,2514.388553543562,8617.618920468894
2024-10-02 19:15:00,2514.6539525331045,2523.772184553057,2512.6372823279044,2515.7070339890283,1872.123957430264
2024-10-02 19:30:00,2555.3389691877105,2558.495011219515,2547.1582231530015,2554.214837104911,3561.0764439025065
2024-10-02 19:45:00,2554.78509267609,2554.9006377758196,2544.5564112633606,2548.7772700289042,3156.4133144927596
2024-10-02 20:00:00,2525.5533827016434,2532.786714169517,2526.3646738429484,2529.7634594720867,5682.569098915116
2024-10-02 20:15:00,2530.6753029199544,2534.9232696119752,2528.6192785218104,2535.6793657309204,5530.108721922517
2024-10-02 20:30:00,2504.3294401650523,2506.740328483858,2495.4644071400817,2503.204442345519,4407.541544169045
2024-10-02 20:45:00,2505.371099118008,2511.198336235806,2497.0281856435454,2508.2743299030603,2437.445079491821
2024-10-02 21:00:00,2508.6643390259683,2509.009542623762,2502.545214262727,2502.7985063334895,6794.886700297138
2024-10-02 21:15:00,2501.4015367315424,2500.5275729828527,2490.7199283574846,2494.433369650469,9625.161439006828
2024-10-02 21:30:00,2483.832561252164,2487.5062300602503,2477.3893574506055,2486.913782424963,1413.1871119333816
2024-10-02 21:45:00,2479.3795585539465,2481.7485672431244,2474.932544461272,2479.5943227441217,5383.72153117592
2024-10-02 22:00:00,2459.851975788297,2463.0861944655703,2454.5363670624797,2459.4371544802634,5746.5088464342825
2024-10-02 22:15:00,2460.1230291488755,2462.9389158078066,2456.109726546438,2462.3869008625547,7052.266508269039
2024-10-02 22:30:00,2429.591316879101,2438.562643396979,2426.709627855281,2435.707494046726,7556.582323192058
2024-10-02 22:45:00,2418.675622164482,2421.873748170588,2412.3075126551066,2421.3467136978916,6126.701158440182
2024-10-02 23:00:00,2422.9495455474967,2421.3142315562195,2411.038792995959,2422.8523580412557,6024.37030666509
2024-10-02 23:15:00,2420.4632061304346,2428.730481881232,2415.3067326738737,2420.5980666995256,6251.057386372306
2024-10-02 23:30:00,2424.4967204919876,2430.8949772484557,2425.2330955775615,2429.3140580955765,3872.074260090809
2024-10-02 23:45:00,2422.8325071022227,2426.2361169136716,2414.6657800504922,2418.7977040328265,8076.084417014838
2024-10-03 00:00:00,2420.6657795084166,2432.880323798789,2419.3071946197956,2427.7971270244975,532.7958832085566
2024-10-03 00:15:00,2447.1529018672827,2448.0650435788953,2437.806296231318,2445.868130324764,6448.897303880625
2024-10-03 00:30:00,2423.9100571989075,2429.7874401617582,2419.623416727905,2431.1122912292826,3659.3932085803644
2024-10-03 00:45:00,2433.0771048272445,2439.4430438238087,2429.981445710356,2436.488425865437,5345.896321485627
2024-10-03 01:00:00,2427.7032665536176,2427.5755456881834,2421.383828273119,2423.809772382711,5486.37407122859
2024-10-03 01:15:00,2449.55401211266,2455.014440867134,2443.7507474153526,2451.2189064858003,5928.48327061027
2024-10-03 01:30:00,2455.915147295542,2466.4855703392996,2454.4319187715314,2463.9512522113487,196.90257865815062
2024-10-03 01:45:00,2474.948328813212,2483.9598159443194,2471.7508061642575,2475.275567460165,7091.114596885292
2024-10-03 02:00:00,2504.3938812192455,2512.6166674533533,2501.8129223177166,2505.482553114438,7737.485977066039
2024-10-03 02:15:00,2521.665326156326,2528.916563398123,2519.9261783525694,2526.79830937199,8626.969758370895
2024-10-03 02:30:00,2520.4176966105215,2520.04181714713,2512.1678552413805,2518.274057786754,9982.281837378778
2024-10-03 02:45:00,2540.311443739244,2545.4734632217037,2533.4914003166814,2535.494082369532,4044.0406963237883
2024-10-03 03:00:00,2525.312318837117,2529.401797699937,2516.3552051636225,2523.2716316094875,6187.161827509469
2024-10-03 03:15:00,2522.3810774405733,2529.526526356814,2520.519498313025,2529.7571226148084,1279.2134831949863
2024-10-03 03:30:00,2549.1319848406156,2561.848601112122,2550.1486732248213,2558.396600241139,7786.05945751339
2024-10-03 03:45:00,2554.7155064862736,2558.7483300562412,2550.9646982862046,2554.8567521190184,6729.241150819571
2024-10-03 04:00:00,2545.6222076273957,2543.7758701716884,2535.4273408910653,2542.2487289598857,7694.763985813818
2024-10-03 04:15:00,2544.6687819997323,2552.3322419223423,2542.294166627503,2548.619667989987,366.96306960252116
2024-10-03 04:30:00,2527.541352494069,2535.244608524255,2523.1961525771803,2531.6480360520995,5038.852586847127
2024-10-03 04:45:00,2542.853965852961,2550.08080542635,2541.2096447445324,2550.672210229603,8797.632602773043
2024-10-03 05:00:00,2546.9518116814506,2546.9872619172306,2539.1137744680354,2541.9152003964,3686.7993706839848
2024-10-03 05:15:00,2568.258928812694,2570.2305510541205,2560.548106033763,2568.374697996292,9262.772106924538
2024-10-03 05:30:00,2553.5753451447586,2556.623810505854,2544.3556355240585,2548.088021500822,5495.585676341145
2024-10-03 05:45:00,2544.9275284431446,2552.308384707689,2537.394436595294,2549.463430471247,3853.7198762319786
2024-10-03 06:00:00,2552.742337634219,2553.6930576128716,2542.017570126306,2547.3938549190134,394.19363822196374
2024-10-03 06:15:00,2532.7424537867405,2537.3779030238265,2530.043193219648,2531.5790484710005,8000.765684967634
2024-10-03 06:30:00,2523.9713647990548,2535.994510965269,2524.200959682872,2529.132393594829,5241.685322159319
2024-10-03 06:45:00,2534.794130085829,2542.944672682232,2530.8976465842816,2538.4549100444365,5506.962489873829
2024-10-03 07:00:00,2518.7888292204725,2524.0416649412196,2514.2280652967447,2515.212488658742,4211.837440828217
2024-10-03 07:15:00,2542.6169024004193,2540.5775521880114,2533.4953677800054,2542.7319756392744,4822.311134943175
2024-10-03 07:30:00,2567.75584611891,2567.0577132154835,2556.6333729630246,2559.57986546991,535.3457991986813
2024-10-03 07:45:00,2570.073222997088,2572.5295300375597,2560.16075422559,2569.9233872844884,6192.354935170776
2024-10-03 08:00:00,2590.4016413872737,2592.9412770204553,2583.0440903988383,2590.798965297526,4142.103663330869
2024-10-03 08:15:00,2586.3376847028417,2588.87419862319,2576.548757530703,2582.0248502845925,1576.5835521684758
2024-10-03 08:30:00,2572.8504582205933,2581.9990264343637,2571.949588780224,2573.1376111918607,3681.574746572964
2024-10-03 08:45:00,2583.008552684658,2586.699857756919,2578.7548838935913,2586.086907127304,654.9358964065058
2024-10-03 09:00:00,2594.6491247649697,2595.692396714759,2584.6638960931637,2591.7046447243083,9426.579358644916
2024-10-03 09:15:00,2585.3991510113406,2592.9142443468377,2584.3402449469518,2586.4760724214098,2549.3137685446563
2024-10-03 09:30:00,2581.323972273468,2586.640434960296,2572.580951122099,2576.7123078401673,3690.297413523901
2024-10-03 09:45:00,2625.008947652654,2634.3119035752698,2620.2368131821045,2626.1031158051096,4374.6201479931
2024-10-03 10:00:00,2610.810904340015,2619.2448821603853,2609.2993417103985,2610.204830206732,8428.861047742143
2024-10-03 10:15:00,2596.7799854761292,2602.287481539837,2590.8665985972316,2593.509483486448,3183.5537170608372
2024-10-03 10:30:00,2587.4252263138487,2593.34189645826,2580.7665525942866,2583.879336223947,4784.277239371818
2024-10-03 10:45:00,2593.367996965817,2596.7042919486403,2586.858939952117,2589.6381131355834,8292.817675166645
2024-10-03 11:00:00,2619.720565959618,2621.974297984311,2612.62807041719,2624.1318780013416,9917.191791147116
2024-10-03 11:15:00,2614.6336457570337,2617.5985497987626,2608.840495897415,2609.658378507424,4146.124763481745
2024-10-03 11:30:00,2608.8137518514077,2613.5937232783103,2604.993930370173,2608.410953802898,5102.067948548108
2024-10-03 11:45:00,2608.642277634946,2616.150471358011,2603.463493186372,2604.2727747738327,3169.8422776116595
2024-10-03 12:00:00,2568.601540163186,2575.547558748737,2565.070621943531,2569.911833378739,3297.8156672423434
2024-10-03 12:15:00,2587.36831646116,2594.2531283367484,2579.900331939301,2582.1894668442974,2155.113930668166
2024-10-03 12:30:00,2611.015071565378,2619.6297458823233,2608.572937986689,2608.993311626805,7481.058719718543
2024-10-03 12:45:00,2629.6832484475262,2631.4083078004637,2619.485075894065,2623.1117243179056,7268.235666379457
2024-10-03 13:00:00,2628.9728959582944,2635.7984689987766,2628.3215879180616,2633.207850020942,5980.102448606487
2024-10-03 13:15:00,2640.120283991197,2641.5915415065047,2631.9364915605465,2638.840987661408,330.58490397030613
2024-10-03 13:30:00,2625.233699177222,2629.813656739032,2620.182975275267,2626.8039264374615,682.6388803354621
2024-10-03 13:45:00,2617.3431336059866,2626.625302317319,2618.551122854181,2618.0362144865394,9171.07390410183
2024-10-03 14:00:00,2643.8388527423076,2647.0028963214227,2638.664058234793,2641.412946245144,4665.579671650655
2024-10-03 14:15:00,2644.757696801435,2655.566414825084,2643.0550835034983,2650.37468794694,5263.563142399101
2024-10-03 14:30:00,2651.7918227095115,2660.6408206734122,2651.8297317411543,2656.35966401057,1156.0093790214735
2024-10-03 14:45:00,2642.5234517894396,2650.5108519020127,2639.1109970746825,2646.888027262583,5556.5457179253535
2024-10-03 15:00:00,2653.761565533759,2661.394287157206,2652.465548511119,2658.614407426442,5055.647357309881
2024-10-03 15:15:00,2655.802184824465,2660.0443555480083,2651.017854793533,2656.6467329660277,2713.967051550525
2024-10-03 15:30:00,2641.938490101479,2647.2440349070102,2636.299458917266,2638.577650172924,7809.221887066683
2024-10-03 15:45:00,2652.9258257048764,2660.2878359313054,2651.401952035402,2656.4833792807676,777.7632577622177
2024-10-03 16:00:00,2674.7072770591535,2683.7603064469617,2669.4096500684454,2671.164666421881,7230.831669773941
2024-10-03 16:15:00,2687.289802778041,2697.4065972792555,2683.3026151285417,2692.177306865803,5648.5086778826735
2024-10-03 16:30:00,2718.6744014427204,2721.8599650224846,2712.1469569546675,2712.096345752832,2801.84275070899
2024-10-03 16:45:00,2730.700018912048,2730.8467274508544,2723.593639851359,2729.884191462385,3883.764947404619
2024-10-03 17:00:00,2729.4137485710025,2734.942971784388,2726.562268684706,2735.6576995390724,9339.027461626516
2024-10-03 17:15:00,2740.190075949217,2742.995083988365,2731.8281173589085,2736.1258807210925,9209.916545588096
2024-10-03 17:30:00,2751.97493382729,2762.7952356417513,2749.7452747177895,2755.716942464458,7386.5027602967175
2024-10-03 17:45:00,2735.5084592892654,2733.3307365514934,2724.1116954075023,2728.5635819435943,6800.799361587284
2024-10-03 18:00:00,2705.2895161839647,2711.355568437317,2700.178929146162,2706.6818505818965,2172.0530473958534
2024-10-03 18:15:00,2710.5156933908756,2719.3106562518296,2709.517191048305,2711.060291631377,4790.217525488366
2024-10-03 18:30:00,2734.4807901907448,2738.373628651897,2732.8453780484315,2735.5840623705462,5583.194183999009
2024-10-03 18:45:00,2721.672350271768,2727.6813940567836,2718.6815458047954,2730.3334957918423,8991.328966286397
2024-10-03 19:00:00,2700.5811098824097,2710.3311906774693,2698.6287101584303,2701.610791015583,9921.237473717583
2024-10-03 19:15:00,2703.601215458208,2710.4449847616947,2701.7838321012955,2707.596291067931,6544.146311876131
2024-10-03 19:30:00,2701.948099163278,2713.0295100992344,2698.5069553866642,2710.270405314188,9003.985560044011
2024-10-03 19:45:00,2688.592556430324,2694.4162941875543,2683.699441877566,2687.0624374089734,6954.595345526345
2024-10-03 20:00:00,2676.424787413324,2675.926368428002,2664.428176501886,2671.391711055685,8276.945817109028
2024-10-03 20:15:00,2678.239338320265,2678.4385473923257,2669.913534347337,2670.5750629871495,8839.510658711353
2024-10-03 20:30:00,2705.9940049823194,2706.5086052478787,2694.7610871476086,2702.0179646875094,5998.0646307656
2024-10-03 20:45:00,2676.5042111612474,2683.7353160664934,2673.823119313837,2677.303629875439,444.0976967802049
2024-10-03 21:00:00,2693.830244312317,2700.110571128667,2692.3891045267846,2701.84835570727,9495.694425480182
2024-10-03 21:15:00,2684.941817076569,2691.9684697930543,2678.8070822110944,2686.912975881916,7029.326387783808
2024-10-03 21:30:00,2683.8950547321006,2690.5683556856866,2684.040419172913,2691.813418277292,1507.264638615796
2024-10-03 21:45:00,2694.147720350716,2702.762982024405,2690.6851296525942,2697.536065527207,1131.1874975947626
2024-10-03 22:00:00,2691.8177031208065,2699.6630629822134,2684.9455074280277,2696.5386290120655,4916.68183961385
2024-10-03 22:15:00,2726.6106555463048,2732.8910783384817,2725.3092224478355,2729.5457415310757,8639.594573118546
2024-10-03 22:30:00,2737.425284476238,2737.22637475376,2729.223442506819,2738.558753912903,5010.165036260611
2024-10-03 22:45:00,2725.660542436967,2729.9229082644424,2722.8507214952733,2724.57370804627,307.21066539350124
2024-10-03 23:00:00,2720.8427085202156,2729.3567575753054,2718.1965546769584,2727.3803232120417,1940.972269855762
2024-10-03 23:15:00,2728.971475564245,2732.205880375062,2722.8124141633675,2734.0538160139836,254.86290898717436
2024-10-03 23:30:00,2705.486855864055,2715.3277925927287,2706.7560667467296,2706.200856278183,5847.580180416883
2024-10-03 23:45:00,2720.8948282844403,2724.792204639817,2714.8992832790173,2726.508655714175,2024.0610640247967
2024-10-04 00:00:00,2728.566197643917,2737.662332585683,2727.0689520938918,2726.567661479905,817.3148876241905
2024-10-04 00:15:00,2726.7360989407016,2729.983149360446,2717.182471522393,2725.5521915888526,8299.384368600946
2024-10-04 00:30:00,2742.0172623733697,2747.6401388476597,2733.622768792692,2741.307035620998,7026.358334541089
2024-10-04 00:45:00,2724.7540260919336,2732.352824510401,2722.9882383712898,2732.1358340417405,5101.122738039764
2024-10-04 01:00:00,2754.9631113963037,2756.1872841423506,2744.9539820273435,2754.0249787324683,8289.380589460889
2024-10-04 01:15:00,2743.2079201535444,2749.665713819541,2736.262612022933,2739.539055289005,5654.737230358362
2024-10-04 01:30:00,2732.612463437441,2739.1971121419942,2725.877427693229,2735.581178048539,129.86851337390303
2024-10-04 01:45:00,2757.1409636411295,2763.570742845155,2753.470724667849,2755.4726633216633,7876.176066317832
2024-10-04 02:00:00,2753.054516161049,2752.4609049147293,2743.642382134481,2750.4481430935157,3707.5972673491788
2024-10-04 02:15:00,2748.191733695012,2755.485867390136,2747.2981983414024,2755.4317405957804,6735.868342058078
2024-10-04 02:30:00,2750.7263205436066,2754.444351602691,2743.6882452971945,2748.9903229108036,256.3064995022495
2024-10-04 02:45:00,2760.5285909509394,2770.327427623636,2757.227871805393,2760.618728346329,7434.250017982204
2024-10-04 03:00:00,2775.9231748490947,2777.1118333430645,2766.719428281714,2771.683513772621,8702.968818027082
2024-10-04 03:15:00,2786.721127968434,2791.259888842858,2780.936701979486,2780.640599341925,4252.51668039219
2024-10-04 03:30:00,2790.75537241889,2792.2141556646216,2780.0750527187042,2782.8914337181445,9086.768518425186
2024-10-04 03:45:00,2795.634756286851,2795.86749403469,2790.219272767847,2794.1655043451087,2669.853899931497
2024-10-04 04:00:00,2815.5507694884604,2817.014102332238,2807.2617890439415,2814.5736137347676,1989.4453609123748
2024-10-04 04:15:00,2820.4904680473937,2823.6808512101284,2816.365754413925,2817.1843930231057,2326.476772938893
2024-10-04 04:30:00,2806.026681628013,2810.085085391853,2799.373396981828,2800.6963252779346,4269.0570563185665
2024-10-04 04:45:00,2794.307089489064,2798.3993943407004,2786.207322063025,2790.618472396808,9121.277763819722
2024-10-04 05:00:00,2819.737289290745,2825.900107475031,2813.8997678194514,2817.6748820217667,2334.497911958389
2024-10-04 05:15:00,2808.659477582967,2817.4005844143535,2809.1538545446674,2813.691028614154,6469.21848942498
2024-10-04 05:30:00,2800.875394203147,2804.2228298221853,2792.2329174273805,2797.1983336176763,8820.858126601699
2024-10-04 05:45:00,2814.955725624624,2816.6273417046687,2811.2529589233395,2812.1558071871905,8178.4595169312815
2024-10-04 06:00:00,2801.5091648862476,2807.31616067163,2800.567368190119,2803.35951119474,2655.217576607327
2024-10-04 06:15:00,2809.0242623402105,2816.9362754044114,2807.206532715923,2811.1817811904193,5113.192636718034
2024-10-04 06:30:00,2834.2460244358444,2835.4436819145785,2826.9224152898696,2828.1571354370512,2121.9916317313664
2024-10-04 06:45:00,2826.2765946210866,2835.1090567831907,2821.904787145353,2830.898565312384,7208.96326367682
2024-10-04 07:00:00,2828.130230555005,2830.804908226473,2816.945640088924,2823.3442234927147,1659.8728092117533
2024-10-04 07:15:00,2847.562029215868,2853.6285973863487,2839.7286484569263,2847.5552716662596,5371.809121604045
2024-10-04 07:30:00,2850.9496892796456,2852.818636964425,2843.284349006402,2844.032469480479,859.1037110270138
2024-10-04 07:45:00,2858.8933778257647,2860.0427336719717,2852.0278782781666,2855.9355579948474,2170.8627987542773
2024-10-04 08:00:00,2848.722352435456,2854.678309064729,2849.0806710070683,2848.7863645445154,667.0948361650715
2024-10-04 08:15:00,2848.4361856222517,2857.29088186513,2845.9302452407424,2851.1128669549366,8717.63335902425
2024-10-04 08:30:00,2838.485439984979,2843.475906179649,2832.8949082210606,2844.0388593314174,3664.82753668189
2024-10-04 08:45:00,2828.776622166296,2831.6525125622115,2817.524329671487,2822.7186094079216,2288.6967246703725
2024-10-04 09:00:00,2821.228385637616,2825.782150025921,2815.6420259915835,2815.773039643251,609.0777287233516
2024-10-04 09:15:00,2787.198328163549,2793.5981009137568,2783.8923761973574,2791.82241601067,2123.170651449302
2024-10-04 09:30:00,2789.2496143467047,2793.3793891336045,2780.5074901785056,2787.6925631108556,5607.099247362054
2024-10-04 09:45:00,2762.3705312803395,2769.9833398190585,2759.5986952287108,2760.953369484279,8746.852003200058
2024-10-04 10:00:00,2757.791260458238,2757.3098419105886,2749.236568435251,2751.2501937455195,448.50964938902973
2024-10-04 10:15:00,2744.3925955969416,2755.5797728556995,2743.830515396003,2747.666349801696,7341.513415877298
2024-10-04 10:30:00,2750.6939339632595,2757.244726916691,2746.0119358029365,2757.9297553802376,5644.21758730526
2024-10-04 10:45:00,2756.7549912261666,2764.0720333046834,2749.898428735529,2754.539376615587,5050.83840824321
2024-10-04 11:00:00,2765.6249834806495,2770.4536057558744,2762.1554968624437,2762.630897661712,3259.105342548084
2024-10-04 11:15:00,2752.161647334811,2754.875393129585,2744.5486831481494,2750.176103558944,8937.228802981686
2024-10-04 11:30:00,2747.226981209761,2754.704760456921,2745.277507138684,2748.3149921838303,6880.253383488096
2024-10-04 11:45:00,2766.9043339797104,2767.938883043611,2761.3338595382384,2764.6277663598353,7828.6693368782835
2024-10-04 12:00:00,2726.9292810528214,2733.424082216742,2723.877302224553,2726.158673238553,3217.6036671062116
2024-10-04 12:15:00,2716.3826606848397,2727.125223778122,2718.024852473171,2721.63382970055,5911.807996224593
2024-10-04 12:30:00,2705.800140193176,2710.9122739223135,2698.9099392857174,2705.8556658920797,1127.755958820683
2024-10-04 12:45:00,2708.957940295825,2708.8996859136455,2697.518595676492,2709.051647116853,2740.078737618439
2024-10-04 13:00:00,2703.2671863128535,2712.039922950081,2701.5681318680454,2708.2808308949475,3202.516878226606
2024-10-04 13:15:00,2712.3786688662076,2716.5628492624296,2706.1529723364665,2708.798924561246,8337.043801856576
2024-10-04 13:30:00,2721.789969633725,2721.0671796728207,2712.6591589389704,2723.275382174669,9084.578402462155
2024-10-04 13:45:00,2685.9458032951725,2696.8441063882938,2685.261899329486,2686.3868895352502,9704.522025826747
2024-10-04 14:00:00,2692.839344777512,2698.471606669558,2691.3414597146766,2699.9992065453557,9619.293683432243
2024-10-04 14:15:00,2670.729159366302,2671.966581333777,2662.306619996834,2669.494967822537,2302.0554222673845
2024-10-04 14:30:00,2703.576495263918,2706.52079464048,2699.4376717161335,2698.721278814319,2849.2451103998014
2024-10-04 14:45:00,2679.176519163903,2679.99338545708,2672.227459545801,2674.4150192278603,4815.891415900315
2024-10-04 15:00:00,2650.8781878049253,2655.6620477504416,2646.411694509699,2650.154621300329,8186.857768788645
2024-10-04 15:15:00,2645.088347275895,2645.6588222314995,2635.6434469556284,2641.653308832383,2126.531094989893
2024-10-04 15:30:00,2645.561503792596,2647.5275609556784,2641.7383265129156,2645.007733007567,7085.607357466072
2024-10-04 15:45:00,2668.2200296804367,2672.5649974406583,2661.19799199815,2668.7344660423623,8693.841258895336
2024-10-04 16:00:00,2664.857321254259,2666.119162538629,2660.2491820163555,2664.449687285446,3968.624355132597
2024-10-04 16:15:00,2682.9243872047387,2685.1882660356036,2676.693195716028,2679.309437741106,1681.0524549822792
2024-10-04 16:30:00,2673.0383204938885,2677.617749657292,2668.5761380761637,2669.0986270494222,6104.004717116302
2024-10-04 16:45:00,2663.158021626782,2666.039333121495,2655.343500989396,2660.2379143536255,4939.200853473195
2024-10-04 17:00:00,2666.0502676928427,2673.0750988173845,2659.3127586048713,2666.4258820251243,9370.387184922076
2024-10-04 17:15:00,2650.0208375174598,2653.807488841467,2643.79203043412,2647.1231071861157,3596.792867516582
2024-10-04 17:30:00,2659.9317867955824,2668.858756362474,2655.547017428937,2656.2446163882064,3460.5508506977135
2024-10-04 17:45:00,2671.408573443965,2679.731044009442,2666.891920936387,2671.452001399431,3389.942095251722
2024-10-04 18:00:00,2654.9686345038835,2666.281270156985,2652.288523019882,2656.5795595580776,386.152075991766
2024-10-04 18:15:00,2665.063097578545,2671.5634338562522,2659.0580345319704,2661.50619946866,3640.3788427041904
2024-10-04 18:30:00,2667.5288793646637,2673.9966746364253,2663.440552795791,2670.910693696886,8527.218717585472
2024-10-04 18:45:00,2688.9656888729714,2695.3389434263213,2683.2359466228995,2683.987475008807,7037.9671921507925
2024-10-04 19:00:00,2689.2195467930264,2697.098457650525,2686.696456488463,2689.502590880667,8644.696587953316
2024-10-04 19:15:00,2674.094273079937,2678.0071895821,2668.5302708006516,2670.3376945346945,389.6564907642979
2024-10-04 19:30:00,2675.168609535197,2679.5782779779297,2668.224291230106,2672.693230312614,466.58474345411923
2024-10-04 19:45:00,2677.3765640806005,2676.160600110364,2666.173628457984,2674.32166772127,1567.4721950957319
2024-10-04 20:00:00,2685.8122012272866,2692.766141848049,2681.0038526184,2688.1126220219717,6106.807631448883
2024-10-04 20:15:00,2675.0777964561,2676.2749881735017,2670.8004067985685,2678.6074703333884,3234.390879441495
2024-10-04 20:30:00,2661.417363576541,2666.4965245274384,2652.516316124877,2653.8990234999787,4739.7352095804545
2024-10-04 20:45:00,2679.910665943142,2678.9813242443547,2671.125846877778,2673.482657688753,9514.001389420135
2024-10-04 21:00:00,2685.572831045666,2686.6053218887996,2679.860598035302,2680.660554652382,2697.584346243876
2024-10-04 21:15:00,2693.8236221107745,2698.2219705055236,2687.9973479220653,2690.1835814189863,9614.824500344963
2024-10-04 21:30:00,2702.4541229630427,2708.479979428852,2697.84358478881,2698.8200745918216,3160.350031249952
2024-10-04 21:45:00,2724.965972889394,2725.4680022292405,2718.3585568235867,2724.366642430461,3186.1812080479162
2024-10-04 22:00:00,2727.8093887832015,2727.1196933789097,2717.075005953355,2724.925901474979,6734.323588825136
2024-10-04 22:15:00,2735.9734385782417,2738.7495133175125,2725.2243045525993,2731.8273649503217,6730.03015494338
2024-10-04 22:30:00,2722.9083835700717,2723.8369177101094,2714.4524680343065,2717.63277682497,5962.3399040391505
2024-10-04 22:45:00,2716.24973155527,2725.547740288382,2710.296830985978,2720.7949023373003,5426.383894619532
2024-10-04 23:00:00,2722.1119704473695,2728.7998431934775,2717.25167494004,2721.773278150613,3856.7164492894026
2024-10-04 23:15:00,2704.7876987466734,2713.4548871474512,2706.185591574287,2707.502649096097,492.3126722400044
2024-10-04 23:30:00,2712.639863768482,2720.846319622257,2706.7867562909196,2719.178998388274,6828.872051927532
2024-10-04 23:45:00,2726.3735334809103,2734.1813764111557,2725.674822990963,2724.989029119338,4137.667839047874
2024-10-05 00:00:00,2744.499763967014,2747.4071009575887,2737.6273549513135,2743.798108824823,6884.224567959489
2024-10-05 00:15:00,2754.865318964032,2759.610736557614,2747.980807503143,2754.3042861519607,4747.73040465909
2024-10-05 00:30:00,2733.09439905518,2735.982197489497,2726.2176079886226,2733.6801357521617,3052.565097397051
2024-10-05 00:45:00,2759.9129652286874,2760.108513471118,2747.796894049998,2750.930237499363,1506.8380389070671
2024-10-05 01:00:00,2756.6910399918343,2758.0869247157775,2746.7387702965393,2751.9010886750825,6594.5123957841715
2024-10-05 01:15:00,2742.8290135144803,2744.7516067952906,2735.4664974860143,2742.3648692273205,982.6026885255415
2024-10-05 01:30:00,2741.313271824319,2741.54552610572,2732.8523998442183,2735.3435105459425,8851.61730643338
2024-10-05 01:45:00,2746.080341798504,2747.5365900251595,2738.748592573099,2741.8690569492333,5202.147364085627
2024-10-05 02:00:00,2720.1327759015167,2726.434414421752,2717.164761376196,2721.786253804821,4899.4350809651405
2024-10-05 02:15:00,2721.969299530178,2729.4535819246635,2719.9263173262348,2729.8444469038554,2644.043367220415
2024-10-05 02:30:00,2718.3186003780143,2718.870766128669,2713.165737429655,2720.106321105431,6886.057161883225
2024-10-05 02:45:00,2701.8203944523525,2712.4505365251666,2698.4294953483354,2705.7814550224316,8926.564725191058
2024-10-05 03:00:00,2690.4825761450797,2694.3228945605947,2683.826464937458,2686.9540325192656,9534.890950726129
2024-10-05 03:15:00,2692.1049084167335,2703.498762763823,2691.6656700666704,2698.8814950592628,9288.357586421553
2024-10-05 03:30:00,2692.759521320391,2698.6674646273364,2688.520000973619,2687.9072959758087,469.19132399809206
2024-10-05 03:45:00,2684.070660185251,2691.5332213822417,2684.6710894942175,2687.268252911963,5620.395251656068
2024-10-05 04:00:00,2715.3984711183716,2719.1851620981743,2706.116219512496,2718.077229593041,5307.404572113495
2024-10-05 04:15:00,2706.4671633271973,2712.389999004427,2702.280098999426,2701.6685221236185,2902.9347633862994
2024-10-05 04:30:00,2674.874252454881,2675.420694126391,2667.1500704108753,2667.6247200693006,9322.985085142705
2024-10-05 04:45:00,2665.083269469122,2664.495748974903,2655.70738433224,2665.255124142866,9168.346646766067
2024-10-05 05:00:00,2666.4533197170176,2668.4177452776903,2660.748124570626,2670.3620133824234,2074.2267985135836
2024-10-05 05:15:00,2677.068929054179,2678.362073830885,2670.0763375589304,2675.9267454356645,2091.6106152013454
2024-10-05 05:30:00,2670.0028182999754,2677.809594136648,2671.28131656247,2672.4484090747674,8077.225669336062
2024-10-05 05:45:00,2684.2910682891034,2691.3944280763358,2678.098817309041,2685.3629929200306,6077.092947173312
2024-10-05 06:00:00,2696.274044212206,2700.3657510299277,2690.214196396049,2691.3047080549,6153.662663147351
2024-10-05 06:15:00,2690.731741660186,2689.388775791249,2680.1120645544456,2690.4613314692533,3770.675247896265
2024-10-05 06:30:00,2688.3462898920834,2693.127227180064,2682.1757318104055,2685.3792582395017,9170.351280767043
2024-10-05 06:45:00,2698.6846861241647,2704.4105366448343,2693.9118227759645,2694.1403741945687,3123.0861773014867
2024-10-05 07:00:00,2713.56445866609,2711.1935587498074,2703.7613535657006,2705.174294329131,2567.4379824198913
2024-10-05 07:15:00,2685.615363720756,2695.9198052854813,2684.794743891752,2689.310287486752,8733.423314708614
2024-10-05 07:30:00,2696.522392830556,2702.5181319639228,2688.7147128089223,2692.9238950893136,6004.147875463061
2024-10-05 07:45:00,2700.6107479031116,2702.3827645211763,2691.4939149425563,2697.1469556538214,500.85971932539286
2024-10-05 08:00:00,2692.005057618926,2692.5160077621044,2681.845866580943,2694.346947610684,1247.9148792934943
2024-10-05 08:15:00,2674.880127269227,2685.682300633035,2672.9404401537035,2679.9209323438217,4113.847651985091
2024-10-05 08:30:00,2677.5591829638934,2679.8287349603434,2672.5856085700166,2680.9284198235496,738.0997399825575
2024-10-05 08:45:00,2698.8399953362,2699.5128390981213,2688.7633323575415,2691.179760358149,3568.4313724064828
2024-10-05 09:00:00,2684.150100732264,2688.474326311175,2681.110122406016,2683.2696774820874,4230.459595621245
2024-10-05 09:15:00,2714.141262674474,2717.2987572638895,2706.159944233889,2705.543769737548,8242.557692926532
2024-10-05 09:30:00,2704.3219627616595,2708.9084130451706,2697.7334648368987,2704.952963828688,3331.3552246797844
2024-10-05 09:45:00,2694.015901644944,2697.461595637704,2684.149705540562,2694.528009904755,4792.538004004467
2024-10-05 10:00:00,2690.2776051529004,2694.563467626587,2685.200428958726,2686.951048657037,1029.5561645577177
2024-10-05 10:15:00,2711.208658850605,2718.7197260716134,2707.0831664402235,2716.548595089607,5373.762787435378
2024-10-05 10:30:00,2714.078402839202,2721.705809872843,2711.7656947145842,2722.2457573867973,5382.8853820451295
2024-10-05 10:45:00,2704.858438688183,2709.100890954411,2697.752240135108,2701.6429024251215,4466.516691864318
2024-10-05 11:00:00,2701.9468058105413,2709.104428234164,2699.6770312234135,2702.867063732487,7801.642324378657
2024-10-05 11:15:00,2717.360150042031,2723.7391207872874,2714.333818996813,2718.267726689907,8051.18067942807
2024-10-05 11:30:00,2722.0871701487545,2729.5046060393174,2717.280330185629,2726.3890787184614,5590.554915686203
2024-10-05 11:45:00,2705.752787991667,2714.6035032540017,2708.2644618792747,2707.8063181793714,8123.074915561877
2024-10-05 12:00:00,2717.4903493357497,2726.4744524974117,2716.0965560542627,2721.9980499232634,7424.844425486961
2024-10-05 12:15:00,2738.37135282023,2740.1419091934968,2733.0916736910326,2736.010288653579,2708.5061357413215
2024-10-05 12:30:00,2727.514516882148,2734.0010318685077,2721.7893404042597,2731.7015941430063,8349.505326107032
2024-10-05 12:45:00,2717.0667283083767,2720.188278755886,2709.72410097314,2718.927368100036,3302.0800732511093
2024-10-05 13:00:00,2679.8692173623012,2686.2374629093733,2671.7856746803327,2682.3831920956404,3990.4223040429774
2024-10-05 13:15:00,2682.499327356845,2688.418202409826,2674.4850530305785,2677.9381802829234,169.19510441133235
2024-10-05 13:30:00,2695.602039823821,2704.575790196923,2694.202653299126,2699.910382225381,6729.239782453146
2024-10-05 13:45:00,2702.8831922417885,2704.743186843742,2695.2352778799877,2694.6777018534403,1993.9591363049112
2024-10-05 14:00:00,2715.2215905102626,2723.1737013116467,2712.3024047999397,2713.260674983618,8304.04183097213
2024-10-05 14:15:00,2732.4089228838366,2735.171251114993,2723.370249890952,2732.577941940374,4123.954753173128
2024-10-05 14:30:00,2726.9992148379765,2731.2310136264764,2719.8054356861767,2724.7776082343585,3514.0958298325713
2024-10-05 14:45:00,2720.263409375601,2729.727068469342,2721.8550588430735,2727.217003483871,7366.267573034533
2024-10-05 15:00:00,2731.6171234557296,2735.3110678656167,2722.531248049531,2728.947840322854,5589.92015028975
2024-10-05 15:15:00,2718.3281124091914,2722.5424976871195,2715.865937814313,2721.800453093056,2945.0461177662323
2024-10-05 15:30:00,2708.6812827808053,2717.7172154452874,2707.0733680599124,2713.6065022649645,6237.646838145581
2024-10-05 15:45:00,2733.809938354183,2742.4577366118997,2727.3878770695205,2732.583565471336,817.4107989325407
2024-10-05 16:00:00,2729.0889510004918,2731.5635887739195,2724.5329847470084,2730.009057340265,825.8621125542589
2024-10-05 16:15:00,2735.4169676760075,2746.5915213230464,2735.042770995215,2741.272216101791,3222.747193225828
2024-10-05 16:30:00,2713.3245464815586,2717.615062782905,2706.840976514853,2710.4077505901555,9929.180981271842
2024-10-05 16:45:00,2723.4563741518696,2731.0217068271586,2719.094269009396,2726.5911553957176,6352.840380197954
2024-10-05 17:00:00,2722.3138023397582,2726.2587530555884,2720.1461382890548,2719.7060503945154,9718.878791840354
2024-10-05 17:15:00,2745.197872122392,2746.608985591226,2736.9567321136706,2746.420647763508,5927.898673967442
2024-10-05 17:30:00,2732.4055892046317,2736.4687141366403,2724.771428558297,2731.8934819175442,7662.087987054228
2024-10-05 17:45:00,2743.507004396341,2749.925499029153,2741.5560505215813,2750.038928275447,5741.671200171742
2024-10-05 18:00:00,2775.847673621644,2776.230223014325,2767.05869229238,2767.2268702085,6106.035948878951
2024-10-05 18:15:00,2783.744006797586,2790.368056521438,2778.1835215574197,2784.576397309193,3584.8796365270828
2024-10-05 18:30:00,2795.430587019142,2805.6011861398356,2794.9188950528605,2797.9197517183125,9161.907274432737
2024-10-05 18:45:00,2750.686086280336,2758.757278848694,2752.536974574437,2753.0052015202514,4836.3706620614985
2024-10-05 19:00:00,2766.609265911277,2771.886762540259,2763.7708409197708,2764.742482359178,3009.9992917546515
2024-10-05 19:15:00,2776.8836787915566,2779.892786935331,2772.556413472491,2780.9321473714062,870.7112585380399
2024-10-05 19:30:00,2791.694747501468,2796.801148045497,2791.0577912245494,2792.621889482981,1050.358574220042
2024-10-05 19:45:00,2815.4244120050744,2821.0904262185986,2805.709490327015,2811.6188383819403,4235.6682945413095
2024-10-05 20:00:00,2800.67350608882,2804.5855633264,2793.854236406411,2797.4104756770976,6963.812014597537
2024-10-05 20:15:00,2797.7988915228884,2804.3841021208827,2792.9179888051804,2801.5549237105556,9347.734651641467
2024-10-05 20:30:00,2806.6315229124316,2810.3735704529477,2797.6370792390912,2798.0403216330997,2909.682075606315
2024-10-05 20:45:00,2817.297105167963,2823.283651297096,2812.188884397694,2811.050476140219,6332.465821915725
2024-10-05 21:00:00,2821.456405274283,2827.9680406918806,2821.3399452122358,2820.2964842877964,7871.799781675721
2024-10-05 21:15:00,2821.1364882902253,2830.03946517981,2818.914476129356,2820.921074354049,366.95493714923316
2024-10-05 21:30:00,2792.4979459064552,2798.392980958286,2790.6682481554217,2792.998957710689,9754.359646969962
2024-10-05 21:45:00,2780.205314092397,2787.6072437847884,2781.6746161418523,2788.8232908971095,539.9567427472343
2024-10-05 22:00:00,2773.6336250955073,2783.70032035285,2771.9996345547033,2779.3658368936153,5708.405951724793
2024-10-05 22:15:00,2755.658403630084,2765.7220192616737,2750.783407818111,2759.9203630839,7710.575447024046
2024-10-05 22:30:00,2768.8837635386094,2772.444178923535,2766.4628344394973,2772.2319964570693,2575.7067446513815
2024-10-05 22:45:00,2773.889871394897,2782.1474516232215,2769.018033998687,2779.473760277317,7426.502809703572
2024-10-05 23:00:00,2727.5992406452533,2736.3115898375017,2723.7653390607143,2730.373459488223,3026.3872181442707
2024-10-05 23:15:00,2708.883537075891,2718.8046419461593,2705.8086286025646,2710.918569229131,985.8452416539055
2024-10-05 23:30:00,2721.172756052518,2729.1388731048705,2722.105649202509,2724.144692218473,3249.2528123200127
2024-10-05 23:45:00,2723.1515631271723,2725.917661860177,2718.4148794880016,2720.303800540645,6744.387984911258
2024-10-06 00:00:00,2717.3859317198903,2721.734357572539,2706.41532379471,2712.547129963003,2147.9970589071577
2024-10-06 00:15:00,2728.5335223053835,2740.456935443836,2726.6956973481083,2731.3701995259644,6868.68997363635
2024-10-06 00:30:00,2720.3653400730864,2723.8245798366042,2710.298889826975,2719.6468739477828,9976.290456306315
2024-10-06 00:45:00,2706.6651281798413,2716.1583769663816,2705.253261483258,2712.794482841972,2190.086133881744
2024-10-06 01:00:00,2703.64808947972,2711.9424525776117,2697.488553726231,2703.248981432431,7315.430838666059
2024-10-06 01:15:00,2706.209398881554,2710.88989752754,2699.546018329001,2708.0821813731445,2212.3821712606773
2024-10-06 01:30:00,2719.509919309445,2722.0466831855806,2712.6961081257264,2717.3755430949864,5900.75185086659
2024-10-06 01:45:00,2751.211499746342,2749.9348973474825,2740.335328695332,2748.437552103924,9514.614916651439
2024-10-06 02:00:00,2725.2498390648675,2734.3820082712973,2726.8636709387633,2733.7876373940394,8799.548706341755
2024-10-06 02:15:00,2741.090493757487,2750.569713018321,2740.6053876905803,2747.8678458641166,3772.420551617571
2024-10-06 02:30:00,2771.6052619843813,2773.9126621707624,2763.3041066365586,2770.1970862004528,6529.341862024836
2024-10-06 02:45:00,2768.1263486939824,2771.983624231721,2764.6545586438638,2773.027627309639,1569.624561433329
2024-10-06 03:00:00,2776.914105488908,2777.7184325312915,2767.3826022883736,2777.2136829122173,3485.048806239798
2024-10-06 03:15:00,2792.509677487411,2800.2377394916443,2790.412533651978,2793.7414998063377,644.309842247625
2024-10-06 03:30:00,2799.022895485201,2806.2805253645856,2794.0321642319377,2795.716938232103,1809.3790853359617
2024-10-06 03:45:00,2813.1568265631495,2817.728087518902,2806.375859532815,2810.5065146910338,2253.4233380847586
2024-10-06 04:00:00,2800.8620790041655,2803.187095943969,2789.6674056766406,2795.247248150105,3582.0854555677884
2024-10-06 04:15:00,2797.4029088870248,2796.9373661119116,2786.451274890151,2793.3897888670544,7161.7970871215375
2024-10-06 04:30:00,2788.085308521256,2793.544043514839,2783.796240184028,2794.240611918828,6102.575545345762
2024-10-06 04:45:00,2791.97807795237,2799.1440237886122,2792.2639499838056,2791.635260799385,8722.884431148816
2024-10-06 05:00:00,2795.7390744922754,2802.1954900330757,2796.59525933916,2801.682852246214,1824.84258750838
2024-10-06 05:15:00,2812.474184137745,2813.656455519837,2804.954690762021,2810.8734059627877,1988.794355448386
2024-10-06 05:30:00,2803.6954844707657,2808.0930503476093,2797.8299720446034,2796.6727992590804,8190.071181797616
2024-10-06 05:45:00,2838.5679662961857,2837.1198424716736,2827.355299653722,2835.6069440500487,9594.509484109298
2024-10-06 06:00:00,2824.5131872437637,2828.5999945028407,2820.8402411757856,2820.8990391428906,8850.655341627138
2024-10-06 06:15:00,2839.5342201970793,2838.9944861780855,2829.4488804098337,2837.8213135490714,1952.9622039627047
2024-10-06 06:30:00,2839.449008605134,2843.3616656366567,2837.3047301122424,2837.232506891497,9572.331670204145
2024-10-06 06:45:00,2823.9097118063664,2830.8945491931368,2825.805462600014,2829.6699194520374,7246.788027486989
2024-10-06 07:00:00,2805.88355575461,2809.0650520286995,2799.417296280915,2801.4694668310995,3404.678375003296
2024-10-06 07:15:00,2801.8488721241424,2802.365232729549,2796.236874291323,2798.5951078406356,1784.1715551869204
2024-10-06 07:30:00,2795.756480492827,2805.8389775770443,2792.2852459196174,2799.013552431314,6925.5779257502345
2024-10-06 07:45:00,2768.57321277768,2778.539873916026,2763.9877507234523,2775.8327578893254,5816.168616164211
2024-10-06 08:00:00,2780.8570188077874,2783.9757664968897,2769.0467051758924,2775.0212685093757,9582.616829023556
2024-10-06 08:15:00,2806.6995768184797,2809.533058071326,2801.9272365031406,2802.11123460131,3877.9223122023086
2024-10-06 08:30:00,2815.5734562929174,2820.712614456076,2812.5250016346204,2814.817426694944,9227.862498498309
2024-10-06 08:45:00,2828.6696664854944,2835.486203903396,2826.9514855299626,2827.6379115579466,9412.010056008321
2024-10-06 09:00:00,2819.5853288524204,2821.1343340599433,2812.478232167609,2817.4718504018088,3442.27562774706
2024-10-06 09:15:00,2803.989547464022,2806.3187101899307,2798.809515496858,2799.0128089479117,4491.582663983499
2024-10-06 09:30:00,2797.7453057131966,2805.3767391822066,2796.3914862875645,2796.9248892513147,3695.5864856101307
2024-10-06 09:45:00,2802.6137892057463,2803.8717645528977,2796.712222706389,2806.2285921933535,669.3695054466706
2024-10-06 10:00:00,2809.0164360231943,2813.8134792589285,2800.4426110458157,2804.394298128967,9125.84947912936
2024-10-06 10:15:00,2827.0004866593636,2835.9097805911297,2823.734971319883,2833.014968421011,1791.9038292982475
2024-10-06 10:30:00,2821.8482080409535,2831.390175333084,2819.002391224873,2826.308444068758,8971.817553565403
2024-10-06 10:45:00,2834.3881360026726,2841.3825623185076,2831.083673514914,2829.9734412148905,5084.726386062882
2024-10-06 11:00:00,2841.329707296239,2845.4976050216465,2833.0000690984343,2836.6738448959377,9838.206067043317
2024-10-06 11:15:00,2851.8244888861113,2858.797536090527,2845.8806203038744,2856.2267551846808,2255.0394759892874
2024-10-06 11:30:00,2865.5773282251853,2864.2190061463025,2854.5405874401677,2856.8221465016263,5564.761448678791
2024-10-06 11:45:00,2846.4031820588752,2851.654992949518,2839.73582115433,2843.9236990903664,6641.499474401362
2024-10-06 12:00:00,2872.6905313632424,2873.6557905980467,2865.1607774035447,2873.3843270072753,5607.092770094606
2024-10-06 12:15:00,2838.7174383697934,2841.9618166241075,2834.2225954031896,2842.398712082706,833.2761466801671
2024-10-06 12:30:00,2844.2459439911936,2853.5353946830896,2845.6572487551757,2844.3256009747656,1891.1333865278561
2024-10-06 12:45:00,2835.7434170753586,2837.1867151519637,2828.8420343349076,2829.813762681073,6219.363718585454
2024-10-06 13:00:00,2837.488291691754,2839.756662901126,2829.6942959440285,2831.685489776966,6051.368177193932
2024-10-06 13:15:00,2834.4784888499025,2839.3527665408697,2824.579144464745,2826.810955188164,1708.2209910730983
2024-10-06 13:30:00,2817.8872830708574,2828.067743168329,2816.6896776517315,2826.603772808229,1786.23936068615
2024-10-06 13:45:00,2813.3944770032545,2819.3049623547895,2809.20437688071,2819.198341352128,7385.942726580941
2024-10-06 14:00:00,2846.8765644426353,2844.517691780215,2836.3244266048396,2837.7445643074852,9636.62995717136
2024-10-06 14:15:00,2864.318823294353,2865.01149213102,2858.752403053094,2865.8584712954616,8196.207527937786
2024-10-06 14:30:00,2852.3284668854726,2859.666384739565,2848.7322855259267,2853.67302727581,7487.902721870673
2024-10-06 14:45:00,2858.6354300393905,2862.247463956575,2849.966872765608,2853.0628131071735,2423.344006916116
2024-10-06 15:00:00,2834.7914609880354,2842.7019088863804,2834.5815682013276,2841.319531299165,781.6046616721676
2024-10-06 15:15:00,2828.062073141058,2834.8320263598994,2827.849157729171,2827.897136946954,1102.6458872216535
2024-10-06 15:30:00,2841.2783855497296,2846.281779442332,2839.0601639778847,2843.5502909145634,3484.5790161141026
2024-10-06 15:45:00,2820.5500294918265,2823.5951435194597,2807.83914565708,2812.374318078154,9677.856705331256
2024-10-06 16:00:00,2833.7097958242366,2838.7836632679187,2831.8583035362603,2831.8579802829054,1262.1483992341869
2024-10-06 16:15:00,2851.566462528553,2851.344534933025,2843.4488054589456,2850.2884407475326,2287.779108996901
2024-10-06 16:30:00,2830.0476268968273,2834.8080056725794,2822.912470949729,2830.5339907769126,1343.7782784569501
2024-10-06 16:45:00,2824.525598463666,2827.8867767956335,2817.8978307388206,2821.189263296553,6520.522209133804
2024-10-06 17:00:00,2790.234534801372,2797.4385543764574,2789.313945478108,2790.5087202063805,4517.326152524087
2024-10-06 17:15:00,2767.736221302583,2766.7692412544675,2758.47172694577,2765.8048147991744,6789.134472577765
2024-10-06 17:30:00,2750.702073173182,2755.673416118167,2745.679965938342,2754.837724483615,4408.148137631646
2024-10-06 17:45:00,2750.8449646043855,2751.889182014994,2740.5415380849895,2748.730166945292,3394.5128272902293
2024-10-06 18:00:00,2753.471898651577,2755.229055822941,2746.192225221338,2750.7210488641067,3929.605408691545
2024-10-06 18:15:00,2739.004999975156,2740.173954319251,2731.8470866693556,2737.3926055479446,4859.050120379493
2024-10-06 18:30:00,2775.049390825781,2780.134740601792,2770.951243903658,2774.9839021051375,5801.804613718526
2024-10-06 18:45:00,2744.846816476584,2750.276446325001,2741.267660077548,2750.503356229356,3669.104828089741
2024-10-06 19:00:00,2743.3093633227813,2745.248283261492,2734.000194508278,2741.9551455675223,5602.6228614247475
2024-10-06 19:15:00,2751.9129586478857,2760.3923992709533,2750.004066878489,2751.991571007569,1186.8930256220485
2024-10-06 19:30:00,2744.836321061559,2751.115239814176,2743.1869976716102,2743.193595123595,1984.0622303684606
2024-10-06 19:45:00,2759.395024121783,2762.6305234368174,2751.8765095579142,2762.4891584218344,4750.855838610573
2024-10-06 20:00:00,2765.513315686661,2768.829272647306,2763.615929470574,2763.7409608274606,1022.8222538574428
2024-10-06 20:15:00,2775.8869014432803,2776.097356106576,2764.2758541249846,2767.9287262612993,7907.014961216558
2024-10-06 20:30:00,2763.4852288790844,2770.1649515657023,2764.8523891181326,2769.8179440023214,4216.3340733677705
2024-10-06 20:45:00,2752.4179863069508,2761.693407142122,2752.302745678112,2760.9800205605407,227.0715409302545
2024-10-06 21:00:00,2791.140465938842,2794.054634836317,2784.236410172697,2786.765088795075,4471.325644877771
2024-10-06 21:15:00,2774.3553861521405,2779.1934129173956,2764.185284966113,2768.213457580992,4332.260964625428
2024-10-06 21:30:00,2764.3114407075414,2771.560739015296,2760.1024599506486,2771.4631007853354,8326.00064705662
2024-10-06 21:45:00,2764.0943936020835,2771.0767411235865,2765.962798343872,2763.1031882273405,6501.468956058809
2024-10-06 22:00:00,2763.8502578885577,2770.965603777579,2758.4629761805054,2763.9608074731905,5246.1165354951
2024-10-06 22:15:00,2759.9124021083867,2764.303563186527,2755.6285187005737,2763.157437024059,4844.32991463443
2024-10-06 22:30:00,2760.0845288502055,2765.326401113336,2753.5876963807973,2759.651251368169,1521.8313794975204
2024-10-06 22:45:00,2750.7942160505277,2752.1728860359276,2744.005399613767,2749.5270366394147,1840.5126896970905
2024-10-06 23:00:00,2744.4771581882687,2753.4739047189064,2743.404074066724,2749.1553954984392,8885.653941324557
2024-10-06 23:15:00,2730.15150021687,2736.489407205784,2724.384702273932,2732.797654787082,2537.6058816671966
2024-10-06 23:30:00,2717.6505055417315,2723.8271615685744,2714.4987800442213,2722.166113263002,7139.640378278582
2024-10-06 23:45:00,2712.6893506272795,2711.2847787666014,2700.406616834491,2708.3170609279314,9192.291505505938
2024-10-07 00:00:00,2717.339211218254,2727.7138804338188,2714.674732489913,2722.865786285424,4363.870572860308
2024-10-07 00:15:00,2748.115864244913,2752.77169815886,2745.001184391315,2748.24936145088,2250.8272769059636
2024-10-07 00:30:00,2741.357609405101,2751.0305008714768,2737.8765704131797,2741.4751813907724,3750.2209710445004
2024-10-07 00:45:00,2751.7305422174745,2752.8243005355725,2744.250261201262,2748.8181756463964,2659.447920719998
2024-10-07 01:00:00,2785.468987433556,2788.9514126998056,2781.0891556569195,2779.3099431693613,1727.8486934429125
2024-10-07 01:15:00,2791.42752713401,2796.693024447241,2781.780611927367,2787.6096682665607,7442.243649605966
2024-10-07 01:30:00,2790.717604214117,2798.5737292506774,2787.589291000929,2789.6811855602764,591.6744773577967
2024-10-07 01:45:00,2808.672367420333,2811.4111850180366,2800.711970766317,2802.3103168281145,5786.481709204637
2024-10-07 02:00:00,2809.3269441084053,2818.931172211335,2809.2657238153492,2812.5146710272284,983.6739678364459
2024-10-07 02:15:00,2828.5401547208758,2835.5224630733446,2829.0285978580573,2833.8913725087327,7233.632824649179
2024-10-07 02:30:00,2819.2170732210075,2830.271016669747,2820.50948882634,2824.227088978019,5807.569382147036
2024-10-07 02:45:00,2808.1651685954694,2817.727713147421,2804.2863376665064,2806.7540034679378,773.0072000337884
2024-10-07 03:00:00,2822.2323837164477,2833.2253272175226,2818.576259762375,2822.632900293383,3812.147217545084
2024-10-07 03:15:00,2827.863299249813,2825.997257028562,2820.561527547061,2821.965038395473,4155.719847432505
2024-10-07 03:30:00,2793.0359565745325,2793.305533328974,2786.022647071849,2790.7320197900403,2038.2836454699016
2024-10-07 03:45:00,2798.3770752707105,2803.7152075522968,2793.548228193,2802.9244861267944,8526.728975643828
2024-10-07 04:00:00,2784.7568562497977,2788.0923416713927,2779.0491340815997,2781.800267950766,3966.3469121331464
2024-10-07 04:15:00,2777.9149808842426,2785.949258374544,2774.054095121676,2778.570146320006,8467.5248587549
2024-10-07 04:30:00,2757.9862755648883,2766.7581104980027,2757.8141216261342,2766.874248886263,7721.963032855645
2024-10-07 04:45:00,2749.2573804097233,2757.143088951915,2747.8421791181777,2754.351488355528,2994.7846663241244
2024-10-07 05:00:00,2757.6590514017244,2766.11327943237,2750.982991774935,2753.6364200520597,8333.298233459513
2024-10-07 05:15:00,2737.9301915638825,2749.7341295470055,2735.6497904988055,2741.8796096530386,8256.025360474174
2024-10-07 05:30:00,2742.165384129591,2749.063995881339,2735.412253853537,2739.0530843206775,2472.340252714349
2024-10-07 05:45:00,2726.0349576215854,2733.1650981570315,2722.3303758567276,2727.6574215845353,4696.41162413333
2024-10-07 06:00:00,2738.7591527646,2744.6807877604433,2733.2369096274706,2737.6403294002484,8158.432209412875
2024-10-07 06:15:00,2717.6096823248536,2719.999472868838,2710.4358210389005,2716.956715885661,7406.062200532267
2024-10-07 06:30:00,2721.4575064542955,2724.2478291372004,2715.055063115976,2725.0137562113164,1842.418511292595
2024-10-07 06:45:00,2722.217328280039,2731.996035098675,2719.0540728187834,2731.304084049713,7711.038566065619
2024-10-07 07:00:00,2728.9180437313776,2734.7607328822105,2727.033438519912,2730.799761083457,5348.280257838073
2024-10-07 07:15:00,2725.833739115451,2725.142265161705,2716.52167778079,2724.607320634505,4790.98650966348
2024-10-07 07:30:00,2721.830471390971,2729.471111989776,2717.796833050031,2722.028754578037,1740.1575247049905
2024-10-07 07:45:00,2692.2653704389204,2694.529813891849,2682.5040788546153,2686.8397858015765,1742.8149643706618
2024-10-07 08:00:00,2679.507964331917,2681.737195393865,2672.1713425718635,2681.9169234795286,7036.677148427751
2024-10-07 08:15:00,2685.5976156156753,2694.341184291077,2686.3215917542093,2691.973950936656,8984.416384691589
2024-10-07 08:30:00,2722.0592927078033,2724.5713699814387,2718.9718607512214,2724.2690299317696,4796.183585259132
2024-10-07 08:45:00,2735.8757155933054,2736.4837855862284,2731.7842565417395,2735.612842408926,1253.177244762219
2024-10-07 09:00:00,2721.031466535768,2727.7590545156713,2719.1349256132316,2718.824776290796,6712.615218538036
2024-10-07 09:15:00,2709.273808101384,2713.5581349258223,2706.7799203024597,2713.5181584260768,3784.8745865151795
2024-10-07 09:30:00,2728.560998668402,2733.0716641150652,2722.319499260672,2725.034824330599,8847.360416772222
2024-10-07 09:45:00,2719.1104683041863,2725.1738995415017,2718.4626620596846,2722.934909594052,1251.8373620676466
2024-10-07 10:00:00,2713.4291453375454,2722.213144291701,2712.4033065574417,2714.968256856945,3504.0970738873466
2024-10-07 10:15:00,2720.248335576951,2723.6655673060577,2713.173500804347,2715.957289310041,6494.946491907536
2024-10-07 10:30:00,2724.232009864874,2731.630815559246,2720.4343309664628,2727.7148249350785,8629.429259812725
2024-10-07 10:45:00,2723.8162312431054,2730.4308526960863,2722.108852221597,2722.8221746563213,658.7243690520844
2024-10-07 11:00:00,2725.068946385097,2728.5529167136,2721.092429891371,2719.752360529748,7625.348698099638
2024-10-07 11:15:00,2721.806810363937,2731.094098523792,2718.5800149555716,2719.664750021907,7754.728586919808
2024-10-07 11:30:00,2695.629907934673,2700.2563803173152,2690.250182913823,2693.964256097067,3918.236580605021
2024-10-07 11:45:00,2680.937563664318,2681.8482414797277,2668.991907017449,2672.6113203003197,590.468904395123
2024-10-07 12:00:00,2704.9172214680193,2708.335716752919,2697.580266044488,2699.2203984368152,1123.6727309782705
2024-10-07 12:15:00,2707.5854719175104,2710.284902187616,2699.596302027134,2707.929887473665,4744.623057220744
2024-10-07 12:30:00,2701.659934715838,2711.450255753297,2701.3737354850523,2705.3994046117073,4800.096589470193
2024-10-07 12:45:00,2684.7116311722652,2691.4447401573266,2681.406389137414,2684.1945470842925,4727.667353142518
2024-10-07 13:00:00,2727.966509016692,2728.840648671202,2720.079927940529,2725.890431788984,4815.416218358331
2024-10-07 13:15:00,2718.7047212363923,2723.538238185899,2709.911879637097,2716.0592340147405,7804.858501985843
2024-10-07 13:30:00,2716.4368921675,2719.471826541824,2710.6196326013783,2709.725504062005,4017.6089084569326
2024-10-07 13:45:00,2721.6208371543994,2724.2189383263044,2717.25874075096,2721.9412825758636,657.3117296911078
2024-10-07 14:00:00,2728.984936253673,2728.0871718864746,2717.751635294688,2729.1154582401086,9772.449720237582
2024-10-07 14:15:00,2721.837234664792,2725.1169355217644,2716.1420083318862,2725.9048774130442,9117.080157948132
2024-10-07 14:30:00,2745.3698498021863,2755.3533053050996,2741.260952352975,2746.4232873622195,9794.683535817756
2024-10-07 14:45:00,2764.013540831505,2766.202101790756,2757.8532120398663,2757.2123453111776,4737.0570384014145
2024-10-07 15:00:00,2758.5054751551284,2764.8456963005774,2759.4617651912386,2761.8877259486258,1340.7936253241933
2024-10-07 15:15:00,2775.6728058921226,2780.72185969308,2769.385942614405,2770.1845950865472,9054.237605024735
2024-10-07 15:30:00,2773.517342361854,2780.0869025815687,2769.37827139473,2776.9912303113097,310.06195718700815
2024-10-07 15:45:00,2756.6745248433963,2759.45930357859,2748.9913744613846,2760.492151805164,465.2011898572483
2024-10-07 16:00:00,2745.0954887350094,2755.342004691954,2742.1063181034765,2751.704404311452,1996.6909873987079
2024-10-07 16:15:00,2765.5556484011636,2770.3417363398707,2757.7690900793136,2765.564680923845,4029.3096980863133
2024-10-07 16:30:00,2785.2477062141415,2790.2912609611326,2778.035445509136,2779.7285196398307,955.5002239901034
2024-10-07 16:45:00,2794.382395209342,2792.964965426093,2783.3570439311843,2795.1766873983174,730.4486720973913
2024-10-07 17:00:00,2757.7612760087245,2756.6307290897744,2748.794772385204,2749.9501198166768,8867.215230372125
2024-10-07 17:15:00,2758.568986102721,2762.203247271571,2753.9983934372053,2757.421554041893,7021.789349691229
2024-10-07 17:30:00,2734.6978809303505,2745.0090060352895,2730.649470321122,2738.7889296755925,1479.1162454809808
2024-10-07 17:45:00,2728.865657677095,2734.6869375967126,2725.708664470785,2732.638890640938,9647.554336802837
2024-10-07 18:00:00,2727.861790287225,2732.148462405509,2725.913365159136,2734.293312423045,3793.0792242242633
2024-10-07 18:15:00,2731.1463597907396,2732.160025487916,2722.4896839680778,2730.129187598515,1314.299203961587
2024-10-07 18:30:00,2724.9821928537017,2724.7121906736656,2719.143197362201,2722.780873811848,4720.381594731109
2024-10-07 18:45:00,2729.238966858417,2736.342922427208,2729.4285720275147,2728.889717727275,9034.651882229582
2024-10-07 19:00:00,2726.387436914234,2738.2267865955073,2725.7430940081604,2734.5969848257723,2355.2879780861485
2024-10-07 19:15:00,2733.7991295939823,2731.5482856509075,2726.4825099593368,2727.09183044081,5260.245423325985
2024-10-07 19:30:00,2737.2642889659087,2735.3855378586677,2727.1364602321005,2731.561116440261,1118.7666899531182
2024-10-07 19:45:00,2755.8892912349597,2765.8302587319445,2755.0256561804626,2754.718325204239,3053.5594075830504
2024-10-07 20:00:00,2762.4289267021218,2767.6418883391284,2757.927461006738,2763.9157905433362,3032.053450637039
2024-10-07 20:15:00,2792.6298753562733,2799.35238101438,2787.0312354053776,2793.849138434539,2614.0987954930483
2024-10-07 20:30:00,2771.4303264694513,2781.3031762227383,2769.699420349533,2773.4632792449115,4668.294849602864
2024-10-07 20:45:00,2776.517708606497,2783.626485664908,2771.924785643881,2779.671422031068,7922.20564475844
2024-10-07 21:00:00,2781.448895799641,2787.7541027266884,2777.8634080892734,2784.116374279176,7426.999406267809
2024-10-07 21:15:00,2758.6039230016154,2760.885909502997,2749.863205894175,2753.1352117835054,6783.830174776338
2024-10-07 21:30:00,2754.5697495173254,2753.3211239346065,2743.030111580044,2747.7212602829773,8368.578985431453
2024-10-07 21:45:00,2745.1309874207554,2744.1799205798384,2739.2765247650873,2744.9488948355643,9943.293318503895
2024-10-07 22:00:00,2746.1772596982305,2751.9611774827144,2745.168497056925,2748.966895939794,950.9674367056958
2024-10-07 22:15:00,2763.9531581604374,2770.9033661495127,2766.3917929936497,2766.561779636676,6761.6963381286005
2024-10-07 22:30:00,2748.3203327541955,2750.532521349101,2744.831251533774,2742.291757038187,8519.603915858277
2024-10-07 22:45:00,2745.9412878050116,2747.739669260027,2738.4481750279724,2737.6203301153923,5258.435442556124
2024-10-07 23:00:00,2723.648782050483,2729.940925616238,2720.5711175913175,2730.112264123283,9991.669144749027
2024-10-07 23:15:00,2724.559987461388,2724.2944539914615,2717.6684952170554,2717.1243954712304,4985.456732540315
2024-10-07 23:30:00,2706.0991643505813,2714.3094000982924,2704.1400901911866,2713.1694561512504,2338.243588747664
2024-10-07 23:45:00,2715.8133326925636,2720.2804819084313,2705.0025218024266,2715.8191465566333,5472.105648323115
2024-10-08 00:00:00,2717.40414008439,2723.9040457095066,2713.52220949893,2713.674430555806,2453.789554606466
2024-10-08 00:15:00,2718.139663712927,2720.5222572168564,2711.510450025918,2719.3649005274074,7155.5087936255395
2024-10-08 00:30:00,2720.4481346472094,2723.598793004754,2714.555301541996,2716.151747283458,9256.143533870338
2024-10-08 00:45:00,2692.1903528156704,2699.159432196893,2687.985689517657,2695.804588258823,3463.4315941823315
2024-10-08 01:00:00,2690.649195610745,2694.2573969217747,2685.368170096985,2686.6689798717766,3904.1647847907934
2024-10-08 01:15:00,2705.0261469761194,2706.5708965719023,2700.0882366801757,2703.7095172879626,5307.301804957908
2024-10-08 01:30:00,2718.704093804773,2724.303124916208,2716.838244095157,2720.7646111872104,3990.937575385224
2024-10-08 01:45:00,2693.308582103106,2698.256161201379,2690.461538636235,2696.045415937642,1532.937142594802
2024-10-08 02:00:00,2685.5246049441666,2688.2762553430434,2680.8356951595565,2689.0514985818236,9682.177192191471
2024-10-08 02:15:00,2712.4020858348777,2716.0951219579433,2706.351045320309,2708.729561060214,1297.4990236206183
2024-10-08 02:30:00,2723.782399362847,2734.5454157410813,2723.2638390267152,2730.6586005001404,3323.860923739981
2024-10-08 02:45:00,2724.98323050305,2725.1376200898694,2717.2369353561094,2721.7368801569114,9822.996921836017
2024-10-08 03:00:00,2719.828036281353,2725.6018402377,2716.048410727683,2717.0742985327884,4877.446094780016
2024-10-08 03:15:00,2699.9117431144336,2711.8771804100015,2698.062938642019,2701.6800719019343,8770.755218103697
2024-10-08 03:30:00,2716.271959303892,2725.8315336301685,2713.7893891330123,2722.9979816841187,7849.384111405652
2024-10-08 03:45:00,2726.3078626140505,2734.68057393529,2723.6239453099497,2723.0442999775023,1845.4580244105293
2024-10-08 04:00:00,2733.1035795441558,2736.914514440602,2729.4669439280756,2730.343920344307,7279.460548474933
2024-10-08 04:15:00,2744.3109517905286,2756.021308019621,2743.794463703546,2748.264694310073,1651.2297978933523
2024-10-08 04:30:00,2726.4294473935347,2736.480422354227,2723.803920262043,2733.34208879782,607.4322372357474
2024-10-08 04:45:00,2741.012038876714,2744.1709816937537,2732.829193547808,2737.461403701601,7835.755241817245
2024-10-08 05:00:00,2740.2481590321695,2743.284386706585,2731.535831408319,2733.0284141256097,3223.265708301223
2024-10-08 05:15:00,2742.1237411404354,2751.8782420586945,2741.275806199767,2747.953567759595,3036.049270325676
2024-10-08 05:30:00,2761.3472738833475,2765.1406596437027,2758.0413638732903,2759.1127719746587,2906.7062631444637
2024-10-08 05:45:00,2763.951136867014,2764.1646257200987,2754.826009374181,2764.9480054181545,2403.4410355473547
2024-10-08 06:00:00,2770.095507571288,2769.9641760025484,2764.9078692970024,2770.1098455410474,8769.071546178868
2024-10-08 06:15:00,2766.654670929854,2768.6933402225823,2759.162459852408,2760.6015357186957,2735.9600087504127
2024-10-08 06:30:00,2743.7900923751613,2751.408920196844,2736.7872909400576,2748.8066411520585,3346.625495137809
2024-10-08 06:45:00,2753.6734530324225,2756.3951701032797,2747.947356455297,2749.1062185452056,9618.304758951595
2024-10-08 07:00:00,2759.702465742766,2764.07627730166,2751.465534987836,2763.420562376269,9612.887171166967
2024-10-08 07:15:00,2740.175971337791,2738.7724189992077,2731.5311551223576,2732.2530489244627,5469.983996042639
2024-10-08 07:30:00,2737.0477105476325,2736.9849943725617,2728.610723405304,2734.793502781984,8769.317037822611
2024-10-08 07:45:00,2744.7749676530634,2743.5468706984484,2733.505165155427,2743.5370982323543,4045.939088050325
2024-10-08 08:00:00,2754.2370640695817,2755.2016165496057,2744.264755440202,2748.6813774546704,7483.684386477198
2024-10-08 08:15:00,2754.893104163667,2764.67260399802,2754.517300838291,2761.7967521729897,4782.444284171628
2024-10-08 08:30:00,2737.329094924521,2741.945884667365,2731.4259946683405,2731.1605405388855,3239.792337306066
2024-10-08 08:45:00,2766.760255453736,2776.4312721798847,2767.975906271521,2771.0852025301383,3002.7571057071737
2024-10-08 09:00:00,2764.0125715687755,2770.2330929874693,2759.7658876991363,2768.781660944675,6653.922952435661
2024-10-08 09:15:00,2772.815745026124,2781.3805845509355,2770.6229674231795,2776.9616732169798,4839.143847110704
2024-10-08 09:30:00,2758.816597457702,2766.8120242365153,2753.338305715398,2762.381892660172,6245.138583517666
2024-10-08 09:45:00,2746.786710114265,2754.264967916124,2746.184703785128,2753.3483535950263,7485.126050152574
2024-10-08 10:00:00,2720.1280751068266,2726.6277859068505,2713.4803391556575,2721.640288628324,827.5511422845584
2024-10-08 10:15:00,2734.8360303891545,2734.6520992656115,2729.116364474499,2730.912784091995,160.4955481488912
2024-10-08 10:30:00,2746.3020982807716,2755.074963467818,2742.766369189593,2752.0876885473585,5234.316798859897
2024-10-08 10:45:00,2733.077075892005,2742.756668938956,2730.234229256063,2736.2233087790705,8562.135586071387
2024-10-08 11:00:00,2738.2612995221584,2742.6411995928834,2734.0884475470243,2739.009852465917,5463.996402538087
2024-10-08 11:15:00,2729.47682851828,2729.223853158642,2723.1163581374353,2726.14351257049,6540.463213949062
2024-10-08 11:30:00,2743.6804879720544,2747.858951518743,2740.167781445428,2747.775740005891,269.8127771215843
2024-10-08 11:45:00,2722.3240324014305,2721.798098403685,2713.0116388286942,2717.3637599909384,2991.3638987345544
2024-10-08 12:00:00,2695.2676943154975,2701.288907637203,2692.369957716351,2691.6912545561163,8069.149563514595
2024-10-08 12:15:00,2677.4388428604684,2683.4354488660097,2676.8998742776107,2679.082831522472,5525.181883973346
2024-10-08 12:30:00,2712.879402181937,2714.998502651509,2701.7526973254226,2711.784852983919,3535.1071968718884
2024-10-08 12:45:00,2713.054215528478,2712.5319686786547,2704.04215660584,2712.8053863258124,2626.6540840674497
2024-10-08 13:00:00,2695.9012665513405,2702.532490817131,2695.8912550780024,2697.1641015030623,6448.19308796584
2024-10-08 13:15:00,2695.495469502931,2696.2655807526626,2687.04585465341,2688.5402794866905,7040.203410302068
2024-10-08 13:30:00,2693.883811215,2701.6234770392603,2694.4278621758904,2697.2716412454256,4264.919794713796
2024-10-08 13:45:00,2730.2447921738603,2739.8419672979117,2731.560981933882,2731.6127642471165,3199.669855093569
2024-10-08 14:00:00,2710.405698000363,2718.7481434994625,2708.334235826631,2713.129902184617,9163.152146968489
2024-10-08 14:15:00,2721.561405253322,2733.875219150114,2723.516902173398,2725.7731333018696,1213.9697207702282
2024-10-08 14:30:00,2701.5586058459576,2713.083217729682,2702.9699547456694,2703.3798972705627,4301.556420900361
2024-10-08 14:45:00,2705.6678397732207,2715.334048310169,2705.741087456715,2708.14735824543,3166.951199905894
2024-10-08 15:00:00,2704.0939581827733,2705.6101555069617,2700.526690935787,2702.5366188344456,6765.259665692045
2024-10-08 15:15:00,2685.655616435688,2692.584796220564,2679.24159241639,2687.841490742763,1306.9487915929342
2024-10-08 15:30:00,2668.8850647548234,2670.9564845166606,2662.0683403989324,2663.4908917779853,3152.5824843241103
2024-10-08 15:45:00,2678.904409504148,2687.7443588996207,2674.544479786114,2683.8566886701574,767.9286964825598
2024-10-08 16:00:00,2684.916198932739,2686.737750782404,2676.5169556861783,2678.9005129163875,1396.231161654457
2024-10-08 16:15:00,2671.4719477756666,2670.1708081803904,2663.9097053320565,2666.0523394053903,2966.7996231533366
2024-10-08 16:30:00,2676.708053046217,2675.5908738375215,2664.7132303174394,2672.570795363431,4292.7698665869675
2024-10-08 16:45:00,2665.871005414543,2667.3701444303047,2663.1830615051294,2665.1879866202685,9756.432596842891
2024-10-08 17:00:00,2653.3034573045456,2656.550057576058,2648.896658170255,2649.3377318208763,992.4334237789585
2024-10-08 17:15:00,2671.2501178549333,2674.3998812950367,2661.259722919529,2668.123134815304,958.2555968859682
2024-10-08 17:30:00,2653.985960779443,2654.9226388224592,2647.108068644969,2652.5727720549844,1926.5346414650207
2024-10-08 17:45:00,2644.5282061631847,2646.13252435261,2641.2894250688164,2646.9182092641845,6128.563428985299
2024-10-08 18:00:00,2657.177782367655,2659.657063651255,2647.1486879764852,2656.7378955301906,7809.9841377265875
2024-10-08 18:15:00,2655.0351574842457,2655.531395413452,2645.2389183002006,2655.4482346175755,7272.496382154572
2024-10-08 18:30:00,2662.9287654155323,2661.9079785126546,2654.8282361118563,2657.387251218394,1149.8773643717311
2024-10-08 18:45:00,2658.563346553505,2661.4060898092084,2648.4498990077627,2655.3866489768884,470.285161946152
2024-10-08 19:00:00,2649.55692697435,2653.763616881781,2639.707935383783,2649.8119834935146,7520.180876371185
2024-10-08 19:15:00,2626.4856373497837,2634.4261641058383,2623.8219038861685,2626.4403155191985,8517.409984210035
2024-10-08 19:30:00,2624.6422997141376,2625.963277152953,2613.795302427077,2621.7525973354245,4109.260099672376
2024-10-08 19:45:00,2610.103747270584,2621.641657538086,2607.0253432341187,2610.318757050243,1120.763082836113
2024-10-08 20:00:00,2632.125770380072,2639.3420350574897,2628.6929660478054,2635.591744195452,2918.403588268518
2024-10-08 20:15:00,2619.0043209587398,2624.230335315339,2609.6650105258923,2615.7283921334943,1592.8402222107618
2024-10-08 20:30:00,2607.0453019072393,2614.6111353891233,2605.7556050619723,2607.1044311281385,999.699317181623
2024-10-08 20:45:00,2599.3086685106186,2606.652054782715,2599.7751155446026,2604.9039664873376,1762.2015235706433
2024-10-08 21:00:00,2611.453465955169,2616.8707567529464,2606.4536548740266,2613.7926960744294,5051.667185269554
2024-10-08 21:15:00,2592.2067177017097,2593.9317185539144,2587.0741028203124,2595.771648132378,4812.647749390051
2024-10-08 21:30:00,2573.7927675988276,2577.5487892246,2569.352757669986,2577.8738270792824,8075.661806144071
2024-10-08 21:45:00,2584.444042373278,2591.587315288853,2584.133672446945,2591.1009711543566,2942.5821701285363
2024-10-08 22:00:00,2559.134715567555,2566.85645002519,2557.189208845152,2564.5628085530243,4663.192068617515
2024-10-08 22:15:00,2567.6618578755906,2575.4820218312957,2566.3282696921947,2572.560913710355,9175.13316890847
2024-10-08 22:30:00,2577.700663308902,2580.007873337735,2570.453387203139,2576.434512239806,1739.6517680091908
2024-10-08 22:45:00,2588.803246224893,2595.6565961787173,2585.27739558612,2589.736585305977,3568.4140788746163
2024-10-08 23:00:00,2597.381948259651,2603.8922321529785,2593.322982086075,2599.176306803534,5285.678150312566
2024-10-08 23:15:00,2610.1517296636207,2620.5952720485793,2612.31522684679,2618.543184722057,4028.063020122751
2024-10-08 23:30:00,2590.253902000213,2601.4274995336295,2588.6916079160137,2598.67166372101,5124.314011642141
2024-10-08 23:45:00,2612.138243906361,2622.608663534625,2612.974284878405,2616.9555026926537,4585.343131452793
2024-10-09 00:00:00,2623.9578416526538,2631.351922453293,2623.3293916394805,2623.3568597437798,743.0998724883184
2024-10-09 00:15:00,2634.623932846505,2644.2375107003977,2629.7550047079562,2635.420223770235,6615.93028033895
2024-10-09 00:30:00,2628.349469108178,2630.0239645391744,2622.8250402707836,2624.405012138895,2725.1500856627817
2024-10-09 00:45:00,2590.2693417428122,2596.33880418125,2588.5935064911187,2596.5515090996278,5870.379468249771
2024-10-09 01:00:00,2575.7658980722767,2577.4793498411377,2568.9310357988147,2571.443052119433,8738.937362354518
2024-10-09 01:15:00,2581.0062881679523,2582.540271516896,2572.4775323999575,2578.8364738106834,4109.79839715175
2024-10-09 01:30:00,2609.4713036948124,2609.842263442794,2598.499671532099,2609.0733352611496,7672.121936480911
2024-10-09 01:45:00,2620.8749725889206,2624.0980687376436,2612.189501771114,2613.6015718330473,101.11360047530887
2024-10-09 02:00:00,2589.5945913367627,2597.2058920892973,2590.1295265481144,2588.649276506754,1283.4229790803836
2024-10-09 02:15:00,2598.4353754724575,2602.4024421707322,2588.854289727983,2593.2622730031712,4794.762856165171
2024-10-09 02:30:00,2567.344562812301,2576.767574693731,2565.3353565919497,2575.9996963312547,4405.396436105978
2024-10-09 02:45:00,2560.2212682227273,2560.0255571216353,2553.048183191485,2558.933484935453,887.1883284956185
2024-10-09 03:00:00,2545.577250797898,2555.182465766911,2545.282370287801,2547.1915170201723,6113.520806395893
2024-10-09 03:15:00,2571.985978122919,2580.3188603600274,2568.9961476358844,2573.7179670616288,1813.2809442635626
2024-10-09 03:30:00,2584.210622321324,2592.874778996501,2585.715235937274,2586.0247581855924,5648.639980760288
2024-10-09 03:45:00,2595.304168160917,2602.09109868717,2595.1847559648404,2599.764408846116,1000.632028471
2024-10-09 04:00:00,2578.9783792416506,2585.682743701051,2576.362889380414,2584.5594376808235,9994.296738724446
2024-10-09 04:15:00,2559.9964223375205,2571.329165685244,2559.401084390345,2568.673842882047,9212.74590509447
2024-10-09 04:30:00,2577.711781640488,2584.7892389278977,2572.0171493199723,2576.353567496731,2793.122223180637
2024-10-09 04:45:00,2595.6065145894027,2593.4931586806324,2585.382346231443,2588.063453482475,3187.1282114346186
2024-10-09 05:00:00,2584.7138464013096,2588.425973123778,2574.019050496614,2578.2552179714603,2241.677613232178
2024-10-09 05:15:00,2595.5699018994806,2599.3664638290743,2587.2541763420672,2596.2204785632184,5048.2358036376445
2024-10-09 05:30:00,2581.846958829921,2590.7229807351832,2578.9993689200573,2588.6371041531575,3991.9737375506493
2024-10-09 05:45:00,2574.418993352864,2579.9734633970143,2566.7064926786047,2570.446346327176,2215.4917613606917
2024-10-09 06:00:00,2566.024845877077,2568.4033402874747,2558.5358474831933,2565.8335811125803,9448.190485267305
2024-10-09 06:15:00,2585.102440998005,2585.9037433591147,2576.078811366461,2583.3878971348686,1368.1518554132417
2024-10-09 06:30:00,2605.8705022758495,2608.0252486675477,2601.5923822904156,2603.8199527171164,2677.859675314908
2024-10-09 06:45:00,2597.302214959093,2604.9770671058327,2593.416620136005,2598.677138079742,9534.224822439208
2024-10-09 07:00:00,2612.6399123896367,2614.3166074807014,2602.927011945102,2615.2772210840053,7739.016234069037
2024-10-09 07:15:00,2615.4931472985286,2620.4211491676624,2610.048455440613,2616.0534253151886,7837.728316173835
2024-10-09 07:30:00,2638.900584002746,2644.162080317965,2633.323288161753,2633.521886562285,6314.663897006965
2024-10-09 07:45:00,2628.86505621819,2629.463751912567,2620.435808603433,2620.2651616706394,2567.9313529621113
2024-10-09 08:00:00,2635.348984343079,2643.005697464911,2634.954226560961,2642.818325490002,8191.950343870868
2024-10-09 08:15:00,2638.500899972836,2641.4526759407104,2631.933147734321,2637.4288209624406,2310.830983527626
2024-10-09 08:30:00,2634.6214786067867,2639.8501661759983,2633.7872024527423,2635.918039507701,7711.470586576272
2024-10-09 08:45:00,2653.8563215286995,2653.753805058869,2647.929150624386,2654.2071663675665,1185.888550744116
2024-10-09 09:00:00,2658.1437253078757,2662.2011151576703,2647.826153716385,2657.7131286248436,2458.301671184403
2024-10-09 09:15:00,2654.3462599157106,2657.4953543820334,2649.7044202971447,2651.4747603665132,8746.387996427558
2024-10-09 09:30:00,2668.8843466081253,2666.542884534823,2657.3462593492663,2661.4879624131004,4879.84541437476
2024-10-09 09:45:00,2663.9982956782064,2669.209955077208,2656.2233630001247,2660.516274768505,6380.064687594189
2024-10-09 10:00:00,2661.685326761113,2669.37813345999,2661.8580410951254,2670.8597728533387,997.8943895525049
2024-10-09 10:15:00,2676.0622244131337,2680.1776460528154,2669.285426633793,2678.3338855899037,6248.259310107035
2024-10-09 10:30:00,2668.0276994541873,2674.3621704840543,2668.623502230441,2666.466514042596,7824.893254663132
2024-10-09 10:45:00,2663.432740051455,2669.5507297625745,2661.9682387926186,2665.305149245481,9528.840174840921
2024-10-09 11:00:00,2670.4276714847247,2681.982401723478,2672.4889888818407,2670.6429477237784,3411.7158977360577
2024-10-09 11:15:00,2671.269154007574,2680.3583147163104,2670.1548186660198,2673.9360735459422,3441.769761106038
2024-10-09 11:30:00,2664.174266593584,2667.4403815689534,2654.896190315841,2657.1129744728196,1416.500296173965
2024-10-09 11:45:00,2671.990760919291,2676.8028704917824,2664.7488139774705,2667.1166435439955,9850.002807237013
2024-10-09 12:00:00,2664.6384048668288,2670.0633643300216,2662.828363750314,2660.8891211395344,8649.613869080098
2024-10-09 12:15:00,2662.539106259225,2662.8637755390073,2656.4350562755435,2662.908027801187,7280.3459160191
2024-10-09 12:30:00,2657.11838916174,2657.6363249933315,2650.8121141193037,2652.6679650296082,2772.359841492846
2024-10-09 12:45:00,2663.79960328758,2672.6010774554366,2659.825483248996,2668.5237047109817,3586.2913775431834
2024-10-09 13:00:00,2670.418577913669,2676.0479452721925,2667.5137264066207,2670.5530252065614,5849.136510213219
2024-10-09 13:15:00,2673.629557501673,2681.7805040105277,2668.6151402936166,2680.6095479031524,8734.071683649943
2024-10-09 13:30:00,2632.892741124321,2637.0476224140484,2630.9493351311394,2631.8046014497345,3990.5440525360727
2024-10-09 13:45:00,2665.1756833232816,2671.0493604547055,2658.4258575981476,2659.127940347679,3983.4391303880275
2024-10-09 14:00:00,2663.868351623446,2669.664774824446,2659.103663329409,2658.6458600802566,3737.8359500108068
2024-10-09 14:15:00,2665.809773290777,2665.6802883428527,2655.7008440900327,2658.83784418278,1199.4803131540161
2024-10-09 14:30:00,2670.1473548162794,2675.4193833301974,2661.6635549801003,2669.997118147724,2720.8501640201866
2024-10-09 14:45:00,2676.4897613771136,2680.0755089660647,2669.605696181156,2674.3030673938756,1138.5340849590093
2024-10-09 15:00:00,2678.513655450061,2682.0191348119015,2672.4419418394764,2677.9129291725394,2023.3295571925812
2024-10-09 15:15:00,2656.55397325848,2662.083409624429,2653.1367337783436,2654.3924405752036,7184.28118875167
2024-10-09 15:30:00,2659.2562171018994,2664.0218779938605,2656.694296740432,2661.239015616317,3683.7045958501867
2024-10-09 15:45:00,2669.0563067549815,2672.7616808131806,2662.6050009111655,2666.37862904005,3537.8381862875603
2024-10-09 16:00:00,2650.5640105491757,2662.477587260608,2649.015167451343,2651.281959018879,7736.199303051118
2024-10-09 16:15:00,2646.220715966785,2654.1758140984953,2647.5005353997576,2651.457031300153,2039.1152391873698
2024-10-09 16:30:00,2631.29954345785,2633.825160022539,2624.526918353199,2626.43495010836,8748.276159598452
2024-10-09 16:45:00,2630.9594183331697,2640.7543833166606,2627.3651381976965,2632.629363026452,9735.645472374312
2024-10-09 17:00:00,2645.826799339198,2646.4899349946013,2634.3270668940713,2638.2825144780513,1820.001240092248
2024-10-09 17:15:00,2646.5592729618274,2655.8458263397697,2647.9073873249786,2653.865801241304,9447.267412310823
2024-10-09 17:30:00,2657.0307564961986,2668.4976743876978,2656.847144068351,2659.7587682264,6792.3894208127
2024-10-09 17:45:00,2652.4003895327105,2658.0296495085627,2650.256585747052,2651.2454587588604,197.57676760551402
2024-10-09 18:00:00,2640.903395089203,2643.0960463161355,2631.4366833199215,2641.5772924904604,5247.834508299196
2024-10-09 18:15:00,2641.52440677537,2642.346809439505,2636.2365867708986,2634.242214375394,5821.152771936408
2024-10-09 18:30:00,2640.1084643893155,2648.0884396765596,2637.838695828244,2639.0175983358235,7751.016151816467
2024-10-09 18:45:00,2619.9566876341987,2622.3219853519254,2615.060023917253,2615.1649384985467,2170.802461919707
2024-10-09 19:00:00,2644.4275012616777,2653.521735310029,2644.5592890486128,2653.8445769581144,3489.544653933176
2024-10-09 19:15:00,2646.8586213157123,2648.3064637201633,2641.6052328344954,2642.2404835154553,6427.518577768711
2024-10-09 19:30:00,2620.4338852695787,2627.3443172793664,2616.5727092502752,2625.11645063796,6477.582173456301
2024-10-09 19:45:00,2651.1137524730216,2657.456203546493,2649.2660647561934,2647.311809194572,5479.12022836465
2024-10-09 20:00:00,2654.2099260027157,2658.1766012674457,2644.6842402099505,2654.111543873505,3387.3122193335985
2024-10-09 20:15:00,2668.773869502638,2671.734974153205,2658.2825243253806,2669.0878645981297,4810.364670059215
2024-10-09 20:30:00,2656.160355093669,2658.447413157163,2644.91296313354,2646.7652514423817,2249.5231122012115
2024-10-09 20:45:00,2685.4566146884745,2691.7325992874917,2685.7780783405447,2691.04360849692,9003.739547206394
2024-10-09 21:00:00,2691.3036803368,2693.2768389398702,2685.6429408636504,2685.86914298249,766.1148724646318
2024-10-09 21:15:00,2701.690580182715,2705.4306475950393,2691.2654309934055,2702.343184554464,760.5462066129097
2024-10-09 21:30:00,2690.818777941432,2689.897941376191,2679.4159889318175,2686.540630322664,726.6630330074141
2024-10-09 21:45:00,2652.1948239232356,2660.8578368726753,2654.010779547204,2659.4215455724843,8033.316779814109
2024-10-09 22:00:00,2647.7752342623166,2648.9645804760476,2641.8801973418144,2643.147925093589,6402.594449698398
2024-10-09 22:15:00,2645.3838517852014,2643.358895068338,2636.280107904989,2645.7806325115207,2168.930901569368
2024-10-09 22:30:00,2624.9403534514604,2634.542522795003,2623.04084272654,2631.571349882493,2465.8403621071056
2024-10-09 22:45:00,2620.32857321428,2623.85033905564,2611.577823607879,2612.952560830786,1072.0696472435272
2024-10-09 23:00:00,2607.6410571840875,2612.3946697341958,2604.138287180331,2614.6512061899252,6375.201983821276
2024-10-09 23:15:00,2609.1559887390363,2615.56379622929,2604.4282015057506,2610.787698862093,4903.811258960469
2024-10-09 23:30:00,2603.104788048027,2604.270699141446,2595.4209935406057,2597.157402239641,2562.9999620182375
2024-10-09 23:45:00,2577.2527771326936,2576.8839913392767,2569.05946290039,2574.825024774348,9615.790745360491
2024-10-10 00:00:00,2577.297859109004,2584.523154315136,2573.443671133704,2581.6665100556033,4988.0683695285725
2024-10-10 00:15:00,2558.831907225483,2563.446412985154,2554.006645204657,2562.6814950585463,7175.062672483689
2024-10-10 00:30:00,2577.2892849138098,2586.673873319806,2577.9174627327156,2583.771425872334,2021.5860509825318
2024-10-10 00:45:00,2570.8694435062157,2579.7452621124485,2568.214182682379,2573.04402143838,5173.048925459894
2024-10-10 01:00:00,2573.7732029715708,2580.690612418929,2568.919277520092,2572.4453919280118,8469.555455961336
2024-10-10 01:15:00,2591.334687718805,2592.975478342496,2584.8998159124603,2588.5205195738013,191.24562614741205
2024-10-10 01:30:00,2610.0649899182986,2619.3602479013643,2606.505688423867,2609.2994732151374,3399.802629492504
2024-10-10 01:45:00,2633.0654062360322,2639.0731840289627,2625.3387706235408,2636.0426497813573,2893.4186932800135
2024-10-10 02:00:00,2631.821013595129,2631.1836780736394,2624.6378696130864,2630.9000371797474,8307.411585229853
2024-10-10 02:15:00,2634.0025786118194,2635.653603051421,2627.8748577010906,2636.126538249179,3345.9909810530917
2024-10-10 02:30:00,2629.8713751392265,2638.8923652168173,2629.730380789873,2636.2649432737967,4395.123355065792
2024-10-10 02:45:00,2630.307612362737,2633.8274398397784,2629.16397472212,2629.0079250133626,5023.474891997162
2024-10-10 03:00:00,2645.1615369190645,2649.553235476715,2639.0757012961553,2643.6918149306275,5895.186656796858
2024-10-10 03:15:00,2630.775367886884,2636.663462295185,2621.615465967184,2632.014127428792,5563.809546216683
2024-10-10 03:30:00,2644.991873935363,2650.074382744915,2639.4249531736996,2640.0045808886275,8552.743059553966
2024-10-10 03:45:00,2682.015716361061,2690.7291756552863,2680.5471313618655,2691.967401987747,9477.63916061038
2024-10-10 04:00:00,2683.843791200116,2690.067528094511,2683.4882956579863,2690.9650773297762,5533.0984551300135
2024-10-10 04:15:00,2680.672630140929,2691.312679909941,2679.6120538475598,2683.8581109189035,4821.88006786115
2024-10-10 04:30:00,2689.4308794175386,2697.419503840266,2685.255547831037,2690.744196959834,1385.3991742730636
2024-10-10 04:45:00,2676.8498540252044,2686.010788332707,2674.277752142383,2675.4305824757535,5979.55801051273
2024-10-10 05:00:00,2670.471776933324,2669.395583650801,2660.1702405261785,2669.815593856012,6195.6546456035885
2024-10-10 05:15:00,2662.0880239101944,2662.055388032896,2651.470088706026,2660.8374260478267,8335.41152761667
2024-10-10 05:30:00,2660.99889609882,2671.0094370441357,2662.461962717255,2666.20044601033,4182.97302163771
2024-10-10 05:45:00,2657.1234887291876,2667.4098270152494,2655.2714651362844,2664.7983884074793,9394.765768595858
2024-10-10 06:00:00,2667.079660399047,2671.6543826484817,2664.5547358642466,2662.944157316895,2094.8752868683378
2024-10-10 06:15:00,2677.847331780735,2686.827304172081,2679.0567005817106,2676.8788608574514,326.60298710676904
2024-10-10 06:30:00,2685.69482735277,2691.3726847226276,2683.2932651517413,2682.6092540995955,5440.253498829646
2024-10-10 06:45:00,2657.7338147165474,2659.8367341062626,2646.9828099251763,2659.3259424851394,9457.950604046122
2024-10-10 07:00:00,2659.6106082033116,2664.008316970522,2654.8225493436576,2660.854345337869,6573.56292525617
2024-10-10 07:15:00,2686.17984955601,2688.8901339197005,2677.7887353042724,2688.651506561028,1705.1530757623736
2024-10-10 07:30:00,2691.570116630358,2700.448308094008,2688.254587690582,2691.126035944505,8116.825176910026
2024-10-10 07:45:00,2683.90786231296,2687.6618688783933,2675.674511976139,2683.914244617179,2968.8194262470424
2024-10-10 08:00:00,2697.0895349228654,2700.9678627286926,2690.9395845195713,2692.164805855915,6742.345121091757
2024-10-10 08:15:00,2718.0500125977687,2718.6686293805383,2708.8910177466037,2714.916477081355,2022.680451140843
2024-10-10 08:30:00,2687.5576458032624,2693.1523117183106,2681.590226862317,2689.5719577578166,2963.3911597780284
2024-10-10 08:45:00,2698.4862404625223,2707.4387840750796,2698.9305542490056,2698.468020967465,4705.048029415158
2024-10-10 09:00:00,2706.1657757971084,2708.982900345994,2703.6449934975867,2705.3384519153346,6123.030084627577
2024-10-10 09:15:00,2706.420643594008,2713.508402730303,2707.412063111085,2708.7850568712424,7550.257577812325
2024-10-10 09:30:00,2724.6107707012866,2730.5483231218336,2724.256829320857,2730.413774046661,8921.380594540125
2024-10-10 09:45:00,2713.9563256177707,2715.180962307982,2704.72347429585,2708.708546290048,2793.326460593896
2024-10-10 10:00:00,2677.4949591768627,2677.3089048276365,2669.6095471439266,2673.6608148265186,9926.296616554888
2024-10-10 10:15:00,2665.6435768509077,2674.3214062473457,2661.357281779543,2665.7813456774215,2175.0066946272577
2024-10-10 10:30:00,2680.1415342638647,2683.904392767546,2674.7161845912437,2681.8174306810915,2520.0813684435393
2024-10-10 10:45:00,2688.7935240587904,2695.4211110873835,2685.5481170279654,2689.8665121596223,7151.980674574225
2024-10-10 11:00:00,2721.431100008849,2724.3633308906924,2710.8473294707364,2718.6659308434996,6130.698329150922
2024-10-10 11:15:00,2726.3984874581975,2731.672282456675,2719.8399763532,2731.5109042059375,5168.782870038698
2024-10-10 11:30:00,2722.976617712049,2724.1978710422277,2714.869080210857,2715.4533771698134,4436.617837046566
2024-10-10 11:45:00,2714.202439205789,2716.5612260937264,2707.8543274154777,2713.1672015141257,9169.854920595604
2024-10-10 12:00:00,2701.8701076530933,2704.3751879219567,2693.405116248937,2701.037112582375,7185.017122744999
2024-10-10 12:15:00,2701.3277895152883,2701.1329427819455,2692.1824824085443,2692.1645036117816,7862.8891259440015
2024-10-10 12:30:00,2676.473276954063,2683.7178468163806,2671.2689405628184,2681.649571309957,7278.612653065141
2024-10-10 12:45:00,2698.0092276895625,2701.3732464183377,2687.418469109807,2692.263084738587,9828.020506129673
2024-10-10 13:00:00,2703.1081307827194,2714.179960470817,2703.147153576121,2705.951286789836,990.7150335747775
2024-10-10 13:15:00,2708.8579776693273,2713.5035868230525,2703.468101087583,2710.402569717235,1771.29981391162
2024-10-10 13:30:00,2686.8416958532634,2694.5275807836097,2684.7635977306977,2690.1131925927657,2752.0259246639885
2024-10-10 13:45:00,2702.0409134120005,2701.1704564116635,2694.99008891252,2699.9745707434126,8875.790580526751
2024-10-10 14:00:00,2702.29009695272,2704.973020820173,2694.346857268371,2702.167956264392,1605.4613345903674
2024-10-10 14:15:00,2712.8809294695216,2722.2257204266252,2708.045417795044,2709.764839596441,7924.5297719495975
2024-10-10 14:30:00,2714.8028574642544,2716.5179227946346,2707.230339816856,2715.4955222760595,394.3131216301556
2024-10-10 14:45:00,2713.8688369707606,2723.7557698088067,2711.7642222754816,2715.6370253700634,5891.634583033551
2024-10-10 15:00:00,2722.1593760833434,2732.6881377694904,2720.342770806735,2721.370586581515,5725.146768429
2024-10-10 15:15:00,2706.1649029625023,2712.793300030617,2705.566815219065,2705.609941794146,865.5340808802522
2024-10-10 15:30:00,2701.752464495689,2710.7862290973026,2700.66105511857,2701.364442525566,9258.115634877808
2024-10-10 15:45:00,2720.3877210640117,2724.962094590025,2712.4642331067585,2713.012443906253,4094.1064006675683
2024-10-10 16:00:00,2716.2023980012864,2720.933134429321,2708.7162152677297,2710.8127667972417,5027.476036406396
2024-10-10 16:15:00,2734.5511597565664,2734.551128694567,2729.2145108024847,2727.4227270643937,7764.982823578138
2024-10-10 16:30:00,2724.0590647358335,2732.1343667905835,2719.261585921254,2720.6429034155294,8939.542640818085
2024-10-10 16:45:00,2721.9289274173448,2731.245824122377,2719.427266087642,2722.989633300725,1905.790174565974
2024-10-10 17:00:00,2756.051234252122,2767.419484789324,2757.259139470735,2758.8423786787466,4422.548051229469
2024-10-10 17:15:00,2747.892243824591,2754.795521466967,2747.695283000404,2751.3293473349436,2576.6708373835336
2024-10-10 17:30:00,2774.242254601424,2784.999299741119,2773.1998838306913,2776.068035292295,6176.351263143595
2024-10-10 17:45:00,2780.692640791485,2788.8364765983893,2780.4374636721623,2786.51085334543,6668.056305413202
2024-10-10 18:00:00,2751.380767921332,2761.2635593281548,2752.778439031181,2756.3136442737414,8658.205388704373
2024-10-10 18:15:00,2749.512358764457,2754.884493293377,2748.643468529997,2756.3825438749477,3742.7764315948693
2024-10-10 18:30:00,2746.978905388065,2755.1901480207393,2744.4215022340186,2744.24027175459,6603.695363797563
2024-10-10 18:45:00,2753.865949867722,2756.449439109542,2747.2001671543862,2754.6756998695887,1176.3909762822595
2024-10-10 19:00:00,2751.9056188375835,2755.9506075511717,2740.5266097094127,2749.6624892497625,7932.198226253959
2024-10-10 19:15:00,2753.423069697293,2757.885824969841,2747.7281174247405,2751.85024618867,9556.251144859596
2024-10-10 19:30:00,2755.0760866020573,2761.084318053476,2755.8260583256115,2760.4493455781358,138.62421174863437
2024-10-10 19:45:00,2766.6839623236524,2768.4664409682036,2759.092464865009,2766.327962863059,7259.072897634425
2024-10-10 20:00:00,2742.7419825623233,2754.229981130383,2744.3940875129456,2744.286026742243,3881.0629320488447
2024-10-10 20:15:00,2787.832104716049,2787.9714496389447,2776.8002957391036,2788.9751361131703,6040.067349192122
2024-10-10 20:30:00,2816.229338387685,2821.3583357367897,2812.2658277193955,2818.3917888715214,7071.1533752189425
2024-10-10 20:45:00,2818.9844874412693,2823.406660032256,2818.3869225985904,2822.783206950636,4420.701340583275
2024-10-10 21:00:00,2862.3244069687607,2866.7062265734357,2858.1706435740175,2862.8160503959557,2730.557507448437
2024-10-10 21:15:00,2865.81993258232,2867.7186999567566,2862.8934440825756,2864.141455766026,9968.611813437268
2024-10-10 21:30:00,2869.6300577281777,2867.5734188563147,2862.6566768163007,2869.758703197845,7497.784168526751
2024-10-10 21:45:00,2882.7717960480736,2892.526633134461,2878.117836282994,2884.472777897637,5297.7161741065665
2024-10-10 22:00:00,2881.606309739574,2890.939885273549,2881.6216755543483,2886.909067053693,3301.9977882745
2024-10-10 22:15:00,2861.312544561321,2866.985716881864,2855.3980338595056,2860.820024591192,1684.2437674628666
2024-10-10 22:30:00,2849.470422721691,2858.9517359197807,2848.4656567570973,2853.8892465122153,8377.848175727453
2024-10-10 22:45:00,2833.4152879246826,2842.1970954856497,2835.0053305408856,2834.7047784528854,3851.2388440227014
2024-10-10 23:00:00,2832.469794592502,2835.6252538742697,2824.1339467059033,2834.1459532291988,3846.5223793901537
2024-10-10 23:15:00,2815.5473052877664,2818.447983102416,2809.439154772277,2818.6846548587687,8769.73541950019
2024-10-10 23:30:00,2785.8357993253044,2792.3884010200327,2785.3065964036787,2785.0483813790083,1928.240618946938
2024-10-10 23:45:00,2795.266993879485,2793.0745569515957,2788.3946902869197,2790.158303753007,6328.101511193818
2024-10-11 00:00:00,2799.8204746457905,2809.037714870068,2795.369616236018,2801.0259291606953,596.186577607971
2024-10-11 00:15:00,2802.0344192390107,2808.8351314379065,2801.2608092878518,2804.7151267087033,963.7816833775672
2024-10-11 00:30:00,2815.6882728257588,2817.2153908101477,2804.988222145949,2813.7256385056075,9211.542680829829
2024-10-11 00:45:00,2819.7548738392798,2825.7655620462997,2817.2648001308553,2820.9215362810505,4859.450243180445
2024-10-11 01:00:00,2848.0472594340113,2854.339166342537,2844.0391739548304,2849.5974344055494,2071.035668906221
2024-10-11 01:15:00,2827.9940814018423,2835.702128660981,2825.236331344271,2826.575342045378,3919.6864866718374
2024-10-11 01:30:00,2847.508442522563,2846.86185597589,2839.259829974544,2842.431991348411,6884.314755665621
2024-10-11 01:45:00,2833.6704245426936,2834.238338760597,2825.146981554448,2832.924662111005,8280.147472031085
2024-10-11 02:00:00,2839.9608904830397,2850.031534908989,2837.16535912965,2845.31060481046,3480.7636466786744
2024-10-11 02:15:00,2849.442888127237,2853.8007737172316,2845.9389132361007,2851.998140460749,7363.774462653191
2024-10-11 02:30:00,2848.900818104353,2856.373812070869,2848.346845350398,2854.8021990482866,8651.022377019895
2024-10-11 02:45:00,2846.6364777140657,2851.6468939331176,2839.886559963252,2848.25710053216,1165.7717238005905
2024-10-11 03:00:00,2858.2826757472103,2857.775386840272,2847.367137754652,2855.166379544845,8316.747579708135
2024-10-11 03:15:00,2868.6742887179016,2867.167361737629,2859.3428903841855,2866.8750306209586,6019.373357307919
2024-10-11 03:30:00,2875.490936754944,2878.7528524368736,2868.122387499822,2867.0630760073764,1513.2504424364574
2024-10-11 03:45:00,2878.633818674082,2886.377399478404,2876.952740744366,2878.5062534281724,6703.219412043045
2024-10-11 04:00:00,2883.0357511839993,2885.1487836915585,2874.1477511034914,2879.8629192356516,7504.167829313181
2024-10-11 04:15:00,2882.46590377465,2887.606978805851,2875.132174202043,2880.1371564404344,7364.650746466146
2024-10-11 04:30:00,2877.514019698924,2884.0454592390593,2869.5038827002877,2877.802141568517,3832.7462217328584
2024-10-11 04:45:00,2869.3777723241355,2876.034592217415,2867.110150959036,2875.4466634668656,2935.5144510013474
2024-10-11 05:00:00,2877.253640223691,2876.0802048822165,2866.424054537989,2868.287602755088,8048.75720084651
2024-10-11 05:15:00,2906.2739375487413,2906.5448942283506,2901.690189452351,2906.4065283687023,654.8291678523453
2024-10-11 05:30:00,2912.9912844250557,2923.481361727833,2909.552236490284,2914.623586154066,9316.616132238993
2024-10-11 05:45:00,2913.1490110381555,2914.5824667561633,2904.2215938739096,2913.105908791896,6048.524354051056
2024-10-11 06:00:00,2881.856782244834,2890.44109729816,2879.340208864253,2886.389690589199,2515.998990555068
2024-10-11 06:15:00,2861.461987510953,2861.8147699384535,2856.4104527238474,2862.0014891948067,9930.222391235224
2024-10-11 06:30:00,2864.51923210477,2867.172263426755,2855.202450422481,2856.2520085055694,6564.137732915427
2024-10-11 06:45:00,2864.2302209998334,2867.3617164261727,2857.0931510971277,2864.1165688788924,9081.854654514575
2024-10-11 07:00:00,2854.28977855652,2861.697479383662,2846.1036751031465,2856.907271382249,2786.0169642992273
2024-10-11 07:15:00,2858.472604296643,2865.260922668582,2856.3216007967626,2860.2634959568904,9174.472255470482
2024-10-11 07:30:00,2876.3851068973854,2877.600607515461,2869.663536326414,2876.5075911194253,5932.247381111289
2024-10-11 07:45:00,2863.3011686891928,2863.956726651325,2855.486785432522,2856.125875924671,9622.159888549399
2024-10-11 08:00:00,2877.264536902133,2883.6200980501576,2871.5940786843676,2874.936607970701,2704.494285218939
2024-10-11 08:15:00,2887.404961339116,2894.2113978527736,2886.6594472761785,2893.2546710687825,5120.54565745122
2024-10-11 08:30:00,2871.717296058016,2881.7329400311537,2869.7761251068623,2876.897594868168,1449.7221380730005
2024-10-11 08:45:00,2869.7587798288737,2872.926330097085,2859.772187306766,2863.7659184186214,678.5255158410981
2024-10-11 09:00:00,2851.9306194950805,2856.3383991284763,2851.700405564313,2850.745423011745,6590.780992826697
2024-10-11 09:15:00,2855.153986579813,2864.635741823868,2849.9049535413333,2856.0369081786866,7223.771111499895
2024-10-11 09:30:00,2870.951059171697,2879.3432795576987,2872.2432722421586,2874.543971930773,2420.4472874169855
2024-10-11 09:45:00,2884.9694652939575,2890.865026260823,2883.3269657734218,2890.1619264506726,1331.7712636005253
2024-10-11 10:00:00,2891.3364804823846,2896.9973182000094,2886.91301313775,2887.140908805594,6994.087437581445
2024-10-11 10:15:00,2906.346915655901,2907.8232781911615,2898.5136870834376,2900.8255965893336,8391.875896629352
2024-10-11 10:30:00,2898.505820195399,2905.717508693474,2894.6960650201218,2899.8311289871326,1642.1804256229868
2024-10-11 10:45:00,2927.168537090875,2934.4482818441,2928.6267058444755,2932.1062797458226,2250.352448312591
2024-10-11 11:00:00,2913.4937591899006,2920.6660481370486,2912.463853989742,2920.7336771149626,1731.0113710261444
2024-10-11 11:15:00,2912.2266287957173,2917.9737370882026,2908.6545444584062,2914.468612572559,3625.625977775403
2024-10-11 11:30:00,2946.6562694071076,2947.596686772513,2941.650410786463,2942.8637055987133,4485.620759677615
2024-10-11 11:45:00,2947.9933001453855,2955.704388304983,2947.772016779853,2956.245215775885,6361.97424593592
2024-10-11 12:00:00,2951.2995075186523,2952.588345397947,2943.0773115005136,2953.5107469609784,7377.97815581355
2024-10-11 12:15:00,2940.8344994801687,2947.555199342386,2933.327494446263,2939.598856432332,8845.947037351862
2024-10-11 12:30:00,2927.515241101948,2931.7340071329836,2920.93880098743,2926.4674496371777,648.1873498649257
2024-10-11 12:45:00,2956.771965312137,2961.8402060005033,2953.724496172063,2955.2377816982944,5448.526675127241
2024-10-11 13:00:00,2938.713474738124,2945.1663114223406,2933.7965680137227,2939.5580561828738,2027.1061975768016
2024-10-11 13:15:00,2958.486201628477,2969.090907417059,2960.5661666209517,2959.749392927985,1003.897359428871
2024-10-11 13:30:00,2984.167066141674,2987.706133456732,2983.5296140181517,2988.134386842351,1950.496232327254
2024-10-11 13:45:00,2987.145064531905,2993.79165839,2986.5270919839872,2989.3977311607314,1390.6586498094414
2024-10-11 14:00:00,2996.967933526648,3000.9388261285944,2990.507694147729,2990.919446227471,5666.890556633532
2024-10-11 14:15:00,3021.950054077327,3033.9019298229628,3020.966933673564,3022.494822022366,1330.0744336677237
2024-10-11 14:30:00,3033.5678947343545,3037.185384264237,3028.641679261954,3032.8353263088147,6664.256731290347
2024-10-11 14:45:00,3033.150469422483,3034.52132262984,3022.4998432269394,3027.818060864102,1382.522387352613
2024-10-11 15:00:00,3039.5070053420686,3045.503945423346,3033.4451772987964,3037.857128689355,1452.564438906634
2024-10-11 15:15:00,3014.687605855725,3024.801216307619,3012.2472009167254,3014.389743297705,2193.8137808775537
2024-10-11 15:30:00,3009.538604492264,3011.6425515192477,3001.6953466004175,3011.055233844668,1587.0475884921075
2024-10-11 15:45:00,2990.4536874796595,2993.7588594210247,2982.4832200169626,2985.6334941296027,7997.154148921658
2024-10-11 16:00:00,2979.471889010342,2989.113407719851,2977.899050452732,2982.37305337468,7140.3645670680635
2024-10-11 16:15:00,3008.5750561214954,3012.7211882732067,3004.479882200082,3006.4151069268946,1717.448988393992
2024-10-11 16:30:00,2990.125696558776,2999.252279244998,2987.483526234,2996.5618796240497,2300.3002599284937
2024-10-11 16:45:00,2996.5313768611263,2999.648452115468,2989.6978754474353,2997.658565159937,3919.2376804890114
2024-10-11 17:00:00,3015.5847225620905,3018.42721823782,3005.9087161436696,3009.131785637272,6001.040602626455
2024-10-11 17:15:00,3028.8957210525655,3038.2981468465837,3022.908401483654,3035.0961951013883,7619.912647771453
2024-10-11 17:30:00,3047.8455354586617,3052.200082241874,3040.764220398478,3041.0909260701414,7742.829083987013
2024-10-11 17:45:00,3046.6205128979586,3052.4908012667797,3039.7927558507495,3042.6800039320788,2350.3625129405555
2024-10-11 18:00:00,3015.2337561258078,3015.3585845878874,3003.79177920722,3013.1316849228624,7700.876646111852
2024-10-11 18:15:00,3032.0361789404474,3037.707343356352,3026.205828099574,3031.615571994615,8987.43915811732
2024-10-11 18:30:00,3057.0208026407163,3058.304260954668,3050.7122451974997,3055.4292563050153,2054.5506183834095
2024-10-11 18:45:00,3044.592491942227,3045.781931549009,3039.701607531465,3041.623914893406,3651.6352211549006
2024-10-11 19:00:00,3034.818916634147,3044.154266530106,3031.1562101123145,3041.9467219514077,5888.171910296206
2024-10-11 19:15:00,3038.8151058741496,3040.930446871839,3029.1949482314258,3031.496065894292,8367.660636588033
2024-10-11 19:30:00,3040.481871348594,3045.3542523312426,3032.2752916279705,3040.2959660985966,1423.2781833538045
2024-10-11 19:45:00,3022.97347809908,3030.4053732008274,3020.7245986841535,3023.7533128947657,4658.939373497228
2024-10-11 20:00:00,3024.716818237004,3029.4271884145023,3020.1911314216277,3023.0171033978218,7516.695061046814
2024-10-11 20:15:00,3014.699950593876,3022.3446375714248,3016.092006913807,3015.430127908706,1590.3327954010151
2024-10-11 20:30:00,3017.1480572264877,3018.0905732678266,3006.1602100222062,3015.448630324095,6841.862202975102
2024-10-11 20:45:00,3023.659853471973,3028.516638261329,3015.7601615518233,3024.7290285199465,9456.45833796961
2024-10-11 21:00:00,3005.742073520158,3011.949877826924,2999.9268916786973,3008.8222790083328,4248.668014420737
2024-10-11 21:15:00,2993.5822291376176,3003.4378607552876,2994.6705827717215,2999.793982309773,6630.73427243454
2024-10-11 21:30:00,2995.394969218928,2993.0446592097396,2984.6045358670835,2994.726478283503,3013.5298745691202
2024-10-11 21:45:00,2980.7871922149425,2989.4622149263637,2981.0307226880664,2979.248172099007,2466.6871302931086
2024-10-11 22:00:00,2982.37420900773,2980.7583624169965,2972.156180234036,2978.025167964679,7751.6321377952745
2024-10-11 22:15:00,2979.8964779414387,2979.9025175842066,2973.4891846369287,2975.432406038514,2407.3434648389266
2024-10-11 22:30:00,2976.996212263338,2984.550111995633,2976.983426358906,2976.7103202809585,6849.739039090681
2024-10-11 22:45:00,2977.735638503977,2982.3026808857967,2974.460679710919,2982.0810045841017,1148.8926784181183
2024-10-11 23:00:00,2986.2269097156627,2996.134825476647,2985.7794244909733,2990.809940364813,5847.521919928223
2024-10-11 23:15:00,3013.924783963612,3020.602584750929,3012.456008212123,3020.6736772015443,2569.092629523404
2024-10-11 23:30:00,3012.029341279597,3021.215221675541,3012.0101392182837,3018.5554772483492,7847.9353452214655
2024-10-11 23:45:00,3008.385289049171,3019.825866683661,3010.4381692690768,3016.2046995299124,4357.223784196253
2024-10-12 00:00:00,3001.9312936523806,3004.9976782620674,2990.2483949988446,2998.694408251609,8854.1136398192
2024-10-12 00:15:00,2992.016032476685,2999.4373755574043,2991.0572529068354,2992.314384579607,7375.339732913863
2024-10-12 00:30:00,3014.0412544520073,3019.294885299679,3008.8618207207846,3016.0758117234986,2557.594238350832
2024-10-12 00:45:00,3032.4462560080697,3041.0547065168553,3034.369245306831,3039.320021233398,6335.95066459922
2024-10-12 01:00:00,3051.9974542911013,3061.5375818298157,3052.0686456067833,3051.3550552079487,5283.751666639337
2024-10-12 01:15:00,3064.91480347814,3072.416078413611,3065.5518631112977,3068.4106775164446,2024.4829649862427
2024-10-12 01:30:00,3066.620762018528,3072.888085141579,3058.4068124505056,3063.0268878570773,7514.197563657922
2024-10-12 01:45:00,3045.1024085432755,3055.8326491116873,3042.5318341358798,3051.81589708201,9748.0522805481
2024-10-12 02:00:00,3029.662966180835,3037.702734241936,3028.639984952755,3035.762169844064,8762.443605220078
2024-10-12 02:15:00,3028.2808091080865,3027.586398906811,3021.673981318806,3027.400719520656,7538.172222898374
2024-10-12 02:30:00,3029.54754013614,3027.9294392369593,3018.357057295243,3029.5832621550544,614.3174752123956
2024-10-12 02:45:00,3016.8650101524468,3019.091837778022,3009.253807243574,3013.12555687551,530.7772641756574
2024-10-12 03:00:00,3004.3444836195017,3012.3753231299193,2998.5153337863217,3005.0710855765797,4345.583177460744
2024-10-12 03:15:00,3008.3663987439695,3017.511002248833,3005.8784093036543,3013.0918540959174,1652.7639997057256
2024-10-12 03:30:00,3008.078971403945,3015.723497807649,3004.1076314816096,3004.589348017502,4758.882416011563
2024-10-12 03:45:00,3034.1204877279697,3036.622152980135,3030.151838459585,3035.684434837339,4183.77374211395
2024-10-12 04:00:00,3038.512627056013,3039.7186983373126,3032.7002146416667,3033.236297762913,6022.0152288936815
2024-10-12 04:15:00,3060.2210480030735,3061.2251030572634,3055.3461644643135,3062.463628839705,5910.389569847165
2024-10-12 04:30:00,3055.4828599005405,3059.2280737870733,3047.1867963851173,3052.873823747655,3780.622159644072
2024-10-12 04:45:00,3023.4114113878236,3027.3708836643914,3014.853489037333,3024.7285582435816,513.0809383906361
2024-10-12 05:00:00,3013.038741093881,3015.1126082345645,3007.2068756127533,3014.674012501256,4281.62835309121
2024-10-12 05:15:00,3011.721446244885,3010.6732204439354,3000.8091072103825,3001.8814365685002,3487.3968521671904
2024-10-12 05:30:00,3004.9237771874114,3005.66143412259,2998.224208869071,3005.3779336841817,3775.815460756968
2024-10-12 05:45:00,3006.4603043813595,3014.9945780066005,3003.402861114218,3013.578934258413,3029.9437697186986
2024-10-12 06:00:00,3006.2818120200377,3010.1314161408864,3000.735523129553,3005.786501313915,2592.2499391010765
2024-10-12 06:15:00,3004.7736314248764,3014.368826478989,3002.1927932658823,3011.4213892870443,8343.640019579852
2024-10-12 06:30:00,3022.9289312991737,3025.5039526722007,3014.6763726174863,3023.7687745650683,1967.4864535818426
2024-10-12 06:45:00,3014.3708225811856,3012.6664265307795,3008.35641812639,3009.7596540320774,6987.158739007957
2024-10-12 07:00:00,3033.0793325098825,3032.0446835322614,3026.582724180415,3025.7217666497268,7016.061318699002
2024-10-12 07:15:00,3011.5447775610514,3020.264961929131,3011.0044119209583,3013.9625213828,131.72132270070753
2024-10-12 07:30:00,3034.6548052727026,3040.286876798383,3028.656009118789,3031.9359887430414,1655.8856008972257
2024-10-12 07:45:00,3050.222990732902,3058.0417501695492,3048.4095072619407,3057.6232215181967,7845.75813199574
2024-10-12 08:00:00,3041.745686291081,3047.564811399304,3036.859134251516,3048.7373637465985,7041.365518148779
2024-10-12 08:15:00,3062.360605984256,3071.2882421038976,3058.7490321384726,3070.3057126840445,8865.384133663885
2024-10-12 08:30:00,3055.1203577675337,3058.141395930447,3045.8034847744016,3051.2090574250255,9383.506662736938
2024-10-12 08:45:00,3050.2639051421033,3057.1694314646325,3049.01526594941,3052.251284120447,7936.158528110195
2024-10-12 09:00:00,3041.763888178612,3051.267611909968,3038.9437591593874,3039.931627057195,5908.166633985767
2024-10-12 09:15:00,3074.809474232591,3078.203461350261,3072.9133144296834,3079.5283979867177,2590.7327477963768
2024-10-12 09:30:00,3077.3328664513715,3080.2465163624797,3064.6898123956266,3068.179333630204,1709.3249231341827
2024-10-12 09:45:00,3070.275401071071,3072.1976095707796,3058.902449275856,3068.47145666023,3380.169825931978
2024-10-12 10:00:00,3046.362706790225,3055.1295624059026,3047.351335482007,3054.137624655981,8063.938609255019
2024-10-12 10:15:00,3057.541598565123,3063.4559037551553,3050.926717527489,3059.620953778125,2919.297325431182
2024-10-12 10:30:00,3027.596322463745,3026.833243140828,3016.237525846733,3026.2455658667336,5490.547202159722
2024-10-12 10:45:00,3031.585385712302,3043.4974670693978,3031.3954499439724,3034.0568743419435,7644.937496926356
2024-10-12 11:00:00,3024.837588583236,3029.834307029249,3021.11839247301,3027.9078340086676,4640.9699592367115
2024-10-12 11:15:00,3006.1263989620984,3014.1674577467616,3008.5863093410867,3014.5643084739972,7452.212461180625
2024-10-12 11:30:00,3001.042919080717,2998.944196223505,2993.427720602818,2992.671110647513,4370.313523818573
2024-10-12 11:45:00,3000.872532169502,3002.721111148007,2993.1657463610513,2996.169704002556,3027.92921038459
2024-10-12 12:00:00,3010.9145810618797,3015.9644026460423,3006.119208678994,3012.4644065917914,2346.765180931029
2024-10-12 12:15:00,3026.9157442106643,3028.9265655907593,3016.069783434349,3022.01315499271,2003.926804571552
2024-10-12 12:30:00,3024.160088392338,3026.351948265238,3021.8182028508472,3027.598960324673,7484.438300970014
2024-10-12 12:45:00,3028.141151855974,3031.8570696445945,3026.313282807216,3032.721052870283,7069.347016236961
2024-10-12 13:00:00,3006.839018792007,3010.011409388796,3000.847220892839,3003.6915356206778,2724.0414605308724
2024-10-12 13:15:00,3012.6733521480587,3015.695533393409,3007.099039803859,3008.3581937376252,4037.682477907968
2024-10-12 13:30:00,3021.454068613581,3032.8247599510078,3018.302571139434,3025.3171424889224,2692.021751091771
2024-10-12 13:45:00,3019.3093312090823,3024.586815172237,3016.7646904635535,3015.7014320194166,9542.854627406246
2024-10-12 14:00:00,3015.5927872721377,3020.269082700945,3009.810577024271,3010.189948876962,6046.390535253444
2024-10-12 14:15:00,3023.7562532656066,3025.8716943303793,3018.297973383935,3022.697022296455,354.16915965942894
2024-10-12 14:30:00,3025.3656948087,3028.458590585124,3017.8981891657427,3018.631067184498,4505.759570994322
2024-10-12 14:45:00,3012.202316672438,3020.513140212997,3010.120708705436,3017.403593766006,6017.065846037305
2024-10-12 15:00:00,3011.3274877520375,3018.7687307474594,3008.5097637049084,3014.4857423302824,8355.11521682478
2024-10-12 15:15:00,3044.566435086046,3048.800691060332,3041.316336259513,3044.9367747032297,5865.06981877982
2024-10-12 15:30:00,3073.336548374069,3079.529110089918,3071.6312297014497,3070.7743108557424,7920.244710998551
2024-10-12 15:45:00,3092.127724298509,3101.1979745516214,3091.8358437489587,3096.6403005423886,3367.9590187180406
2024-10-12 16:00:00,3062.3720657285044,3067.6410909626375,3056.105356921556,3062.104646464972,3910.496909801049
2024-10-12 16:15:00,3079.995086449542,3078.0974538730047,3071.835564584188,3077.768937966683,9659.497003871478
2024-10-12 16:30:00,3096.5357462289753,3103.005755392232,3089.054545559335,3096.8794650025743,1102.9608048733705
2024-10-12 16:45:00,3085.5601864870496,3088.5712252328817,3080.8475673300777,3078.536230616163,8864.687469725955
2024-10-12 17:00:00,3056.7471719975238,3065.4397749770064,3056.830531172326,3059.8794898600736,9843.227231789242
2024-10-12 17:15:00,3075.5406764585305,3076.710928435184,3067.4267862789243,3072.3230190929226,7410.127944440484
2024-10-12 17:30:00,3070.306369167424,3070.164979681806,3060.383684173619,3072.7240014716544,6313.707021565263
2024-10-12 17:45:00,3066.870670301265,3069.5351892000617,3056.311112135011,3058.4068661870047,9480.996863526154
2024-10-12 18:00:00,3081.783231986909,3092.039072466956,3080.297547122232,3083.399411821977,7951.243875584005
2024-10-12 18:15:00,3073.389245662323,3071.793198428959,3064.3124050375677,3065.2339788183535,5307.518220943874
2024-10-12 18:30:00,3082.9963921282365,3086.3528128976004,3074.5489356017697,3077.838374467312,6056.853795333922
2024-10-12 18:45:00,3065.5763053720134,3076.410970239309,3067.6212639054393,3070.8143570301454,4154.377868755188
2024-10-12 19:00:00,3078.71033736515,3082.2005904013813,3072.6421144568912,3081.1161272804457,2908.7027637823403
2024-10-12 19:15:00,3075.9148822088,3082.891255262019,3070.6443266329616,3079.9514013602734,2099.8826617005125
2024-10-12 19:30:00,3070.025139859857,3078.2853254499637,3065.829513251704,3075.3593022221403,6902.527122595551
2024-10-12 19:45:00,3061.640964131558,3067.0927391062105,3057.069349662655,3064.2251637935437,9529.027802142471
2024-10-12 20:00:00,3059.0338241406857,3062.6956608937467,3056.632924119776,3056.7077170435173,7622.328787051843
2024-10-12 20:15:00,3050.067390140812,3058.880585879122,3046.115073261667,3051.313596814379,1340.1029466289096
2024-10-12 20:30:00,3044.0293522252177,3042.0392692021037,3034.6233722428447,3038.822617939486,9819.402441024808
2024-10-12 20:45:00,3058.631697635273,3062.6902063042376,3049.332952488762,3056.4284330590285,3439.306121905392
2024-10-12 21:00:00,3038.779251286536,3050.048469486572,3038.3282949871427,3046.5934572266547,7236.510528697641
2024-10-12 21:15:00,3043.3888231202013,3044.092921141389,3033.284973438075,3042.7290825396403,1373.9574038156627
2024-10-12 21:30:00,3035.4629802733757,3040.414399679709,3033.767832454449,3040.508999539042,3092.9513660316816
2024-10-12 21:45:00,3026.3473955426607,3035.450447433891,3024.011721898556,3025.9419375514503,4331.4509667830125
2024-10-12 22:00:00,3014.2212729981334,3020.9924582962417,3014.6500816071093,3020.0240950291027,4714.972906210255
2024-10-12 22:15:00,3032.7451915351708,3037.9448404694913,3028.4393147241317,3030.7257379369503,2088.739653781083
2024-10-12 22:30:00,3063.610029326548,3065.3572758810733,3057.265204275496,3065.128015931215,433.3438505782088
2024-10-12 22:45:00,3058.89657694996,3065.6669089701586,3056.46847106117,3064.862756916623,9139.786546101284
2024-10-12 23:00:00,3017.8737597125505,3024.482389799963,3015.991017390623,3016.158595656848,9279.91066841334
2024-10-12 23:15:00,3024.8603785050973,3035.166629281696,3023.6698290650475,3023.372081569027,919.6454401464638
2024-10-12 23:30:00,3042.092308142469,3043.1903403388324,3034.2192103325915,3043.47832134126,9879.937430228556
2024-10-12 23:45:00,3036.147703750377,3036.6827736307887,3027.827575004646,3031.690930156185,4795.288427618485
2024-10-13 00:00:00,3040.4530335819895,3040.9783303872223,3028.9957545280486,3035.245723457752,4782.3919409036
2024-10-13 00:15:00,3046.99078772428,3045.9057985166683,3036.6401757207586,3043.714185709932,3284.5753828494067
2024-10-13 00:30:00,3028.2275596892982,3031.501145751543,3020.110589790533,3024.6984996670312,7853.5216189708535
2024-10-13 00:45:00,3015.711507135724,3020.4880487042974,3008.1891407931735,3014.5265436718764,7405.274208973911
2024-10-13 01:00:00,3009.8084229995115,3016.421743224253,3007.7674612943647,3013.6178776382008,644.5858500932484
2024-10-13 01:15:00,2996.3880575300286,3001.064690369901,2993.220841663121,2995.7139284752598,2740.061088832252
2024-10-13 01:30:00,2989.8524051202135,2992.999299232161,2983.4947153315784,2984.000610398557,9017.81318355491
2024-10-13 01:45:00,2992.835542458675,2994.3930996599756,2987.0266029316335,2987.187720228996,4566.921491571053
2024-10-13 02:00:00,2988.579131344655,2994.584840907104,2983.311232599773,2988.4547265553288,9983.217393877121
2024-10-13 02:15:00,2980.7100324270987,2984.6239295805394,2976.54083957878,2979.4435639050243,5680.221928737706
2024-10-13 02:30:00,2973.2904490844926,2976.9791515957754,2969.187271024061,2972.69810189843,2348.4231695751455
2024-10-13 02:45:00,2968.499848973306,2978.5438063452884,2968.537070936174,2977.7461361575974,2982.9251756525878
2024-10-13 03:00:00,2965.8029743742386,2967.6986972909913,2960.2360248025007,2961.5460455029133,5039.498367761806
2024-10-13 03:15:00,2993.47043485486,2998.0376132704346,2987.019168072193,2991.012292108428,379.5089609070415
2024-10-13 03:30:00,3034.8438041841655,3038.916359846501,3026.433214098034,3035.9613200996787,4287.045439724075
2024-10-13 03:45:00,3040.49323557852,3048.48338259627,3040.506845723631,3039.2029299856117,9352.926476310282
2024-10-13 04:00:00,3013.6698863452034,3016.164952157472,3005.6500016313853,3008.5754331242183,5260.667914996862
2024-10-13 04:15:00,2998.050635117025,2999.8645713560586,2989.4885064444984,2996.620409776827,6237.91220648318
2024-10-13 04:30:00,2969.4095192235877,2976.9344898711465,2964.4313133190435,2971.337187166284,4551.392434364752
2024-10-13 04:45:00,2973.4855894182047,2973.6853418776877,2964.0624663003005,2966.253193335504,6703.602641816491
2024-10-13 05:00:00,2975.481402775792,2977.96630691762,2967.1274645736944,2969.9274344354035,3429.3370525972387
2024-10-13 05:15:00,2972.9519568117257,2982.141833874106,2968.245423768482,2971.7900734417767,7717.142296278738
2024-10-13 05:30:00,2940.7515119947616,2942.646513302122,2933.9761095684244,2935.938100338451,621.0447363345266
2024-10-13 05:45:00,2921.2525891053856,2929.4248037708853,2918.090257835418,2927.5640140687137,2709.199359448478
2024-10-13 06:00:00,2918.3153097390573,2927.394835565663,2917.147468632514,2926.011914981142,9295.1927197376
2024-10-13 06:15:00,2930.844214004663,2929.9474906199775,2924.7185822468664,2925.4553745798353,3956.055281776666
2024-10-13 06:30:00,2948.693443912642,2948.811126596952,2941.315331478126,2940.783812376861,4204.022101009487
2024-10-13 06:45:00,2947.7516845815894,2951.444638893168,2938.1329648501446,2943.7217141428478,1371.87805385716
2024-10-13 07:00:00,2928.198674983274,2939.185274041152,2928.090008487298,2935.041942842258,7041.816440584925
2024-10-13 07:15:00,2938.407565794736,2943.1768390505854,2934.4294958646574,2933.5267604374053,7510.8614762708985
2024-10-13 07:30:00,2926.9342488385905,2932.39872578765,2925.221641801583,2926.547288053232,9773.46692184454
2024-10-13 07:45:00,2914.2680330670364,2918.7555867743995,2906.4181775067577,2912.705840499526,4206.824951101204
2024-10-13 08:00:00,2883.3489157970475,2893.5176063513545,2883.5288446292557,2882.4933628092217,5801.2084720868115
2024-10-13 08:15:00,2862.3980451657817,2871.8651518534048,2864.4908687993925,2871.638315122741,8975.648455233606
2024-10-13 08:30:00,2872.868754680921,2876.7085635848234,2871.5068282717716,2875.6320779406597,6307.752686818317
2024-10-13 08:45:00,2859.7794870925595,2864.9880496714786,2856.22458579072,2860.930785369945,8629.3954740132
2024-10-13 09:00:00,2884.8080306567585,2887.38169984572,2878.7253114542764,2882.8086131144237,7441.955040382757
2024-10-13 09:15:00,2888.255450886575,2886.253402343445,2881.1505902683184,2886.9540905927047,4089.273371984432
2024-10-13 09:30:00,2879.7271739678304,2889.650847363759,2879.8600448211714,2886.5956780368315,7904.044970181482
2024-10-13 09:45:00,2900.1752547869673,2902.699276112162,2890.422366698928,2900.0099726536246,1409.5985917451067
2024-10-13 10:00:00,2904.4887751128663,2913.7084379144703,2902.7181024773786,2905.085502691652,9975.982672994951
2024-10-13 10:15:00,2908.0573273032787,2911.479961653176,2902.096903487094,2900.0367911451153,2673.250404185394
2024-10-13 10:30:00,2907.899746877538,2915.5064053244805,2901.774637092869,2910.7949476055596,8964.369577810048
2024-10-13 10:45:00,2934.0835605654825,2940.423599979997,2932.336537139349,2936.997988998863,2197.494727129816
2024-10-13 11:00:00,2912.4525853555906,2914.753144169998,2903.223960505912,2908.1007269097354,7640.2156457288365
2024-10-13 11:15:00,2888.743964696372,2891.335347077729,2879.3888279616353,2884.0721323727544,4311.426767093499
2024-10-13 11:30:00,2885.7781216022527,2895.483281539943,2881.5906556268046,2885.1462558104495,7068.081124154847
2024-10-13 11:45:00,2874.6232716680233,2876.5274580364053,2870.2530524717936,2875.229417190602,2123.017898755731
2024-10-13 12:00:00,2868.4909068383845,2873.5619869273346,2863.6678345250034,2870.9625520924715,8258.597648361621
2024-10-13 12:15:00,2878.519423470814,2879.59324999228,2867.719971896629,2874.252446793623,3198.705748394091
2024-10-13 12:30:00,2883.1467664946586,2889.1114611092107,2880.032235226131,2890.6113766324543,5331.9099821495365
2024-10-13 12:45:00,2880.590402049767,2885.876510969597,2877.3421450102996,2881.4160665006566,9040.542487976096
2024-10-13 13:00:00,2880.636395037985,2887.784833694331,2876.682639462814,2882.1136065040396,1990.0756656680267
2024-10-13 13:15:00,2889.1596603893063,2897.7552574443102,2886.9299448709257,2895.789211434387,7349.328827307718
2024-10-13 13:30:00,2878.3675320916886,2881.687027774049,2870.5476183173964,2878.4662519402864,7545.534926187126
2024-10-13 13:45:00,2875.3588056100957,2880.9910049463283,2873.4864809985747,2878.393411408911,8744.57686421575
2024-10-13 14:00:00,2859.687547840398,2868.892001105259,2858.791942451562,2862.790217961606,1499.567531231528
2024-10-13 14:15:00,2857.788983896047,2856.8222907144623,2847.276621981616,2855.172480166009,8046.860700593116
2024-10-13 14:30:00,2880.180997148841,2884.0342743437154,2875.4031852772014,2879.3416433723664,4709.201393867259
2024-10-13 14:45:00,2891.702098821962,2894.5757908620953,2886.1681079167597,2888.896757199225,9940.581505937947
2024-10-13 15:00:00,2910.0052784318173,2915.8414350092007,2904.455705159911,2906.7159356747175,6329.248858481044
2024-10-13 15:15:00,2908.1875376706002,2911.3596043382518,2897.608508731496,2905.7626757974413,6163.420150936315
2024-10-13 15:30:00,2926.9183148581524,2926.250076278091,2917.6198827294825,2918.5960787649724,3683.145815422504
2024-10-13 15:45:00,2928.392649615323,2931.5715742543016,2918.4419354834495,2924.639266047797,6256.953410483695
2024-10-13 16:00:00,2916.6418408180657,2919.2979386799525,2909.9322238951927,2911.927363306178,6255.693697751476
2024-10-13 16:15:00,2922.1242689252526,2928.215832773964,2916.0649461814487,2926.0912898163333,7098.852059785976
2024-10-13 16:30:00,2941.1314769006353,2940.896352146883,2929.597957524146,2935.167132692533,7732.5547258373945
2024-10-13 16:45:00,2921.656768182207,2926.4816708809285,2918.6853948844196,2919.5892098723643,3756.8869720726275
2024-10-13 17:00:00,2919.390672473757,2920.416680859586,2911.623333648232,2913.85706076718,2129.79327170773
2024-10-13 17:15:00,2930.3893749175836,2940.8515363941397,2930.4545966794417,2930.5372615061597,8068.801458062599
2024-10-13 17:30:00,2968.1750317980086,2970.584589294266,2959.44211694318,2966.8286473459148,8682.705929074069
2024-10-13 17:45:00,2972.954335425735,2976.6996678496953,2966.2603393305285,2975.508446783849,2134.7836817272387
2024-10-13 18:00:00,2985.254974812671,2986.191257805751,2973.7625828668424,2980.293877942853,5924.4639784433075
2024-10-13 18:15:00,2961.940294217189,2970.665438130094,2958.5221534933385,2968.0298694561743,8265.559013831478
2024-10-13 18:30:00,2950.19325441587,2960.8473107631226,2950.644987385468,2949.6405490803754,9590.854152018943
2024-10-13 18:45:00,2965.5181201517694,2968.8589442826706,2961.0666202063276,2960.5850186319844,9623.909287096883
2024-10-13 19:00:00,2961.758934238397,2960.749575798774,2950.8525421436025,2961.2686776637283,3591.4793509136193
2024-10-13 19:15:00,2967.2995516460255,2970.7526853130644,2960.2335915612766,2967.79572961187,8129.697006664857
2024-10-13 19:30:00,2968.7675800400784,2972.141736397353,2957.9834434475706,2968.50443994816,7312.004521340861
2024-10-13 19:45:00,2974.1875602954115,2977.5101221267923,2967.2641461601406,2970.840705734122,9470.26740988237
2024-10-13 20:00:00,2980.6840647385625,2989.558799185439,2979.0124352936873,2984.314649947055,6635.324070427539
2024-10-13 20:15:00,2964.189326225077,2972.579108132838,2961.3886581150596,2967.2884312921906,8852.555707311412
2024-10-13 20:30:00,2964.835614779168,2967.826007699602,2954.15679647058,2965.3288243549946,701.9527067930698
2024-10-13 20:45:00,2973.287460322256,2976.866270893783,2967.873729339438,2974.223926129284,1798.4733930981195
2024-10-13 21:00:00,2972.9791290353346,2973.69177952465,2962.6975071659635,2965.500302495627,8812.229486805936
2024-10-13 21:15:00,2975.040922452509,2984.835921027214,2969.7732430415012,2975.3574637143074,5424.883519585073
2024-10-13 21:30:00,2981.047849355416,2986.2387492376342,2979.0506322656893,2981.331475799264,7116.75889745328
2024-10-13 21:45:00,2998.47126972019,3004.0568377420855,2994.772961073683,3004.292972022847,444.9570358304484
2024-10-13 22:00:00,3021.460192666337,3027.9590524758096,3021.1115260065408,3025.896390915884,5382.772243693843
2024-10-13 22:15:00,3026.287207183326,3034.616519072339,3022.1792608413953,3027.4758104321,577.7590499698802
2024-10-13 22:30:00,3038.128741991107,3042.0647526831435,3030.5068795678535,3036.730640228943,3794.617808241601
2024-10-13 22:45:00,3025.211710314307,3028.1124286440586,3021.23533454867,3025.688614821729,2278.744159912426
2024-10-13 23:00:00,3029.8823272890845,3034.834385521453,3021.860772256296,3024.447295847252,2918.846568685695
2024-10-13 23:15:00,3023.845866090708,3032.3289837510843,3024.48666871086,3025.7397517010327,9990.442850025218
2024-10-13 23:30:00,3054.530083350377,3065.5594049593738,3053.9712254687524,3057.7791597480414,8050.66558378151
2024-10-13 23:45:00,3046.5343699672035,3051.1710581100674,3041.34312654359,3047.5263725640643,4628.512382042844
2024-10-14 00:00:00,3051.548852272425,3061.4282125863615,3048.769357714027,3053.245063653519,2786.726979844361
2024-10-14 00:15:00,3040.2379819688013,3050.2451145651694,3039.9960669040506,3040.6685648448383,9609.226282068033
2024-10-14 00:30:00,3037.067731819256,3044.0273458703655,3034.192161795933,3037.29018774662,8393.352642372995
2024-10-14 00:45:00,3058.2371998695326,3064.0967299471376,3049.0424477439224,3058.7294524933022,4239.237606896658
2024-10-14 01:00:00,3071.294957804001,3068.8252289990273,3063.4930446588983,3064.7461278826445,9901.09183273811
2024-10-14 01:15:00,3034.546621958671,3042.5509649437963,3036.8349528470735,3043.5468791852327,3034.1837065827563
2024-10-14 01:30:00,3046.8018456005843,3053.0994282285624,3042.182382747093,3045.8607057391278,178.21752032371086
2024-10-14 01:45:00,3012.702754228699,3020.829845079558,3012.0948837210717,3013.0971971344957,262.9826235962937
2024-10-14 02:00:00,3014.1590123345673,3019.9477659296394,3012.1741895334158,3012.510554125046,7690.085097207312
2024-10-14 02:15:00,2988.7468779583073,2996.2625457920767,2984.901092975594,2994.004502764733,7254.53923040043
2024-10-14 02:30:00,2995.486703075887,2999.189317291218,2988.5530062557477,2989.893004016842,8063.89403268222
2024-10-14 02:45:00,2985.4243925827122,2995.0897973676183,2982.5047052621403,2985.4317805730157,6367.891789561601
2024-10-14 03:00:00,3029.506157426166,3039.0597710333823,3026.14241441949,3033.9117600165687,3183.280323916569
2024-10-14 03:15:00,3037.5630287353056,3044.7532704646205,3034.0890122836768,3041.0197659501096,3378.508907406051
2024-10-14 03:30:00,3027.2909865318074,3031.480598449779,3025.339355479312,3028.7561713181367,4654.8586779334555
2024-10-14 03:45:00,3040.7546580726794,3046.0959171934633,3035.290551193152,3044.69016418912,6782.967896176518
2024-10-14 04:00:00,3023.712015856888,3030.9144714191543,3020.210211218092,3024.2258886586797,3951.5156012862585
2024-10-14 04:15:00,3037.36156383313,3042.5841301874434,3031.530590404568,3035.2441704760404,6597.022614182107
2024-10-14 04:30:00,3057.596470136043,3067.387013624188,3052.713163473547,3061.0900196932616,6669.150084527318
2024-10-14 04:45:00,3069.138783735366,3066.512806087844,3061.083936450549,3065.4592583305243,120.68758194934645
2024-10-14 05:00:00,3073.569820390268,3082.3101043754796,3070.939932495913,3069.738307203247,3859.7242807949788
2024-10-14 05:15:00,3072.665487214922,3076.8605506469776,3064.5734763379724,3067.2017733931416,7883.710068484117
2024-10-14 05:30:00,3082.838445326318,3083.448134786832,3077.314472347565,3085.4429765799055,8592.361688148154
2024-10-14 05:45:00,3065.985911583103,3071.8631688352716,3065.537611433318,3067.8810466715645,4220.066253076962
2024-10-14 06:00:00,3088.744390484879,3089.438081323598,3077.831380045731,3088.3984822899474,9779.851806820647
2024-10-14 06:15:00,3079.241710716844,3082.2076660664347,3073.5812531495853,3084.1701737889234,776.3506765872472
2024-10-14 06:30:00,3036.181306852954,3041.55927825922,3033.4749945697704,3033.402731519302,7828.218551622636
2024-10-14 06:45:00,3033.406200775702,3032.2709284832627,3022.122549074495,3023.8799563428006,2263.1812345907924
2024-10-14 07:00:00,3036.6020898882653,3036.167303956479,3026.2098848206783,3035.1339376124943,6621.3747824819775
2024-10-14 07:15:00,3039.352461092077,3041.478269256602,3030.178456222046,3038.0152818151987,7209.046923373142
2024-10-14 07:30:00,3015.593249653393,3017.320729526688,3009.842209258316,3011.890606709878,7051.569842799243
2024-10-14 07:45:00,3025.701930034719,3031.1749145606827,3020.8168326590085,3023.547530365454,3538.0957206662015
2024-10-14 08:00:00,3033.340748082204,3038.839256337799,3028.412673787173,3031.248651619047,3168.872435292239
2024-10-14 08:15:00,3033.3339959882474,3032.864866801915,3026.0470716959476,3025.795477996853,9496.971833893851
2024-10-14 08:30:00,3026.812278537251,3028.1170918661437,3020.973753129608,3020.653681556363,8548.106276321323
2024-10-14 08:45:00,3016.5559074702555,3022.0467775405955,3017.074278843428,3024.2744554715464,4425.749540915035
2024-10-14 09:00:00,2996.7821571100408,3006.2961432837756,2992.170369879793,3002.1066594760237,2331.041427698779
2024-10-14 09:15:00,3009.3792440992243,3019.6995612697274,3010.9659241108047,3016.8828303389732,8240.000745033536
2024-10-14 09:30:00,3028.6781770584657,3033.80016758608,3028.6752949658244,3028.487701203688,6746.810223471076
2024-10-14 09:45:00,3024.126880247274,3031.8677336560304,3020.658828027539,3028.070506753918,1186.1005904677227
2024-10-14 10:00:00,3025.3075994695496,3031.5337278720294,3020.0036579813877,3028.6064515274998,5933.193343659899
2024-10-14 10:15:00,3020.744430606583,3023.595680627547,3013.123660766328,3014.537184777678,7657.846072312934
2024-10-14 10:30:00,2973.940200695814,2981.2434808571006,2973.186067280355,2978.6565526386757,6026.017240337141
2024-10-14 10:45:00,2977.521760745256,2975.937954467801,2968.764593560288,2973.2135651040344,5793.417136332914
2024-10-14 11:00:00,2985.645243639403,2990.265312265113,2981.9641018681264,2991.411194457062,5688.8162227412
2024-10-14 11:15:00,3008.7547400783624,3012.395289447195,3000.3300104278733,3007.522116889459,4451.087383387847
2024-10-14 11:30:00,3013.0954210254295,3023.840137842731,3010.496509049036,3016.4778113114744,9664.757922549796
2024-10-14 11:45:00,3049.1828045263596,3049.019908236675,3041.772937291921,3048.36617523999,6905.516595036948
2024-10-14 12:00:00,3045.9473482312005,3048.8018203054125,3035.1749355492957,3040.0276418340586,6223.315512478388
2024-10-14 12:15:00,3058.647709837089,3060.7869386950542,3052.8399804042774,3055.079908281759,6320.435927784591
2024-10-14 12:30:00,3056.7356425015323,3064.303912495162,3056.3016640073165,3060.279580895662,3295.492787645164
2024-10-14 12:45:00,3098.7062062932773,3108.480365221602,3099.269971257551,3103.6349148906297,3556.126125239572
2024-10-14 13:00:00,3106.3303007492805,3107.4082797525743,3096.1061357879194,3105.4336811192097,3245.864941792269
2024-10-14 13:15:00,3102.1466696770312,3104.8624809771977,3091.9712557938324,3100.0143430905932,5205.82471466548
2024-10-14 13:30:00,3082.7463310405374,3085.4091737545377,3079.33646180846,3079.4146272218672,7842.767867058565
2024-10-14 13:45:00,3049.960892398855,3060.9233941469683,3046.3497917323666,3055.7272385935366,9648.39038223272
2024-10-14 14:00:00,3058.207279234421,3063.4403364993846,3057.1497266692413,3058.772948750487,1729.454898009265
2024-10-14 14:15:00,3056.0822729355414,3065.973434822299,3056.26473090789,3060.2260550680794,1110.9396307760521
2024-10-14 14:30:00,3052.8174542468155,3054.3949162422496,3045.816518758753,3053.170804886305,4601.521028897538
2024-10-14 14:45:00,3025.8622105557365,3029.421228416218,3020.954741368093,3026.0991783761046,8001.934872741602
2024-10-14 15:00:00,3017.1782434899133,3027.6989518989362,3015.9408429374944,3026.186534261497,5175.240099034888
2024-10-14 15:15:00,3016.1290656228084,3020.785884676971,3010.2734823271344,3009.5970787913043,3846.772735034792
2024-10-14 15:30:00,3038.9468226414065,3042.8091411462597,3033.2416694860462,3035.565022500473,7268.330059150135
2024-10-14 15:45:00,3005.264075354031,3014.3143259027997,3007.21481623248,3005.318785772687,9704.41475094886
2024-10-14 16:00:00,3009.05990679589,3013.2820486512906,3006.833151632694,3011.2723507896144,8702.099733581137
2024-10-14 16:15:00,3027.197711948257,3033.7014374899422,3028.3261657179282,3028.490074698939,2190.6903480680808
2024-10-14 16:30:00,3041.723569379732,3050.953793835539,3038.9045714172794,3050.2122994712313,2182.6865583227464
2024-10-14 16:45:00,3053.428899898828,3054.35409825711,3044.805573647973,3047.4177548497896,7108.1432174592865
2024-10-14 17:00:00,3069.9897996902005,3070.387315587709,3062.416523210348,3067.648265989,3924.9850933844286
2024-10-14 17:15:00,3084.3659916143674,3090.1563373525023,3081.2482316555293,3084.3452783560647,1497.1613908749687
2024-10-14 17:30:00,3100.8390433322184,3112.4329675244453,3098.9039584985157,3105.335171874608,5079.207624872018
2024-10-14 17:45:00,3109.5936478498706,3109.548026088048,3101.0886027512297,3102.978244939444,5528.545084403877
2024-10-14 18:00:00,3109.2117011739588,3111.0304526499617,3102.74041679776,3105.297241718624,7148.654411755766
2024-10-14 18:15:00,3135.301542579322,3144.0461141861206,3131.081452927837,3139.587754675891,2751.0525054418986
2024-10-14 18:30:00,3144.0212388228515,3156.419556414709,3141.45795441923,3145.579099269523,1282.8232157729985
2024-10-14 18:45:00,3143.983737551619,3148.113628972341,3142.453583088927,3145.71167045032,2581.0917941299485
2024-10-14 19:00:00,3155.700005364773,3163.8549420975346,3152.6809428761812,3159.654012867727,272.8875304347001
2024-10-14 19:15:00,3146.3327553558406,3150.197052170919,3137.7014177254414,3138.9818692137173,8553.99906851245
2024-10-14 19:30:00,3138.520358804006,3139.7648254865608,3132.6559009848993,3140.5987555743413,7549.236470232591
2024-10-14 19:45:00,3132.4619759087736,3135.4997225901197,3127.1295950245153,3128.175371331904,3961.011849738765
2024-10-14 20:00:00,3108.0324135247433,3116.567899046491,3107.9298531510926,3107.469682379221,3196.19392790824
2024-10-14 20:15:00,3102.6600842158978,3104.7809397243477,3093.7025409456332,3100.7973465170608,6777.070128521913
2024-10-14 20:30:00,3098.5576141337046,3096.13316137491,3089.0260899427426,3089.6407949370805,8826.82452365677
2024-10-14 20:45:00,3092.7350156271505,3099.3874185674326,3090.3828189900073,3093.4087901982994,2519.372749205162
2024-10-14 21:00:00,3086.9926414990255,3094.0955001804523,3087.0583189361787,3090.6854822433293,2794.682155268931
2024-10-14 21:15:00,3075.9782341548535,3076.3639165469103,3067.8573910015257,3068.267486910503,8669.719753923822
2024-10-14 21:30:00,3067.8202560168943,3070.877136821566,3061.1775112379273,3064.0113107317243,6707.137318598665
2024-10-14 21:45:00,3072.5809401965334,3077.6375842772504,3062.6642235602335,3069.3209349495337,9284.945017192455
2024-10-14 22:00:00,3070.5838066302026,3082.258027524391,3067.963665712124,3074.55751985296,7969.858605024271
2024-10-14 22:15:00,3081.467033621096,3087.5304201310496,3076.6793134075574,3085.6940714545194,3296.007641176127
2024-10-14 22:30:00,3124.806917267801,3132.999816569438,3123.9944389296434,3130.389250320733,1804.0557779863275
2024-10-14 22:45:00,3122.4532595646497,3127.3191490046324,3118.6842806871273,3119.5829109990855,4940.962937641054
2024-10-14 23:00:00,3121.5941111917896,3128.9924868280427,3120.59089333981,3119.1572600061827,8773.951201476299
2024-10-14 23:15:00,3084.497423455919,3093.456475275517,3084.7160547923736,3086.709017348733,5517.3545917124375
2024-10-14 23:30:00,3092.702937064392,3102.8673042596465,3092.2465755967437,3097.236964436431,590.2339835516591
2024-10-14 23:45:00,3101.454556882618,3106.167080477298,3097.3887833460026,3095.090567024972,4677.718923734565
2024-10-15 00:00:00,3100.0475636888827,3099.2285265066744,3089.892042572901,3096.4571292089054,8608.780932512671
2024-10-15 00:15:00,3100.79063650761,3103.8561759904114,3098.8019273143127,3097.1454839306543,8884.865757828356
2024-10-15 00:30:00,3118.5741852487145,3118.5223330684476,3109.890903007462,3115.8243344025473,5584.907998472018
2024-10-15 00:45:00,3097.9727014551227,3103.272736784624,3091.840617538653,3099.4749957572485,5072.690867222098
2024-10-15 01:00:00,3098.5658572288794,3105.186519438258,3093.556655283313,3098.962664810001,6083.090596728056
2024-10-15 01:15:00,3078.8806528067635,3082.193976353954,3073.838415189953,3080.773898731014,211.82929859811424
2024-10-15 01:30:00,3084.030175265107,3086.3321856900043,3078.306255438354,3077.296509988627,9098.75687608804
2024-10-15 01:45:00,3109.6255749399384,3110.2186620162715,3103.1209615265807,3102.0592048186254,3941.665373294033
2024-10-15 02:00:00,3109.6200518071687,3113.814248849846,3103.313595003129,3110.6341289271973,1621.8347322358532
2024-10-15 02:15:00,3109.5150034024464,3118.9726531605133,3106.168065842364,3109.422649476218,6273.782777712452
2024-10-15 02:30:00,3114.8715752394655,3121.2867650821345,3112.4496003550357,3116.765710340523,6767.647474245839
2024-10-15 02:45:00,3126.113014993776,3131.4587927641587,3120.9153767227217,3127.473500265055,5615.09328100927
2024-10-15 03:00:00,3120.10891110913,3120.341879199728,3111.9676612108988,3113.5712426753453,4572.060965894276
2024-10-15 03:15:00,3108.23377524404,3114.0586757500782,3104.8886826651055,3103.6411169750786,1286.1047601753085
2024-10-15 03:30:00,3077.361878481544,3085.920898761394,3074.7289263771595,3084.594267328446,9292.001477135896
2024-10-15 03:45:00,3090.069195826434,3095.6759099396495,3082.092571657907,3088.4947158336877,9708.614398875086
2024-10-15 04:00:00,3115.2163479278493,3118.909866248674,3109.6845808138587,3115.6334902871663,6192.571228804573
2024-10-15 04:15:00,3117.322480337404,3123.2785503189007,3114.195674005953,3122.9961958971844,3489.7411205921644
2024-10-15 04:30:00,3114.123814691587,3124.0655331163744,3112.951655576464,3116.177041193946,1897.7564104794492
2024-10-15 04:45:00,3106.937880991499,3115.674327123512,3104.568632479346,3110.1776716316526,6292.579826208463
2024-10-15 05:00:00,3095.3824941868916,3104.2273555669576,3096.001486189761,3100.2381544131645,1026.7187777316212
2024-10-15 05:15:00,3106.222559963327,3105.3143363321915,3099.522498740273,3097.2247213121227,4599.437403992584
2024-10-15 05:30:00,3101.1301805773114,3109.4577403190046,3093.8802008826647,3101.1421000904825,3975.6068417142433
2024-10-15 05:45:00,3106.0912654857825,3108.471059202471,3095.83244307453,3102.6944701265243,7152.205918222045
2024-10-15 06:00:00,3106.8193353597476,3109.443000372567,3101.5048024158796,3104.0641628449034,6317.105687180474
2024-10-15 06:15:00,3097.9806952522054,3105.586449478337,3096.64784403491,3099.9789288801107,9433.503134230386
2024-10-15 06:30:00,3070.4418391713048,3073.843510457991,3064.8240762034584,3070.6889167771724,6855.296668798262
2024-10-15 06:45:00,3053.811348737386,3055.9481699595513,3046.8422941749122,3054.823591457279,7191.659717086868
2024-10-15 07:00:00,3030.9348227117293,3039.5628423228254,3028.981823084665,3036.4253407251044,1420.9872693911734
2024-10-15 07:15:00,3044.325204877259,3047.3819922168077,3032.6370942118688,3041.382082084762,1130.33823087065
2024-10-15 07:30:00,3042.07569676252,3044.0979123682437,3032.352010598234,3041.1253327277677,1482.2469514808479
2024-10-15 07:45:00,3051.7251811059004,3057.93548538083,3047.769594596009,3051.22945906818,5395.462850638324
2024-10-15 08:00:00,3046.1706866456193,3052.8294309235603,3037.9901253399184,3048.0530363989506,2381.5612911631056
2024-10-15 08:15:00,3044.6644201777635,3047.9324684909643,3041.5196064581132,3041.4765755157287,6470.292550122731
2024-10-15 08:30:00,3016.7096097555996,3019.9108320461164,3006.6820061794565,3013.7451651119522,7491.162096388937
2024-10-15 08:45:00,3015.9218309603543,3025.1793493566156,3011.2726384289936,3016.495898586708,3490.577604698517
2024-10-15 09:00:00,3011.73066724018,3018.518874395097,3009.271470883375,3007.9333007618843,4377.528003835966
2024-10-15 09:15:00,2998.7561380755496,3007.676106537697,2997.366581236119,3001.606336786179,5704.088639090379
2024-10-15 09:30:00,3014.771996284983,3013.599636828886,3006.4496666943123,3006.600871052727,7813.059056652172
2024-10-15 09:45:00,3020.4703570495153,3024.05582032394,3015.6598398846254,3017.266625236783,9437.77490682073
2024-10-15 10:00:00,3025.545680073385,3030.3583346758055,3021.742544896476,3031.18040598836,8010.352949115454
2024-10-15 10:15:00,3024.2350787040823,3026.3798392346366,3018.8751761863323,3021.4795491274604,8098.479379866649
2024-10-15 10:30:00,3019.9779026771266,3024.7529476685227,3015.5863416160314,3023.3316529861418,2307.1767980384234
2024-10-15 10:45:00,3028.856026336091,3032.6112034561465,3021.4036787090877,3024.22039936389,5258.500387874384
2024-10-15 11:00:00,3014.299360032079,3020.3384708387766,3008.021329406461,3019.265003729608,252.90096035956097
2024-10-15 11:15:00,3038.302452045206,3039.812980756833,3029.5508145513472,3039.9582184713886,6919.067722150582
2024-10-15 11:30:00,3028.9917031405394,3039.980727080534,3030.044504949639,3030.980677284054,6812.252747522807
2024-10-15 11:45:00,3020.411764542116,3023.853695745784,3014.05468110178,3020.333057602893,3666.560862750249
2024-10-15 12:00:00,3003.4588989048066,3008.5313817766337,2997.8298775677645,3002.2715505013975,2673.040890350144
2024-10-15 12:15:00,2988.831377736395,2995.878738271818,2983.0882494701164,2990.6567559524515,4435.231135635815
2024-10-15 12:30:00,3012.1071503956073,3010.843176021791,3004.135960922493,3003.1012421351534,5197.991064292061
2024-10-15 12:45:00,2993.924888394027,3003.5635653326785,2991.974787541458,2999.192573712204,5778.008353744739
2024-10-15 13:00:00,2991.7961526773784,3000.1041244129297,2988.833150849953,2988.7472698572774,6806.239921094692
2024-10-15 13:15:00,2976.22971195942,2980.571911689571,2975.5025169018477,2978.574144907091,4392.975280377025
2024-10-15 13:30:00,2993.1346746421455,3001.7737622790983,2991.8946914753274,2990.711832374479,4880.88346603891
2024-10-15 13:45:00,2981.3784439515184,2985.5613449473153,2973.8013374284797,2976.772080406529,9315.121216192387
2024-10-15 14:00:00,2966.7202445017883,2971.4874420448627,2961.898197309256,2967.455811505542,7114.524552391369
2024-10-15 14:15:00,2967.9279910614114,2973.5164474478606,2964.09111415396,2968.294198039723,1491.622028267126
2024-10-15 14:30:00,2945.6897712592277,2951.197552104829,2941.5883933866467,2945.257186102762,5540.000872676588
2024-10-15 14:45:00,2937.4981855016904,2948.4497289207325,2938.152229650167,2943.1798031021804,2565.769933928329
2024-10-15 15:00:00,2947.726670609961,2953.8758767297572,2940.037505851254,2943.3210037099443,7861.567373110894
2024-10-15 15:15:00,2943.4944376929197,2946.831763447495,2931.8581211848555,2936.7367830568232,922.4475279010884
2024-10-15 15:30:00,2936.2919118830678,2946.458933308405,2937.1726886100696,2943.3699039066228,6579.072462096666
2024-10-15 15:45:00,2939.3973142083055,2938.1580861767784,2929.316900541288,2936.3107493310345,3903.906784983606
2024-10-15 16:00:00,2929.6917348213165,2929.9134597558786,2920.563627593126,2930.587615894397,2881.184098493357
2024-10-15 16:15:00,2935.5541677284805,2940.338586522938,2930.7046443662857,2942.7137092853454,2197.94106062903
2024-10-15 16:30:00,2928.5153396416085,2940.3387448483995,2926.1030263496023,2929.2488696435817,8539.792515744832
2024-10-15 16:45:00,2936.693632045286,2939.093511259286,2927.195744323822,2932.904467686312,9835.69893008553
2024-10-15 17:00:00,2893.739210742259,2899.658366548795,2885.4204417192855,2897.2929671836423,9909.278107629076
2024-10-15 17:15:00,2914.7100107198694,2922.4565701422575,2908.9243681418675,2913.546668225118,4757.202941839827
2024-10-15 17:30:00,2902.127950727009,2902.9842309079363,2896.0850331584916,2894.265208780681,3320.6748351043807
2024-10-15 17:45:00,2906.834701891454,2912.1013734896214,2901.1843719299573,2908.8747586640743,526.3255042716834
2024-10-15 18:00:00,2918.4731733163,2919.369198672068,2914.070600769563,2916.5016486651084,6833.777194375169
2024-10-15 18:15:00,2905.660076963987,2911.5595289047956,2898.8894191858126,2903.031793458208,118.79107915824146
2024-10-15 18:30:00,2915.2904964736467,2922.480038960586,2915.8293390968756,2922.2393114801766,9898.222685917774
2024-10-15 18:45:00,2897.6616466618902,2899.5727436187785,2890.498973822558,2899.494562446173,6622.197813643698
2024-10-15 19:00:00,2893.317082536999,2897.224592152844,2889.4981810511554,2890.8220073963894,8986.540453908718
2024-10-15 19:15:00,2908.1521071457514,2918.5654144222963,2908.5877044625304,2908.8755250433287,5555.70236635947
2024-10-15 19:30:00,2917.7513070144755,2919.602854430761,2912.780095799041,2916.790924709929,9473.185865563484
2024-10-15 19:45:00,2917.065189163028,2920.997386967618,2915.4730186719225,2914.5969283067607,5966.832298522533
2024-10-15 20:00:00,2917.734467069376,2926.855878871364,2919.252016696951,2924.8110561187245,9628.160288462723
2024-10-15 20:15:00,2912.2521175205566,2917.089851626223,2904.869829260088,2914.495758920427,7857.765572394452
2024-10-15 20:30:00,2921.870939624594,2929.091507987859,2922.55371307882,2921.196626485022,2927.149231873068
2024-10-15 20:45:00,2916.2937908339068,2924.943594710589,2915.482585899656,2918.456428629756,6550.366349828829
2024-10-15 21:00:00,2923.5419787984583,2923.919965348246,2914.5562751591206,2916.7878547724213,8995.280272008655
2024-10-15 21:15:00,2945.1961586953607,2952.6691279695283,2942.513405075217,2944.9198298004862,4297.845622176429
2024-10-15 21:30:00,2945.7887420793368,2948.1084789859406,2940.5341594135034,2942.4919220415954,110.21089134486436
2024-10-15 21:45:00,2947.3609056680143,2950.8893133069355,2941.546450159208,2945.182990387638,6883.320284290281
2024-10-15 22:00:00,2960.621456590298,2964.9179972601946,2958.907876884693,2958.6140970492265,3847.8035411052733
2024-10-15 22:15:00,2959.269342512841,2963.919135711685,2957.4853133436163,2964.830069201957,8380.713927141891
2024-10-15 22:30:00,2959.289050654523,2962.758386619006,2954.4439820149137,2957.475979133535,5618.49292636312
2024-10-15 22:45:00,2955.535489911839,2954.9358796348524,2949.4533855049244,2954.686336020536,3904.0630097282856
2024-10-15 23:00:00,2930.5363415214706,2935.9742944552127,2929.039501097052,2936.411617196556,5571.148968219811
2024-10-15 23:15:00,2949.5343434354468,2952.4493409227616,2942.9124948956446,2949.7347071358017,9665.117720199483
2024-10-15 23:30:00,2957.797858253963,2963.50567188345,2951.4506439133925,2955.6615607022613,6446.9816774154315
2024-10-15 23:45:00,2926.3185644088326,2929.71911025123,2922.6693670054333,2930.1421216394074,6113.839797887108
2024-10-16 00:00:00,2932.274179780472,2940.178978107143,2927.2035845797877,2936.8484673508833,197.0881256546806
2024-10-16 00:15:00,2925.7950314170075,2927.4667489127187,2916.9369272005815,2917.2704066640986,7984.613774602426
2024-10-16 00:30:00,2890.1223170876374,2891.644337512298,2882.4854932552007,2890.332787589747,323.16132153237646
2024-10-16 00:45:00,2886.012128633242,2887.036555823672,2877.509214098911,2882.1503561055156,9383.773176589186
2024-10-16 01:00:00,2878.1608748023395,2888.515949444071,2875.395405692481,2885.4213898387775,2236.5807543956366
2024-10-16 01:15:00,2883.4016439572397,2886.3499742494173,2880.335219232401,2880.4065605309775,3090.0016356601113
2024-10-16 01:30:00,2881.4847410556536,2882.7365092520104,2870.214711873108,2877.5194700605152,7297.74296765358
2024-10-16 01:45:00,2843.7370305550317,2852.225644021167,2843.62884554906,2844.627942354488,2686.0606919391967
2024-10-16 02:00:00,2834.3416773891045,2842.306568512434,2833.945043528908,2839.938729692899,3165.7862260446577
2024-10-16 02:15:00,2808.604160856078,2819.611759487101,2805.139833588129,2808.459264512655,7327.190800661289
2024-10-16 02:30:00,2837.096309902199,2838.033427141214,2830.474897889248,2831.868948416505,2461.3989055099196
2024-10-16 02:45:00,2821.325435051628,2831.1764089365556,2819.7614681328764,2829.139736594988,8117.167321007746
2024-10-16 03:00:00,2848.910728078513,2853.1193192732135,2841.3726144916704,2853.3054823751386,2703.214709534645
2024-10-16 03:15:00,2869.1920584619475,2874.578035544304,2866.619612772643,2866.086709621494,8083.591217474089
2024-10-16 03:30:00,2898.420003644684,2908.6615114594765,2895.6981076477573,2903.3062074179516,1239.0201910415788
2024-10-16 03:45:00,2925.329672017825,2928.1509059416,2915.9569868667545,2916.6150933869967,9903.598918702595
2024-10-16 04:00:00,2903.7259693199703,2910.0085749699792,2902.471331712725,2903.122502748242,5657.052349507192
2024-10-16 04:15:00,2922.1566671767387,2925.140726504469,2916.905595564895,2917.9564362477495,5014.919722086646
2024-10-16 04:30:00,2911.9886581383284,2918.565998071355,2908.829170129163,2909.6368403889146,131.7167940911114
2024-10-16 04:45:00,2933.3234344399557,2933.179961821655,2926.6617970851835,2930.5594640381414,7467.679853810796
2024-10-16 05:00:00,2937.6472090577704,2949.7481246006014,2937.4362986712617,2941.5965366571922,5474.09216621986
2024-10-16 05:15:00,2955.8914448836344,2958.395446145251,2950.9296011839742,2949.3779114706667,6744.077449503374
2024-10-16 05:30:00,2958.7313613340875,2960.1068466250417,2949.6734475968997,2958.2650200041353,2684.624051677463
2024-10-16 05:45:00,2969.2379557011077,2978.4977112664365,2969.6009425690027,2973.8179362001056,4849.486081731476
2024-10-16 06:00:00,2962.443363254992,2967.343808162089,2955.9163330773717,2961.0652295676714,1784.7188180771764
2024-10-16 06:15:00,2960.4537545913395,2963.2522515617447,2956.3039603301117,2957.8376191504944,9447.268521742888
2024-10-16 06:30:00,2962.5784832490594,2961.7123974767946,2953.6222731755674,2955.1506988697806,524.5722991418547
2024-10-16 06:45:00,2983.1710809367896,2985.6604905939175,2975.86960565972,2980.3816613015065,7207.639297908012
2024-10-16 07:00:00,2959.734445631884,2969.072998822384,2957.5985430225883,2961.132627455318,7553.460358387642
2024-10-16 07:15:00,2953.47823761525,2964.2621121934353,2949.095248745672,2958.3680017530587,5100.552990194734
2024-10-16 07:30:00,2938.46305701218,2942.3588020659413,2932.253712042718,2938.4103912786195,9983.739425913414
2024-10-16 07:45:00,2942.893134971191,2950.8448257444306,2937.2886081168344,2944.5190570904297,3117.911994043479
2024-10-16 08:00:00,2933.4385789962107,2939.791422785423,2928.378085316521,2937.420404103035,3209.5352911582117
2024-10-16 08:15:00,2908.0313241650883,2916.969366251812,2908.0416407885946,2906.912067582047,5184.221068105628
2024-10-16 08:30:00,2911.2553228655115,2911.4442495045196,2905.3350370557105,2907.0330347220656,841.5104551571063
2024-10-16 08:45:00,2908.3260079123525,2910.9934935216293,2898.1562323327785,2904.9552650106007,4408.363833908225
2024-10-16 09:00:00,2906.0293277575115,2912.6104415224136,2899.825481531135,2904.7582541070615,3242.1129545534054
2024-10-16 09:15:00,2919.6470451703913,2921.676155579411,2908.670542722524,2914.0671541385022,4575.995190972259
2024-10-16 09:30:00,2898.4646169751104,2907.010895095354,2894.2593013297424,2906.5000763893254,4789.533815277808
2024-10-16 09:45:00,2889.665943340081,2902.039796728144,2889.342880295223,2898.3527190050186,8570.29111416722
2024-10-16 10:00:00,2865.711994507334,2877.0725750761094,2864.7466132501286,2869.5679883792477,8096.563399373399
2024-10-16 10:15:00,2869.281869026869,2875.954182144992,2865.539315249683,2873.9106848162332,516.6708061487221
2024-10-16 10:30:00,2861.065678839601,2860.1499663204795,2851.8574887794503,2859.6748281685104,6860.2861437507945
2024-10-16 10:45:00,2826.1610530405355,2828.485751229849,2820.536513177927,2820.6597410198156,5243.195389980948
2024-10-16 11:00:00,2815.445750448439,2825.9334781907687,2814.587141405161,2813.918090820149,337.23714570966115
2024-10-16 11:15:00,2832.897557409841,2831.75026675969,2823.0529421736196,2828.715116449292,3983.4722199130542
2024-10-16 11:30:00,2837.553745047901,2847.490002637792,2838.0596149228995,2840.85044578994,3686.547656624118
2024-10-16 11:45:00,2825.873634040275,2837.6988556313167,2826.671855489158,2828.2337525950365,3620.672720170154
2024-10-16 12:00:00,2829.9237545960136,2832.799456296919,2827.83786954089,2835.223793398125,2791.970898662712
2024-10-16 12:15:00,2851.1238168851496,2856.9484634771097,2849.294517343352,2850.486612879832,828.7037483826736
2024-10-16 12:30:00,2812.6340053791246,2819.8158547410503,2813.3391817134225,2811.893127629993,2407.6592086579153
2024-10-16 12:45:00,2815.8695490661876,2815.3938502703595,2808.0865346730616,2815.3462867959565,9501.616076663458
2024-10-16 13:00:00,2843.657438467797,2849.3133887876597,2835.8256009832453,2847.4999834786636,3975.097942874518
2024-10-16 13:15:00,2823.9605090293658,2833.092839652744,2820.9394330547816,2827.707687175689,6876.9746840921825
2024-10-16 13:30:00,2803.528042421031,2804.451647859694,2797.4058105214326,2803.2011492860856,3974.2647436807265
2024-10-16 13:45:00,2797.0820208182813,2802.0036079431247,2790.970255310424,2791.239740725077,205.22645538004377
2024-10-16 14:00:00,2789.834973376486,2796.844489134988,2791.091939725377,2788.825784324792,7457.921108190452
2024-10-16 14:15:00,2791.349880972672,2796.454313461957,2788.0394810671582,2794.971257728654,6278.260075312216
2024-10-16 14:30:00,2802.9742125978883,2809.3624008140587,2795.4950926184424,2798.027414758019,7964.617478588633
2024-10-16 14:45:00,2789.4932273855584,2792.4473837933715,2787.9966760017737,2789.227610491264,3269.5020332238655
2024-10-16 15:00:00,2794.2960250259134,2797.277214140443,2785.7972404435445,2789.3505389522948,9879.224013239334
2024-10-16 15:15:00,2819.658537760976,2819.2025211502264,2811.2820995442416,2812.384980121665,7176.075561994104
2024-10-16 15:30:00,2795.1890759934163,2800.7310801145,2790.2172578789227,2793.2608704525123,747.1935790941875
2024-10-16 15:45:00,2790.321990493499,2799.1577292304464,2783.7905566871486,2792.9774721091517,8024.370986363892
2024-10-16 16:00:00,2811.789167768334,2820.2636472631502,2810.139055747775,2810.464889053036,1000.2133468415973
2024-10-16 16:15:00,2802.4764098022656,2811.7583727428155,2799.399353411627,2805.5851742657615,9675.74469283596
2024-10-16 16:30:00,2829.6072957553715,2834.395530505507,2824.076531581996,2831.2677243372686,7362.204499612416
2024-10-16 16:45:00,2841.3900703475756,2852.119712081375,2842.0188160357307,2840.285623438335,8562.216064508066
2024-10-16 17:00:00,2860.3381394321045,2867.9958550059023,2858.2813914583926,2860.029442220948,7967.107028717741
2024-10-16 17:15:00,2872.327204754089,2876.335667088514,2869.680167376711,2868.0658112148813,311.62028371735335
2024-10-16 17:30:00,2885.065641093248,2892.668152595004,2880.4099166513265,2885.0803062984173,2991.214431343004
2024-10-16 17:45:00,2886.052802716456,2893.0394457625416,2879.5085392103283,2883.4376654361977,2845.0091359299886
2024-10-16 18:00:00,2875.5715099275662,2881.4890107356814,2872.046376769323,2880.755644072315,9586.806146413493
2024-10-16 18:15:00,2841.7634110850404,2845.8160163893085,2839.1207034517156,2843.2066169285936,3730.9515483298524
2024-10-16 18:30:00,2829.97961750291,2838.5408451985463,2829.0549778613263,2836.805627397399,5615.590913466325
2024-10-16 18:45:00,2821.488723882726,2825.390220195687,2817.2383327806238,2828.3372804416117,3690.226276277917
2024-10-16 19:00:00,2799.6941656978784,2801.086828804111,2793.9607987370546,2799.6953243627586,3444.688255350834
2024-10-16 19:15:00,2776.587069762677,2781.1804722256747,2773.8923129526606,2771.38504728972,3829.385621871356
2024-10-16 19:30:00,2777.176175476975,2779.9614270437937,2771.2788087451836,2774.775668597218,3538.011628626708
2024-10-16 19:45:00,2772.3651259380554,2780.8464648634035,2770.276169735705,2774.5857519770216,7265.247603233187
2024-10-16 20:00:00,2793.6154248499183,2795.5931807723164,2789.2462008233215,2796.2952976056185,3692.8199350305035
2024-10-16 20:15:00,2801.762565346035,2805.354102724333,2795.957602888691,2797.907969679224,9299.792959600203
2024-10-16 20:30:00,2786.075949226252,2793.1023418259615,2786.3501329866285,2791.8350051356006,5002.4321364013895
2024-10-16 20:45:00,2787.104568412455,2795.752736811631,2788.008665192666,2793.9448608358352,8528.243456067705
2024-10-16 21:00:00,2796.7463122812287,2803.2044829433084,2797.8079946345156,2803.496711547483,751.2580796089796
2024-10-16 21:15:00,2791.6196350298474,2790.736662266221,2781.34827395302,2785.970860376347,3030.0981862371204
2024-10-16 21:30:00,2792.159224645908,2799.6742796728613,2792.569032269183,2794.247211529204,129.04177542658636
2024-10-16 21:45:00,2795.7673403163913,2803.9655845699867,2794.250211009471,2798.750488964186,6510.851781171196
2024-10-16 22:00:00,2812.69001764518,2812.795921023603,2806.9116892622537,2808.0881917574347,9492.322301475673
2024-10-16 22:15:00,2836.9206170723137,2835.644872620121,2827.5043231026193,2835.3719958810425,3693.943986397301
2024-10-16 22:30:00,2831.694141646418,2843.588847012004,2832.995928470113,2836.0953306762876,8706.464514736097
2024-10-16 22:45:00,2834.556499637534,2845.934173306388,2835.9637750758106,2842.0157248688192,3184.2158669178984
2024-10-16 23:00:00,2843.263568566524,2847.180405572669,2840.6740900833975,2844.668090279781,1855.5270783970554
2024-10-16 23:15:00,2844.066130705244,2845.684361659039,2832.6398492063277,2835.9231477200065,9414.81282856997
2024-10-16 23:30:00,2863.248129165254,2868.2254224124044,2859.758838598708,2862.998054129849,507.2534866984524
2024-10-16 23:45:00,2847.469801614543,2847.4512462142898,2836.8707573388565,2847.298135900107,6625.548741688967
2024-10-17 00:00:00,2836.413498484479,2838.1663983012427,2826.5956999689333,2830.128836832999,5434.549834989892
2024-10-17 00:15:00,2856.917557096869,2857.951938514605,2849.7501115481614,2853.861761378726,373.7222290569885
2024-10-17 00:30:00,2855.8747220755595,2862.6321688533394,2850.103544212812,2858.5139804972932,1661.6826978243203
2024-10-17 00:45:00,2842.787484928271,2851.6354666314255,2844.916819072354,2844.828037026328,3193.4123842283802
2024-10-17 01:00:00,2849.8868495055185,2852.677168166497,2844.6992419247276,2844.59477087807,919.9298542487037
2024-10-17 01:15:00,2836.6511094635625,2846.376708940478,2836.200571296124,2836.633565823186,2066.9139040228483
2024-10-17 01:30:00,2827.586663544851,2834.395166851218,2829.620023274825,2828.5831335529015,5653.166818968286
2024-10-17 01:45:00,2850.5824513602442,2855.627483434802,2841.757999018979,2853.1678724157755,7222.869026871935
2024-10-17 02:00:00,2870.365375051791,2875.3991242623774,2865.5396391476065,2870.1122634850403,8937.842799181994
2024-10-17 02:15:00,2875.074925159487,2876.923628732908,2868.6807525610775,2877.3008469701476,6495.8278689295485
2024-10-17 02:30:00,2864.7855049854447,2872.4498209577937,2859.491434864728,2862.0175137315123,3411.413923749932
2024-10-17 02:45:00,2854.0408229512655,2863.8909851650415,2851.5750811723665,2855.8918951722285,8967.511063343492
2024-10-17 03:00:00,2859.488299949845,2858.4431116758265,2850.087355910101,2855.8464880385445,6237.875008520283
2024-10-17 03:15:00,2849.065880964982,2854.8932451235873,2845.8827305145946,2851.782621472917,3815.92887771372
2024-10-17 03:30:00,2846.133597644684,2852.181111720151,2839.9008455583394,2842.1755601888503,9695.71608968844
2024-10-17 03:45:00,2838.027674087066,2844.7068437600615,2833.5425704316854,2839.8919587607556,5508.926217446035
2024-10-17 04:00:00,2839.238270944886,2838.6937226270625,2832.452561464793,2841.563463448344,4597.763505049529
2024-10-17 04:15:00,2848.0759253250253,2851.3818300288917,2840.979905348134,2842.615528288612,9913.645961531936
2024-10-17 04:30:00,2826.455120126493,2836.4304451324433,2827.1426694940533,2828.2412029002016,2342.360647601971
2024-10-17 04:45:00,2827.419280154824,2833.4876731996806,2827.535366245084,2835.1527327444237,133.9796788199884
2024-10-17 05:00:00,2842.038575481406,2850.915924933352,2837.1058522766866,2844.12566519649,8594.721174369182
2024-10-17 05:15:00,2839.598057932751,2850.515120333488,2837.852369171664,2842.7185653240176,4366.3969487722725
2024-10-17 05:30:00,2846.4896452720877,2854.103389145282,2839.286683398238,2843.255719993041,6025.390076742696
2024-10-17 05:45:00,2857.7974460030264,2858.2049033235326,2852.87738432448,2856.7821717489337,5639.21746889988
2024-10-17 06:00:00,2837.3856618642935,2847.1171971340636,2836.6445478277365,2843.0595722757002,6989.239507122589
2024-10-17 06:15:00,2830.80258189559,2840.318523912152,2828.824430848457,2839.7043973321206,6320.1214048855245
2024-10-17 06:30:00,2841.1322905793177,2850.3736474322823,2837.012253176256,2840.706608768799,315.3808577967619
2024-10-17 06:45:00,2866.829877886235,2878.415553698258,2864.482231818703,2869.8306023274977,7049.228005376772
2024-10-17 07:00:00,2887.146141469339,2894.706936032231,2882.0544257416873,2885.5228065420442,2829.9757709920823
2024-10-17 07:15:00,2876.803147921211,2879.963186653403,2872.40363879599,2882.2072473497396,9109.007333167932
2024-10-17 07:30:00,2859.44469043779,2865.645702644577,2855.4852392364337,2864.6723468716627,2880.2239774133395
2024-10-17 07:45:00,2842.960303503665,2847.3522703172207,2837.3726745891586,2837.981894866056,9792.92224317448
2024-10-17 08:00:00,2832.860335601915,2831.784758143835,2823.203238142709,2825.7044543093543,3592.611370025722
2024-10-17 08:15:00,2837.9763845072976,2843.941578526448,2832.9263939899106,2843.9478353650106,7314.834230009763
2024-10-17 08:30:00,2836.219817505191,2842.1525453536315,2826.9291070345084,2831.4205887900403,5244.331442746674
2024-10-17 08:45:00,2850.001901637636,2854.110211721906,2841.6636652084003,2851.9804202352584,9636.318279910362
2024-10-17 09:00:00,2861.439566772285,2871.7735411736726,2856.4796846657423,2860.356810968904,3275.436727143771
2024-10-17 09:15:00,2850.1258128248205,2851.2973138505795,2843.709857329112,2847.7911512783608,8497.140374038334
2024-10-17 09:30:00,2840.2773249868515,2849.238504908544,2839.86715113061,2845.2311227020587,7878.978240940818
2024-10-17 09:45:00,2844.823091940205,2845.017178169654,2834.923422938502,2842.3512891240525,1738.5825006214036
2024-10-17 10:00:00,2852.2174213564517,2851.020213843454,2842.4022572064196,2848.2404074767155,2031.7619380361132
2024-10-17 10:15:00,2853.8160768694984,2855.9766229120073,2848.2320541086397,2851.783423515526,362.3381945042629
2024-10-17 10:30:00,2864.755198760651,2866.335672712293,2857.2397825494204,2866.067947782495,4419.327995335493
2024-10-17 10:45:00,2879.2373762164966,2885.6028081090926,2875.7866074509784,2882.079074524721,9566.087674221517
2024-10-17 11:00:00,2914.6563948205926,2919.879945325186,2908.179222747365,2911.9408020513474,1741.8793296587414
2024-10-17 11:15:00,2886.57573277915,2894.9602089995274,2881.0662310588386,2883.810649079891,8410.904075634564
2024-10-17 11:30:00,2894.7575062828237,2897.6506809455423,2885.1567425841813,2895.3392954920814,8024.13432814766
2024-10-17 11:45:00,2903.1550080427614,2908.664714839977,2899.858691714514,2909.2743618178315,5915.384400861432
2024-10-17 12:00:00,2903.041669536898,2903.748927657726,2894.644158445807,2901.5333537930646,2329.7958409744565
2024-10-17 12:15:00,2910.101403596996,2913.4871813260997,2899.975821452924,2906.324829154598,5333.669451898094
2024-10-17 12:30:00,2916.6320011065254,2926.726572511751,2913.0868397492573,2921.892334773241,416.37288786721143
2024-10-17 12:45:00,2905.949564038183,2904.485562201042,2899.675272592584,2897.8894168852594,8075.311966745295
2024-10-17 13:00:00,2921.896663831812,2923.861227937013,2911.826435568306,2916.8694238603225,9616.327146777974
2024-10-17 13:15:00,2923.8917270703027,2933.2696488801676,2921.2927024841692,2922.7858126645333,8091.085144024933
2024-10-17 13:30:00,2917.042158158222,2922.863656761193,2912.187996463795,2918.4466255802845,1032.0866413470021
2024-10-17 13:45:00,2898.6106443783237,2909.357970398453,2896.71503942885,2902.665686226237,2986.888257117712
2024-10-17 14:00:00,2897.0405406568475,2908.6263844585014,2894.4207348711006,2901.497399705905,3694.512461881712
2024-10-17 14:15:00,2902.5039265677615,2907.781764102612,2893.856185989158,2906.03260188617,5250.811605780558
2024-10-17 14:30:00,2906.305782718174,2910.048427174195,2898.8733750706347,2905.0479559207593,8331.652852151115
2024-10-17 14:45:00,2916.947640428134,2916.3018842048737,2910.2035038099416,2913.3841423386925,7212.262793092925
2024-10-17 15:00:00,2918.309178837796,2926.718566881311,2917.533464845712,2923.149114318305,5687.854546329568
2024-10-17 15:15:00,2933.2118587038144,2943.1258946457024,2932.8955306654857,2934.5910997744472,6926.225010706611
2024-10-17 15:30:00,2920.338534759226,2927.9624800976276,2920.7208504120686,2926.506489901525,1341.5819451731793
2024-10-17 15:45:00,2923.1166830494963,2928.1882328189495,2916.3106012069416,2925.688184691559,9811.47951120706
2024-10-17 16:00:00,2946.0192972712057,2950.0283787780927,2942.557762028629,2942.673396195776,249.93735329621884
2024-10-17 16:15:00,2958.6622744062283,2965.3866810545137,2952.39231478421,2959.475640122493,4962.185608530781
2024-10-17 16:30:00,2963.2860987478057,2969.3033608604715,2962.617019146901,2968.1227183870847,5237.218133491764
2024-10-17 16:45:00,2970.9756723572095,2976.8358158019237,2970.404936314607,2974.388179070118,7599.752635466903
2024-10-17 17:00:00,2973.695545336894,2979.6350110829335,2966.670196511791,2972.783987519175,7069.885903118748
2024-10-17 17:15:00,2968.4760329821856,2971.262534580972,2963.0380558551446,2964.113174725975,7371.24510083795
2024-10-17 17:30:00,2943.627330658109,2950.99384301975,2943.7793131034587,2948.057217381346,6778.536911876556
2024-10-17 17:45:00,2943.3114044244544,2945.1062669560006,2936.8920900677967,2944.801317170916,9803.916905227718
2024-10-17 18:00:00,2920.357221333744,2928.6635815132204,2917.1509111912987,2923.5015361977603,4403.198815909837
2024-10-17 18:15:00,2884.748086613638,2891.8522395715504,2880.5062567898362,2888.650559510544,4073.698538709608
2024-10-17 18:30:00,2894.1808759294245,2898.145097119564,2889.954282671039,2895.677942768123,3930.569849322594
2024-10-17 18:45:00,2912.7587916321186,2914.086209673792,2904.0572569404535,2908.6365216860854,1909.981408526465
2024-10-17 19:00:00,2915.0792431438836,2923.742124917464,2915.4593564269576,2921.2692466105013,8287.615961505731
2024-10-17 19:15:00,2937.4774512100353,2943.336160135667,2935.0685274072216,2933.9389367608246,6822.595700514972
2024-10-17 19:30:00,2936.136763668697,2944.0433665061773,2935.1808354238196,2937.9659504488513,4301.254035025768
2024-10-17 19:45:00,2900.9838652728913,2902.76455666543,2892.5482870214546,2897.228660525001,9627.644415377676
2024-10-17 20:00:00,2883.4078793788417,2885.5374758797266,2877.5142611522315,2883.75953055831,3246.281817845006
2024-10-17 20:15:00,2877.965586364494,2878.3042793037403,2868.756470624753,2875.470920138315,2186.811792630998
2024-10-17 20:30:00,2873.028100917596,2872.0377459607184,2860.8445174896674,2870.213484519744,2804.213584502997
2024-10-17 20:45:00,2882.745970034916,2893.51609550766,2881.312203794803,2888.71548826254,9218.030085664874
2024-10-17 21:00:00,2876.4016265670375,2884.3319740225697,2874.942260364093,2874.010938447805,4011.8153715530384
2024-10-17 21:15:00,2879.598278217326,2886.584690228995,2880.6623511398357,2882.183302169179,5537.068323370567
2024-10-17 21:30:00,2877.782280407631,2888.03193542589,2877.0092254925394,2879.5117333688845,9337.874868185556
2024-10-17 21:45:00,2873.3820310803167,2876.5720822618923,2861.4744588898707,2864.508930264951,5468.652264881749
2024-10-17 22:00:00,2879.0319459207703,2884.1871654282536,2874.3076281840576,2883.943313836091,695.7958141034585
2024-10-17 22:15:00,2877.260787039711,2883.349505246128,2869.171422260029,2873.2921812117197,1046.3364420432451
2024-10-17 22:30:00,2871.9260595309934,2881.4532124205457,2869.3834075698996,2870.7651807431735,4962.909466198505
2024-10-17 22:45:00,2848.958302417383,2854.5988642548004,2843.220967849994,2851.5891586015955,9525.06767865739
2024-10-17 23:00:00,2852.8697733298086,2854.730624805975,2844.6636351330662,2855.710924032194,5077.505266907212
2024-10-17 23:15:00,2866.4348079400224,2871.50049142278,2862.518974202743,2864.547557727032,6639.967041494593
2024-10-17 23:30:00,2863.081151330553,2873.701035835931,2864.430401049233,2872.639254229309,3757.352837172386
2024-10-17 23:45:00,2842.8181512379488,2851.2506169136173,2837.9468611670736,2847.010114132876,5526.1028549407165
2024-10-18 00:00:00,2837.440873612265,2842.635290260082,2833.3787584579527,2834.4203669148815,3268.852248584072
2024-10-18 00:15:00,2818.4669049257013,2825.8045554903233,2818.2370541323207,2819.2973357665037,6682.9144791828885
2024-10-18 00:30:00,2815.565705213374,2822.9350955916366,2809.4269086368413,2819.1965345399676,5753.3698848295
2024-10-18 00:45:00,2827.2879593939706,2828.1000125333467,2819.8830976388963,2819.237898803954,2065.2666862186907
2024-10-18 01:00:00,2822.0250198919985,2823.1447228148486,2809.7830444271817,2813.814664422451,4370.271527371178
2024-10-18 01:15:00,2809.9702822504532,2816.757070662384,2806.214818340729,2812.3047167381696,3298.7948574551965
2024-10-18 01:30:00,2803.473720322245,2806.991552464028,2794.2816937144216,2804.214001180369,4279.182813358268
2024-10-18 01:45:00,2815.8419980800554,2821.4660405714453,2812.9435449798943,2815.931428197617,2748.9308992313254
2024-10-18 02:00:00,2805.4160656592167,2808.857049838401,2798.055508802375,2803.4151976443973,4508.537058028266
2024-10-18 02:15:00,2804.9016781825167,2806.3678603466205,2797.2921395615977,2805.724560285985,5976.70363067675
2024-10-18 02:30:00,2826.8136839028452,2825.532693935164,2815.501279845598,2824.7349545060065,6419.265641151157
2024-10-18 02:45:00,2838.3176907613474,2839.8187714026135,2831.7132748908925,2839.732591402262,1565.5572010644514
2024-10-18 03:00:00,2833.7560350200574,2835.8441879842117,2826.7363160569075,2837.98745608131,4941.668723895464
2024-10-18 03:15:00,2814.7408081533845,2819.851545691509,2805.5311002004937,2815.3071207285816,4152.927272766497
2024-10-18 03:30:00,2779.832286701358,2789.0729260621206,2775.906154959577,2784.5973183689644,4657.866337006422
2024-10-18 03:45:00,2787.2139779462027,2785.232326298479,2778.0528169208387,2785.2543893270044,570.7848939070018
2024-10-18 04:00:00,2760.1090810979085,2763.6285522959047,2753.6966107302032,2759.301291542197,2249.4321871967295
2024-10-18 04:15:00,2768.0540936382977,2770.4961196993777,2758.511164791723,2764.3544779387244,3803.1374125731513
2024-10-18 04:30:00,2771.987423069074,2783.045393847955,2772.4936339019023,2773.793979081748,9043.551856496917
2024-10-18 04:45:00,2785.1062927332378,2797.460020248974,2782.321251064358,2794.2543008630946,3081.2437688449327
2024-10-18 05:00:00,2774.1526527147485,2774.512549269363,2767.66571714621,2775.2310050517835,9562.082009882211
2024-10-18 05:15:00,2793.432205777344,2794.91616596338,2786.2490094815776,2794.360666383277,8017.723641808477
2024-10-18 05:30:00,2785.697538327813,2787.8515420245512,2776.4529094846753,2786.1844172677575,7113.193076823641
2024-10-18 05:45:00,2795.9335752487723,2800.8430965810044,2790.5079674977046,2802.807285970273,1162.1633484944673
2024-10-18 06:00:00,2789.40544596005,2790.226680346437,2781.941488637002,2787.9091765057187,1891.5561399167889
2024-10-18 06:15:00,2780.4679619885787,2786.6437513316014,2780.1750253304353,2780.460704802242,1720.252138139452
2024-10-18 06:30:00,2778.610078419582,2790.9428925057564,2777.6304389229617,2784.4585334235076,9285.921667784009
2024-10-18 06:45:00,2775.506188969408,2780.727125838518,2770.2061533238316,2775.2422182984683,2804.0547759416995
2024-10-18 07:00:00,2766.8755511884315,2777.083609436695,2767.4445118973586,2771.399850189572,532.8415293984846
2024-10-18 07:15:00,2776.861813755521,2781.691781738693,2770.413922088331,2774.44959248141,2640.6041914564303
2024-10-18 07:30:00,2752.9991395644615,2755.5157470314184,2744.975088148817,2754.1308531107816,654.0853768167768
2024-10-18 07:45:00,2755.77092933221,2758.7829883908344,2751.0595897625894,2752.7026809210975,3751.939427119893
2024-10-18 08:00:00,2750.1395416058563,2761.1660258146985,2746.897587155987,2749.23183558734,1133.0620560833147
2024-10-18 08:15:00,2753.200178136416,2762.7269368164348,2753.0453633986067,2753.023294475182,9292.395419482425
2024-10-18 08:30:00,2764.0042135469025,2762.7188533626177,2753.9267787079393,2758.2839499014653,376.923524788675
2024-10-18 08:45:00,2784.104189552286,2792.2689791829557,2782.5711544599426,2790.960626045243,392.85928120785843
2024-10-18 09:00:00,2797.4758714096793,2799.7999412535028,2786.648465434947,2788.963829042898,3704.7090240184007
2024-10-18 09:15:00,2777.1856439587154,2783.133199634595,2777.304477751039,2777.642665137218,5805.424909742007
2024-10-18 09:30:00,2775.8018706128855,2783.4795181071063,2776.345705725199,2779.2164595524964,3886.8152846362573
2024-10-18 09:45:00,2770.011936173015,2773.1198153910523,2760.077631011186,2763.1169163032087,9280.163415996674
2024-10-18 10:00:00,2763.6743656909193,2767.8431269859766,2758.8026241297734,2761.953008805742,9846.184123255021
2024-10-18 10:15:00,2765.7436726928727,2771.617925974789,2764.210364474858,2772.6621010577414,2627.576953470491
2024-10-18 10:30:00,2740.975697970719,2749.5355597514404,2740.1851437765226,2744.4127360693196,2582.686985296516
2024-10-18 10:45:00,2755.1630182553104,2763.861972909813,2754.1292919339985,2757.7061353322606,6207.417361760876
2024-10-18 11:00:00,2769.6814352056717,2775.9521695640683,2768.4009419479244,2775.158636193326,3267.901594577426
2024-10-18 11:15:00,2773.107118620781,2777.5925001317923,2767.737235767601,2775.2492979986187,7946.602780380668
2024-10-18 11:30:00,2773.376068529295,2771.201463673376,2765.581255620829,2765.4380803547624,5018.547558764197
2024-10-18 11:45:00,2752.020041176729,2755.582579113285,2743.231900462014,2749.972028720212,3123.902190772747
2024-10-18 12:00:00,2715.7918369877348,2726.607224290176,2714.1467370692562,2722.086671513309,6484.826025712058
2024-10-18 12:15:00,2716.079618705055,2727.517022260527,2711.72656621968,2719.02367128743,2566.983062680995
2024-10-18 12:30:00,2721.765020527725,2727.095252679184,2713.5499829431615,2724.025317216982,4495.8100306348015
2024-10-18 12:45:00,2692.6727637602066,2693.5582708377106,2682.6994463760598,2687.585343008162,5593.936913141768
2024-10-18 13:00:00,2689.2310457851677,2697.730597810245,2688.400785390305,2696.919229165689,8808.802596639884
2024-10-18 13:15:00,2678.075329314133,2681.711143355439,2672.8163002271726,2679.5778125632764,3187.5556522667584
2024-10-18 13:30:00,2673.966258132748,2681.181253862749,2673.1508879716193,2681.690399544896,9341.29716122705
2024-10-18 13:45:00,2674.728195783928,2682.2733969573037,2669.740221869688,2673.8074692330665,9382.880151519992
2024-10-18 14:00:00,2688.628248738678,2686.853003349858,2677.128530770366,2687.1260539649934,7409.389542047156
2024-10-18 14:15:00,2709.779321223652,2718.8845709333655,2711.1211415884254,2715.07933090014,487.6431583873731
2024-10-18 14:30:00,2693.301125793186,2698.081609619496,2687.0219567992085,2695.1086365330466,6823.830810757347
2024-10-18 14:45:00,2712.4192758333165,2712.607900666607,2702.80660127855,2703.4971456769076,8632.849451673621
2024-10-18 15:00:00,2717.120363372743,2720.460368845274,2709.350489743945,2719.4547844026815,437.89440216278234
2024-10-18 15:15:00,2700.4844081776373,2707.058926407698,2694.1295759877817,2702.4583870860997,4443.858780928427
2024-10-18 15:30:00,2692.717086975851,2694.811924571889,2683.172941914407,2690.7638298610314,439.65600486060407
2024-10-18 15:45:00,2669.8568175841992,2671.6844846397476,2659.9879122001707,2667.5277664196165,3716.3093184746704
2024-10-18 16:00:00,2662.471052708548,2664.16224566319,2657.4732096711914,2661.4168081752114,8884.451384370637
2024-10-18 16:15:00,2646.232936738534,2655.3503198064477,2644.366170181748,2650.357525214392,5177.6340859651
2024-10-18 16:30:00,2646.4268925246015,2648.219038420159,2643.09322760754,2643.2906211858594,1953.0399956475176
2024-10-18 16:45:00,2652.806849008612,2664.6378999017866,2652.7142096468524,2653.289823957709,8890.628336173218
2024-10-18 17:00:00,2657.0513239814118,2664.1929211344327,2652.9991454976134,2655.1444547362958,4320.46057252469
2024-10-18 17:15:00,2666.1586286623633,2671.572333413696,2662.107106908245,2662.557196458987,6106.848354663985
2024-10-18 17:30:00,2666.9159007845856,2672.7529383086967,2659.492029208184,2666.39256794679,8117.044565077182
2024-10-18 17:45:00,2676.163520493076,2683.23741891597,2673.943583575364,2673.886128457969,3728.165725768792
2024-10-18 18:00:00,2700.121465164956,2705.0297514444437,2698.0383065723804,2701.927565077494,9695.762790079993
2024-10-18 18:15:00,2699.487269591763,2708.1104118498874,2694.821384610133,2706.643779422398,6534.094558870413
2024-10-18 18:30:00,2710.9255304216113,2716.9627282763627,2706.130899355231,2711.5993903235626,4967.572807308939
2024-10-18 18:45:00,2696.0080728393505,2701.548116119311,2691.5233366934863,2695.634735806693,2688.5217315619234
2024-10-18 19:00:00,2699.6319923113247,2706.191504886668,2694.501377428221,2700.1781842801934,5602.370181538411
2024-10-18 19:15:00,2683.8567645245566,2681.537249331094,2673.4672945615766,2675.7306371989184,5881.866570559933
2024-10-18 19:30:00,2669.2313880940114,2667.9113855661694,2657.8412380884624,2666.339749958781,9261.821090334133
2024-10-18 19:45:00,2654.6092400320777,2659.7431838815614,2650.025406544567,2658.084518983109,5707.286613813047
2024-10-18 20:00:00,2626.543409069307,2632.9636418490195,2621.8594585367346,2628.1298731978213,8748.752861281922
2024-10-18 20:15:00,2624.1177473043117,2627.2276524502877,2617.957430700013,2625.9100400786983,9320.13737474474
2024-10-18 20:30:00,2635.980155255329,2635.795030121625,2625.3993542069497,2635.715506860919,9577.39091802111
2024-10-18 20:45:00,2636.669810034319,2647.9671752688823,2636.482849654541,2643.149155651743,4181.374795367091
2024-10-18 21:00:00,2638.315068860422,2643.5029225090184,2633.1500385273334,2633.2886822933474,4541.159168026924
2024-10-18 21:15:00,2641.976233270734,2641.2350485368943,2635.8079456560636,2636.1141455107954,159.89456118582478
2024-10-18 21:30:00,2626.943264059388,2632.01318597662,2623.129000911728,2627.7310224217254,1932.3700292112742
2024-10-18 21:45:00,2614.7576113841524,2614.2772574573814,2603.9403374443937,2609.9170951895735,1880.5179372599637
2024-10-18 22:00:00,2598.087145311455,2604.2131480789853,2593.755929594593,2603.7904781652073,7447.037621043248
2024-10-18 22:15:00,2607.195440893546,2611.155799433503,2603.1807929644647,2607.850718365226,8377.656522776811
2024-10-18 22:30:00,2609.299231491697,2619.414981540141,2605.5602162680375,2609.2608392741195,6646.505105952648
2024-10-18 22:45:00,2603.1345658841706,2609.4264789444082,2598.818631671496,2599.545113493195,1259.1765839069749
2024-10-18 23:00:00,2615.1312455459256,2623.3218805687034,2612.751499164083,2612.1553958177915,2506.326563443068
2024-10-18 23:15:00,2617.91236758637,2616.6701433959565,2611.4343437320877,2611.541365363559,9056.01857276405
2024-10-18 23:30:00,2611.3236687608796,2616.292098876663,2608.565646247243,2611.8873065222942,7951.535303203493
2024-10-18 23:45:00,2617.6213711881032,2622.8656353320107,2613.6579891932056,2614.1402561806813,8576.604393019534
2024-10-19 00:00:00,2611.6936550644414,2619.732530606363,2611.7887990902186,2614.1963351600766,621.1078214721794
2024-10-19 00:15:00,2598.8381112004067,2605.9069764700057,2601.4960109523386,2604.6131358635353,3480.179733260973
2024-10-19 00:30:00,2604.3535475913823,2607.2920358073748,2596.138357795421,2608.7056326058114,4140.22554195008
2024-10-19 00:45:00,2618.768488999092,2624.901591750595,2614.790704975819,2618.466329536158,2672.7158458117756
2024-10-19 01:00:00,2624.7455880158527,2630.413267798639,2622.9721763367543,2623.044884451228,5363.693119513411
2024-10-19 01:15:00,2637.0300483041574,2644.5088708696812,2630.0367758350512,2638.1605180083775,5290.821553996667
2024-10-19 01:30:00,2625.3218038795244,2634.169795013658,2622.4125282174264,2623.52771980594,4959.882467786325
2024-10-19 01:45:00,2655.540142558352,2662.159576587007,2653.5804347469407,2658.168135146758,6681.176695699766
2024-10-19 02:00:00,2646.428534171049,2648.477085540188,2636.229610174818,2642.4335594163526,1346.95870105865
2024-10-19 02:15:00,2642.5647468576585,2645.4335468685654,2631.507584206937,2637.6729691900196,1124.7835786693229
2024-10-19 02:30:00,2635.324686549968,2639.889527109064,2631.9019306898595,2632.063490092811,9620.668458239998
2024-10-19 02:45:00,2671.2504058405525,2672.908424425834,2663.977962441061,2669.540096332544,3668.969587881643
2024-10-19 03:00:00,2667.446390445818,2672.360264280364,2663.6034957242414,2669.079671963581,2938.166942097055
2024-10-19 03:15:00,2666.031624449827,2669.534261861768,2662.198117560756,2663.7314331743464,3874.4337523548243
2024-10-19 03:30:00,2658.6779003246083,2660.594124810574,2650.110254897855,2653.4920760692357,3475.3431908169446
2024-10-19 03:45:00,2649.7184646760334,2652.3811510683504,2644.3560521852796,2647.365672458606,237.74401443668006
2024-10-19 04:00:00,2642.9452764484586,2647.855050607659,2638.5960642808577,2642.658900734979,2900.0344810790803
2024-10-19 04:15:00,2651.2308792677613,2658.9914238070114,2648.0270517721247,2656.220902610689,112.78997694376494
2024-10-19 04:30:00,2665.3567554809174,2669.2607578154857,2658.7504680941433,2667.96280319958,4022.023874442289
2024-10-19 04:45:00,2646.5185576020635,2656.072863940146,2648.4289768854615,2655.2382031966304,8203.852998299786
2024-10-19 05:00:00,2648.800214337102,2652.9879254772122,2641.206967982021,2643.917082610093,9839.636751189795
2024-10-19 05:15:00,2646.135370002969,2647.4500687306013,2637.023956137329,2643.2109354804506,7253.53527233576
2024-10-19 05:30:00,2678.4855680707888,2679.0446769900022,2668.9239216872697,2672.1106866045748,388.8961481084761
2024-10-19 05:45:00,2698.7740525212325,2702.0730573763367,2692.877330029057,2693.7772929006123,2326.0183231341816
2024-10-19 06:00:00,2693.3254571624025,2696.8454532783912,2688.0493490406325,2686.631543978929,1947.7233690280154
2024-10-19 06:15:00,2699.44108014311,2706.1156444785433,2692.924908551975,2702.660981726829,9845.071370506335
2024-10-19 06:30:00,2704.433456067202,2705.4715174931425,2694.5737163213353,2695.4740768721226,5284.826860982787
2024-10-19 06:45:00,2709.5810517343843,2710.6649719286706,2701.541227931911,2702.0947730009943,2566.0472325599267
2024-10-19 07:00:00,2732.9193421227424,2738.0099035826115,2725.2983375190083,2736.1686146013553,3550.491582562425
2024-10-19 07:15:00,2731.9118261141457,2734.932790174903,2725.1923120832093,2727.791591697963,8908.965107587523
2024-10-19 07:30:00,2748.7187841539285,2756.6347219808445,2744.008552403509,2751.1270718936544,1151.8802761183538
2024-10-19 07:45:00,2762.2900829875794,2768.8338229912156,2755.6932119475987,2758.9871355003083,3582.30607141543
2024-10-19 08:00:00,2757.5234514825042,2763.89545353846,2758.3969658524443,2760.7709492241606,1926.2713816991802
2024-10-19 08:15:00,2766.772273596919,2769.39415131324,2761.1636139200214,2760.239347145385,2327.218587534618
2024-10-19 08:30:00,2744.992268165576,2753.585171136494,2739.14897081876,2750.224165992534,7689.791873735735
2024-10-19 08:45:00,2748.464059087797,2753.696738803589,2743.070877467487,2749.486742361701,7855.0665652227535
2024-10-19 09:00:00,2715.253063944107,2719.8454038575255,2710.0270999910927,2713.3749238351497,8736.904556451549
2024-10-19 09:15:00,2720.558509251793,2723.6578257244378,2709.9128960034027,2718.460477851836,7936.657879511612
2024-10-19 09:30:00,2699.9005983888255,2704.469356563086,2692.887125157621,2701.9806676147878,2162.647232887817
2024-10-19 09:45:00,2677.8940245665317,2683.225819109285,2673.794845417251,2675.335019385265,7559.927574220566
2024-10-19 10:00:00,2682.2661544605444,2681.309332385917,2675.302071100242,2674.2499744924776,3628.4370511023167
2024-10-19 10:15:00,2674.1315012167756,2681.6374902989405,2674.5979575620677,2681.142717087449,6064.515047714677
2024-10-19 10:30:00,2687.8261118211653,2698.60175825831,2686.3070598996237,2689.7149445229097,5368.113463294175
2024-10-19 10:45:00,2688.3203736072987,2697.6353415534772,2688.902042117468,2693.333623685415,5559.2228454256865
2024-10-19 11:00:00,2704.2361914405683,2707.181298945929,2697.3183342037137,2701.593311071866,586.8446058352318
2024-10-19 11:15:00,2692.3111583213004,2696.528218411777,2688.435314700315,2689.790198804429,4858.712865151607
2024-10-19 11:30:00,2694.9684156641542,2694.7470142926313,2686.1755652343054,2691.055441117992,7648.432128131994
2024-10-19 11:45:00,2701.361291722751,2702.392840254278,2693.358703789786,2700.79735749435,6597.667011577539
2024-10-19 12:00:00,2737.1594960834295,2744.1404450780146,2732.7405505751476,2734.0029140621796,2377.3253222878184
2024-10-19 12:15:00,2737.3208639573368,2746.0117279838078,2735.9805110882544,2742.3128959768933,8589.089846703677
2024-10-19 12:30:00,2751.6369361774214,2758.0778510782216,2744.064328618138,2748.6362244169036,862.4997961158116
2024-10-19 12:45:00,2746.5140461602923,2750.7663864935475,2744.1256293857937,2745.324583609523,3330.9659087686982
2024-10-19 13:00:00,2759.536412405998,2765.2052492070743,2758.2355833360816,2759.677972673425,2450.829538808751
2024-10-19 13:15:00,2744.0065695438325,2753.064724913813,2745.927656653625,2744.0112287427532,2632.6120456464105
2024-10-19 13:30:00,2743.617320834537,2747.0740369743717,2732.4394196002977,2744.847667563363,1539.1125988456863
2024-10-19 13:45:00,2741.3855243014195,2743.4621397342903,2731.814644552359,2735.0027054819234,5886.466789607816
2024-10-19 14:00:00,2716.132483988686,2720.6816754564525,2713.1148461570583,2711.206151918445,2274.1995157409697
2024-10-19 14:15:00,2706.461695215704,2706.943110922535,2697.771269344138,2703.037511676335,8077.009605330517
2024-10-19 14:30:00,2716.0984443176453,2724.585104091161,2715.0851491299804,2715.18877890314,7778.671505724117
2024-10-19 14:45:00,2710.741675635486,2715.6273123143164,2711.389414206541,2717.2299263312393,4714.976846038185
2024-10-19 15:00:00,2705.4562657210063,2704.6937522516537,2698.400611636028,2705.663520335696,843.6478511356119
2024-10-19 15:15:00,2715.8356544554163,2719.1511759681594,2708.8803831740797,2715.3366851283004,2077.2259884703317
2024-10-19 15:30:00,2719.348032823256,2722.6096060726086,2716.0563923753325,2720.4730917854217,2472.038664489139
2024-10-19 15:45:00,2730.026582583286,2739.8327956880935,2729.977260358864,2732.2250589208393,7870.280370137373
2024-10-19 16:00:00,2729.863458644463,2731.126637256235,2722.195253359566,2731.5632058698484,6506.611963629538
2024-10-19 16:15:00,2711.683309703033,2709.12880785872,2700.262147757217,2702.6211836866005,1681.3636279824184
2024-10-19 16:30:00,2694.5973205287078,2697.148923511062,2689.332944945273,2692.733079194879,821.4219819373138
2024-10-19 16:45:00,2680.5894239471736,2680.22962463179,2672.4282978813662,2672.670084418945,1487.7386892138647
2024-10-19 17:00:00,2668.151628558844,2670.7050495957956,2659.1858016373985,2660.588263811222,3636.50947429596
2024-10-19 17:15:00,2661.191990999128,2667.782477993543,2653.3116103089874,2663.514319971076,8699.503393963278
2024-10-19 17:30:00,2656.722517404754,2655.031300345236,2649.572576875303,2656.1302611168467,6920.390616792236
2024-10-19 17:45:00,2633.304083430051,2638.3168750030786,2626.309569729858,2630.972167537363,1776.5184582519994
2024-10-19 18:00:00,2643.2095169091945,2644.7205921548893,2636.617671492581,2639.553237631544,8236.966440516693
2024-10-19 18:15:00,2636.4052097749645,2638.977374451713,2634.2923788229164,2639.4190909598733,2945.7191890655727
2024-10-19 18:30:00,2642.224805691289,2640.7109437217523,2630.481126913422,2640.9648292548122,3999.2009643947918
2024-10-19 18:45:00,2630.6769414010428,2628.1493573183616,2618.943376389281,2627.1294105014085,5080.850384615318
2024-10-19 19:00:00,2632.9732519498693,2632.56408933979,2625.287382617883,2632.9515790250075,9040.925135251573
2024-10-19 19:15:00,2615.7595097545886,2614.6264142289324,2608.0184473334625,2611.7869735123845,8715.74269114657
2024-10-19 19:30:00,2641.4544317961822,2645.1500187771135,2634.734430885773,2640.8457406907723,3542.8867383587085
2024-10-19 19:45:00,2631.0839115712874,2639.131811415576,2631.4687509229834,2629.538182759636,4460.984088126183
2024-10-19 20:00:00,2637.4810500433487,2640.4384972276534,2630.6240893247855,2637.5748964317786,4072.746712888715
2024-10-19 20:15:00,2615.7282545317707,2615.8292831396384,2606.504321699554,2614.9106931155043,8382.34684566008
2024-10-19 20:30:00,2581.92227779308,2587.9753975680956,2575.090569210393,2586.544708584216,5383.104681815183
2024-10-19 20:45:00,2582.594929454305,2592.966113853002,2580.3442379789576,2589.332285520128,9030.099581234861
2024-10-19 21:00:00,2572.322323333835,2584.593089480255,2572.998272932354,2573.505553385016,3341.101055096945
2024-10-19 21:15:00,2586.5012082945154,2591.6358155953167,2580.2221138375594,2588.278302925406,7199.158983636318
2024-10-19 21:30:00,2581.70510876513,2588.6085097049913,2582.762719286325,2588.4006588917578,5373.980590512949
2024-10-19 21:45:00,2559.188639987411,2556.4063374957664,2546.8185092686685,2549.496950991999,2151.2092818636725
2024-10-19 22:00:00,2580.611728169942,2585.4149401915843,2575.2284029901853,2579.5021409840883,8829.09902761714
2024-10-19 22:15:00,2584.1577546601015,2588.413353849302,2576.286381213534,2579.4671446424945,5881.074923859322
2024-10-19 22:30:00,2581.368646207599,2582.0966338064813,2571.4083905070465,2573.1843029936904,6744.437354634403
2024-10-19 22:45:00,2602.784876998384,2601.871148105822,2590.4337631945587,2602.586048531992,1926.653816206212
2024-10-19 23:00:00,2592.67556551252,2601.309682166647,2590.068342482582,2592.3959216977714,4352.295068122
2024-10-19 23:15:00,2611.4413262835837,2619.9140285756403,2609.6785013015974,2615.2099848215253,9244.074007698206
2024-10-19 23:30:00,2609.9117122761654,2619.2664441290144,2611.13996170262,2614.5697334490696,3469.15592991041
2024-10-19 23:45:00,2614.316823231851,2619.175166062553,2608.412797994995,2613.1074463946466,5265.4857550570305
2024-10-20 00:00:00,2612.912167606063,2615.272395036257,2605.790553395946,2608.2740076831733,1940.4995188679839
2024-10-20 00:15:00,2600.360242511732,2600.7198707874104,2591.3306856226427,2599.1777469106314,993.8519387212361
2024-10-20 00:30:00,2558.90826347021,2567.5439113411835,2557.551529619543,2558.428459588499,2175.5653879046454
2024-10-20 00:45:00,2579.31947167617,2584.0713254438037,2571.1759654183957,2573.8652404597683,920.6317596720976
2024-10-20 01:00:00,2558.824076657203,2560.195341850494,2551.7726783151684,2556.4547557971273,7001.421588538537
2024-10-20 01:15:00,2545.319008947056,2550.4261695700984,2542.85271505618,2548.459147606105,4171.772007910309
2024-10-20 01:30:00,2525.3265162137536,2524.2600087757664,2517.596397957417,2524.5585069843364,1320.9911712965365
2024-10-20 01:45:00,2495.48614922274,2502.022940159698,2487.4808736810805,2491.430446307774,607.2203748510118
2024-10-20 02:00:00,2493.27239509699,2499.0179312825426,2493.3878066639722,2494.835132236798,9299.234442256864
2024-10-20 02:15:00,2498.902810394376,2506.8518134918995,2496.671133556502,2500.1585862262846,4297.122411365299
2024-10-20 02:30:00,2498.2777688963292,2506.4536350419203,2498.0102783063135,2504.665745997751,5396.700511952384
2024-10-20 02:45:00,2504.088641160791,2512.6551309970378,2498.8874389904554,2504.79537870715,4041.288952100697
2024-10-20 03:00:00,2516.0636353259256,2517.878248041417,2513.3574923812835,2512.711904219216,5244.507852199907
2024-10-20 03:15:00,2511.93648694809,2509.7500008132242,2501.6869866982292,2502.802929432191,5995.964001611851
2024-10-20 03:30:00,2498.746589271531,2506.3512672020197,2495.2041940992885,2496.9523810394844,1520.337227413116
2024-10-20 03:45:00,2471.15129640933,2476.8198708088876,2468.646876307084,2469.9641238416316,5047.122758608448
2024-10-20 04:00:00,2468.5387974255964,2477.2156040021728,2467.4488256351806,2468.346673157457,7854.051312199684
2024-10-20 04:15:00,2508.790533611514,2513.4985922891774,2503.415052138857,2501.256928521116,5903.90032213917
2024-10-20 04:30:00,2513.445082878825,2514.623878299692,2507.2332458733094,2509.702221843142,7241.903935678997
2024-10-20 04:45:00,2518.4914154307753,2525.404026962529,2516.8103089703704,2516.82258513111,5430.383252182883
2024-10-20 05:00:00,2526.6793970940143,2527.482625947234,2520.285741472206,2529.794530496663,5069.165414349558
2024-10-20 05:15:00,2513.5847344730823,2523.2674163482243,2509.9822584882363,2513.4761308228562,451.06420915601336
2024-10-20 05:30:00,2502.377727676643,2506.541513450574,2497.2707812760955,2499.4010192428636,8764.531130635745
2024-10-20 05:45:00,2494.1645788420783,2495.8500095280715,2486.847350976941,2493.6498261923202,7539.677638455813
2024-10-20 06:00:00,2473.7505324610347,2479.048116445645,2468.555383647782,2477.711726840216,8439.993133362033
2024-10-20 06:15:00,2471.966492640156,2476.0667075170522,2463.800422532422,2474.0956711990843,1434.5961295203804
2024-10-20 06:30:00,2469.535663031562,2475.0846434137575,2464.443153439499,2467.356930121542,647.8443668096347
2024-10-20 06:45:00,2465.932620532208,2468.9145449261464,2459.203240195213,2460.2189955675603,200.93069663357795
2024-10-20 07:00:00,2470.2574265317544,2479.173863457889,2467.399124549428,2473.3223547487055,6228.339246655745
2024-10-20 07:15:00,2460.0616583472192,2468.492024206616,2459.4095583928656,2468.2229895886976,9982.89515054093
2024-10-20 07:30:00,2462.0441348952963,2468.909181849759,2458.503624733327,2465.6724253250795,6033.755331415976
2024-10-20 07:45:00,2475.1214571164683,2480.347752871897,2471.6024927134067,2478.3764516779934,256.70762358130867
2024-10-20 08:00:00,2469.734084305508,2473.7518579307375,2464.0384990161197,2472.8347761823957,2508.0629358309993
2024-10-20 08:15:00,2472.4046336883184,2482.5568692943943,2469.0622578425227,2478.9848502183977,6415.583964706911
2024-10-20 08:30:00,2476.378003251618,2475.4877829382885,2469.462135736301,2474.3243711514774,3192.4653818971283
2024-10-20 08:45:00,2456.2123517645155,2456.9542208708435,2450.4918056068695,2456.339129843089,7138.54870981563
2024-10-20 09:00:00,2459.546241103479,2463.2340266573356,2450.484723684852,2459.8282503780647,7305.953706412049
2024-10-20 09:15:00,2460.869391811239,2466.828951995631,2454.887752513992,2460.4607793403966,7436.29503358859
2024-10-20 09:30:00,2487.7295584576987,2497.39744084239,2488.1854452268244,2489.2333502463944,1390.3478000510356
2024-10-20 09:45:00,2517.5000492122786,2519.903903450399,2510.4007450905665,2518.2062929262966,4944.4024176842
2024-10-20 10:00:00,2546.731056570759,2548.531579591606,2538.829131706553,2549.103056474026,5639.994818389245
2024-10-20 10:15:00,2528.8013230329693,2535.448404164973,2525.423190737869,2528.709640668776,101.99623439814359
2024-10-20 10:30:00,2556.2120561428596,2566.2972872254354,2553.639339966121,2565.4145477941033,6040.963993865452
2024-10-20 10:45:00,2553.623764218509,2559.330484635253,2550.339346505496,2551.5513477657296,1061.9788966703954
2024-10-20 11:00:00,2552.661638967344,2557.836996987098,2547.882026855474,2558.9780752205747,1292.1066821284842
2024-10-20 11:15:00,2547.7023433679924,2546.4283005000557,2537.018092940952,2542.6066336115678,4260.104865770356
2024-10-20 11:30:00,2540.9304976843446,2541.252341310585,2535.5354031757865,2542.2946674456557,5097.658761305265
2024-10-20 11:45:00,2506.8793329691775,2504.851431854875,2494.942373786663,2506.5933443980343,9590.024705294087
2024-10-20 12:00:00,2493.9787008669555,2499.805205452171,2485.109983714333,2489.2688908701216,6589.126284212262
2024-10-20 12:15:00,2497.7914612331174,2505.5277861392137,2493.423310312103,2497.159546277672,8146.320160706601
2024-10-20 12:30:00,2493.3039175855383,2495.705592513915,2487.6730044509727,2489.558981332123,9756.879329223822
2024-10-20 12:45:00,2490.5675519303863,2498.9852474339245,2485.2403413533284,2494.0454296611406,9903.232546163079
2024-10-20 13:00:00,2489.2506007040083,2493.49007114337,2487.7952734662676,2496.015654140624,5598.206148819919
2024-10-20 13:15:00,2494.9440536918473,2501.1588229166846,2489.9617344002313,2495.6611834126224,8002.57770062536
2024-10-20 13:30:00,2503.0514897903554,2511.5366019787775,2497.860344340842,2500.541305125154,2380.5479773627494
2024-10-20 13:45:00,2500.0403319758084,2505.6844983087904,2490.2461886008837,2497.8601929062897,3114.98807362058
2024-10-20 14:00:00,2486.6714387848483,2485.691899507996,2480.057523815039,2482.9432679774436,6464.521360487683
2024-10-20 14:15:00,2484.806460274143,2490.2025716949265,2484.6363307014367,2488.4417188719112,2488.6846957979087
2024-10-20 14:30:00,2476.9699015823917,2486.02199640398,2476.171480785015,2481.5383605027646,9506.816361957626
2024-10-20 14:45:00,2522.952006877851,2525.8454256865252,2513.2168714694512,2515.980226939574,4285.976751673521
2024-10-20 15:00:00,2534.829296308254,2539.454147023685,2526.6908065203147,2533.8080511038133,7558.063300257139
2024-10-20 15:15:00,2519.8521247752046,2527.4102782119367,2517.312235239519,2524.7931820769454,5722.527520214258
2024-10-20 15:30:00,2532.4345084212614,2542.453961231938,2530.504910206419,2532.204204814872,3237.1732354883775
2024-10-20 15:45:00,2538.6953142562334,2542.6036535332296,2531.9463594249355,2536.7269414930365,2426.5877248020984
2024-10-20 16:00:00,2541.078513650922,2539.4228331949193,2534.2848096500934,2540.838985748286,3838.881121640145
2024-10-20 16:15:00,2503.289204799785,2513.476676016845,2499.640744470426,2508.5386441213573,1122.0088374219818
2024-10-20 16:30:00,2545.8887533603333,2549.267452529181,2539.042061757425,2550.789860190382,9271.43158438376
2024-10-20 16:45:00,2553.653282413763,2562.833038927637,2551.6062523087066,2550.5278953227444,9768.821809223175
2024-10-20 17:00:00,2576.4857191909323,2580.719965783546,2567.8629076965103,2569.736173080164,6720.664077401761
2024-10-20 17:15:00,2563.904482205767,2566.6873712517736,2554.434770271006,2563.0751262670806,4947.356925950576
2024-10-20 17:30:00,2563.9486110653243,2568.165696230425,2560.350952999115,2560.9785991956924,9050.098505210004
2024-10-20 17:45:00,2546.715127709472,2558.2332328100756,2549.1159057294794,2553.12905405679,5612.763245704461
2024-10-20 18:00:00,2567.602083043165,2570.4546223469574,2563.6202658185266,2571.637266623124,4759.645744912319
2024-10-20 18:15:00,2580.719904817984,2583.178129318517,2571.8672168499907,2575.844097243801,8972.456505841481
2024-10-20 18:30:00,2564.850757856534,2569.35696104485,2557.013053203739,2558.5690216815356,3894.8355048836074
2024-10-20 18:45:00,2558.6758794885804,2563.976528336791,2550.4964980938903,2554.2935892067608,9672.576430450215
2024-10-20 19:00:00,2541.6364691124827,2550.029015846914,2543.01632579672,2549.363182997411,5872.565962624401
2024-10-20 19:15:00,2531.556388222378,2533.653928442734,2520.252731402934,2524.323333243783,6238.360727479615
2024-10-20 19:30:00,2506.0864928343276,2513.4554328157615,2499.504058123423,2506.243683429658,1894.1175052840345
2024-10-20 19:45:00,2517.7242506430916,2524.213099768222,2515.3390880942425,2514.9863681580055,9718.6693676039
2024-10-20 20:00:00,2528.8966619137577,2537.0873155582185,2531.075485457427,2533.2421994198126,1565.6799890387379
2024-10-20 20:15:00,2534.0800695338803,2538.30711984601,2526.4493926141718,2536.915673418822,1644.4913693910407
2024-10-20 20:30:00,2520.4478608419463,2527.4262690166843,2519.1386421126717,2525.3375430961282,4364.739887670512
2024-10-20 20:45:00,2489.4810678125036,2497.5561208161,2487.2940606377024,2489.562513563614,4692.847553124409
2024-10-20 21:00:00,2494.351522977415,2497.3693017531555,2483.2135007993907,2491.206255682921,1062.8655466024466
2024-10-20 21:15:00,2482.638011984478,2484.433921433342,2474.952371648359,2477.044734256329,1540.1020558595603
2024-10-20 21:30:00,2457.9450392352687,2466.18987345293,2455.075753248908,2457.0231979717546,3387.271592730415
2024-10-20 21:45:00,2462.0075891760157,2473.737696635117,2460.548187554672,2467.6683868538466,2013.6273603483971
2024-10-20 22:00:00,2442.9855946591106,2445.6843168059104,2436.1184652709558,2435.6954657760193,2749.498126034975
2024-10-20 22:15:00,2430.604634052967,2434.446006213299,2428.4293656367927,2434.49086289822,6332.560397958725
2024-10-20 22:30:00,2410.651778423905,2413.5155820939967,2402.4815039466775,2410.0996103931857,6932.355106465807
2024-10-20 22:45:00,2433.7213669890334,2433.794221227275,2426.64384942354,2427.3835118801485,257.3680355006376
2024-10-20 23:00:00,2409.610701507389,2417.5998606198314,2406.8572356617374,2414.485299281718,7306.521933975671
2024-10-20 23:15:00,2408.032421035851,2408.467610820088,2397.086587000032,2401.3961805610434,8078.303365353847
2024-10-20 23:30:00,2397.18200097123,2400.8564674457034,2391.813055060947,2397.8619093210887,7514.116015732731
2024-10-20 23:45:00,2418.2803011179903,2424.5299393212063,2413.670120154376,2423.657074825083,1981.8604330950216
2024-10-21 00:00:00,2419.1939196443873,2421.5693097315198,2406.7600373726796,2411.668937332972,2246.8452726073288
2024-10-21 00:15:00,2411.531321879183,2420.8862520073103,2409.013562100295,2411.62893887471,5894.6184524823575
2024-10-21 00:30:00,2413.21821467356,2420.4444908101523,2409.188335310652,2413.171859759456,8964.413747716106
2024-10-21 00:45:00,2421.737131399217,2425.7795313704664,2420.1475257599495,2417.8158620432023,6865.451787366432
2024-10-21 01:00:00,2445.705091391284,2445.3590020855063,2435.9228437941724,2441.983796609606,4557.22109353617
2024-10-21 01:15:00,2452.5606315792306,2459.295101473209,2449.7076304640614,2457.7340240737185,6235.535341177344
2024-10-21 01:30:00,2440.2620962636956,2446.7509572350245,2438.114992813753,2444.083255907144,1157.0233104395497
2024-10-21 01:45:00,2439.4475056561405,2446.1479158395305,2436.538953140378,2440.4635660728077,1098.9311927606477
2024-10-21 02:00:00,2446.523569845998,2449.064469030716,2439.9321703622977,2446.2432135126683,3787.224646185995
2024-10-21 02:15:00,2432.169149547081,2437.2173595501617,2425.618652586708,2434.5429851193535,4802.107610729119
2024-10-21 02:30:00,2439.1954538070468,2443.2999515892807,2432.6724518675965,2434.639300240693,2965.0283823193554
2024-10-21 02:45:00,2462.5062847255094,2465.471026643704,2451.140476092022,2456.435238740406,9690.487437310707
2024-10-21 03:00:00,2450.3029201085956,2452.6311652777185,2444.3271443895615,2449.6306287716484,9956.847635329075
2024-10-21 03:15:00,2473.1533097741576,2476.861562171387,2467.9253672733407,2469.4142407591526,9193.307270852129
2024-10-21 03:30:00,2499.2757064699804,2504.1512836829347,2495.248731129263,2496.883848117641,7220.465850783739
2024-10-21 03:45:00,2515.3005568581434,2521.6146798209943,2511.4511319010726,2515.98861483672,5572.338852490874
2024-10-21 04:00:00,2532.310358083841,2540.00768567734,2526.9749526727182,2530.841501242099,9731.213020116797
2024-10-21 04:15:00,2552.629451484944,2560.3056664938085,2549.2436257956438,2556.77803255627,8016.0312120295075
2024-10-21 04:30:00,2567.3649367020935,2570.2373651696093,2560.6427557594984,2565.6868939911215,3252.0092393155696
2024-10-21 04:45:00,2561.572558812378,2572.708790602251,2560.4215109644124,2567.447856678975,2136.9799905181317
2024-10-21 05:00:00,2552.7900776897122,2552.8452225554697,2546.650250031804,2546.414938490518,9249.225027952307
2024-10-21 05:15:00,2519.827671114095,2527.299503471339,2519.72722958573,2522.291838320247,9880.806759120887
2024-10-21 05:30:00,2518.08377760767,2528.276258709765,2514.177051640972,2518.5097397762656,1726.0710732836408
2024-10-21 05:45:00,2532.976746178914,2533.8884609230518,2524.796674754162,2530.7686559593044,539.7298660630385
2024-10-21 06:00:00,2526.3060758157662,2533.7696114762693,2520.258044871994,2531.8302280824582,7628.405503047528
2024-10-21 06:15:00,2543.449486694394,2544.926745573456,2532.123597346853,2538.091453401288,1899.6678835366238
2024-10-21 06:30:00,2531.723548320405,2531.0324043488768,2521.0844089598536,2531.2913403633283,5180.259738121312
2024-10-21 06:45:00,2520.6504185498416,2521.6869796052406,2512.6156506715747,2520.904237434581,7183.217789789319
2024-10-21 07:00:00,2515.338441697926,2520.246913082877,2507.711178772988,2515.8639920982437,7924.381626973818
2024-10-21 07:15:00,2504.5840661660495,2515.922053382018,2506.2760471205384,2507.1809683804704,258.94206912544746
2024-10-21 07:30:00,2500.034396133638,2497.429590153714,2487.7096374883768,2491.5797047330434,1807.317168919944
2024-10-21 07:45:00,2491.9433092780323,2495.994845005854,2484.348181032139,2495.3746374607435,1887.1973822829807
2024-10-21 08:00:00,2467.6097930799533,2466.479380422516,2458.8948338087203,2468.417507586041,5492.669172330731
2024-10-21 08:15:00,2471.540020637231,2478.7615960003654,2466.126790869293,2472.668254114642,8822.918927966202
2024-10-21 08:30:00,2481.5314368574996,2487.6128773741475,2477.0743707860993,2480.763332304758,5806.763743419615
2024-10-21 08:45:00,2504.666834839006,2505.4552880586134,2496.6013952565513,2500.135413169306,6010.948592177714
2024-10-21 09:00:00,2511.682975499814,2511.746557486819,2503.2773511084906,2504.2086012978925,4159.849284398835
2024-10-21 09:15:00,2515.276701188294,2527.983219821768,2515.1837126519754,2517.1477826682294,1405.1535420962366
2024-10-21 09:30:00,2547.099953188369,2555.1262294932917,2544.424143718716,2549.381211813283,9228.258745344501
2024-10-21 09:45:00,2553.4004466644424,2565.2691950351973,2550.156021686698,2553.3111544545723,9575.00985759596
2024-10-21 10:00:00,2522.7633555471684,2528.1340602766923,2518.7316290075455,2520.5335859414095,5559.307246051277
2024-10-21 10:15:00,2524.1360090894905,2528.979553890914,2517.587997056077,2519.316160029617,8830.883187924253
2024-10-21 10:30:00,2513.4004249971345,2523.2201896023075,2513.920055370887,2513.862749159482,2539.116314140728
2024-10-21 10:45:00,2498.738874109746,2505.824159580557,2492.073038275736,2502.783547600686,7267.3057396922
2024-10-21 11:00:00,2506.9629899598035,2512.248202656851,2497.6933740340287,2506.1247247129486,5895.952863007319
2024-10-21 11:15:00,2490.739290226358,2496.400276839861,2487.296619833137,2497.2528526046785,9671.099011110604
2024-10-21 11:30:00,2517.925512052619,2522.7626310092483,2513.3948353339465,2521.139514538532,1688.7060840406657
2024-10-21 11:45:00,2537.907539436257,2537.637596074476,2530.7797285970682,2529.633892602289,112.48097843832929
2024-10-21 12:00:00,2540.434916641102,2549.655129223426,2536.3358973557893,2542.0832502601083,7589.706728803541
2024-10-21 12:15:00,2533.090777129682,2535.6748735703604,2526.7145723986573,2534.1771080182866,7208.300781427906
2024-10-21 12:30:00,2515.773871207205,2523.181663308609,2515.135599499198,2518.812943977451,8581.782817720126
2024-10-21 12:45:00,2569.661342610851,2572.7778929293295,2559.231617390463,2561.380207515813,7785.073121172912
2024-10-21 13:00:00,2564.97549790879,2567.0927805374818,2558.8422503301076,2561.2036636077064,3111.7140049173354
2024-10-21 13:15:00,2584.285279895999,2590.0578150583447,2575.887969999531,2580.4994775323626,4042.89550514846
2024-10-21 13:30:00,2586.485388728076,2587.0176068703304,2577.6418527006813,2583.9925563716693,4253.745771068963
2024-10-21 13:45:00,2578.0383109865625,2581.346179895712,2574.9124535860096,2574.350623421465,2978.0722096875074
2024-10-21 14:00:00,2614.3575859116627,2616.007897750255,2606.865856506742,2606.638322124697,6732.106269751599
2024-10-21 14:15:00,2608.854318381889,2614.6072608374225,2603.330561892841,2605.725709775219,4941.3474720930835
2024-10-21 14:30:00,2605.9509043033427,2614.8373459502645,2600.902862801613,2607.6495975859,8619.454722377544
2024-10-21 14:45:00,2604.5496355119067,2611.4507873676375,2599.123116687253,2605.6003758494107,2082.6930339315095
2024-10-21 15:00:00,2604.771143314024,2611.6493720069143,2600.127215233015,2600.7893775660477,2501.9534020936776
2024-10-21 15:15:00,2584.3235076368096,2588.3888695199803,2578.9948923254938,2585.1946621750108,6720.9072690183075
2024-10-21 15:30:00,2579.186813424408,2586.2454093890688,2571.24969032832,2583.419946939571,1936.5666295671172
2024-10-21 15:45:00,2588.951383049503,2598.8153465477653,2588.140968966957,2596.285841459752,1167.4282472671903
2024-10-21 16:00:00,2568.0143845896987,2573.5913251477045,2563.5932088792,2567.446889482021,5373.665979394889
2024-10-21 16:15:00,2582.4702740762136,2583.5529996882497,2574.850460634389,2578.309187596253,4833.9507863037725
2024-10-21 16:30:00,2585.9914825042433,2590.2097734481786,2582.992903916011,2583.278447853273,6745.357877663069
2024-10-21 16:45:00,2581.60152188706,2588.0111188269284,2575.2900406537174,2585.8799078990523,8323.532517637734
2024-10-21 17:00:00,2599.2834639030607,2604.050814894233,2596.2524283273433,2598.6102628703006,7376.671696945846
2024-10-21 17:15:00,2585.669808158189,2592.145155507994,2582.4965939945387,2584.57367221753,6002.377206031789
2024-10-21 17:30:00,2597.231986303861,2602.2050100946226,2594.3230083626363,2601.4901223140623,4610.15993839704
2024-10-21 17:45:00,2602.4635201068463,2611.6186594472615,2602.5763453103514,2608.8421222875563,1057.6361663940088
2024-10-21 18:00:00,2588.5512005471437,2597.341320588617,2583.068220600723,2591.211902271034,1901.9183218088403
2024-10-21 18:15:00,2597.7488781934326,2603.6303874212613,2588.0972980373317,2590.8963305405855,4523.27995739577
2024-10-21 18:30:00,2579.390634152282,2590.5020922522326,2581.2189063535984,2583.220419475921,662.0393789384216
2024-10-21 18:45:00,2577.1300521793746,2581.0658506963364,2570.7341700080437,2573.890851778195,7688.795922587343
2024-10-21 19:00:00,2562.1247408359395,2566.286755512862,2560.6140917274943,2560.054425912348,7173.113354951789
2024-10-21 19:15:00,2577.776250009518,2579.5241017718777,2567.9574960900377,2575.7909850316532,6077.081716983656
2024-10-21 19:30:00,2577.825515147799,2575.55353494469,2571.1803227358696,2571.687402086501,9589.078366139198
2024-10-21 19:45:00,2584.4917200011314,2584.127266119952,2574.1056085115365,2577.1213779953096,3275.7907464271034
2024-10-21 20:00:00,2571.501936509692,2572.1492302089846,2564.296478980671,2565.153336054096,2313.618962385641
2024-10-21 20:15:00,2563.413064853131,2565.5222610545466,2556.4931202292814,2559.3818908778685,7735.223772075366
2024-10-21 20:30:00,2549.231331258634,2550.7809220493527,2541.339096420656,2549.505980312978,2579.833062584365
2024-10-21 20:45:00,2542.7320557084804,2544.2091312304847,2536.683119331333,2538.353758913429,5225.122886323231
2024-10-21 21:00:00,2532.057512779958,2540.4602755291107,2529.929974746687,2536.7428978176895,384.6872761207688
2024-10-21 21:15:00,2529.6575166963803,2536.3876938314434,2526.710187024813,2531.483846791869,4516.406870569986
2024-10-21 21:30:00,2529.917080001231,2536.1731056736758,2528.50647020951,2533.4960327804542,7166.853830089272
2024-10-21 21:45:00,2559.320664022337,2569.9892087304547,2556.570534471437,2565.8974566627526,9798.07202073882
2024-10-21 22:00:00,2583.146170534335,2588.435721254738,2576.9930670068234,2584.031292437095,1388.4285490096427
2024-10-21 22:15:00,2584.79940063451,2590.6566362757835,2579.468679656828,2586.8147900894965,8573.945129592434
2024-10-21 22:30:00,2557.3835955837762,2561.4443978644495,2548.3338391365714,2552.207786400157,2515.0077295564915
2024-10-21 22:45:00,2553.021632611924,2557.560267043989,2548.857715523126,2554.476740888645,889.6474439599609
2024-10-21 23:00:00,2570.163782923867,2568.4477316074745,2559.525161057509,2564.746313540515,5044.664835848448
2024-10-21 23:15:00,2563.7099206477706,2566.3959288122587,2555.789498915248,2562.2822595066286,6041.288947469856
2024-10-21 23:30:00,2581.31836977143,2587.6996553864974,2578.6573401805485,2578.1796866755735,7346.931122572834
2024-10-21 23:45:00,2621.3829387091637,2620.9690193191154,2614.3547793045764,2620.272295260249,5971.544381791628
2024-10-22 00:00:00,2614.7022504324364,2623.574406753678,2615.9045799388546,2617.3071704584427,6465.106745760875
2024-10-22 00:15:00,2657.996827454283,2662.7077060645074,2648.7686590909434,2656.5514050679512,3929.766098312767
2024-10-22 00:30:00,2653.8777411274314,2665.25430248683,2652.73171087183,2662.5342459921612,7849.993370474783
2024-10-22 00:45:00,2675.7112021614284,2683.051009322649,2670.441006338802,2680.1205750063423,5338.267899747744
2024-10-22 01:00:00,2697.8499003934808,2699.627635035022,2687.47778972505,2691.4652452307123,3365.267375613331
2024-10-22 01:15:00,2697.2476741478517,2701.41437356522,2686.897154865323,2694.6731883329776,9112.826136543465
2024-10-22 01:30:00,2710.3877173989304,2711.9576387962397,2700.8991419396416,2707.308276438099,4383.676554675582
2024-10-22 01:45:00,2705.7809489710303,2712.343189200891,2702.46300166512,2709.0756699718904,7745.734179651188
2024-10-22 02:00:00,2718.727917249614,2719.38571764237,2709.4492878001856,2717.37994902784,1069.1910013478464
2024-10-22 02:15:00,2685.0527667396846,2695.2872819743366,2681.542935628877,2690.5339964905716,5471.002636483934
2024-10-22 02:30:00,2685.989137906747,2693.6685391015453,2682.001415653682,2692.0418281241,2181.5644714658065
2024-10-22 02:45:00,2698.9634607813564,2698.5515292674922,2688.0731867392715,2699.401109602484,3277.234883570882
2024-10-22 03:00:00,2711.2521851719716,2714.84434591396,2705.3085544783303,2712.700256514486,582.3440475862569
2024-10-22 03:15:00,2706.3276268873196,2713.2641826800896,2704.19416190923,2714.7230224574623,9124.149939494671
2024-10-22 03:30:00,2718.9146429022685,2727.226192526196,2719.071832660641,2718.939638925339,3621.531748921602
2024-10-22 03:45:00,2731.5476127230545,2738.788328251869,2730.9686589189077,2739.9118369954062,7386.722697225838
2024-10-22 04:00:00,2737.2452593160765,2741.141934220608,2733.313417045457,2742.794801743043,3890.485374984858
2024-10-22 04:15:00,2762.259744301107,2764.1157272362216,2751.9619203086013,2758.664056002665,2431.8822132105934
2024-10-22 04:30:00,2746.796119500892,2758.7952418186164,2747.8968882477634,2749.1382217515934,301.2564325297867
2024-10-22 04:45:00,2741.9833526169064,2750.252310141202,2740.064025923463,2741.6298540684434,1441.2481251614447
2024-10-22 05:00:00,2757.321222703931,2759.5704863418073,2751.634705038601,2760.0009032751123,4612.740883415373
2024-10-22 05:15:00,2747.3347870745806,2754.0010197728793,2743.576496968983,2743.1457211190627,2946.4564909354863
2024-10-22 05:30:00,2740.3487814782707,2747.903888099514,2736.5975026535893,2740.345286618764,6649.888441137191
2024-10-22 05:45:00,2773.7465175817592,2776.922216103859,2767.0200163123263,2778.5016365566507,4297.558574820992
2024-10-22 06:00:00,2741.840917864005,2746.945188189615,2737.4935360425147,2741.200435549727,741.9837476572801
2024-10-22 06:15:00,2722.550272948422,2723.34156509614,2716.8586643009507,2719.9366296847584,8871.248172253116
2024-10-22 06:30:00,2716.984333968621,2723.7413152793197,2713.6542563880153,2724.8722886297082,2857.854755201975
2024-10-22 06:45:00,2720.6518282724787,2723.5898822721397,2712.926900752233,2718.996112420459,663.5699887626531
2024-10-22 07:00:00,2722.332612143481,2723.926079988821,2712.508772532894,2720.6250714841854,1803.0374504359581
2024-10-22 07:15:00,2706.3751369630413,2717.187131635823,2708.3650112715627,2706.6079872053137,8120.2958065661405
2024-10-22 07:30:00,2717.667721410989,2723.239406890986,2709.694137808242,2719.6294362092367,1717.884217196614
2024-10-22 07:45:00,2717.438549573991,2722.994571999251,2714.4239620374487,2716.244154640735,7117.652434360777
2024-10-22 08:00:00,2729.723490093744,2732.379844190891,2721.8111288189093,2731.1551884001547,3062.3482385766783
2024-10-22 08:15:00,2714.301107830821,2717.311343003661,2708.4577845249737,2717.1558369747027,4955.610544886744
2024-10-22 08:30:00,2707.6990828778153,2713.089982979374,2701.3574733004234,2705.6863661158773,7403.0385980531455
2024-10-22 08:45:00,2728.7543404781372,2734.6207921573646,2726.2354414088068,2730.659925583969,8370.743539644474
2024-10-22 09:00:00,2739.5101388555972,2738.4566104493774,2733.24987815941,2733.109112004948,2403.793084048809
2024-10-22 09:15:00,2747.473652247725,2755.9427565619153,2746.41714686133,2753.7509777057458,8060.370115924678
2024-10-22 09:30:00,2781.8940886241467,2783.3689534466353,2775.9348389005117,2782.0819488757456,9618.542933970713
2024-10-22 09:45:00,2813.5057546371672,2817.053627736836,2804.7891144489486,2815.0581715511603,1331.461604231602
2024-10-22 10:00:00,2810.775099065202,2814.023486156884,2806.790563927301,2806.5499521284446,7696.810581495284
2024-10-22 10:15:00,2789.656532414491,2795.5449261997946,2784.150746251033,2784.7148681643084,1401.3170525046894
2024-10-22 10:30:00,2779.9970451069044,2780.1877680133707,2773.443901377309,2772.892417620405,8546.832592454724
2024-10-22 10:45:00,2752.6177981688897,2754.689330156782,2744.5770878926555,2746.989285044869,8384.04720689153
2024-10-22 11:00:00,2749.2503193335156,2747.7922040260405,2741.0262103556097,2749.7564744908395,7459.809271976833
2024-10-22 11:15:00,2764.6649912988905,2766.357410497463,2755.0574701626924,2757.433704595588,2009.0567498014136
2024-10-22 11:30:00,2768.0329954523463,2772.1015637504765,2762.6287770652775,2763.7365425746752,9897.685346350088
2024-10-22 11:45:00,2771.4817979127097,2776.0842362644125,2767.7048734767895,2771.7773905442955,9618.151150060003
2024-10-22 12:00:00,2767.7495794959646,2767.292048661778,2760.596029384554,2762.5601857813563,7773.454514211649
2024-10-22 12:15:00,2774.178489364527,2777.8113826129393,2764.399686286213,2773.044688530533,9621.655751096387
2024-10-22 12:30:00,2773.78323994026,2785.091347154423,2772.3256127368204,2777.9009370094486,7906.843707240834
2024-10-22 12:45:00,2798.5019520398523,2802.95221128636,2789.944718622011,2797.7563698828367,4707.05302604712
2024-10-22 13:00:00,2786.0414345298486,2788.5822494998797,2781.1053603078612,2788.1658330364307,4181.3217690366155
2024-10-22 13:15:00,2787.5643244425814,2791.874185151569,2783.161834380308,2783.5322575961854,3797.8786074316104
2024-10-22 13:30:00,2793.029386195481,2805.22847614682,2790.525167644605,2801.1272817675845,8751.408180610204
2024-10-22 13:45:00,2816.815720533059,2816.6670021515315,2809.3641611177545,2809.428218924794,2781.128485848667
2024-10-22 14:00:00,2829.5758794191934,2828.152166128335,2822.4197174418696,2829.1613775560613,1647.5259015143
2024-10-22 14:15:00,2811.1507873574064,2820.3187756520915,2813.6068296456137,2815.4030986921102,1021.6542479232897
2024-10-22 14:30:00,2816.5215495453444,2825.1186577240715,2817.7116965609753,2817.5287555488444,3373.667049378827
2024-10-22 14:45:00,2821.096395025213,2820.747008487784,2814.7644504682216,2817.220568129171,4879.920675356669
2024-10-22 15:00:00,2835.1641033843325,2837.086368661202,2826.162086718764,2831.4059808924485,6506.096506995873
2024-10-22 15:15:00,2836.1517079313585,2835.5617291397593,2825.9212015059943,2836.966557083988,5349.438927898693
2024-10-22 15:30:00,2814.147821316367,2823.6418323573503,2813.8666160009266,2811.9620493663456,9483.40068271695
2024-10-22 15:45:00,2835.7879643277106,2833.5002100069833,2826.136442072018,2828.4524883244126,2866.264867914449
2024-10-22 16:00:00,2824.0179189408555,2832.093477162782,2824.7332328443026,2824.885427406579,8485.63049516532
2024-10-22 16:15:00,2835.306895927033,2835.77571199838,2823.474065213267,2834.304968045864,3901.326438294037
2024-10-22 16:30:00,2838.6845879586663,2844.0009227895835,2830.7310540674425,2834.723450247759,1427.7812045373482
2024-10-22 16:45:00,2820.5821925252244,2827.1012570550934,2815.733887794442,2814.6983653222896,5399.643505086057
2024-10-22 17:00:00,2800.4337855662916,2805.761532841236,2796.5083291592637,2799.7114014288454,3039.4480046555955
2024-10-22 17:15:00,2837.2319261378343,2841.07067879861,2829.1254919603107,2834.090205711388,2326.590041194581
2024-10-22 17:30:00,2856.0389036074566,2863.936923319861,2854.842985391152,2858.701290517931,6484.972031973895
2024-10-22 17:45:00,2854.758723918259,2863.4457889747537,2849.3487150473466,2853.9361288847163,3442.744861009505
2024-10-22 18:00:00,2871.0225946669993,2871.0572911479703,2861.4114277464137,2862.435757199167,6003.882632728865
2024-10-22 18:15:00,2898.0107404632754,2895.9990785073473,2890.3156832436325,2888.6904522192494,1903.9441308646706
2024-10-22 18:30:00,2894.5366867145995,2899.3425657904177,2892.748848946617,2900.174319667638,7417.524083575
2024-10-22 18:45:00,2896.057506868866,2893.7418193229378,2888.639149962448,2895.9825719245478,8542.314616096302
2024-10-22 19:00:00,2892.910933735855,2900.068193058452,2888.9085147620817,2898.8175062245145,3003.1214492743848
2024-10-22 19:15:00,2890.545364159218,2891.7453536557096,2878.635206808227,2891.1052394909498,8316.405195345405
2024-10-22 19:30:00,2885.8819900329822,2890.060415081709,2877.689705081111,2890.2682279132678,2570.9514206770295
2024-10-22 19:45:00,2866.0536148657684,2872.7206034571095,2863.9086976713393,2863.975333513138,1962.8381999082492
2024-10-22 20:00:00,2877.193221345076,2881.868808244462,2869.861048486754,2873.013051728585,4093.770110071935
2024-10-22 20:15:00,2869.18045169362,2877.8908194721357,2868.3069807585625,2870.4357775371977,9895.362737834375
2024-10-22 20:30:00,2869.646905774611,2870.1089430306165,2858.206552898795,2862.4177901744683,1189.4580128401717
2024-10-22 20:45:00,2870.9499287100175,2871.6196725818045,2866.0423912424258,2871.987784637542,918.0016147662453
2024-10-22 21:00:00,2876.372060006541,2881.0805991401903,2872.6930809763176,2881.540018599921,6553.715666529403
2024-10-22 21:15:00,2866.1611078179867,2869.9728966539396,2858.690798114632,2868.847286797586,156.24417987761348
2024-10-22 21:30:00,2893.0957044104566,2901.1214368521505,2891.5244000323332,2897.373757856356,6905.3183167168645
2024-10-22 21:45:00,2873.052154011489,2872.0078889582383,2863.9499811622677,2865.3451718446263,608.984520330912
2024-10-22 22:00:00,2850.4677406524115,2863.281312601728,2852.272997031234,2857.712073395152,8284.069546909694
2024-10-22 22:15:00,2849.483451452852,2853.9576004181417,2845.3492429440585,2851.652784904957,866.2238368626495
2024-10-22 22:30:00,2841.581631190634,2842.917584949675,2834.2842946839796,2841.189799315639,7144.8250660319945
2024-10-22 22:45:00,2816.5021480110136,2824.6377051154645,2811.356600966412,2821.153525925134,8852.171586549857
2024-10-22 23:00:00,2775.239947185387,2780.794348295336,2775.36193341328,2777.4247909278074,5167.795422415059
2024-10-22 23:15:00,2760.572831136374,2764.9698348633106,2751.87741689756,2759.46787190121,7069.089650113112
2024-10-22 23:30:00,2776.1094578728325,2782.329215629478,2769.402823853802,2770.441852697124,7164.363131614074
2024-10-22 23:45:00,2779.5169430315696,2778.4873737196044,2767.1970323237024,2772.079636226973,685.5131527139911
2024-10-23 00:00:00,2772.2095751822694,2779.483864274672,2769.2517811402327,2778.4640766224347,7815.244689776661
2024-10-23 00:15:00,2784.5391085987167,2790.691065960249,2781.666970680981,2789.4571011809176,679.1968600999085
2024-10-23 00:30:00,2777.0927694843267,2786.332702542845,2776.9511968787237,2785.951076169896,7168.614634672546
2024-10-23 00:45:00,2796.7516289407195,2794.8158506237955,2788.9288250203854,2788.9038377707616,9078.26161113211
2024-10-23 01:00:00,2791.5910122846767,2800.777301013045,2792.7721998921656,2794.490484510436,3178.8606111095846
2024-10-23 01:15:00,2807.3730586056436,2813.281882264995,2801.9647361361112,2803.7274758215203,2902.898624355254
2024-10-23 01:30:00,2811.4186946804675,2820.3776912802277,2811.81572345725,2812.736276728565,1845.4733903560943
2024-10-23 01:45:00,2830.731999122957,2830.9141497978944,2820.8926530745543,2829.4156598149966,7389.690691463528
2024-10-23 02:00:00,2819.8413310322044,2823.4845096578374,2812.873395883212,2822.0341362675,2369.9588673287312
2024-10-23 02:15:00,2849.344811546735,2849.356217155457,2839.6823638705623,2846.121013770445,4236.28998628705
2024-10-23 02:30:00,2844.0440695937255,2850.7828041754465,2838.783876793481,2839.7657199028904,6824.097421484139
2024-10-23 02:45:00,2851.7621849000966,2857.8839394062634,2847.8947141692283,2858.259834367499,4950.513963158853
2024-10-23 03:00:00,2843.746604046158,2850.1973618654083,2836.1859277713666,2841.2420463127305,4054.1190894722586
2024-10-23 03:15:00,2854.1503959108463,2856.4957426238793,2845.583642133449,2851.0551473462774,3123.9395547330155
2024-10-23 03:30:00,2854.4645406134005,2861.5523670980756,2847.58482714433,2860.0311788063573,4090.2022066934965
2024-10-23 03:45:00,2853.057534166038,2852.45932690955,2843.8689257962656,2850.030563654213,2026.0058679858423
2024-10-23 04:00:00,2872.270648588294,2872.9968098249915,2865.98475846672,2869.559230384253,8531.017850874947
2024-10-23 04:15:00,2834.3825176085006,2840.8815653453694,2826.6146361499905,2832.746820591998,3334.108111344075
2024-10-23 04:30:00,2823.180430633426,2824.562669640246,2816.244698596586,2820.085052700393,8055.782601746128
2024-10-23 04:45:00,2817.4395783643067,2825.138504100897,2815.7635496916478,2822.3655194899184,9589.191292592452
2024-10-23 05:00:00,2810.9756197838547,2813.34206111999,2807.4393900096693,2807.7390372380064,4559.540655834799
2024-10-23 05:15:00,2788.053705359323,2792.3532347855344,2783.993138358571,2787.124899990376,1227.2603012491122
2024-10-23 05:30:00,2781.6544096079238,2783.740675781919,2775.473371300387,2775.686188386527,367.44951764616076
2024-10-23 05:45:00,2781.7547522336804,2782.8067328497737,2774.988390162669,2774.5585333212357,6213.273621742367
2024-10-23 06:00:00,2786.0674973514065,2790.8548655597892,2783.333177827123,2785.9927919122615,3888.46910073756
2024-10-23 06:15:00,2799.4548601996485,2801.0195508532843,2794.5910086041695,2801.254766122394,3330.366514478025
2024-10-23 06:30:00,2814.6446135238457,2821.5174646797855,2811.988106601087,2819.2117201718497,1750.7497635232698
2024-10-23 06:45:00,2809.773014536836,2813.1762504119047,2804.7405716895064,2810.8305736683483,3466.1468440099175
2024-10-23 07:00:00,2811.9750019052026,2811.381008639659,2804.3469091009356,2804.4086543695516,7406.261573316977
2024-10-23 07:15:00,2811.308577352829,2813.5210453252835,2807.77982286335,2813.9931641483054,2549.6686094663223
2024-10-23 07:30:00,2799.296422122242,2802.727173943878,2791.912707520695,2794.072871615172,9994.947904650415
2024-10-23 07:45:00,2775.6614471591915,2778.430402633187,2769.7076592716144,2773.2221658687126,3111.108607469249
2024-10-23 08:00:00,2796.0047476207737,2797.3987943917186,2790.73513115167,2793.6665199288095,7374.085171057751
2024-10-23 08:15:00,2767.9381600281795,2776.8115209775974,2766.3654222269683,2771.4190871967985,7520.428728541907
2024-10-23 08:30:00,2764.499567812397,2769.172809684869,2759.2206207781737,2764.2626165960905,1762.7816689287376
2024-10-23 08:45:00,2751.2991888267425,2754.0031852018014,2743.028101458803,2753.9850891265487,4189.048851751055
2024-10-23 09:00:00,2747.590842911854,2754.0620534877476,2745.47743634016,2752.780535308896,1212.452673093712
2024-10-23 09:15:00,2740.9657093942487,2749.2036110386957,2740.1740409517574,2747.693180206167,1606.059058226954
2024-10-23 09:30:00,2748.5703644663595,2752.5568946559997,2744.8414614857925,2745.9409384648707,9562.57940449964
2024-10-23 09:45:00,2748.277281822784,2754.12695927841,2744.755904460235,2745.2216500035706,3206.846648858024
2024-10-23 10:00:00,2757.1703532544125,2758.6198044651,2750.615883393234,2748.9355839840246,4511.900052439486
2024-10-23 10:15:00,2739.8561034798554,2745.907993457837,2739.639058169678,2740.0304490542194,5211.475471024492
2024-10-23 10:30:00,2722.159602878534,2722.680242690959,2712.875088499105,2718.1243506766295,7143.865408170266
2024-10-23 10:45:00,2726.466233292312,2734.5490379943794,2723.8542067426715,2730.3053880959314,4739.251266381913
2024-10-23 11:00:00,2749.5236212981504,2756.48221232512,2751.126747240009,2751.238845279792,4110.409939645377
2024-10-23 11:15:00,2746.9479887161906,2747.553746869846,2741.2807418422317,2741.479315397634,1600.5776861552292
2024-10-23 11:30:00,2769.6038646990023,2780.5563812245673,2766.2088032497136,2774.1918846594094,6452.262754261127
2024-10-23 11:45:00,2770.079038446139,2774.2001128700044,2769.0568464163757,2773.0944652704447,6657.1375167209035
2024-10-23 12:00:00,2792.467915428113,2801.444406802662,2787.0919464803706,2796.960596621842,5063.844664854517
2024-10-23 12:15:00,2782.772989624278,2786.8609706820203,2780.842563015583,2780.891994081976,2770.771920537607
2024-10-23 12:30:00,2764.6575360769375,2769.597680942357,2758.637456131404,2764.1681599348894,5626.036875521632
2024-10-23 12:45:00,2777.2981047279914,2779.093568560317,2774.27456679184,2774.0112267343075,6892.244637175628
2024-10-23 13:00:00,2781.3966479639585,2785.110516783691,2772.2585470666054,2776.5378464783516,5597.549002218321
2024-10-23 13:15:00,2776.4863810735856,2787.8640280931904,2773.418197613576,2777.8105936451348,6833.724528460395
2024-10-23 13:30:00,2767.145914503809,2773.7900936059636,2765.27862299267,2769.7178701999255,905.4718056009183
2024-10-23 13:45:00,2760.7153748327764,2768.157594630813,2758.38163634742,2760.3077987223737,8910.264403071258
2024-10-23 14:00:00,2745.1270358498577,2748.6951943648214,2741.934195618651,2743.112032472488,129.17264627892285
2024-10-23 14:15:00,2758.4789590822315,2766.1348199628414,2754.3484474812144,2762.072105234783,4243.776606218132
2024-10-23 14:30:00,2744.2824541779,2745.796003131742,2736.323095966699,2740.891578618134,5917.745634003324
2024-10-23 14:45:00,2746.9261048143876,2753.3799560884468,2740.324870146796,2747.1758083465234,4270.743751178337
2024-10-23 15:00:00,2736.7056604100385,2739.2695682812605,2725.9973833785434,2728.431959060721,8015.8358689826055
2024-10-23 15:15:00,2739.148142709289,2743.911364043182,2731.974664366463,2736.9635954404653,7095.152643578367
2024-10-23 15:30:00,2746.191091454719,2746.3795851096097,2738.007637747137,2741.326081170216,3036.8586062305053
2024-10-23 15:45:00,2727.0532413662245,2733.654387996954,2723.7882391419203,2722.583885504346,1303.6873808731707
2024-10-23 16:00:00,2724.118907391015,2724.2451966909016,2714.23407152654,2722.721912017619,7300.450568459958
2024-10-23 16:15:00,2702.5319305050325,2709.2096478468675,2698.6591357721363,2699.504393556217,4796.845587067328
2024-10-23 16:30:00,2723.5696888407583,2721.7583163410386,2716.5451427244293,2715.129218825517,6000.0516581478
2024-10-23 16:45:00,2725.755579280194,2726.277450315877,2719.1980961949153,2719.4860326799753,7910.950332536778
2024-10-23 17:00:00,2705.911897072214,2714.402654308358,2703.456437997228,2713.457883856908,4992.356665552531
2024-10-23 17:15:00,2708.5471706912754,2710.2522558923024,2700.7350955124793,2711.0643425032026,6934.938703593233
2024-10-23 17:30:00,2717.1124217316583,2724.9722496204413,2718.9036572159903,2718.693610648102,4495.467059929844
2024-10-23 17:45:00,2743.1193015637236,2748.038724227597,2737.121694562727,2743.423218026172,2187.890231188488
2024-10-23 18:00:00,2741.3284840696087,2753.291297512676,2743.6883875503195,2743.3953668231197,5292.624423285984
2024-10-23 18:15:00,2739.5452295332298,2750.5331860452834,2737.878549086221,2746.2962861377678,559.2911723284931
2024-10-23 18:30:00,2755.294793680983,2762.9917438247912,2754.9775263644838,2754.7773238880927,8525.661805617216
2024-10-23 18:45:00,2771.9808909797475,2779.325297483117,2771.6456195110595,2781.872674314039,7007.560968758135
2024-10-23 19:00:00,2773.2601784072126,2771.086812472512,2764.0876817668,2769.6883173178944,2426.429532510796
2024-10-23 19:15:00,2778.668646115023,2783.821417074357,2770.927003547819,2774.8163158472858,9594.727206048008
2024-10-23 19:30:00,2772.4368356965415,2775.398269828329,2765.7133667481357,2768.7605555038776,3702.2941910351697
2024-10-23 19:45:00,2768.9383841699964,2772.807651992098,2766.2380341466264,2765.778019789772,8854.463088411294
2024-10-23 20:00:00,2793.9343605569798,2796.2113132859017,2782.251133858315,2795.162271388266,8692.865955051366
2024-10-23 20:15:00,2783.6990109512435,2793.3293130781753,2779.623449237894,2788.063955385802,4673.285537689361
2024-10-23 20:30:00,2789.454776622616,2790.993621465982,2782.3951712236853,2782.6167882416507,7234.36665719393
2024-10-23 20:45:00,2767.0705866486373,2774.383028975577,2766.780448894594,2767.084702756656,989.4573380159825
2024-10-23 21:00:00,2763.6526871519272,2775.56552513369,2764.144907222339,2768.500433473022,3215.296608430729
2024-10-23 21:15:00,2755.3864146547357,2760.794597980702,2749.545789802015,2760.5180563410663,9330.974641513629
2024-10-23 21:30:00,2769.7123353778197,2768.940392911009,2764.340538304944,2762.552914106139,5550.75267938672
2024-10-23 21:45:00,2724.5820232883584,2730.2779207592334,2718.376825808935,2728.8156213222487,460.9630981674457
2024-10-23 22:00:00,2753.5503427603476,2762.550212901908,2750.5310877809347,2752.9096710095005,2978.3144211457234
2024-10-23 22:15:00,2737.9945463079403,2743.8415852348576,2732.363669677938,2737.5216789114747,5081.397532310603
2024-10-23 22:30:00,2767.6334085416966,2770.7683457680214,2761.1301547873572,2770.057020265593,1259.8081519491504
2024-10-23 22:45:00,2763.03518597476,2773.7219018934175,2759.4110550017504,2762.323408331436,5052.875394072669
2024-10-23 23:00:00,2783.6471873909113,2785.160921708855,2775.332267067007,2781.185343655181,6059.320617374288
2024-10-23 23:15:00,2789.3422634377494,2787.9504807191174,2778.1283499790916,2784.6018399152845,482.7861924593267
2024-10-23 23:30:00,2787.2716322082683,2795.4528341529804,2782.959729999089,2792.6022866101093,197.08158468486232
2024-10-23 23:45:00,2801.642495669139,2809.9895875505104,2798.3192835336354,2803.804502584192,9377.304429579417
2024-10-24 00:00:00,2815.3359844344286,2820.9075071256266,2808.603056504439,2812.5822153649565,6882.039303864342
2024-10-24 00:15:00,2820.774932233164,2827.39740203962,2822.822190388936,2824.4875862975314,1253.7991379289645
2024-10-24 00:30:00,2840.529519197095,2844.679829991183,2832.231722084283,2840.267909309689,2866.448669204428
2024-10-24 00:45:00,2823.808785012614,2827.3236607601034,2816.780831241856,2827.7633078328336,2099.027398368565
2024-10-24 01:00:00,2820.90984322782,2827.9177722724357,2821.6476348531323,2830.184008223589,7147.294595847036
2024-10-24 01:15:00,2802.5293457358493,2809.8257657218273,2797.2726384246143,2808.309922433143,8387.058611962244
2024-10-24 01:30:00,2808.7259503774294,2815.6472004950633,2804.9655325490394,2806.275457764648,8050.047037528753
2024-10-24 01:45:00,2806.3523389466454,2816.43986044285,2806.5777169374096,2807.7101847077115,6924.77443490712
2024-10-24 02:00:00,2813.876713613989,2813.708809649969,2806.7673074537224,2806.1997129531874,2509.437210633957
2024-10-24 02:15:00,2807.145805686072,2811.403771846394,2801.436882747441,2803.480390758107,8150.937073539907
2024-10-24 02:30:00,2801.6494277133916,2809.198858485361,2802.4251645336494,2805.558813957662,8928.948880579483
2024-10-24 02:45:00,2799.3563340182973,2807.083319934896,2795.6195487396094,2798.3803262962692,1196.2318304036096
2024-10-24 03:00:00,2768.5255327504246,2777.2700538993495,2764.1310415008966,2767.571200271092,8700.313787943402
2024-10-24 03:15:00,2770.048886239695,2771.628245891949,2765.9187548724817,2768.93903559021,4909.555158201708
2024-10-24 03:30:00,2757.8581569246558,2761.861961330384,2754.7036148994207,2758.0612369820965,7841.786541931589
2024-10-24 03:45:00,2777.5073553844245,2781.7861130066476,2775.2784768809934,2781.0933616497714,1843.411364704252
2024-10-24 04:00:00,2805.350610703022,2813.7286238127344,2807.99070099173,2811.1396041825574,4495.4987105733935
2024-10-24 04:15:00,2799.1530102374777,2799.9061527865665,2789.841437051327,2795.0367762493297,4671.319794955738
2024-10-24 04:30:00,2796.628542768314,2799.377318107574,2788.7211033230874,2790.6084394900313,2661.6587706682353
2024-10-24 04:45:00,2766.114272652794,2777.0947435328358,2762.2371388375377,2768.531271073516,4382.945991654635
2024-10-24 05:00:00,2794.816849192431,2794.2729766297803,2788.2317887624595,2796.8828109753385,4973.306248623744
2024-10-24 05:15:00,2766.7517794777323,2777.4950549483865,2766.713137117354,2772.3289937409104,3013.4988077272947
2024-10-24 05:30:00,2764.6396354501644,2769.1479586116716,2758.6081752162563,2763.752654731525,7580.614696899522
2024-10-24 05:45:00,2750.7377510662495,2754.258611715542,2743.957644813631,2744.963223518737,6132.806871003434
2024-10-24 06:00:00,2757.066175619815,2766.095247584826,2754.3059483576453,2762.509664835534,4094.5703799431585
2024-10-24 06:15:00,2742.9331288971857,2751.076106822841,2738.7080422096687,2744.009390671817,1620.0207608466244
2024-10-24 06:30:00,2734.2359832624097,2740.0174842052957,2727.0032493827252,2731.7626558359757,2394.871337181248
2024-10-24 06:45:00,2733.8922997758064,2734.8745958558525,2724.0420265513517,2730.208114087375,8580.285588796994
2024-10-24 07:00:00,2710.844812261812,2720.9078436380078,2712.959698704161,2718.8312060278395,8488.03866637712
2024-10-24 07:15:00,2715.392887330188,2716.711618293417,2710.805514644815,2708.4959187091836,7270.596769280315
2024-10-24 07:30:00,2713.74277882353,2717.475193971733,2706.020166895411,2705.219202321401,7903.8628463305495
2024-10-24 07:45:00,2689.320121371202,2696.5403892772206,2688.3062746443416,2696.247141431321,1901.8678248601407
2024-10-24 08:00:00,2684.4588908350984,2689.923610937229,2677.0833386008967,2678.948464106058,7426.802819299775
2024-10-24 08:15:00,2667.7391457711883,2672.2226491043284,2662.3569951082222,2670.6629312599594,5900.5069439027175
2024-10-24 08:30:00,2650.5771517126686,2657.7163666745073,2649.313130865952,2657.351748624487,4304.581879793926
2024-10-24 08:45:00,2652.8523714837393,2660.387472621454,2647.5682624437227,2656.9377578449435,1046.4847750714691
2024-10-24 09:00:00,2635.9338267437215,2643.0194619473586,2633.2526308313873,2638.7119825906657,8401.52869901303
2024-10-24 09:15:00,2640.9290432394896,2643.071720628945,2638.0568549191576,2641.782004198205,7708.964751013515
2024-10-24 09:30:00,2622.6340983783634,2632.6662296915742,2623.267189127018,2630.936196514886,1107.2309266428215
2024-10-24 09:45:00,2648.3237160640615,2646.1316310598136,2641.110651840405,2644.8615474538215,1215.4694389196293
2024-10-24 10:00:00,2662.3727643405737,2666.9087304212476,2657.9317246284595,2667.388857955973,4394.202819394668
2024-10-24 10:15:00,2669.183996716093,2668.7220777144817,2659.3277454043778,2661.538572404628,7213.055639429976
2024-10-24 10:30:00,2664.428871304259,2670.8771163444426,2656.8246364116735,2666.5308175300393,8240.56534283758
2024-10-24 10:45:00,2669.3199397513367,2674.278228969397,2664.96038625046,2672.818948267519,4619.738704950524
2024-10-24 11:00:00,2684.906649491577,2688.942279104925,2682.83002127012,2687.4987880394087,6692.833017430937
2024-10-24 11:15:00,2691.4636785947646,2698.680262221269,2688.315338924899,2697.383822367659,162.4456686733754
2024-10-24 11:30:00,2689.3179081985168,2694.0149862950707,2686.0769739911143,2684.746882276905,7377.862806013817
2024-10-24 11:45:00,2686.0539969460456,2694.701442465681,2682.2715176768274,2690.597881613475,3111.46682659511
2024-10-24 12:00:00,2685.5162008098555,2693.1558626657384,2680.27364287303,2688.3130369815003,7370.717024742791
2024-10-24 12:15:00,2676.914517502304,2682.0129608661264,2672.5470619428816,2674.197975526214,8665.927840405868
2024-10-24 12:30:00,2691.7547857464633,2694.111503037154,2681.5312045442074,2693.1695992819023,2682.3623549480544
2024-10-24 12:45:00,2662.297292473456,2668.526474141651,2657.9316009804706,2661.2366608576017,555.3592838975226
2024-10-24 13:00:00,2665.3093055203317,2667.976284070764,2659.7295054282895,2661.3049923703816,7150.767673092273
2024-10-24 13:15:00,2649.251181417228,2654.592572920891,2648.9277791653244,2652.657781723298,8764.344985250547
2024-10-24 13:30:00,2665.3159658066543,2670.829829587263,2658.5352657619956,2665.4096411583178,8644.550261301092
2024-10-24 13:45:00,2683.843571749933,2685.3309589593396,2673.6267980388698,2677.07258159198,7724.919267855726
2024-10-24 14:00:00,2689.362446344632,2689.012787617949,2682.916072479524,2684.2381683541503,532.798324196509
2024-10-24 14:15:00,2683.337644064737,2690.3696945163133,2679.677345186945,2686.9039082576314,6869.112286155028
2024-10-24 14:30:00,2687.4045856721295,2689.8883253932945,2681.1914717895697,2683.171530867692,2055.131123215353
2024-10-24 14:45:00,2699.5433719216953,2707.0093412525575,2695.1747376110607,2701.996299164829,4538.679950627884
2024-10-24 15:00:00,2718.775077534842,2729.9630957396434,2717.2211102112906,2725.090146486064,9986.791787515544
2024-10-24 15:15:00,2710.0874250421007,2716.9673091517157,2707.555391932176,2709.527474753882,9129.405978470211
2024-10-24 15:30:00,2706.3712924901547,2713.3292288741695,2700.6825673341823,2711.1505271403976,441.5905504474549
2024-10-24 15:45:00,2752.0973158346446,2757.108634227553,2741.800214393329,2750.8405911881046,4295.774436195055
2024-10-24 16:00:00,2737.204010140977,2740.764831117554,2727.4462766103798,2730.6146580501613,5101.271860415648
2024-10-24 16:15:00,2713.3053141500727,2725.6535468809843,2712.404818434018,2718.8284920127444,3482.9482894338016
2024-10-24 16:30:00,2748.0786423118816,2750.8285986902893,2740.903158202641,2751.2067449516785,8729.255829398033
2024-10-24 16:45:00,2744.683684365757,2745.957715708838,2737.7509333620283,2739.8272369754836,6910.071167145603
2024-10-24 17:00:00,2732.861326988326,2739.2963320149565,2729.9579325012874,2734.276568635974,6781.434609114355
2024-10-24 17:15:00,2757.68705399068,2762.28022438547,2750.2222907138907,2756.4059416970917,5997.775346285537
2024-10-24 17:30:00,2767.0336097514974,2768.6048663172273,2761.2496280353816,2766.4876646076855,9715.661471093952
2024-10-24 17:45:00,2791.7328249280026,2794.914503075482,2785.005097767517,2790.172144659404,5343.021056340734
2024-10-24 18:00:00,2792.1861408273585,2795.4713951483936,2784.7076130298924,2784.6308964371324,5572.331546235975
2024-10-24 18:15:00,2747.747278029733,2758.391225309419,2749.481324848221,2748.762638193612,7828.39292352044
2024-10-24 18:30:00,2747.1933110830646,2754.035599321054,2742.581755168205,2744.020544380845,2619.0443163138284
2024-10-24 18:45:00,2735.1009370332317,2742.966298467432,2729.5785770328253,2731.3761336031207,3649.841778565485
2024-10-24 19:00:00,2768.2420618478473,2770.6061837341394,2761.5978983939144,2767.652250643215,4348.730175041211
2024-10-24 19:15:00,2760.9893924805037,2767.3331993710613,2761.910649056794,2763.7155871774894,4676.589961130133
2024-10-24 19:30:00,2792.2596857811354,2795.036087303397,2785.7610651645673,2790.85599055667,569.741373926674
2024-10-24 19:45:00,2807.856713446386,2808.5309296645914,2797.316705702539,2801.8973114218707,3121.186936223357
2024-10-24 20:00:00,2823.9905955332756,2834.1701062994343,2822.1906287526954,2828.596878491038,6979.977129245885
2024-10-24 20:15:00,2845.3285274818336,2844.3395940273026,2838.811596011331,2842.6194883829976,6400.490872096816
2024-10-24 20:30:00,2860.7487760501153,2870.203505905157,2858.0707405579274,2867.046260387753,2668.4636779337925
2024-10-24 20:45:00,2870.043407483729,2876.2989710292923,2861.454484703111,2872.9984136443923,6190.776602832853
2024-10-24 21:00:00,2846.740906762765,2850.1729572883887,2836.242465380109,2847.1335579104493,3299.7538579045704
2024-10-24 21:15:00,2835.0243044221743,2846.2144207957867,2833.893942294077,2838.6425517751336,4008.8353766910277
2024-10-24 21:30:00,2842.246921690749,2848.1950671022905,2839.482869746222,2842.568371716975,4106.458416230125
2024-10-24 21:45:00,2854.4411755289207,2853.0719826950494,2842.443959689544,2845.8945235541887,7286.28645891131
2024-10-24 22:00:00,2847.5748993261104,2857.1849262875144,2848.7349478990077,2855.2434172146914,6212.5860079209715
2024-10-24 22:15:00,2860.1495129371447,2862.2485980958036,2853.957426231405,2860.9296561451856,8104.887854294475
2024-10-24 22:30:00,2838.8911678435993,2848.342393153077,2837.067956154256,2845.0774198306513,1144.5498132572495
2024-10-24 22:45:00,2835.5614290166254,2843.403363305244,2834.948475327797,2836.750427133225,9456.521884881768
2024-10-24 23:00:00,2843.739113444355,2853.565036311166,2838.2788448805177,2845.4337045540087,7195.062744674929
2024-10-24 23:15:00,2834.6468873450694,2833.9776433402812,2827.7487407238723,2830.5800453240836,4214.964193517573
2024-10-24 23:30:00,2812.5341449446805,2820.550270859475,2811.5796720776584,2813.4451187444156,4513.651177316943
2024-10-24 23:45:00,2806.854020946932,2808.20131995704,2798.780191053383,2804.5717970782093,2372.905982654304
2024-10-25 00:00:00,2814.9541533005745,2824.9876259934363,2815.8993781177783,2817.004563452781,3847.1498612371456
2024-10-25 00:15:00,2791.7087070214693,2801.221384573914,2790.5308554400503,2789.712475532598,229.2100499414857
2024-10-25 00:30:00,2784.273244159294,2794.7200417575914,2785.7629660558837,2788.1889072376634,1426.7618213936323
2024-10-25 00:45:00,2804.0097708421863,2812.943668722089,2801.0961786371713,2810.0828603979057,2990.834619424277
2024-10-25 01:00:00,2805.1546210605384,2808.0567376312747,2801.419541505914,2809.567354170404,6843.337455483508
2024-10-25 01:15:00,2807.0566331797154,2814.1342787481885,2804.6151155139755,2808.2083734597827,3738.795387631586
2024-10-25 01:30:00,2802.442128154725,2807.2299608532476,2796.8134651511155,2798.927515291442,3066.5226811640596
2024-10-25 01:45:00,2806.5904198489934,2814.957098637237,2800.9038114610507,2806.471252426697,5478.754773258931
2024-10-25 02:00:00,2813.9128463328116,2814.9445527799676,2810.4926743353485,2813.8871670244544,3597.892580494315
2024-10-25 02:15:00,2807.7696111923574,2808.769656457124,2798.982935386225,2804.781366704037,1712.8626736276558
2024-10-25 02:30:00,2792.2370293108434,2798.399009397754,2789.0432153952047,2800.0443148948057,123.24843672682152
2024-10-25 02:45:00,2753.5651021315653,2761.8561869767022,2750.57066680953,2756.7786494649645,5463.037470136613
2024-10-25 03:00:00,2774.266206842233,2780.26324107322,2774.5501696051683,2772.7760682907297,3858.11410317086
2024-10-25 03:15:00,2788.7326058079575,2799.1343491445346,2787.6044972427385,2791.935308804692,4899.275670025101
2024-10-25 03:30:00,2768.1042480565225,2769.2261774184603,2761.573343401346,2768.0554813913336,4819.106255751129
2024-10-25 03:45:00,2787.542185972665,2793.1219423626544,2784.8390741094527,2791.340147094283,8136.41297066191
2024-10-25 04:00:00,2769.1876866248926,2776.1717533265273,2765.0673491426633,2774.1555532888,943.5594284907665
2024-10-25 04:15:00,2778.4366113446536,2780.075383172082,2769.879718110029,2775.7463482014937,9978.270460083802
2024-10-25 04:30:00,2759.211534238107,2770.2242755497773,2758.437032197511,2766.810057120147,1304.0068315863252
2024-10-25 04:45:00,2741.498036371087,2751.14474708698,2740.5218111745385,2747.4650829975462,1888.8082469348928
2024-10-25 05:00:00,2733.8000215113684,2739.0736861275245,2726.013316948223,2733.2015613473955,824.4470271740526
2024-10-25 05:15:00,2722.1484336576036,2723.032301497281,2715.489199766832,2724.5803291344805,6845.4537786038445
2024-10-25 05:30:00,2706.107900541157,2712.4884658060205,2698.6925580275843,2701.17784780523,432.89659444958795
2024-10-25 05:45:00,2702.082122065824,2704.8136276720365,2700.398059306045,2702.6240619134232,9348.017070067071
2024-10-25 06:00:00,2676.3029906758316,2683.3758008359937,2671.1990629750762,2674.2506709680556,8577.317717482658
2024-10-25 06:15:00,2677.543063967051,2682.6917141843687,2675.1190963614326,2679.4861946814844,3012.3614481232516
2024-10-25 06:30:00,2651.517084923064,2660.2731060600804,2647.8935674312665,2651.1151528929468,945.2690034207621
2024-10-25 06:45:00,2660.829563153507,2661.235175605968,2650.8610904095813,2656.728755854264,7929.358229448012
2024-10-25 07:00:00,2652.8137764726607,2654.966714690207,2647.8554943476283,2653.259694702825,1548.4385879607544
2024-10-25 07:15:00,2653.7440005999324,2664.7168401726003,2651.603155128683,2657.037476698125,4804.857274508018
2024-10-25 07:30:00,2661.439522568409,2666.047740542162,2652.039681028505,2662.9345656036407,549.957625690025
2024-10-25 07:45:00,2661.4114107644173,2664.035654618045,2651.233492314616,2655.1184539846176,9767.651725468739
2024-10-25 08:00:00,2656.476482309345,2656.3646884520817,2645.9258199325304,2649.9537054084612,2581.50459349938
2024-10-25 08:15:00,2654.218695470652,2660.92401799037,2650.274150133843,2653.198655806261,6359.802738062547
2024-10-25 08:30:00,2671.776227761602,2673.254273461493,2664.371546149663,2669.541969278827,4436.703547403546
2024-10-25 08:45:00,2646.6636856489936,2654.496953705981,2644.273871006092,2649.026959087308,5006.8002053233395
2024-10-25 09:00:00,2641.617408376668,2650.4060862123415,2638.567741655311,2649.201658927126,7944.743052186409
2024-10-25 09:15:00,2618.687285290154,2626.209414266327,2613.167270938741,2623.846277772254,2081.0650528221913
2024-10-25 09:30:00,2618.5634935244266,2625.5795221897856,2618.1381313761076,2620.130454076043,1382.7856419396996
2024-10-25 09:45:00,2618.9657346799722,2619.2747803532598,2606.3625784502337,2615.3176094541213,3572.9998292584914
2024-10-25 10:00:00,2621.590108288203,2624.478505933691,2614.6111554883296,2622.8465901870804,2425.0046185015244
2024-10-25 10:15:00,2609.2895479979616,2615.558776600539,2604.9643299871523,2611.760311782972,6754.721526140173
2024-10-25 10:30:00,2618.195582997313,2620.7927884918327,2610.1818497519707,2611.7872167024307,5144.512659662747
2024-10-25 10:45:00,2635.2801537184946,2643.6895675542537,2631.8850435723184,2638.7630067234536,6120.237463353068
2024-10-25 11:00:00,2623.74249987887,2631.836892211679,2617.7253649043682,2624.748173840091,652.3418779077318
2024-10-25 11:15:00,2610.4828531666008,2612.338186631037,2599.587382314227,2603.281959306119,4828.191858904923
2024-10-25 11:30:00,2588.2642515584216,2592.5205574802044,2580.3592925312155,2583.1159321125874,2196.1221721190636
2024-10-25 11:45:00,2579.6626564075386,2583.8834413534455,2573.799647638911,2573.5502769725317,2450.3413288106203
2024-10-25 12:00:00,2573.451567333683,2582.660075678056,2568.697966411343,2575.656404568434,5113.253828200054
2024-10-25 12:15:00,2574.6471386698495,2585.7163826964743,2576.480537791106,2578.1381919425685,2104.56991523696
2024-10-25 12:30:00,2584.2110682419184,2585.014438374725,2578.0207965565287,2583.6351474470716,9550.98545458054
2024-10-25 12:45:00,2553.447756760247,2556.775147084249,2544.8515819680447,2546.103895483899,968.6421378458285
2024-10-25 13:00:00,2551.2551126270882,2555.496181521496,2545.8353249613024,2548.3726292019837,1536.4712615186768
2024-10-25 13:15:00,2572.5444705238306,2575.9947176280025,2565.4044580778536,2567.854229230173,6357.92958252422
2024-10-25 13:30:00,2583.3974099507273,2589.195039570315,2578.2602502469917,2587.374760947896,3961.435003986673
2024-10-25 13:45:00,2609.420971410793,2612.5908771149716,2604.8756674489046,2613.43133204691,6574.332579460099
2024-10-25 14:00:00,2610.2628671344914,2612.0875266176186,2606.286023336339,2605.226917098878,631.8226367030542
2024-10-25 14:15:00,2627.799597974405,2633.4995103650276,2624.3527692002126,2630.2900072286416,4945.6339799476455
2024-10-25 14:30:00,2616.8383319497234,2614.8691069847932,2608.617761693245,2610.8418914958042,7758.13144812517
2024-10-25 14:45:00,2600.9566916921717,2609.143615697311,2596.312813607317,2600.502262914686,4383.990494576264
2024-10-25 15:00:00,2642.1897088702963,2651.2248178466875,2640.240576874345,2645.2244674168196,6436.234381719966
2024-10-25 15:15:00,2652.5144606319163,2652.783733077187,2642.120660209491,2647.995458186989,272.397227317429
2024-10-25 15:30:00,2627.9802529603458,2632.484784453092,2623.8456122275893,2624.497869048004,9829.399578292405
2024-10-25 15:45:00,2630.3910839910773,2631.4124893683133,2623.1885112646164,2630.9803192499226,6963.0889973719995
2024-10-25 16:00:00,2631.523972516981,2636.493039777609,2621.724750368062,2626.409176816069,9114.295535709509
2024-10-25 16:15:00,2628.2194984718085,2631.416961099187,2621.9071880453553,2629.949175028509,9602.61047826232
2024-10-25 16:30:00,2639.5136597832175,2643.699650632906,2633.4033961267487,2634.004557633076,4376.571693580034
2024-10-25 16:45:00,2637.702571655164,2645.5699172067716,2636.207873967561,2638.6480910415407,2786.416668313523
2024-10-25 17:00:00,2625.361961122398,2633.59105024968,2625.025364805008,2630.370917595808,6687.7885556713045
2024-10-25 17:15:00,2600.212706219089,2606.4760148853916,2597.7842659614,2607.2948971755854,1719.3120857053932
2024-10-25 17:30:00,2615.3312755722636,2619.7323756028495,2609.463911654965,2612.5371218638397,6689.428551194166
2024-10-25 17:45:00,2641.647942971456,2649.1401307057818,2640.8447404319363,2641.3305478646384,6049.196715841414
2024-10-25 18:00:00,2632.584834253688,2633.039468684143,2624.333934856793,2631.3008300776,5074.228976523978
2024-10-25 18:15:00,2628.0375641086666,2635.0585302523723,2624.7748806607387,2635.129397136445,2484.033618549705
2024-10-25 18:30:00,2648.3988746904233,2649.449075718187,2639.4239120594416,2639.1841722167374,4260.823978691157
2024-10-25 18:45:00,2667.4275133599335,2674.4140106629843,2663.01683871566,2664.7934678190186,8569.77597128806
2024-10-25 19:00:00,2663.5047221905193,2672.2687905970633,2657.7825014528266,2667.7421455068866,4023.217096295266
2024-10-25 19:15:00,2681.034647322725,2683.4413391063586,2668.75787657465,2676.680351677258,1313.1133123507168
2024-10-25 19:30:00,2661.5838801566515,2666.1963041869017,2653.543325439392,2663.0037891557113,4603.906348429907
2024-10-25 19:45:00,2636.3600300739636,2646.4290486867108,2633.2475738035487,2636.6423435552515,1248.8564215188621
2024-10-25 20:00:00,2626.6947388280287,2633.683527505753,2624.030814809736,2635.4565469603667,7770.787777209169
2024-10-25 20:15:00,2643.6463948508635,2649.0746109164224,2638.786407719778,2639.7318326455993,7541.732625711899
2024-10-25 20:30:00,2660.0968047842507,2659.0179718572713,2649.868862536531,2658.5416602842693,3390.803536975649
2024-10-25 20:45:00,2667.3648474610213,2671.4191211313478,2664.1623200837867,2671.0232436185283,9400.482653804627
2024-10-25 21:00:00,2669.3261905354734,2673.4606458234994,2661.636157464119,2672.4875215507404,8221.668639270745
2024-10-25 21:15:00,2667.3406640495705,2668.344405530097,2660.442166944722,2665.559079743026,3014.1441798329765
2024-10-25 21:30:00,2664.298373317535,2665.399323749137,2656.541405789074,2662.455038556909,2981.7218670666057
2024-10-25 21:45:00,2659.06344122206,2660.4436518291213,2652.277981689328,2660.9915690029015,1636.980070657761
2024-10-25 22:00:00,2642.548818469924,2647.828112601313,2633.296242611954,2637.132345709176,5387.327141047639
2024-10-25 22:15:00,2611.5415052098306,2618.5554708017617,2614.1335651908335,2617.4285860594214,9280.64996635088
2024-10-25 22:30:00,2644.893507708025,2649.0625456745247,2636.3619186833143,2640.1197316271264,3917.1779904909454
2024-10-25 22:45:00,2614.136319488414,2620.61257574543,2608.7310473666375,2612.7064640501826,6875.328494047641
2024-10-25 23:00:00,2622.581806621406,2629.1255705461326,2623.4783735924284,2627.385727616763,9392.107968931681
2024-10-25 23:15:00,2667.2729242938954,2670.1933856505625,2657.8709082993805,2666.5591822643664,2588.437280259989
2024-10-25 23:30:00,2651.231001900521,2661.576341479803,2650.0885718073832,2652.8445194314045,7563.383296372117
2024-10-25 23:45:00,2652.0314681520445,2653.5740689844697,2642.1446147336737,2651.8076318629455,8959.129768661389
2024-10-26 00:00:00,2608.917126131641,2619.0649751316664,2606.568747125748,2609.622776961914,9374.29946916667
2024-10-26 00:15:00,2611.122146619722,2619.9267011766656,2610.645775334509,2618.3945946966724,7522.643384992042
2024-10-26 00:30:00,2617.52044669828,2624.1785103161765,2613.174618096423,2616.7379934045252,3688.0092098380155
2024-10-26 00:45:00,2627.1393674678366,2629.4806778928278,2617.4863695159565,2625.298476188059,3543.7447106910377
2024-10-26 01:00:00,2617.1052201520242,2625.19543096346,2617.1458291031313,2617.701554564648,5956.00199351678
2024-10-26 01:15:00,2596.2512093690284,2601.476387755933,2593.6679572287376,2600.229518639328,5529.6023634173525
2024-10-26 01:30:00,2584.553538688966,2582.901116101874,2575.8431678562865,2579.0044779258765,4442.745659965899
2024-10-26 01:45:00,2572.3935529455593,2577.8759725216605,2567.0242482607377,2570.6664758131733,4265.839518668439
2024-10-26 02:00:00,2580.1051636780435,2584.406449588059,2574.1192242405255,2572.831956912754,3942.1515022616045
2024-10-26 02:15:00,2554.0611811268727,2563.520232009957,2551.595535247562,2558.3585935929455,7801.59302625318
2024-10-26 02:30:00,2571.9769884144007,2578.6804953001842,2568.753249808152,2576.3275016541565,1867.2621568184195
2024-10-26 02:45:00,2588.8562045937383,2588.627982067262,2578.8445284084546,2589.9405317884693,4898.080182798241
2024-10-26 03:00:00,2588.9932073598666,2600.0406201189076,2584.2852163144526,2588.0343174601717,4016.628878564417
2024-10-26 03:15:00,2556.7625237960006,2559.5298392080445,2545.7641709041113,2551.1652722740987,1177.8760848104391
2024-10-26 03:30:00,2557.140401767573,2563.2204801720723,2550.36138377866,2560.4254503801417,5606.789409621369
2024-10-26 03:45:00,2563.3072123762904,2571.9402473101463,2562.5279241731287,2568.3413258266028,2974.8567526999013
2024-10-26 04:00:00,2550.4262412709245,2557.3454239922007,2542.673743400367,2554.9271149609017,4394.278942680447
2024-10-26 04:15:00,2561.700552412825,2563.627802048401,2554.7842991626094,2555.596564885748,8521.805668560806
2024-10-26 04:30:00,2571.051768620437,2570.20473778421,2561.2380993858214,2565.3972889446354,4061.619019636073
2024-10-26 04:45:00,2591.583411739627,2597.7186236140674,2587.307270673136,2594.731192301541,1555.0828733298438
2024-10-26 05:00:00,2577.942206296041,2586.3139218444935,2576.2589722918988,2581.253347691812,8922.531578548384
2024-10-26 05:15:00,2608.792178173393,2609.798336001796,2602.92305282262,2609.6274785233454,9468.252001636623
2024-10-26 05:30:00,2633.7031410244977,2636.446297326372,2622.392280642062,2628.508731524679,3313.178825070695
2024-10-26 05:45:00,2661.4885920569914,2663.7560692047605,2655.48896747075,2656.461135885806,2193.7797439633587
2024-10-26 06:00:00,2635.8745864610846,2639.5868267904316,2630.906290629791,2630.8997692807484,5513.786564826886
2024-10-26 06:15:00,2637.9321419807493,2643.443097359849,2633.2218423371987,2631.18239091665,8167.446423144667
2024-10-26 06:30:00,2616.462079459263,2624.773601370142,2611.903836887478,2620.231377315942,4841.617818385593
2024-10-26 06:45:00,2644.329768443659,2652.661538939368,2643.8542189216664,2649.574091290266,2053.385392981372
2024-10-26 07:00:00,2631.911239817071,2636.4732290683964,2626.5613537475147,2625.131499871226,9599.650215155802
2024-10-26 07:15:00,2640.182674631758,2647.013028866187,2636.103434378121,2640.998721523514,6174.703579386446
2024-10-26 07:30:00,2664.2403334960504,2664.306552798475,2652.6351990305466,2657.8645100286167,3622.139472067537
2024-10-26 07:45:00,2665.2206819167473,2672.26155289789,2659.287100777179,2663.6922626245228,6353.102758938904
2024-10-26 08:00:00,2658.736199236553,2668.440275691427,2658.101378383833,2665.458371328751,7902.776343614964
2024-10-26 08:15:00,2643.4104372406655,2647.475345757087,2639.5363327414625,2647.871883889524,3238.2232380877504
2024-10-26 08:30:00,2641.436046885097,2645.5019019599163,2635.1002602363114,2647.136939526022,8822.003136270558
2024-10-26 08:45:00,2610.67887560671,2620.269587283708,2605.662793808874,2617.607779345235,7305.126696697114
2024-10-26 09:00:00,2620.4673298575867,2621.6071705016757,2613.48331800265,2619.30573715176,1706.7509041662524
2024-10-26 09:15:00,2612.0384039377846,2623.4984027732926,2610.740624779492,2618.620733414053,8942.016764453874
2024-10-26 09:30:00,2599.23946299883,2604.437566606059,2593.3933123153565,2596.1986677679065,2160.7135116750196
2024-10-26 09:45:00,2585.598697044451,2587.5867148753136,2575.487993754087,2585.228615858897,4972.185720951801
2024-10-26 10:00:00,2549.6982473957946,2556.4807158179556,2543.620815507698,2553.7840953967034,6169.561476553854
2024-10-26 10:15:00,2540.309259929651,2545.4012627559678,2535.2715287815063,2538.3921989076275,2125.2832190318795
2024-10-26 10:30:00,2561.29706617628,2570.489827403736,2557.1650864824915,2560.5027308536323,2624.4128758503275
2024-10-26 10:45:00,2547.5601706744646,2556.105987209266,2548.3957924013275,2552.858392709757,592.8288815183721
2024-10-26 11:00:00,2552.7499443434845,2563.2132686781288,2552.150670671744,2558.47234164538,7328.4563306419695
2024-10-26 11:15:00,2537.3193833505634,2539.028143926918,2529.7771561181003,2533.9582855689487,6988.6921743277135
2024-10-26 11:30:00,2539.5073857969755,2540.7719436849657,2532.6981256130016,2539.2424672005186,1867.125633551863
2024-10-26 11:45:00,2541.8436313894344,2550.579984582625,2538.501160020706,2547.842105141891,7914.776116910841
2024-10-26 12:00:00,2536.0588270546905,2542.552706371431,2534.2773242491307,2536.1835495301466,2170.838480271786
2024-10-26 12:15:00,2558.2364381056354,2567.2696960964995,2552.805454320102,2560.5346522110312,6173.704658774021
2024-10-26 12:30:00,2558.555212601161,2559.508422205352,2552.8457648627436,2556.1880636058945,3286.5420934236454
2024-10-26 12:45:00,2535.1706251579153,2539.7873632161236,2528.4371186945054,2536.877092670206,1409.1428515468378
2024-10-26 13:00:00,2534.0836276056407,2541.8631207959716,2530.9508551182353,2539.0651824461042,586.8574894941784
2024-10-26 13:15:00,2521.2942917228556,2528.6345989718357,2521.930092454264,2527.671674789911,886.7351355155774
2024-10-26 13:30:00,2543.4248531421013,2541.7424862089897,2532.22312417886,2541.3249091270172,3260.7947949043123
2024-10-26 13:45:00,2507.814409845566,2510.492085526777,2503.106767415855,2502.0901527301407,2629.84027742897
2024-10-26 14:00:00,2518.3130427207684,2525.7384921274884,2513.788590433466,2520.102624097381,9323.84311866257
2024-10-26 14:15:00,2547.004203500376,2549.3501015391084,2536.2364103483665,2540.861098893726,6012.897722700497
2024-10-26 14:30:00,2518.6334384887914,2526.7271161284593,2512.3839355119826,2515.912975909393,5875.180207220699
2024-10-26 14:45:00,2528.4515357289297,2529.0724803375624,2524.6988964625107,2523.0963166346332,6558.714877793898
2024-10-26 15:00:00,2526.1924426729474,2525.402503122333,2514.5105821919988,2518.6122275071607,3885.115065281469
2024-10-26 15:15:00,2523.1292240211765,2532.9452200039755,2519.6323726914607,2523.5358539925087,2033.0801469988394
2024-10-26 15:30:00,2513.163420558861,2514.2371025403113,2507.3179037547907,2507.2977812202416,5844.840027042065
2024-10-26 15:45:00,2483.781273726969,2487.753589913883,2480.166872539268,2481.6571066065308,3050.6871842865935
2024-10-26 16:00:00,2476.687248446291,2481.7903739457734,2469.9447679210666,2471.0596728299815,9418.713866189384
2024-10-26 16:15:00,2490.96013329751,2501.507959209642,2490.2671497052656,2494.572858864583,2692.287451250634
2024-10-26 16:30:00,2505.4584147719534,2504.306352009841,2494.364668920133,2498.11799228619,227.38507025435092
2024-10-26 16:45:00,2533.8253511019793,2538.1169412400022,2529.488605556525,2536.897158504648,426.5071824312532
2024-10-26 17:00:00,2541.560010513286,2547.1253556986667,2535.4320062856355,2544.3018662907193,3355.74669543257
2024-10-26 17:15:00,2549.4079471095133,2552.774523401399,2547.8266001568813,2549.255178996473,6947.998158078049
2024-10-26 17:30:00,2553.8894951062093,2564.460058726927,2551.1974150071496,2562.2870030044446,2317.380503739699
2024-10-26 17:45:00,2537.9558127487567,2546.515384208965,2537.047578732634,2544.430887300579,6818.815745916232
2024-10-26 18:00:00,2555.0910309156493,2559.165260663927,2547.9509419822502,2554.323488664127,7414.154063782071
2024-10-26 18:15:00,2521.3951896050576,2531.572438508705,2516.3157021906136,2524.188569325485,2996.887451581995
2024-10-26 18:30:00,2518.2902561182227,2524.47205427572,2509.6687109829804,2515.644038628135,2302.330672419628
2024-10-26 18:45:00,2520.7683808711963,2525.3521726617723,2512.572044084439,2514.720502114152,8724.83467999499
2024-10-26 19:00:00,2510.9090017636563,2516.110219821057,2508.055979884679,2516.7238743044413,9691.61224735839
2024-10-26 19:15:00,2491.2908727142208,2501.53028159903,2489.7009849659303,2489.996569029335,436.6462970681431
2024-10-26 19:30:00,2504.336142930006,2513.95103692069,2504.5933475084134,2510.8991707986474,537.214199533417
2024-10-26 19:45:00,2518.616199830249,2518.9169811350853,2507.010241345259,2516.4601127361975,2445.0711739290136
2024-10-26 20:00:00,2487.994667211489,2492.357929701049,2485.243144930493,2484.1646086114924,9956.34006444381
2024-10-26 20:15:00,2488.0080152537644,2492.04589377936,2484.087390675193,2490.2021745786856,8783.528984688366
2024-10-26 20:30:00,2498.519689201804,2506.264032802702,2494.402794822281,2498.3435791208976,7606.626044019666
2024-10-26 20:45:00,2496.9281858230306,2503.0722801679162,2496.3356376069632,2498.9792532397423,2014.971939340198
2024-10-26 21:00:00,2506.413966529277,2512.863138666612,2501.6547336886056,2508.3483320646974,6798.699520328085
2024-10-26 21:15:00,2512.2771698147103,2514.733485844623,2506.7586010002683,2510.2009462574856,2762.3557104350293
2024-10-26 21:30:00,2516.7395406717947,2524.64613092955,2513.60287210552,2519.4354509358973,3042.881559270539
2024-10-26 21:45:00,2521.4418851212313,2529.4874930471606,2516.8500158785846,2521.3564710195365,5905.473297628783
2024-10-26 22:00:00,2515.0480237641023,2520.5319168231304,2510.9728264504806,2520.9989199869633,4578.4323858105545
2024-10-26 22:15:00,2488.38420105434,2497.6025400325293,2484.220555300615,2495.23106342291,8002.771378907132
2024-10-26 22:30:00,2512.6073642190195,2513.058554401773,2502.433589100349,2513.793257617543,9387.698816688038
2024-10-26 22:45:00,2508.4225062661453,2519.110446276523,2505.438078945821,2509.666065362002,9379.977237482275
2024-10-26 23:00:00,2505.910152925806,2509.3180539682553,2504.7018883677297,2505.7166686783157,5584.895900294069
2024-10-26 23:15:00,2485.8274715132065,2491.2314596421274,2480.781009223578,2484.817638021837,3459.780435009956
2024-10-26 23:30:00,2516.9988480341967,2524.614322170966,2513.1119531905647,2512.543229553331,6887.52821009998
2024-10-26 23:45:00,2523.6466161212447,2528.030173386366,2518.7945372526933,2522.4240593525014,6030.714116111465
2024-10-27 00:00:00,2522.5092187720393,2529.9041725873944,2514.958544114067,2518.477397926772,4049.400636861888
2024-10-27 00:15:00,2511.8444251077476,2517.9373225765976,2508.1974554917574,2518.242938017418,5032.459900376176
2024-10-27 00:30:00,2515.359358737249,2517.9407840555236,2507.0325723583887,2514.725602351096,8868.785016853351
2024-10-27 00:45:00,2534.2499318682035,2541.3005399613266,2530.9549487272952,2541.449081650913,2488.6683542215783
2024-10-27 01:00:00,2535.108681202998,2540.721033212901,2530.923836397832,2534.113114500246,4063.326409840721
2024-10-27 01:15:00,2553.160445383603,2564.7274208639947,2549.6608642003157,2561.886805001352,951.0349299694719
2024-10-27 01:30:00,2573.5536957912545,2578.876508692083,2564.3408829991204,2569.5564311515636,8189.96184750489
2024-10-27 01:45:00,2586.6636908086125,2588.028613907671,2578.707935102172,2584.6915372386356,2229.1041203503755
2024-10-27 02:00:00,2572.805603626515,2582.0363821134933,2572.1571602745953,2575.159851877949,2995.447323884911
2024-10-27 02:15:00,2556.9291458847983,2565.036659361518,2553.0158696753397,2560.128633840694,5011.269903106787
2024-10-27 02:30:00,2555.4521970162737,2560.857367613162,2547.249784284139,2551.55034486563,7066.710162949533
2024-10-27 02:45:00,2548.4283352151074,2555.7937891073475,2547.8557175691217,2550.8688275038044,8914.772403294042
2024-10-27 03:00:00,2575.7050104460695,2581.4120002234727,2567.8723897294226,2569.2142830378825,6834.996041402185
2024-10-27 03:15:00,2552.520233762603,2552.643650496321,2545.0290424975547,2547.679775634173,5838.870764247595
2024-10-27 03:30:00,2530.7739969125664,2541.0564086721533,2527.9035299662014,2531.858687631893,879.3042786686594
2024-10-27 03:45:00,2540.2825495809,2541.757384510547,2534.9259476573156,2538.6431831244663,8542.312996874167
2024-10-27 04:00:00,2556.495244577164,2565.7598757864125,2559.2160031815456,2557.784431738508,5949.037217991935
2024-10-27 04:15:00,2566.5787428435333,2570.6748120733173,2559.9797474310494,2564.6689054701033,5158.4069767595765
2024-10-27 04:30:00,2581.309155459753,2589.819877904761,2581.0481926305997,2586.3951655565434,4435.2612819980795
2024-10-27 04:45:00,2597.513161059371,2609.057395075313,2594.0801024808043,2598.6409273391764,8921.883616033376
2024-10-27 05:00:00,2582.558756957283,2590.4495196596044,2583.606518760255,2589.631811612725,5409.794246819387
2024-10-27 05:15:00,2598.8019559193626,2603.931459253993,2594.528063232737,2593.6249541648012,9943.196836276007
2024-10-27 05:30:00,2617.4394527587547,2619.5028905940726,2611.670188717825,2616.1949092417576,4084.563406065477
2024-10-27 05:45:00,2609.4153205058615,2609.256468906358,2599.349610795916,2608.8326535148267,6890.973878879627
2024-10-27 06:00:00,2622.3257736496075,2627.920039566904,2619.1864400966606,2621.4038003779774,2307.978819586508
2024-10-27 06:15:00,2626.0429399487575,2629.88151231877,2619.264620078594,2620.9040872916426,1216.4989191144887
2024-10-27 06:30:00,2610.1120508654703,2616.4784688579234,2608.036283343738,2609.4415778493435,6480.734131153632
2024-10-27 06:45:00,2609.5361417873482,2613.4227265635823,2603.591932416601,2611.531900097878,5137.970005510419
2024-10-27 07:00:00,2626.6837497303727,2624.3878137583847,2617.282380255221,2618.5289956487195,1415.504782772659
2024-10-27 07:15:00,2628.545155308079,2630.063293630503,2621.7410412353734,2620.3106244109886,5888.504273269517
2024-10-27 07:30:00,2626.4334543504065,2637.3457561411046,2622.885750863653,2633.3086616859405,544.2522405338035
2024-10-27 07:45:00,2620.851153548089,2623.007955547653,2610.007373576657,2620.9878701002885,442.11382311702266
2024-10-27 08:00:00,2639.795207732099,2641.902278814509,2631.8196209476628,2630.480175988939,4279.496637877775
2024-10-27 08:15:00,2633.4867733310134,2642.49422651604,2633.668148678194,2638.3365888594676,5149.660709009442
2024-10-27 08:30:00,2606.1556117462615,2611.3750557896274,2602.9517386095217,2609.5282418836805,2862.0568497011013
2024-10-27 08:45:00,2602.9390786030112,2607.693605846858,2592.4242973119613,2602.51527674747,5401.438092810967
2024-10-27 09:00:00,2571.7207039465343,2575.0229071204603,2562.8944902216563,2568.4774038229025,4736.600472026353
2024-10-27 09:15:00,2567.7525064887272,2573.398360967217,2566.3156419025686,2571.0471689430897,5742.999705301912
2024-10-27 09:30:00,2580.400843456951,2587.9317930831016,2577.79168637546,2580.6271157151627,324.64552681729225
2024-10-27 09:45:00,2584.1211140750083,2590.6577626641492,2580.1135696857214,2585.1057503572856,7525.274609477423
2024-10-27 10:00:00,2563.262413464278,2569.6673289666637,2559.1098094540766,2564.318586727765,4171.548576991148
2024-10-27 10:15:00,2577.498141948827,2586.5311843367544,2572.9569899315375,2583.092445984552,4268.552320005767
2024-10-27 10:30:00,2585.1049025924754,2586.20345656785,2575.3915624813635,2578.5609704712565,7566.010062945737
2024-10-27 10:45:00,2592.653310460685,2594.5590694363914,2584.7371239290364,2584.1534431470104,2824.5815737034204
2024-10-27 11:00:00,2574.747311052123,2578.5697055621577,2567.671539310013,2569.3078361522485,1594.7475449122053
2024-10-27 11:15:00,2556.924722489492,2562.5056083825357,2553.930721295133,2557.4953723533868,4874.051811457217
2024-10-27 11:30:00,2539.4038871627904,2543.276757732608,2533.3970595384076,2535.3256126273595,4568.171506251531
2024-10-27 11:45:00,2547.267239601758,2551.5730439444656,2543.1401323096547,2549.2347156156534,7658.270973831238
2024-10-27 12:00:00,2536.742845232083,2545.844339290703,2537.442381337007,2544.2563089427485,5590.321103414353
2024-10-27 12:15:00,2546.347773625648,2556.457126618154,2541.773448335174,2551.164949274516,1670.0156336587368
2024-10-27 12:30:00,2517.4435404490478,2517.0901819384176,2507.3603348310603,2510.607824599004,5103.415876471561
2024-10-27 12:45:00,2526.2821215914396,2533.3236844241665,2523.217924575312,2526.0985293086515,6773.638203691889
2024-10-27 13:00:00,2536.5699218259942,2543.9267823277996,2530.527070449768,2534.5725552846575,2539.2416416783253
2024-10-27 13:15:00,2527.7938074965637,2529.22494974127,2521.8171310358475,2524.7112488249336,6528.437446911016
2024-10-27 13:30:00,2551.481457554953,2553.6343335263387,2539.1319654171193,2551.296621688494,5908.875204033359
2024-10-27 13:45:00,2542.052722169909,2544.6265124920965,2536.1595845210945,2544.9710268984763,4439.223310969026
2024-10-27 14:00:00,2550.71910679886,2551.5521582941974,2546.42701632231,2548.916113692045,5484.722514942473
2024-10-27 14:15:00,2557.7080420161856,2558.3045746975295,2550.3197745469215,2554.3062061247015,7842.7942079634395
2024-10-27 14:30:00,2570.886975945599,2581.813223188671,2569.283509134246,2575.2091790182158,3530.76921031533
2024-10-27 14:45:00,2593.390233231848,2597.6761840056856,2588.56569024017,2592.8735118912323,9377.809676598386
2024-10-27 15:00:00,2609.723318677114,2614.9434445115153,2603.3722826812636,2606.4602150408227,6389.874745892364
2024-10-27 15:15:00,2583.0328297125093,2586.6576888619543,2578.0790105677097,2582.2773055410407,385.8933495244545
2024-10-27 15:30:00,2589.546608040601,2595.802578155727,2590.3699290976,2594.464901083762,4576.5521771522945
2024-10-27 15:45:00,2591.2213336403265,2593.5050409262735,2585.254713941028,2583.432212390946,8752.546937385889
2024-10-27 16:00:00,2587.5425965597938,2585.911077117463,2577.1720175703795,2586.1442715144185,6825.275843958557
2024-10-27 16:15:00,2561.291784410146,2571.5598169239715,2559.9542870145883,2567.1352665508166,6449.846808491129
2024-10-27 16:30:00,2586.0854675177934,2592.4107048972514,2580.164511937803,2583.544788854027,2650.7630931100543
2024-10-27 16:45:00,2606.8416101586854,2612.7424524422167,2603.084224868637,2610.0289597281685,5403.095122944666
2024-10-27 17:00:00,2604.8662563114167,2606.239238797852,2601.1076724057516,2598.4201294670574,8211.591680450554
2024-10-27 17:15:00,2589.0508119700025,2592.860558543437,2584.1712826597195,2593.889029107692,2878.4484011182444
2024-10-27 17:30:00,2574.854348521187,2579.5894957481364,2568.9155747371497,2573.8454124402765,3198.392259266514
2024-10-27 17:45:00,2569.3037428630364,2578.366684722534,2564.6011760243805,2570.7720146364954,870.8351736323369
2024-10-27 18:00:00,2562.7328841229432,2568.9115025925107,2556.179571728529,2565.0651578548072,8084.258195524963
2024-10-27 18:15:00,2573.4709464936223,2571.1893601709526,2566.5509659451095,2570.124863269977,5402.114747651811
2024-10-27 18:30:00,2574.7757502883815,2581.0175014031915,2572.7938563891544,2579.3483676735977,7334.391040200481
2024-10-27 18:45:00,2601.2635681917614,2599.6354579405515,2591.7450153268574,2598.439532754267,576.8997582400502
2024-10-27 19:00:00,2565.547478311908,2574.0957111536577,2567.220549314784,2571.9208768842627,9805.048464535012
2024-10-27 19:15:00,2543.1591732906386,2553.540547102953,2543.540377945993,2546.1234871460956,1046.9876918634918
2024-10-27 19:30:00,2556.888408405864,2566.7125775973805,2556.7543173187305,2565.6235750482133,7895.928543382749
2024-10-27 19:45:00,2541.7577636134856,2552.060325664812,2541.3706710872234,2539.8197114071686,6357.904798116464
2024-10-27 20:00:00,2532.61778283538,2532.5175457517553,2522.32105800019,2528.6487645842,7641.914407585908
2024-10-27 20:15:00,2554.046380519758,2554.355777803374,2547.64491435047,2556.200693154011,9929.562455791878
2024-10-27 20:30:00,2525.841995139163,2530.507505748538,2524.129730801059,2529.52531118907,3142.065544741427
2024-10-27 20:45:00,2538.438964628814,2541.928661471352,2536.0945553218753,2540.619739886843,2300.5681951608735
2024-10-27 21:00:00,2511.9443068916703,2523.7822257515736,2512.7024820656966,2514.363098541436,7650.913135859974
2024-10-27 21:15:00,2550.362285621437,2556.7213494226085,2545.597851656675,2546.254545730951,5765.358008674451
2024-10-27 21:30:00,2592.5941718077006,2598.360046060844,2585.3150879801256,2589.377225334376,1439.0592758516727
2024-10-27 21:45:00,2602.1507664682754,2606.363241181271,2596.8265676560413,2598.0371739512557,9379.474861613326
2024-10-27 22:00:00,2579.958997137962,2579.9983469358763,2575.1035089074053,2577.8922894457105,241.64166290837497
2024-10-27 22:15:00,2574.421851642892,2576.169205321441,2563.90039173937,2572.152825047315,5302.545919755045
2024-10-27 22:30:00,2583.610949416241,2582.2295651165637,2572.88721323017,2579.1482272265976,7512.096036257291
2024-10-27 22:45:00,2568.40844334638,2577.3132008074244,2568.2026583830248,2568.2472359406393,1773.8820237486727
2024-10-27 23:00:00,2593.195651769305,2599.1243956146022,2587.887071201901,2592.9630589001313,7344.261716769639
2024-10-27 23:15:00,2607.2266136076196,2612.0536140432087,2602.728888651036,2612.3251269904576,6201.041113399064
2024-10-27 23:30:00,2616.1577823135012,2623.623556610392,2612.4560076752023,2618.3614912633097,6364.57042130155
2024-10-27 23:45:00,2593.913176578857,2600.198150094036,2589.093917035949,2596.5011092807713,6402.958027048107
2024-10-28 00:00:00,2588.4434320095133,2595.750317542637,2588.9654585807493,2588.5054131426914,6505.55800084267
2024-10-28 00:15:00,2565.609734732042,2574.136853994998,2561.874550630734,2572.452885687771,4846.544309873934
2024-10-28 00:30:00,2576.2856576290174,2577.4855901931946,2572.8524346490713,2576.2743511784406,8460.248608835294
2024-10-28 00:45:00,2562.515205947571,2563.918284366545,2552.5428999621067,2557.7832511195543,3934.8703307586416
2024-10-28 01:00:00,2583.6271899344565,2592.377597457609,2582.2575303006356,2586.6868810385095,9819.486367034904
2024-10-28 01:15:00,2568.103418913377,2567.884842348396,2558.1463710886037,2564.7354125211364,3251.377949235871
2024-10-28 01:30:00,2560.2080437338554,2564.2269644689377,2548.8292608879974,2554.4564442894166,4617.967268978783
2024-10-28 01:45:00,2567.5168368346544,2578.5936754635627,2563.6395301273187,2566.8418804580438,6426.143327263192
2024-10-28 02:00:00,2539.2529302932494,2549.4355059159725,2541.8833463389983,2544.6064055829615,3117.04466206904
2024-10-28 02:15:00,2535.6787209676722,2545.0487129049598,2533.5624943337752,2539.0537412089107,7269.0981398866925
2024-10-28 02:30:00,2523.027337573986,2523.2202271167816,2517.4629153104092,2515.552070254458,6381.81982486682
2024-10-28 02:45:00,2534.094317665327,2536.3451329454674,2527.9326499483786,2532.293978686783,9218.323086884235
2024-10-28 03:00:00,2531.290642277871,2540.521425429662,2531.0008701557826,2538.093534111661,1349.2075336737319
2024-10-28 03:15:00,2524.4046068982802,2533.0034470693063,2522.7223907724856,2524.6819712775173,1682.9009224835906
2024-10-28 03:30:00,2517.608342589928,2524.5692093022653,2512.902855880578,2521.720409193609,6733.092200156251
2024-10-28 03:45:00,2494.154018280379,2500.5653300491927,2490.934262278702,2492.7662745056277,2809.5702480142154
2024-10-28 04:00:00,2492.4676317042235,2493.2795779096614,2483.368949268963,2492.1318052514,4263.371409073068
2024-10-28 04:15:00,2489.4506962058235,2498.098405728572,2485.813389949622,2495.6119878603713,1819.4007132457632
2024-10-28 04:30:00,2477.792665665299,2482.8376440548,2476.738233563626,2475.214374152419,524.7016707564533
2024-10-28 04:45:00,2480.7716403016634,2484.4247752060337,2477.964549739768,2480.224670721534,4654.279619263007
2024-10-28 05:00:00,2481.128572403691,2489.980371348543,2480.4431524923543,2487.5941588515416,596.1352084156313
2024-10-28 05:15:00,2482.2508027754952,2487.7365347316427,2477.464745980567,2486.2009972885535,2376.719068237788
2024-10-28 05:30:00,2450.830476377919,2457.6669934615015,2452.1548743686335,2449.4561562008803,5778.325496877111
2024-10-28 05:45:00,2438.6201115450194,2446.0550896996874,2436.625721686276,2441.1582728730227,4238.786990264414
2024-10-28 06:00:00,2471.9849795080636,2469.5673819274525,2463.0739551550055,2465.6885687551185,1648.700030739424
2024-10-28 06:15:00,2483.5800993705548,2487.398706092264,2474.7608172369505,2478.214981012823,5505.817218737567
2024-10-28 06:30:00,2475.444135489244,2485.614283121905,2472.8889037576155,2481.4311638748572,9036.167412273815
2024-10-28 06:45:00,2435.1843728466442,2438.5768241698934,2429.5004224742333,2437.215360780638,9701.482688152937
2024-10-28 07:00:00,2445.2158041661096,2446.6046115255435,2439.225441602858,2440.6276284683,6273.280063633549
2024-10-28 07:15:00,2425.6163652108285,2429.7558233534764,2420.898905934336,2424.9510630154446,6741.578853653673
2024-10-28 07:30:00,2421.2401948448523,2424.9100786933805,2414.3266009797076,2418.91569060985,7009.1041858263425
2024-10-28 07:45:00,2393.3061325905214,2393.354641170832,2383.1370688373067,2390.41067726062,5612.557724705588
2024-10-28 08:00:00,2428.4396351462974,2433.1687851910488,2420.7037377142115,2424.6921050481255,7756.497495535735
2024-10-28 08:15:00,2430.0369246665514,2433.6508431699376,2428.118620417413,2436.0400323600243,9046.708826721053
2024-10-28 08:30:00,2438.7846385260436,2442.234926369083,2428.4991433582804,2430.2653097567004,7064.702204496451
2024-10-28 08:45:00,2403.9738801291705,2410.1880730649677,2402.0446824282726,2412.2303705459303,8250.377408869796
2024-10-28 09:00:00,2400.034403769891,2399.246439950401,2389.6590586565435,2394.739984138866,9559.143552111425
2024-10-28 09:15:00,2387.6615698689434,2395.2977838234524,2386.0167754215786,2391.120025796795,3014.233235694517
2024-10-28 09:30:00,2412.0938038653194,2415.7851256033814,2404.190366097376,2409.211780416786,1574.9543701357948
2024-10-28 09:45:00,2397.5246584268166,2398.7904450250503,2389.430515038609,2396.5085744726694,8627.993259463052
2024-10-28 10:00:00,2396.2450311621205,2399.7162711940914,2391.259345949693,2392.4220375869313,1280.710238251011
2024-10-28 10:15:00,2410.487949364852,2412.55336971502,2399.2039473139243,2405.9250805486677,9280.842416822517
2024-10-28 10:30:00,2388.3590970332925,2396.4381695073575,2383.2750069518984,2393.4536181408243,1000.303165926503
2024-10-28 10:45:00,2412.2379058977917,2418.2717455373577,2408.443151288253,2413.6158870371673,1589.9962318554021
2024-10-28 11:00:00,2406.5874548038037,2412.4393456281805,2398.9147871476343,2401.3746180395055,854.3311376515393
2024-10-28 11:15:00,2394.0409445914097,2398.929034896235,2387.8047497396033,2388.727972175575,196.64107149186665
2024-10-28 11:30:00,2402.3728954886246,2411.4331649646288,2401.576201729691,2408.2504341703716,1128.0693521166863
2024-10-28 11:45:00,2390.147526580817,2393.9181344287113,2379.8920880583737,2392.039997802067,7060.53640131226
2024-10-28 12:00:00,2393.5226702968457,2400.6994178434197,2390.747117350986,2400.7355404484483,7299.341621273163
2024-10-28 12:15:00,2406.5809598172505,2411.8538851056337,2397.4215177471237,2407.720556559703,7046.058350523061
2024-10-28 12:30:00,2411.3129379625902,2414.872546869579,2406.625304270729,2413.820930663265,1069.3540013464528
2024-10-28 12:45:00,2398.4338031369016,2401.8529527145024,2392.35623314249,2394.2586639218075,1817.4769815174432
2024-10-28 13:00:00,2419.081146102353,2420.0372333057253,2411.4131347166026,2414.0183682310967,3248.072542026451
2024-10-28 13:15:00,2430.988455674528,2431.6301512261016,2424.204539395055,2430.1847696511672,6750.034548230758
2024-10-28 13:30:00,2407.0654259843354,2415.8174376929574,2403.443595129898,2406.2994575685684,1478.833168750508
2024-10-28 13:45:00,2397.06950032883,2401.451341972552,2396.4694405678647,2395.5255578221727,7263.52495431972
2024-10-28 14:00:00,2394.6664265847267,2394.8768994785423,2386.5826733819345,2388.988715705106,9300.48729801892
2024-10-28 14:15:00,2368.7689439961214,2380.583964432847,2371.02661788564,2371.024511216057,1887.8069841453437
2024-10-28 14:30:00,2362.923223403313,2366.7889988990287,2354.295336520144,2363.5416096267154,6852.800594653337
2024-10-28 14:45:00,2361.282531502347,2363.5071832153653,2356.7072527194787,2361.0560409626455,2446.9451497378836
2024-10-28 15:00:00,2371.1987065484436,2374.337869939876,2364.2058099261008,2368.1923422834807,2107.675148428717
2024-10-28 15:15:00,2352.3984134685843,2356.7120508767234,2343.005656644667,2347.690051841479,520.3190522983319
2024-10-28 15:30:00,2387.107104129982,2392.3624969007224,2383.7529438459324,2383.0993924975937,4680.837757169839
2024-10-28 15:45:00,2378.2736813522974,2380.8914973525266,2370.6965862157317,2379.7429272033987,8135.225563616357
2024-10-28 16:00:00,2351.8110982035428,2357.9907691024628,2344.344031051753,2349.1950351372716,823.3296526493933
2024-10-28 16:15:00,2366.7962427763537,2372.0789986085165,2359.4717246890455,2369.999888132502,6293.6115583349165
2024-10-28 16:30:00,2368.458116296217,2376.8357976707503,2362.799458861115,2368.302930886711,2058.497828335588
2024-10-28 16:45:00,2354.470426934031,2360.373860462885,2354.7163387982123,2360.2802847836515,158.10977229844787
2024-10-28 17:00:00,2342.5356265742807,2345.52561817999,2334.799863594305,2337.0235402953604,4061.264723560789
2024-10-28 17:15:00,2333.908552917562,2340.748942722105,2332.928935667196,2335.675398025292,2004.3611702769283
2024-10-28 17:30:00,2344.7297913416683,2347.0272007755943,2336.3852223156255,2340.8888342258,6265.236756823373
2024-10-28 17:45:00,2323.2746269923023,2329.235221215711,2317.695754200064,2327.5946188634066,2785.9025443670853
2024-10-28 18:00:00,2294.398500652597,2295.964691530775,2287.2933231485163,2295.8288469510517,8613.612153776561
2024-10-28 18:15:00,2308.546276393025,2314.351708551753,2302.9863674387834,2307.8067175933365,3801.2465001693486
2024-10-28 18:30:00,2309.638831657693,2312.0167178848883,2303.5781331092276,2306.9120380009663,2587.025277948791
2024-10-28 18:45:00,2267.6537341700327,2276.820426198778,2264.008824697098,2269.5907407438376,6897.221528360488
2024-10-28 19:00:00,2254.954604487755,2257.8343645392406,2248.039739290171,2247.9254970869256,9213.365300737021
2024-10-28 19:15:00,2269.1691158093026,2271.255718057656,2260.3147836868698,2268.098890587086,5062.981259206053
2024-10-28 19:30:00,2254.2983980348604,2262.5739812283623,2256.2904977954,2261.9364712383904,9339.269612237706
2024-10-28 19:45:00,2272.8203730243854,2271.396631325424,2265.587534106998,2267.9748003775553,9495.254580963592
2024-10-28 20:00:00,2271.5269497143454,2273.4352542919187,2267.7061658815733,2274.5375677107154,5184.495762797844
2024-10-28 20:15:00,2291.4483577656993,2296.7780185063384,2287.9698880685596,2295.4282237224343,7294.602342037087
2024-10-28 20:30:00,2299.0499400927065,2300.3151540625327,2290.5927670380815,2300.518922321407,9263.465713745307
2024-10-28 20:45:00,2302.9123861982835,2306.139989859066,2293.8915093513815,2298.2352171497596,8964.781034107014
2024-10-28 21:00:00,2305.9097295083884,2313.2568753485207,2305.227893468645,2306.032943228795,7186.3153597261135
2024-10-28 21:15:00,2329.8384535201612,2339.905305005497,2329.422337255044,2332.799916530558,8321.860588435597
2024-10-28 21:30:00,2335.401374575549,2336.8911909681246,2328.1415481592144,2338.13994897973,8063.97238423521
2024-10-28 21:45:00,2329.731660682963,2337.6193632842114,2327.1941873841015,2331.0501798945343,120.12157190366526
2024-10-28 22:00:00,2306.2229293385635,2309.8549561079103,2303.3467080908526,2304.591308795346,6118.304225139339
2024-10-28 22:15:00,2284.2196115332663,2288.9652539555964,2280.8950599130803,2284.9914293466245,4162.672200426457
2024-10-28 22:30:00,2244.583669354034,2248.9175466447523,2238.2498328985853,2239.8325813471884,1321.448993160718
2024-10-28 22:45:00,2279.5887991973455,2286.8333876493894,2278.317388423862,2275.9299139399845,250.65538792001936
2024-10-28 23:00:00,2298.2065036787685,2303.9027988913367,2298.27904395251,2302.6330881395525,950.9583027272101
2024-10-28 23:15:00,2271.6747719918003,2271.0756662692856,2261.755116806875,2271.4372688864573,7852.079174918539
2024-10-28 23:30:00,2272.223720703873,2277.7477966161227,2263.659214110209,2271.181514994703,4230.607635964767
2024-10-28 23:45:00,2267.064904352797,2270.7475948535716,2258.3271091402707,2265.050851426918,7906.678870238709
2024-10-29 00:00:00,2255.8116276110604,2257.625820434074,2248.615980644277,2249.245567806689,9493.901654194742
2024-10-29 00:15:00,2246.4838860636337,2253.081846816358,2241.4577238315023,2248.321411874713,4524.337848603901
2024-10-29 00:30:00,2257.5146449630997,2266.9762770404127,2253.779429669019,2261.221829549645,8098.725784972518
2024-10-29 00:45:00,2263.306151711084,2270.449084287804,2262.2778283425387,2263.0259850254533,6524.735396856876
2024-10-29 01:00:00,2256.3625312901554,2267.6474321313513,2253.5146020693583,2256.772136465434,3964.0814019692534
2024-10-29 01:15:00,2275.6255205839943,2280.632058646079,2266.4652514974123,2277.3360719990083,2511.8170628389494
2024-10-29 01:30:00,2276.4745797832225,2276.775966401041,2268.5571046108257,2275.402101706408,2471.416422987927
2024-10-29 01:45:00,2236.096944507029,2238.390718587322,2231.843065198513,2238.422070069804,2146.9134338741037
2024-10-29 02:00:00,2203.055587609441,2205.176790912641,2199.5478937066196,2203.5540158382983,4720.592782399876
2024-10-29 02:15:00,2196.7664624332347,2202.7495539430042,2193.088779153946,2199.0800250933116,7930.96543143739
2024-10-29 02:30:00,2212.0411165052033,2222.4551520304453,2211.4399593758676,2218.217999152052,5509.935703351157
2024-10-29 02:45:00,2211.67871178691,2217.450990156871,2207.071881511556,2218.5302913239325,7268.226177823055
2024-10-29 03:00:00,2199.149146885798,2206.593651323372,2194.941509319763,2203.6039199193638,5160.225809428484
2024-10-29 03:15:00,2196.848890286697,2204.8523214838283,2195.6313364580055,2199.3161425870817,1150.8863231815317
2024-10-29 03:30:00,2197.6621074540744,2204.212721094499,2191.3920848421244,2201.88776736677,2909.391915727815
2024-10-29 03:45:00,2228.2059486792923,2237.5692682820118,2227.8542835946146,2226.1753904558973,6859.958887492646
2024-10-29 04:00:00,2214.873596380072,2221.3277522798912,2214.468882793719,2220.9255791670967,3611.852375294766
2024-10-29 04:15:00,2236.7286563867115,2238.490030496569,2227.061766000151,2228.5634595206766,8895.397567109414
2024-10-29 04:30:00,2256.861188221574,2254.726843741565,2245.8980873410824,2249.0065577734044,445.22032492171206
2024-10-29 04:45:00,2252.612814452009,2258.321196392349,2245.4190375164703,2247.5162389955703,3506.4813861923994
2024-10-29 05:00:00,2252.196126421639,2259.362891570349,2247.354315893641,2256.8303148911955,5852.2616121962765
2024-10-29 05:15:00,2282.9669351269367,2290.640952037218,2283.0525985799186,2282.1152944567457,2730.730377013964
2024-10-29 05:30:00,2280.40705413844,2290.9070037507076,2279.4583421479397,2283.871179222719,5492.8151976632325
2024-10-29 05:45:00,2277.964819329541,2279.0553310379605,2274.032004831433,2276.7246178492956,1225.2000067630904
2024-10-29 06:00:00,2266.9358656067484,2273.9805185309415,2266.6020016584075,2267.9135415971805,4893.217894094737
2024-10-29 06:15:00,2253.7413992418687,2255.5165178077705,2244.455352892156,2253.679754340403,8623.238463971262
2024-10-29 06:30:00,2256.616322274718,2264.2681923085556,2255.5640758948166,2265.0250493112576,1023.2050548875692
2024-10-29 06:45:00,2261.054870631156,2266.0465218143495,2256.5865731379745,2264.688375299926,460.77514689803826
2024-10-29 07:00:00,2276.656086154134,2280.7136961733545,2269.0250243599257,2280.3621709439244,9848.283815633642
2024-10-29 07:15:00,2287.805320921791,2288.8860211453616,2277.642737124901,2282.670096005755,6864.695101158087
2024-10-29 07:30:00,2290.5026773061577,2293.3367135404187,2285.0187889412327,2290.1834743851527,6348.180184647701
2024-10-29 07:45:00,2279.6206248549865,2282.1563591450854,2272.2379844404027,2279.2992329333806,3453.462198850136
2024-10-29 08:00:00,2239.174589518744,2241.794014868153,2236.098322431922,2242.21819139277,1048.7085927868247
2024-10-29 08:15:00,2230.640495047998,2236.3355221990687,2228.278641918684,2237.929260231164,9569.153112981381
2024-10-29 08:30:00,2220.4744353555384,2225.0609222208154,2216.4789640667145,2226.6888698172424,4056.2115843251368
2024-10-29 08:45:00,2212.012204896224,2220.2481516447856,2206.6246809838726,2211.213974550909,2748.0258211452606
2024-10-29 09:00:00,2192.8442309010125,2202.3361028886493,2191.159903018632,2193.5727463852973,2353.7179359268625
2024-10-29 09:15:00,2171.823084760693,2179.9126962288988,2172.4741066030047,2171.875866627176,9420.35805093561
2024-10-29 09:30:00,2153.179538386206,2158.6330622042633,2152.7040956956,2156.999156775413,7835.644120740667
2024-10-29 09:45:00,2162.861374630327,2172.053562972127,2163.414049685784,2172.3418594848404,9390.303433301175
2024-10-29 10:00:00,2170.299941153586,2176.348573474069,2167.1623937667114,2170.126864935495,7982.719114634136
2024-10-29 10:15:00,2163.2228453335783,2169.2529064959026,2160.8443599649318,2161.7977701595146,9862.442399982048
2024-10-29 10:30:00,2154.7181114531277,2156.4089246638787,2145.4415045556993,2154.798303566435,1164.2003780550353
2024-10-29 10:45:00,2132.1176623774986,2138.4832257834696,2129.537867350974,2130.90549181324,9488.77447852196
2024-10-29 11:00:00,2133.1543602449474,2136.7867844299094,2128.6579389552558,2133.5555992425657,5092.045399199516
2024-10-29 11:15:00,2141.861459528498,2148.5799094198874,2141.7850468685974,2146.17936090907,6497.902630279659
2024-10-29 11:30:00,2122.1095873282075,2133.641106394364,2120.0719757101624,2124.2327853283855,7299.917260100737
2024-10-29 11:45:00,2129.048130617215,2131.211521473354,2121.1528266671035,2129.831383397496,5908.428502716271
2024-10-29 12:00:00,2138.061284296892,2147.0794164043677,2136.6846093440195,2136.9907654187787,2876.799165198205
2024-10-29 12:15:00,2117.262004176739,2123.8395436461465,2107.887095567218,2114.546113778293,9750.873627428622
2024-10-29 12:30:00,2132.0624415727902,2139.564193469978,2126.078054566728,2137.0094124402144,8100.0546020568045
2024-10-29 12:45:00,2137.8926549433063,2144.7674210107148,2137.5545714596105,2139.825112707199,6363.628763982519
2024-10-29 13:00:00,2161.779969877299,2163.4705645195013,2154.7497637824954,2160.7253389988928,8722.745647859425
2024-10-29 13:15:00,2172.910999643352,2180.9480127173047,2170.7878464162754,2172.9435740076547,1352.024842531995
2024-10-29 13:30:00,2154.123728602821,2164.2963826061696,2152.1060403383835,2154.938548510449,2096.6199605291495
2024-10-29 13:45:00,2141.2358709709633,2140.4925566790826,2133.8044611510327,2140.1572067432294,2336.2503293061195
2024-10-29 14:00:00,2145.624681247699,2148.9454834395897,2141.374068371421,2146.0983541144174,2482.564454795133
2024-10-29 14:15:00,2167.900269110152,2172.489655189739,2163.189722030859,2164.7346471934998,3464.2275507757713
2024-10-29 14:30:00,2170.5750380586633,2179.315290988501,2170.6851227503366,2178.3546258992383,4157.764594965125
2024-10-29 14:45:00,2159.7671952581177,2166.0852996117023,2158.0091767670547,2166.4518575592033,1180.3698687366416
2024-10-29 15:00:00,2159.3562787409005,2160.0402435407564,2147.049653668716,2155.643523778322,1507.2711501201213
2024-10-29 15:15:00,2162.760147187978,2164.2790829065684,2155.223452868335,2158.094270299763,3401.8406098585474
2024-10-29 15:30:00,2146.429560663904,2153.2675238474603,2146.476364864532,2145.7206421777546,5962.0334059704865
2024-10-29 15:45:00,2146.1537870700004,2152.399741790422,2143.2183726974226,2145.6439949207993,9955.927393268968
2024-10-29 16:00:00,2121.198372143167,2131.412415425436,2117.3178030575605,2128.730975055106,1458.7741682953354
2024-10-29 16:15:00,2134.431442636475,2133.775716118249,2123.077723197085,2131.1324431397366,7928.837325262221
2024-10-29 16:30:00,2136.0121499347842,2140.3432500478652,2129.675055835982,2139.309698520632,6329.040052104939
2024-10-29 16:45:00,2153.4743702851265,2159.3281421217735,2146.5298750886395,2154.6944489717566,9246.213754337274
2024-10-29 17:00:00,2138.4231787164567,2147.9666188145256,2138.0768666237004,2141.657737009686,706.5908352399109
2024-10-29 17:15:00,2141.897883532639,2143.382450098934,2131.3671653772485,2135.4132934340987,2437.7721162921216
2024-10-29 17:30:00,2117.1590803439976,2121.691894499087,2112.3396096982906,2116.6925017183557,9119.955592801885
2024-10-29 17:45:00,2121.5513907641052,2121.6534144047846,2115.39794183954,2121.3839030826334,320.41897416885683
2024-10-29 18:00:00,2118.647972311744,2129.0930368531026,2114.1912540883955,2117.9667034598788,6232.71826406309
2024-10-29 18:15:00,2106.59605685544,2114.59354109053,2103.561229619563,2115.182632175749,1826.7027320769719
2024-10-29 18:30:00,2116.5774847736557,2121.848655647323,2111.174875625173,2112.596681438276,1654.1598267378336
2024-10-29 18:45:00,2088.8933720991104,2088.115642499563,2078.667944642742,2083.1093700192273,2875.448868386789
2024-10-29 19:00:00,2100.7374174324027,2102.6863479819763,2095.7044557154813,2093.4732628514053,8075.258690833346
2024-10-29 19:15:00,2089.006090939425,2097.50745105565,2091.773637338295,2089.3390002982637,3454.557627653539
2024-10-29 19:30:00,2086.258765971889,2092.5999900451566,2079.293182271657,2088.1938419624776,5490.932306356594
2024-10-29 19:45:00,2112.6039190701636,2119.3249849216195,2107.442440499411,2111.095670708613,6335.148488923217
2024-10-29 20:00:00,2117.978282947961,2124.1659989689456,2112.359449196869,2114.3820747662066,911.7680035397372
2024-10-29 20:15:00,2109.7397564444323,2114.6737475036507,2104.071322365136,2104.646472219377,6070.0554726651135
2024-10-29 20:30:00,2137.9350735544276,2141.034044475446,2136.1822387509646,2142.437344570255,4250.563327427064
2024-10-29 20:45:00,2123.6425333281913,2126.4201855213864,2116.8152909966584,2125.763676309046,1070.5302126556962
2024-10-29 21:00:00,2131.0674468108336,2137.3469317761646,2126.76992950836,2135.531445694352,1106.2672129519751
2024-10-29 21:15:00,2161.847091294074,2165.2463593853463,2156.1048978303097,2162.0596482061505,9403.387127410433
2024-10-29 21:30:00,2165.4026274267903,2172.0453598998993,2164.244432887354,2165.750466102418,7791.704741014707
2024-10-29 21:45:00,2161.548093390174,2169.0320745206873,2156.561551013043,2163.076719912753,7000.528786526132
2024-10-29 22:00:00,2156.2952797424837,2166.339206028676,2151.6069480400433,2157.541999128916,3275.1538323857662
2024-10-29 22:15:00,2154.3758457110607,2152.9155872034,2147.6094793820516,2146.6490197191715,7389.497306527154
2024-10-29 22:30:00,2151.9315308488613,2153.5867997924893,2147.347504871726,2149.945218046734,3901.6177900381163
2024-10-29 22:45:00,2153.5074781135627,2162.6447254693685,2148.929012919593,2159.426819242761,5832.388146456857
2024-10-29 23:00:00,2152.4429118507205,2157.0173663145797,2148.9403748751297,2157.2798920290675,8576.094938746566
2024-10-29 23:15:00,2148.0705089789108,2155.9700167884284,2149.8448697734034,2152.2556666009878,3508.0368669985373
2024-10-29 23:30:00,2155.181383727071,2161.221260924434,2153.569059513497,2157.875439753904,8016.911811026881
2024-10-29 23:45:00,2129.6588244350633,2138.1196927423925,2124.481249895907,2133.516610226915,6409.914757578026
2024-10-30 00:00:00,2147.006309374702,2154.596278876148,2144.210112001557,2150.441543745925,7906.550272326815
2024-10-30 00:15:00,2154.720607243267,2162.7209553855537,2148.4441425657787,2154.0928465359657,7500.752525403943
2024-10-30 00:30:00,2147.7944378712878,2149.2974066330785,2141.6741597339146,2145.1918251169022,1564.5651185466963
2024-10-30 00:45:00,2159.0355000016457,2159.0902428769537,2148.433735055064,2153.1614711084244,2627.287354121302
2024-10-30 01:00:00,2176.292229123792,2179.967646995959,2171.824392580917,2174.934779926046,5653.662024986907
2024-10-30 01:15:00,2157.0547786812954,2162.0543128930285,2150.53566453859,2154.441377626266,7854.61601550725
2024-10-30 01:30:00,2157.0033465611227,2160.4549247746536,2148.0422170512056,2150.4767983302067,3646.272373193615
2024-10-30 01:45:00,2141.951492865559,2145.1851500792613,2130.156096607293,2141.574747876008,6907.135635262893
2024-10-30 02:00:00,2117.073857240419,2121.066025292782,2113.1849450647283,2120.785253174313,9627.913459582842
2024-10-30 02:15:00,2151.2398560774413,2156.2752609070744,2144.630006952141,2157.306757452026,2231.5946256581733
2024-10-30 02:30:00,2157.0173287309767,2155.0770123333587,2149.4748879196704,2155.3041619681626,6964.1024027546555
2024-10-30 02:45:00,2141.370029120809,2146.1795985469075,2137.143271429668,2137.0903005338887,9713.914616421858
2024-10-30 03:00:00,2132.300303387718,2138.725706785075,2130.1782108585217,2132.1910281079104,4943.708882559161
2024-10-30 03:15:00,2121.2921191042465,2127.951034393587,2117.9885299721327,2119.5847477597617,2184.6346298528365
2024-10-30 03:30:00,2142.1985192840243,2148.6567285426854,2139.694441557464,2147.1891763871877,9833.499205026712
2024-10-30 03:45:00,2185.9385810859794,2191.1724123297518,2177.5096664857165,2186.779694599729,1379.5559171506552
2024-10-30 04:00:00,2161.883878402108,2166.7630278157353,2158.3836400410014,2168.950619868331,5295.306229839424
2024-10-30 04:15:00,2201.4788657025438,2211.518575458017,2200.9432995792204,2207.88816478629,9762.523890322043
2024-10-30 04:30:00,2229.6871645279834,2227.7397610447356,2219.0511795888224,2225.432444175647,8584.013264799407
2024-10-30 04:45:00,2205.08612395191,2210.9142595213198,2203.440846008785,2211.0116678683407,2046.9806793501461
2024-10-30 05:00:00,2215.921271525876,2218.4510660786027,2206.748866829442,2216.492133568667,2044.905493635287
2024-10-30 05:15:00,2201.9982361333123,2206.3369041048704,2195.45261859688,2201.7666176521575,5604.805100906031
2024-10-30 05:30:00,2216.460866067302,2222.01754567205,2212.048871879639,2216.3923834642146,4461.210807573645
2024-10-30 05:45:00,2225.879917165102,2227.880902553026,2220.2786479134747,2227.726750674062,8168.487600669459
2024-10-30 06:00:00,2228.7295538367644,2236.745029858748,2226.774342327044,2230.587219917048,1305.9571364799363
2024-10-30 06:15:00,2259.262964477868,2264.591838657684,2250.7037412037503,2255.5428307541492,9168.392405096994
2024-10-30 06:30:00,2248.2353127155807,2253.1822141759776,2240.309591215139,2251.2990867098188,4579.997040715813
2024-10-30 06:45:00,2264.274010842004,2266.518651800047,2255.0000319468677,2267.586453894041,4789.324946341911
2024-10-30 07:00:00,2241.4807528261035,2249.713387509387,2242.5267477767125,2248.159000212995,5850.441367621205
2024-10-30 07:15:00,2218.453717203744,2219.6028026259614,2212.5276057494907,2215.749615568415,1130.8009041352436
2024-10-30 07:30:00,2205.452119000238,2214.3029128765806,2206.252902785431,2205.1988235844356,1916.3554250025268
2024-10-30 07:45:00,2191.0371440180506,2201.911427893837,2191.62944047768,2193.3113227926883,2673.249661768879
2024-10-30 08:00:00,2196.2968369154655,2196.5605334431675,2190.649325380775,2198.0438842769954,4342.165429304664
2024-10-30 08:15:00,2193.905052380371,2201.803687905259,2195.0117511599324,2198.042290874502,4163.8452559483485
2024-10-30 08:30:00,2200.5229138138734,2204.7493627522654,2198.716861348065,2200.6322328761053,1797.9256871228017
2024-10-30 08:45:00,2202.2682636893414,2202.705632629824,2192.15003634001,2198.278846070919,4207.366125113917
2024-10-30 09:00:00,2196.564582604775,2201.5036730532256,2187.490956412859,2197.7184670617835,3439.9433009578215
2024-10-30 09:15:00,2195.111768338725,2198.730139337806,2187.806399474389,2192.1836945928444,6441.627446483373
2024-10-30 09:30:00,2158.9801515112226,2162.7038920945183,2149.62147525367,2158.3299326743854,3086.717660779211
2024-10-30 09:45:00,2158.271732630214,2162.767333704979,2151.6196928353925,2156.722540494349,4773.746520392218
2024-10-30 10:00:00,2156.7487590051737,2164.153141105602,2148.495768478557,2152.3228390940253,9857.276411205845
2024-10-30 10:15:00,2166.477712752519,2178.3252085904824,2168.4725602561157,2170.9508634473086,5583.521025507799
2024-10-30 10:30:00,2165.2924523206248,2172.6459107321107,2164.6020677433794,2168.196682752685,7054.674230977908
2024-10-30 10:45:00,2175.1441306471665,2177.3962487604304,2168.552915527387,2177.0649672218096,3821.7009759019384
2024-10-30 11:00:00,2154.1377651697644,2165.0133135547735,2153.044387991665,2154.7801792327327,6704.318814724993
2024-10-30 11:15:00,2180.722680490502,2179.8416884491717,2173.4962804159077,2181.6139127950078,6095.442453409284
2024-10-30 11:30:00,2156.358120111334,2159.6207078432963,2148.8635622959837,2149.892904802862,1103.4885088645883
2024-10-30 11:45:00,2135.344554108169,2135.7506436044264,2128.6757471914443,2128.129879906763,8795.180264347779
2024-10-30 12:00:00,2133.9808638387585,2141.7804985945,2131.667366922236,2141.5097622146104,3519.367900870986
2024-10-30 12:15:00,2141.8853079557002,2144.844485433302,2135.6352652839355,2137.0552067694566,5028.226123776112
2024-10-30 12:30:00,2139.9097743365246,2145.7633720209606,2139.8167773292494,2138.6840717068762,1921.134430364463
2024-10-30 12:45:00,2124.842805706583,2126.6774619805074,2121.852165213084,2126.6045933026116,6229.325545803312
2024-10-30 13:00:00,2144.154555531067,2151.540461968396,2144.118740795641,2148.908571999755,4352.717267369247
2024-10-30 13:15:00,2135.8480779206134,2144.996160910843,2133.297574500537,2134.5938084369013,2832.3113708657334
2024-10-30 13:30:00,2123.548951455368,2133.390800119715,2120.0282400491187,2127.119971924868,4594.739703129495
2024-10-30 13:45:00,2138.0524096749227,2147.5120441422177,2138.0417121240453,2143.2594824633534,3121.829788363277
2024-10-30 14:00:00,2106.77138305545,2113.5879231700637,2105.471091161907,2109.9864215386146,3506.9107984108987
2024-10-30 14:15:00,2109.680997912055,2111.9862244447354,2099.8789967650955,2104.59874602096,7355.350956781051
2024-10-30 14:30:00,2111.108508749262,2112.8368493008174,2099.852389781886,2110.7861178912585,4151.2648760830925
2024-10-30 14:45:00,2111.1806316233524,2116.4757355198867,2108.9225915401116,2115.1073771084507,3702.038660374659
2024-10-30 15:00:00,2131.3444002090437,2134.9489534005234,2126.317250863095,2126.6018377024425,8668.259137991465
2024-10-30 15:15:00,2146.3486034655725,2154.587362478646,2145.473454379093,2147.0485521114424,3294.187562235701
2024-10-30 15:30:00,2153.095294422472,2164.5505512659747,2151.2660061138436,2159.038304051912,1574.5557257637352
2024-10-30 15:45:00,2149.251568783534,2153.103619983672,2146.9061930301305,2146.015353266633,3440.8494850460884
2024-10-30 16:00:00,2114.360220654883,2117.8048081070906,2112.839260925283,2112.88479349458,8945.427329854758
2024-10-30 16:15:00,2104.390606957774,2106.383311203442,2098.705978853052,2107.326112837897,8553.302313909207
2024-10-30 16:30:00,2094.75366533128,2097.1546023591454,2090.8408079601754,2090.1879330623296,6423.995891353042
2024-10-30 16:45:00,2107.349689345976,2117.7457673390895,2107.101546084289,2114.292983755264,4874.927583777442
2024-10-30 17:00:00,2113.1489679231067,2122.1865753188918,2110.330281269907,2122.362599406131,4896.503901246472
2024-10-30 17:15:00,2116.6223680922044,2123.717898197473,2113.823251728207,2114.616752529582,5482.562508930657
2024-10-30 17:30:00,2110.9961156842824,2112.2591520276424,2102.2196716754142,2113.098609106418,3427.1119448019026
2024-10-30 17:45:00,2130.2157589706244,2127.8067608016427,2119.8701969969425,2126.7827683556097,1152.5957125503421
2024-10-30 18:00:00,2126.700772120777,2127.1474663646727,2117.583263618513,2121.156722418249,2387.6366799114103
2024-10-30 18:15:00,2118.899564266991,2126.0375494384507,2116.501058184945,2116.894522718005,8862.073660336
2024-10-30 18:30:00,2124.943437993164,2122.8114647193474,2114.28530867183,2119.867989600827,9314.466114136569
2024-10-30 18:45:00,2084.1574059099394,2091.5486046092606,2083.132255107321,2086.514425420315,6255.463792388063
2024-10-30 19:00:00,2118.353921276246,2122.4495658170513,2110.014902712758,2114.7276614439616,3296.635829018376
2024-10-30 19:15:00,2100.966641873764,2109.622413492532,2099.3313385799174,2107.4816391367053,1392.2531367396848
2024-10-30 19:30:00,2113.2413259456343,2124.3799987726275,2111.7465502685754,2116.2321573920503,210.26685898276867
2024-10-30 19:45:00,2119.9392000056555,2120.0256985321944,2114.7721300442063,2115.34299058118,7010.635244593379
2024-10-30 20:00:00,2106.46429230085,2112.0800538648105,2101.449263693094,2103.1084614076503,6028.482227747796
2024-10-30 20:15:00,2121.806084511057,2123.0802173523157,2117.746417665158,2125.2138997752018,7755.180008925986
2024-10-30 20:30:00,2122.101128829081,2129.9383487463724,2117.2083373911246,2120.796960911594,4705.2495897421795
2024-10-30 20:45:00,2115.8035925118015,2120.412759645038,2110.105283584886,2113.0540832653937,997.467358146008
2024-10-30 21:00:00,2102.8276088602174,2110.378131467554,2101.8515653285917,2108.956256988532,4200.356512840011
2024-10-30 21:15:00,2094.993553211642,2103.5719444703705,2091.9605960796152,2097.405086679834,4759.777620264615
2024-10-30 21:30:00,2085.1023148431027,2090.733576797895,2083.4314090021844,2086.8603083581957,7864.162815381618
2024-10-30 21:45:00,2089.05210720918,2097.155455849961,2087.6310120242542,2090.931728689007,9480.77933469448
2024-10-30 22:00:00,2088.9567151396604,2099.0780081664166,2089.1335594705743,2090.496332647217,681.3985317068749
2024-10-30 22:15:00,2093.607692507461,2091.9082283032326,2082.019044700599,2085.0992829873103,357.2059626817944
2024-10-30 22:30:00,2085.344940936523,2090.5605224688766,2084.849920648971,2086.0454486094104,8866.764898642445
2024-10-30 22:45:00,2101.537287563613,2105.4765771086836,2093.134838350941,2099.249469632803,518.2421244024691
2024-10-30 23:00:00,2096.263872216107,2097.115365230741,2090.5940007936365,2089.6116976139683,3135.062145645467
2024-10-30 23:15:00,2126.9690487925745,2137.5070829932883,2127.1128698828034,2129.7763111228433,3288.563709356197
2024-10-30 23:30:00,2126.6223254733527,2130.398764254296,2121.9394750664096,2124.639122950454,2125.606576445321
2024-10-30 23:45:00,2125.739567247909,2133.8073913315466,2126.299122246532,2133.4014237716096,3868.2892976454496
2024-10-31 00:00:00,2125.1828927521874,2135.9589197838227,2126.57320425257,2133.710876789223,951.9315632696498
2024-10-31 00:15:00,2137.053509197531,2138.648299934167,2127.5642734416006,2130.3018264671286,6260.375557671247
2024-10-31 00:30:00,2136.1447850283175,2136.3384179120094,2126.066205811553,2130.1457037912846,921.0216898370999
2024-10-31 00:45:00,2142.0058431041816,2142.297845374126,2130.202322680111,2135.620350506276,3728.2029142558113
2024-10-31 01:00:00,2127.5257737233396,2139.1682970899938,2128.7677971408953,2134.8653114730505,2127.9813286165045
2024-10-31 01:15:00,2128.0152763709216,2136.2686417478553,2126.1441648947907,2128.8186875657766,5453.851158377808
2024-10-31 01:30:00,2135.595460912882,2138.384251957738,2131.473119274524,2138.7554382747235,8407.104317154999
2024-10-31 01:45:00,2129.2456493548248,2130.0015144786603,2120.879809278714,2131.103284650295,9274.630224276802
2024-10-31 02:00:00,2104.7473185056265,2104.417901982241,2096.796796130333,2099.8790188040093,5084.106605451566
2024-10-31 02:15:00,2101.7435514827507,2106.3228903573,2100.9996892210465,2107.8629650966236,831.5556556868995
2024-10-31 02:30:00,2128.2695262229936,2132.8136651559844,2123.0105096463735,2128.259078538838,8265.258552991781
2024-10-31 02:45:00,2154.000771968177,2156.290487329588,2147.9036442981164,2150.972784007811,7584.710478253721
2024-10-31 03:00:00,2162.040516837926,2169.8742080776674,2157.7776121528987,2158.010668308539,3517.6583563203053
2024-10-31 03:15:00,2132.245196342105,2136.055755847211,2127.67269062954,2130.678803812291,5609.602684651853
2024-10-31 03:30:00,2172.396417307242,2171.823470790312,2160.2015409584715,2165.09585206212,5820.942047135726
2024-10-31 03:45:00,2141.834853434731,2139.0255025712654,2129.9120296918913,2136.2569295050694,8052.679233570682
2024-10-31 04:00:00,2114.074237000933,2125.5049088218057,2114.747760199062,2116.9793779325973,5808.173468911728
2024-10-31 04:15:00,2132.5891278886543,2138.5729139573436,2127.7441659143083,2129.0326576723787,7976.516877727318
2024-10-31 04:30:00,2140.282092984656,2147.386421184862,2136.4256507269192,2142.8118429890974,6102.861573961185
2024-10-31 04:45:00,2132.9802230042733,2140.217188650941,2129.4478628078054,2140.5357662362635,1517.3915155842508
2024-10-31 05:00:00,2128.7998369987286,2136.5079586475617,2124.7775456522927,2130.6873032737844,7297.807867079509
2024-10-31 05:15:00,2122.3768817978275,2126.173360889182,2116.8851649020608,2118.6367600762746,6475.717170829009
2024-10-31 05:30:00,2114.1166335226108,2119.2662650026055,2106.150232017928,2116.9275507392213,771.562648349801
2024-10-31 05:45:00,2135.0479871631983,2142.1417656017975,2130.895421380629,2131.1684106849866,9472.54489130587
2024-10-31 06:00:00,2124.3749620128506,2134.1554555846183,2122.1694886803016,2133.210961764995,6529.178449540112
2024-10-31 06:15:00,2144.1139145351253,2147.151358747995,2138.7251472651365,2139.342061180658,3775.6707146278404
2024-10-31 06:30:00,2133.084062623168,2141.5255290421655,2133.6805113189507,2139.7333165489213,8683.607993742573
2024-10-31 06:45:00,2122.349648673577,2124.2092122311774,2114.40428648872,2117.8730067477886,8745.02778616853
2024-10-31 07:00:00,2109.6267869163225,2120.259133602594,2109.1631846839246,2114.4295411615158,2754.8525756576937
2024-10-31 07:15:00,2102.2875734575446,2101.7506364248984,2094.54388240011,2103.226663871055,2539.2534056801396
2024-10-31 07:30:00,2075.6090748618585,2077.1463638442633,2067.1385812144536,2074.061427405503,7257.032262366353
2024-10-31 07:45:00,2063.7473875871538,2067.349234508517,2057.0420913498483,2061.2902063552965,415.89835347874873
2024-10-31 08:00:00,2060.5061254017105,2060.6853253477343,2052.188708385409,2051.6484547549962,286.58808807248425
2024-10-31 08:15:00,2073.683529153556,2076.388265921052,2062.1272209586546,2073.3757380177076,4512.709735856658
2024-10-31 08:30:00,2068.1546697810304,2068.849077863176,2059.1132511913725,2063.8609356082707,7263.790476264223
2024-10-31 08:45:00,2068.7609255955567,2069.5189789120727,2061.265985224914,2068.87113023778,3720.083420863603
2024-10-31 09:00:00,2080.4404837632205,2089.1177400514775,2079.1423017256393,2083.260958921904,364.1094071383995
2024-10-31 09:15:00,2079.605709940307,2080.8879380284006,2075.1576289303634,2077.624653331773,3477.541188220463
2024-10-31 09:30:00,2077.6783347652827,2078.0819731023166,2067.264365468847,2073.251939600635,2606.518211985833
2024-10-31 09:45:00,2076.098937744546,2081.69640637757,2073.328647494803,2073.9336428106094,7652.694200842854
2024-10-31 10:00:00,2080.597439131057,2089.3403737416293,2080.2907507107093,2086.7976514415004,4772.801395260154
2024-10-31 10:15:00,2110.163300609902,2111.7642438124167,2101.3935897503584,2109.7463645228813,4534.0388502045425
2024-10-31 10:30:00,2104.7185119410383,2110.0751251696947,2095.287076077691,2098.1609688126105,7506.019667910792
2024-10-31 10:45:00,2102.0533229384155,2108.480899227788,2095.5376768111296,2099.562168481065,2638.5979358956956
2024-10-31 11:00:00,2074.8543296161038,2084.574030573207,2070.894034777904,2072.716618244071,6345.225073054107
2024-10-31 11:15:00,2099.366196645985,2107.9652774497167,2093.0164362831,2095.5800757324664,5959.913749068766
2024-10-31 11:30:00,2113.912349158838,2118.684433598559,2108.81859546124,2112.9948099717176,8733.51851405372
2024-10-31 11:45:00,2107.4385062422425,2115.6933308719804,2105.978503799824,2109.5470205143115,1055.255501467731
2024-10-31 12:00:00,2069.1559766710475,2076.571167864189,2071.1802808489724,2075.656840302002,2320.2917436436746
2024-10-31 12:15:00,2081.102586800367,2088.438247536358,2075.8974510915427,2086.4658647061865,9824.392456357391
2024-10-31 12:30:00,2075.38036812305,2080.9393834043285,2070.2189438891974,2070.221549693705,3840.4933595262323
2024-10-31 12:45:00,2070.729920851037,2072.036401932294,2066.1494185039105,2071.3515980666634,2106.393100065824
2024-10-31 13:00:00,2082.7622010305495,2091.276863483039,2080.1874838091617,2081.9790242918534,169.40735687320355
2024-10-31 13:15:00,2075.1077509206275,2075.658217553101,2069.802654387302,2072.130001762685,9372.266932132807
2024-10-31 13:30:00,2069.186519185681,2070.9092239242755,2060.880295850433,2061.9487225357743,8985.672035204663
2024-10-31 13:45:00,2063.6155408282084,2073.8402301724304,2059.8066384841795,2067.348443160916,5983.995182072527
2024-10-31 14:00:00,2038.0303218394267,2039.7948884652033,2026.3574339487025,2034.7448110033101,7789.531269374597
2024-10-31 14:15:00,2041.4670090100929,2047.9160760763577,2039.9429336023345,2043.4133300235756,2239.002581687652
2024-10-31 14:30:00,2055.6507226380863,2060.7185743525206,2050.064798684982,2056.0044066072155,4841.009173534585
2024-10-31 14:45:00,2069.443603499396,2074.3332027763513,2064.1590268922987,2062.577779725605,1365.4088197022706
2024-10-31 15:00:00,2058.809726189241,2064.81549979763,2052.109383338754,2059.6007720734465,4453.001221485261
2024-10-31 15:15:00,2066.102799210345,2070.9232297488256,2064.7748610859576,2066.6667773600225,864.4660978799976
2024-10-31 15:30:00,2083.6298826583507,2087.9088069256036,2075.8133385321785,2078.4604915258396,5253.211991840316
2024-10-31 15:45:00,2085.3386115085773,2090.4991013893573,2080.619515372419,2082.8802601450993,246.34217990478336
2024-10-31 16:00:00,2089.0177356323857,2094.469950204904,2084.611649359709,2093.3574780270787,3636.2208660435613
2024-10-31 16:15:00,2095.186470704985,2094.0005830709174,2084.7734078409253,2087.696798058969,1361.3394516945343
2024-10-31 16:30:00,2073.258243491271,2078.2037325582983,2065.2459749344393,2077.5087455019598,5644.185906836313
2024-10-31 16:45:00,2070.1858019983033,2072.5303020991937,2063.4396779778535,2068.631663164043,5154.72878333586
2024-10-31 17:00:00,2077.166967950482,2084.805588377604,2073.008187817742,2072.968912768282,1001.0388017164146
2024-10-31 17:15:00,2091.18440559774,2098.1765443730383,2091.989388474146,2094.91234553533,2055.149859721488
2024-10-31 17:30:00,2075.4993551585762,2075.6626787530763,2067.1089452687306,2073.7032990606417,5521.435404949229
2024-10-31 17:45:00,2071.0833457154013,2078.9288807217836,2068.1379165082917,2070.5236714398684,564.9196196804414
2024-10-31 18:00:00,2087.2829418978163,2094.677346345446,2087.786158434801,2092.9180356304973,505.42560760189167
2024-10-31 18:15:00,2094.1430194635204,2100.6365545814856,2087.5764444182014,2091.4941154911144,1300.1377163179084
2024-10-31 18:30:00,2082.942356369631,2085.838684546497,2078.062951366844,2079.0982426220203,1105.9954781071353
2024-10-31 18:45:00,2053.6146532982666,2060.9433365028267,2050.1865305374954,2053.0414364722988,3171.1482531578827
2024-10-31 19:00:00,2043.0413949896927,2048.2276043803927,2037.3159643138183,2041.6194015967558,9246.186050722876
2024-10-31 19:15:00,2042.8463793880458,2046.5173279213136,2037.5373280161416,2045.597312981955,9056.099471450343
2024-10-31 19:30:00,2034.2007902838513,2041.4755479206533,2028.517408979929,2038.4205491912087,1744.089464076754
2024-10-31 19:45:00,2028.6190817203885,2031.4698914018725,2021.7628032117138,2029.6471687690175,7477.8747147224085
2024-10-31 20:00:00,2017.1903837884463,2014.5973077552671,2007.1552285880566,2016.4637616505863,8386.086451469955
2024-10-31 20:15:00,2012.929081878512,2022.87668056333,2009.2940686940462,2015.4949887538191,6112.937010248222
2024-10-31 20:30:00,2023.6478385162354,2028.7172356014248,2019.8093517455316,2025.5373205278668,6351.826563414294
2024-10-31 20:45:00,2023.034939598743,2027.0692417587481,2016.460347703929,2016.9778619645583,5129.15752730636
2024-10-31 21:00:00,2031.669455402253,2034.6750315079855,2020.3182097774693,2024.1195538583036,2361.689500139331
2024-10-31 21:15:00,2062.957697876743,2069.5454750884637,2059.35045085082,2062.2357587126453,9497.002345307805
2024-10-31 21:30:00,2064.8699227627912,2072.6742472946958,2064.2958895023876,2070.0288143178013,4312.807815726669
2024-10-31 21:45:00,2086.725076730775,2095.199416605011,2087.1321855384112,2090.220090981025,5261.53401373086
2024-10-31 22:00:00,2087.7656145571677,2097.361230799984,2084.6993337048643,2092.932119452714,8139.931534704655
2024-10-31 22:15:00,2109.624349711768,2115.133951355026,2099.3813149056223,2105.057681020463,9015.171673665402
2024-10-31 22:30:00,2123.0091713464167,2121.459567755502,2111.405341824042,2121.084569737042,7820.113802766088
2024-10-31 22:45:00,2095.4900665666587,2095.4724561871476,2085.1360687299452,2094.668509816775,2976.0352405231015
2024-10-31 23:00:00,2071.722569162301,2080.640951574498,2072.7897160305397,2074.706061961441,3153.7796516503868
2024-10-31 23:15:00,2058.5794713708424,2063.295406513887,2054.0576603975014,2054.469621563106,3306.0988971399097
2024-10-31 23:30:00,2070.799208035131,2073.4453105392286,2062.1870849452444,2071.648999217688,8924.303676255078
2024-10-31 23:45:00,2068.8127615622093,2072.207285177373,2066.2956293769425,2072.5267749854393,4821.6300807017105
2024-11-01 00:00:00,2054.432792360431,2058.1445717904,2043.6865556380567,2055.5621110678276,1739.2429271708922
2024-11-01 00:15:00,2056.88428875045,2057.3255102829885,2047.5346900366328,2050.6353818053785,8044.70274381145
2024-11-01 00:30:00,2058.283225533168,2060.8158775758666,2052.46367300584,2057.717186671755,6773.617328843406
2024-11-01 00:45:00,2060.7195824809137,2061.8083704920714,2056.0472872868204,2055.7471068164036,6478.621861106141
2024-11-01 01:00:00,2058.224577109,2063.0591686461803,2055.677215575904,2055.2644498057302,5827.856915343865
2024-11-01 01:15:00,2064.1649674904243,2068.1964393558683,2063.2023392363826,2063.513374891923,9187.409416375505
2024-11-01 01:30:00,2101.2646346106935,2108.6702542488647,2098.721486299926,2100.9923143489236,7537.007917899598
2024-11-01 01:45:00,2102.5680561991735,2104.047978471646,2096.926435993121,2103.462027652227,2670.6832047127796
2024-11-01 02:00:00,2101.131736424294,2106.388931026602,2092.868816039294,2101.0905307358184,4008.3235066074517
2024-11-01 02:15:00,2110.094369105242,2121.7235491191464,2108.170178419745,2115.767662801704,2391.264338839688
2024-11-01 02:30:00,2092.2642363980463,2096.0648416744566,2089.045692959899,2096.8649956397603,8050.513484450985
2024-11-01 02:45:00,2091.4811707674658,2095.73813943729,2082.0626430080674,2085.251220994742,137.0548674888683
2024-11-01 03:00:00,2100.3161923246435,2102.1563607661924,2093.920270397327,2101.8165925873377,9635.986744798023
2024-11-01 03:15:00,2082.8458871724097,2088.6634380444543,2082.5941941728597,2088.547112469004,2142.828063496393
2024-11-01 03:30:00,2075.298176862922,2083.7294187087414,2071.484870208315,2076.432168667586,2997.0153122011984
2024-11-01 03:45:00,2074.817454121872,2078.564278928725,2073.4781726541873,2074.8893291689997,5640.601044345435
2024-11-01 04:00:00,2076.857662851601,2083.744597881569,2073.7004462353007,2077.2919355539975,6318.331820685972
2024-11-01 04:15:00,2069.625116150767,2069.5401466086714,2059.8330984593968,2066.417016729364,6258.25281472893
2024-11-01 04:30:00,2088.2239660177797,2091.7993948803237,2079.8704966261735,2085.297146915518,1734.7037941224737
2024-11-01 04:45:00,2104.683674097869,2109.4835612568722,2095.801543459766,2101.218070734269,1809.430180535626
2024-11-01 05:00:00,2070.4892614545056,2077.015319270165,2065.349551573004,2071.3407284885216,1819.5140783070658
2024-11-01 05:15:00,2071.3941799614113,2070.2920104121117,2062.3331867642296,2066.779829841483,2202.686823612335
2024-11-01 05:30:00,2080.4492038476774,2081.719204708399,2071.8134348169797,2075.5461086856462,5585.909133425901
2024-11-01 05:45:00,2068.7857269988604,2071.5531555022053,2065.4360466763433,2067.3752456065554,676.2426251524164
2024-11-01 06:00:00,2068.0993181055574,2071.5221638752455,2061.16570863761,2065.4993420487767,8080.2526380474665
2024-11-01 06:15:00,2045.58610061672,2052.0782238649426,2043.6713774706243,2048.8482430105905,8014.769888132019
2024-11-01 06:30:00,2036.860459949892,2038.1935752362997,2029.5257581366086,2033.628288360538,6230.982428002911
2024-11-01 06:45:00,2011.6312448502238,2018.0472015161984,2010.5244618752688,2011.6360084916519,4783.690208106396
2024-11-01 07:00:00,2022.6799709387647,2030.077445518907,2019.622890254496,2027.101116211967,8193.298538960744
2024-11-01 07:15:00,2007.2323803166178,2010.922578573117,2006.2708288385234,2005.2380895843614,9823.16380069473
2024-11-01 07:30:00,2018.7586729005443,2022.9313223677616,2011.9108278110332,2022.930556259764,9889.808930721705
2024-11-01 07:45:00,2054.650296319331,2053.324298878729,2042.178885524364,2048.828781718631,5900.6021691048245
2024-11-01 08:00:00,2042.349373491351,2049.0391015276955,2036.508681030416,2038.3539443776058,9544.674196680084
2024-11-01 08:15:00,2049.969557396862,2053.3437512692803,2042.7902840258469,2042.2495874886283,9427.022319671743
2024-11-01 08:30:00,2064.7267406827773,2066.6810063419953,2057.2648797444053,2060.472897674145,2709.173089312513
2024-11-01 08:45:00,2043.8069254583736,2043.9042477885191,2037.6208387012925,2041.5047873332142,6224.081053181284
2024-11-01 09:00:00,2057.670927303724,2059.4227520653726,2049.2669779348726,2050.4433735364964,825.4869258859804
2024-11-01 09:15:00,2052.9610974687594,2063.4626237011703,2051.3071827351037,2054.1914988582644,1615.7553982382537
2024-11-01 09:30:00,2058.583237807152,2059.0112919546214,2048.5909269710555,2051.9091271459843,3101.2531807990513
2024-11-01 09:45:00,2045.5685980679934,2045.3856490936075,2038.6335539487434,2042.691040069394,3904.7873605434156
2024-11-01 10:00:00,2021.1669567701626,2032.8981107566606,2019.9946343711447,2028.328416895925,6837.541919501689
2024-11-01 10:15:00,2015.7266033283083,2027.1177513418263,2014.0078928073865,2021.083499362691,467.8291662906413
2024-11-01 10:30:00,1998.0818698295336,2001.6999490382354,1991.1335492090352,2000.087362238875,4853.237434004901
2024-11-01 10:45:00,2023.1863875288893,2022.5488914030234,2015.2768692464756,2020.0530561743228,1105.4786333003062
2024-11-01 11:00:00,2025.9923642095348,2034.2189237408745,2021.7086678991916,2027.960699735699,2348.116801934676
2024-11-01 11:15:00,2021.465206147731,2022.6550448100913,2010.1476670873365,2013.6981187202164,7031.541958546679
2024-11-01 11:30:00,2026.165421598094,2032.6330815407732,2019.928701849622,2023.2449558928074,9763.213838448388
2024-11-01 11:45:00,2030.4210486266043,2031.3324568151452,2020.1073639444344,2025.0913356995338,1108.4350609660237
2024-11-01 12:00:00,2041.7741984702634,2049.5825925368554,2036.2516940442777,2046.161888565416,8483.553325545196
2024-11-01 12:15:00,2028.4426637719232,2031.9257195089185,2018.9105150000896,2022.7383550990587,4845.804744359334
2024-11-01 12:30:00,2020.8820008235882,2026.9422782459596,2020.5564120683707,2027.728956058417,4598.3017556460645
2024-11-01 12:45:00,2025.8965344746618,2032.7865474918942,2023.1453720863824,2031.8608873385326,790.6149630249018
2024-11-01 13:00:00,1997.414028752814,2006.1454328263562,1994.9574770330398,2005.8777938976136,7749.635740810781
2024-11-01 13:15:00,2009.5541521703287,2009.9303381521572,1997.9522213891291,2002.0203081672555,9940.656140717945
2024-11-01 13:30:00,1987.8345541354074,1995.0763791263992,1979.890357481632,1985.036084637659,9634.9828048107
2024-11-01 13:45:00,1961.562311339222,1963.3821816208924,1952.963021597028,1954.7299904968945,1027.5115261041374
2024-11-01 14:00:00,1944.438226569398,1951.6873781727422,1943.6509243187231,1951.1893611809933,7228.8968980380905
2024-11-01 14:15:00,1936.0946323940104,1944.7422554035124,1931.9900812510366,1941.8278976548575,8463.943226921148
2024-11-01 14:30:00,1952.2399089391924,1952.2318414321862,1944.149083321746,1946.2398340162608,7658.213705426136
2024-11-01 14:45:00,1937.1558119123963,1947.9116642206757,1933.3516584552378,1938.3805113036062,9249.083583294827
2024-11-01 15:00:00,1944.2141827415483,1953.9053406769187,1944.7265999151336,1942.5363840889552,1171.6007185191518
2024-11-01 15:15:00,1947.478525002416,1953.4870250008792,1942.512307124058,1949.526866042125,8968.236557519702
2024-11-01 15:30:00,1944.168153427119,1950.7814062572472,1939.287410000638,1940.469785878731,1739.8929594382423
2024-11-01 15:45:00,1930.794499644848,1939.777090118585,1928.7805048708644,1933.255282364828,4286.228440786271
2024-11-01 16:00:00,1940.4482290215028,1942.254064895412,1929.3066316769057,1931.639546810961,3487.537663628086
2024-11-01 16:15:00,1933.8686024100825,1936.2269971551923,1926.2584083642873,1933.4843445660788,127.21865140009062
2024-11-01 16:30:00,1921.5848775854379,1925.4558763449127,1917.0375210866243,1924.4738428338592,4939.6416271663265
2024-11-01 16:45:00,1941.8423183870582,1939.6236015403183,1931.4475422522976,1936.9084172802773,8743.760239695626
2024-11-01 17:00:00,1937.7311079517478,1946.3197201200296,1936.5060369663781,1940.125886773539,5812.073673264503
2024-11-01 17:15:00,1949.3258967296338,1949.5476681201017,1939.887298273903,1942.669113756139,5121.337686242007
2024-11-01 17:30:00,1970.64555407299,1979.8263151686342,1965.6701977816817,1975.8685834604137,278.47511305296854
2024-11-01 17:45:00,1959.6769544470967,1968.3669191630072,1962.638828666811,1959.9520216304384,7425.083077383493
2024-11-01 18:00:00,1949.543360377562,1957.3882265544073,1946.5666014867516,1946.9297828297397,9632.269471203912
2024-11-01 18:15:00,1939.5107395282248,1947.8403749949925,1938.6238704256386,1942.6835478248925,3463.2468696330748
2024-11-01 18:30:00,1942.2381953705906,1946.7685944734658,1934.4455700028002,1936.426820191043,4700.1101787226635
2024-11-01 18:45:00,1923.0209762187055,1930.747200533302,1922.3643460908136,1923.7017489699372,2033.882109003698
2024-11-01 19:00:00,1924.0537317032679,1928.7457969397185,1922.2980374732294,1929.733491186606,5760.423678474455
2024-11-01 19:15:00,1923.2756437136802,1932.363313487565,1921.6698231918115,1929.3173481695176,5106.441773599858
2024-11-01 19:30:00,1912.8425485064574,1920.3480652705011,1909.8658291010368,1916.7831120742858,2931.1611096615484
2024-11-01 19:45:00,1926.9443769053123,1928.2018292843711,1919.1462265003436,1923.47995096806,5763.086380222453
2024-11-01 20:00:00,1941.6170333356283,1942.0734550711052,1934.0293156424311,1934.171807650732,262.19540448935794
2024-11-01 20:15:00,1926.3715463987076,1936.4186987158537,1923.420512134585,1932.283458238092,103.40784610861601
2024-11-01 20:30:00,1920.3645892590596,1927.95809661171,1921.51521728109,1923.2921995427625,6726.919431391109
2024-11-01 20:45:00,1936.4026987701718,1943.8686432311888,1933.914535596759,1940.7234223501648,5122.803997789336
2024-11-01 21:00:00,1938.283401868772,1944.4029849185026,1932.5755208402559,1936.8668912495632,5402.417199913327
2024-11-01 21:15:00,1942.5168012496547,1951.7963880119335,1941.5270369355612,1941.3823935460498,5534.539494337876
2024-11-01 21:30:00,1932.0754983743554,1941.320309406439,1927.6835077295034,1937.059473966324,4121.936818981832
2024-11-01 21:45:00,1926.3404004725387,1928.5922658531933,1913.7926220376235,1919.8943634750153,1795.3546088096582
2024-11-01 22:00:00,1908.8396847750662,1915.3405735478912,1909.4023234952524,1908.7644026139817,1965.0831607629773
2024-11-01 22:15:00,1908.0041539611293,1909.5952400788249,1902.9960151879507,1911.1393297890468,5966.257314276858
2024-11-01 22:30:00,1905.3773919255034,1905.2661659502926,1895.2785664865094,1903.6744409830399,6110.653669188877
2024-11-01 22:45:00,1921.6822782904694,1921.0418151394206,1914.285396184669,1918.1188437823243,1932.8317105378271
2024-11-01 23:00:00,1918.8632543117371,1924.7692669757257,1913.4853010890988,1914.6501581229147,1933.8050346482166
2024-11-01 23:15:00,1928.0674356481088,1938.6935845394794,1924.8184178016,1936.7207192895246,7646.786398433468
2024-11-01 23:30:00,1880.2370561572209,1881.7920906824554,1872.0246813206252,1879.5152592598886,3226.4208206308253
2024-11-01 23:45:00,1847.6817361123924,1849.4031800241792,1840.0177761886157,1845.4627418175396,2772.4200201087856
2024-11-02 00:00:00,1862.217552032004,1863.7287031319463,1854.2820534687366,1860.153808357841,2319.7989954223813
2024-11-02 00:15:00,1820.3218008984845,1829.2121757681464,1818.3103668881822,1823.906410399602,5712.853294155894
2024-11-02 00:30:00,1817.6337776964972,1821.9027324241954,1810.3511672320265,1811.1060818304109,7171.741658263966
2024-11-02 00:45:00,1809.3546488652437,1818.8029492491783,1807.8046312345818,1812.514131776568,568.995802003699
2024-11-02 01:00:00,1819.909537868868,1822.668415601532,1810.154740964591,1816.2336458004452,4216.745045615146
2024-11-02 01:15:00,1835.6224798628318,1839.00855076398,1828.313343260593,1840.0639888235132,7256.735966637121
2024-11-02 01:30:00,1844.390556370829,1850.3475247074991,1841.5704893274258,1841.8967243713305,7788.435704175826
2024-11-02 01:45:00,1838.6463553978758,1843.1602488453793,1832.7451738347668,1838.8933545290301,1542.4212456002003
2024-11-02 02:00:00,1837.3385062807033,1837.2798414912352,1828.7837491271564,1833.398539535406,8121.714292607489
2024-11-02 02:15:00,1840.6338372526202,1840.6276253524054,1829.7157845281388,1831.2538979841524,3148.1949809953217
2024-11-02 02:30:00,1832.4797819521407,1841.0179198921746,1832.2119910144877,1834.6148039895338,1115.6910460433392
2024-11-02 02:45:00,1833.358422616502,1841.6484040489681,1829.990411808221,1835.8808926963218,9455.783718409479
2024-11-02 03:00:00,1835.1419387260587,1835.0198486855732,1825.8542051415427,1834.1841318463823,1613.860196403899
2024-11-02 03:15:00,1811.8419876724006,1817.560589000773,1806.0762563955632,1807.933306721528,8977.69490052228
2024-11-02 03:30:00,1815.1840978863884,1822.928390963663,1814.2748740889501,1817.0706874764323,2688.8956186880127
2024-11-02 03:45:00,1797.6172968918934,1806.059461075207,1791.1128791770163,1799.983842114704,3541.964279541196
2024-11-02 04:00:00,1836.8236395428294,1839.6410523103793,1831.1966460373844,1834.8924303067313,4572.901156555104
2024-11-02 04:15:00,1837.85819535048,1841.6522932071985,1832.4821432649414,1838.3351989449984,5384.460303798581
2024-11-02 04:30:00,1807.9252484723243,1812.9064779044954,1801.7638715488931,1803.4252452836843,5509.958363372684
2024-11-02 04:45:00,1796.5731711271158,1800.4736467014284,1790.9359948172953,1799.010620378475,569.3815897857646
2024-11-02 05:00:00,1811.5295636181888,1813.4947101809005,1800.6470826731154,1807.3298370155685,2584.9067841316496
2024-11-02 05:15:00,1803.508880731208,1812.0325819217448,1804.1363697246895,1805.5028680169314,3920.0470874888842
2024-11-02 05:30:00,1774.127694620415,1785.721560441792,1776.2076271619162,1782.0217330243383,1625.0118939716242
2024-11-02 05:45:00,1804.2906145049271,1806.467200277558,1794.6426428456375,1803.3230880984547,2341.547840258089
2024-11-02 06:00:00,1831.0879672506762,1835.0910776666071,1826.9929928556078,1831.1061603262308,7319.715360575111
2024-11-02 06:15:00,1824.6974475340267,1832.1834448548693,1825.5366944648044,1822.727472311855,1790.569364082432
2024-11-02 06:30:00,1828.2936672025207,1835.5735531280302,1824.8469669546032,1828.5664810455262,9448.53075662261
2024-11-02 06:45:00,1821.9580360337588,1830.8866508274878,1820.1811085557488,1822.8460897698465,3168.039944856289
2024-11-02 07:00:00,1827.0530356995296,1836.7295360586586,1827.2854566687963,1827.169986828874,9814.304608934202
2024-11-02 07:15:00,1845.617270454487,1849.1644318050064,1836.2937530015047,1841.1658868427235,6913.752930624603
2024-11-02 07:30:00,1796.4021246537295,1802.400189453965,1792.252562530825,1797.3159836602852,808.1825233840616
2024-11-02 07:45:00,1768.4960700089857,1779.4953639426358,1768.6134170913092,1776.3311731806189,9222.960366127252
2024-11-02 08:00:00,1775.6595762349166,1781.9390325877735,1767.6016167914565,1769.0130318921545,5609.6519595400805
2024-11-02 08:15:00,1788.0347168805536,1795.4730208518301,1786.5162125639772,1786.6137387810975,1412.358115290742
2024-11-02 08:30:00,1822.4794000671654,1822.170215548225,1812.9621417085975,1816.3534635052451,2088.0355528096143
2024-11-02 08:45:00,1815.0839208170783,1817.3838824799545,1812.3812373825324,1811.1367634599112,3443.850974994412
2024-11-02 09:00:00,1803.7404426374294,1808.761928296715,1801.2652259186125,1803.3025747461181,9885.328840929395
2024-11-02 09:15:00,1808.3071272436994,1811.0908955410493,1802.9083041649517,1811.3234078974642,3425.211606532772
2024-11-02 09:30:00,1814.6142431631988,1816.661745716829,1807.1943022948471,1809.7900149674472,5434.953569135983
2024-11-02 09:45:00,1796.573388197971,1803.081211628239,1790.3780834786576,1798.599865457118,2242.299717815442
2024-11-02 10:00:00,1806.5315641709724,1815.4611288457727,1803.5581118424548,1808.8509692565176,9676.851794944194
2024-11-02 10:15:00,1800.8404781894703,1805.0692150989494,1794.815228139265,1798.039554215765,6804.987374127448
2024-11-02 10:30:00,1807.349044318924,1818.2654990812514,1808.8255195452562,1815.2384766959879,4468.146685471316
2024-11-02 10:45:00,1802.0120056877897,1807.0335199507342,1797.1901066476223,1807.2009746572364,5752.6628513263295
2024-11-02 11:00:00,1812.7963898079972,1815.5914090129647,1805.897530724442,1814.7960930914899,9633.090936735416
2024-11-02 11:15:00,1803.7941520399818,1809.2730650345652,1799.7897385695924,1807.0677845967389,195.46371386141317
2024-11-02 11:30:00,1802.014485862634,1802.2873208516867,1791.2712290515458,1797.2017287286253,6543.707703663561
2024-11-02 11:45:00,1786.968341994344,1793.939726160324,1782.7574836384504,1791.4545516615808,275.37433349756793
2024-11-02 12:00:00,1809.5026513418643,1814.175915336938,1803.7330271580922,1806.1200056175403,1184.0525772703581
2024-11-02 12:15:00,1808.4715901884683,1808.104715651899,1798.8716473575223,1801.4036176551951,4049.2869316229708
2024-11-02 12:30:00,1790.684326477471,1796.8295862195632,1785.885100349241,1790.2209788672803,3867.5992419072677
2024-11-02 12:45:00,1762.4744957728126,1770.474049780337,1758.8163727919655,1767.6549363442628,6218.789677930492
2024-11-02 13:00:00,1745.1893771590696,1750.1103769664137,1741.7926331411309,1744.5365218818833,4004.8008726570274
2024-11-02 13:15:00,1729.570383602459,1742.002283227347,1730.8311380250298,1734.3101496198547,7358.5019456847385
2024-11-02 13:30:00,1743.3576000794753,1749.7231893469727,1737.9652123471474,1746.9924486857549,7720.959174668959
2024-11-02 13:45:00,1742.3363892803632,1740.6219908647627,1734.220446178612,1735.2738638767119,8277.707107647966
2024-11-02 14:00:00,1728.3260724505,1732.4821592129908,1718.998729227086,1720.566706637693,1250.0560626140898
2024-11-02 14:15:00,1703.8550310587766,1711.7409913773279,1703.594557137102,1709.4429650323834,5272.799321266439
2024-11-02 14:30:00,1737.3864277475896,1739.114148467906,1729.5648647279827,1738.3220223141366,3099.67237631547
2024-11-02 14:45:00,1740.1473028588196,1744.6044131221831,1740.0770606012331,1737.1392511595375,534.9299542576292
2024-11-02 15:00:00,1744.7315854426568,1747.7209363878508,1735.1382158924487,1746.3243981962578,5344.777304691267
2024-11-02 15:15:00,1753.0558721080722,1757.7754616453337,1750.07855407515,1754.2044586425186,216.89610006124263
2024-11-02 15:30:00,1756.690446067936,1758.7778972830808,1747.625145267868,1753.9619498206328,3092.989625293314
2024-11-02 15:45:00,1761.3073307125198,1765.1685313430207,1758.5309877323243,1766.2281364785538,4757.999413142196
2024-11-02 16:00:00,1722.3520886689075,1730.4643756970643,1720.6537980093813,1724.0981977480644,7628.326702576333
2024-11-02 16:15:00,1699.4259709480204,1700.2309122807371,1690.168288669553,1701.2993050605994,9422.471214516936
2024-11-02 16:30:00,1699.0137797064883,1704.6327768097153,1689.830604312544,1698.14533899508,7806.852818663936
2024-11-02 16:45:00,1701.7750756754504,1707.4022922484473,1697.0787158433427,1704.4959131378105,9765.271047136719
2024-11-02 17:00:00,1705.8251208478714,1712.4062338878373,1703.671033388726,1710.3076566149145,3992.5758361311587
2024-11-02 17:15:00,1721.0244473551948,1725.743684228777,1717.4830477066685,1723.1866529287488,6666.9067701630165
2024-11-02 17:30:00,1703.5031770155078,1707.4878992168738,1697.1720596676996,1701.9596166251033,4738.896304146919
2024-11-02 17:45:00,1726.56080575416,1728.9151718283085,1716.4518133522922,1718.0264210902615,1690.3483507732801
2024-11-02 18:00:00,1716.99934118947,1724.4384904965991,1715.3959508308476,1720.4704735655907,2636.2691426448614
2024-11-02 18:15:00,1704.6161481915753,1713.396905329912,1700.9802534670584,1706.8823083649722,1292.1730208213385
2024-11-02 18:30:00,1753.3434570968739,1757.697172664379,1746.166751166445,1750.5064683796443,3646.4383276250555
2024-11-02 18:45:00,1759.7775802895496,1765.7757087976638,1755.7964447821237,1762.3308239592852,9918.484333314627
2024-11-02 19:00:00,1749.9551529839507,1753.3044937208335,1743.810622204294,1748.574643902521,539.7511252938868
2024-11-02 19:15:00,1770.6986653104468,1769.1671471178383,1762.7841010519112,1764.5056424587412,9164.685840186288
2024-11-02 19:30:00,1763.3573901316022,1775.4527652346933,1764.6345282565003,1764.4970008364394,1095.2683051752726
2024-11-02 19:45:00,1791.0517742044872,1797.2969424101577,1788.7754383141648,1792.5346552529309,4707.749406310809
2024-11-02 20:00:00,1776.5252322853585,1780.118776329337,1772.3832345725239,1773.638802588613,4878.63937280782
2024-11-02 20:15:00,1760.4036520696895,1770.3973706877798,1760.8846207689971,1767.0857801761085,1400.3047533647898
2024-11-02 20:30:00,1773.2799208277333,1778.026720057109,1767.3161503283902,1777.863829690049,6750.688986534156
2024-11-02 20:45:00,1785.8346733719397,1788.5819314486441,1776.480368817667,1779.8836944120824,9713.979414526873
2024-11-02 21:00:00,1774.557811888198,1781.0158937935596,1774.066480620203,1776.8063324284726,1139.010396603137
2024-11-02 21:15:00,1770.4527402536855,1776.787603773851,1764.547883739217,1775.9149685058046,9202.84473249198
2024-11-02 21:30:00,1759.5373356839498,1765.6461789597208,1755.6611284887435,1761.8561062008278,1599.108981019433
2024-11-02 21:45:00,1759.441690753347,1766.7258798341568,1752.9831644041387,1757.0723064356912,7255.2024101015395
2024-11-02 22:00:00,1761.5409030333835,1764.8764207428121,1750.9981097287234,1753.1602971104603,6237.8209985465055
2024-11-02 22:15:00,1747.3058108997293,1755.125505503572,1744.0455438689858,1747.5700661104433,4462.627611723539
2024-11-02 22:30:00,1745.6327293880886,1750.0457443212808,1738.955264773972,1747.5276028202877,9918.557599916276
2024-11-02 22:45:00,1718.4028185429065,1727.518731910213,1719.5433379423232,1723.275755945465,2663.5454569740505
2024-11-02 23:00:00,1713.1326784409762,1714.588395099761,1703.9923371913765,1711.3136704762026,9198.68862860417
2024-11-02 23:15:00,1708.603306472676,1718.0715246634627,1708.1831121540083,1713.4077572526753,4341.033762863571
2024-11-02 23:30:00,1715.4288346029741,1715.8687838305789,1704.970222143356,1712.244202428665,9646.014471794031
2024-11-02 23:45:00,1720.0179102817963,1730.6426963672004,1719.8273077300244,1725.5620337605192,5283.987140481699
2024-11-03 00:00:00,1716.3020909737434,1720.5399537622734,1711.8631083333155,1712.3194331400719,8298.27059637388
2024-11-03 00:15:00,1694.8549749282327,1704.1304429970698,1691.3771124300963,1695.2808667557472,3919.6602472227605
2024-11-03 00:30:00,1719.3079335361217,1727.4148617410199,1719.4835883143985,1724.709082984125,3893.5226073657573
2024-11-03 00:45:00,1734.8184069305378,1732.6796286995525,1722.690218146379,1733.6073547528529,5036.2641077605895
2024-11-03 01:00:00,1734.3845649149587,1739.878831346421,1730.122542338985,1732.9318230320987,5912.615652812413
2024-11-03 01:15:00,1748.0226008702698,1748.153243175601,1740.2585512109433,1748.0371760721905,5790.091603171229
2024-11-03 01:30:00,1732.2575668386335,1734.3177953736026,1725.6397484724957,1727.0680611762796,611.4000105043685
2024-11-03 01:45:00,1740.8781813810645,1743.598411956127,1733.3860353198766,1737.0337734142129,5728.478965410503
2024-11-03 02:00:00,1739.7094766161285,1741.070979868394,1734.8916009174404,1742.9129889166254,3210.331549941442
2024-11-03 02:15:00,1716.8353943090397,1728.445987672756,1718.0325406215554,1720.5166755239281,1513.906309217625
2024-11-03 02:30:00,1718.0620009740753,1725.0711861999055,1716.3640230038368,1716.4242051454778,6905.927244034179
2024-11-03 02:45:00,1709.2284551010105,1712.3378665774947,1702.37436698555,1704.6549971334548,1286.3560667599409
2024-11-03 03:00:00,1723.4351815135872,1728.020694179865,1718.1512967770236,1725.5796259992997,2777.39084322945
2024-11-03 03:15:00,1713.9542439623667,1713.7083362234416,1707.9701941219946,1708.313729218736,8193.096266101746
2024-11-03 03:30:00,1714.7184307607693,1717.2275673814477,1708.2221362594123,1710.892313954386,1364.7884395600136
2024-11-03 03:45:00,1703.7056748165426,1706.887111404641,1699.0449203257874,1705.163138383709,352.75088846318624
2024-11-03 04:00:00,1712.0245320741099,1715.3336976253565,1704.0277790107748,1707.9863841595325,4650.710231136427
2024-11-03 04:15:00,1701.642166630811,1707.492183694894,1700.2194771108143,1700.6307123064344,1305.3179692451833
2024-11-03 04:30:00,1686.0493736321848,1693.1519322170438,1686.2475260330536,1691.718051411083,5534.203732109641
2024-11-03 04:45:00,1678.0958985528544,1683.6172015342156,1672.7004607614592,1679.4312058604833,9392.00888076096
2024-11-03 05:00:00,1653.8613824550523,1659.979903043088,1654.5568052183173,1657.2125476281806,6403.794336865205
2024-11-03 05:15:00,1640.9028372772627,1650.6083724254884,1640.6219449505368,1650.147212389449,4702.979535504178
2024-11-03 05:30:00,1649.1424890353646,1648.3589291036644,1639.8746469490989,1647.112373374791,6511.627678950894
2024-11-03 05:45:00,1646.658160708829,1654.9914374647342,1642.935205090858,1649.7793775440173,9545.959478234792
2024-11-03 06:00:00,1646.6164857016865,1649.7720604747149,1635.5450287101858,1644.2892173483615,7472.312952052953
2024-11-03 06:15:00,1642.789713053448,1648.7714470845535,1638.894600722354,1645.1630291982328,7378.246066043401
2024-11-03 06:30:00,1668.3568474096028,1670.0899304239783,1662.3100551158748,1664.0180609472463,9811.494509295675
2024-11-03 06:45:00,1687.6410790856755,1693.6535349881601,1679.3131813757104,1682.8635544202648,158.5441587791162
2024-11-03 07:00:00,1708.795750024608,1717.9985109454014,1705.507691562223,1713.137244268984,312.7674088109874
2024-11-03 07:15:00,1729.7777915840275,1730.4099677539775,1721.210801005901,1726.0109862161653,2117.414889606115
2024-11-03 07:30:00,1736.1593337494883,1736.4929077787763,1729.5700483048677,1729.5442174529355,1769.427440058648
2024-11-03 07:45:00,1760.8442462173446,1772.06056050881,1756.4695375986137,1767.3628594227691,9109.250760912038
2024-11-03 08:00:00,1759.134278005446,1762.282748735429,1752.760692013129,1753.2942178150574,9026.274594033674
2024-11-03 08:15:00,1747.5465454479813,1752.7375719697118,1745.6383242466457,1744.364401447177,4134.717775106201
2024-11-03 08:30:00,1722.236885209116,1729.651285773619,1718.1607440050198,1728.59219243745,3964.993713524893
2024-11-03 08:45:00,1728.9514638400672,1727.4964041098035,1719.9614865957444,1725.5123713049627,9050.226083645191
2024-11-03 09:00:00,1747.1538526343202,1747.7095474147782,1740.0991781048137,1746.578601249191,4553.088674979933
2024-11-03 09:15:00,1744.7957041952402,1746.9762546472666,1741.8406394390504,1745.4930732419252,9650.2470541733
2024-11-03 09:30:00,1754.5396018167269,1761.27376382903,1752.890706885445,1753.778444599269,8539.023335375367
2024-11-03 09:45:00,1755.2788150180265,1764.1302813215182,1750.186523355535,1759.8525399028251,5040.915494138256
2024-11-03 10:00:00,1766.750976581635,1768.4318997586595,1759.140964745832,1763.5215995037536,1926.9597743932245
2024-11-03 10:15:00,1758.0596736140121,1757.003035110931,1747.8842947161102,1757.246893691271,8408.800197585335
2024-11-03 10:30:00,1742.477038128093,1744.9942331380114,1737.7405041447248,1744.4721756981432,3364.0829650125124
2024-11-03 10:45:00,1739.513645680292,1746.2169058192885,1738.3521428337917,1742.6034405457735,2025.8020775272096
2024-11-03 11:00:00,1765.4090807309242,1777.2767840944452,1766.7752926979854,1771.0355810172348,9494.759045966424
2024-11-03 11:15:00,1772.0226095679163,1774.5179558593977,1764.5893300971213,1767.3652332465488,7167.031340422205
2024-11-03 11:30:00,1751.0775142186872,1761.6454149788435,1746.9235121601985,1751.6942496619545,509.3072979439861
2024-11-03 11:45:00,1760.4405647537812,1769.411216698901,1756.8216353733208,1762.6041745360599,5308.408096185567
2024-11-03 12:00:00,1724.1871079510174,1729.973246454576,1722.7761626554036,1726.7378878317381,533.8634191477612
2024-11-03 12:15:00,1706.7093976500737,1715.203248095579,1704.0921420522507,1707.9637591973612,8460.12823320697
2024-11-03 12:30:00,1708.8994109633543,1713.6612897972304,1705.9953938413732,1714.3236236805074,9421.353250167034
2024-11-03 12:45:00,1717.3283966721356,1721.4303526568835,1714.366753925804,1720.281859184977,3341.526282040633
2024-11-03 13:00:00,1710.4125162739017,1712.7274108105357,1703.4747559123632,1713.5488469733486,1527.1286093164313
2024-11-03 13:15:00,1719.684542574691,1722.675668734688,1710.2490452965183,1715.304326820473,8605.81512071589
2024-11-03 13:30:00,1717.5379501005143,1722.8880387160077,1713.7178867898836,1715.332849886001,9606.873174774366
2024-11-03 13:45:00,1702.6973409015322,1707.7839479907138,1698.4163778664356,1702.7545485592716,1354.0100827018098
2024-11-03 14:00:00,1699.8362383849587,1707.2449284277054,1693.95259515547,1706.066419990684,5623.44243950181
2024-11-03 14:15:00,1717.136060575399,1724.7161041223983,1713.336568972599,1714.4189698096206,8066.460993047413
2024-11-03 14:30:00,1701.7276500500473,1711.9633196821048,1698.45484597219,1708.3588929457735,8392.651737408427
2024-11-03 14:45:00,1709.0665091126307,1709.8874306015882,1705.2324017672647,1703.4137385856127,257.96605251570827
2024-11-03 15:00:00,1706.2508344610233,1712.1848087827568,1705.0055552006736,1706.387262806457,7768.348759303573
2024-11-03 15:15:00,1714.8450495022794,1724.4479791035865,1714.6624679052763,1722.0141798376746,3407.8477940222224
2024-11-03 15:30:00,1704.303043759157,1708.893229327355,1697.3137847444195,1708.3247861170946,9590.82408191605
2024-11-03 15:45:00,1693.9454342382267,1701.303187301073,1695.777103518528,1695.4265031743275,409.60898645917445
2024-11-03 16:00:00,1687.3421370072886,1694.685364744186,1685.6139842440095,1692.4228490922087,5387.236136658175
2024-11-03 16:15:00,1692.7296454266407,1695.2329490392037,1690.300553618557,1690.500144993627,2051.1113593307978
2024-11-03 16:30:00,1671.867347775207,1676.308759233581,1666.4640280032288,1672.154078700434,702.6226474128254
2024-11-03 16:45:00,1641.1255028783937,1643.0361309594118,1631.2434036416528,1641.7288302126228,547.0221961991457
2024-11-03 17:00:00,1638.339646199133,1641.3630390053413,1631.0911142096309,1634.6784999857598,8116.107623417428
2024-11-03 17:15:00,1619.8327315172394,1622.1375338014527,1614.11159637763,1614.1477883138712,491.7282737956425
2024-11-03 17:30:00,1601.347709731316,1604.8162977815014,1596.3285390848741,1596.4845588927444,4525.535843318806
2024-11-03 17:45:00,1595.0776635683435,1594.932005516692,1584.1617961274721,1586.0354137850618,4605.210549470411
2024-11-03 18:00:00,1605.6584887905747,1608.801154794731,1596.989652069656,1598.803611644037,4790.76095312844
2024-11-03 18:15:00,1594.270676876969,1603.2096430779193,1593.576205716639,1599.9992813298145,6929.010083138608
2024-11-03 18:30:00,1596.8987980190923,1598.383072820743,1587.8797844060828,1595.3369238502046,9977.975176763119
2024-11-03 18:45:00,1588.6306999481296,1588.900709336987,1579.9399130369347,1582.8781716549545,9148.920090570185
2024-11-03 19:00:00,1588.7231909650914,1595.0242067386644,1587.0996940475618,1592.6662034569292,6380.436203897434
2024-11-03 19:15:00,1580.6117657752284,1586.0884269704666,1575.063308246683,1579.1157183035293,3704.5071093534025
2024-11-03 19:30:00,1587.7629903872485,1587.455099631413,1577.4625035455213,1587.392518509262,4781.4499195246635
2024-11-03 19:45:00,1598.1101358429842,1606.6501087987967,1594.2308805909731,1597.4555536162989,8152.797684249468
2024-11-03 20:00:00,1593.2558405121013,1597.683923071116,1586.8126457426001,1594.46956806936,3748.686820067633
2024-11-03 20:15:00,1606.9438509907843,1616.6421629497,1602.5331673555172,1605.7112445033686,706.9718889083388
2024-11-03 20:30:00,1624.545721110971,1627.5209292454986,1616.6457436239941,1627.5685310028603,4586.442406198618
2024-11-03 20:45:00,1624.5371373584169,1625.404148390122,1616.6478363259794,1621.357477320264,5254.669461623272
2024-11-03 21:00:00,1619.070495277538,1622.0772282102896,1616.5088936407692,1618.9748694476802,4308.847392444103
2024-11-03 21:15:00,1619.9605168504354,1625.2868737691624,1615.6488713799808,1621.0929314212406,4462.161987143148
2024-11-03 21:30:00,1631.6853269783055,1633.2616945545878,1627.5769606985994,1627.449244339242,2178.39954887132
2024-11-03 21:45:00,1612.9267885066313,1613.9847163037555,1606.7783169047186,1610.5357667601481,496.37076668873226
2024-11-03 22:00:00,1594.3494604293003,1603.5527584217712,1590.9540639265801,1592.1728672494626,7433.180550451636
2024-11-03 22:15:00,1599.4388453595539,1605.7011433812613,1595.070566442439,1601.132954526743,6405.074631625816
2024-11-03 22:30:00,1598.944716000695,1604.6668262994788,1593.8705335181673,1598.4084457452257,1187.1385676551354
2024-11-03 22:45:00,1574.5582768790339,1585.3117853964573,1575.5056525592336,1576.2762186994776,6068.006433267963
2024-11-03 23:00:00,1582.0611291157245,1588.7612474955645,1577.6000409516107,1588.8986077414188,8459.304137300063
2024-11-03 23:15:00,1586.4042049182092,1591.8001350675386,1584.2844404924465,1592.2825690572631,253.75255601375162
2024-11-03 23:30:00,1597.308081009931,1601.70136556726,1591.5266813532537,1595.7502459003406,1716.3157164640204
2024-11-03 23:45:00,1603.8318726720051,1604.5552785515733,1595.7447457810617,1598.6142520719673,7751.0557032016895
2024-11-04 00:00:00,1586.7969065714628,1597.6298587669312,1586.9466512415772,1588.4822837504641,738.3026167470034
2024-11-04 00:15:00,1595.0325436011726,1599.1122108373772,1591.8121352500223,1597.5478124804567,7117.25540445589
2024-11-04 00:30:00,1599.832516852838,1599.8928483501447,1587.4373948052387,1594.6499371106738,1645.4222286613801
2024-11-04 00:45:00,1600.5127748847156,1605.2844657973221,1594.3388891861143,1597.6586245391484,2099.217325031385
2024-11-04 01:00:00,1614.896863601241,1616.8302492828093,1602.3469435025345,1612.9295842017812,1517.2003806435268
2024-11-04 01:15:00,1609.7747650096762,1613.0041827624777,1602.241200015932,1607.9996286727214,5845.033811880706
2024-11-04 01:30:00,1597.832781804018,1607.1788356630097,1596.3190544490535,1600.3296504672385,7344.781576423535
2024-11-04 01:45:00,1587.8863818131097,1598.3524464502516,1587.75833571397,1593.816698840953,1356.904189517716
2024-11-04 02:00:00,1616.5601124607879,1623.3958377912222,1612.1536222802574,1616.9289557131594,7763.693182561589
2024-11-04 02:15:00,1619.5811880718938,1627.3318738615092,1616.5287673146286,1617.1691343398284,8002.437363111829
2024-11-04 02:30:00,1640.6017300097392,1641.542671121408,1630.4545876845868,1641.0164809303321,8228.131785848247
2024-11-04 02:45:00,1613.5458634172414,1620.3011902112214,1610.4889218453695,1618.7814631207043,2371.1579183945155
2024-11-04 03:00:00,1623.9087834441632,1625.24527634071,1615.5117858257656,1621.2642422202396,5788.798689640603
2024-11-04 03:15:00,1602.7588970280294,1607.5241097711494,1598.852004024837,1606.409899644613,390.6130538609637
2024-11-04 03:30:00,1606.265062940454,1609.4870168737077,1602.9520944770459,1610.358326023314,4542.450373015125
2024-11-04 03:45:00,1611.668767175745,1618.4894357285496,1611.622173980345,1615.9677006390218,5736.135871621107
2024-11-04 04:00:00,1630.641155731568,1632.449945658732,1623.2802881685693,1627.1286797792136,4114.525824238821
2024-11-04 04:15:00,1639.140747286089,1646.7507829953822,1638.514480568063,1646.296026780131,9477.30815947584
2024-11-04 04:30:00,1627.1818888033692,1636.5763636463876,1625.1438915208385,1633.4888964308825,7591.286487997193
2024-11-04 04:45:00,1645.8846508409445,1650.1239382816793,1639.4598623420168,1645.0005007331806,7513.707417048274
2024-11-04 05:00:00,1670.0634836432832,1678.0881466793603,1668.763898469517,1667.3834278841719,9406.42281991672
2024-11-04 05:15:00,1656.449438320385,1665.2714311644208,1656.7028897631246,1664.5101206757934,5133.607475172526
2024-11-04 05:30:00,1679.312056007797,1678.9986557797206,1673.9780998317763,1677.0298747122374,7877.787710043923
2024-11-04 05:45:00,1660.151205849531,1669.8966943167127,1655.6081301220415,1661.535384116229,6917.084779251044
2024-11-04 06:00:00,1655.83378365963,1658.6785395116704,1654.36552704557,1657.217801868115,795.465683521546
2024-11-04 06:15:00,1662.6289689218652,1671.003141147078,1660.0624739747673,1668.7185359188686,5427.301530830202
2024-11-04 06:30:00,1667.3625368529622,1671.005924938232,1663.9535163979626,1664.8800254056855,8892.657720164376
2024-11-04 06:45:00,1697.7813788392154,1697.7906386553016,1686.1320943612052,1688.9270602256072,9522.595530994106
2024-11-04 07:00:00,1678.752601178142,1682.6275367859637,1668.990695152047,1677.0914844999145,8785.667006750615
2024-11-04 07:15:00,1684.7959837356227,1695.624757120957,1681.9584694226776,1693.2851478827995,720.3711279133177
2024-11-04 07:30:00,1683.3961337875521,1685.4099464083417,1675.339572273813,1687.8674981057684,5392.711945395219
2024-11-04 07:45:00,1670.969093110491,1672.128628569836,1664.94970302704,1665.035599800411,7137.304756032159
2024-11-04 08:00:00,1654.0363615899748,1661.7902010333898,1650.0385007927086,1657.0689437469343,3420.59810732771
2024-11-04 08:15:00,1652.1515826578468,1658.6957715878928,1647.4391043345895,1652.2282031678399,9644.044514971569
2024-11-04 08:30:00,1663.533466141126,1665.9929975440016,1658.0735406152503,1668.3798371779303,1166.6686945490678
2024-11-04 08:45:00,1654.9023982756842,1665.698314419029,1655.5848859641278,1657.2121862208755,9714.653158457098
2024-11-04 09:00:00,1661.4720043951784,1668.6001627960788,1655.7423286047972,1657.4380808899534,3719.0486081141985
2024-11-04 09:15:00,1666.2894344955664,1669.1875747908437,1659.1144060039123,1661.8296602253163,2231.070323688335
2024-11-04 09:30:00,1665.0446311210317,1670.083580437635,1657.8410012916956,1668.4305989911504,5971.868447113103
2024-11-04 09:45:00,1653.5021517199652,1661.7221084253256,1653.8828742154533,1656.8006951743364,6638.354568236922
2024-11-04 10:00:00,1635.0777795033182,1641.4195046388184,1634.1566228291497,1638.4521212725138,4823.834988028897
2024-11-04 10:15:00,1631.2672590250195,1638.023889374492,1626.386460911524,1631.7052993030418,7022.840949404594
2024-11-04 10:30:00,1654.4755775124413,1657.2539747585483,1644.0628615629169,1649.3044132128466,9063.830352659657
2024-11-04 10:45:00,1633.6571638537584,1643.737941509646,1633.4486299212065,1635.902094500082,2066.0792033937305
2024-11-04 11:00:00,1666.872652581876,1678.6657811413256,1665.781154015413,1674.483879545362,2520.869422626076
2024-11-04 11:15:00,1661.9612142484798,1667.4481158432557,1656.4704897621853,1668.3357236379634,3891.28651462872
2024-11-04 11:30:00,1640.353153305451,1651.6918867205839,1637.978746842314,1647.626378157356,3507.5725771303123
2024-11-04 11:45:00,1620.6971386945893,1632.287058203598,1618.5056672774483,1620.4102127584335,9597.827963314154
2024-11-04 12:00:00,1610.676198154948,1614.53614768247,1606.3472495691822,1610.8486184136639,4558.884842274971
2024-11-04 12:15:00,1608.2869953597974,1615.3455206611388,1603.3609900683139,1611.943007021903,8130.643383650194
2024-11-04 12:30:00,1585.0974798347065,1587.6904144967775,1580.5461521547127,1583.614565320166,6178.947098731276
2024-11-04 12:45:00,1582.1203163036832,1586.0259758388054,1576.845533218298,1586.0619375351182,4883.139400168969
2024-11-04 13:00:00,1579.7794588185131,1582.3011044801492,1571.4082237372052,1576.8267586364607,346.731385431405
2024-11-04 13:15:00,1580.507538573984,1580.0708565054822,1573.0474044779394,1575.946959115268,3851.649715115623
2024-11-04 13:30:00,1584.4452205721307,1583.9213328028582,1576.0861305729136,1581.599376917861,6577.654242725748
2024-11-04 13:45:00,1577.934688468481,1583.4235130354984,1575.987947673687,1576.25559290243,8170.356562711205
2024-11-04 14:00:00,1563.714418443327,1564.8338796450046,1555.9488568043105,1557.7971871842274,2554.410323449904
2024-11-04 14:15:00,1544.8942614934092,1553.74755818284,1545.7799278624523,1546.8463457837618,7752.76801947281
2024-11-04 14:30:00,1549.5919595997434,1558.833504131998,1551.4625693051216,1554.6985849487828,157.89934961126025
2024-11-04 14:45:00,1543.7143487305739,1548.634565924115,1540.4171015026834,1543.292807195766,2434.0342371417605
2024-11-04 15:00:00,1550.756606027597,1560.9041252611203,1550.9135750323292,1553.6682186615983,5907.797893970646
2024-11-04 15:15:00,1556.4309475135735,1562.3374722899725,1558.0336090760659,1561.8276373920733,9136.1586625177
2024-11-04 15:30:00,1537.8640683270985,1542.3830252228913,1532.7019262972046,1535.0749855614574,2900.084182979887
2024-11-04 15:45:00,1552.0262299274232,1562.6586726435266,1552.6073760041409,1561.695376510284,5277.963176996359
2024-11-04 16:00:00,1575.7719622557263,1577.6289220700628,1567.0382160970682,1575.0642092984197,8376.80188850798
2024-11-04 16:15:00,1561.1439768106648,1566.8728952568626,1555.4102796015475,1560.3853344397546,7127.101686048572
2024-11-04 16:30:00,1551.8452154268632,1557.7124372583805,1545.953264908196,1554.5938224710617,3659.9777591101542
2024-11-04 16:45:00,1563.2327156861254,1574.2378845649084,1560.7697286624016,1561.3938418012822,2922.9865193702217
2024-11-04 17:00:00,1546.4795747382254,1552.0810234481405,1542.5083498458819,1545.2114856084775,2390.954434825273
2024-11-04 17:15:00,1551.1580923990955,1556.516283168416,1543.0234103779828,1552.4507507097267,1391.3455084735824
2024-11-04 17:30:00,1569.3472664730737,1568.3684223817972,1560.8907875784018,1565.9687652923094,6104.721192221723
2024-11-04 17:45:00,1546.6775092131847,1553.6803209549212,1540.1012223147586,1545.657504527583,3200.1330427790467
2024-11-04 18:00:00,1537.5488563119159,1539.510098189947,1526.9012471137426,1532.974959860106,8638.723526034843
2024-11-04 18:15:00,1551.8956995424983,1555.3607546850394,1548.431208650014,1547.5744588265038,1912.424609670677
2024-11-04 18:30:00,1529.9494107823775,1537.3838896209775,1523.7795434572747,1534.4752518117105,261.69172648451365
2024-11-04 18:45:00,1521.544311268112,1524.8915361020804,1518.6020084634592,1518.3263633096356,8810.46031712185
2024-11-04 19:00:00,1513.3982534468191,1513.8669887018991,1504.8784888171328,1510.3446271143296,1833.6188762783258
2024-11-04 19:15:00,1510.7704134814137,1520.2124335878077,1508.2911729272944,1509.6923511864932,9668.680526372525
2024-11-04 19:30:00,1480.5346487709405,1492.0609155348798,1477.3430149204514,1484.8949288476542,6809.061427657283
2024-11-04 19:45:00,1485.8314138404808,1493.2207178136719,1484.8979354712856,1489.4358425453217,8553.68824277896
2024-11-04 20:00:00,1474.2120645521263,1474.7348517215353,1463.9324992539248,1473.755958781278,1982.3907772932496
2024-11-04 20:15:00,1490.5922528655483,1497.7267158704774,1485.2727269523261,1490.2184013590072,736.5955208014078
2024-11-04 20:30:00,1478.1278824248764,1480.7729092695604,1471.0488800702014,1475.099487314211,7524.435127892364
2024-11-04 20:45:00,1495.392135452634,1506.6085933414258,1496.8012257948467,1502.7171218953677,2044.0072544139118
2024-11-04 21:00:00,1479.3444302160706,1486.2746106787142,1474.1606904130874,1478.7776321606214,4870.547915526676
2024-11-04 21:15:00,1487.284975337797,1490.9049324042926,1486.7616411860906,1485.498171607235,6326.902688208986
2024-11-04 21:30:00,1511.3253502792838,1518.2541449914822,1506.6492909469284,1518.6950361280979,8609.81571770593
2024-11-04 21:45:00,1529.800921649696,1539.4841097022534,1524.8299755013554,1534.0529506749624,2805.539872953088
2024-11-04 22:00:00,1537.5958232706266,1539.6665748207845,1528.1948789838548,1531.2464662090179,5636.659015163047
2024-11-04 22:15:00,1517.5172230266685,1525.3132074659604,1516.3826099554844,1514.583713546027,5984.775797778392
2024-11-04 22:30:00,1491.2452213353658,1493.8016630923555,1481.0604278650646,1485.6833710620942,8342.65011672396
2024-11-04 22:45:00,1456.5899802164067,1464.6056451539612,1453.6323837657596,1457.870919539901,5450.215284394436
2024-11-04 23:00:00,1445.4352987774278,1450.2132251652954,1442.4331476850366,1442.8940211670135,4501.936787887931
2024-11-04 23:15:00,1467.7742487311657,1465.3567868085274,1459.0010042722884,1463.927249077741,2153.919114908944
2024-11-04 23:30:00,1475.321215059353,1478.7565367236546,1467.4960992775425,1479.1414222046287,7427.700625849492
2024-11-04 23:45:00,1454.9911612137373,1460.5899408865478,1451.0121958488928,1461.0541494943604,5811.758799316005
2024-11-05 00:00:00,1451.203806459286,1458.9147601284685,1451.981072666846,1459.804895999626,5822.874749528861
2024-11-05 00:15:00,1443.5044422742053,1451.435011591615,1446.088838529676,1444.7017010708553,9768.572183878257
2024-11-05 00:30:00,1450.5570529120037,1456.5715395587263,1444.3762581906922,1456.2012178587154,661.0680301507311
2024-11-05 00:45:00,1459.1896666964858,1459.0047564619588,1452.549828247613,1461.30053910098,3754.3058373699714
2024-11-05 01:00:00,1468.9818032274266,1475.1411622673916,1463.2038077472625,1475.0843906817554,2331.602023046491
2024-11-05 01:15:00,1467.538058364647,1471.3909468869772,1462.4048112622697,1466.7299103976964,6240.268583214297
2024-11-05 01:30:00,1456.2223850150222,1464.806287212509,1454.550435056388,1463.607018221076,8107.877126812775
2024-11-05 01:45:00,1478.7821164161096,1477.7730888231922,1467.6892158993653,1469.878887288797,3064.3825699795175
2024-11-05 02:00:00,1448.6852210050697,1459.2658607635412,1446.3807513274096,1452.4936701082643,7189.737829247732
2024-11-05 02:15:00,1441.0069077524201,1447.5237544452168,1437.9473086894184,1443.7978977816526,9114.032219820496
2024-11-05 02:30:00,1432.8176138758802,1433.3557921347467,1424.2921512742364,1432.7556003350396,8651.254686697366
2024-11-05 02:45:00,1412.050673322531,1411.9001113065333,1403.0950465901137,1405.644383415781,9049.912051698551
2024-11-05 03:00:00,1402.2842115158066,1404.4813612631785,1398.6879516619006,1403.8920187762137,4270.714121955744
2024-11-05 03:15:00,1396.5899582285808,1404.1343724778017,1394.9339780957062,1398.4578742660622,4240.416844427637
2024-11-05 03:30:00,1412.7973058917942,1412.9347704114916,1404.9867778372081,1410.9672311405996,3681.4587600904197
2024-11-05 03:45:00,1450.7917348586052,1453.9990578577094,1442.8474110152683,1448.262246003692,657.5532705115942
2024-11-05 04:00:00,1424.3324819414281,1429.9736065118823,1420.0726091480035,1424.959545095281,1262.5400419099908
2024-11-05 04:15:00,1445.6134790141512,1449.741995108687,1440.4892768224677,1444.2620463215658,4402.742802394521
2024-11-05 04:30:00,1463.560097078987,1468.5082442528983,1459.8035904094593,1466.5555987575428,8412.36222272176
2024-11-05 04:45:00,1486.9571922541172,1494.8684968724626,1482.1251781200392,1492.8594468067613,1171.869716949373
2024-11-05 05:00:00,1518.5891067303949,1518.0064860198636,1510.7755230726439,1513.4364194089342,174.05116115507138
2024-11-05 05:15:00,1527.89227624569,1535.7126060154083,1524.2026778706538,1531.496036969128,6130.0787278129
2024-11-05 05:30:00,1518.719677298694,1518.5450405426627,1508.5786946001692,1514.868160995686,4367.156845984466
2024-11-05 05:45:00,1523.8527252571523,1523.4748773838667,1513.6384952722644,1519.2278125773717,3568.8432005309655
2024-11-05 06:00:00,1524.464352720585,1531.368276930823,1520.5433959109912,1522.6370822938213,2618.967916628547
2024-11-05 06:15:00,1529.39289088003,1536.7641282073434,1526.8313812315016,1525.551172263999,4987.247639920938
2024-11-05 06:30:00,1523.8080264238292,1527.1523718103479,1514.4011149201315,1519.658690616026,593.6258951319669
2024-11-05 06:45:00,1507.6647589215008,1514.0770020443938,1506.6787228387814,1509.760271091439,2769.6737017025234
2024-11-05 07:00:00,1511.5760627641387,1513.709143618069,1499.76812974342,1502.6644815297766,4269.4127253231945
2024-11-05 07:15:00,1517.2130591217108,1524.3358277761304,1513.9571193601294,1525.3714040678942,468.59516452085103
2024-11-05 07:30:00,1517.981993465101,1520.5333849124918,1510.553962943482,1521.7387956517512,9481.795091316873
2024-11-05 07:45:00,1510.5118149800444,1508.8588168257195,1499.39930709962,1502.0714412265945,1567.7919078288203
2024-11-05 08:00:00,1506.1644489755545,1506.7599915082865,1498.2947384899371,1508.4412121370237,2290.4705430710123
2024-11-05 08:15:00,1531.4697971529392,1535.1663483544048,1525.3236734504385,1535.9552109639599,9791.31476163094
2024-11-05 08:30:00,1511.8883396494982,1515.61537660114,1503.820825284428,1509.5924816280613,6328.098524302585
2024-11-05 08:45:00,1516.9368478163358,1518.5729180944954,1510.4328108114578,1512.6107950725961,9506.769961777234
2024-11-05 09:00:00,1520.6558635351203,1523.4115327777934,1516.3415410576174,1518.7773565170116,1026.5943585864445
2024-11-05 09:15:00,1512.6770206908689,1521.2022988443669,1515.4706239849165,1522.1087281457303,8614.126946393759
2024-11-05 09:30:00,1516.5993046830815,1520.0376298505241,1508.8053155646903,1516.462673019613,2755.6771418430703
2024-11-05 09:45:00,1478.3420956525415,1482.5768565724243,1473.4716386104817,1475.0783267659936,3535.165409902586
2024-11-05 10:00:00,1465.9019974573691,1472.1973337517925,1461.4373700210851,1468.1944361960243,1970.4974362721625
2024-11-05 10:15:00,1469.201686694155,1474.5895074825526,1461.085529342792,1470.7835228863482,677.5393434909186
2024-11-05 10:30:00,1467.331092622122,1476.0392381568786,1469.2989056852816,1471.2254326314012,9747.750754703657
2024-11-05 10:45:00,1470.7320019093256,1468.5397394899996,1461.7099247015049,1466.2004683375055,1492.4917274072614
2024-11-05 11:00:00,1449.9703752384012,1459.900875510315,1445.9014788382203,1454.2082703311273,1565.2953139385927
2024-11-05 11:15:00,1435.6634832874938,1441.8884403519296,1429.816886890842,1436.6080820687855,7066.9122946438665
2024-11-05 11:30:00,1438.5572963839327,1446.390521967401,1432.876002711499,1438.6691735558763,3602.634290839717
2024-11-05 11:45:00,1423.5369442991262,1429.1382300550754,1420.1681546524724,1422.6305425618084,1711.900381690406
2024-11-05 12:00:00,1459.3560577099593,1466.1950817374363,1451.9794471270407,1456.8688314437481,7601.948706466193
2024-11-05 12:15:00,1461.7325856754055,1462.9972049686598,1452.0610835389487,1460.3820232144285,6572.983424428972
2024-11-05 12:30:00,1453.0595853240984,1453.1717887727018,1442.8237941744521,1448.3456256546572,294.11390556065356
2024-11-05 12:45:00,1474.2275793557058,1471.7009347609421,1465.0607170490262,1473.7055535098389,3017.327769087633
2024-11-05 13:00:00,1463.3026308301135,1466.3053212339214,1458.3275662590577,1462.4151325108692,8095.697508966447
2024-11-05 13:15:00,1456.8911324991595,1468.482016263896,1455.9814560026325,1462.4727365446713,3746.7590457213387
2024-11-05 13:30:00,1469.969808617989,1476.2468277506207,1468.603888457311,1472.2907775665576,2369.463168138551
2024-11-05 13:45:00,1486.465224263563,1486.6206987309738,1476.771003494678,1482.0204025953722,4283.213204088529
2024-11-05 14:00:00,1471.805528307453,1480.9736948121626,1467.7030254388499,1470.627947595534,627.0760622361802
2024-11-05 14:15:00,1476.237637469279,1482.6209661218847,1470.4270436744735,1478.778736995727,142.77373476665434
2024-11-05 14:30:00,1477.4055608097783,1480.0960403865383,1470.4441526206458,1478.138824233065,4917.052189773634
2024-11-05 14:45:00,1478.4320769337407,1480.717879544669,1471.5493327780664,1470.9359865934257,319.30785950702733
2024-11-05 15:00:00,1484.1992938964252,1494.2236926118123,1481.1108111436965,1489.5550237480165,6632.666851020343
2024-11-05 15:15:00,1477.5295274268694,1479.5734259833678,1468.1190102326937,1477.1023975727235,9306.551434326922
2024-11-05 15:30:00,1486.5567971792461,1497.12646242201,1482.974301127628,1493.306993980522,8487.44353322559
2024-11-05 15:45:00,1503.0292901294504,1506.9976762369704,1500.7694517631105,1502.3964895697045,6875.619329105118
2024-11-05 16:00:00,1496.261247181348,1497.2539237398564,1490.4900720594248,1492.2866230620396,8247.793595970805
2024-11-05 16:15:00,1492.9882574418484,1495.6628158311914,1485.9056049411124,1496.2092827431334,2850.2364903231796
2024-11-05 16:30:00,1488.0093884081298,1489.9383512268678,1477.2502650582608,1482.5563410055609,8058.027578372995
2024-11-05 16:45:00,1494.1739899393126,1498.69160705059,1485.5767912371264,1496.9980298869057,2874.732807502925
2024-11-05 17:00:00,1492.2254972882868,1498.848116716133,1483.2629762080487,1495.6096643109033,3598.744632563717
2024-11-05 17:15:00,1489.1943615139094,1501.0005127364134,1485.9667821772955,1491.0121977326828,2745.5434934622335
2024-11-05 17:30:00,1513.6261432755102,1516.2950018002389,1502.6053534288858,1513.9405303428891,7147.0591260496185
2024-11-05 17:45:00,1533.1791723457263,1536.8125440455412,1526.6404902637555,1531.4685821882981,3580.1009833532944
2024-11-05 18:00:00,1521.8298405015644,1529.6298954878202,1516.1723844250791,1526.3285621747996,9120.149205544603
2024-11-05 18:15:00,1511.5194262955106,1518.0288813559098,1508.6822904557457,1518.4880776159337,7870.148631278594
2024-11-05 18:30:00,1498.1714381879174,1504.882284885383,1493.8346217680605,1496.7044482359788,7867.370257276149
2024-11-05 18:45:00,1503.6167554592403,1507.3680485624557,1500.9428791533373,1504.3470077413774,8328.275316493013
2024-11-05 19:00:00,1485.0913885547998,1491.95802708605,1476.487703665285,1482.5493584991036,7750.483637923172
2024-11-05 19:15:00,1482.6337430344604,1485.5083405528678,1480.1682616911207,1480.7211346520764,710.4708991820114
2024-11-05 19:30:00,1491.605106359561,1496.8304315497617,1485.4439573669356,1489.5830330876354,4460.478272312075
2024-11-05 19:45:00,1499.5263618950285,1510.3516350140296,1498.1028313809654,1499.801608340795,3855.3725183509882
2024-11-05 20:00:00,1501.1653781296045,1503.3608015308262,1494.4024278309653,1498.396109287338,6423.30282838434
2024-11-05 20:15:00,1514.1572947039435,1515.209924923699,1506.944781738041,1515.4006244319182,619.1503168094738
2024-11-05 20:30:00,1508.3600149480612,1514.3745171778694,1504.5713776762104,1508.3828543909226,3493.2812514391712
2024-11-05 20:45:00,1514.8063109097345,1518.1710902407217,1506.124580609353,1516.9427889433434,8922.228662761463
2024-11-05 21:00:00,1524.804722120174,1528.8271234539732,1520.4720599397588,1525.5409102886172,8103.468922103124
2024-11-05 21:15:00,1543.40025035037,1543.8734346477838,1532.7982715591293,1540.9471854838396,5813.91499331377
2024-11-05 21:30:00,1536.6529715985992,1539.4408541507496,1529.516182711268,1540.571045159084,3218.447823791543
2024-11-05 21:45:00,1544.3822757832932,1552.867500306878,1540.7201353820594,1544.1214860352334,880.7390080623774
2024-11-05 22:00:00,1515.3870794811094,1519.1673793388534,1511.145380447962,1514.7754041039288,489.44044993045145
2024-11-05 22:15:00,1557.981307453447,1562.2471820821297,1554.704900524479,1559.5679157170343,1259.1811447971036
2024-11-05 22:30:00,1537.7994701862453,1543.7386669903594,1530.5667191706439,1538.5887349769355,8897.590617410684
2024-11-05 22:45:00,1533.4453635334103,1538.9188478196734,1530.8516118250936,1539.7949017436142,3318.2872755310696
2024-11-05 23:00:00,1547.9337365046795,1555.579055697309,1545.764170690583,1544.1544856651756,9154.68969956511
2024-11-05 23:15:00,1551.4884630677348,1552.4690825508749,1546.0813682621886,1548.0348706943373,1134.3208524418803
2024-11-05 23:30:00,1516.0722751732912,1521.3943054440676,1511.1439693910313,1514.7088996435184,3679.7856683214013
2024-11-05 23:45:00,1530.673137061816,1533.214675390773,1518.9449057314557,1522.4032187365374,7028.726096304005
2024-11-06 00:00:00,1528.1667731228351,1530.7842835844308,1521.3756803290228,1522.8023584395955,3927.220546419398
2024-11-06 00:15:00,1534.2763298817301,1537.0560661961395,1523.903720170302,1534.6389841190894,7778.9303254742
2024-11-06 00:30:00,1547.5635324827986,1551.7593254431076,1541.3030646162588,1547.2157644601032,921.760600980869
2024-11-06 00:45:00,1542.7438637048954,1551.3778930523283,1540.1900346000064,1546.7840840483946,8253.10073280557
2024-11-06 01:00:00,1559.2440228646847,1558.5360334416312,1549.4561534901738,1557.3223866554006,4044.099963668549
2024-11-06 01:15:00,1553.9623728826477,1560.2266788851157,1548.5777756676723,1550.3610840007636,9528.702774398496
2024-11-06 01:30:00,1544.337218518032,1554.115388658958,1543.011576216891,1546.1605711951827,6325.09822544159
2024-11-06 01:45:00,1560.8267183278501,1567.4590927071679,1557.2078061764705,1561.4829788645927,7440.035149631302
2024-11-06 02:00:00,1573.0097403702684,1574.6060549818128,1562.8930082895583,1573.9908163383625,1503.4938561986787
2024-11-06 02:15:00,1575.9622203471545,1577.7644832943313,1569.0599334349172,1576.3503717012204,7598.597965608184
2024-11-06 02:30:00,1567.056580132476,1567.1725919717444,1558.8278105703807,1563.295287331742,9174.236490061066
2024-11-06 02:45:00,1582.4864161074192,1587.7983081829962,1579.8515562979476,1577.6314662440643,7381.651471546118
2024-11-06 03:00:00,1590.8789462370903,1594.5271631652279,1583.4770683680658,1586.8805653175198,5500.708904450972
2024-11-06 03:15:00,1588.8777429449456,1595.2902357833846,1585.0198047638637,1588.5378195743565,4967.755520287061
2024-11-06 03:30:00,1568.9829194343263,1568.4367271033275,1561.6476828605407,1561.827192918476,2409.448584728229
2024-11-06 03:45:00,1590.86850153218,1600.2327475983577,1587.2402679874058,1595.8965873517006,7370.699398434225
2024-11-06 04:00:00,1594.2793539161505,1598.038803802998,1585.2189890437032,1587.4349620817434,2746.532748700643
2024-11-06 04:15:00,1591.4534698205746,1597.780711450146,1593.4583470566788,1595.463679936502,9642.66410616475
2024-11-06 04:30:00,1600.378635298253,1601.5913465513945,1588.7280300800087,1592.4885551325797,9478.795937563937
2024-11-06 04:45:00,1595.500575990319,1605.4583233533097,1593.026352235212,1595.6161133978007,1937.6682297767052
2024-11-06 05:00:00,1585.191929399377,1595.0178976089512,1579.8209854804009,1592.378563662298,1421.5304923152003
2024-11-06 05:15:00,1582.149035531779,1593.0737475526814,1579.6190992876438,1588.853383499865,8514.462307725706
2024-11-06 05:30:00,1598.7459312337382,1606.358357260877,1596.0961380595995,1600.9979835008442,6896.35518589826
2024-11-06 05:45:00,1610.122427426006,1614.017539231533,1603.5871724685396,1605.9566887823817,9178.557410375917
2024-11-06 06:00:00,1596.486894718046,1601.670050100878,1591.9815882867824,1590.1810106763767,5932.445871664542
2024-11-06 06:15:00,1574.9380593471813,1579.0234258743292,1565.215830693567,1575.5921772492118,6092.225128575859
2024-11-06 06:30:00,1545.8040454709792,1552.8852491684615,1544.0083174845472,1550.0093049663083,8155.176345096575
2024-11-06 06:45:00,1544.4932450274287,1552.9891621804154,1546.7787000748872,1551.8955032093966,1529.6229606258098
2024-11-06 07:00:00,1553.2164685421128,1558.033712234378,1549.8361597435237,1549.1558920181237,345.19589733311733
2024-11-06 07:15:00,1539.7554205918148,1548.8529216680786,1539.1774021553388,1545.5874063442031,2292.5152933874056
2024-11-06 07:30:00,1518.5174944045593,1524.9726174681932,1512.1434104606367,1519.1581032601243,9112.120808030311
2024-11-06 07:45:00,1526.9854733400168,1529.670057086809,1523.3219421431718,1526.9679085600383,9947.001946691344
2024-11-06 08:00:00,1494.4438235802152,1499.1305042641197,1488.2636280675315,1498.5946722472806,1170.447733788829
2024-11-06 08:15:00,1494.284018846617,1493.5284116366984,1486.6900787528016,1485.8253262123046,2560.287709814064
2024-11-06 08:30:00,1492.7043596024184,1502.3377761440786,1492.563117043831,1498.5688086832392,920.3901590961966
2024-11-06 08:45:00,1480.538202654691,1489.2806798301972,1480.1896814285033,1482.9911104037137,1027.4885659179356
2024-11-06 09:00:00,1489.7289784740947,1491.9851445719994,1481.4853742396404,1487.222770943057,8947.240973816813
2024-11-06 09:15:00,1476.7955218441305,1481.1624278181255,1473.2718458854977,1477.6541534511316,4171.750117647174
2024-11-06 09:30:00,1471.5201510583329,1479.1142299378766,1471.7063302356464,1472.5495353991319,4484.840907336786
2024-11-06 09:45:00,1448.821800636054,1453.5941039654192,1442.2170502192503,1451.3790173585205,9301.656942849648
2024-11-06 10:00:00,1447.8502487181056,1452.3403539361188,1443.7371995093872,1451.1209164937231,9988.864489774049
2024-11-06 10:15:00,1445.6363243174762,1455.0325749038611,1445.3288979036793,1449.854949401732,2320.4414550058896
2024-11-06 10:30:00,1444.0653826731218,1449.2027428053113,1442.6476988244963,1443.853049719393,6155.201800812475
2024-11-06 10:45:00,1445.0096741597758,1448.2280530863388,1438.5999209631461,1439.834492260964,8822.603471859196
2024-11-06 11:00:00,1446.1403100576738,1453.9508246476103,1443.2422444858187,1447.0258819064059,5372.273024536181
2024-11-06 11:15:00,1451.6309407925307,1451.334973651339,1442.8625605342086,1449.862321878505,1813.4558841814285
2024-11-06 11:30:00,1431.9773487480927,1441.1440778785761,1426.2266373687482,1435.1238894410078,5760.023459484721
2024-11-06 11:45:00,1421.3856112524593,1430.5478569753934,1418.2763984745702,1419.8531345257493,5845.205144599494
2024-11-06 12:00:00,1423.043023914885,1428.9368266137062,1417.621129008749,1427.949016312054,7710.452668760944
2024-11-06 12:15:00,1426.3947028324476,1431.100200610844,1420.2851857196224,1423.8173209410566,6111.067929665343
2024-11-06 12:30:00,1417.8496861865774,1420.1669971556946,1411.4951978778317,1411.8847306092744,2878.9065130113813
2024-11-06 12:45:00,1406.4836474764031,1412.2535366506927,1404.151187252746,1407.1209740098059,6041.04838275817
2024-11-06 13:00:00,1394.8287490116559,1402.1382201026613,1395.1220378412477,1401.289412658993,4464.84083332554
2024-11-06 13:15:00,1399.594900724091,1406.3408362710222,1394.764002177879,1400.4837982516062,9170.86415644951
2024-11-06 13:30:00,1396.8285164626066,1403.9912463175797,1399.281992524586,1402.836316535717,3850.8361090140943
2024-11-06 13:45:00,1405.5659008197254,1405.4094943910886,1399.5177652543,1406.3971564809137,7206.956571328713
2024-11-06 14:00:00,1425.9061416921306,1427.178562640268,1420.2402231841409,1421.7037973293081,9043.001832944192
2024-11-06 14:15:00,1423.9735319445724,1427.600768649143,1414.6074635075756,1423.3933423632157,8875.19077840062
2024-11-06 14:30:00,1425.8458278025112,1424.3925222579155,1416.875488426939,1419.4865153740368,317.61101596821175
2024-11-06 14:45:00,1381.9453176330567,1390.8768850400695,1379.4433290230045,1385.2548975135403,3623.9871048061573
2024-11-06 15:00:00,1405.3833320208978,1407.0124135276876,1398.0611996018995,1402.9181259917368,555.3498892784679
2024-11-06 15:15:00,1375.1028653976641,1382.9835360457416,1372.6158496526498,1381.6039132602739,5155.4150453615575
2024-11-06 15:30:00,1364.163687839316,1374.5617323915467,1363.8173693566316,1366.4742012412735,9180.660075088765
2024-11-06 15:45:00,1381.234040548726,1388.6947223164143,1377.6724044950267,1377.6461621147405,6548.379957730737
2024-11-06 16:00:00,1378.07227195539,1382.9502183078275,1371.783054752486,1373.4423700204113,3818.672066465787
2024-11-06 16:15:00,1378.3402887974225,1383.2796383493867,1376.3056517765967,1373.6915320249557,5061.033583256366
2024-11-06 16:30:00,1383.335574142297,1386.7031438857036,1376.7044543444954,1378.978085620358,4723.480897448867
2024-11-06 16:45:00,1398.2990907348985,1402.4165294210468,1395.04510352054,1401.4193282785623,6073.833344778648
2024-11-06 17:00:00,1392.8468802028663,1394.3673815728553,1381.609211132976,1385.2448538828746,3937.085719234732
2024-11-06 17:15:00,1370.599207555239,1376.6040920706885,1367.3395716584455,1376.398902733384,6370.644690406874
2024-11-06 17:30:00,1356.707521711205,1363.5042453204755,1356.6259148654779,1357.7451711882745,9189.448812090275
2024-11-06 17:45:00,1321.1755445985505,1329.1437404030273,1318.5093307670056,1317.3609273725172,7859.721844400459
2024-11-06 18:00:00,1319.3179361454982,1319.159032287872,1310.052360649908,1314.9938427176355,1889.1423864744886
2024-11-06 18:15:00,1308.460673639972,1310.419832973292,1303.9283195832675,1303.0023179320592,1325.3447363888422
2024-11-06 18:30:00,1292.568184967597,1296.3310193380994,1287.5434906890152,1291.3858221189766,7032.922473120493
2024-11-06 18:45:00,1313.2263064182494,1310.4204528472974,1302.204043365282,1310.3954288388434,8758.589498848669
2024-11-06 19:00:00,1294.613400294672,1299.7779581321251,1291.5609763138216,1296.463246650397,1870.9296616164318
2024-11-06 19:15:00,1330.7598518581915,1333.437871645169,1319.6927662132855,1326.366693250185,637.0050451978727
2024-11-06 19:30:00,1289.045592141879,1295.9603329117585,1287.4436935815834,1295.210272344557,2690.533808966551
2024-11-06 19:45:00,1296.3943313153234,1301.6861796573787,1288.3113095308524,1296.4682350164612,1586.1011673314063
2024-11-06 20:00:00,1285.8786789200678,1286.9102040244293,1280.7504349977598,1286.2172658614334,3835.7289763907534
2024-11-06 20:15:00,1297.444458357985,1307.4279540592493,1296.310977530964,1304.934376518758,8234.79937082163
2024-11-06 20:30:00,1299.635484659289,1304.718786418709,1294.1905699863312,1303.0453598987208,5394.080728667817
2024-11-06 20:45:00,1312.7401348985761,1317.4114911786385,1304.1152142013145,1314.6831589680614,5406.9602202193855
2024-11-06 21:00:00,1315.8343930988829,1314.3263754970926,1307.748243982459,1311.6919492507707,2522.312458670222
2024-11-06 21:15:00,1346.0930176960303,1347.0878362667218,1339.042775908587,1336.3912044375274,8217.480254322236
2024-11-06 21:30:00,1327.203750102161,1328.6351163309048,1321.0978958101027,1331.1496414194005,7692.955644761724
2024-11-06 21:45:00,1318.4313513789562,1326.1016238020854,1315.779777096881,1323.0701974892331,4116.745367975896
2024-11-06 22:00:00,1327.2247391746787,1330.7606865508412,1315.462365995942,1325.8435810804192,7063.508452260098
2024-11-06 22:15:00,1308.4377611370046,1317.5038844934431,1308.2582349227064,1309.7274235280886,8277.598524552155
2024-11-06 22:30:00,1294.8153077614907,1301.522171016142,1290.2352758358834,1300.357036123289,8939.492798948888
2024-11-06 22:45:00,1316.3308294116694,1320.9168426358285,1311.1329727465156,1319.6263342509396,3405.413703912118
2024-11-06 23:00:00,1329.6475236557922,1336.9904906104596,1327.0884719820888,1332.927109203787,7081.7219057315015
2024-11-06 23:15:00,1323.5495245468758,1331.9734086809099,1325.110259328397,1332.9051072413486,7512.481442430437
2024-11-06 23:30:00,1319.080332589211,1326.8825836606438,1319.8145018181685,1320.8165809685388,5945.126604536094
2024-11-06 23:45:00,1327.7216965589926,1328.458558082874,1319.6066638677567,1320.740759012619,4815.01464701406
2024-11-07 00:00:00,1311.097632098783,1321.6619037748535,1306.8219435859835,1313.268681366293,1767.6638757901144
2024-11-07 00:15:00,1342.2701206884853,1345.2808626083784,1339.6498603263642,1338.2966460486255,5420.224156856416
2024-11-07 00:30:00,1355.3236000660004,1358.0651625161536,1350.1698289820515,1349.0192438498823,5252.5980331313385
2024-11-07 00:45:00,1361.9142492015453,1368.3331870823217,1359.1145735654447,1362.5029811236404,4467.085461750556
2024-11-07 01:00:00,1367.8419223502149,1376.7734944734982,1367.0427394822307,1375.794022611229,9099.90685909462
2024-11-07 01:15:00,1355.0199032688197,1352.957194472837,1344.5995464025148,1355.3262949867706,2606.1284564752036
2024-11-07 01:30:00,1383.0718857824972,1389.613432713809,1377.5301068500821,1378.2861820039295,5001.269835337644
2024-11-07 01:45:00,1394.8993680651297,1397.5838771029478,1392.2406403446707,1391.2221532641731,5214.55162600653
2024-11-07 02:00:00,1378.9793277074793,1379.378219518313,1372.8258244696585,1375.3762382689006,2013.8984625517257
2024-11-07 02:15:00,1374.109732986336,1378.234133481212,1367.4500830006266,1374.283543251019,5949.790506163356
2024-11-07 02:30:00,1361.3836735630857,1362.983322192452,1355.0982924663115,1355.552208732763,6104.943834185707
2024-11-07 02:45:00,1344.2530812077468,1344.1919563014883,1334.7475113519683,1342.5627556388727,5455.209248618124
2024-11-07 03:00:00,1347.7240194011338,1349.5841256580986,1343.9762028504126,1343.1252282909684,724.3578458653081
2024-11-07 03:15:00,1310.5303125792177,1317.5786964528932,1307.8566342337501,1311.0960448750611,8343.746523234777
2024-11-07 03:30:00,1320.8335021884843,1328.7508444113066,1315.2550483418688,1317.3112365578654,8201.494416349353
2024-11-07 03:45:00,1313.041306691457,1322.2815681371767,1307.8066367628396,1318.3776286298043,4519.200515744965
2024-11-07 04:00:00,1338.6675836622283,1347.0765907380257,1336.020479000682,1334.7795037175333,3769.6257282427564
2024-11-07 04:15:00,1351.367787667703,1355.4988212236854,1347.9034060279519,1351.4062866177906,252.20298679434325
2024-11-07 04:30:00,1363.878225834423,1369.4939089819468,1364.546421950322,1362.3117548644577,4342.515469373317
2024-11-07 04:45:00,1362.40290521614,1367.7156415913112,1358.3347077430233,1364.7401457753867,1010.8115906937078
2024-11-07 05:00:00,1357.9510683680637,1360.0667633244084,1348.6447190295335,1349.137817136113,6935.578305476066
2024-11-07 05:15:00,1373.005832233709,1374.664522202674,1366.023812675127,1371.619760400832,3090.2077065186877
2024-11-07 05:30:00,1400.9881492075583,1409.3034367095156,1398.7569338997234,1404.6164049196145,7778.472018938281
2024-11-07 05:45:00,1415.5998851799584,1427.0502039937653,1417.7915550679777,1420.9425956254477,962.4871493991901
2024-11-07 06:00:00,1425.657357602732,1430.2342640033662,1417.3310639110184,1428.698620677062,7514.936176982459
2024-11-07 06:15:00,1422.6137712892241,1428.8394377456452,1417.308528869993,1428.3109091646893,9836.634844280186
2024-11-07 06:30:00,1440.867739647184,1448.9843539752758,1434.7736785940094,1441.1910077088587,1374.5386011371231
2024-11-07 06:45:00,1445.5444281357595,1455.5545543822218,1439.802437849622,1443.564946738353,1990.2446651013056
2024-11-07 07:00:00,1473.1615584252004,1477.2410459878693,1467.044274129397,1470.8022973524248,3905.413377441296
2024-11-07 07:15:00,1451.8603690452492,1458.2155413443481,1445.3744512369015,1452.9992900435764,3098.905534630412
2024-11-07 07:30:00,1447.603416642256,1452.0632333639153,1440.9519845557656,1445.3889080098909,3879.2613706107754
2024-11-07 07:45:00,1425.8751321993345,1431.6887893095327,1422.444075767401,1426.1279408634996,2250.165253177325
2024-11-07 08:00:00,1433.5506512171319,1433.8419661832568,1427.1453378391857,1431.988860067267,457.94294076272746
2024-11-07 08:15:00,1422.9638795183703,1422.4228581682087,1413.206243961897,1415.648317759608,8194.823221136718
2024-11-07 08:30:00,1443.835725812359,1448.1737970859006,1438.061327310243,1443.783586580601,2334.2873982749943
2024-11-07 08:45:00,1461.218572645461,1468.9249508832133,1457.099421553186,1459.5779826627604,6342.320355714569
2024-11-07 09:00:00,1453.2087339101427,1454.7648574774412,1443.8238353602055,1448.6925984876173,466.48102632388327
2024-11-07 09:15:00,1466.0585295942408,1467.5788925361621,1458.9504664011392,1469.2837139628994,1892.2058963162253
2024-11-07 09:30:00,1437.4046539312906,1442.272256387579,1432.2154806562248,1440.5295083331796,2716.4397925411895
2024-11-07 09:45:00,1424.9754867798554,1432.277634922943,1425.1063461190142,1430.9898831216397,4509.864107841765
2024-11-07 10:00:00,1438.787799642203,1442.6700848369737,1433.6680906336214,1438.6457934654557,841.1917588193749
2024-11-07 10:15:00,1441.5474598957962,1446.4999902403188,1439.1794562954267,1437.6632797149034,7776.588316827087
2024-11-07 10:30:00,1444.5288877238524,1443.8783525071763,1434.390671432643,1441.121033177743,9458.460087219208
2024-11-07 10:45:00,1429.5861260898407,1434.1598261576216,1425.3429880756164,1428.1197623220994,1535.173634019116
2024-11-07 11:00:00,1446.2671812311557,1450.2477550117578,1442.190770466358,1446.2005096660425,5161.9631923535
2024-11-07 11:15:00,1444.8058499303706,1451.909346041338,1440.3573172568572,1444.5945217606727,9689.07744577689
2024-11-07 11:30:00,1458.022869330573,1460.4451266324386,1453.6856594268577,1462.5595155752342,6090.030023772576
2024-11-07 11:45:00,1448.6510339565025,1449.3323829393366,1440.1359822870475,1444.139257063681,9098.455249078508
2024-11-07 12:00:00,1423.0656261068175,1423.9881192293212,1414.7747372625788,1422.1021874030423,1327.7039079844021
2024-11-07 12:15:00,1410.1094014015064,1413.3703887570734,1403.2342800930164,1414.3902284741541,9763.784462129213
2024-11-07 12:30:00,1426.8525024655055,1433.9380399401653,1426.0591864265073,1431.3103742288192,8250.138934797884
2024-11-07 12:45:00,1427.3052486666272,1429.4293724221823,1420.3785670562143,1419.6368525151759,7391.147739565985
2024-11-07 13:00:00,1427.3072790382284,1426.2014889477891,1418.5294319005084,1424.7655032853875,7321.031009118476
2024-11-07 13:15:00,1417.3486908775756,1421.1417707631028,1410.2833195615076,1415.2386826802542,7448.218742630714
2024-11-07 13:30:00,1401.316602369256,1403.400996454712,1395.1390975579443,1393.0383791071404,3896.3927007295188
2024-11-07 13:45:00,1405.747099460002,1415.2771000078603,1407.5647816442133,1414.8008121016132,7907.832417764944
2024-11-07 14:00:00,1430.1401318549958,1434.3056719087074,1424.0977067915635,1429.7251250558072,1541.1197167395198
2024-11-07 14:15:00,1435.769917757549,1442.764058167654,1433.1813193848584,1434.6155730242554,2502.116520286641
2024-11-07 14:30:00,1434.7043018519005,1438.899853416969,1428.925036577958,1435.7013924610928,153.8176092733933
2024-11-07 14:45:00,1448.160695198239,1452.7075958660655,1442.7823622634,1452.718825549979,1017.8554333971117
2024-11-07 15:00:00,1436.1329357373038,1443.900348972906,1430.4447288782499,1441.0932462571834,9801.125459518584
2024-11-07 15:15:00,1442.0329914672152,1446.896665686088,1433.4187025480771,1435.7901601447404,373.9134491623519
2024-11-07 15:30:00,1432.0791754956413,1440.329310557171,1429.7532088779249,1432.494024306207,562.076250551961
2024-11-07 15:45:00,1432.4159473738052,1432.3302801524192,1423.120934861103,1431.2454367314215,4906.258205454182
2024-11-07 16:00:00,1432.1679692968048,1442.7079427376973,1430.5049680472623,1434.6396892148707,5548.531795055151
2024-11-07 16:15:00,1422.7203933409676,1429.9893442670239,1419.317631570078,1422.1943837617969,1949.5984949900178
2024-11-07 16:30:00,1443.8711836181988,1448.6412309344325,1436.557495181762,1444.9732280234873,4707.273471593217
2024-11-07 16:45:00,1430.982317263845,1433.8275997150874,1421.436883716872,1424.5416343075028,3843.1293751536064
2024-11-07 17:00:00,1407.8875757448336,1417.1865387077712,1407.6223879998274,1413.958783862723,8297.659241753268
2024-11-07 17:15:00,1408.5769834564053,1414.4352574955194,1404.4961556868957,1412.3089882982667,3662.198177648562
2024-11-07 17:30:00,1419.1465390697595,1422.5369040325554,1412.5009068267952,1418.7559961891636,5232.908139015744
2024-11-07 17:45:00,1430.3035279421413,1436.3249969688568,1429.7553106695768,1428.1775048596273,824.0597615543364
2024-11-07 18:00:00,1425.5917067935893,1431.1767770755189,1420.8328670624362,1423.2596564537005,2587.232539629553
2024-11-07 18:15:00,1431.9561070740417,1432.8856634626916,1421.2816996111796,1425.2368156309856,3178.7095525460354
2024-11-07 18:30:00,1445.308742269541,1450.1487790307183,1440.7202291214676,1447.3421435013502,7132.070284981646
2024-11-07 18:45:00,1449.7138420797903,1453.6815054116985,1443.9097587877243,1451.1727633636056,6781.130322808561
2024-11-07 19:00:00,1455.0160498089185,1466.1238566466468,1456.8747496457827,1463.0196417651896,1129.1381746656039
2024-11-07 19:15:00,1460.7855586928438,1462.3977859094375,1451.0602259041616,1454.6575254287106,9188.686032457552
2024-11-07 19:30:00,1439.9539120562242,1445.0076578915637,1433.88040631336,1438.6088256775033,1669.8993235690855
2024-11-07 19:45:00,1407.943280005587,1413.12631577046,1400.2646518263884,1403.8111076700825,5129.9729893542335
2024-11-07 20:00:00,1419.1816666420514,1430.1292299905813,1416.5986132787589,1420.4790420279242,8779.692007364718
2024-11-07 20:15:00,1427.1069907821668,1431.4237258777848,1420.8876123765854,1423.641399443461,2400.733716849662
2024-11-07 20:30:00,1461.141533572698,1469.2288794008634,1456.0450920090675,1458.8099301329,9995.631113220417
2024-11-07 20:45:00,1478.37194450336,1480.8239075258878,1472.3697192591146,1481.514825952036,1467.707412598865
2024-11-07 21:00:00,1469.8375149890014,1475.574423284728,1465.1600573097614,1473.3076532146893,5423.710785241282
2024-11-07 21:15:00,1470.850603688254,1477.1873636482005,1463.2994540202496,1475.260846235359,5410.574809083586
2024-11-07 21:30:00,1470.1714385160967,1471.3735024068383,1460.5866389580926,1464.9260085542269,9860.056080196291
2024-11-07 21:45:00,1466.8926672347438,1472.7065147549456,1459.5379240235873,1468.8050740199292,5756.018711995878
2024-11-07 22:00:00,1447.9656926949037,1455.1550941054804,1446.8556238479837,1448.3830171810273,8881.888344281719
2024-11-07 22:15:00,1443.5143780238707,1454.1503869579838,1441.3955661641605,1441.4233950043972,6185.953788286507
2024-11-07 22:30:00,1434.9255856423165,1438.773567676233,1431.3382220757758,1439.111492646321,556.623350079281
2024-11-07 22:45:00,1427.6584451971305,1434.8503639589017,1422.7178265266018,1431.9691108489185,2166.2638324730997
2024-11-07 23:00:00,1414.462552856119,1422.7416291945601,1410.590911564021,1413.159616066241,203.73514097483624
2024-11-07 23:15:00,1394.5090897061211,1399.7019327816702,1391.9157106527307,1399.4154013248533,3417.66305395954
2024-11-07 23:30:00,1397.1907848042035,1397.9118499988133,1390.5496741138566,1396.9980855724798,5722.124389410352
2024-11-07 23:45:00,1408.4347833072497,1415.0342085308253,1404.3724301010436,1412.2535647439036,8750.339281180266
2024-11-08 00:00:00,1407.9854392413276,1414.279167301099,1405.8034216125345,1408.780377599649,2839.4198229465596
2024-11-08 00:15:00,1404.4266182656957,1406.5553319752428,1393.491519825474,1401.6271959344454,8702.682258126963
2024-11-08 00:30:00,1426.0698752624053,1425.9458266494903,1418.7619581675904,1420.1783410600192,1996.5383526629273
2024-11-08 00:45:00,1444.2155287551493,1445.0268318361136,1437.6238895326148,1444.462186594697,2378.1343174233266
2024-11-08 01:00:00,1428.1266752305512,1436.0905820910903,1426.7505547163992,1430.831355187354,8025.6491072467925
2024-11-08 01:15:00,1418.7536489826214,1425.14854603258,1418.7452004633183,1420.6473823528947,1358.6570790035519
2024-11-08 01:30:00,1395.7822549164132,1405.3670093775124,1390.5381992874943,1401.0184936862788,923.6807561090866
2024-11-08 01:45:00,1415.271780616088,1417.8185605536048,1412.2355421163566,1416.8209322753255,7684.472444180275
2024-11-08 02:00:00,1432.7667317614455,1439.2190428438375,1425.5558414184407,1436.9567216624698,4844.7555584894135
2024-11-08 02:15:00,1434.8420698111977,1441.0835656510903,1435.5865016571754,1441.8420785460926,8823.217465572061
2024-11-08 02:30:00,1437.3580709236085,1447.4932592270716,1433.8791082110827,1443.3558769769666,6441.500474421921
2024-11-08 02:45:00,1450.179259764404,1461.0717142575168,1448.6015544697873,1453.5005456084245,352.9988987305827
2024-11-08 03:00:00,1442.7662074176087,1452.745784241847,1439.287804711752,1442.2997685077296,7954.9061008462795
2024-11-08 03:15:00,1436.9324830566698,1435.227932445335,1425.598630510944,1431.896782666309,6310.617539241908
2024-11-08 03:30:00,1436.0482386102597,1442.257394676466,1426.9678067381478,1437.0194968673393,7682.2908668368145
2024-11-08 03:45:00,1425.4819508210599,1433.2644146708824,1423.9714314735397,1427.1599961555842,1446.783032117285
2024-11-08 04:00:00,1406.6578652276967,1408.8683440157645,1403.157302070265,1407.4740658832577,3221.195976209817
2024-11-08 04:15:00,1412.5727620165094,1414.0322017440012,1407.961581885729,1407.7099268382187,5700.671595285637
2024-11-08 04:30:00,1399.5786700928943,1400.8379906864739,1393.4992948764507,1401.0480778625392,752.5017516929556
2024-11-08 04:45:00,1372.7523925540193,1377.3857470911735,1371.3072073760748,1369.878123173484,1723.7134772335428
2024-11-08 05:00:00,1377.618851378458,1378.5096808904273,1370.8891987360985,1377.9007544288995,2967.118697780419
2024-11-08 05:15:00,1369.019244143463,1371.8718127050613,1358.157769485986,1366.0009652585043,3202.484075451833
2024-11-08 05:30:00,1380.2103459703833,1385.427492575569,1374.7196621381956,1381.6933070234118,1409.677794671439
2024-11-08 05:45:00,1365.699514310989,1373.0952463982028,1367.5954560105154,1373.53770136902,1476.1825678852204
2024-11-08 06:00:00,1378.0950064181548,1381.5928583890523,1368.7408448130877,1375.092497272209,8465.658474961136
2024-11-08 06:15:00,1363.311043457906,1371.6181156966034,1363.9565847308722,1366.5063352180393,6991.020316557247
2024-11-08 06:30:00,1370.941434253672,1371.7443952550543,1362.4080712163639,1369.3996492210906,1699.728395795559
2024-11-08 06:45:00,1358.9514515854012,1366.1420163506366,1355.0110774371294,1355.8136152693028,8999.939940080454
2024-11-08 07:00:00,1368.6374361267885,1367.6106063250456,1356.9015330394247,1364.260916390004,9062.257627370303
2024-11-08 07:15:00,1353.5315718765057,1357.4834192165322,1348.4980820834699,1350.7567941669238,670.8377597370682
2024-11-08 07:30:00,1367.0401007169796,1367.6036446344217,1358.0182224862704,1361.0223795320258,8483.60556328945
2024-11-08 07:45:00,1355.9154028587006,1358.2064288874685,1350.757717853438,1351.8268065124598,3903.165376205254
2024-11-08 08:00:00,1366.2279375926694,1377.7693047313928,1365.3428500646335,1374.9949918274892,5982.050811275223
2024-11-08 08:15:00,1377.234662204961,1380.8049803622719,1373.3351733755148,1377.5710539342754,1345.1752052466916
2024-11-08 08:30:00,1379.825992135983,1381.4883238506693,1371.4642990722427,1375.7126518086054,8060.271629320004
2024-11-08 08:45:00,1353.749936710274,1365.2800613291324,1354.6994119235676,1363.220100397679,7180.910101678396
2024-11-08 09:00:00,1377.7880385225135,1383.0083555095975,1373.0187869019783,1381.1116421343445,5779.421375803222
2024-11-08 09:15:00,1411.6097882228792,1424.0591922035603,1409.6667317930292,1421.0240376094673,8611.590807389251
2024-11-08 09:30:00,1398.0364636247928,1398.0576045130756,1391.6619754546687,1391.520284126187,9766.589218661295
2024-11-08 09:45:00,1389.5964072910115,1399.7184411846483,1386.5511901151106,1398.499987962046,8702.988916946366
2024-11-08 10:00:00,1427.17814579324,1426.8840956896033,1420.0612747220557,1422.68857898013,9852.306889907835
2024-11-08 10:15:00,1422.2741952089589,1430.678800580305,1423.4144728785163,1431.787372502671,238.49724619323146
2024-11-08 10:30:00,1415.6238589905543,1421.6344889579912,1414.886760715352,1413.251477925322,7090.833255423831
2024-11-08 10:45:00,1445.4565411233102,1456.2898780268342,1444.061201774548,1444.7652354563927,6698.521480500903
2024-11-08 11:00:00,1426.542964979743,1429.8836085222792,1418.3264860829204,1425.4394495026845,8756.6311318222
2024-11-08 11:15:00,1425.5045000503842,1435.5268679979329,1421.268884437362,1429.1144793423339,3969.7430197159906
2024-11-08 11:30:00,1424.8086846505405,1430.9937176561093,1418.9237020230132,1423.331747320599,2752.740222254089
2024-11-08 11:45:00,1423.4257253985932,1424.432036358795,1415.686563672027,1417.5102809866012,4650.895185653234
2024-11-08 12:00:00,1404.3638866312228,1410.9474213602546,1400.3752467199022,1408.044676997986,8260.991684726829
2024-11-08 12:15:00,1435.4459509792016,1443.4756464301158,1430.2228045230006,1440.454305765919,9986.971827050585
2024-11-08 12:30:00,1425.2870808891685,1426.2353547276728,1416.3844590553335,1418.0039683461712,1313.7912315427209
2024-11-08 12:45:00,1436.3750632085266,1443.1014957932045,1432.2097231878238,1436.742034599735,9236.976262252381
2024-11-08 13:00:00,1441.0458956769535,1441.2064154151456,1435.1976109399716,1437.8511888572127,7106.864739042589
2024-11-08 13:15:00,1427.3481131032281,1427.9233943772513,1418.8026823792786,1419.9758242657317,3461.3394998769954
2024-11-08 13:30:00,1421.8765366628193,1429.1963038409526,1419.917652923709,1421.9716731673232,8396.193787538965
2024-11-08 13:45:00,1437.591696888566,1446.7870901082063,1436.9264737096667,1438.782613906148,4144.170541699357
2024-11-08 14:00:00,1413.3414917358468,1422.1625065626336,1408.0464247143807,1415.5514494474603,7822.066811135627
2024-11-08 14:15:00,1402.6153023210786,1410.866368041383,1403.7230113221513,1409.421811665179,1659.554173637098
2024-11-08 14:30:00,1386.7182667475734,1392.1363343520284,1385.80957839996,1387.7596192739086,4193.486865418195
2024-11-08 14:45:00,1393.1429706873275,1401.2820007007488,1394.724360715639,1399.048735629023,5897.278333671562
2024-11-08 15:00:00,1392.694994340711,1399.895576235973,1393.476292725732,1399.6090577193593,1802.4806051445878
2024-11-08 15:15:00,1395.6323181608589,1399.76701229507,1387.7442232766316,1394.802640247928,593.0247136400053
2024-11-08 15:30:00,1400.8611462153522,1405.3407214795207,1394.7173415040404,1401.5827230262719,9458.093815706672
2024-11-08 15:45:00,1407.8305720569838,1416.2090991760747,1405.4954722925181,1410.9458726776747,3196.105241829136
2024-11-08 16:00:00,1418.0048293302389,1419.5539854972817,1411.3968180645124,1412.9371858197633,5244.2519940208
2024-11-08 16:15:00,1401.8128533856623,1407.6198866466439,1400.30234444552,1403.7048519320806,2484.5466342459777
2024-11-08 16:30:00,1401.4035006543925,1405.3043739504035,1395.3557964757094,1402.7531053081307,3444.830330828608
2024-11-08 16:45:00,1413.9200091856785,1419.147603183647,1409.5253656432058,1421.0527532726026,3630.2565196969076
2024-11-08 17:00:00,1433.8177514281067,1433.5979343589563,1425.5530953389489,1424.9028682475287,8199.468123929728
2024-11-08 17:15:00,1440.7491047761032,1447.8176170167126,1437.0844123039114,1439.0406162585384,1421.4169887339572
2024-11-08 17:30:00,1440.7762217429336,1444.3565320166035,1434.4388505427871,1439.0344731232885,8054.373102840521
2024-11-08 17:45:00,1415.0153563091756,1419.4958923539382,1411.9859144989712,1415.2887206653645,1591.52935117644
2024-11-08 18:00:00,1428.4522207024477,1439.530369259814,1429.0403837849528,1437.3977002522126,9872.708654365095
2024-11-08 18:15:00,1447.4386998698822,1449.8849132004289,1435.2562871829234,1441.7880180652608,5424.519314617995
2024-11-08 18:30:00,1445.298381671814,1449.1437190100062,1438.6896155246802,1446.8650208596507,8818.045591124464
2024-11-08 18:45:00,1469.2984360552282,1469.2689717842302,1457.317703341411,1469.208281600701,3664.505970539286
2024-11-08 19:00:00,1464.8461279242422,1468.7832321744638,1460.7939238908227,1463.117822643877,6906.973580151323
2024-11-08 19:15:00,1483.5022424918063,1490.9347802748769,1482.27359276224,1488.5297858718673,7556.036513068288
2024-11-08 19:30:00,1482.1929143250306,1490.2192340878178,1482.9367554074865,1488.8530093610404,4564.584261433975
2024-11-08 19:45:00,1484.3694207735753,1486.5287154068596,1477.854870564973,1478.5656516241954,4343.1634051815545
2024-11-08 20:00:00,1483.4814316627744,1493.3779283738297,1480.5967955913902,1483.5920284073218,9402.50506797934
2024-11-08 20:15:00,1477.8790687333583,1476.832710652166,1470.4409022512737,1474.382996938793,2223.8733206631887
2024-11-08 20:30:00,1471.5010215121918,1477.3284254296113,1468.8753935845511,1472.6896323812643,6556.076738268883
2024-11-08 20:45:00,1501.101505347154,1505.6713821772862,1497.8460418669667,1496.3011643726354,2536.6258748722976
2024-11-08 21:00:00,1500.1386514489627,1506.0010951450151,1497.407211085797,1505.4361448439504,3466.7151465625325
2024-11-08 21:15:00,1523.56564559396,1531.4416467107992,1520.7431304006245,1526.0985420652737,3483.6882871377907
2024-11-08 21:30:00,1520.3415629286583,1520.5805861499664,1511.514020791272,1520.2292122657338,6059.505201379632
2024-11-08 21:45:00,1511.4115667774063,1520.018126202688,1506.1768855233174,1510.3192512707994,3934.6618446237717
2024-11-08 22:00:00,1485.6611538020281,1488.840186166073,1478.5629677869097,1486.0135783862574,8631.981931682103
2024-11-08 22:15:00,1518.0078796994126,1526.262493023181,1513.7339912793045,1517.8598815396012,6476.995108766593
2024-11-08 22:30:00,1548.0965469831988,1554.144301525688,1547.3862543800744,1552.1466718109064,6316.504239605724
2024-11-08 22:45:00,1572.268036498332,1574.4676382146934,1560.3472593760284,1567.1311202845916,9963.44692476761
2024-11-08 23:00:00,1587.0521174636747,1587.272053053251,1578.4403665186871,1585.79301884458,2634.3978013038213
2024-11-08 23:15:00,1577.5045573894963,1583.8896185564035,1574.2022428062742,1585.5034056181407,4252.783698530867
2024-11-08 23:30:00,1574.0043903652054,1584.3754263886542,1574.0150486658235,1580.5199387799282,1506.1056941097029
2024-11-08 23:45:00,1556.6335976756095,1558.4925863648143,1551.9944833036036,1558.9136798473933,7511.478199745694
2024-11-09 00:00:00,1565.4459731057448,1568.6363720614281,1558.997396664511,1567.2487673442124,9405.692108261703
2024-11-09 00:15:00,1561.5750524618084,1567.0325689809529,1558.0959377660968,1568.4273421858854,7799.670492623682
2024-11-09 00:30:00,1586.0849081071347,1589.9411610144764,1577.6804822689148,1589.4865165415367,8423.00987314696
2024-11-09 00:45:00,1584.0413779270411,1590.8443673969318,1578.7246689124488,1589.5707509802137,5194.960256664216
2024-11-09 01:00:00,1598.8873478566015,1602.9854799689901,1594.248789697294,1599.3602220224407,4448.438414689641
2024-11-09 01:15:00,1573.5736702427246,1581.4097850202152,1570.714868451017,1570.4393541749125,2044.6770935023358
2024-11-09 01:30:00,1601.6568646716994,1602.8942843023435,1594.8039741827279,1601.2531489751414,3209.327295088899
2024-11-09 01:45:00,1579.0391992081347,1579.8323144054546,1570.7100526820589,1573.3828846396505,3595.874803690261
2024-11-09 02:00:00,1577.8935807062242,1581.938905008412,1574.2003792214618,1576.4136647077728,9301.725876312124
2024-11-09 02:15:00,1590.1448191206532,1598.7806943189598,1588.4184509357183,1596.1549008242403,9071.273009106202
2024-11-09 02:30:00,1588.4731526838443,1595.714419306245,1586.1657950982349,1592.4791079761255,2276.335231129644
2024-11-09 02:45:00,1596.4225723371967,1597.9496656972622,1585.71796759825,1588.4442112710203,2723.920500048485
2024-11-09 03:00:00,1578.5014551956103,1579.6768494506389,1571.9589840405652,1578.22052790152,2474.464078888746
2024-11-09 03:15:00,1560.8992394758925,1561.4845525948529,1551.8232738188178,1553.6956970441515,3766.8083974884516
2024-11-09 03:30:00,1562.7269212605875,1571.3971824100768,1558.17497395832,1568.4797453978497,1024.0709141989523
2024-11-09 03:45:00,1582.7120995336759,1586.856168937167,1578.7239415476079,1580.4183469651493,3803.6902145824024
2024-11-09 04:00:00,1573.405863464434,1581.4410906589583,1571.0078797101942,1580.5802657698327,7440.9409329450755
2024-11-09 04:15:00,1587.087156820107,1587.621569714109,1578.406504467809,1586.089157346853,1603.092363270886
2024-11-09 04:30:00,1585.616916164401,1592.866918925338,1584.485540658656,1587.9144714069237,2772.237873106488
2024-11-09 04:45:00,1612.0404082336463,1611.2794660693196,1599.3887350820114,1606.6277261781436,8141.730339638925
2024-11-09 05:00:00,1574.2454893382958,1580.7791573208651,1573.0735362234395,1571.4480815336356,2292.318548001074
2024-11-09 05:15:00,1618.0962497974388,1620.7001974304692,1609.6742477045627,1613.9878214993753,5347.266769100172
2024-11-09 05:30:00,1632.888433237262,1630.5222621430937,1620.936876913981,1631.4147410065746,3672.332842045122
2024-11-09 05:45:00,1657.4882177148359,1656.1869077266426,1649.6815285684715,1653.7552699563912,2795.3648506476916
2024-11-09 06:00:00,1660.7559988834853,1672.5020601560354,1661.9466248721315,1666.2692017486238,8668.832236820142
2024-11-09 06:15:00,1645.0922659166354,1653.7617707840022,1638.409360200619,1646.8989539062036,2168.2294492983615
2024-11-09 06:30:00,1662.181661047622,1663.673762006826,1652.842987909895,1654.5215390939095,3474.2909083382706
2024-11-09 06:45:00,1646.5597896618906,1657.8969521764552,1645.2616103202527,1647.0814982750778,3375.133211458125
2024-11-09 07:00:00,1658.4616548701063,1661.2769180509556,1650.1913464546772,1659.3056237050864,884.2244410479752
2024-11-09 07:15:00,1657.2042793301603,1655.79820187617,1647.3619941123484,1648.9528443651836,4180.651507250042
2024-11-09 07:30:00,1659.9113195043817,1671.9545345998306,1657.8440868687178,1668.7507440274862,3563.8862581943636
2024-11-09 07:45:00,1678.0934910638252,1677.3143157530317,1671.623740888358,1677.8496316905669,3104.187645446176
2024-11-09 08:00:00,1693.9477072532884,1702.1686636189793,1688.5911666973493,1700.8079032965031,8830.631779405598
2024-11-09 08:15:00,1723.958835713767,1730.072801721268,1716.4106569700893,1721.5085123707358,1687.3094346156217
2024-11-09 08:30:00,1708.0166462823365,1716.620826545646,1708.6076781165953,1710.5949079976328,4793.648335311171
2024-11-09 08:45:00,1688.605087984819,1693.260202206462,1681.4063564596154,1689.7269694297293,211.6415767991762
2024-11-09 09:00:00,1703.0534230337398,1702.2361830050959,1696.6743798407658,1697.03272156233,4115.155435417556
2024-11-09 09:15:00,1701.1733095093696,1702.9319755190284,1691.1620620909976,1701.3479448597286,3564.0290578727477
2024-11-09 09:30:00,1679.815132549151,1691.6816484905683,1676.5073111029901,1686.8263098654356,3677.2348414400644
2024-11-09 09:45:00,1698.3825704330281,1705.8092255185832,1692.5676368783438,1698.1964895815909,7906.786061379687
2024-11-09 10:00:00,1726.8158140267208,1726.6139023184835,1717.18845320826,1723.6733423206456,7658.815313102337
2024-11-09 10:15:00,1726.5397858681665,1729.1583467057424,1721.5153673021373,1724.061034939188,4929.499964957918
2024-11-09 10:30:00,1743.9750669290422,1752.63724069222,1743.393736572316,1750.6810653885318,2519.580746950698
2024-11-09 10:45:00,1740.9394719014754,1751.1945979785387,1740.942175871179,1742.572331065951,1115.065117021892
2024-11-09 11:00:00,1742.5260664158322,1754.452434367647,1744.3672169906813,1744.0037874011782,7898.320459911613
2024-11-09 11:15:00,1761.5997121074224,1768.7547707051144,1756.247352752815,1760.195080308207,9619.46147218625
2024-11-09 11:30:00,1756.081128351223,1765.6384544991674,1754.234711459812,1763.3336114476303,688.3358193029578
2024-11-09 11:45:00,1763.1239974844234,1765.9796920967913,1753.9469569000069,1757.4977324225893,2937.239522842856
2024-11-09 12:00:00,1752.0856955492568,1756.1884064064789,1745.4025108374447,1745.0779333497746,2109.3924548414634
2024-11-09 12:15:00,1766.7378651306435,1775.297218479583,1764.3164651678878,1770.0878072274238,3700.9399034756866
2024-11-09 12:30:00,1748.5363934638997,1753.3565493672252,1740.760110187731,1749.7364228322886,6101.029604438221
2024-11-09 12:45:00,1734.2598829384415,1742.3125212074913,1731.6193735818374,1735.2622568564316,3645.568609192271
2024-11-09 13:00:00,1750.1058605777164,1753.3405888076243,1742.1924371611838,1744.8184678227858,1689.3352150058024
2024-11-09 13:15:00,1781.6831420586448,1780.351710608856,1772.824818559192,1776.5107745436487,4573.215147960231
2024-11-09 13:30:00,1761.8419948220076,1767.2407604520356,1760.3692242530242,1766.110423585397,8353.848719678519
2024-11-09 13:45:00,1735.2106890878524,1741.973267950681,1735.148164462639,1732.8303663580389,8484.707777689115
2024-11-09 14:00:00,1724.2676888178812,1727.4900230077103,1717.9697739831654,1724.4228187178321,8350.192832465722
2024-11-09 14:15:00,1729.4241263163221,1734.3066823635172,1723.9575200596203,1725.1800030193324,9458.188957285563
2024-11-09 14:30:00,1732.5080325561605,1741.7494911033377,1732.5175021735895,1739.3554060081524,8708.573103880277
2024-11-09 14:45:00,1751.7643233750587,1751.3141573075995,1743.8568155501252,1744.5347350196696,7382.599856825714
2024-11-09 15:00:00,1743.0590193983433,1747.2335699289356,1735.318739162385,1740.7027745053158,4487.4255361515125
2024-11-09 15:15:00,1736.2529937783574,1740.623449191979,1730.8536231355822,1741.869956510204,7802.458562002282
2024-11-09 15:30:00,1757.5018572360623,1763.3763047391863,1753.0766545357335,1757.8519783980955,5852.6549327325565
2024-11-09 15:45:00,1746.7883566502853,1753.6084431652987,1742.4470945540488,1746.168496368272,7073.682216019757
2024-11-09 16:00:00,1722.5089574048009,1729.0383057247902,1718.0827509349729,1719.108130023902,8863.396041320699
2024-11-09 16:15:00,1725.2522827138655,1729.0135610824743,1717.3324419277387,1724.9162254161192,5692.320242400527
2024-11-09 16:30:00,1730.4921891763292,1730.3843033139347,1724.9862721080285,1729.0498830369843,781.6603617677633
2024-11-09 16:45:00,1702.452006491167,1710.531830712544,1703.3522806198753,1704.0347592439227,8864.477562778418
2024-11-09 17:00:00,1690.5613867178524,1695.9622802735391,1689.5513349100388,1689.1991764456386,4480.915612696261
2024-11-09 17:15:00,1685.0953541135875,1690.9995897613499,1681.166042063306,1681.2932475299458,2074.5942355838188
2024-11-09 17:30:00,1671.8537184848108,1680.042222801341,1673.5485525472461,1675.9398683026575,7610.793978897124
2024-11-09 17:45:00,1680.286850757391,1686.836007285057,1670.9094689787094,1678.3079722667878,1443.3668574477572
2024-11-09 18:00:00,1693.4080168814207,1702.2179461759347,1691.8010467986965,1694.0294694387471,694.6419157910627
2024-11-09 18:15:00,1685.2805523387383,1694.3863870052787,1682.315690537573,1689.6166144387694,5433.754302802903
2024-11-09 18:30:00,1686.4904818522157,1688.3104509286147,1682.2213168568758,1681.4848402022637,5113.479999499137
2024-11-09 18:45:00,1711.9736904562728,1723.2172182881466,1711.0157965664575,1715.9709234739782,840.0662385120676
2024-11-09 19:00:00,1732.0406117840914,1736.7146422645399,1726.6297053280243,1735.7171766675033,2632.007610403518
2024-11-09 19:15:00,1736.5089286323098,1742.10484264201,1734.7267389465987,1740.019517176044,2984.2615116308125
2024-11-09 19:30:00,1741.6763274537384,1742.3940700414078,1737.4981762157336,1737.4103914979912,6521.5257633505025
2024-11-09 19:45:00,1734.957339242302,1736.8020618989394,1725.4643598405466,1733.0801562199342,3957.0708651471823
2024-11-09 20:00:00,1718.1798282528691,1724.8716556458282,1710.812427116629,1714.9976031451322,6558.819038119536
2024-11-09 20:15:00,1764.9141891738855,1771.0797801613412,1758.3377016776453,1768.4873761803944,5845.120847050789
2024-11-09 20:30:00,1743.6801519183148,1754.2139823256334,1742.62055114577,1751.533191262552,5975.643092323189
2024-11-09 20:45:00,1733.958240165982,1733.7555067072271,1725.2491154336087,1729.3217888476656,2372.7381512565908
2024-11-09 21:00:00,1719.6882417340819,1721.893037259812,1712.3645171228911,1716.7933360790862,6500.680869036272
2024-11-09 21:15:00,1729.987282677292,1737.4656363403265,1728.679046788952,1733.3439600521447,3169.030465569692
2024-11-09 21:30:00,1761.4360091627434,1768.8503133018314,1761.0432358484131,1764.9247853846025,5211.261238305468
2024-11-09 21:45:00,1743.2769067777892,1747.3404920840303,1742.71363188979,1742.1897181805093,2840.225050456752
2024-11-09 22:00:00,1736.6774594113447,1743.0366144426273,1732.183240283437,1738.0855322810505,7395.017129094511
2024-11-09 22:15:00,1756.0981017811075,1759.5695932251203,1744.9465891808225,1752.8380939450783,6043.653499680252
2024-11-09 22:30:00,1758.7803231048927,1765.2208585541377,1752.9180818490565,1759.3960954762583,2500.176786756348
2024-11-09 22:45:00,1769.2495055966228,1771.1638694945452,1759.185873354766,1766.2266448669266,4677.064085961199
2024-11-09 23:00:00,1761.4808783590538,1765.3806667178285,1756.644695677934,1763.6596241684636,2742.432095012949
2024-11-09 23:15:00,1779.223175819536,1787.9205440427327,1777.4887009244144,1778.2703376864454,1683.1913307771065
2024-11-09 23:30:00,1795.3791434112363,1796.9514646968491,1787.388790561956,1789.715923091368,2186.386357985012
2024-11-09 23:45:00,1791.8407053132494,1795.1398104529414,1786.7564779591808,1788.7032034569706,5061.699325597909
2024-11-10 00:00:00,1801.7563704018132,1809.6969388723585,1796.258681185593,1803.515202851515,556.5546157838735
2024-11-10 00:15:00,1820.1430782742993,1824.5628990937978,1818.1148015768117,1820.2587736113799,6868.178413547603
2024-11-10 00:30:00,1832.1662387603924,1836.9044896873102,1825.9517196518302,1828.622416843647,8666.35001381316
2024-11-10 00:45:00,1842.1924135346815,1845.0884682777203,1834.175795967232,1839.8151368482086,4465.240246208645
2024-11-10 01:00:00,1839.015401958978,1843.5952387498105,1833.7962786354622,1834.4913226563572,689.7239121504649
2024-11-10 01:15:00,1860.0466290520606,1861.135515330456,1856.4053581605401,1862.487989855994,7936.522198586602
2024-11-10 01:30:00,1838.0016213074862,1837.7143649370996,1828.369103423516,1837.2357702028419,8195.56262658733
2024-11-10 01:45:00,1821.8988277216051,1824.8433160697273,1812.9208287132294,1815.8017214911984,7750.440271487829
2024-11-10 02:00:00,1807.9878277564735,1817.5216150497033,1803.9515312510425,1810.2050731183203,7326.042975146156
2024-11-10 02:15:00,1800.1334444156541,1809.6580676494748,1799.8521844365237,1801.6961094317926,2899.8390806592192
2024-11-10 02:30:00,1792.2755805624276,1800.743385320592,1785.0737936862936,1792.7285830921674,5611.17931075181
2024-11-10 02:45:00,1789.1435050206785,1793.0170964365388,1780.9639086970349,1787.1695739925958,2612.0995552292043
2024-11-10 03:00:00,1767.5022981549075,1772.8892767893053,1761.7504681883825,1764.2013455047268,1859.1123729103037
2024-11-10 03:15:00,1747.8639219057889,1750.0525962997642,1740.7347465216565,1743.1160317260221,5158.104476135504
2024-11-10 03:30:00,1760.2066365330493,1762.966346410457,1750.9903561075828,1754.153029716044,4136.601469273915
2024-11-10 03:45:00,1739.6372289934277,1749.305146138361,1736.029527679188,1743.5371826975545,6243.898359318205
2024-11-10 04:00:00,1718.223496120979,1728.3947284365368,1719.493486512449,1724.34216470444,6036.114515608839
2024-11-10 04:15:00,1711.2801639323143,1712.932091319003,1700.4695316011157,1707.076323788813,4237.887777157605
2024-11-10 04:30:00,1724.084327479477,1729.5174679061538,1719.2920324547522,1728.1862806807696,2854.6278704496867
2024-11-10 04:45:00,1741.3790901663342,1742.6320024390218,1730.7779598410143,1741.9367751972757,8378.582994135184
2024-11-10 05:00:00,1758.5258692344607,1769.8795380736951,1757.4628054421748,1765.9005229959487,4874.567291696652
2024-11-10 05:15:00,1751.1686254708836,1756.5096430911783,1744.7094401267336,1744.6060703583487,933.202264947061
2024-11-10 05:30:00,1741.6400605285085,1750.9356231544295,1738.1487595993808,1747.9116883516087,1312.924592460751
2024-11-10 05:45:00,1771.183224819464,1776.9411168671647,1764.5204685272702,1772.8886707733739,7162.763510146408
2024-11-10 06:00:00,1773.448318735411,1783.231718036806,1771.444737080626,1776.0423957173632,9161.235339838584
2024-11-10 06:15:00,1790.758386942009,1791.3861296819948,1779.1987304443517,1785.135905634254,9028.840494409054
2024-11-10 06:30:00,1776.6175377632371,1776.6270367458578,1769.4239725303655,1771.9745727339605,667.2022359456669
2024-11-10 06:45:00,1808.630924017198,1809.623658980946,1800.1290754106517,1808.943307882896,7940.023970476894
2024-11-10 07:00:00,1776.8522319975264,1776.882480568464,1769.532392720059,1769.8024180194893,2534.0187112560125
2024-11-10 07:15:00,1762.6249147122371,1768.395588380009,1754.400079447763,1765.0599470917668,8846.699554700921
2024-11-10 07:30:00,1751.9845469653255,1758.2533590936653,1748.7582784452877,1759.4084871770099,1269.3113043442174
2024-11-10 07:45:00,1772.682194905833,1780.1232346685902,1769.926273365521,1777.4592617077628,878.2898539452029
2024-11-10 08:00:00,1757.264042570577,1763.2629655029973,1757.2408023796777,1756.712807576677,7441.4212082577915
2024-11-10 08:15:00,1778.658514402474,1784.94928343494,1775.138709299491,1779.260127540501,6260.132166642818
2024-11-10 08:30:00,1767.3357711334913,1770.396876044996,1759.9079480131563,1766.4859195173133,2570.1870114364765
2024-11-10 08:45:00,1757.079878577702,1756.147605799764,1744.5034621296386,1756.8966496495525,5982.688863395606
2024-11-10 09:00:00,1778.0333155504757,1781.853275139932,1771.973997995833,1779.051293803684,8044.4981716097445
2024-11-10 09:15:00,1743.081220811878,1745.9393638921244,1736.7059936797268,1743.1028291577127,5789.357737843402
2024-11-10 09:30:00,1785.515863743458,1788.6022124794315,1780.2992605684392,1782.5790647742108,945.4073119629361
2024-11-10 09:45:00,1785.2852026024852,1786.1465671172812,1778.453752686159,1786.0704709513054,9007.505236694537
2024-11-10 10:00:00,1781.5295576916121,1784.6362622405884,1771.5633610889554,1778.718633884842,239.89644152713058
2024-11-10 10:15:00,1775.5304326472958,1778.7184348344317,1765.255909857545,1767.354910868992,6246.731435297156
2024-11-10 10:30:00,1771.378366489154,1777.5924250626217,1764.0082925149457,1773.2270552454395,4822.972932089717
2024-11-10 10:45:00,1775.2663310164946,1778.8346130973475,1767.1398130005766,1771.2003636430263,8687.96678683614
2024-11-10 11:00:00,1746.8943882378799,1753.6123368124008,1744.5377900155506,1752.7943005154336,3888.5086404518584
2024-11-10 11:15:00,1747.062981860738,1751.2478299191803,1740.3321401550024,1746.5059285431241,8424.42982179014
2024-11-10 11:30:00,1773.230319828355,1772.9137471544088,1763.0726890684766,1768.500734319253,7847.623854962165
2024-11-10 11:45:00,1767.8830911398866,1776.4377862988986,1770.4323767924202,1773.9636033977965,7915.743888397623
2024-11-10 12:00:00,1765.965694631079,1769.4403431544893,1764.679347334321,1768.687264941433,9882.468221914223
2024-11-10 12:15:00,1762.9270090392176,1770.0798495617496,1760.9460793095452,1767.5760414579922,9345.435805455083
2024-11-10 12:30:00,1773.0248119358014,1774.4119749853564,1765.7302074166491,1770.219808044001,7090.363138237179
2024-11-10 12:45:00,1788.5458214040518,1788.9686590097608,1778.8290315056724,1782.4439106392713,5209.922365553581
2024-11-10 13:00:00,1776.9261577265272,1784.2805509048833,1773.7556781780047,1782.0245002792112,9121.647073743992
2024-11-10 13:15:00,1781.520034363636,1788.7263654655899,1775.755760667779,1784.2413439657685,5475.301611817551
2024-11-10 13:30:00,1747.7275503481953,1755.8082064378655,1747.938288601406,1746.3394819867087,3290.156428340245
2024-11-10 13:45:00,1784.92285133842,1786.1682961799095,1779.2815580830259,1778.0726185284839,7745.438729635037
2024-11-10 14:00:00,1792.6541443532587,1799.0529504828032,1789.6542638853732,1793.037324292672,7094.338859881339
2024-11-10 14:15:00,1764.6304420377107,1773.0608988637582,1758.9040333857504,1769.055273283318,3527.781723598686
2024-11-10 14:30:00,1778.3048474073148,1784.3024842073432,1772.8271723766152,1776.0114483233747,4188.941614323524
2024-11-10 14:45:00,1772.7768888220353,1780.2886425162415,1770.5758859007012,1768.590171759758,6721.895069747585
2024-11-10 15:00:00,1785.434630696055,1789.3308175512498,1776.8154614178284,1780.835275800165,2883.8452580655094
2024-11-10 15:15:00,1786.1185131040347,1790.1893228592876,1781.820889886544,1791.114787046258,5295.379350272208
2024-11-10 15:30:00,1765.15822669008,1769.1498222333921,1762.5356228841274,1769.7293275646196,8518.547140086679
2024-11-10 15:45:00,1779.8486324144872,1787.7381257072382,1776.1228400386733,1779.9601146590178,3575.656349640943
2024-11-10 16:00:00,1754.342227332977,1762.0942166270377,1749.5730530324677,1759.7055977144903,6798.586334396987
2024-11-10 16:15:00,1762.709269287671,1768.1373392383941,1758.1613791255488,1765.1595000104496,4585.791211653492
2024-11-10 16:30:00,1752.626317613194,1763.592862637951,1752.1782664862776,1760.8542260250015,9167.730301940604
2024-11-10 16:45:00,1753.9188331039475,1753.4564429574268,1743.152893220502,1744.35327998825,4949.011278685657
2024-11-10 17:00:00,1752.6575252096834,1753.703821103423,1747.302668396994,1749.4977724008897,4871.371035560939
2024-11-10 17:15:00,1756.1495528281846,1760.2079406022776,1752.8462511490504,1757.202883310468,1070.5888978524558
2024-11-10 17:30:00,1771.3201386908588,1773.674836544576,1759.8483639067665,1765.1867080064749,2260.8927128800096
2024-11-10 17:45:00,1768.1968545278553,1776.353363522882,1767.7031409236722,1771.223607836233,3855.938310224086
2024-11-10 18:00:00,1763.3295232587316,1771.3403751310052,1757.9650516197169,1769.3022132974438,7344.667178813641
2024-11-10 18:15:00,1774.6372228000166,1783.6976214143074,1769.3862961514064,1779.4822339780892,9247.431211834935
2024-11-10 18:30:00,1783.5446199876494,1790.6723763367402,1777.0379079548538,1787.5343904148897,624.4557706376764
2024-11-10 18:45:00,1772.595450252921,1776.73578841628,1766.932781471752,1765.5679656620448,7857.273634362948
2024-11-10 19:00:00,1767.643470685295,1769.1661437250918,1760.57426404174,1763.594304179586,1475.5215581162079
2024-11-10 19:15:00,1777.39481861063,1779.0017330902645,1773.8529114479652,1780.9848475511105,2058.3161179990057
2024-11-10 19:30:00,1805.5554376945195,1808.3595629341705,1794.1914047029331,1798.040744867256,9521.517060121994
2024-11-10 19:45:00,1798.8425533743437,1798.5158756764345,1793.2437476561156,1791.852332415966,4631.770004193279
2024-11-10 20:00:00,1777.8940648759492,1782.0229865713343,1771.3347898392256,1780.60621397481,2171.339073848043
2024-11-10 20:15:00,1772.083293432021,1772.6335408667262,1762.7846733665378,1773.3575823861208,2498.525045227086
2024-11-10 20:30:00,1755.508718835267,1760.8197121251958,1746.5882538851524,1756.3379433524672,9817.854077745562
2024-11-10 20:45:00,1746.3321317753625,1746.412253656566,1737.7470448476229,1737.7667104897075,787.927866812956
2024-11-10 21:00:00,1749.1609370038273,1749.6947980338866,1739.5255096925337,1748.0109646289786,3919.6222540499202
2024-11-10 21:15:00,1733.4603416294103,1733.5075067212745,1727.1370772000885,1727.3147128892276,6157.6011881192135
2024-11-10 21:30:00,1743.5951634185803,1750.878648443221,1739.59421892311,1744.5643835095777,1881.5334269551765
2024-11-10 21:45:00,1760.8877858847777,1769.3052070724375,1762.3677614433425,1768.4765669681146,7389.266858672952
2024-11-10 22:00:00,1779.5300355088227,1779.7996544950902,1770.027047956182,1778.9570022530756,3142.4297074794517
2024-11-10 22:15:00,1800.474536593526,1803.6005427642801,1792.8537912715442,1791.3282528762766,5908.567084789823
2024-11-10 22:30:00,1788.189811999988,1800.64950613299,1790.3099082108567,1791.9000624039509,6821.306951003407
2024-11-10 22:45:00,1785.4929070629282,1784.1385522787248,1774.1617633190751,1777.4210511951248,7297.903242548936
2024-11-10 23:00:00,1793.3362688840066,1798.2791913699284,1792.85816979735,1791.8147536106487,4119.925276092099
2024-11-10 23:15:00,1802.4879772827076,1810.7453811676608,1800.3274316413365,1810.3507664204058,9634.905566068383
2024-11-10 23:30:00,1798.9538251532338,1804.0563783846897,1795.1586509221659,1799.4086592543367,5294.182393744451
2024-11-10 23:45:00,1807.4604539826905,1813.91482461034,1804.377320639659,1808.6874139382155,3452.253358653999
2024-11-11 00:00:00,1833.1134796213755,1833.9771719707855,1826.7450100390574,1828.6195310654132,8835.470902865516
2024-11-11 00:15:00,1817.7345431847145,1822.798219131188,1813.0857385727418,1821.9712122882756,9509.604698723777
2024-11-11 00:30:00,1814.4484984415235,1823.7300100549355,1809.6343215299635,1816.9610558632419,5236.171611540584
2024-11-11 00:45:00,1818.7776510867031,1821.9629243827917,1815.3327269593278,1820.6127174279138,4143.71850791905
2024-11-11 01:00:00,1825.9643996666,1826.8448449348728,1815.6295773124662,1819.0209210783971,3511.7176813997603
2024-11-11 01:15:00,1827.435443099829,1835.9220146600946,1823.0188801293227,1830.1809693467649,7197.400266365444
2024-11-11 01:30:00,1837.9288352197927,1845.193274910309,1832.0059565608203,1841.04365679971,6814.4360887774055
2024-11-11 01:45:00,1833.5854595078874,1839.1281021987168,1828.346321965549,1837.8141823594206,9464.256781071455
2024-11-11 02:00:00,1845.9948667113586,1857.7049086634245,1845.712157991087,1854.8956233890858,5013.962471479285
2024-11-11 02:15:00,1842.1003463861723,1843.7913720343195,1835.708165402355,1845.2062587060846,3948.5586802017237
2024-11-11 02:30:00,1851.6070226450595,1849.6029889919573,1839.9635596806388,1849.9562978630001,5239.251773504813
2024-11-11 02:45:00,1827.723381854918,1832.8874691280837,1822.838146244085,1823.4723229350939,467.2188330171477
2024-11-11 03:00:00,1847.4331444875847,1852.8323220013547,1839.9594270524437,1846.4133095496927,2434.6117276649975
2024-11-11 03:15:00,1850.5869834749185,1857.3070782638915,1849.901038473809,1850.9324411084162,6667.6228673008045
2024-11-11 03:30:00,1853.3877068156576,1859.3805153574183,1846.8425427001146,1853.6381348382567,1020.9669185965286
2024-11-11 03:45:00,1833.8391235209208,1838.2287388618806,1829.2452533021456,1840.6383059281516,3246.9378216282457
2024-11-11 04:00:00,1838.1269936305182,1845.6795041473697,1834.2650615819466,1835.8770146664604,4867.813555245305
2024-11-11 04:15:00,1842.8061248766594,1849.9812023849765,1845.0233505122424,1850.9604567433862,6469.115038284042
2024-11-11 04:30:00,1834.8789091672747,1844.186569115991,1828.7237266035565,1837.3290924762716,6763.866826993356
2024-11-11 04:45:00,1847.1890018899435,1847.9826368362994,1840.6467601768259,1841.2533688147819,408.08001387164046
2024-11-11 05:00:00,1824.7731369350427,1825.207143081923,1818.3288666670578,1817.0540051712203,8233.841746596103
2024-11-11 05:15:00,1846.0474149727036,1845.874495668786,1833.4646512481652,1843.5505946019389,5429.19779221069
2024-11-11 05:30:00,1818.260498981387,1823.0530679598464,1816.96906178076,1823.3698104064997,2531.5594394773343
2024-11-11 05:45:00,1803.8836289239975,1808.6382962229125,1798.5285092609004,1804.4233927339294,1335.964654610688
2024-11-11 06:00:00,1802.0625052424334,1801.8118357138853,1792.3444779819208,1802.3181859058593,8611.452711531541
2024-11-11 06:15:00,1776.7568972033885,1786.6841496672687,1777.3671222223056,1782.8521152994708,7848.71501483552
2024-11-11 06:30:00,1781.9763467583402,1789.1061975281968,1777.691580726961,1782.9852753761306,9218.712993502562
2024-11-11 06:45:00,1763.3593149951332,1766.9695011986996,1753.6685812318494,1758.9134015688635,9553.177478923466
2024-11-11 07:00:00,1749.927637958665,1750.7603903533293,1742.405212533077,1743.381386131379,4152.825680578457
2024-11-11 07:15:00,1736.567878485402,1741.6819657059393,1733.5900946229883,1739.9157945268385,3927.022124038559
2024-11-11 07:30:00,1739.3060931895843,1746.8414673345123,1737.0767579402143,1741.0075154980193,5573.991218374307
2024-11-11 07:45:00,1732.5996063872458,1735.1134260908,1726.442102657523,1734.9739213268092,127.81431458474552
2024-11-11 08:00:00,1741.053291782239,1743.9909398145726,1736.4195296521796,1737.2126090493198,8745.429271141742
2024-11-11 08:15:00,1739.2495955245288,1740.73943094831,1731.531702853452,1739.1561247467023,3626.643354445698
2024-11-11 08:30:00,1717.1762072416648,1726.5346165008834,1717.1451058836328,1719.6113822964041,2108.028498980625
2024-11-11 08:45:00,1723.8381844489754,1725.4665373442624,1719.7767821163798,1723.9802442796613,4287.1275226652415
2024-11-11 09:00:00,1724.3650042256395,1734.5152397415602,1720.3967090258516,1731.0351451006554,2585.0901269231636
2024-11-11 09:15:00,1715.1983537568376,1726.1231591423232,1710.918971918147,1714.261609049861,2833.925449186124
2024-11-11 09:30:00,1712.9288103354952,1717.100946290101,1706.0722277003372,1713.6592105620387,7136.59619098039
2024-11-11 09:45:00,1715.9376099160313,1717.196896783158,1709.4251791743438,1716.6119553456308,7543.523479162427
2024-11-11 10:00:00,1736.1813555048736,1739.7557613049837,1727.68232621219,1734.3864784196087,2487.9597463376836
2024-11-11 10:15:00,1727.1482578209377,1725.2246297298582,1715.0857886888255,1724.9428638099423,4050.5570102579322
2024-11-11 10:30:00,1729.6643063072747,1735.627810766021,1727.6025262685214,1734.2772048306206,4987.717304570976
2024-11-11 10:45:00,1731.0210984886135,1735.8329118577399,1725.407129541495,1730.7934965405586,8417.886362637311
2024-11-11 11:00:00,1728.295915608953,1731.5710119066516,1724.419608289784,1725.1612775826397,5492.827104844629
2024-11-11 11:15:00,1735.1226852625282,1737.138596162777,1726.6671004707816,1734.4934802483363,6468.576731220899
2024-11-11 11:30:00,1754.64313585545,1765.6455741797824,1753.0050971094315,1757.3669395983852,8423.105375082312
2024-11-11 11:45:00,1749.599707308143,1753.0716614524495,1743.8817153126708,1745.7690229038149,3241.594039250768
2024-11-11 12:00:00,1756.3819737808867,1759.4239875908172,1752.3290375242707,1759.706062053505,8326.282721920932
2024-11-11 12:15:00,1777.0862007636472,1781.5121512762287,1769.4163524553335,1780.8513205706136,6419.353646787082
2024-11-11 12:30:00,1744.1754728499652,1752.2360166558133,1741.3405711536036,1752.6368619194425,5481.49775681016
2024-11-11 12:45:00,1745.1450694531902,1748.5513476915326,1739.2010739909826,1744.91675500539,6094.766579544371
2024-11-11 13:00:00,1751.4138167534886,1759.1454142765947,1749.7070904641241,1752.4447823932092,5096.810010494059
2024-11-11 13:15:00,1752.625650382593,1760.7056721064703,1751.7662650510256,1757.5361073011625,6781.470225334864
2024-11-11 13:30:00,1735.9596718329265,1746.9795518480191,1733.6639760090668,1741.2186997437748,6136.635527968501
2024-11-11 13:45:00,1738.8969862408176,1747.5853386654214,1735.8852402549694,1735.2935332988297,6897.475851558141
2024-11-11 14:00:00,1740.2525317434233,1749.4990664087381,1737.8239964972804,1745.715979630398,585.1959497059752
2024-11-11 14:15:00,1766.4013485792411,1776.1534763452833,1763.6929391081785,1772.981659747271,5400.329018443797
2024-11-11 14:30:00,1776.0095464346125,1781.604624511589,1770.3254804376647,1774.4459302985667,7758.782958540101
2024-11-11 14:45:00,1785.377075868874,1790.003130062905,1781.4364443983654,1788.7247012966645,9692.617079582738
2024-11-11 15:00:00,1787.2815850558145,1790.639279383841,1780.0991524322912,1782.1266551493452,8547.746061902282
2024-11-11 15:15:00,1783.5808089365792,1784.4258761997937,1772.2914355229136,1774.0995079290487,5039.865172719614
2024-11-11 15:30:00,1749.0771503215597,1755.6174872148554,1744.2172329860127,1751.4667421043089,5700.737299834846
2024-11-11 15:45:00,1752.1477541921229,1757.706614263384,1748.4368291878393,1747.9814642028446,8457.8302601641
2024-11-11 16:00:00,1760.109308640662,1767.5834172224274,1756.7191795124554,1757.676295775917,140.3475240273969
2024-11-11 16:15:00,1767.9878892471827,1775.6968611153334,1759.948560817365,1766.1571514755879,2724.986383635743
2024-11-11 16:30:00,1772.1982168559405,1782.9771191294785,1769.937477218688,1778.9848622714335,3903.421787465672
2024-11-11 16:45:00,1782.7702777494922,1787.1647332861924,1778.8257687291,1785.0716276150354,3700.4485865671904
2024-11-11 17:00:00,1785.531692542854,1789.113572671323,1781.7423891393587,1790.7802471340458,7457.875131347729
2024-11-11 17:15:00,1801.9493277374706,1810.4573402325732,1798.0377175345677,1799.9880835313188,6923.485656633161
2024-11-11 17:30:00,1794.0789747546507,1795.235680437355,1784.2378439061506,1791.9008814724066,7066.671175226361
2024-11-11 17:45:00,1783.460251954953,1790.1294607136945,1778.4395497317082,1783.6087881251372,6043.148635015491
2024-11-11 18:00:00,1785.9234010621637,1787.829824024564,1779.8354173493021,1786.0027793889947,286.2666220153254
2024-11-11 18:15:00,1793.6102663867744,1797.993547134859,1792.8108450497346,1796.9332841748685,9731.31401828719
2024-11-11 18:30:00,1779.9202654037306,1787.9853845888722,1777.115546977391,1783.8609559290908,9108.376338800132
2024-11-11 18:45:00,1777.7900563806961,1786.9133987759537,1773.8544543012335,1780.5461545133799,4049.7916628996054
2024-11-11 19:00:00,1773.8737118144993,1780.0574579857503,1773.4376366681347,1776.510089129544,2868.1155544037433
2024-11-11 19:15:00,1785.1459902175384,1786.1914570518004,1780.400340304132,1778.8627005548703,2504.0797105963543
2024-11-11 19:30:00,1776.8975019481975,1783.051140685159,1773.4399369721173,1777.4474773021673,4815.175372851278
2024-11-11 19:45:00,1775.1740084308972,1782.5123576612154,1768.9066558886889,1774.9068700640207,6131.697569062089
2024-11-11 20:00:00,1757.0433801033796,1756.2937951371148,1747.1239106973496,1754.3049417522716,8795.551906619845
2024-11-11 20:15:00,1735.0251105930247,1739.141300582125,1732.2156973418928,1735.9957281042796,4742.529746568117
2024-11-11 20:30:00,1725.5930972882582,1734.5732113887734,1723.3848547314285,1731.0556037426022,9852.472320759292
2024-11-11 20:45:00,1720.8091769445116,1728.7342949959077,1719.6767158578682,1725.7992177916776,4019.6277475221027
2024-11-11 21:00:00,1729.0644847540832,1732.1606976246114,1721.2218098371277,1727.666259893974,6005.012709679738
2024-11-11 21:15:00,1697.353418652879,1703.8914243300437,1697.9690951053708,1698.8611267114975,4282.215802229058
2024-11-11 21:30:00,1672.8973960376409,1681.7453893043355,1672.8872679370409,1679.4243577542481,6914.915275287556
2024-11-11 21:45:00,1679.0249853973205,1684.5334707449247,1670.96147649862,1680.761394298489,7285.182926663974
2024-11-11 22:00:00,1710.390748519436,1713.6744656295728,1703.3973777779984,1706.1312330709545,3339.0421191303913
2024-11-11 22:15:00,1686.0582219584323,1693.4966449483904,1688.7375285963644,1690.4295800877007,9338.58101613506
2024-11-11 22:30:00,1707.3244473647164,1709.4220086252524,1697.0649310157066,1701.6575814737903,8853.406878865058
2024-11-11 22:45:00,1697.0010831927918,1698.7378344211825,1691.9930209117013,1690.9405172801014,3253.3446778157468
2024-11-11 23:00:00,1708.2577546891662,1711.4956312157535,1696.905004039798,1708.8860030254857,1815.0520948103724
2024-11-11 23:15:00,1687.7367907385544,1695.6192045825283,1683.6798378591845,1690.0564588341638,9653.218771120288
2024-11-11 23:30:00,1691.5949218960018,1696.8371230067085,1688.8638561024352,1690.7226004959173,4940.885632167524
2024-11-11 23:45:00,1705.4299606275893,1710.0650313591227,1699.051567147936,1703.3433604540783,8025.007283092097
2024-11-12 00:00:00,1710.3088801722433,1721.5643053417327,1709.0338888375445,1719.4715903257709,2060.352433075973
2024-11-12 00:15:00,1692.1982496441199,1698.6884717015148,1684.2072157049924,1691.1694743366209,3944.56513065753
2024-11-12 00:30:00,1651.1427155097945,1652.7960884800164,1646.8342379576773,1644.2683929779264,5779.214667672459
2024-11-12 00:45:00,1653.401774128292,1658.73495140561,1645.822995861217,1650.167101607696,439.9252243285927
2024-11-12 01:00:00,1645.7893133797584,1646.8718193930108,1635.428278785498,1644.4939204161583,919.4765169061619
2024-11-12 01:15:00,1630.6207920071524,1638.064504137575,1622.4380139595241,1634.8143578348922,3060.465696907684
2024-11-12 01:30:00,1644.3705361231787,1654.2304262072316,1645.6430654534859,1650.256009150397,2519.1000354476146
2024-11-12 01:45:00,1662.5077643663647,1665.5395262901377,1654.7710835754547,1661.1702458268096,2473.26678707905
2024-11-12 02:00:00,1662.0300187606554,1666.5304643120314,1657.8549384025637,1665.2375892274051,2750.6834127555326
2024-11-12 02:15:00,1671.6123841906858,1681.5785772615573,1671.8074738893724,1674.6915395337173,875.0823912200739
2024-11-12 02:30:00,1667.4219374268616,1669.2005392257336,1659.7658367595084,1669.339078906654,6627.137063222411
2024-11-12 02:45:00,1644.620597227679,1651.711446218645,1641.0387888395405,1645.7979560479207,5330.969573334037
2024-11-12 03:00:00,1646.4008152310207,1653.7013206339664,1641.419402449587,1648.0530829884274,5688.775658824414
2024-11-12 03:15:00,1639.225623105556,1642.8814240938718,1633.138028701433,1638.8016257750785,6154.824677228731
2024-11-12 03:30:00,1609.6728083109235,1614.5346095609,1601.5529606592288,1613.2910141875207,7036.386283534907
2024-11-12 03:45:00,1595.128114869846,1606.682863950105,1593.548685577822,1597.0637782789843,9589.056762384495
2024-11-12 04:00:00,1600.358718222782,1607.8623002455633,1596.762315332836,1602.9897341413352,3047.973957376842
2024-11-12 04:15:00,1607.3602947902757,1613.700493669679,1604.8443546729256,1611.1747417874935,3814.1105487598957
2024-11-12 04:30:00,1606.4766974895351,1614.8569422580877,1602.2597044535803,1606.6649194699812,5745.486650223986
2024-11-12 04:45:00,1599.2907389854688,1605.7608537275964,1596.096924256296,1603.388630869487,7305.764776350991
2024-11-12 05:00:00,1629.6758123340528,1631.712308603574,1625.5961043892785,1630.533631520452,2643.7895162648965
2024-11-12 05:15:00,1614.5706690682357,1618.8217437918488,1607.7260627329074,1613.5254114558736,224.4273114881352
2024-11-12 05:30:00,1629.691616744263,1635.388508674482,1624.3910279974382,1627.4421129204334,6703.348279568753
2024-11-12 05:45:00,1645.8854226739816,1656.882213156341,1646.785776775183,1647.2645839755953,2746.9693563445257
2024-11-12 06:00:00,1659.3310054433189,1661.5771918607074,1656.118216308221,1660.727767803972,8363.509537675542
2024-11-12 06:15:00,1625.2244934530277,1635.4248150308604,1626.0611025862186,1632.3969735468959,1664.4177238760312
2024-11-12 06:30:00,1604.3647562759054,1611.812217338486,1602.1980729086004,1611.0350365621407,8550.138254244863
2024-11-12 06:45:00,1594.2767727258815,1598.2680740179521,1588.4944786969463,1592.7225326542105,5606.4711132698585
2024-11-12 07:00:00,1605.851338425651,1615.5705951560774,1605.0699093155397,1609.3737095703789,3700.371314904201
2024-11-12 07:15:00,1636.1135651988693,1637.5211247494296,1625.992264147492,1631.0594775698246,7547.223619685383
2024-11-12 07:30:00,1624.7211014549885,1626.5816362306546,1619.5628408207406,1628.0179649994514,7111.073481621774
2024-11-12 07:45:00,1614.6878977125084,1619.173571325881,1611.251807730937,1615.3875024454626,5974.807791776297
2024-11-12 08:00:00,1619.8714776312545,1622.5235389320412,1614.2089184155639,1622.4423432026936,6272.727916234087
2024-11-12 08:15:00,1629.3430219014808,1632.4083076648003,1622.1419612771087,1631.7252310592362,7477.263253178067
2024-11-12 08:30:00,1635.465374466247,1642.931060948123,1630.6333301165027,1636.7721003367767,1622.0723403489146
2024-11-12 08:45:00,1643.456426722856,1648.0599873655083,1641.8616938810296,1644.2198449058124,6787.465097888765
2024-11-12 09:00:00,1629.6932138174343,1638.9396867887372,1628.0307890418187,1631.25566156232,2320.6854096965335
2024-11-12 09:15:00,1651.0643610195937,1655.0043655398617,1644.7346322990902,1652.9573009585026,8308.032097746605
2024-11-12 09:30:00,1666.175378581694,1673.4956343331783,1664.5159481753017,1663.5894728780556,2398.562977686817
2024-11-12 09:45:00,1686.2726468737026,1691.3877530153698,1682.2870048651093,1687.8736067593234,333.6194599733451
2024-11-12 10:00:00,1662.4511969074963,1666.3673096174812,1658.555560606975,1659.4363062676039,3384.9398297542534
2024-11-12 10:15:00,1669.382402192055,1673.742078661818,1668.4132900149827,1670.235450843051,2258.073095802701
2024-11-12 10:30:00,1704.6252575285284,1709.5645910854378,1699.7537810863146,1701.0985673824214,9395.30108485683
2024-11-12 10:45:00,1717.85612724408,1724.6270571404016,1718.1234646758567,1724.8175606094312,7371.584019911464
2024-11-12 11:00:00,1725.2954780361822,1733.7812689970478,1722.1208357335265,1723.8063675881317,5972.499063402644
2024-11-12 11:15:00,1723.5431917069714,1730.555074629583,1717.4694105529866,1721.4822068243166,7070.527866519952
2024-11-12 11:30:00,1713.57854231519,1718.860449324145,1710.4866098498944,1711.6602269306043,5449.494338172381
2024-11-12 11:45:00,1702.974160895135,1709.2735114232237,1703.7925817513963,1708.1752260582646,7200.67702456
2024-11-12 12:00:00,1714.862882301233,1727.003666347606,1711.7905021206957,1724.076811287984,6749.759025135969
2024-11-12 12:15:00,1715.150356065142,1719.615228887742,1711.7425209266248,1713.2048255479629,570.1919705141504
2024-11-12 12:30:00,1716.7812102704597,1719.9287539684597,1711.4268419239006,1717.3697120782444,4788.900603350318
2024-11-12 12:45:00,1715.2077188223939,1725.4161457550192,1714.3425272914742,1714.2381839562433,6508.725309175645
2024-11-12 13:00:00,1717.7501710155295,1722.9443585945116,1713.8978482609373,1715.8488747610081,2718.272784092334
2024-11-12 13:15:00,1719.9541955019204,1720.4615782031792,1713.1862586479913,1713.6153233579519,9639.191698009006
2024-11-12 13:30:00,1714.8303883681372,1715.9016135198751,1709.4359766417465,1715.1701887206518,3329.2201872410105
2024-11-12 13:45:00,1727.5237279173937,1734.5687330286223,1723.2859087042607,1731.1514125159495,857.2777037562079
2024-11-12 14:00:00,1727.6640582771695,1735.139929848804,1725.182056027622,1731.2612198309798,8669.192215430625
2024-11-12 14:15:00,1732.0578899287457,1742.9757043227235,1732.0635276361395,1733.6419135920644,3601.389880879397
2024-11-12 14:30:00,1736.028589433002,1741.6690975752717,1735.4344545135689,1743.5395545332003,8478.85814845432
2024-11-12 14:45:00,1751.2537964567998,1760.3029102679673,1752.5001615685767,1756.8209057206482,7332.00004691512
2024-11-12 15:00:00,1766.7687727151679,1771.9513235091638,1762.3293166979724,1761.5476175441286,737.3740557462235
2024-11-12 15:15:00,1785.2509421438924,1790.881745339585,1782.9021857547962,1781.1048194235736,5639.655918892056
2024-11-12 15:30:00,1790.5406189206972,1791.31477525638,1780.7789954772695,1787.0537465443413,7663.330395773377
2024-11-12 15:45:00,1769.8300692606488,1775.3117599679322,1763.694874925265,1770.8223315585733,9615.417216664557
2024-11-12 16:00:00,1768.1738208617637,1775.303557088858,1763.5099098567634,1766.751965171458,8096.145069545344
2024-11-12 16:15:00,1750.3318733553447,1756.6160065277368,1747.3738075397494,1751.1627198168965,8105.769917375698
2024-11-12 16:30:00,1757.7095505326367,1765.6849757149303,1759.1975705203665,1758.204500085123,4077.673435320291
2024-11-12 16:45:00,1774.4401283099141,1777.5725629533974,1765.1890875731167,1769.9057151617462,7299.764700742965
2024-11-12 17:00:00,1722.5554255763707,1724.568225004973,1714.578285431566,1723.3649716113941,172.50063261983746
2024-11-12 17:15:00,1697.956487853248,1702.7883028804333,1692.614367941825,1696.0020976823087,3728.279004954713
2024-11-12 17:30:00,1706.4238466713537,1709.356443315167,1701.2379875864879,1709.0026322987192,9890.76488402813
2024-11-12 17:45:00,1695.8752792255814,1697.617035739017,1687.9475829957967,1693.9575362269973,7951.002133822956
2024-11-12 18:00:00,1705.034015651871,1715.41914451747,1705.3871112721267,1709.7308085613101,6079.6738485904125
2024-11-12 18:15:00,1717.6165434001944,1727.4263262226816,1712.8397349080092,1720.853914809134,5107.623593740013
2024-11-12 18:30:00,1697.2786361816306,1703.9364912256463,1696.3710786604136,1702.6000938996792,7252.59768954606
2024-11-12 18:45:00,1681.70873019079,1688.808479274634,1680.7226224943595,1681.0106694249512,5374.782041720038
2024-11-12 19:00:00,1698.4806512677796,1709.049211269095,1696.3383715290313,1708.131009602758,1577.8273090960643
2024-11-12 19:15:00,1708.8358124130255,1713.9433908994738,1702.137397418023,1707.6430706237238,889.3311260711
2024-11-12 19:30:00,1721.1743013929117,1730.0938081843635,1722.9976159470934,1720.7304136963032,1974.867360080682
2024-11-12 19:45:00,1715.1293310634876,1723.0161335712348,1713.8579597085268,1714.0324965383127,4076.8176425386464
2024-11-12 20:00:00,1708.119851150241,1711.9647467735638,1702.0554504466838,1699.8334824763824,7449.495334648113
2024-11-12 20:15:00,1717.098727602149,1728.2876911288301,1719.2274133058609,1726.2414285089976,3763.8191295685483
2024-11-12 20:30:00,1698.0243240455577,1704.0916837049524,1693.1964196353968,1701.8187104639594,3057.027673866546
2024-11-12 20:45:00,1679.0210959543092,1686.8453718420599,1680.1453139779542,1681.7201026583116,9378.694241050864
2024-11-12 21:00:00,1680.0636382672778,1683.597492793003,1675.9457838448282,1677.3167274760501,7300.052841166322
2024-11-12 21:15:00,1663.7515007563131,1669.3916389105727,1654.4619380003287,1660.5016081926651,6147.984648930236
2024-11-12 21:30:00,1655.7347162379374,1662.4210563076206,1653.7773358582258,1653.5327779570366,9612.059788613005
2024-11-12 21:45:00,1641.9225287423749,1643.2851037741939,1636.6556859004256,1639.773512682168,808.0399921048368
2024-11-12 22:00:00,1655.8237856432706,1655.0930097235778,1649.189710384842,1647.6562250803956,6103.817106931892
2024-11-12 22:15:00,1657.5900581128449,1663.434514251966,1653.457228869494,1660.334505079077,8394.98007681314
2024-11-12 22:30:00,1653.8484156554719,1658.0168441963583,1647.3142604906875,1657.436844723671,5772.095950493192
2024-11-12 22:45:00,1641.7256809786666,1648.552091401681,1639.1338037802072,1645.8117662292766,5257.108216851459
2024-11-12 23:00:00,1629.8572087735774,1634.7646339738649,1623.9827330034177,1627.7048101328555,6683.496893362276
2024-11-12 23:15:00,1620.5476902648272,1626.571521497267,1619.5111900344386,1618.8900058443478,2160.3215984617386
2024-11-12 23:30:00,1646.4015970778607,1652.3683084687134,1642.7541901084899,1650.7460688689332,7723.578929628984
2024-11-12 23:45:00,1603.0585720218123,1615.3716415915997,1602.2118727579705,1608.1759934934646,9899.53914713157
2024-11-13 00:00:00,1617.0933756462423,1627.6356946975734,1612.7598293510737,1616.203599321504,1062.7539872624352
2024-11-13 00:15:00,1618.9049848392224,1625.6285030809356,1612.0498201705932,1617.9854444761243,2243.005776101784
2024-11-13 00:30:00,1616.493506020305,1625.0650806860053,1618.7221336828684,1623.8500009007976,1121.2579974781083
2024-11-13 00:45:00,1641.2927867882938,1643.9474885857119,1631.0434380364284,1636.7030069548123,6114.579357768396
2024-11-13 01:00:00,1624.6580403139496,1629.7969540347804,1615.411997415333,1624.6622440159606,6780.562722330262
2024-11-13 01:15:00,1605.2735349492289,1609.3507170281891,1604.0179410046421,1604.8630337326995,2002.8206021083333
2024-11-13 01:30:00,1610.4923830788664,1621.6882401613118,1608.5295616116487,1617.8386937542034,6203.953040720513
2024-11-13 01:45:00,1614.8530997368675,1622.447512063321,1614.3225549908075,1619.540977319166,8797.47599444329
2024-11-13 02:00:00,1600.309088136462,1603.4992238462,1590.215851731925,1593.2303894037561,1958.7022758206122
2024-11-13 02:15:00,1585.695622702641,1593.7004473315035,1579.643969123482,1590.5935574150362,5346.6672938534275
2024-11-13 02:30:00,1567.8795570895604,1573.496898990953,1563.667726154377,1571.289018499945,1779.3367925584948
2024-11-13 02:45:00,1578.3807389861363,1583.4378866228215,1576.6744417990847,1581.8627835458215,3925.3563975386696
2024-11-13 03:00:00,1612.7679758948482,1611.708146403277,1604.8851479603038,1608.957558046869,8824.372035932365
2024-11-13 03:15:00,1581.2663433360324,1583.8554698617606,1575.3419756205847,1577.7089311736986,8026.714592446226
2024-11-13 03:30:00,1556.9512869245682,1560.5885932585702,1547.1345264312354,1554.3861011244408,4700.341327143842
2024-11-13 03:45:00,1564.0152398723778,1575.0510793433107,1562.8795841581236,1565.875381703602,9254.845029836253
2024-11-13 04:00:00,1546.6704495146578,1553.7844148552667,1544.007393102901,1553.8843684242006,3813.0117843610883
2024-11-13 04:15:00,1553.0747824512919,1562.2311919026604,1554.0962355398776,1556.164246358832,829.5995894639948
2024-11-13 04:30:00,1560.84746467499,1564.188419573026,1551.264757689756,1558.5435313549729,4937.016155597873
2024-11-13 04:45:00,1566.328610241554,1566.9946962178715,1560.3672630021579,1563.472589191967,5348.8560601346535
2024-11-13 05:00:00,1549.002366342898,1555.5077868943195,1542.077594797618,1545.1618197222133,8392.464849250298
2024-11-13 05:15:00,1550.947611292128,1558.5349673659305,1551.4183325828515,1554.3956076262975,8727.301319798218
2024-11-13 05:30:00,1548.9182564412838,1551.0541234227087,1542.7869839627058,1548.5530292392257,5173.03279956096
2024-11-13 05:45:00,1540.0595119842928,1548.3769507245297,1535.9565103277534,1536.3633110316696,9778.978928815175
2024-11-13 06:00:00,1513.7247988655931,1521.2595814671156,1512.9033618202104,1515.1314389368915,4422.379065768265
2024-11-13 06:15:00,1503.262180779031,1505.8464032166862,1497.48028890286,1498.6022021524361,3122.083375054184
2024-11-13 06:30:00,1492.3657498171847,1492.4449896293663,1484.7164431353237,1487.7992932928055,3710.0842524667646
2024-11-13 06:45:00,1492.1120874849323,1498.5246850283916,1493.015583763324,1494.075145239173,1833.1828078305655
2024-11-13 07:00:00,1501.6754863636634,1504.4029018908864,1492.3566342849858,1501.973356312685,6413.030872149306
2024-11-13 07:15:00,1486.0337904078983,1492.817502979433,1484.3809987817021,1484.3316933308076,9328.423431806203
2024-11-13 07:30:00,1495.0524059178683,1506.187402973212,1491.4135095712763,1500.76947765616,1536.7830025955914
2024-11-13 07:45:00,1507.5388304953176,1506.5800743144227,1501.3147191951427,1507.741227738266,3329.1734983969905
2024-11-13 08:00:00,1489.3239470658255,1498.4085631339265,1489.3098309436007,1490.811424829654,2030.8266081098384
2024-11-13 08:15:00,1482.3410290827971,1486.0876612805314,1473.5181117622456,1483.1998561170835,3799.1214930176393
2024-11-13 08:30:00,1485.6832851879603,1490.299600181511,1482.4770691588005,1483.296621019804,4104.032091978565
2024-11-13 08:45:00,1481.5969922998809,1493.1701582888072,1481.873794435383,1490.620886490264,8911.788885765724
2024-11-13 09:00:00,1498.6168373258606,1504.0144534708775,1494.8875426807392,1497.2793798279133,8537.67184702664
2024-11-13 09:15:00,1493.4282566825461,1495.4804145798012,1486.8793140176679,1494.6147195533238,1734.8140166867665
2024-11-13 09:30:00,1496.0248129039674,1499.71426914172,1488.2151265897453,1492.367444933858,271.7632780323122
2024-11-13 09:45:00,1505.2651570472435,1503.6204037236173,1497.0792924897462,1496.1103481124967,9209.473539464407
2024-11-13 10:00:00,1520.2001895487952,1523.9832421472445,1515.560837454805,1521.5847848843869,2098.0172876274673
2024-11-13 10:15:00,1518.818198716475,1524.0282411478825,1515.3822188934396,1516.272366143034,8660.548929081515
2024-11-13 10:30:00,1527.6484570990613,1529.0868190286858,1524.4887440787945,1522.5912893629184,6121.8071373657995
2024-11-13 10:45:00,1518.4029610583702,1522.8107157123618,1509.7931573028604,1519.2469076305401,3036.579720294905
2024-11-13 11:00:00,1522.8306426766821,1523.7577552352989,1512.3485493696771,1520.1474217519099,4454.121847402936
2024-11-13 11:15:00,1514.5465788337092,1524.5555692955027,1512.792126669793,1515.6771792403642,7589.04339985116
2024-11-13 11:30:00,1541.8245546389905,1544.1592244164588,1534.5344794318682,1541.4899321068153,6991.5416693232855
2024-11-13 11:45:00,1542.024810343296,1547.5427151226415,1535.118692361724,1541.7339827035707,8677.48445338471
2024-11-13 12:00:00,1536.827398941011,1544.317180859096,1533.5893072137458,1539.227894780454,1047.2508048853083
2024-11-13 12:15:00,1542.0578992646397,1542.5593755222253,1534.579308065918,1541.2034623890888,8931.256869229359
2024-11-13 12:30:00,1540.5255349341855,1543.135826632145,1535.9072453459755,1541.6710329170135,8603.7249428751
2024-11-13 12:45:00,1520.0622600348468,1523.7245526215293,1514.712798097413,1513.8350103589253,899.3503252145789
2024-11-13 13:00:00,1531.564254470035,1541.8127865806944,1527.2350963435695,1537.202639905436,5572.529007350535
2024-11-13 13:15:00,1558.3259198138692,1559.4946608990458,1549.6906443743712,1560.1222291391923,9343.401195127866
2024-11-13 13:30:00,1577.1053585621905,1574.4352872205507,1569.3209988377644,1567.7382242892513,3643.7467389787025
2024-11-13 13:45:00,1571.9943047527445,1577.208458131247,1571.569796464743,1572.697725595102,496.3848143093931
2024-11-13 14:00:00,1579.9929879999495,1584.1565185473958,1573.0712447858766,1581.3670665508316,8682.08938328613
2024-11-13 14:15:00,1583.200376004094,1593.1158792664503,1581.3712230270294,1584.7822013922364,2176.539762975196
2024-11-13 14:30:00,1586.0355776438498,1595.1870257295905,1587.9137571348206,1587.1470220145422,3183.182576212439
2024-11-13 14:45:00,1606.6219109219608,1616.5266202348193,1604.7622570468693,1608.2253142131533,5391.670487211649
2024-11-13 15:00:00,1602.0249607416863,1602.3026736327836,1596.2992970093349,1602.914429761178,8976.220054432964
2024-11-13 15:15:00,1618.6319818305508,1617.5476429965443,1608.347344083109,1614.8395262768972,1803.4129818440256
2024-11-13 15:30:00,1637.805513547863,1647.9946261642656,1637.8097488490864,1643.8218252159104,2581.3106822927775
2024-11-13 15:45:00,1644.224616917021,1646.6152701586868,1640.036337325026,1648.8321743898782,2588.322440021946
2024-11-13 16:00:00,1644.7632974343333,1648.2140007352016,1637.5350862753296,1637.0407374874421,3640.4705037876406
2024-11-13 16:15:00,1656.047537048181,1659.7081814284886,1647.2911153251064,1655.3938457309062,5076.17920018394
2024-11-13 16:30:00,1627.8914752574342,1632.306993225158,1623.4366165238855,1628.8239726661454,6708.172462885958
2024-11-13 16:45:00,1612.9087236608132,1617.73655700411,1606.6612405660055,1613.037087665876,5576.524443170218
2024-11-13 17:00:00,1609.0374241883087,1609.5029619059987,1599.833803030718,1608.1002378601636,8490.648938991695
2024-11-13 17:15:00,1607.3786329193774,1616.7395277056714,1608.844874073145,1615.05879318934,7196.805884583455
2024-11-13 17:30:00,1618.466801549647,1623.0702169774797,1612.7037470513174,1614.218124347424,4837.590331737976
2024-11-13 17:45:00,1622.2564691147782,1623.0356729291304,1611.7313692279918,1620.8646056471375,5734.720130061647
2024-11-13 18:00:00,1609.061565939529,1613.7828702176412,1599.2887922287002,1607.9752876871053,5137.843734552386
2024-11-13 18:15:00,1602.8002810159219,1609.8708896318847,1597.1059064964732,1600.8230866013878,4909.688507217036
2024-11-13 18:30:00,1592.085243585658,1590.0167213641923,1579.8316578823121,1585.4145383427574,2063.3857945181453
2024-11-13 18:45:00,1582.423914420203,1590.7564738326591,1578.0992931750793,1580.7437722108618,5831.579212303836
2024-11-13 19:00:00,1561.3243086384255,1568.8326675779892,1562.6569193838495,1565.8106892731219,8300.605323786098
2024-11-13 19:15:00,1564.810082475743,1563.8289773153972,1557.4593748767802,1562.9526955513134,6481.900759732697
2024-11-13 19:30:00,1544.8595293699664,1545.859428738371,1535.5140866086304,1544.9550343926542,2101.6316997936565
2024-11-13 19:45:00,1527.4849224674201,1534.7766202223663,1522.5155745995403,1530.5082187395826,9853.967411236055
2024-11-13 20:00:00,1526.567626380152,1526.6063499005782,1518.745367910345,1527.0234183474827,7718.461500475952
2024-11-13 20:15:00,1525.1105360358213,1526.5858485939755,1517.5581196120118,1522.0567254282353,7174.071060878577
2024-11-13 20:30:00,1526.7728025042486,1529.5488792168478,1521.5875337819512,1521.4727209578834,6288.2764236316325
2024-11-13 20:45:00,1499.8940348444498,1502.6022828257865,1494.2630663492075,1503.8310632522073,8771.488759144031
2024-11-13 21:00:00,1508.8635025005663,1513.8867242738831,1502.032625094602,1512.6188478121373,1323.9685308263563
2024-11-13 21:15:00,1518.3934819694027,1523.0843765948002,1513.194279154832,1517.2878147085405,6306.632581965101
2024-11-13 21:30:00,1497.0336374655471,1503.4574591396245,1493.832974550697,1498.3298487172517,1070.9959966103602
2024-11-13 21:45:00,1546.127146489982,1544.9125737000768,1538.8540698853942,1542.4573401140694,2853.5347540998664
2024-11-13 22:00:00,1527.6005383182126,1534.7358744845556,1525.3361966589782,1524.3297866656214,3553.5129204893806
2024-11-13 22:15:00,1520.5972956866528,1528.5091988705376,1514.5025843265107,1522.4406218631887,9583.415027558307
2024-11-13 22:30:00,1510.8250241750106,1516.6934877185263,1509.228676083302,1516.206364167449,7119.332192997199
2024-11-13 22:45:00,1485.1030567516357,1490.7813315881306,1481.9039530455393,1488.2666694508189,360.45636214575876
2024-11-13 23:00:00,1489.485074180685,1500.3449022916134,1489.2528240193253,1496.3121212119693,1684.9057862668844
2024-11-13 23:15:00,1471.4789169198848,1477.8299498096658,1465.512997010226,1468.0277869743245,2452.8084860675235
2024-11-13 23:30:00,1490.4685367161776,1490.2045392956923,1478.4945746639114,1490.041432087057,4496.348680458398
2024-11-13 23:45:00,1480.382585423408,1483.5292416753841,1478.2765127436887,1476.9158399577975,1302.2124460462137
2024-11-14 00:00:00,1465.0083613938316,1477.068553784521,1464.025011618732,1468.7721116165822,1701.9563532794598
2024-11-14 00:15:00,1491.5472187952298,1494.3917609377647,1483.6373552638995,1490.9001903320445,9645.67426438617
2024-11-14 00:30:00,1482.9349442822504,1487.8195039239772,1480.0699925733632,1488.6046199945727,4483.434108203838
2024-11-14 00:45:00,1486.940915618783,1490.748044649386,1483.8011236336147,1488.6828451701579,1275.472694548594
2024-11-14 01:00:00,1506.2792670317958,1507.7971748658454,1497.822177598513,1502.3183662555277,9389.73874269528
2024-11-14 01:15:00,1508.5974035481909,1512.21086779763,1500.3300628023312,1510.0836257022452,1000.4743138194849
2024-11-14 01:30:00,1490.7613472626545,1500.2333631535869,1489.3676909225808,1498.0456977460394,8174.08977284429
2024-11-14 01:45:00,1490.9394539930074,1495.466812433698,1486.8411961075208,1497.1556711792662,4812.322956172192
2024-11-14 02:00:00,1461.9601453725513,1473.8604405488193,1461.6262577899874,1471.3255448276084,348.8747294266218
2024-11-14 02:15:00,1452.5526753673862,1460.1147666049274,1451.3718003991903,1457.45752573145,3033.485852027275
2024-11-14 02:30:00,1458.4703539615075,1464.4369609782837,1455.9221722104821,1461.0531854801504,7011.499463839498
2024-11-14 02:45:00,1432.6778329196154,1441.4338445828087,1430.9012649789427,1434.494343043503,4247.153461847754
2024-11-14 03:00:00,1426.3216427900643,1432.8387054758762,1417.4136516589183,1424.2113691692643,6188.3453120138765
2024-11-14 03:15:00,1441.2985754953343,1441.9759388308055,1436.675606846496,1443.3248023144142,688.9109880641021
2024-11-14 03:30:00,1441.8115428398633,1444.5407749099002,1433.0955896227097,1434.4681143583086,4450.481888814066
2024-11-14 03:45:00,1450.328504975228,1456.9312430419373,1451.3284421699523,1449.9916603497168,6825.431629175981
2024-11-14 04:00:00,1463.5168830670295,1468.6278734437458,1460.4199187199993,1464.9612128430717,6108.1581921234465
2024-11-14 04:15:00,1496.8024474018666,1504.9714928761598,1492.3607789696055,1492.6846322295803,7627.788792232723
2024-11-14 04:30:00,1503.036570438177,1505.4148335372972,1499.7381338219157,1506.714666983577,5199.503037750925
2024-11-14 04:45:00,1495.51966398246,1502.9110744468671,1495.7650441339165,1499.6241951941308,4800.1849059988435
2024-11-14 05:00:00,1485.0012761042487,1493.8307029642451,1484.6876630383906,1490.79421703576,4901.774395882724
2024-11-14 05:15:00,1468.6058009315957,1475.263124842872,1464.8314758032475,1466.7214000028052,7370.542846019237
2024-11-14 05:30:00,1447.1402249909027,1450.860161346724,1442.1287995671003,1447.8808479684408,6724.677448616176
2024-11-14 05:45:00,1463.7417061717865,1468.4268471453736,1457.6949385575638,1460.6867265710296,9484.669470082737
2024-11-14 06:00:00,1445.2239594714597,1447.9644851367589,1440.0051502144886,1440.4991094984448,7333.200701610496
2024-11-14 06:15:00,1461.9571252110527,1469.4354023131584,1457.745056375789,1460.0921854144237,3962.407198950598
2024-11-14 06:30:00,1469.3022386984449,1475.4210492194982,1463.6853923874671,1467.3379007149747,9480.122094741699
2024-11-14 06:45:00,1468.0239716611923,1473.1471356537515,1460.0146760745824,1463.5547552400985,2687.1972103390303
2024-11-14 07:00:00,1477.2527834186496,1486.3344725523084,1473.4310051091954,1481.8045648680466,2619.1087616691248
2024-11-14 07:15:00,1476.5889744647477,1480.3876521497755,1470.5643611546527,1481.6530620137676,4313.747350901441
2024-11-14 07:30:00,1497.1988793775574,1501.781832600395,1494.2301030089466,1500.1815061237721,5287.9219425904585
2024-11-14 07:45:00,1489.2582671801724,1496.0076274843418,1486.439691369353,1491.5142121623423,8479.46268776334
2024-11-14 08:00:00,1475.8556386795722,1475.9343831517715,1465.0151693487546,1472.1602723076455,6110.036121910807
2024-11-14 08:15:00,1476.5449506395214,1483.0903830820657,1472.6875739537224,1472.500607014933,9713.407451421577
2024-11-14 08:30:00,1477.745557468608,1484.2839523518778,1469.659714455922,1473.0086214924384,460.4220796075434
2024-11-14 08:45:00,1514.9702534127705,1518.367883809872,1510.3547578532894,1512.8570031447966,6752.274118634303
2024-11-14 09:00:00,1512.1893263536704,1513.6825545638637,1505.5409793873234,1514.4098289145884,626.1269817729683
2024-11-14 09:15:00,1504.008503504001,1511.1775386402624,1499.0884576707733,1501.2521420648634,4241.8345862770075
2024-11-14 09:30:00,1516.5932293993992,1518.8811875003846,1508.3650681332717,1511.1471107598434,9822.4519519374
2024-11-14 09:45:00,1525.2437927904234,1524.994260906186,1517.137770488329,1521.1447930754746,1175.9944138492638
2024-11-14 10:00:00,1526.2748351517066,1525.9635556475243,1519.9246235498395,1525.5810315120377,8450.934494542524
2024-11-14 10:15:00,1534.972734626113,1537.407890031494,1526.7549826282068,1538.7477502186964,5564.655340105128
2024-11-14 10:30:00,1530.527257489563,1541.3863599606873,1528.0053482447388,1536.1374357814857,3366.416743786767
2024-11-14 10:45:00,1544.5745399882455,1548.9435442783572,1539.5991981532409,1542.5823519884036,7691.041884702896
2024-11-14 11:00:00,1523.855118395492,1529.9828045810684,1520.631490607961,1524.2841034151984,9521.966090189757
2024-11-14 11:15:00,1508.818276152205,1510.569661407078,1499.4223660883877,1509.8777598036936,7823.025032950809
2024-11-14 11:30:00,1500.8582053181224,1510.035062216572,1500.5122974229635,1507.4183794056455,6121.244831863944
2024-11-14 11:45:00,1513.9581954251996,1513.630574170817,1505.584914118844,1507.212294117354,1262.8689295293811
2024-11-14 12:00:00,1502.48590347333,1511.3767879266495,1501.6536245181876,1508.7350466603089,8103.86516650751
2024-11-14 12:15:00,1473.9107968517349,1480.7999345871851,1471.8879451409543,1473.8622309624525,8797.445848253152
2024-11-14 12:30:00,1476.8266111260211,1474.4360256585305,1468.8087965190325,1476.9643715982995,4922.767756595376
2024-11-14 12:45:00,1489.0137582872926,1491.9543929023064,1480.2287083217943,1491.9486730157705,5648.900153827302
2024-11-14 13:00:00,1494.126649544878,1502.4463798172053,1489.939635159455,1492.05020536708,3673.0932769665446
2024-11-14 13:15:00,1510.5170673331254,1513.9160581263654,1506.7466808062568,1512.336147295738,6339.207343309794
2024-11-14 13:30:00,1519.1225826812401,1527.6734019197418,1514.8060895680721,1518.9919954094976,8992.093818687463
2024-11-14 13:45:00,1511.17211337156,1511.6144920286763,1500.8232992157878,1508.6998232839128,477.82456026213094
2024-11-14 14:00:00,1500.485547499716,1501.5880029835969,1492.616572417194,1495.7094455331508,3771.4130146256334
2024-11-14 14:15:00,1496.1111337552788,1497.3928445606498,1485.239388731151,1487.4418105157883,8378.056965360382
2024-11-14 14:30:00,1489.013835870017,1491.82617802903,1486.4309192957471,1489.6582939492753,4181.374162925262
2024-11-14 14:45:00,1497.61921527447,1503.8610618134815,1491.7110341328923,1498.3559908745297,7374.418551915019
2024-11-14 15:00:00,1489.7196461980936,1496.8949452213787,1483.0435238698547,1485.3356649147424,6353.56847595739
2024-11-14 15:15:00,1481.101240774508,1487.872920281203,1475.7840209095284,1485.6888340704425,7732.054606685154
2024-11-14 15:30:00,1486.9131644760673,1489.8076538896507,1484.1318418061985,1488.6687977792046,4409.808200996243
2024-11-14 15:45:00,1496.6331150248805,1505.7016618024943,1495.6285580993358,1501.5813190872875,3062.6465331169707
2024-11-14 16:00:00,1485.2185671791185,1488.9545443286552,1478.4764820604514,1489.7887416786148,603.7757080581786
2024-11-14 16:15:00,1467.2313549537548,1473.7942370838643,1463.7581643344397,1465.799353396012,494.73289943344554
2024-11-14 16:30:00,1483.9463256443191,1488.6712805140317,1477.0531369300554,1479.4629784808226,8177.058875170227
2024-11-14 16:45:00,1467.501009834474,1469.8644511713717,1460.5094338048045,1467.4236918122806,2643.7212914932
2024-11-14 17:00:00,1458.5304188451832,1466.522876949166,1451.417345697951,1455.754221274291,1682.8201071709182
2024-11-14 17:15:00,1457.8727088122498,1461.324628649595,1447.8133920105279,1456.7580105254228,8202.642752320218
2024-11-14 17:30:00,1471.5910117288904,1476.3733678547871,1466.3124488868536,1473.8210608525296,9521.987238838345
2024-11-14 17:45:00,1458.29115122813,1465.8692477940247,1456.00159916652,1458.5045299544693,1730.4666742244046
2024-11-14 18:00:00,1472.4276862001705,1479.6704039841686,1469.4855198373027,1469.849170485349,9171.512534337377
2024-11-14 18:15:00,1480.7049325965493,1483.2377225727084,1475.542752101265,1480.4691969956762,9695.534542386313
2024-11-14 18:30:00,1486.5581063272934,1488.9444802515106,1481.267615281417,1486.037529857034,1764.0884637446027
2024-11-14 18:45:00,1471.502997871424,1483.0578919923566,1468.502634515693,1478.249985356608,2170.3998903717998
2024-11-14 19:00:00,1451.4314980909592,1460.1553586159257,1452.3974656510989,1456.4569218694728,9108.333410035424
2024-11-14 19:15:00,1458.068137003824,1462.8828338573014,1452.0503422391803,1460.1333658933102,4648.218710629207
2024-11-14 19:30:00,1419.6866941736419,1424.9109259861757,1418.0599857293053,1419.8698558384704,2608.845125449176
2024-11-14 19:45:00,1429.8058786120052,1428.360034446435,1419.265054211238,1425.0364949642358,1903.5453099307852
2024-11-14 20:00:00,1424.0756824108769,1426.9173090059471,1414.0767082586453,1421.5040277936969,6199.969496556925
2024-11-14 20:15:00,1426.0279149320852,1429.6643668089164,1423.918482661511,1423.8625594052382,907.4166489340226
2024-11-14 20:30:00,1439.6347563459938,1442.8148299442698,1433.736888366346,1443.1964100892728,6394.99660971332
2024-11-14 20:45:00,1437.4695869811933,1437.6288123491206,1429.7221081973125,1440.3768634384282,7647.123625943169
2024-11-14 21:00:00,1414.3379429339727,1416.4094986704358,1408.4676609593907,1411.303118704419,7506.493887036292
2024-11-14 21:15:00,1408.0092317414503,1414.1472483282698,1409.555507398063,1409.8510104546065,5364.858408606297
2024-11-14 21:30:00,1402.9030506632632,1407.8223504953355,1396.490595754528,1401.8547795926675,2805.1969953615376
2024-11-14 21:45:00,1393.5942592830459,1394.0093633093793,1387.0887817868747,1390.904211872729,8898.43029102553
2024-11-14 22:00:00,1392.1462329026758,1399.201350104811,1388.7574171351996,1397.9356005365892,1795.6811314544964
2024-11-14 22:15:00,1396.101661421391,1406.0091914071406,1394.4567455514332,1400.020315849517,1837.0112051938738
2024-11-14 22:30:00,1375.107440627187,1379.8638995700717,1368.6195287527387,1374.9685143197833,2754.647801713157
2024-11-14 22:45:00,1376.6996907882547,1377.9294020546808,1368.5506185125519,1378.5985157626849,5590.349551238158
2024-11-14 23:00:00,1361.6040913576865,1373.3465592837695,1362.9714567600438,1363.9217795146783,7024.637955829927
2024-11-14 23:15:00,1340.4045151960481,1343.6121304871185,1332.59220827181,1334.8990921925226,9482.071236042439
2024-11-14 23:30:00,1321.4435841154304,1320.855907401886,1311.4646196359465,1313.5906922137883,2573.9449525588757
2024-11-14 23:45:00,1295.4848770228214,1300.3245212256593,1291.073914927066,1300.1386507621319,5736.156887213949
2024-11-15 00:00:00,1277.9256213188023,1278.8449338271628,1272.7054750840673,1277.6612354679914,5495.343911335063
2024-11-15 00:15:00,1273.7916512404595,1282.2019680224732,1272.1242410684242,1279.379770654085,8058.194600268286
2024-11-15 00:30:00,1262.0829362664783,1263.508852152123,1258.5018949736059,1258.6989611638285,3518.7827680728337
2024-11-15 00:45:00,1255.127531998321,1260.2962037597938,1251.631908106313,1254.0081814885543,7355.413334236953
2024-11-15 01:00:00,1264.737429862311,1270.8664811701178,1260.409491733992,1272.3573847706436,4228.241891127638
2024-11-15 01:15:00,1252.0562619431041,1254.370007187675,1246.567743699742,1250.225058993601,4853.527497887148
2024-11-15 01:30:00,1232.0269981146632,1244.4712704655306,1229.6325798615208,1241.7254903810185,3743.5775317783323
2024-11-15 01:45:00,1249.213047640124,1254.3844202421628,1243.9530428173957,1247.9383720470648,8335.812284936343
2024-11-15 02:00:00,1229.4810403916092,1227.147058237461,1221.2709924837557,1224.3551810508807,1106.8466582410838
2024-11-15 02:15:00,1229.2574729350283,1236.4915011295013,1223.2081883826074,1235.125395411004,2317.377079686284
2024-11-15 02:30:00,1235.3474683487325,1233.9866288118117,1225.6558983461152,1227.8127251743422,2997.1189979154706
2024-11-15 02:45:00,1236.3371489273552,1238.4456751454811,1229.7541296750119,1231.918532164935,1069.3682192869765
2024-11-15 03:00:00,1266.2256844042759,1270.1193891876978,1258.327051376619,1259.0250053318666,8711.153611531408
2024-11-15 03:15:00,1268.7419115074724,1273.6967261050982,1266.358227338469,1273.719335149138,6524.047622995832
2024-11-15 03:30:00,1278.5361512368283,1282.8056435989135,1273.7341033760442,1279.7770554258148,6142.896950387085
2024-11-15 03:45:00,1284.887379579674,1287.774390451026,1278.0289296175076,1285.59955019779,1745.216737406732
2024-11-15 04:00:00,1311.8408565185744,1311.9887416364083,1304.9106546744836,1307.5102516351,2858.8392300992264
2024-11-15 04:15:00,1316.1559548886453,1324.3358850527975,1315.5810658374653,1324.543273931689,5900.7057666074
2024-11-15 04:30:00,1310.090545374473,1316.6319501312025,1305.5609419580774,1313.4927970654173,2719.7348179873247
2024-11-15 04:45:00,1316.8318697779296,1316.5643720177923,1311.457719022747,1315.6398780351253,5768.613787647472
2024-11-15 05:00:00,1339.4252515156147,1341.4330261309626,1333.546343088102,1336.3420893177672,7742.144979581913
2024-11-15 05:15:00,1343.4631042594638,1346.9566704115541,1338.1725978182124,1344.6346628034844,1493.2331708307527
2024-11-15 05:30:00,1359.9026625414435,1359.7233030540351,1349.6060650755346,1356.2353511051233,3297.3852044721743
2024-11-15 05:45:00,1384.433181322555,1392.5164260795968,1380.7689188952586,1387.4328779109053,1838.2037627671748
2024-11-15 06:00:00,1407.3195732618465,1412.9997490108658,1402.5170869361898,1402.1321055921067,4459.275903409916
2024-11-15 06:15:00,1397.5895275061928,1402.5628567133233,1391.453094760384,1391.5332580858592,9805.675996923741
2024-11-15 06:30:00,1382.4044763046727,1386.5879702599657,1378.500321903325,1381.8242772876022,6333.078156779624
2024-11-15 06:45:00,1385.5858597145575,1386.8179320794095,1378.9650836600429,1384.8037360573667,5323.07349252814
2024-11-15 07:00:00,1399.244773159285,1402.2159872614684,1391.7295600829582,1397.853326421217,8023.743885490655
2024-11-15 07:15:00,1384.802093046841,1393.4975590344848,1384.5579143192706,1388.627566649785,3055.849936505511
2024-11-15 07:30:00,1380.4707108053622,1387.8190775522492,1374.9088546257858,1381.3535709465752,1649.6074244974575
2024-11-15 07:45:00,1399.0954744508115,1403.7432334518105,1391.9568669508012,1394.1096441325476,4287.351941377355
2024-11-15 08:00:00,1389.1050753827471,1395.966870790741,1385.8548867060836,1394.6702860003224,7493.272280394689
2024-11-15 08:15:00,1380.7302835994924,1388.7401518608997,1380.4427415546718,1378.372143106608,1130.027023408973
2024-11-15 08:30:00,1412.4996613738008,1420.1660128528608,1409.515491878754,1409.6458685841442,9142.656588845926
2024-11-15 08:45:00,1425.4730020068191,1432.359698515614,1422.8461551430944,1432.748384234554,8365.57856201824
2024-11-15 09:00:00,1449.6920045253896,1458.1490063928895,1446.9888832760532,1453.6598893827136,2643.5139615599287
2024-11-15 09:15:00,1456.9312888693769,1462.4656275612763,1453.1614144276691,1454.7673643609346,5154.423976462335
2024-11-15 09:30:00,1466.0391192031207,1468.1815225605624,1463.0116440610047,1465.8916695418923,2686.7978607982614
2024-11-15 09:45:00,1464.6846773867803,1467.0948666650227,1462.8789604301471,1467.8915536099698,406.95175200002484
2024-11-15 10:00:00,1483.5197436808717,1492.0243762776424,1484.0131088909045,1486.2827442475666,6457.2780731917965
2024-11-15 10:15:00,1520.3497881622197,1522.8015333198955,1508.6758296700264,1515.696331913952,5062.495764442819
2024-11-15 10:30:00,1512.1188671586444,1515.594861524771,1507.758712776112,1513.3800222660682,4478.900171406943
2024-11-15 10:45:00,1508.1351908991114,1515.414641565606,1503.6070176674525,1512.336711672906,798.8825367596586
2024-11-15 11:00:00,1514.8028948743909,1517.7490795525298,1504.707239480557,1513.8883191131479,6459.791723396744
2024-11-15 11:15:00,1528.8919002577852,1532.8820131276325,1524.0335892313144,1524.5095809389795,3014.3416345296
2024-11-15 11:30:00,1504.7882977422616,1510.2954638131591,1501.1072943877548,1503.3248342199659,4593.2432079864
2024-11-15 11:45:00,1517.7383157943104,1522.1031620844126,1515.6441763460098,1523.9135183018693,4712.604133324966
2024-11-15 12:00:00,1511.2390469844843,1522.505260477531,1511.905483889697,1518.151482035254,7196.348823638036
2024-11-15 12:15:00,1551.7583248206636,1553.0661945609986,1540.504200684255,1545.2374831402537,6256.045581192749
2024-11-15 12:30:00,1549.427781576816,1552.5980971793938,1544.1282491878997,1552.7110684039988,6327.580030939668
2024-11-15 12:45:00,1561.4863369302816,1561.9140635467088,1556.70863932422,1563.158290788391,9413.954250851593
2024-11-15 13:00:00,1555.1066977450757,1562.1806997377048,1553.9104581889378,1555.0813747917289,9531.539389548645
2024-11-15 13:15:00,1557.748734105884,1570.0204574537518,1557.75421856674,1559.188016790761,4844.7857408840355
2024-11-15 13:30:00,1553.2041213108719,1560.5214731406786,1549.1903221019795,1552.5509611043,3765.561299643836
2024-11-15 13:45:00,1563.0347297506376,1569.943735395027,1557.0065359535786,1558.900515841806,6507.566386988661
2024-11-15 14:00:00,1592.1397097335196,1591.760760106971,1580.0640051694593,1586.109297627933,1255.7010122816264
2024-11-15 14:15:00,1569.5699185424814,1572.590066691595,1566.3556796987496,1569.2294344282323,6934.20008925001
2024-11-15 14:30:00,1556.995329816033,1555.8495734877927,1547.4152942741857,1550.0858816310092,4984.726124025343
2024-11-15 14:45:00,1542.571012778428,1544.631527987131,1535.1650713677482,1536.0894956040383,673.1378354107744
2024-11-15 15:00:00,1532.8476551844167,1537.8173002688484,1530.0274572852215,1538.3888176899109,3107.0012222059354
2024-11-15 15:15:00,1551.0485980322787,1557.544208270501,1547.312181951562,1552.4560965219925,1292.8287099501106
2024-11-15 15:30:00,1558.180547170644,1570.0087582667427,1556.0313519534855,1566.7282008916654,4203.971182140104
2024-11-15 15:45:00,1552.9765768444227,1555.5295467945787,1548.9556105769555,1553.3236462485302,4430.025065271511
2024-11-15 16:00:00,1557.0476645519286,1562.0817521045624,1553.6996257972871,1556.4664465456556,5925.034840724569
2024-11-15 16:15:00,1547.994028007123,1556.0483456868433,1549.4224798255432,1550.7138447098112,8737.761615631216
2024-11-15 16:30:00,1556.3942953149303,1559.2976390904391,1551.5834748359678,1560.8427286132433,9746.311243126167
2024-11-15 16:45:00,1547.7091342912915,1557.5003260980927,1546.6233566816368,1547.726382874145,4434.433716709281
2024-11-15 17:00:00,1548.683155647681,1550.27164056192,1544.8392218891993,1544.981534189935,7966.582208867652
2024-11-15 17:15:00,1550.6288600722326,1558.1515999074304,1545.3409540128212,1546.3790189726778,8664.812600683015
2024-11-15 17:30:00,1544.849312455557,1546.2682057868385,1534.1665939324555,1539.422398882047,6729.386629047965
2024-11-15 17:45:00,1542.0159727876082,1553.817336244956,1542.4012604954303,1541.346085156727,6124.172735555011
2024-11-15 18:00:00,1554.808704759669,1558.721564484302,1547.364593926437,1550.2973267634438,2966.21223717387
2024-11-15 18:15:00,1588.3822971658933,1592.1843019742307,1582.6279306644913,1591.7597867193942,186.63659372891954
2024-11-15 18:30:00,1587.5990191994779,1592.5041503202635,1578.739849550829,1580.5748335213225,5798.511072893786
2024-11-15 18:45:00,1611.773916693629,1611.1924641338803,1602.9547587462123,1607.2388219412255,948.1353441701609
2024-11-15 19:00:00,1587.4520385262294,1598.708912069492,1584.4001717372505,1587.6023663552935,2737.2312369304245
2024-11-15 19:15:00,1595.7351368951006,1600.511040232693,1586.7543514371334,1595.3481553825497,4986.150786808234
2024-11-15 19:30:00,1613.4777965227574,1618.227700306307,1609.889891437618,1610.2562547922714,7309.431004875261
2024-11-15 19:45:00,1611.3362584987863,1617.054058088426,1607.332581825152,1608.3574335740584,6030.901275023531
2024-11-15 20:00:00,1611.7286450273546,1618.8191701786216,1607.5420234707526,1611.5658139708353,7160.187371889955
2024-11-15 20:15:00,1624.9363095677813,1633.897947440122,1622.4051568376917,1626.0836943615511,1976.4825437226698
2024-11-15 20:30:00,1655.8622620314986,1662.582784659618,1650.754321233001,1656.3833553592851,1202.7329718552492
2024-11-15 20:45:00,1665.4550947955386,1667.1241384830157,1654.7635500982326,1656.3370356556256,6480.23390829942
2024-11-15 21:00:00,1669.1786999333522,1675.2664863172274,1663.2253535406537,1672.2649502846834,6081.148963500907
2024-11-15 21:15:00,1654.6683530164644,1655.4493715632639,1647.4377291003743,1651.6936080461396,9894.182751014412
2024-11-15 21:30:00,1638.1596104215034,1637.9630348191092,1630.1252987056957,1638.0179157537061,5600.904725647765
2024-11-15 21:45:00,1623.4480052922293,1633.7941046256792,1623.405866701803,1631.5437570333854,9749.408166489386
2024-11-15 22:00:00,1614.7463299504288,1618.5726608773755,1605.670042359837,1610.833009667848,6437.5404037173075
2024-11-15 22:15:00,1606.28115011198,1611.1711266184543,1601.440456097609,1612.347575263145,6759.583059270629
2024-11-15 22:30:00,1620.6749674017888,1629.5166261387574,1619.8674928576618,1627.100834397963,5269.1064287341
2024-11-15 22:45:00,1621.2080214062248,1630.4140371096262,1622.7602979170013,1628.585337207188,5246.413145938988
2024-11-15 23:00:00,1630.010093145051,1632.097995678508,1619.1077726254089,1625.2403842671265,6866.860943541061
2024-11-15 23:15:00,1613.3786821991862,1618.3405450819594,1613.5192696215065,1612.412283299385,9021.09179290398
2024-11-15 23:30:00,1631.4890689720776,1631.6029114480175,1624.0708209243332,1630.8360590717386,3929.629674248201
2024-11-15 23:45:00,1660.392922527502,1663.8188920683021,1654.8528498610074,1659.1553789179497,3289.3091997584784
2024-11-16 00:00:00,1644.6002902308817,1647.3648771111766,1641.8373285175003,1648.1529174215361,9799.01638022396
2024-11-16 00:15:00,1633.5274048758092,1634.4669727289108,1627.5405425681668,1635.639551687553,8289.911515017306
2024-11-16 00:30:00,1636.936245847601,1636.203881039296,1626.258929727273,1633.9209309296373,9499.719227090045
2024-11-16 00:45:00,1630.6756239364674,1637.066234865612,1626.8229184960062,1631.672582101935,8216.388678744708
2024-11-16 01:00:00,1631.164229436938,1631.3835606812545,1624.3826287369263,1630.9431339160994,3044.2842426914845
2024-11-16 01:15:00,1631.7924696652037,1640.988716032225,1626.054737506949,1632.870936507599,2996.765580906285
2024-11-16 01:30:00,1623.9805226703838,1633.0576360131022,1622.319546960192,1628.4579516209758,2524.785009000667
2024-11-16 01:45:00,1643.9741711342388,1642.125177709757,1632.9443918246154,1637.0582025047804,333.1218768355442
2024-11-16 02:00:00,1631.1303128794236,1638.9766995447808,1626.003310747785,1633.5959212294767,5606.352374516028
2024-11-16 02:15:00,1611.4853804064578,1618.9714071290002,1609.082544812513,1608.8887584735999,5028.163113614823
2024-11-16 02:30:00,1622.1075599951253,1628.0261666677966,1613.487462284864,1623.1390857381498,8376.757465106037
2024-11-16 02:45:00,1609.4956416964476,1620.0033145420218,1608.46816374451,1616.8665517879388,8020.253411688427
2024-11-16 03:00:00,1618.8549012582291,1630.3276682984197,1618.107458996264,1625.0857504436392,4888.253072464268
2024-11-16 03:15:00,1614.5272928121149,1620.9080962907128,1610.8756873643,1617.9092979202528,3578.195730247871
2024-11-16 03:30:00,1626.6912570620252,1628.2296892407403,1620.7251316989204,1622.7439446219532,5201.536617523484
2024-11-16 03:45:00,1613.9753174077914,1619.347863975657,1608.090002726725,1617.3178806567082,8380.193746214522
2024-11-16 04:00:00,1621.7684930594505,1624.0197186139956,1609.7714471834454,1618.23647298757,4655.20737089778
2024-11-16 04:15:00,1605.0483452298313,1609.4166306425577,1597.0055303971021,1604.9528699566342,6000.612350022413
2024-11-16 04:30:00,1606.768503911956,1610.084208980466,1599.7591398615064,1602.42516001192,4062.5373155371126
2024-11-16 04:45:00,1596.3358114254643,1605.232821053556,1593.630358915539,1593.9990479289866,1852.301366272782
2024-11-16 05:00:00,1613.9529605761672,1612.4043269719295,1602.5701451683576,1609.2208535569584,8286.7973378265
2024-11-16 05:15:00,1583.8645571053964,1592.273550560451,1584.3047005901406,1583.1068092937494,8154.515140607244
2024-11-16 05:30:00,1585.0429385375505,1590.4948220432682,1579.042733046395,1582.5662583063972,2068.528154779695
2024-11-16 05:45:00,1543.3285819089915,1548.9627742603484,1539.3322314444629,1546.2349242650366,4842.197505765299
2024-11-16 06:00:00,1556.1144147559473,1560.6486253931757,1545.7676998634254,1554.9331372927518,329.6993064989867
2024-11-16 06:15:00,1558.2838746502616,1560.023083651311,1550.7331170304967,1562.2518076705362,5633.398914995565
2024-11-16 06:30:00,1553.6419053880454,1563.4549589343062,1553.6921356423904,1557.1287365403355,4091.0656013771104
2024-11-16 06:45:00,1562.598716486585,1568.225119560992,1560.1341932321739,1562.3115378501366,6947.549755262272
2024-11-16 07:00:00,1562.8880070977914,1567.312869322729,1562.3728854022825,1562.5547231636292,3171.2767358124474
2024-11-16 07:15:00,1556.243674050276,1558.4783015228888,1547.3964668803524,1550.2456828104616,2603.350887816751
2024-11-16 07:30:00,1551.5092140212987,1555.2116783510955,1541.29489651556,1547.8979436334207,8610.962626474031
2024-11-16 07:45:00,1570.1062849136713,1572.138683341388,1560.1463859455596,1562.0250379284123,1374.7073947219003
2024-11-16 08:00:00,1556.2174150623257,1562.3531673390155,1552.9474729957844,1555.6049483527886,2262.849554180139
2024-11-16 08:15:00,1551.7942880876462,1551.7277002625378,1542.581406719413,1551.163787001762,2473.1212918748697
2024-11-16 08:30:00,1542.7934768418556,1550.493429263494,1538.6339972881158,1543.7414784234804,926.0039893105696
2024-11-16 08:45:00,1541.5783949617905,1545.0269382985884,1531.2436938051749,1541.4082021267445,5784.935411772453
2024-11-16 09:00:00,1524.0368596931412,1529.01963920943,1517.9202852393164,1521.0864458653843,6282.953976651339
2024-11-16 09:15:00,1528.0492751777062,1529.5141820053584,1516.953839646771,1524.846078608215,8171.986322433294
2024-11-16 09:30:00,1532.689393488659,1535.1076404768544,1521.9254289936919,1523.9493653424042,8849.39753933895
2024-11-16 09:45:00,1528.3166035385111,1531.7231850598043,1521.5583478029491,1534.1858208098863,8099.614192843805
2024-11-16 10:00:00,1532.1176862859056,1540.883640556757,1530.1392897122544,1530.851008260616,6142.363731646235
2024-11-16 10:15:00,1538.5881227938976,1543.0730856375005,1532.3005847460374,1537.015645827402,4998.579234791042
2024-11-16 10:30:00,1560.0570737684438,1563.3996235421246,1555.4474916210481,1556.5216121314425,7635.255452669836
2024-11-16 10:45:00,1545.5551906476805,1558.2987714967467,1546.2775437027599,1553.4057239255078,884.5855817213322
2024-11-16 11:00:00,1538.2005326555754,1545.1875228711535,1531.3734202022722,1537.4502546047624,1179.6931937390316
2024-11-16 11:15:00,1527.2150214829287,1528.4590231313646,1516.0312797997276,1526.4390634447914,5143.0766421251665
2024-11-16 11:30:00,1545.7127307256526,1550.3276607336838,1539.4904092411393,1545.6233654897662,7432.798601358184
2024-11-16 11:45:00,1529.7601197794183,1529.2638032965033,1520.8376478217183,1530.9635367657065,7795.553867433262
2024-11-16 12:00:00,1530.4043332056829,1537.4343271810546,1526.260970403947,1527.5839781362538,8853.723944677926
2024-11-16 12:15:00,1525.0306268340505,1527.654375367382,1513.880562445133,1523.1232713099387,9209.093650472427
2024-11-16 12:30:00,1522.8847326357095,1527.917888812657,1521.21827087619,1521.4098225156413,1868.4972680821138
2024-11-16 12:45:00,1522.4248089248727,1529.683999645886,1520.2573724271028,1522.816068585399,3490.5241504403134
2024-11-16 13:00:00,1496.4384935983812,1499.54708463488,1491.4906010869618,1491.1549740578412,9321.60846064377
2024-11-16 13:15:00,1495.3501148370842,1500.9645483432816,1491.5952716446557,1494.226226834844,1184.1162309216493
2024-11-16 13:30:00,1483.770869632585,1485.4577171448395,1476.013102028969,1478.0544366081986,3916.8098546661868
2024-11-16 13:45:00,1475.110634802806,1476.5646162743928,1464.3051395522475,1476.035804524929,4332.487518745018
2024-11-16 14:00:00,1480.653150664346,1493.535137370504,1478.5739740036734,1489.3870616000836,1063.8800290496442
2024-11-16 14:15:00,1485.6641250886573,1489.6653762710596,1478.3667009551039,1479.414997543041,8900.298873577985
2024-11-16 14:30:00,1497.0736073387825,1498.955003350445,1488.3641656955165,1489.245376684709,2448.385286589
2024-11-16 14:45:00,1514.3804949519579,1517.7203167665093,1506.1841257445737,1510.2054202622312,1235.4688720880636
2024-11-16 15:00:00,1520.5529473337383,1528.6044249082681,1521.6239712297322,1525.022172380748,3491.0302213399586
2024-11-16 15:15:00,1532.1369826153832,1537.983716504662,1531.8120691110762,1534.858801589477,3760.896697356292
2024-11-16 15:30:00,1521.4761685617054,1531.5151789234553,1517.6700552150953,1525.9551760149996,140.59491145034465
2024-11-16 15:45:00,1523.6196243510526,1530.055789433011,1517.3229984830568,1522.529508821763,3423.337056655332
2024-11-16 16:00:00,1525.3692935796023,1531.6501547015712,1517.5412878259974,1521.749272236309,9986.77609518343
2024-11-16 16:15:00,1538.0892131884361,1540.1343826328618,1529.2791100241202,1533.5918364611791,9274.168454373184
2024-11-16 16:30:00,1531.270339955479,1531.0611939372793,1521.2305810701591,1531.5963265393066,6417.0977356117955
2024-11-16 16:45:00,1523.5239598098872,1533.139406147675,1524.0532749624465,1527.0446128823153,6901.20465581234
2024-11-16 17:00:00,1526.945829172038,1529.1041739116347,1519.9522622863046,1519.0636806167852,2846.875643483462
2024-11-16 17:15:00,1506.6941488354562,1513.15577793033,1500.8850272741386,1505.4497411701223,8123.432847969452
2024-11-16 17:30:00,1513.3046601013593,1517.434319901031,1506.097109161615,1514.4498270975018,7603.618239599846
2024-11-16 17:45:00,1530.7789821744348,1528.7294780481632,1522.4853012102226,1525.300158380107,1462.841712889088
2024-11-16 18:00:00,1523.5433762773728,1522.5982695242803,1515.3956678761629,1516.3962196008088,3882.6113412562713
2024-11-16 18:15:00,1550.237030709151,1556.864114629597,1543.1241835826684,1550.1443272447052,7634.973657752329
2024-11-16 18:30:00,1511.5719200809642,1518.5697225434271,1509.2888225183904,1513.8663500640973,5833.319417543988
2024-11-16 18:45:00,1522.0321830255045,1526.8929999538518,1518.854267495858,1522.7536073091271,4201.77215839739
2024-11-16 19:00:00,1497.494933538722,1506.8760954950246,1493.7204693866156,1498.9329328658475,8610.447950656117
2024-11-16 19:15:00,1499.173585784933,1505.6476456434061,1496.7533086285684,1499.5301301437119,1984.8959254622173
2024-11-16 19:30:00,1483.0207918378876,1489.0968764778274,1476.1720110396382,1483.9345966921173,9839.52844324419
2024-11-16 19:45:00,1462.5231812092816,1469.6171669909602,1463.719585299498,1469.6976604555682,6446.364133483503
2024-11-16 20:00:00,1468.8981481739925,1477.6416741850371,1464.7757715733003,1474.3035900831348,2886.189253115273
2024-11-16 20:15:00,1488.9896496942483,1491.3874169081485,1481.333231633413,1489.192825430585,2211.7488014859773
2024-11-16 20:30:00,1483.1352402621255,1491.0284198437669,1477.0559089934839,1484.824048443669,308.30997226812167
2024-11-16 20:45:00,1472.6885409248282,1477.8888359522198,1471.0624070584602,1471.8504026870448,2609.3167400503726
2024-11-16 21:00:00,1471.0601476151428,1473.5701799020549,1462.6982607326397,1473.0310026579957,6841.717861544346
2024-11-16 21:15:00,1476.1847419885028,1486.5618213511643,1473.2350997246313,1475.44643187827,5118.444713752335
2024-11-16 21:30:00,1493.7258324349057,1494.2440576592517,1481.357937767206,1487.6636764135342,4808.419829309663
2024-11-16 21:45:00,1509.6525618264143,1508.6318990191041,1497.6603234210213,1504.840478156414,9040.656117562217
2024-11-16 22:00:00,1521.3704843294456,1521.091805412529,1510.6692389745428,1513.2404405742009,4143.0183608070065
2024-11-16 22:15:00,1528.1965689189274,1529.891141269796,1521.2694683140103,1523.7667733114986,9116.077329736567
2024-11-16 22:30:00,1555.4465317952104,1558.5391779398537,1548.3480069874558,1548.414139552313,229.75817765338167
2024-11-16 22:45:00,1544.5587254514508,1551.8814881776093,1539.5270819248738,1549.0490339905723,7874.280001784453
2024-11-16 23:00:00,1544.1320585018157,1551.125513726951,1544.6312022503355,1550.2074731144598,8840.722435994587
2024-11-16 23:15:00,1539.5773765991185,1550.2599232394678,1538.6803016608794,1541.364894461711,2642.480448876051
2024-11-16 23:30:00,1536.5691059978988,1540.703940291905,1535.5896091040659,1542.528568248199,256.27214526118706
2024-11-16 23:45:00,1561.0040971291369,1565.5858221009057,1557.9162675566001,1564.7765983458794,8046.569640597902
2024-11-17 00:00:00,1544.4885497782943,1551.1440295629402,1541.2085465170342,1548.165486609408,4084.0307608603766
2024-11-17 00:15:00,1546.6812860487505,1552.2338320876627,1545.4038502139392,1551.5851772365952,5554.283732605068
2024-11-17 00:30:00,1566.4273846054264,1568.5842694064602,1557.583331967707,1565.9179972532797,8525.160227956685
2024-11-17 00:45:00,1563.841739040426,1571.501217989115,1557.2793084171733,1562.9180522511651,1957.2589190712652
2024-11-17 01:00:00,1572.3487457656277,1576.9778861003833,1564.1134271216113,1565.8478471505607,5608.763199087279
2024-11-17 01:15:00,1540.6119787915045,1547.8400534708042,1539.4301730949667,1544.6978009678348,4445.115964278885
2024-11-17 01:30:00,1551.5764066321606,1552.2346330551488,1545.2939041180605,1548.2871576498853,7523.83553007413
2024-11-17 01:45:00,1522.9695008839217,1526.8434366864642,1516.7227463111883,1521.890485190399,6955.088070668448
2024-11-17 02:00:00,1537.1686040386671,1544.1852403370362,1533.4386917779493,1534.3217983969803,6316.594848592036
2024-11-17 02:15:00,1525.4527957064245,1533.4432067424632,1521.6476966065968,1531.8503137130472,7836.416810904985
2024-11-17 02:30:00,1523.9323108825768,1530.079455129699,1516.26014398545,1522.341044882914,6151.32273763828
2024-11-17 02:45:00,1526.5642211384363,1535.2705169283554,1524.8015776227992,1530.3097439495712,3564.4765726060436
2024-11-17 03:00:00,1526.943864643544,1533.9757514492212,1523.203488113706,1529.3952324100007,2690.2852337700083
2024-11-17 03:15:00,1517.6197822583053,1523.8707201169461,1514.304775063691,1515.7696914063042,215.82074921016397
2024-11-17 03:30:00,1536.3875209549594,1538.8726490780343,1529.3191880894242,1534.1748921504118,3067.1445014841142
2024-11-17 03:45:00,1533.6601604735317,1541.0276153817595,1532.0401059756973,1536.9695888793756,3328.4041406933948
2024-11-17 04:00:00,1552.6935567774437,1557.4572751573467,1547.3930782561852,1552.3085781650354,2768.5604247910583
2024-11-17 04:15:00,1536.0249203766818,1543.772114275167,1533.6540667933248,1534.8633223356267,170.8734158525256
2024-11-17 04:30:00,1514.094856929809,1517.4830175709817,1508.444269456998,1511.0539868511094,7135.749592531084
2024-11-17 04:45:00,1507.0894933140964,1512.3360613327936,1503.80890967343,1504.7537727780925,8455.188775515433
2024-11-17 05:00:00,1518.356175717568,1524.3710759575831,1514.3954251248801,1518.8488866321213,693.179160840265
2024-11-17 05:15:00,1521.8324385207616,1527.780308661343,1519.522222233407,1520.7770670994764,2607.1176384903356
2024-11-17 05:30:00,1517.1474403840334,1516.4999690974605,1508.824546656194,1514.0668268510856,3123.2791514012656
2024-11-17 05:45:00,1509.6707148151247,1507.9498630174862,1501.7674198643451,1506.0728354128955,8367.272906026354
2024-11-17 06:00:00,1511.5185104556456,1512.4397858512552,1503.43436101394,1507.32461629825,8113.992656748266
2024-11-17 06:15:00,1496.0712715366997,1499.5310902479991,1489.3745193576285,1495.2923311823254,4848.656903609339
2024-11-17 06:30:00,1472.2592671876537,1478.9051109477205,1467.6770968418884,1476.679767763928,1896.9283061571987
2024-11-17 06:45:00,1464.3891175901679,1467.8030190702568,1457.5393610312112,1461.570900436917,6484.992180678776
2024-11-17 07:00:00,1451.1589169782162,1460.6627696831952,1447.7511521047709,1457.093482859535,2199.1647484537784
2024-11-17 07:15:00,1470.2250304186796,1480.7618070450642,1468.3268518873551,1474.900486533313,6868.707741314934
2024-11-17 07:30:00,1493.7248940916224,1500.076337938413,1488.0802277286004,1496.4115361950526,8267.412695255469
2024-11-17 07:45:00,1487.9392177121408,1489.5029762082122,1478.9676461169104,1481.8987021496027,3577.3607578501524
2024-11-17 08:00:00,1486.7801603810847,1491.882289113722,1478.5344926121797,1487.1083271683856,904.3508758848656
2024-11-17 08:15:00,1504.4164854612,1503.6164982354023,1494.131191096632,1502.5087213070487,8162.163806403779
2024-11-17 08:30:00,1488.1618496218384,1496.2327718916695,1481.3019061974264,1485.35765850817,9973.344503976981
2024-11-17 08:45:00,1476.432731318884,1481.1627830526693,1470.288411521264,1477.3115190617395,8182.513215446538
2024-11-17 09:00:00,1497.9181938165905,1502.6885951004137,1492.0631037598098,1494.3518292657952,7396.256134570352
2024-11-17 09:15:00,1482.2673547413417,1493.5005841255088,1484.6344415746828,1490.7454632509075,7876.824523896368
2024-11-17 09:30:00,1486.94670860423,1492.1546621252164,1476.2885178614927,1485.4910269112165,6129.565489490382
2024-11-17 09:45:00,1484.182908827861,1490.726793914059,1480.8684008897694,1487.2008699490386,6075.413394571313
2024-11-17 10:00:00,1477.3905844086225,1483.924110631741,1477.0573795299158,1480.7764178031164,6934.044320294037
2024-11-17 10:15:00,1500.3521877587548,1502.8286713601003,1487.9721302372047,1496.0760170228734,5505.017739577599
2024-11-17 10:30:00,1469.817296458869,1476.3663179040288,1465.4167414613926,1473.2182936277263,8470.289228358573
2024-11-17 10:45:00,1464.4380572539194,1472.8769021480027,1463.0343904568074,1466.4877703581906,9864.232902767893
2024-11-17 11:00:00,1442.6556148178367,1445.474274693156,1435.7931663201662,1440.1609351032416,5972.755398753156
2024-11-17 11:15:00,1459.7600986962195,1465.008105865131,1456.9720146257882,1463.3088813383586,9003.316099835585
2024-11-17 11:30:00,1492.2348990944756,1500.4837235927841,1487.3916469628884,1494.7280857784313,8174.565384587934
2024-11-17 11:45:00,1473.4185063652073,1479.3873344450221,1468.4369117364045,1468.4218375560831,8109.583393831731
2024-11-17 12:00:00,1494.7183934546258,1500.7419426431318,1493.209715573785,1499.4506870153186,2778.425879782622
2024-11-17 12:15:00,1496.7518103581838,1499.1980792129748,1491.572537127006,1495.6947601870015,1028.7279377733694
2024-11-17 12:30:00,1478.8845682553797,1488.6148794411106,1478.6329042832685,1479.7339379811385,4217.483531233108
2024-11-17 12:45:00,1472.88816697712,1472.3293236508857,1462.4801510050768,1469.3535515818212,4843.236816568231
2024-11-17 13:00:00,1461.885887391037,1471.020707396443,1458.181497160246,1470.5140535086373,3766.824903532562
2024-11-17 13:15:00,1488.6564892701945,1489.9164861681852,1476.9560227250474,1485.8687898200333,6716.586507130845
2024-11-17 13:30:00,1463.3854076432185,1475.7085201800771,1462.9907169411704,1468.1040007303002,6876.083924315969
2024-11-17 13:45:00,1503.3899619625493,1512.2746947009155,1502.3262221159252,1501.4701079977006,7749.0888829893165
2024-11-17 14:00:00,1507.3044051913325,1513.083879477605,1499.748959545912,1502.6924872567977,6709.486070288672
2024-11-17 14:15:00,1493.0134770460597,1497.395832080727,1490.7355177535928,1491.311475348283,4923.512276026689
2024-11-17 14:30:00,1481.0125481022228,1489.5451416026185,1478.2635934694363,1486.0127554396786,942.0770900951408
2024-11-17 14:45:00,1476.9694481827491,1479.3632932200555,1464.6910622644414,1470.836900342174,9156.625072851864
2024-11-17 15:00:00,1487.7495818409334,1490.2034957060532,1481.7125020762733,1481.282242613346,696.415224368292
2024-11-17 15:15:00,1491.256404661876,1497.2974140763415,1486.925784849877,1496.22309903797,6006.044461806153
2024-11-17 15:30:00,1493.8225915326686,1496.3944506969972,1485.6048503348413,1493.3383949578279,2819.056971177223
2024-11-17 15:45:00,1470.4988699754447,1478.0530788833846,1466.6845080469225,1468.7750764910727,2497.296082745379
2024-11-17 16:00:00,1481.3425163342934,1483.0060943224119,1474.9675806268074,1477.7490681856818,986.6156347977878
2024-11-17 16:15:00,1477.2832284873134,1482.4925600614633,1478.0521745249114,1479.757828834313,8605.15546436796
2024-11-17 16:30:00,1453.2952238114492,1457.9029553475843,1442.5325917125983,1450.3856999896207,7731.695651886358
2024-11-17 16:45:00,1450.4479152137735,1453.9737327576574,1444.498582913384,1452.1763498739188,3371.184771809463
2024-11-17 17:00:00,1452.06585857162,1461.7381806873561,1452.240743977492,1454.8025276032613,7756.688417776148
2024-11-17 17:15:00,1460.076522674068,1461.8467562408214,1448.2475873307603,1456.7291469809193,4589.961924407676
2024-11-17 17:30:00,1450.4160187631712,1453.0683973362798,1441.6214770941613,1447.2028780523606,3649.497885847177
2024-11-17 17:45:00,1452.072310771233,1455.700246022034,1446.296425121208,1446.6182116625178,3326.2434611839562
2024-11-17 18:00:00,1462.2113441010606,1463.0026734915912,1457.590115762949,1464.971137884297,3098.216414047917
2024-11-17 18:15:00,1453.679942544731,1454.040720646211,1446.4734127536635,1453.84730942794,4418.639088470182
2024-11-17 18:30:00,1448.86038307914,1451.893638102546,1441.124389960265,1452.2837063627428,7453.670911618328
2024-11-17 18:45:00,1447.9608929039518,1451.8179021260364,1446.2152662245503,1450.6439423401678,4742.684025930344
2024-11-17 19:00:00,1477.156760594463,1475.3931248235506,1468.4842607700439,1475.7919446315939,115.45897429476082
2024-11-17 19:15:00,1482.2811469282915,1489.6599555262635,1481.4384798508158,1488.178711655938,9472.554551842755
2024-11-17 19:30:00,1483.039255664302,1492.0581057440156,1481.4404139227086,1489.3088282692474,9956.692692961722
2024-11-17 19:45:00,1447.2876751474512,1453.2183738254619,1446.2618242270212,1447.7470279599777,7438.9989946819005
2024-11-17 20:00:00,1452.5203506600542,1456.6210180718379,1441.6489006697618,1453.0579730288453,4264.664785664486
2024-11-17 20:15:00,1453.6583048907348,1464.643352171433,1451.1773771341643,1461.1511633101752,8680.185404528214
2024-11-17 20:30:00,1443.5885663248735,1441.9828044563887,1433.6957192944808,1440.0593497823431,4849.302933375868
2024-11-17 20:45:00,1438.6426321927945,1439.995415538231,1429.7309855581427,1433.9976209381646,6974.3975849133085
2024-11-17 21:00:00,1478.2711582068187,1478.3423015839246,1468.0142764000418,1480.1258703714993,6666.075059780577
2024-11-17 21:15:00,1484.61577811614,1486.9622390857069,1479.6660990302591,1488.5484494051345,3093.272318719928
2024-11-17 21:30:00,1478.0968798913034,1488.721680368212,1478.2382473058829,1481.067023789286,541.4651255474191
2024-11-17 21:45:00,1495.0833511785117,1498.8379977865632,1486.7482912153803,1488.1180921813416,4691.975888772847
2024-11-17 22:00:00,1491.0587000701096,1496.9178186186193,1486.509547583643,1486.8214974452944,2241.02561562744
2024-11-17 22:15:00,1484.4230298930754,1483.5470489446368,1473.5185275915467,1480.8057417198822,913.1516612397967
2024-11-17 22:30:00,1477.5492853551,1481.2388635493678,1473.0038612478825,1478.3232043131832,7323.1709648279
2024-11-17 22:45:00,1496.7983049012803,1498.4270269880349,1486.6940527301515,1489.75549190167,5779.138172720825
2024-11-17 23:00:00,1484.1046735728544,1487.4002803691083,1471.7765891591325,1481.4033184945895,1148.789443273287
2024-11-17 23:15:00,1484.2542376461736,1487.1401925832095,1477.062360804895,1486.794029497818,2291.560909464443
2024-11-17 23:30:00,1486.2244945248103,1491.9903878653142,1479.8477429822285,1485.8689856488554,9359.540395780621
2024-11-17 23:45:00,1487.7359791858066,1492.8748872516303,1486.9895529592434,1491.073645117205,6339.81095708521
2024-11-18 00:00:00,1488.8888053748767,1496.2545452395664,1484.6393411334464,1486.6020270539086,4915.512962157078
2024-11-18 00:15:00,1502.1696257708038,1503.6636457720467,1494.003587964006,1500.1689502230545,5186.609541027288
2024-11-18 00:30:00,1487.3759281160155,1488.8420354845814,1479.4692324089954,1487.291829864017,7139.20494904524
2024-11-18 00:45:00,1475.0019892814264,1478.6296903723144,1464.0605066146722,1471.0277573291423,4456.673072387861
2024-11-18 01:00:00,1478.8413609697684,1484.6830272895668,1476.5039859269161,1479.0138995392715,6848.885160176888
2024-11-18 01:15:00,1477.3333608587398,1482.9729957476657,1472.4077585206544,1473.5141224845588,1523.393853541749
2024-11-18 01:30:00,1506.5301233664518,1515.1349780191547,1501.1619983248524,1504.3435115996979,5132.723415724535
2024-11-18 01:45:00,1507.1004307367666,1516.8639660652084,1506.0464525067532,1507.3434871039399,6527.877883362848
2024-11-18 02:00:00,1505.8763628321828,1513.3158518905602,1503.023374219213,1508.0069233194508,6692.576301456339
2024-11-18 02:15:00,1509.7748142940254,1510.4197618345172,1497.9662604919274,1508.9311855254857,3742.391566161129
2024-11-18 02:30:00,1492.6139043949554,1501.4230196120925,1494.156231908961,1499.319437325238,5352.025728187254
2024-11-18 02:45:00,1505.7329818968612,1510.883916845869,1496.7265646099613,1506.0961050371238,2169.014261051138
2024-11-18 03:00:00,1499.288133318211,1504.4577387921927,1491.2612407741517,1497.755583860282,7080.667449399729
2024-11-18 03:15:00,1498.4062468952607,1509.282524291895,1496.934101221724,1501.7262476866988,4034.6222565914163
2024-11-18 03:30:00,1509.4096561214667,1510.2220842254294,1497.1252111304968,1500.587249707141,8515.297670722328
2024-11-18 03:45:00,1489.5648577143693,1495.177907758576,1487.591959418955,1492.2968114841913,3529.4781109355254
2024-11-18 04:00:00,1469.0706272015675,1474.5386563721402,1464.6472922369644,1468.1808264893284,8591.688850236353
2024-11-18 04:15:00,1439.9877655231298,1449.7928631170655,1441.5846867499126,1442.3425907450805,2127.365418440275
2024-11-18 04:30:00,1449.475094485991,1458.355405477455,1446.383896182499,1455.8950774681336,4922.378758403423
2024-11-18 04:45:00,1469.426263749829,1474.4738149252048,1462.4309087325446,1469.1295837651958,7359.99723020177
2024-11-18 05:00:00,1443.691143976074,1450.6944753621103,1439.7029006782495,1445.5100972371965,2565.843994407806
2024-11-18 05:15:00,1443.7054044288689,1450.0191275469106,1443.6650332672145,1448.6266699152015,4774.078134076678
2024-11-18 05:30:00,1435.3702293931917,1443.6494911869595,1429.4673390392297,1436.1107476425443,2330.6152064064377
2024-11-18 05:45:00,1437.476857401792,1442.9933595213968,1434.7374977581328,1436.0176877560784,742.7102804592565
2024-11-18 06:00:00,1450.049314042557,1455.5322823384793,1448.5984686510112,1450.2913394733803,1240.3621600638746
2024-11-18 06:15:00,1461.1349768948974,1471.8622335902287,1461.7909996463347,1470.1181293170016,1572.238565683474
2024-11-18 06:30:00,1471.329842002416,1477.6916986977108,1466.4574555896484,1469.8840971648385,1407.2527503165613
2024-11-18 06:45:00,1482.753214313215,1489.2762943202572,1475.7804020287667,1486.4304503669111,2404.73349613724
2024-11-18 07:00:00,1492.0536981151358,1497.1598072067816,1486.0006126541966,1490.4795690030735,8273.32198091553
2024-11-18 07:15:00,1489.1230629532,1491.7012582643863,1477.5242563750676,1487.1731876841,1821.2681261523057
2024-11-18 07:30:00,1499.1982799956554,1509.1964503002432,1497.3832204232563,1504.5777230643976,2264.096562983055
2024-11-18 07:45:00,1450.3477769733906,1452.2298456622623,1439.590208539921,1445.8322564446307,9855.608359999886
2024-11-18 08:00:00,1451.0576664308867,1463.2705164270255,1449.137968574606,1451.1769341928887,2981.6668112603825
2024-11-18 08:15:00,1442.7808762161092,1450.5133602789847,1438.5958752603697,1447.409041609613,1928.3541822185198
2024-11-18 08:30:00,1430.4975138363086,1438.3094254505259,1425.8215279707472,1429.9683807151,4962.469333530439
2024-11-18 08:45:00,1449.6864614990234,1454.3046549943228,1447.428298435437,1451.6147790637403,9861.838097304219
2024-11-18 09:00:00,1449.4747317819554,1454.5185281242225,1442.4165188517325,1450.2822813964806,8906.736499808363
2024-11-18 09:15:00,1433.8324274793713,1443.4897011241098,1431.3202941683767,1439.341836855721,2169.7073413280236
2024-11-18 09:30:00,1405.8905729840671,1415.538664970278,1404.553396278712,1414.5484173280556,3775.0317952459454
2024-11-18 09:45:00,1430.2571854130786,1438.2456821247738,1424.574678607388,1428.7970760417084,7515.491303612983
2024-11-18 10:00:00,1442.7077138897298,1447.1207335518934,1435.4453539423291,1436.4403875967557,7311.076761579647
2024-11-18 10:15:00,1441.8702914132687,1445.7600284362893,1436.8583585756267,1439.6898691704594,6315.114123521838
2024-11-18 10:30:00,1428.0228225020674,1435.597977608026,1424.553235183934,1426.5825881219175,192.90653676303674
2024-11-18 10:45:00,1430.3876087084154,1432.7644715393367,1421.3791602115994,1428.9444796779255,4870.919441498371
2024-11-18 11:00:00,1424.148635969058,1430.3990414880286,1416.7652770183142,1422.7670624006244,1664.5867655706256
2024-11-18 11:15:00,1413.0530769097843,1417.9619399515009,1404.3522150237616,1407.333125766138,215.85998287228767
2024-11-18 11:30:00,1395.3638384343842,1404.7289345619163,1391.7029836741724,1400.8311603330565,4120.232556940404
2024-11-18 11:45:00,1381.165206175577,1387.8825061329064,1382.6989615665066,1383.0720803266431,199.56856363255025
2024-11-18 12:00:00,1378.9662566584982,1386.4499911952562,1377.2045383629961,1383.6884805016373,5913.851748966624
2024-11-18 12:15:00,1389.7230713023662,1397.311052013315,1386.9734824523541,1395.8769441127286,4946.87838488653
2024-11-18 12:30:00,1407.3960645067093,1412.9848172093484,1404.8645185189703,1411.2490301805897,2216.6569143847705
2024-11-18 12:45:00,1403.5125264095605,1403.909844962466,1394.932084074733,1396.719273844275,1264.9897138883439
2024-11-18 13:00:00,1376.6384982465852,1383.9173452919003,1375.4106667799276,1384.210149032887,5825.764676211198
2024-11-18 13:15:00,1396.7148800257828,1399.872947131311,1391.9932164121612,1393.5228472270128,3363.295258786532
2024-11-18 13:30:00,1420.2514693277863,1430.2785503059501,1417.1415676949205,1421.3568368282067,4216.872333084362
2024-11-18 13:45:00,1416.540975769078,1420.6742306037324,1409.6310948404794,1414.9306204568693,6575.129785120832
2024-11-18 14:00:00,1431.7217144408983,1436.3469079106442,1423.0991411870841,1425.0602481046799,1877.7150880752797
2024-11-18 14:15:00,1437.510380130069,1442.559891326603,1434.5479978145086,1438.7148146643024,2646.3033329288287
2024-11-18 14:30:00,1455.7804310720358,1454.9816951204264,1445.646919940208,1456.9675547478507,3845.373885530862
2024-11-18 14:45:00,1456.862159552223,1462.0624567703587,1451.7348636178456,1459.1896564222045,8404.449096430331
2024-11-18 15:00:00,1460.1364857922888,1469.8844004711564,1458.5845298459387,1461.7500461990646,7134.183438257913
2024-11-18 15:15:00,1459.0009387345015,1463.2408620335577,1457.3617196651762,1464.3945568542404,9225.910065977821
2024-11-18 15:30:00,1443.4729456136267,1451.6814417583598,1436.7516880822614,1446.998414134069,3618.5700668876543
2024-11-18 15:45:00,1431.2262752578633,1437.5811109292708,1425.5488788409239,1436.938368248761,7380.689579485073
2024-11-18 16:00:00,1406.348940783231,1410.9425292077085,1401.7880214017946,1407.3749280174056,7652.339752136486
2024-11-18 16:15:00,1390.8479480440196,1393.8815838341584,1384.2409754413313,1389.7236465837068,8851.019938402265
2024-11-18 16:30:00,1415.6568206009572,1424.5092426620056,1415.3253680392183,1414.1586432170823,4557.67609652115
2024-11-18 16:45:00,1409.4481479859567,1414.1012157054483,1400.221034092793,1411.1391263107294,4373.015571278824
2024-11-18 17:00:00,1417.4803317129604,1418.1019233072468,1404.865409186553,1416.2520163951401,2204.958626546497
2024-11-18 17:15:00,1421.942304696841,1425.6105393444523,1411.5505413305273,1417.3385442683048,7196.924119626691
2024-11-18 17:30:00,1401.3184929228219,1402.3677077812886,1392.8059258028907,1403.503696020793,9662.08215521284
2024-11-18 17:45:00,1435.983809888689,1441.7213866071015,1430.8967284255423,1432.0720904882191,1241.7530379976972
2024-11-18 18:00:00,1421.586004812309,1427.0293804817263,1419.61512060719,1420.958922468325,6491.357960374606
2024-11-18 18:15:00,1457.0446454120183,1462.1426155078766,1452.745887813,1460.4459556352942,1606.255333830646
2024-11-18 18:30:00,1473.637402241802,1473.7220741239723,1463.516070835986,1466.24523860956,5653.935400985702
2024-11-18 18:45:00,1470.3987676699799,1480.263348182283,1472.1619951768378,1474.6963579813196,5296.660687636764
2024-11-18 19:00:00,1458.537241821119,1465.2829304089455,1455.5503056661992,1453.1948515138645,6488.411035621183
2024-11-18 19:15:00,1435.1738490142318,1436.9404929614802,1431.4966690628396,1430.7885248853424,2587.0494726229877
2024-11-18 19:30:00,1411.8307399807634,1418.2891696908107,1408.10744526823,1415.960677212597,4615.56314005742
2024-11-18 19:45:00,1384.8111184867175,1390.5019924404742,1378.7849625245954,1382.6329300252914,5924.256120796693
2024-11-18 20:00:00,1411.528265197676,1415.236042794491,1405.156965179091,1410.1597602257223,1644.867846791155
2024-11-18 20:15:00,1406.110656369446,1406.8791053636469,1397.6374416105498,1402.3920407985574,6699.002520301941
2024-11-18 20:30:00,1409.3095687910495,1416.1297369387792,1405.2675542436918,1412.7379136483544,1204.9571846180615
2024-11-18 20:45:00,1394.3336812104153,1400.5122001958002,1386.2513250608956,1389.7338026593911,2132.3622586809943
2024-11-18 21:00:00,1408.5627463944986,1411.6601838410222,1401.7933254401269,1403.2770573410576,2763.451946284394
2024-11-18 21:15:00,1406.5214389715634,1416.6142827406532,1404.840377810817,1406.92531569108,7430.09527204876
2024-11-18 21:30:00,1394.7867878117806,1398.985281521839,1390.4235659782996,1393.36367213552,4648.993457242614
2024-11-18 21:45:00,1369.1468932535158,1373.3530285377203,1367.8982627529992,1374.367812210058,8334.399306906571
2024-11-18 22:00:00,1367.2221976315598,1376.4061639866638,1364.0368655589014,1372.3882891487863,9551.007391947962
2024-11-18 22:15:00,1346.3984000929281,1352.4208065300647,1340.2321197380152,1341.3598888303768,971.0411421360935
2024-11-18 22:30:00,1337.3816668661625,1347.2778939342084,1338.2952370736248,1341.0097250455099,147.19957432252738
2024-11-18 22:45:00,1352.877996009826,1354.2945177918537,1344.7689451632607,1349.7765813600074,5544.876551184076
2024-11-18 23:00:00,1331.571401596195,1337.5100339704063,1330.2358224548655,1328.9137096570676,2326.212482492472
2024-11-18 23:15:00,1321.156774654443,1329.430366585334,1318.403601511195,1319.6561458603774,3344.5044086442776
2024-11-18 23:30:00,1311.1326374580983,1309.1520258909643,1303.985005647799,1309.0663965264982,3820.969698929649
2024-11-18 23:45:00,1285.8149155663875,1294.4979592511374,1281.9760086928272,1290.4114196519786,9509.741729627847
2024-11-19 00:00:00,1279.9640952063692,1285.5108351658348,1278.1876857952311,1283.1648056491065,7851.241549137844
2024-11-19 00:15:00,1268.0349159705468,1273.5595257685281,1265.626067900081,1267.8551338453165,8608.7830631919
2024-11-19 00:30:00,1292.3170349521633,1297.2107000425754,1282.737356688304,1291.8309652122414,7381.74215503547
2024-11-19 00:45:00,1274.2302577138817,1283.686671529368,1273.1658071145807,1276.4011738603929,7045.74965407329
2024-11-19 01:00:00,1268.2835730436623,1276.019513567911,1264.0399077564846,1274.3796987886592,727.9955884123448
2024-11-19 01:15:00,1256.45097557634,1266.7900977174102,1252.185764807986,1262.1973486731301,502.3434998875941
2024-11-19 01:30:00,1250.0884585037008,1259.7241102833848,1247.628425219782,1254.6237502436525,1056.9674040137597
2024-11-19 01:45:00,1233.17213074223,1241.9940791188105,1233.4516089620963,1235.9084101229219,626.5453673444777
2024-11-19 02:00:00,1219.802400807004,1221.6088530387256,1209.9027975186775,1217.5946677875688,8928.943644607545
2024-11-19 02:15:00,1201.559025226826,1207.5347188530284,1193.522808580694,1201.149677513109,5883.316337744496
2024-11-19 02:30:00,1208.443722847284,1218.1430191992724,1206.6382837012882,1211.4605707561993,6678.086363442913
2024-11-19 02:45:00,1243.5011782956992,1247.1718941609568,1233.6574926962437,1238.4581906886579,8414.072030463105
2024-11-19 03:00:00,1227.4775273510425,1231.0058835970408,1216.678731184018,1223.9293551199705,795.8201343558479
2024-11-19 03:15:00,1207.1850382014427,1217.835697383813,1205.8616387602392,1211.9061665464626,3009.325533133069
2024-11-19 03:30:00,1190.0988737799582,1192.0891187174896,1180.7403806576797,1188.5785778477575,2263.273006908117
2024-11-19 03:45:00,1169.5783820923473,1178.6999678293457,1169.7854976409867,1170.040456541283,7081.120827798474
2024-11-19 04:00:00,1144.1428317840703,1153.9564061398646,1141.2873659367851,1143.7324667276812,1762.899132928648
2024-11-19 04:15:00,1153.7826449381582,1158.9592948539068,1150.6190286999765,1154.7823822052749,9388.832506099994
2024-11-19 04:30:00,1153.081832010062,1158.3380789247303,1143.211407463364,1154.144356680135,1313.2163794653334
2024-11-19 04:45:00,1131.2049879606918,1141.5425523568604,1130.3059505338977,1134.7228635765487,5745.2666568742625
2024-11-19 05:00:00,1130.164088800288,1134.2997648207472,1124.8879490016711,1130.452120279297,6259.88428981875
2024-11-19 05:15:00,1129.9865075384087,1132.9865044740525,1120.5095998679324,1126.5751702913922,5789.434802678487
2024-11-19 05:30:00,1117.1708444695118,1118.73699690908,1112.1927342413537,1113.4127465963966,309.8840743521747
2024-11-19 05:45:00,1115.3617301339216,1119.2161548384884,1105.4427548558538,1109.3763419400807,2044.202510236188
2024-11-19 06:00:00,1118.8682002138908,1121.0623275774076,1108.4691690426387,1111.2549440236883,5355.525104181634
2024-11-19 06:15:00,1124.6942364733886,1127.973022570806,1117.6710415986608,1125.9704447983956,7675.198694984602
2024-11-19 06:30:00,1113.0023524466203,1118.123777007564,1108.0328092489729,1115.970133601163,4849.092503233714
2024-11-19 06:45:00,1101.6752375831122,1110.7924365842243,1100.5203942741186,1102.0224449408352,3632.737745443367
2024-11-19 07:00:00,1118.7366487041388,1117.9695990707376,1111.1529298269795,1115.6240374443823,8190.973774381335
2024-11-19 07:15:00,1102.2784316796942,1111.5891810424137,1099.4795131182289,1108.3170969258479,8573.1899140875
2024-11-19 07:30:00,1110.5832510536782,1120.080874893755,1104.5836106981228,1112.9404675875205,1892.8985482057617
2024-11-19 07:45:00,1128.732491279163,1134.3385777004514,1126.481045125068,1125.6731581199656,8872.000169886831
2024-11-19 08:00:00,1156.2458527463882,1157.69797841326,1145.9001648159747,1150.505813701288,8412.295633945072
2024-11-19 08:15:00,1176.4160488426714,1186.6965293959106,1175.9633126170831,1183.5253883527098,6599.657836831681
2024-11-19 08:30:00,1187.455334490339,1191.6683546284924,1186.3216615792714,1189.212512603629,3746.1847202842737
2024-11-19 08:45:00,1165.470782551738,1173.822333839223,1166.200715794881,1165.2563080789307,3624.9672416893986
2024-11-19 09:00:00,1173.2831298523295,1179.6375312466948,1169.0246434920464,1171.6056237512682,5716.917045887209
2024-11-19 09:15:00,1133.8061775582423,1137.2930060351796,1125.5046029082348,1127.673252536435,8604.704350240285
2024-11-19 09:30:00,1165.9059679498912,1164.7948027487198,1154.5112761614223,1163.2536369833608,6140.1413621825595
2024-11-19 09:45:00,1149.7663191420997,1159.8368582648059,1148.8220530769704,1158.8570384031684,590.9214119341154
2024-11-19 10:00:00,1140.3512294337986,1139.596653924321,1132.7275831728427,1140.762635732274,1985.030233359302
2024-11-19 10:15:00,1122.9210520674003,1125.0430443497328,1118.2456340681265,1118.62834100426,3476.108629657533
2024-11-19 10:30:00,1121.0311273134612,1124.5530931887113,1114.8405795863348,1118.4322561370186,4290.081452903908
2024-11-19 10:45:00,1109.450458251674,1112.970755231899,1103.0732285669235,1109.6290814154286,1881.3218969614156
2024-11-19 11:00:00,1104.0913381087307,1106.8485843607086,1101.3067238070935,1107.4516431596132,4254.861704103053
2024-11-19 11:15:00,1116.851463104073,1123.9424790444655,1113.9456530494635,1117.432661388925,8670.455559592121
2024-11-19 11:30:00,1124.9132071706351,1134.4955597753515,1123.8189738883798,1128.2844698441718,4598.412262455196
2024-11-19 11:45:00,1115.6446095840122,1117.8881957935043,1107.3989112731335,1112.3462826314048,1978.2495823714398
2024-11-19 12:00:00,1107.0509575255794,1111.342263301927,1098.4222275277466,1106.1848753371967,4933.785229086708
2024-11-19 12:15:00,1077.4095374520189,1088.9560002002056,1076.6770135359402,1086.3453323594388,2842.3980938755194
2024-11-19 12:30:00,1088.136780943882,1089.0137858148173,1080.1735075009992,1083.186928557251,5003.09307079316
2024-11-19 12:45:00,1057.3626677768318,1066.0416392913912,1058.1699956881548,1057.880803895113,1165.270933417293
2024-11-19 13:00:00,1042.8173583301498,1054.87837135874,1044.3676771682856,1046.4758891490637,8006.453219349928
2024-11-19 13:15:00,1020.01600197471,1028.8618882671265,1021.2731436671575,1026.1623473123898,4415.7941182288
2024-11-19 13:30:00,1021.8157756876478,1020.6995606373612,1011.4643837217673,1017.1356183173457,3882.2010571768647
2024-11-19 13:45:00,1027.1296437750498,1031.4127270261051,1020.1720034683957,1029.4755720632234,1049.7900218219518
2024-11-19 14:00:00,1012.4118696711266,1018.4939943846862,1012.7675424621706,1017.0090197029226,1975.0494719134165
2024-11-19 14:15:00,984.3256741882813,986.7093303448075,975.9528589372084,984.0655565611474,192.38163352559576
2024-11-19 14:30:00,977.7920052371853,980.0006165544498,971.091464460518,974.8680415746724,5308.876016403794
2024-11-19 14:45:00,1002.0840066255304,1010.3397060595693,996.9673242900543,1006.9226536301157,6182.080754724993
2024-11-19 15:00:00,1024.218570381131,1027.9830044303453,1016.728061848675,1020.8217714140658,5013.69159322509
2024-11-19 15:15:00,1009.5643110471964,1019.9751339808948,1004.979761111449,1014.611695133709,2459.717840836642
2024-11-19 15:30:00,1010.1976043349646,1018.5414687178347,1009.2782004309531,1011.4676098261879,3583.783109352766
2024-11-19 15:45:00,1026.6041723806939,1030.7938100279662,1018.0622782692877,1020.6675157077885,5209.133100972296
2024-11-19 16:00:00,1004.6614386385351,1009.8855164725472,998.1152959735036,1010.0341991380275,7386.749793215087
2024-11-19 16:15:00,1015.4259097212444,1017.308774974047,1008.016871505955,1010.1022294944684,1098.7280205092093
2024-11-19 16:30:00,1007.2761167089373,1005.7019636149773,1000.136144559016,998.9626885084181,7928.419906336085
2024-11-19 16:45:00,1005.8757262018514,1008.818711312317,1000.8504746175472,1005.6907350801848,3628.155211491841
2024-11-19 17:00:00,1011.4664476638411,1017.5415491256871,1004.2203901710417,1013.6436749187279,5443.6806668711215
2024-11-19 17:15:00,1015.6412104283327,1026.4581148586162,1017.1335173500543,1021.8651152999867,9343.146874027312
2024-11-19 17:30:00,1021.3348789093765,1025.2837802742254,1017.5584387556931,1022.3813663735601,1812.5179076253619
2024-11-19 17:45:00,1032.4037662812896,1040.3997618690564,1028.9336840175683,1033.086319182361,7943.585792268467
2024-11-19 18:00:00,1036.1270281655534,1036.3815308073797,1030.5709997357476,1036.9043254116602,2360.7209589004997
2024-11-19 18:15:00,1068.7566863335912,1076.288583499312,1064.0984564478815,1075.2379233954996,2483.4909457915237
2024-11-19 18:30:00,1092.7945593882112,1094.6749986946882,1088.3420776975488,1087.777765498475,6589.604154832079
2024-11-19 18:45:00,1061.9826007795775,1067.2993599718927,1060.1446071524142,1067.7519318628015,832.0436966796358
2024-11-19 19:00:00,1070.822376969228,1083.0422095745696,1068.635350602301,1073.6134839328447,6189.670558805126
2024-11-19 19:15:00,1084.7861125425527,1087.249054796147,1080.314644915388,1087.6701506866677,7213.33958027944
2024-11-19 19:30:00,1103.61406052932,1112.471953405491,1104.4922730428225,1107.2786423480277,455.7669424040192
2024-11-19 19:45:00,1089.4720710153274,1093.3902891677287,1085.6961637304235,1087.2405340441758,8697.626892524648
2024-11-19 20:00:00,1109.6697301982576,1115.6250865591105,1106.2794655415378,1114.9865538627628,7548.666689313262
2024-11-19 20:15:00,1120.504408032148,1125.4309446233112,1117.6594133457454,1124.6370526881285,4629.247222757839
2024-11-19 20:30:00,1112.3999237331893,1112.6931167696566,1102.5561874465666,1104.0196515984157,8201.278316452403
2024-11-19 20:45:00,1128.484746890002,1134.894202159395,1127.9230743018097,1131.8248703508511,2434.6761391486716
2024-11-19 21:00:00,1120.4628995065893,1125.3000306972929,1116.435508166055,1124.6806294153082,9698.231661619047
2024-11-19 21:15:00,1130.4689556549888,1132.16540280303,1121.0576776858106,1124.4341415106555,431.4967574823461
2024-11-19 21:30:00,1146.6237187566546,1147.1005482735375,1137.9242544760275,1142.9857595274646,6711.661417186423
2024-11-19 21:45:00,1100.557515699146,1106.835569917826,1100.7059661654707,1106.7880468727903,4959.080353219181
2024-11-19 22:00:00,1103.7304937636643,1111.402274345777,1101.6875743713645,1112.0857936533816,4404.671970365515
2024-11-19 22:15:00,1117.6555330519534,1127.2834319393,1114.732748744764,1116.0243560365388,5512.154589418474
2024-11-19 22:30:00,1090.4096531027756,1094.770049051158,1086.8185555604541,1088.620982899719,9944.560948818842
2024-11-19 22:45:00,1108.2055084186543,1113.5983940351052,1106.5707017030056,1106.5514275631863,6276.991977378292
2024-11-19 23:00:00,1104.9131409508702,1110.4664270068522,1102.8500456091172,1110.1052464291147,864.5295723106095
2024-11-19 23:15:00,1073.5180176514177,1076.999024596125,1068.7290170069464,1072.749437199625,9146.598342807187
2024-11-19 23:30:00,1076.615679082615,1084.705601251518,1071.4444407135302,1082.5033174673838,7602.397711088071
2024-11-19 23:45:00,1078.2212196839962,1084.8047152272914,1073.5438139895264,1073.0380564013362,3240.8959117860168
2024-11-20 00:00:00,1087.4836698795596,1089.6760148478247,1078.7928976132991,1082.1008316169325,9620.80387684507
2024-11-20 00:15:00,1090.7103756217066,1092.0758660558909,1082.0005544020005,1089.3868516891212,2822.439234164059
2024-11-20 00:30:00,1096.4398167281074,1104.6419122017362,1094.8796947758956,1102.2238121212176,9420.086801418991
2024-11-20 00:45:00,1094.63828377849,1092.279937839181,1085.5893761749621,1089.8591635683626,125.45055764986014
2024-11-20 01:00:00,1128.1729315869102,1133.5351874729968,1122.196260754019,1128.7838824643832,6871.605992610864
2024-11-20 01:15:00,1141.7428782151403,1143.5439493942467,1134.7413334665816,1140.7097722574838,4273.319170214567
2024-11-20 01:30:00,1128.7957027439174,1139.7102680390415,1125.3474894269918,1135.3293776850348,1376.0531055598851
2024-11-20 01:45:00,1119.692406430564,1129.176882301297,1113.6123475265254,1123.8546745865278,6052.4114574820305
2024-11-20 02:00:00,1131.136089153076,1136.6412679498173,1131.4857041708703,1132.3355961396546,4835.481735125232
2024-11-20 02:15:00,1118.0088858059305,1122.0580035187163,1111.2345880773173,1112.4461526945483,1375.3745488097188
2024-11-20 02:30:00,1111.2148551861983,1113.9375818204887,1105.3506644163438,1111.0581375297563,7452.4612820504235
2024-11-20 02:45:00,1114.408043562044,1120.2022446608926,1112.6417551174582,1110.9584638816766,3340.3154449045696
2024-11-20 03:00:00,1102.5713434069164,1112.8153403202132,1101.1605693341648,1108.2300003082262,3056.321520666656
2024-11-20 03:15:00,1116.152420721181,1128.4753882377147,1115.6890526610302,1123.3800400876503,5758.659245710054
2024-11-20 03:30:00,1112.3914240988113,1118.8484725693836,1111.9454893783447,1111.664240665737,4725.660435187116
2024-11-20 03:45:00,1111.8434180945815,1117.90875104869,1107.5087226288776,1108.6764416430437,2389.538662678082
2024-11-20 04:00:00,1112.6874660372755,1124.098641616905,1109.4339859941788,1116.3290488955806,7199.269091407139
2024-11-20 04:15:00,1119.43092247438,1124.0520589622647,1117.1778090220942,1117.6575797760515,6901.402389433595
2024-11-20 04:30:00,1151.2511257977283,1151.8470350493642,1146.3805761976496,1146.007643765598,6524.240894122468
2024-11-20 04:45:00,1138.7893948588514,1145.2866062768767,1136.9258082896722,1144.3960842163256,6907.5770037631855
2024-11-20 05:00:00,1110.1589586257676,1114.1057780546957,1105.4756651517591,1109.6842099848816,1414.0768002261084
2024-11-20 05:15:00,1153.9057152008804,1157.3499622789593,1148.4820096141539,1153.2873078242653,9532.31169627485
2024-11-20 05:30:00,1151.12270044499,1161.960463588196,1152.215328669923,1153.394407030431,1080.5462910386661
2024-11-20 05:45:00,1176.812561672425,1184.8718480924745,1172.7445457302879,1180.6997470386107,8780.508768548672
2024-11-20 06:00:00,1173.5567422362772,1179.1630803063872,1166.0958142459913,1170.0864819892638,5229.181750955848
2024-11-20 06:15:00,1184.947923464361,1196.8175660195147,1184.2626718956253,1189.062371074849,9359.652838738582
2024-11-20 06:30:00,1185.8323581631541,1192.6423868436173,1186.2809785566806,1192.392448797445,5412.721612104506
2024-11-20 06:45:00,1189.0674642447905,1193.8327769922837,1179.1062184834307,1185.4741512482865,9563.439882305087
2024-11-20 07:00:00,1178.6680727753935,1179.4982467221537,1167.489648517517,1172.5304963723436,7940.901071310353
2024-11-20 07:15:00,1148.4219370337403,1150.0797676913141,1136.5358583910152,1141.6852467388499,264.74199862870023
2024-11-20 07:30:00,1120.7364633023244,1130.297341018621,1118.192872863278,1123.0956996852808,912.6470811578394
2024-11-20 07:45:00,1122.0755172194433,1125.9365669879285,1119.6388704995697,1126.8617207847246,257.09658066885993
2024-11-20 08:00:00,1118.6290505158242,1124.8224061916203,1112.7247017995176,1119.890192802766,1224.925785309532
2024-11-20 08:15:00,1109.8401513411104,1116.383060510554,1103.5954485738196,1112.503322260665,3750.0203894204865
2024-11-20 08:30:00,1106.2235809442984,1112.231206561241,1096.842722940166,1101.1902109805699,7671.251627779975
2024-11-20 08:45:00,1096.026526089844,1106.1811691862495,1092.4011205465722,1103.4045960702015,6507.876557409823
2024-11-20 09:00:00,1131.1704667302247,1134.9529753177037,1123.1065857149085,1130.9202218963437,7576.054504848597
2024-11-20 09:15:00,1134.4275326374498,1135.3950214599358,1125.491982357214,1126.0325144355395,9713.917367865046
2024-11-20 09:30:00,1113.0562116150966,1124.800125574671,1113.9008956959037,1116.7608339117621,7929.141290852988
2024-11-20 09:45:00,1124.9849574374086,1129.0720432323449,1115.8069866361964,1121.5653889166763,9467.528725587512
2024-11-20 10:00:00,1125.8339090259708,1125.8312185020532,1116.7200112979788,1126.0174596010106,7411.271125025063
2024-11-20 10:15:00,1104.4272449416032,1111.2384866621521,1100.3690237940561,1104.6000223939961,6190.918622877015
2024-11-20 10:30:00,1103.235764581993,1110.1252021276514,1097.6339617891765,1108.830935792463,9003.682857665122
2024-11-20 10:45:00,1092.4333614364505,1101.9703252659333,1090.1944425830277,1092.2840718658367,1012.8838644238791
2024-11-20 11:00:00,1099.2516332621615,1103.485607232062,1091.672259674373,1094.8706241616615,8626.63332887949
2024-11-20 11:15:00,1106.677993003218,1109.9329434607473,1098.199475289411,1110.2953963324323,9525.853690284883
2024-11-20 11:30:00,1076.5720774262106,1085.7156488210132,1075.8290893446942,1079.9932503110012,7238.708302399361
2024-11-20 11:45:00,1054.490149373345,1062.1434269594304,1049.7809196101894,1054.4249878203925,8370.380277389359
2024-11-20 12:00:00,1078.1699444810258,1078.2725657751944,1067.573346937598,1076.2719502852697,9355.20337018378
2024-11-20 12:15:00,1062.9859328029384,1063.6972207606118,1057.9255557385018,1058.8306974664913,1091.9757432526835
2024-11-20 12:30:00,1035.6249868877032,1044.710839900166,1032.2671498987227,1034.9994065503913,6983.029757997957
2024-11-20 12:45:00,1026.2739616543263,1036.809813272589,1028.093923355371,1027.443327221598,2489.6316047964906
2024-11-20 13:00:00,992.4287777710902,1001.3938831396356,993.5591562136898,998.9771216443745,1306.586802435413
2024-11-20 13:15:00,978.417920514816,985.6050232937897,977.1423480087657,978.2551208936854,1639.4811902128422
2024-11-20 13:30:00,970.9114948220549,977.7493909083888,966.4984522258749,977.6542674327764,8350.90704758225
2024-11-20 13:45:00,965.5794556279501,974.0571059810657,967.2100861916733,966.2057902487063,1129.913886695677
2024-11-20 14:00:00,970.5962597513593,971.7911205249104,961.5243456083618,966.5715411291463,5417.050295634339
2024-11-20 14:15:00,975.2968227712337,974.3065063655912,965.5257690494176,970.2370192617279,994.5982262712329
2024-11-20 14:30:00,980.0218579613072,987.8554276647859,975.7621808418645,975.8178851354576,4622.163808326463
2024-11-20 14:45:00,973.8822520568527,978.61327456552,970.4204320017379,971.0009350383467,5637.465029950518
2024-11-20 15:00:00,1000.3172782032182,1001.1515925968533,990.4294054903784,999.4056942541401,853.7986848474898
2024-11-20 15:15:00,982.0903878325241,989.9765041635428,976.6105370463102,981.132298450949,3269.3534049342466
2024-11-20 15:30:00,950.5217929131443,954.6309655830449,944.2513919001441,954.7200736778425,8331.752518205743
2024-11-20 15:45:00,943.112674262265,948.6886585900295,935.0355989199114,941.5548353570906,624.372221555579
2024-11-20 16:00:00,938.6107038556144,939.2802156158856,931.7835516747941,931.1886707501111,1676.7827143448671
2024-11-20 16:15:00,929.0536842945122,928.0278750832966,922.5027034224892,924.8890099000662,938.8165574070806
2024-11-20 16:30:00,917.3653346549625,920.8419874614953,909.8602684326189,920.6322997821708,8450.212246955103
2024-11-20 16:45:00,938.1340097583271,936.224115524168,926.4519848685042,937.894482374853,2273.8416722384904
2024-11-20 17:00:00,955.7415609620218,959.7601769847035,946.6275752383187,951.5237712063811,6101.748679903812
2024-11-20 17:15:00,976.8243825444937,976.4581961335805,968.6189857937518,967.6122880267309,1313.7473682523707
2024-11-20 17:30:00,960.6279350086735,961.8794934096265,949.6786305263404,954.7978047674025,9570.728401931505
2024-11-20 17:45:00,951.4822290970732,956.6945629014281,945.0022688182994,949.5683612263285,7797.753700462938
2024-11-20 18:00:00,942.9377013918407,950.1977451451256,943.7530613249988,946.0336997475436,4594.931429149344
2024-11-20 18:15:00,945.3597193370857,949.8176667656058,939.2437182551187,948.0333085563893,8707.207913432543
2024-11-20 18:30:00,925.6149351048866,931.0155635351301,917.0422061045263,918.4498240227595,2801.071630363933
2024-11-20 18:45:00,931.5930764122244,937.4787334706432,926.5710317999595,928.2183192352203,1610.408259153057
2024-11-20 19:00:00,950.8180956191525,959.638856401785,950.9309742486818,956.7153479130839,8041.836097665788
2024-11-20 19:15:00,951.7804257864118,960.9283666051961,948.8187970144844,954.3059949811831,2697.7725427841747
2024-11-20 19:30:00,935.4348299270741,937.4857868693628,928.3806568310431,933.4734132397181,2509.7938372718395
2024-11-20 19:45:00,928.3920214675425,936.0216749976141,927.8755975077789,931.8895452725487,2253.274285236779
2024-11-20 20:00:00,919.3956298740814,922.9450156042169,915.1794825736384,922.8751814345983,1702.9614393506076
2024-11-20 20:15:00,900.7140019118932,904.6728286330869,896.6133442103563,904.6386347295213,7814.692035485593
2024-11-20 20:30:00,889.8258590064535,895.6350670313153,885.8664728673238,892.4211561158905,777.2846778129473
2024-11-20 20:45:00,915.7864511991739,917.9823637846362,908.1234362384336,912.4760090750261,774.5839665846383
2024-11-20 21:00:00,908.4492883062547,909.2904520528368,900.9320163672514,905.91143286059,742.218848474787
2024-11-20 21:15:00,904.1151692315988,912.6587957152728,903.0337383421905,911.6128058390656,9421.031440392358
2024-11-20 21:30:00,930.9816529533513,930.1100409907501,921.3489704635872,930.2930141819951,7418.0006309947885
2024-11-20 21:45:00,936.1969491377945,940.1981771791716,929.3364506304908,939.6806365448193,2355.5622640055203
2024-11-20 22:00:00,908.1117121467244,911.3315497439966,897.0047087370167,905.3964557277054,2529.6725909603933
2024-11-20 22:15:00,919.16129471044,925.5650064391752,917.2502400549259,923.154338681521,6614.687341651125
2024-11-20 22:30:00,929.3676605409113,937.0841301098399,925.4817936343007,930.4090913264923,7151.432704059962
2024-11-20 22:45:00,941.3551908483696,949.8759923901832,941.0981602760338,945.7598320762014,3049.2833723538824
2024-11-20 23:00:00,965.5366174838266,970.5295893298797,962.8594812655132,963.712181543457,5360.059278489602
2024-11-20 23:15:00,992.2077524487345,998.2120689131306,988.2688834362855,995.8152494536204,7946.714964019414
2024-11-20 23:30:00,986.1834388523762,984.5290758398968,975.1475342871024,986.8531408152642,3181.4410930734057
2024-11-20 23:45:00,991.2088523114866,994.32959092564,986.287345597292,986.2200117762327,1949.2047260480997
2024-11-21 00:00:00,961.0591066543199,963.8602121801837,953.7633484390063,959.3152533717177,1807.724399969934
2024-11-21 00:15:00,960.1024817097668,965.9457276203062,955.010348570916,966.8724104368176,4394.809043509422
2024-11-21 00:30:00,943.0935081873168,948.8689187653905,938.7007811633969,946.8431399768117,9146.24679495943
2024-11-21 00:45:00,941.1088861167696,944.2338864476832,935.8868575704221,936.5198400867192,4356.906399959643
2024-11-21 01:00:00,948.2273336917359,948.1541161235989,936.2543632238072,942.2455360690144,4566.077883800121
2024-11-21 01:15:00,929.1817349029943,927.4605914838121,920.0392962364566,928.2685556815694,6162.872583010133
2024-11-21 01:30:00,934.8807146349498,937.3644775577034,927.2073812177802,935.3832907166833,3762.002854044451
2024-11-21 01:45:00,913.5336054978325,917.242549262929,908.4709954444048,909.6602720049519,977.2078533673241
2024-11-21 02:00:00,935.0291282674299,941.2062601750632,932.7317736200894,936.6083052805158,3436.622965404006
2024-11-21 02:15:00,917.0914561290581,916.4456586164775,907.2878475189715,910.5143099027773,7419.2514349027
2024-11-21 02:30:00,891.1556959297759,894.1665343740874,886.4194213963544,886.698787176687,5235.9258435132115
2024-11-21 02:45:00,884.674945588909,888.0444385716598,879.5850858248705,884.6620709249686,8921.854204634765
2024-11-21 03:00:00,912.8281548412913,916.3687936988018,909.3417070558673,916.8513837287471,4598.274307523047
2024-11-21 03:15:00,931.241184348616,934.045110740465,920.074109106754,921.81040434763,4585.455261779808
2024-11-21 03:30:00,925.1283093083102,924.5573639318787,919.6839448955631,920.3508537047437,241.60324547371437
2024-11-21 03:45:00,920.6535357081764,921.2845494741865,910.4371190753193,920.078361705259,9567.512633635155
2024-11-21 04:00:00,913.3393990604923,920.5937349263611,913.3258482663341,912.2355109973482,9058.528589825299
2024-11-21 04:15:00,911.8970148914336,913.9917414988142,905.4524115439702,911.6617081346467,8070.579822197158
2024-11-21 04:30:00,919.6256539811635,925.5492550115065,913.3938862123431,920.1751678997965,5764.524044046406
2024-11-21 04:45:00,931.9294319876377,935.5695506910295,922.6901993825038,924.5740450995457,5488.56526797558
2024-11-21 05:00:00,918.5779421386757,922.4380149620779,907.0022763595366,911.7789217194761,3687.837527183211
2024-11-21 05:15:00,909.5944848063525,918.1048823493105,908.7076011082247,907.9985204345621,8701.96923996068
2024-11-21 05:30:00,951.1659976859415,952.1855368656747,943.4406136634453,945.4085051153327,7878.966320061868
2024-11-21 05:45:00,941.5988889112989,943.4086746435788,932.87356524923,940.359674569939,3575.0189428502435
2024-11-21 06:00:00,943.5413944995,952.7403592760071,944.0244846184379,948.9504892048184,8008.022340375429
2024-11-21 06:15:00,932.4828048486787,939.1012295191227,932.5582910961399,939.1394972323961,8939.465564898761
2024-11-21 06:30:00,926.3188033550061,926.7461042042315,920.2667438005493,921.7316647546428,9890.998763841751
2024-11-21 06:45:00,907.2988013626521,912.3330430432411,897.9766929234204,900.4550877865852,369.5248490219175
2024-11-21 07:00:00,926.7526353503885,937.3648381036071,927.8966745071223,929.2352902481775,3216.335317510486
2024-11-21 07:15:00,907.1512146132059,916.111055379404,901.5601627350275,904.2159156775247,8437.20005434561
2024-11-21 07:30:00,904.6554238058303,906.3176158756879,895.5603331470974,905.7264980662603,4980.715002411901
2024-11-21 07:45:00,924.8587375554057,930.2870271861467,917.581417728423,922.9980229096852,298.48341718694525
2024-11-21 08:00:00,927.1713002758972,929.1721663576003,918.7957441507565,925.356544688504,3861.6469390395396
2024-11-21 08:15:00,926.2337843316888,936.0601397683611,925.7037518443065,931.1781483936168,6044.455390693651
2024-11-21 08:30:00,950.7314435925748,958.0527403209253,949.6256741710924,950.9630488252752,2397.6828034497375
2024-11-21 08:45:00,961.798130186642,969.4786441889534,959.163030371665,968.8637789370002,6701.513812798758
2024-11-21 09:00:00,955.1695198003865,956.708260127287,946.5042027103929,948.5763598076248,9256.953145323616
2024-11-21 09:15:00,939.3615544836513,946.082933926367,937.9569423781738,941.6622819063047,3146.4889851483467
2024-11-21 09:30:00,954.5850649685003,962.0286772718588,949.7572123631799,958.2294531288724,7943.64228876452
2024-11-21 09:45:00,950.5685113604593,955.940588030149,941.5268962029921,944.1906297358778,2467.0870896153297
2024-11-21 10:00:00,952.0451527799307,963.9654889592246,950.5624205934749,961.072438704592,7297.724972920987
2024-11-21 10:15:00,950.2039777383841,949.2347993521976,941.36255202847,944.3390614777603,9006.55355873975
2024-11-21 10:30:00,944.9577830440637,952.1380273158973,937.3202619814163,945.5288053181528,3192.3952339483676
2024-11-21 10:45:00,956.771851275199,956.3717490536152,949.8956416853218,955.5781657400246,6835.2810826718005
2024-11-21 11:00:00,920.7830974320983,925.8122357219997,918.1324519275422,921.4403671651553,6240.060922625169
2024-11-21 11:15:00,924.4259640498399,924.779091764633,916.4510121140152,921.8591859921635,1481.9878425215718
2024-11-21 11:30:00,918.7739059026253,920.2238684576055,910.8864564716034,914.2402365169511,2577.7342454106733
2024-11-21 11:45:00,905.1830423489267,912.503571030286,903.3716153080309,906.1176007363132,3241.4294675126184
2024-11-21 12:00:00,905.6287785283785,911.4086678155063,899.7490314459407,905.815644831075,6531.308943999068
2024-11-21 12:15:00,928.833478479218,928.755625096454,924.0259794661436,923.9717733884021,5496.45981911574
2024-11-21 12:30:00,946.5580491678055,946.4495165070085,934.4802037953293,945.7599307278498,637.4341550851302
2024-11-21 12:45:00,930.0286461221084,936.9302286678345,923.5750323053386,925.7739025735594,2248.0701208578967
2024-11-21 13:00:00,936.8339482374258,944.0944599255882,935.5096850958286,939.1373193562439,9940.281989884808
2024-11-21 13:15:00,926.8852573765123,936.1108664008192,922.6324054252352,927.3333053875476,7890.414132407236
2024-11-21 13:30:00,903.7807380511402,910.1812995034178,901.4174365407551,908.9944918343211,5422.595056941898
2024-11-21 13:45:00,893.1344181465338,892.7107769101742,882.1006955125977,887.5455605171611,6089.45299392072
2024-11-21 14:00:00,902.552822391525,902.7920099860008,894.4219632111616,893.8010830650516,508.98845844831334
2024-11-21 14:15:00,923.6184921842103,923.7981691736987,913.1725540317475,922.614799174407,7316.764961545624
2024-11-21 14:30:00,917.3400719891102,929.1122130978378,916.7003203063251,922.5748460660807,9211.61673455926
2024-11-21 14:45:00,900.5701590462136,911.2254036569531,901.5876967108143,900.0779068819571,763.1904974096994
2024-11-21 15:00:00,917.4400036766924,915.6422579330626,908.1387647908836,910.6298491385561,6041.528296785042
2024-11-21 15:15:00,920.717328900476,918.8529047950863,913.8536828952657,914.458237568153,9636.547517361498
2024-11-21 15:30:00,920.379868562749,922.9754802989785,915.4081673788097,918.195477510828,8776.462543876589
2024-11-21 15:45:00,920.9415566307437,925.8095003360917,916.378388295537,924.7237080839056,3087.4472009145315
2024-11-21 16:00:00,917.1817509984336,921.6680305871879,908.088118756959,914.1302572842058,1167.4949921049545
2024-11-21 16:15:00,959.8971702556363,961.6653253591256,952.0588476698706,951.8285896209532,8644.108878344636
2024-11-21 16:30:00,962.9186197938642,968.7399716719865,956.7120841153701,962.2532615687691,8818.365362970599
2024-11-21 16:45:00,977.5370264559264,984.8082188384279,978.7321415674389,982.8305342025343,5754.473649571796
2024-11-21 17:00:00,996.8251395393524,997.2184618741738,989.4231753291663,995.6090224165439,1375.1070946414097
2024-11-21 17:15:00,957.968491313851,963.5440519063912,952.4923756220478,953.1560213114868,9884.924963991267
2024-11-21 17:30:00,948.5911653660517,958.8040773269418,949.5780401384492,957.087819957397,6439.628001145047
2024-11-21 17:45:00,943.7812946297475,946.5265465911318,934.0065998928275,943.4561995382941,7252.0124332936875
2024-11-21 18:00:00,915.144752650606,922.6868779292779,911.445132151189,918.8353779869907,3446.4224633278136
2024-11-21 18:15:00,908.7262406831486,909.9192919044187,902.4630207981136,904.4105366992454,9759.494959809193
2024-11-21 18:30:00,923.9251746855424,931.7720571504414,922.0161283842463,924.8019813485757,1714.4191421978321
2024-11-21 18:45:00,926.5203212417628,933.3524701127274,920.1338804095933,921.6808167709916,1794.190165496985
2024-11-21 19:00:00,925.287511535746,929.9583235933541,918.3212755747772,922.6972890917051,6600.31316183053
2024-11-21 19:15:00,934.8345178114193,942.7022830430504,935.2357554535697,942.8787952089567,7145.571221618197
2024-11-21 19:30:00,919.6708419675332,929.539341184197,917.5500106240418,919.5326650574971,3655.9912746612604
2024-11-21 19:45:00,947.4429686730318,947.6232200235404,941.9651319419809,942.4226393662578,5398.962608273716
2024-11-21 20:00:00,967.6568548546421,972.4094849946905,961.6269425986807,966.9668761563406,3480.1874824092747
2024-11-21 20:15:00,962.237528545394,965.7165892873885,959.0806126772711,960.9046949989099,9547.924469233394
2024-11-21 20:30:00,964.7884868069165,971.7031442209119,959.1442977978925,969.0406512871218,2533.1088639392674
2024-11-21 20:45:00,976.5040607130999,981.3729799915001,974.000607632891,980.3453218219074,7540.280655025861
2024-11-21 21:00:00,1003.3773388561817,1003.5898846471682,998.8723094585899,999.7048499718273,3958.9556554232513
2024-11-21 21:15:00,1015.8519933780146,1021.1388311156301,1009.2240338492472,1015.6018150750143,7717.381428114885
2024-11-21 21:30:00,1033.0313542252736,1035.4674068647705,1030.7000459232836,1031.331974588883,1544.4573717312246
2024-11-21 21:45:00,1029.6234843187003,1033.8622167480187,1021.3709189242021,1032.5805910991826,5616.097060748379
2024-11-21 22:00:00,1013.05064609618,1021.4606416893336,1009.857250591088,1017.8998414831713,6841.2828705957745
2024-11-21 22:15:00,1033.5785880701444,1043.0351469493594,1029.9976025808432,1038.9841671378756,9173.585755508431
2024-11-21 22:30:00,1012.1437135691768,1016.5735939922039,1006.6156102121125,1014.5673259191832,5952.080075055453
2024-11-21 22:45:00,969.1258236573576,975.0223138689511,959.899374592804,965.4742951544581,4049.9018475607004
2024-11-21 23:00:00,979.936534424869,988.4522199826596,975.2376183876701,977.3385265107482,5785.200314430358
2024-11-21 23:15:00,989.3545309017746,994.8600555158547,983.2043857142609,983.0731416525869,5258.50134841587
2024-11-21 23:30:00,973.520632923281,976.7952943075259,965.246026854662,971.695380035578,3661.959071615107
2024-11-21 23:45:00,982.8399804520537,982.9121586375072,978.5024105049583,976.5760703065149,7110.6436170562465
2024-11-22 00:00:00,993.756992857457,992.6963689644871,983.1139816566135,993.3034369579835,1088.1936030513646
2024-11-22 00:15:00,974.359053703275,978.4269005399437,965.9974795800478,974.3963687824566,3274.7887575533896
2024-11-22 00:30:00,966.0196119201228,974.3493144413692,968.381559243853,971.5605934040618,1752.6324406358258
2024-11-22 00:45:00,998.9648673810569,999.5711607317887,991.5563231202701,999.2829873689653,6989.70661248515
2024-11-22 01:00:00,994.2218781271174,998.4001634662592,989.8437869277458,992.2768246678411,2997.5994305936542
2024-11-22 01:15:00,1002.6463356550786,1004.4525959847906,993.4174513122529,997.9385023408632,9856.46517565075
2024-11-22 01:30:00,999.2697048593461,1006.3293865500672,995.0604293025323,1001.8852866055317,8513.280458237527
2024-11-22 01:45:00,1000.2647275065456,1011.5817048632996,998.3760075077975,1005.4068173376687,2265.5615400901984
2024-11-22 02:00:00,983.9697350932188,992.7997473824197,985.0499419056005,991.7294482684975,9562.461457029396
2024-11-22 02:15:00,989.8076486734979,994.6388537108536,985.7213468348549,992.9848118344928,4709.084615378658
2024-11-22 02:30:00,1001.9866086267314,1011.8767919148381,999.291098159125,1006.8453890766959,1434.5280408428582
2024-11-22 02:45:00,1004.5842866531458,1005.3785007944387,998.8547977846589,1005.1555128425855,5776.274976507406
2024-11-22 03:00:00,1008.3648346134709,1014.7495132870622,1006.7989259652762,1008.7647637260424,5729.491387271073
2024-11-22 03:15:00,1006.9055911143422,1006.427251301048,1001.0909101147889,1008.1479277575359,4623.438581933409
2024-11-22 03:30:00,992.4141927865481,992.0990285209763,983.6626255902402,983.556725681004,1280.1748459911025
2024-11-22 03:45:00,1000.0075172528358,1007.4068541052646,995.6465907890035,1004.2325852699188,5317.947935068611
2024-11-22 04:00:00,995.0546500449625,1000.7964595324513,992.6677192299283,998.0335996717389,5097.753328536588
2024-11-22 04:15:00,1007.706089174862,1014.7580302171773,1006.8202530529904,1015.5788060083889,5690.743872557806
2024-11-22 04:30:00,1014.5265085636381,1020.2631534848565,1012.7234909744666,1016.9888766736035,9451.57323715221
2024-11-22 04:45:00,997.9064227964275,1003.1715465642671,997.0884340636306,997.6806575778207,2688.7238449591987
2024-11-22 05:00:00,986.310237447049,993.0821602212756,982.8414526165728,981.9003247384762,9066.640071359974
2024-11-22 05:15:00,983.2978969407438,984.4074391413419,973.4040841794119,982.2469087702283,2989.316973032931
2024-11-22 05:30:00,975.5897150675848,979.3660457156409,966.7934148510114,976.0181686808452,6362.331589821016
2024-11-22 05:45:00,968.1779686443836,973.985113541406,964.284832194137,966.1700293030917,196.8089673175169
2024-11-22 06:00:00,973.7183064950914,976.1878324475238,968.8360884515783,972.9051667996329,6662.27483302432
2024-11-22 06:15:00,983.1256688072618,988.0971865637138,976.5141352597825,978.7336704708442,6356.900830369188
2024-11-22 06:30:00,1006.5585773542124,1012.0689576210349,998.2318097537028,1006.2429048895087,5739.163698252143
2024-11-22 06:45:00,1003.9068444801355,1014.0860660772081,1004.6185511685925,1009.2646320992072,3559.9438615848644
2024-11-22 07:00:00,998.4972068645988,1001.1626942136318,990.668403181615,999.6686834356906,3141.442501645924
2024-11-22 07:15:00,1003.4870947597691,1008.7682598335564,996.6269752805065,1007.6369765020588,4984.439320205321
2024-11-22 07:30:00,1030.8486349394302,1030.6559860124712,1018.2814586566866,1026.9575101520027,5955.685567487372
2024-11-22 07:45:00,1029.532358690001,1034.4253137772723,1023.6862038168102,1028.4490622904523,9091.813102329043
2024-11-22 08:00:00,1038.8384071584026,1044.5972784400103,1029.5587951804152,1036.7292970265169,7963.119048100559
2024-11-22 08:15:00,1060.0670009960452,1065.1310267268195,1053.304669314779,1062.3782803955573,5146.823476851561
2024-11-22 08:30:00,1077.1468790965132,1081.2122268733626,1071.2114148947808,1073.334252620738,9057.5729063343
2024-11-22 08:45:00,1089.6967128147699,1091.761279080211,1083.2998930092174,1090.5135586468016,2193.020490739563
2024-11-22 09:00:00,1067.0917265023204,1073.2106352955966,1064.7310787742697,1074.0954038402065,1455.97329862148
2024-11-22 09:15:00,1092.4245334741975,1094.4804078724587,1081.5758655067816,1085.65888977542,708.2973873530674
2024-11-22 09:30:00,1103.5756856104224,1103.938558959409,1095.6869049580134,1102.1885471014416,8379.940835041782
2024-11-22 09:45:00,1110.691893317984,1118.5551053117495,1112.3422665354144,1114.1046718984474,6333.972704163279
2024-11-22 10:00:00,1112.4929112578325,1119.2061583376367,1108.9586606979476,1109.071626607056,9118.211217092601
2024-11-22 10:15:00,1102.9971850943405,1105.663990350432,1096.6433295318775,1097.4440946295117,2200.693042428667
2024-11-22 10:30:00,1086.8197075736136,1098.6288525527473,1084.985627296751,1094.6090455635722,3830.2759306927665
2024-11-22 10:45:00,1087.2772951127251,1086.562843182998,1076.6142647845218,1086.6395835951246,7548.346526131017
2024-11-22 11:00:00,1078.8559912828698,1077.4481439651058,1067.8041338695034,1075.3246856738344,6701.405038231591
2024-11-22 11:15:00,1076.7705368931965,1079.9344066089325,1074.450160084061,1075.6158039678562,7171.003303164052
2024-11-22 11:30:00,1070.3346632820744,1078.2226075766891,1065.6966064837816,1077.7180199838301,1492.8847275131673
2024-11-22 11:45:00,1072.8511659251658,1081.0620319276727,1071.389391831331,1077.0219146377042,8868.63781908002
2024-11-22 12:00:00,1073.1669335329293,1071.7071021019174,1063.2401573937914,1070.988827422048,7889.702119664487
2024-11-22 12:15:00,1064.146252609363,1065.2863488883272,1059.5815262732528,1062.931648696287,3783.3398372581823
2024-11-22 12:30:00,1069.2742370894714,1072.0632573857504,1063.6214535026652,1066.5041076828793,8514.474464686324
2024-11-22 12:45:00,1057.8982353833428,1062.5502080339952,1047.7245187571934,1056.3771647727365,3259.3067662558997
2024-11-22 13:00:00,1073.1509702248304,1082.6096768238724,1071.9074568489866,1077.668533160985,8980.10471889197
2024-11-22 13:15:00,1073.3001425803714,1072.7054935209605,1065.7879386940353,1073.2177122122257,5589.304079754909
2024-11-22 13:30:00,1062.6621716305879,1065.8713194179313,1054.8409232683252,1066.199081653706,832.141850073644
2024-11-22 13:45:00,1079.6239128865939,1086.7520948520712,1075.945559242613,1075.5946158238246,3255.9615285218015
2024-11-22 14:00:00,1084.3436351067453,1084.1783386933755,1077.614444142433,1084.9476531076564,4876.931100772937
2024-11-22 14:15:00,1090.4080548864918,1089.7165068412826,1078.9778023448898,1086.5318591321789,3138.2040805716542
2024-11-22 14:30:00,1061.6576390024707,1064.1404203786985,1056.9945256799485,1062.6982870544803,6075.239463491438
2024-11-22 14:45:00,1060.6990128754053,1065.2138550347809,1053.1905021681055,1054.3686896018419,7528.5852309918755
2024-11-22 15:00:00,1060.1969353488807,1067.9759548266768,1055.01190785492,1057.8980674503055,6908.312224033181
2024-11-22 15:15:00,1064.1819409397938,1069.7708238076593,1058.510847584188,1065.2555344184348,1588.2779858109373
2024-11-22 15:30:00,1051.1205549142628,1055.147532033013,1048.9802255717661,1050.9022365542996,6138.83303943611
2024-11-22 15:45:00,1028.4155962256161,1035.4467618114413,1022.6413303884927,1032.2086539020672,8777.657850790072
2024-11-22 16:00:00,1013.5876180262479,1013.867593080406,1002.2259140100725,1005.5660947784119,4728.536542556263
2024-11-22 16:15:00,1022.1119297883681,1025.9492526815095,1014.8965274934221,1021.2740141891252,8691.000423299132
2024-11-22 16:30:00,1027.6007738126036,1029.41632103577,1020.1837289059035,1027.5801530780288,6071.7347830205445
2024-11-22 16:45:00,1031.643155021637,1031.4790857156627,1023.6196365046011,1028.2826179786612,7513.524095226868
2024-11-22 17:00:00,1029.8425176877006,1028.3373044885902,1017.7236234999292,1026.5737757763097,5427.732538218258
2024-11-22 17:15:00,1014.4772769949768,1022.8426524830682,1014.6707412381912,1018.6736909854312,2787.52084120074
2024-11-22 17:30:00,1019.0271337914037,1025.394281178843,1015.4778591405252,1025.8309815033356,1122.8666899485515
2024-11-22 17:45:00,1004.3008696230913,1012.7668382884885,1001.4184547741422,1011.7998471029283,6110.050110325685
2024-11-22 18:00:00,1012.7657592832267,1019.5455034763281,1006.5718899720634,1015.7847194891121,5526.751782586339
2024-11-22 18:15:00,1037.640313166198,1040.269180511045,1031.052759351157,1034.5191555688282,6996.486760109386
2024-11-22 18:30:00,1027.54777971245,1031.6230562115097,1025.3159830060802,1029.6970103284002,2892.3205862601326
2024-11-22 18:45:00,1056.4658633337335,1059.1388600040848,1050.1485689692984,1054.3615334071778,5466.40090348116
2024-11-22 19:00:00,1018.3815024804281,1026.3634103747065,1013.4438275382461,1020.0137574459523,1360.3346683379325
2024-11-22 19:15:00,1045.5054529401518,1051.6113980029932,1042.4613854851502,1050.9220236301646,2080.5380906072046
2024-11-22 19:30:00,1039.205173556454,1051.2750627736555,1039.2697064129952,1042.9870064224294,5119.294201210132
2024-11-22 19:45:00,1034.6902641007866,1037.7576093471425,1025.5486273387728,1037.2053282114261,5767.880715397442
2024-11-22 20:00:00,1042.9992825436354,1053.858151305312,1042.016202293995,1049.7182834101714,4075.2325530507946
2024-11-22 20:15:00,1042.0340308502987,1050.322947688377,1043.3307601754536,1051.3092849989805,4841.4233983906315
2024-11-22 20:30:00,1061.5192167717303,1060.687498946496,1052.5022040198464,1057.1026656516228,8542.12204620145
2024-11-22 20:45:00,1056.9585726719429,1063.7215096088178,1055.3873892673657,1053.117609146177,275.2091234067458
2024-11-22 21:00:00,1040.957078218648,1043.7918045605475,1031.2217922293087,1040.4832839314504,5102.107307693426
2024-11-22 21:15:00,1036.492714407027,1040.7672310021348,1029.623395157318,1030.2832033048976,8146.0227403066465
2024-11-22 21:30:00,1033.1432150077915,1036.3267150297072,1030.1415923410514,1031.1185125870288,2420.312883834356
2024-11-22 21:45:00,1040.0005083899366,1046.0571121793516,1038.5519458502215,1038.0004177455048,8112.846611893433
2024-11-22 22:00:00,1036.7850872564352,1043.261445975432,1036.332297365222,1040.5242475723933,4739.255954913922
2024-11-22 22:15:00,1046.264274274847,1057.5390452025886,1045.7522011040205,1047.1595457023545,6575.2977018092
2024-11-22 22:30:00,1044.2044693246262,1050.9457484045683,1042.8902838171969,1045.4585323127335,1016.4385749847572
2024-11-22 22:45:00,1042.1904491496587,1045.0135149618154,1031.9773047412293,1036.8233969300693,2836.09791153211
2024-11-22 23:00:00,1024.3745086740043,1035.1474608345432,1021.4436005093927,1031.9216428868785,4513.930948113065
2024-11-22 23:15:00,1019.0915467680801,1024.631101848179,1016.7964266869024,1025.7249994348174,8861.789745983293
2024-11-22 23:30:00,1022.577932343986,1026.3196859141665,1019.8557458637175,1028.0259189172561,4154.963924442211
2024-11-22 23:45:00,1018.4702996579585,1022.7560261009545,1012.9530426515299,1011.8398027622425,5176.208436632889
2024-11-23 00:00:00,1034.608029281877,1036.8275327944582,1027.971493129481,1029.006332898095,4338.645140513112
2024-11-23 00:15:00,1047.6856175195287,1051.3205837795203,1039.528882902858,1040.1680928087692,8615.63705873183
2024-11-23 00:30:00,1032.9629118790917,1035.627074419251,1026.5996312484945,1026.687564775569,2339.203357211825
2024-11-23 00:45:00,1033.721150756028,1034.8067530836888,1026.2367008665988,1032.4770853872762,6871.932364062088
2024-11-23 01:00:00,1034.2515690641833,1042.6071460824583,1030.543449089335,1041.7537157521103,1572.8489493578925
2024-11-23 01:15:00,1033.213175965633,1040.7837706756925,1034.5087326849446,1041.486430071691,7142.756059056763
2024-11-23 01:30:00,1080.311707446825,1082.9024481456966,1072.9350469898095,1080.9010171471175,6017.367805947602
2024-11-23 01:45:00,1084.8747008225953,1088.1500090454763,1079.3420214458445,1080.585289133711,2269.417067612125
2024-11-23 02:00:00,1072.812608794359,1079.9030285313527,1069.4454639838305,1073.5984565547299,8040.752623101733
2024-11-23 02:15:00,1097.3849968228235,1103.162923860167,1093.7293602638342,1096.7595921986976,3283.296476022289
2024-11-23 02:30:00,1127.2130919690267,1128.2182538112208,1115.733148942838,1124.9774039775184,8588.3130748762
2024-11-23 02:45:00,1094.1446391956729,1099.5459808463122,1092.8678317508009,1095.4436107560987,9260.978172316542
2024-11-23 03:00:00,1085.2139548423693,1088.546999331114,1080.5190058879814,1086.6187581338588,3535.2053641057128
2024-11-23 03:15:00,1104.9567230932637,1115.2073670976588,1104.2889803087862,1104.4027131484002,6528.493862617635
2024-11-23 03:30:00,1085.5982118183958,1094.2372384909659,1079.586897436431,1090.0827918663244,9282.92087715258
2024-11-23 03:45:00,1058.3700059290281,1068.3726236365608,1058.3106775647202,1062.607631406885,9860.882574311023
2024-11-23 04:00:00,1045.1452604441056,1056.5957867012612,1044.3705207148928,1052.5079498352184,4608.103614688791
2024-11-23 04:15:00,1042.3222551058846,1042.968043918699,1033.101825611227,1040.8469886604596,3185.9156501121406
2024-11-23 04:30:00,1048.3700691705935,1055.0211752392095,1042.440022163551,1048.8481495053916,4700.193232091825
2024-11-23 04:45:00,1040.8327026793381,1048.427855541848,1040.1132079100169,1042.4546518988368,8751.095617655883
2024-11-23 05:00:00,1008.0375519716108,1010.1088261797474,1002.5092252888538,1002.6831170283219,6543.629878785455
2024-11-23 05:15:00,1014.1064484662543,1019.2047555654854,1006.1823578996563,1010.3901277834519,6865.625969085272
2024-11-23 05:30:00,1013.3997228084509,1012.0517665981431,1005.3456621940376,1005.2368779036105,4615.997736986477
2024-11-23 05:45:00,1039.4108121372024,1042.2864495617487,1030.3591616730723,1039.569055321742,4802.120273682848
2024-11-23 06:00:00,1048.0528479975185,1049.3024122941406,1040.6226535730104,1047.2650698221191,7460.7782506975855
2024-11-23 06:15:00,1039.6212814204646,1051.6354420110715,1039.1205385943301,1044.1515271855428,7867.491759154375
2024-11-23 06:30:00,1063.864841219554,1068.223872007165,1058.7794317263229,1066.1830083339669,2997.1419545158415
2024-11-23 06:45:00,1074.125367601609,1077.285026883394,1064.0841789303954,1073.8536122819473,3872.8704094143236
2024-11-23 07:00:00,1045.3542609815554,1049.135390905942,1035.6506905014878,1045.61956344485,4165.682200948925
2024-11-23 07:15:00,1020.6103492162978,1025.8953582926902,1013.1106638577913,1022.6466885748438,986.5485341518574
2024-11-23 07:30:00,1024.1821132097484,1033.6826261356402,1020.877588397263,1024.3174146685574,2463.027098819218
2024-11-23 07:45:00,1039.502688341543,1039.4271386512812,1031.5588924706997,1036.3829835941115,7049.281838457126
2024-11-23 08:00:00,1023.110371751051,1026.1252295604997,1018.1039264939533,1021.8206939863269,1780.010083587039
2024-11-23 08:15:00,1024.8952571589148,1031.949059431737,1023.9690387095217,1024.5913847691809,238.2472314823326
2024-11-23 08:30:00,1013.4156662669631,1019.6308071256262,1005.7456335020848,1008.9138332894531,6628.708959475437
2024-11-23 08:45:00,1044.4388948969474,1048.6653321517722,1034.8898469047374,1042.8599921800237,8357.590597908651
2024-11-23 09:00:00,1063.3665292037529,1065.1570047387802,1059.4716203152889,1061.7166684821593,6408.257316381433
2024-11-23 09:15:00,1071.6282767075277,1072.455532330527,1062.743825496428,1069.2537428822307,8649.755736797511
2024-11-23 09:30:00,1080.8004704247965,1088.0259805190497,1074.5312579735917,1082.730870147271,970.0175780013072
2024-11-23 09:45:00,1080.2264017736454,1083.780983596155,1074.8279048359134,1075.8050286531627,6483.144169964113
2024-11-23 10:00:00,1083.3494898646516,1091.8764859127486,1081.7289523528882,1081.9517712897791,8031.713567967158
2024-11-23 10:15:00,1081.908313965705,1088.2890699755717,1080.7995506710806,1082.867456097386,7676.278933824403
2024-11-23 10:30:00,1091.0867379145516,1095.785182329196,1084.8905962639317,1093.2526656183131,9015.018406521815
2024-11-23 10:45:00,1060.367296773739,1069.4690023091614,1057.2458151706878,1057.2929635086923,6038.490098971838
2024-11-23 11:00:00,1074.5602013171836,1084.3794994817495,1074.128893999686,1078.5239079686035,2829.98942419066
2024-11-23 11:15:00,1059.6348888292052,1067.6454145166363,1058.9655978001172,1060.122817137567,8761.753445062597
2024-11-23 11:30:00,1060.478717801999,1069.4142907975368,1058.5233332882638,1066.4563652452923,8740.18104793304
2024-11-23 11:45:00,1043.1119105187709,1047.2385863074899,1032.1037634616291,1039.8175334243185,2297.406587721122
2024-11-23 12:00:00,1034.2348022694175,1036.146580239407,1023.6154566941599,1034.5413615911978,7784.55243799982
2024-11-23 12:15:00,1032.61939949335,1035.4576738781598,1021.6714973544547,1031.2827286586735,6156.5584666659415
2024-11-23 12:30:00,1022.299551671659,1030.762657103535,1021.010160377212,1030.7347903698164,9195.366758136377
2024-11-23 12:45:00,1015.010534574566,1020.7078972118281,1011.2550129621682,1018.406976505002,343.9930627994275
2024-11-23 13:00:00,991.4154166680205,994.1119171393661,984.8449863723814,985.8297278878082,1657.9716680697532
2024-11-23 13:15:00,986.9868136715863,995.4355701462629,982.4889568198004,990.7680022648666,5364.143104688214
2024-11-23 13:30:00,986.3737466050294,990.7041895568192,980.1209654445357,982.7042775252762,7116.710813672993
2024-11-23 13:45:00,963.0172112275995,971.4254134601911,964.519409509565,971.3109047937184,6410.694898766679
2024-11-23 14:00:00,967.4228768566343,975.0524727576482,962.0294986527479,965.4623938182192,1646.5451575724553
2024-11-23 14:15:00,962.370522467285,965.8644572510341,956.6666790283575,966.2335990188012,7015.778827595624
2024-11-23 14:30:00,948.5272698267196,956.5375203314272,947.9792155977296,954.1449856186036,9375.32164331186
2024-11-23 14:45:00,943.889579237749,946.5394855344707,938.7898392374342,948.3071183330205,4625.466752257065
2024-11-23 15:00:00,906.6026149222915,913.6705236023961,904.8634704666798,914.0320675975493,6489.401118228984
2024-11-23 15:15:00,911.4102674904354,910.5172082999138,899.838511670111,908.3557691002792,1160.2271238466524
2024-11-23 15:30:00,895.6360019765416,903.2747835077226,893.4370134020966,894.25735084253,8330.10095326284
2024-11-23 15:45:00,902.349577348845,908.3006883006394,898.3310192356756,906.9613263744078,6144.427752238234
2024-11-23 16:00:00,917.3968031884101,919.6023074736611,911.5580803892182,917.4474553413613,2650.3626344048325
2024-11-23 16:15:00,907.6688837726878,906.8311411802453,897.0526943275424,907.3771226970618,1199.2133967215914
2024-11-23 16:30:00,911.2197506589948,917.0253856991682,909.3590888402509,914.8895267923078,2204.748594992357
2024-11-23 16:45:00,907.6092169226454,919.1073321259508,904.8080552523127,914.849291478794,1051.9026308370326
2024-11-23 17:00:00,904.7573399415282,905.9453192562901,900.8124353064019,903.2466521932716,6881.924136958536
2024-11-23 17:15:00,933.305295627556,937.5675494916586,924.9226670893197,930.7175230753362,108.76104612904513
2024-11-23 17:30:00,946.4613665049139,949.2674820940126,943.7339765630804,948.4262791463315,5401.343336917854
2024-11-23 17:45:00,950.9856215020301,959.926137903956,951.5261208782374,954.2932913951053,517.8877344233617
2024-11-23 18:00:00,929.0743286614754,941.3262269096762,925.8678052259176,933.9386481418549,2577.2529406834014
2024-11-23 18:15:00,917.5616078779494,917.8508680196219,910.2215817646301,918.725625959873,3552.4721282810724
2024-11-23 18:30:00,910.3803409008182,916.407003681734,911.5517352369552,917.0636499930837,3789.800983379124
2024-11-23 18:45:00,897.7539977625486,903.9181920140151,892.8377281911036,898.831206803045,4837.464984223241
2024-11-23 19:00:00,917.2729639354175,920.9122200315965,912.0442917130397,919.6994892526367,4273.380389352919
2024-11-23 19:15:00,919.7585838733775,926.4436181445428,913.7571598587338,923.9002018266892,3034.109757986222
2024-11-23 19:30:00,908.067905738599,914.2926504244082,903.2321733294833,907.5742068669643,3302.645694911304
2024-11-23 19:45:00,917.3717810380049,919.5066099058811,908.3749889543268,915.250276075036,2527.40420530047
2024-11-23 20:00:00,915.2693820809342,921.1782999138456,910.9153946035125,913.9229876494718,2878.6878105187393
2024-11-23 20:15:00,924.6753687574128,936.4518089091222,923.7278873555774,929.223773769862,8648.957639109598
2024-11-23 20:30:00,913.2958092443484,918.5292512964429,912.2830912011473,916.2416758141079,3553.6650168317765
2024-11-23 20:45:00,923.8988688367604,930.172275437969,919.2722375039366,926.5691622264565,322.0823381376298
2024-11-23 21:00:00,924.4795647004913,933.112345475235,924.2677570242134,928.7560861277915,4053.7201973599317
2024-11-23 21:15:00,915.76272980143,925.3613657569404,914.324678994309,918.4515019487347,8701.685451419415
2024-11-23 21:30:00,924.2809638392988,929.4899811981771,922.2384382757556,929.8375186180898,1881.9381868458856
2024-11-23 21:45:00,929.4107349102618,933.618399548083,921.9711518408711,926.144807885096,9305.35128179188
2024-11-23 22:00:00,939.4174379517842,941.4808841935024,932.1587604152195,941.9720276489905,4035.6990958321394
2024-11-23 22:15:00,941.6454866365613,942.6363459111747,935.4712323416167,935.148783528081,6142.85162984353
2024-11-23 22:30:00,901.1113867889787,901.1432302428206,891.3327676974797,897.727475035653,8615.50195673909
2024-11-23 22:45:00,886.1745697536865,891.7229204872709,881.4214296568335,888.4644006377146,5746.14083601481
2024-11-23 23:00:00,911.1892575462992,916.8981489801868,905.8511830146635,914.2524826538519,9233.331663418767
2024-11-23 23:15:00,886.423074369789,888.8822408010622,881.964952310536,888.288290510093,4255.090807771835
2024-11-23 23:30:00,904.4157049418478,903.8641475313104,894.3807842350112,896.1735619369829,6289.748892227554
2024-11-23 23:45:00,930.1545438023365,936.2425465249462,927.7086039230221,927.3860300212976,4272.853189500511
2024-11-24 00:00:00,947.6451882693568,952.695856854549,941.2235496828974,949.1349149555102,9705.259766215639
2024-11-24 00:15:00,961.9149672520418,967.8679376577636,959.8237825862943,968.7191703335626,1550.3287598249128
2024-11-24 00:30:00,985.4442226407353,984.3591305397199,976.774983005636,982.8196005840999,7762.716540371895
2024-11-24 00:45:00,996.8935808549202,1004.8060974488023,996.056521031282,1002.9033306896197,6371.2658820290335
2024-11-24 01:00:00,1012.3882755200486,1014.5779306717698,1006.7814781006422,1011.0900327222329,9265.743812804596
2024-11-24 01:15:00,1014.177364976229,1014.7736233586267,1004.2714470863164,1016.4893195004764,1197.0443442395144
2024-11-24 01:30:00,1016.596991107089,1019.0480106293212,1005.6469930909332,1011.6336470068892,5865.505868897378
2024-11-24 01:45:00,998.1730483738667,1002.7251400052205,995.5135714985106,996.2655805405001,6130.778631375926
2024-11-24 02:00:00,993.8615574226128,998.6967259243321,989.537812232035,996.45670505522,6492.732275299118
2024-11-24 02:15:00,978.5322767204038,990.2723479272704,979.651830034321,979.2778206817028,6059.297335858483
2024-11-24 02:30:00,972.9737161341018,975.8560003160765,962.185586314525,971.6080664250969,9905.154450260545
2024-11-24 02:45:00,954.9267843063486,963.4322029730132,951.5576184437526,956.4638748897138,9018.785678948361
2024-11-24 03:00:00,935.8315027851852,944.8577155221462,929.6710240718235,935.6990689541111,9061.268471635367
2024-11-24 03:15:00,954.343155534325,958.6877753009597,950.5990131337093,959.0412933494202,6229.361247388315
2024-11-24 03:30:00,967.9128341383914,974.0773338299317,964.2093760222367,968.5572867129187,3916.18364521721
2024-11-24 03:45:00,952.3560079978852,958.999048858136,950.4306648615623,950.9288682419257,6384.6487261632965
2024-11-24 04:00:00,962.0369505692807,969.3764087682671,956.8504434213871,967.1456314925733,7696.8001723957095
2024-11-24 04:15:00,947.788732251996,953.6535336690631,943.3673323755378,951.1861936246122,6389.672322082466
2024-11-24 04:30:00,940.8823997187346,944.7056635454338,935.6433711348539,944.5419379251799,117.42510282249786
2024-11-24 04:45:00,946.9137938490672,952.7138534475305,941.4560188541564,947.0058365756776,8050.010414808463
2024-11-24 05:00:00,936.2565573047364,936.3872501164793,925.3159742995826,931.5521583395846,4641.643724631252
2024-11-24 05:15:00,927.039902266389,931.9401400447437,925.0991054633014,927.1154185128763,8624.155654436132
2024-11-24 05:30:00,915.4771365927634,921.1498040251389,915.0889069839147,920.1024893337358,3228.3210211594514
2024-11-24 05:45:00,925.9279667657393,930.175711236671,920.1736374804743,922.4530100059778,6467.349554757385
2024-11-24 06:00:00,929.0849180270817,929.5211884042847,924.8753935761091,924.9085563217693,4236.990045731213
2024-11-24 06:15:00,947.2148143039659,946.9862569883978,934.5550838586954,945.5332624760061,6931.337565111482
2024-11-24 06:30:00,928.6091853363315,932.1704067348438,926.0608472321906,932.4883365203731,1991.8551034315515
2024-11-24 06:45:00,926.156859344497,927.9773634090321,920.4635317676915,920.5283031382907,5214.390948101176
2024-11-24 07:00:00,954.3563984461413,959.6014572738458,948.2978538417445,954.5560118728099,9853.487533584013
2024-11-24 07:15:00,941.5399795160077,949.1539255600518,938.9260813193254,943.6816722792162,5954.46190358925
2024-11-24 07:30:00,935.113980274966,941.437847703909,931.8225495862424,929.9377090561475,4755.381357609554
2024-11-24 07:45:00,921.4702777584719,926.0127769284826,916.6648569403819,923.5205969374853,6181.665970686553
2024-11-24 08:00:00,921.3323014080925,924.6705813676667,916.8228316828981,923.4069181457637,1590.6108473449112
2024-11-24 08:15:00,926.125289386634,931.1510907749587,920.9448045513217,929.2502987070951,9740.366964515631
2024-11-24 08:30:00,931.4746063738332,939.111362957184,929.5400192750916,930.3805721764076,4115.568002261303
2024-11-24 08:45:00,930.825944740302,929.1979823490984,920.8472104646382,925.5616683854182,8548.521366028199
2024-11-24 09:00:00,932.571816220862,938.1754024677773,928.5777490421049,930.7521552139608,4652.947028194771
2024-11-24 09:15:00,939.4827671199648,949.1649895919209,938.2953004702653,943.9873126047285,5015.760688857776
2024-11-24 09:30:00,949.6345646414045,953.9993057060449,947.5126103821242,954.7668126145693,2914.120977291583
2024-11-24 09:45:00,946.722747954681,952.9520329765362,941.6277486621086,944.573926297713,6744.87356571578
2024-11-24 10:00:00,944.5735225739386,950.9016947179751,940.7833442066049,942.7804512291467,1047.9986022640808
2024-11-24 10:15:00,949.4257396665857,956.1152975044716,943.7170204026136,951.9245601187564,2591.8329676116477
2024-11-24 10:30:00,960.1260351353926,964.7907715794532,949.6914827673208,959.9880348211992,1178.4959960860667
2024-11-24 10:45:00,942.7941787444764,944.0407246605065,938.0224168922581,941.1208409484346,9148.898393070915
2024-11-24 11:00:00,953.0367771248119,952.5654679247726,942.018858145182,944.8846728116929,3137.8351107005883
2024-11-24 11:15:00,952.37091045829,963.5006144129162,954.9760223463571,959.8018152616324,2751.9102241049113
2024-11-24 11:30:00,951.319989101417,961.5942443457377,952.1497236446608,958.158714492065,7015.292471020372
2024-11-24 11:45:00,926.5409216494944,931.349140163832,920.4676965730332,928.1068411532628,7109.909561653297
2024-11-24 12:00:00,946.9337410535633,950.4377038764972,938.7202549291526,950.2949704700912,896.2691042138312
2024-11-24 12:15:00,955.0700189288654,957.2933213696554,949.8886021954364,957.8755004725876,8697.42700985479
2024-11-24 12:30:00,962.3102142276307,966.5865331930561,956.4186983449525,958.0446844473827,5577.737244401277
2024-11-24 12:45:00,935.6526899795258,940.2858519111843,928.7281505613552,936.1253567283899,8946.53696175947
2024-11-24 13:00:00,954.6831382960025,964.2063640482125,954.1199610235147,956.7903554939709,4007.1832317627623
2024-11-24 13:15:00,992.7976275463253,1002.0894857749009,987.0262078280596,989.7595997237747,3601.8900425247143
2024-11-24 13:30:00,988.1707931618848,988.6222382069602,983.1418812074492,986.6442052013545,9063.327944171417
2024-11-24 13:45:00,979.2662803166407,986.1686529564429,973.7633352207298,984.9935469599214,4817.945307665043
2024-11-24 14:00:00,964.0029690262692,975.0383226114817,962.1245303568397,966.3816233004023,3767.9172838518725
2024-11-24 14:15:00,950.9506040202382,960.8856170124357,948.2641571302348,949.2112494988459,8182.577246189358
2024-11-24 14:30:00,924.3912638650942,928.0323708475743,914.9562922458414,925.0550792035455,7625.186806541535
2024-11-24 14:45:00,919.7054001079184,928.5423906868626,915.3890501784381,925.1132640943121,580.2940971385364
2024-11-24 15:00:00,910.6824951666621,920.5735335185359,907.8684856136152,916.8575861314058,9861.999495666752
2024-11-24 15:15:00,901.8456540754628,907.8351904756684,901.6841570625133,906.4932117286928,2587.3502784176676
2024-11-24 15:30:00,925.6415875655451,931.1319055602967,921.8268586307418,920.7607095765144,3541.2961346262305
2024-11-24 15:45:00,938.0734143201965,938.958379748673,929.3758483120612,935.880609910928,7731.6656871001815
2024-11-24 16:00:00,939.3321505201903,941.11094572456,926.9265163210571,938.0989208554562,2861.2975390761208
2024-11-24 16:15:00,922.3288875984736,922.8222570582716,911.626554413066,915.5620741009578,7094.306846979941
2024-11-24 16:30:00,914.9406720546696,920.8379910813082,909.7596622552616,913.7833964681481,370.80606791208186
2024-11-24 16:45:00,911.4477502140951,913.6752396890822,901.8836712187692,905.2051063875397,6541.523936901955
2024-11-24 17:00:00,911.6248145657738,911.8384285687324,901.4182478479862,908.7719971898654,7740.44670301475
2024-11-24 17:15:00,897.6070511471723,902.7153790976097,894.6852242877757,897.4098047575858,7088.8557949029
2024-11-24 17:30:00,901.7921560562662,906.213191112932,895.9050062220522,898.889141304427,8613.101938276632
2024-11-24 17:45:00,889.2852888360255,893.4874540484345,888.3606084850137,887.2735983231543,2086.691366501489
2024-11-24 18:00:00,906.6734901247173,912.395275382354,902.1457595714996,909.9114256301912,9227.595261990093
2024-11-24 18:15:00,903.1563146297337,905.0688996213373,891.2879170944009,893.4095990869807,4414.79388316401
2024-11-24 18:30:00,899.5410890722009,911.110239813524,897.9414858181119,901.9304395408427,9091.04055299119
2024-11-24 18:45:00,893.5862977065763,896.676604275906,886.9858475007896,891.5675665315061,2103.3381911413544
2024-11-24 19:00:00,877.6370223216132,883.5986333317719,876.2552594367272,882.9311492354595,1187.6082332197318
2024-11-24 19:15:00,874.546612258476,879.1157520700657,869.3930103004104,870.3921392030278,6194.65688769119
2024-11-24 19:30:00,877.8140325264586,882.250796074527,876.3627517783723,880.2991088845043,7224.0845258966365
2024-11-24 19:45:00,873.7615548827893,881.2152678011425,870.5767037542514,876.1236388235045,4252.364041892411
2024-11-24 20:00:00,854.0398996387551,858.5896965890732,847.6353431249192,858.0282490609409,544.2649461298824
2024-11-24 20:15:00,862.0148133875109,861.6577859589253,851.4162361638317,856.0029518095641,3785.642189349035
2024-11-24 20:30:00,853.742081855244,861.9049681219759,851.0853082958048,858.8343177395611,717.9924154650971
2024-11-24 20:45:00,846.6822614333665,853.4376422618946,845.1711170171718,844.038076350998,8132.757157622861
2024-11-24 21:00:00,836.906803297808,843.562521241431,833.7198821325309,834.1314405388268,6427.130482565009
2024-11-24 21:15:00,827.9623599096954,828.3690187999792,817.1225429010834,827.8833373313611,1358.6983508836586
2024-11-24 21:30:00,788.9053391251894,791.0652720072468,778.515584022035,783.3177554242975,2721.028594133469
2024-11-24 21:45:00,785.2167463854304,788.7954588613384,775.0186140952835,781.3971171621445,3060.2413580343587
2024-11-24 22:00:00,775.805534951413,779.8064864748142,766.944941761893,773.4827080963477,5472.854768226221
2024-11-24 22:15:00,772.9630081845705,779.0085549386456,768.2179890746974,774.5660177779079,8123.44485607185
2024-11-24 22:30:00,775.0238076641734,780.3319961456145,770.7425200557473,778.5665775080397,8578.470957804533
2024-11-24 22:45:00,776.5590111943658,783.5696133102645,773.7421352271548,781.2247601581397,4109.375832777339
2024-11-24 23:00:00,766.1472894026008,775.7117050438364,765.4237864748172,770.4132263985161,5799.883118096593
2024-11-24 23:15:00,751.0550645870387,762.9045424557888,752.1999241921233,756.9662846526156,4193.144751989355
2024-11-24 23:30:00,756.7061506618774,761.1499344733986,755.3819790117957,756.6733187947264,7227.057713291394
2024-11-24 23:45:00,737.5147862568592,748.5885128770675,733.6122794138498,741.2375311302274,6638.117843780821
2024-11-25 00:00:00,763.8073916396908,768.744308485807,754.2851886181606,757.5610672447452,4139.56122131052
2024-11-25 00:15:00,765.6059059919211,768.8525881962274,759.8404190229364,759.2055980835822,3862.0292950831363
2024-11-25 00:30:00,779.1483478658339,785.0387989635258,772.9191452902675,780.3253738368005,8631.777404765173
2024-11-25 00:45:00,760.7398536673286,765.012814571025,756.04229805791,759.7442149672711,9954.72434383152
2024-11-25 01:00:00,788.7968440521508,789.0083589349099,780.2264488435227,782.2859046857793,2517.3740144141175
2024-11-25 01:15:00,805.835454213015,804.4223842468496,798.5319572918784,799.1287636520589,1536.5835912082568
2024-11-25 01:30:00,820.7755811627361,821.7165246698864,812.8200396178347,812.6020114920002,775.8754201233968
2024-11-25 01:45:00,819.110536825343,826.7525737208573,817.1344190028689,820.5559203763687,6569.308435856789
2024-11-25 02:00:00,806.4437227395754,815.9940564065349,802.8913315042463,808.2449594765767,142.90168524095606
2024-11-25 02:15:00,822.4987409295161,820.7017322617473,816.0489517044649,816.1493945303623,3313.8960903073553
2024-11-25 02:30:00,823.0155213458543,825.5375338038265,813.1155765201745,821.1399285352311,5650.093222952879
2024-11-25 02:45:00,832.3438743373797,835.6076446632259,824.5022096074205,834.8575676084832,6338.548439249323
2024-11-25 03:00:00,831.1174671245519,838.4866086418978,823.8511778464836,826.227825673217,4645.699002426042
2024-11-25 03:15:00,816.6103525067832,824.8372253311826,811.5757913061735,815.499260356992,7622.056032056374
2024-11-25 03:30:00,811.2462527938902,818.3590126091345,809.8474405076952,817.302394866751,9219.74048798209
2024-11-25 03:45:00,848.9166354205734,850.6156582035585,840.9155370477561,849.6872139958085,848.6268878393316
2024-11-25 04:00:00,855.2688136389877,857.9503760103523,848.8683973286958,851.4165148045735,8610.724377078446
2024-11-25 04:15:00,850.0739853908116,857.1742268168317,846.6747202151611,848.3009832499591,7196.220104651433
2024-11-25 04:30:00,854.7631701725999,866.8321464343489,853.0410352690403,858.4175423116981,6135.487632295056
2024-11-25 04:45:00,884.0059214551464,891.7704827342517,884.1862090886358,885.0737955812668,2248.8068420843247
2024-11-25 05:00:00,899.1002799066453,903.3992856628827,891.6300121594821,898.0586502215474,6449.625832025931
2024-11-25 05:15:00,899.5814060489885,907.1052009373386,896.6643412532316,903.8515093935849,7791.764531163099
2024-11-25 05:30:00,891.9375320802683,895.5229315746365,890.4034861125857,897.2275432246914,2019.934117937646
2024-11-25 05:45:00,909.8174455781282,913.9217295679161,903.7329885157311,905.0433101295253,576.657079114802
2024-11-25 06:00:00,897.2897626092821,905.6018684445471,897.4510496628036,901.1825416147306,3202.946878930745
2024-11-25 06:15:00,919.702192137652,927.6227479320715,912.6669012000158,915.7542514105094,4828.833866863935
2024-11-25 06:30:00,923.6897161650005,925.5507841729469,913.4579803900814,924.6002494982752,8163.464140012005
2024-11-25 06:45:00,930.5397948360359,937.6310050526646,927.7985202757566,936.6713496972125,7540.2855048415795
2024-11-25 07:00:00,950.0208778388302,955.2638228205373,945.8058515126946,950.3174810783655,414.26613403586765
2024-11-25 07:15:00,923.8529058730513,932.9397965745728,919.7139891692148,922.6433489538689,2531.4050785798618
2024-11-25 07:30:00,915.053439289936,919.9836588534274,913.1154039188921,914.8403705768998,2916.3079557234614
2024-11-25 07:45:00,925.1042430653827,927.7708534767144,915.2323077046262,925.58981246713,1155.3084894753174
2024-11-25 08:00:00,914.5925909941166,920.0267214120527,912.3620674788642,917.2584295767215,1935.2787222518211
2024-11-25 08:15:00,920.9895523477455,928.4689727084121,918.4934064382632,921.4449470469506,7306.387830821627
2024-11-25 08:30:00,942.1440515418751,941.9158583403115,932.9202584232302,941.8437852755807,2304.5176292008796
2024-11-25 08:45:00,933.0623150053101,936.4139496485452,924.9969400205223,928.0820808612701,7555.761691375874
2024-11-25 09:00:00,938.0950422652752,940.2469545562749,929.4510641987819,932.3237896472364,8565.049372047792
2024-11-25 09:15:00,908.2242089250734,910.9735935917578,903.7259794691851,907.7356653228834,9658.704930408916
2024-11-25 09:30:00,907.0596589980224,910.7296435707794,899.7311046679444,898.7210073710556,4093.544806554428
2024-11-25 09:45:00,877.9085001303189,886.597525433753,876.8985155056681,886.5482080234128,9464.470643687535
2024-11-25 10:00:00,877.5282969947175,878.0408157759255,867.8630381358523,873.8898148275308,7445.210829193394
2024-11-25 10:15:00,855.7021513601475,860.3932372117064,854.7746315639032,854.2658599722954,7222.199337336482
2024-11-25 10:30:00,843.0948147262475,851.8468008618396,839.0468401649581,849.1211602139996,3969.4422202252704
2024-11-25 10:45:00,846.8989662658483,856.1636553791648,843.4268610581751,853.5631374280212,8063.4863858555145
2024-11-25 11:00:00,840.0032046407821,837.8453125094526,827.6443473709949,835.1468836271358,8095.575381183043
2024-11-25 11:15:00,839.6025575632996,842.3146847435061,831.6028745433395,836.5543040813648,6695.501788760215
2024-11-25 11:30:00,857.8199119197764,868.7003716957702,858.07590352668,857.5179140597344,5873.387296873401
2024-11-25 11:45:00,880.412115986962,883.189409309138,868.687907094658,873.3297254901755,9708.278209142834
2024-11-25 12:00:00,838.4378343733052,847.5827684154037,838.9377095588073,836.6590619006134,843.207733241367
2024-11-25 12:15:00,839.9064726979344,849.242611111284,838.9447743375017,841.4246228243182,5013.07713841615
2024-11-25 12:30:00,852.4086150466737,852.8464692447143,841.5036256974417,853.5500600311798,849.5162355838348
2024-11-25 12:45:00,850.0276041839869,858.239683476835,849.4108099006478,856.2891776654297,5748.596454004824
2024-11-25 13:00:00,853.0243965208782,855.6001339844684,846.9875302698936,845.8747859182816,1170.6096350188336
2024-11-25 13:15:00,848.334576029674,859.6503894274414,850.3614815178101,849.6300617031055,4677.350436368301
2024-11-25 13:30:00,876.0007795917046,877.5773936297793,867.7990586030096,875.9304025332316,846.7842499978345
2024-11-25 13:45:00,871.6141701719213,877.2841258747461,863.8600996853664,867.9829772651037,1292.078707049537
2024-11-25 14:00:00,869.6489021261774,876.3766776958844,864.9464465409885,865.902745004507,2701.2700184689006
2024-11-25 14:15:00,841.6644738446461,847.2370896760015,839.7311143747932,843.960787020807,3829.810219162238
2024-11-25 14:30:00,841.3603916713776,841.797224578162,833.6361313909304,841.2897779880924,1790.394704927943
2024-11-25 14:45:00,840.4117641279524,839.1821194388011,833.8086308667125,834.7718579876001,1182.3111764099751
2024-11-25 15:00:00,820.1304696346539,822.1778744716929,812.6229487335103,815.5992912150529,9634.23105873947
2024-11-25 15:15:00,794.344150285726,795.352708395034,784.2445565201801,788.732191242612,7344.985749732476
2024-11-25 15:30:00,812.8879646120024,821.2802153775065,807.565578986783,808.5808563347189,7649.352627897851
2024-11-25 15:45:00,808.1665164120545,819.0780290473933,810.0274196758473,817.3843305659353,5668.715820690875
2024-11-25 16:00:00,809.2497431590092,817.1804702012697,805.2461740278652,808.2944746077659,5635.0526420982205
2024-11-25 16:15:00,808.2777374335773,808.7994375338991,802.0891388849624,802.9094538932316,2827.064943094481
2024-11-25 16:30:00,794.7529291806469,805.1922597639084,794.9403598122079,795.0513599244471,1573.7309022474474
2024-11-25 16:45:00,794.3046846258943,797.5007194868531,786.4779586606652,788.9141442621253,3234.5476473224044
2024-11-25 17:00:00,806.7323224240879,806.7098885387969,794.9479428746158,800.6880441690339,6915.001709267553
2024-11-25 17:15:00,792.9578782659408,802.3723728323265,791.5174568583093,801.7782061397857,6775.429384414335
2024-11-25 17:30:00,777.5329597400562,783.4185225237975,772.6773901421689,784.3100247065609,5130.418651340876
2024-11-25 17:45:00,808.3933090792472,806.2928987329445,799.6680364936273,801.3911691506528,6738.955358630849
2024-11-25 18:00:00,799.8985603096271,803.6604035468429,798.1355134592552,797.6239836676016,3268.503794896602
2024-11-25 18:15:00,799.8728214942254,806.7517925907327,797.1132141141856,800.2125413810733,8514.854719513814
2024-11-25 18:30:00,806.6657034072704,806.4455367490255,800.279457978867,806.2942708274013,5157.483833131566
2024-11-25 18:45:00,803.8132436438049,804.1366592458032,792.022037388035,795.3065768130156,2712.560821796616
2024-11-25 19:00:00,786.9642151334887,791.126405390566,779.4699531879086,788.4181694432187,5513.422094545468
2024-11-25 19:15:00,798.4656536167016,802.7228438004136,789.3473126579947,790.818303911736,4200.3592795716895
2024-11-25 19:30:00,806.2224767149714,811.7226594151513,800.3431558420722,802.3074018654388,1464.1395484696188
2024-11-25 19:45:00,784.1904183651441,788.6592249551549,780.1665080454455,785.0615883661587,8901.197800352154
2024-11-25 20:00:00,762.3005658582201,766.7382736225463,756.6422465803066,763.6237905098295,1754.3378244558385
2024-11-25 20:15:00,758.9535357477358,769.9170780679129,759.6954646962048,764.282111675883,1528.462606328608
2024-11-25 20:30:00,770.8830151697548,769.0739822639657,763.9298579109889,762.0205723864118,3056.483380660929
2024-11-25 20:45:00,766.3145386399004,773.7581960475317,760.3578750034566,761.7701568808573,4858.024100131851
2024-11-25 21:00:00,755.3975369081928,753.926584789645,744.5645603021266,755.0351336293851,8039.916775354805
2024-11-25 21:15:00,744.4042291272928,747.8183702311259,740.0474675241695,743.1394294748823,480.3946385446646
2024-11-25 21:30:00,732.1262680148329,738.4610002912556,725.128898495732,731.6110626471714,7578.320886592096
2024-11-25 21:45:00,727.1594126893931,732.7743819723165,720.9733722774163,729.0874365254717,1891.491161985343
2024-11-25 22:00:00,719.2980994893672,724.5577747039695,712.7280980219489,716.6834144556206,9498.297403160062
2024-11-25 22:15:00,747.5020311052273,752.0366926337576,744.365219852031,751.6716350376512,4410.335550392427
2024-11-25 22:30:00,770.1702156370266,777.279567187715,771.2653173325011,778.1312731754623,6032.422183834483
2024-11-25 22:45:00,779.4462644855166,787.0827990584838,775.7810449128599,781.206158077609,7331.398640379967
2024-11-25 23:00:00,805.4630898124765,805.4841429971236,797.8125423541594,798.8490994000152,7289.267525504563
2024-11-25 23:15:00,781.4404285179656,788.0951520886432,783.192468922262,783.5473611191167,5608.088005278081
2024-11-25 23:30:00,777.4323364921357,783.7495584418295,773.4610897445912,780.8229029893915,4794.828431077641
2024-11-25 23:45:00,784.2089633760111,783.463098121961,772.3129448148975,777.8388312609131,4713.374902981649
2024-11-26 00:00:00,794.979145534012,797.0397475010337,787.9233338449745,796.9641816779136,7750.327394744283
2024-11-26 00:15:00,813.6494926221426,818.4442202222773,808.6593916352451,813.2287664308361,5656.714714281535
2024-11-26 00:30:00,793.9345552985357,802.1127753201017,793.0144543687181,799.7650391778569,157.69843323029124
2024-11-26 00:45:00,813.5098746500455,820.3253919637272,811.2201850603574,816.1072707543215,1779.5815730236684
2024-11-26 01:00:00,822.4883036732416,829.5544287545426,822.7576553382221,826.9285611531561,961.9144222364533
2024-11-26 01:15:00,847.8987173896174,856.1111154220674,842.7909970380233,852.6436352472411,7031.705721999526
2024-11-26 01:30:00,877.6988253841457,881.9889653418631,875.8542683938218,884.7568056482944,4975.7135631593255
2024-11-26 01:45:00,872.3733756178191,872.5498526177369,867.6696940755672,868.7301827410748,5236.35496519329
2024-11-26 02:00:00,862.2580591940607,864.1517835995617,859.4557264860557,865.654535176809,1731.0696639778616
2024-11-26 02:15:00,838.1665153487924,844.9621887224307,835.5307486376388,841.0115774227623,8791.787613482511
2024-11-26 02:30:00,861.3993299874194,862.7508536119889,849.1086122373781,853.3150116301147,9770.196207339732
2024-11-26 02:45:00,867.2481483040839,874.6297849891582,861.5975590472261,871.3153304582501,6374.132201430191
2024-11-26 03:00:00,870.4022529501881,874.6072704913175,862.5977703336717,870.6542385739002,3594.823952471225
2024-11-26 03:15:00,863.0826441172673,870.7677366866532,859.6655683978271,862.4792499484154,1408.847777287263
2024-11-26 03:30:00,874.5494620632118,882.2377523591417,872.6453035477671,876.797279216464,3240.6308182401
2024-11-26 03:45:00,877.748782514695,876.6668998620476,866.4189062818599,878.3812966816184,8358.769663594278
2024-11-26 04:00:00,860.3616309013344,870.7713922001938,859.4116982841942,859.8417471449002,314.758722227691
2024-11-26 04:15:00,869.459386751401,876.3989585257277,870.237472434779,871.594316605999,1043.0768373327387
2024-11-26 04:30:00,874.3093389301687,878.0497622954489,871.8476942738602,877.9821804289022,3605.6361236522225
2024-11-26 04:45:00,902.0203718231927,905.2350518554151,895.6104958641287,898.7994847853599,843.7253416093266
2024-11-26 05:00:00,885.936344559584,893.1751232058847,879.9364967153039,884.3704175740371,4277.167733513367
2024-11-26 05:15:00,881.7991383568205,887.3473675818783,879.9859200306676,883.7901497001689,9760.725147956791
2024-11-26 05:30:00,892.8686006528593,899.874964105608,885.8541940525151,895.9862072253751,556.6631783271621
2024-11-26 05:45:00,886.380533036476,893.3128310322683,878.4645868996596,887.2837556086374,4990.996363744729
2024-11-26 06:00:00,872.7769201420305,877.3166310045519,865.9331188284434,866.7161075126747,4792.830382633096
2024-11-26 06:15:00,884.0567689708002,888.001976817956,879.8319619860096,882.1201398449116,421.29520478374184
2024-11-26 06:30:00,890.6905348618873,895.4519092650057,887.1093310995321,892.9275236286819,292.6807045156781
2024-11-26 06:45:00,898.2045244912466,902.3594076108192,892.9643941239461,900.1735348490776,2559.7955860431007
2024-11-26 07:00:00,901.3849675759488,907.5090728657449,896.8056560967843,908.8862462814152,645.5129956438259
2024-11-26 07:15:00,889.2935286166727,898.5563689295043,890.1445885360229,893.4256241978032,7106.464230217749
2024-11-26 07:30:00,894.5208668889953,901.3692111161655,889.3944921522393,892.1429963947289,1112.7348221707302
2024-11-26 07:45:00,880.8978713768018,888.6972171897299,877.3566449953292,880.4238903615761,6733.417762513031
2024-11-26 08:00:00,863.9479203818223,868.8408161432072,858.0366831395008,862.8712585926569,1719.4063696918115
2024-11-26 08:15:00,877.2200809842208,877.3455261228594,870.518751494578,870.8800918472969,7509.294230071053
2024-11-26 08:30:00,865.9038080550539,869.4324047561149,857.8244083157011,865.7062136943595,5181.777777967961
2024-11-26 08:45:00,861.4246163501966,863.8281159384389,854.763488656654,861.2735303277248,4542.931961588996
2024-11-26 09:00:00,873.2211195340357,871.5948960723365,862.7866798643777,864.2492064934011,6262.086796275943
2024-11-26 09:15:00,885.3541061833325,894.101306687617,882.2826962190278,882.7059929432038,6436.200322275533
2024-11-26 09:30:00,903.9299413341311,911.9868854861083,897.3876242519833,904.673064805133,6611.502992766693
2024-11-26 09:45:00,891.0116303623558,894.6053621473237,882.9959010520481,890.554367536846,1921.2777723092745
2024-11-26 10:00:00,894.5214484037253,899.5931598148587,888.3548525894805,897.3458561889565,6346.56774545398
2024-11-26 10:15:00,919.795569460218,923.0200749924969,916.8876757411166,923.1068702630529,7938.899375864376
2024-11-26 10:30:00,916.2951195236345,924.1581318489951,914.0872071536519,914.398156055844,4289.391488363231
2024-11-26 10:45:00,921.9137342609075,930.4027950451574,918.1570038085739,925.2621346153389,659.7980384989461
2024-11-26 11:00:00,930.2272902258192,933.2275889728769,921.6640642448723,925.0215093740111,5988.283886823206
2024-11-26 11:15:00,966.975014862263,970.262879792615,960.3540001547456,958.2913919995486,1880.6846474717465
2024-11-26 11:30:00,955.5669479173471,961.8577368820772,949.6735649075835,953.3236015574234,1238.8104208776665
2024-11-26 11:45:00,941.883129507935,945.6677810500177,931.7121011305155,937.427581646183,5604.984588893249
2024-11-26 12:00:00,923.5083445249151,932.0974738651515,919.6643865942077,922.2376825729147,3833.224091159161
2024-11-26 12:15:00,936.3693181753788,936.6263812040721,926.790818038766,930.177168183336,9324.137567306454
2024-11-26 12:30:00,922.0840304230265,931.867993611272,921.0221107115528,922.34818733756,3500.5163634270853
2024-11-26 12:45:00,942.2343810489751,948.6576248868432,937.1147385575337,944.8217791774349,1434.4622872602376
2024-11-26 13:00:00,962.1450131651278,964.1096488494809,952.3474018328843,955.73647194829,9807.454111284664
2024-11-26 13:15:00,938.7826370851049,945.5999245943611,931.5786879471372,933.9618503135831,2605.8986240883023
2024-11-26 13:30:00,930.4601327503847,933.5227733825751,922.2058301322928,931.1783181595436,9590.139229986107
2024-11-26 13:45:00,945.8705080005878,949.9728160820056,940.323254898159,947.0523678780546,4450.923971449566
2024-11-26 14:00:00,978.7690747478249,979.7456370517357,972.9689426269357,970.8171393983284,2038.8799250194684
2024-11-26 14:15:00,966.3214860139462,973.973556677533,962.255821744525,971.6381401393509,3697.9150386706733
2024-11-26 14:30:00,964.7455150849925,972.3415813062561,958.3743713628627,965.0287409396357,4109.599472227783
2024-11-26 14:45:00,968.3492480143071,968.6111743141487,958.9494348918389,960.8089151742987,3685.0598267475666
2024-11-26 15:00:00,974.0329177653481,977.9381951968363,967.6809950781662,970.8822106630918,7177.152864538536
2024-11-26 15:15:00,966.0484716735302,965.1817868041924,957.8039276618168,959.261750987402,5422.888727060416
2024-11-26 15:30:00,959.0038363179226,962.7927271003136,954.7001023736342,960.988001715607,6761.933087675462
2024-11-26 15:45:00,979.0592689741146,987.3464934051358,977.314186874126,982.3469239487739,7132.048822528707
2024-11-26 16:00:00,1005.8928451722976,1006.9867856092408,994.7477143505861,1000.3795276719012,7813.172542913866
2024-11-26 16:15:00,1005.8162555259662,1007.8506162545967,997.6065079497197,1007.8401855785465,264.8691003714693
2024-11-26 16:30:00,995.7819711620825,1004.1499525288931,994.8433200851711,998.4236221597457,8250.189567562913
2024-11-26 16:45:00,983.4468641420107,985.5054245145478,978.6450610176212,980.2684552082811,6451.564231258552
2024-11-26 17:00:00,980.6906321664677,985.6521989656768,975.1702235431018,978.6533167489521,1977.7488243098182
2024-11-26 17:15:00,983.8871853600899,990.7560168262885,978.7527822584148,984.3873367393813,6416.784842643571
2024-11-26 17:30:00,991.5784434992023,993.3025682301178,988.0905345221034,994.4450030519859,2367.5482113948597
2024-11-26 17:45:00,985.9371845083788,989.9183556085108,978.3693397371736,984.479858442174,9495.110434320773
2024-11-26 18:00:00,979.3965036951968,989.1755715068782,976.8087649709732,987.2050000651028,4593.650641090323
2024-11-26 18:15:00,1006.226750703556,1013.1701045197507,1001.409553584648,1006.6099773830213,6834.014344092036
2024-11-26 18:30:00,999.5502060909048,1008.1113174342421,995.1510708869093,1006.0791477315714,1370.2520885326276
2024-11-26 18:45:00,978.6143961116002,986.9492749401674,977.0928989211634,988.0415143392642,5280.162989306174
2024-11-26 19:00:00,998.0867868585244,1001.0407897510701,986.1164703627837,995.1097191374743,8996.67196009448
2024-11-26 19:15:00,971.8156373826085,976.5917544028844,969.222311393325,968.1277030288056,5492.262733376504
2024-11-26 19:30:00,964.9666235545816,966.673595918593,960.0223529390166,961.2724612489606,6322.026873800671
2024-11-26 19:45:00,955.7785960703843,966.0207351431999,957.5558338097784,956.1589572441742,1750.6842200376166
2024-11-26 20:00:00,964.2364371261049,973.0165454650088,960.8908977061433,969.1821370595775,3975.2735585469704
2024-11-26 20:15:00,1004.571258454063,1007.1824697623524,999.5938394676298,1004.3641884969479,9395.08623574536
2024-11-26 20:30:00,992.2829074165766,996.241952001231,987.3711228900826,990.0691447370754,1131.9763322227266
2024-11-26 20:45:00,977.5671164147665,976.1153595466931,969.798478047673,971.4650639284653,4977.722876104161
2024-11-26 21:00:00,965.9025724314046,966.8663724818726,959.2016028617301,956.8300794549335,3884.6463009109225
2024-11-26 21:15:00,968.2299977447095,967.9144621756558,962.0610253425162,961.3786629536671,9146.501036750447
2024-11-26 21:30:00,989.701810537118,992.5867698435464,983.8668494552445,983.7259757213806,6839.686735741803
2024-11-26 21:45:00,992.5366011260769,993.0658365977158,987.5864878037148,985.633228014512,1952.295173414103
2024-11-26 22:00:00,988.1821156400883,993.7200615484712,983.7722273248387,995.635229318099,8532.10846386557
2024-11-26 22:15:00,995.6386791651917,1001.7743302721225,992.1146679189378,991.8324945858201,8852.804399429138
2024-11-26 22:30:00,978.7734245716309,984.3038101165245,973.7463404424453,976.8629477022444,1032.0585183660896
2024-11-26 22:45:00,982.8644838926621,995.4866213278863,982.3382037915244,987.2086044555479,427.2640722749762
2024-11-26 23:00:00,1006.0775877434106,1009.4693826782374,995.2192699128686,1003.6397356757428,9013.72163923793
2024-11-26 23:15:00,965.2373057752312,976.0957598251625,967.4902675745477,973.8227711314088,3890.2211772730316
2024-11-26 23:30:00,951.1364740581387,953.7972767170735,944.5958497209323,946.7648738395395,6536.979475659402
2024-11-26 23:45:00,983.0751615372841,987.7372521248072,978.3262497500492,986.2138177459203,3526.912461535571
2024-11-27 00:00:00,988.7299369258473,997.6766761637303,983.7957015016636,989.8670970719904,5021.774175948481
2024-11-27 00:15:00,987.6616229894635,994.0230026664132,986.4390557801108,984.0280975414402,1943.1002130081563
2024-11-27 00:30:00,981.1242669989231,987.3793866068745,976.0565858482855,976.1596003001113,126.06994463503722
2024-11-27 00:45:00,978.5600189548713,980.7327340922677,974.1910166835657,973.049204746276,3856.564930767386
2024-11-27 01:00:00,970.9820457361428,979.4108966725945,965.9630650836991,977.6848837005955,2740.730900031362
2024-11-27 01:15:00,987.0869097871476,990.7159701475788,982.2160413686443,989.2807302185556,9085.89384201598
2024-11-27 01:30:00,983.0065843629684,987.6721840551827,981.4111605953165,983.8194472175034,4520.944394445894
2024-11-27 01:45:00,990.5618683052646,998.2415601240202,990.2283208271557,995.0906233931107,8895.709466093735
2024-11-27 02:00:00,968.4429873120688,975.4789178553533,966.3090645951852,972.4225756216784,3952.18271188188
2024-11-27 02:15:00,978.6724905732673,981.3618470352121,970.533674859986,978.8982810714604,1349.4077569193537
2024-11-27 02:30:00,979.2951968656761,986.0282205985148,973.2092184542097,982.7654654672522,6114.268712603212
2024-11-27 02:45:00,964.6099944755149,974.5026619878436,965.0977055958141,969.6850447755065,8408.523815486404
2024-11-27 03:00:00,962.8808809274516,962.124551293574,952.038139625441,957.6231399525224,5920.604610075576
2024-11-27 03:15:00,946.9444837184445,956.9604933246238,945.8208114882113,952.5256164547759,4894.640069026463
2024-11-27 03:30:00,953.3887265316276,959.4804700893936,947.2444816717313,957.9254448578741,2336.231800949323
2024-11-27 03:45:00,940.3783574853807,944.2356618605382,934.8775348801569,939.1941638985772,4789.657346603461
2024-11-27 04:00:00,923.9684302931881,927.5020168483237,918.317180330178,923.9785584515549,8445.326019341828
2024-11-27 04:15:00,918.4581300105887,926.3967077782825,914.1504077392125,923.0678137220908,101.59421120469099
2024-11-27 04:30:00,939.7536341595103,944.5688672265318,934.3969904666926,935.822008143467,3227.293219382255
2024-11-27 04:45:00,953.5649248717331,958.4312753360347,948.4266859466059,951.2512332658848,7192.715826323736
2024-11-27 05:00:00,961.7238087742888,968.2823207342033,963.4849277432215,968.5211329984425,628.4212369312618
2024-11-27 05:15:00,959.425297129776,961.6398492344531,954.594538734315,962.8612364743341,9579.260123030486
2024-11-27 05:30:00,916.195863346067,923.4596203632385,913.7582533669449,923.0098902963447,7777.8501035713625
2024-11-27 05:45:00,925.2905277860033,928.7370594313049,923.4268220687446,929.0130186750538,8757.38676732318
2024-11-27 06:00:00,940.5009326900372,949.422620638897,939.9024341463405,945.1261885879175,995.1928465538613
2024-11-27 06:15:00,934.1966901536558,940.7380730425197,933.846140165834,933.3003436624764,4673.035034224065
2024-11-27 06:30:00,957.8423869521685,957.2036518010341,950.9862629669153,957.3863639990906,7564.265427378543
2024-11-27 06:45:00,954.5978734489964,960.5305603379563,948.0600430221665,951.0235713937358,7366.64542358305
2024-11-27 07:00:00,936.5178727495027,939.8262029073907,925.5360320336779,936.1178526352561,893.5702288411674
2024-11-27 07:15:00,914.5539521542438,915.243513323359,906.6107317729751,914.737560996665,989.0595985107253
2024-11-27 07:30:00,901.0202138820329,904.3699424956247,892.8797360108574,898.6196809751517,3789.2906838412514
2024-11-27 07:45:00,887.6367074220032,895.440917179766,882.4642264703881,885.1520770529955,2163.1131533986877
2024-11-27 08:00:00,892.0231466831141,901.797184816323,891.0765450483505,898.3906608543577,8861.530695339075
2024-11-27 08:15:00,899.1207803782747,906.5897407153482,892.7133596982142,900.1761577712226,7683.114431643129
2024-11-27 08:30:00,919.9626371698221,920.286642434095,908.4818643216365,920.3234879602068,8397.217750684864
2024-11-27 08:45:00,937.0257548366345,943.7181438998612,934.9510169982556,942.6583299184222,9063.32304098607
2024-11-27 09:00:00,960.6946303402435,961.3201177302753,953.2521980770273,955.4898973898023,7644.699955544818
2024-11-27 09:15:00,947.803044423185,957.3439552095432,945.441575187534,947.257290490684,9635.14838304352
2024-11-27 09:30:00,955.6179299049041,962.3630182380053,954.9018073794283,957.9717984916241,4445.286823775876
2024-11-27 09:45:00,938.1242946015622,940.2713968765046,928.0293262581439,931.9663775730247,865.9143505702696
2024-11-27 10:00:00,924.0071062275118,934.5754091052415,925.7680022155854,930.9826643850851,5452.571328713904
2024-11-27 10:15:00,951.4632296808956,952.6655989550552,940.4909194751922,951.8470349563752,7734.50150815584
2024-11-27 10:30:00,960.974318259247,961.9821571094938,952.4653284419653,952.304932262236,9407.440495082921
2024-11-27 10:45:00,956.0771811424012,958.4869973904345,947.9795504753155,953.7182787529105,9169.202223776896
2024-11-27 11:00:00,960.8507457053587,963.9478022191323,950.8921773848073,951.9379580901453,2067.0539593727735
2024-11-27 11:15:00,953.2673406451814,962.96588425621,951.8615099903328,961.5093359797751,7689.025034243032
2024-11-27 11:30:00,970.9308808043126,979.3738226566845,966.2566069725502,975.0129042597623,2608.99112102466
2024-11-27 11:45:00,967.1359414422058,975.9612215282715,967.2372070585575,968.1000223580867,7746.656333556104
2024-11-27 12:00:00,923.1712069955872,926.5445674235983,918.5338538430333,928.5922379041676,5190.048026878534
2024-11-27 12:15:00,931.3266319482565,931.7419337684315,920.4366448797832,926.4373760935582,508.1900577966612
2024-11-27 12:30:00,905.6204653265683,910.3527999440059,900.1774008877284,909.5511082857323,2697.094234035183
2024-11-27 12:45:00,893.5647906758428,900.8647537476375,893.0065596945249,900.4766105441064,6100.4714110552595
2024-11-27 13:00:00,898.7446947074043,903.9039624343812,899.1575662541272,906.2226842101142,5452.013441945219
2024-11-27 13:15:00,898.2887421905173,906.588029141592,894.513174204767,903.3017160670028,1920.1832529424148
2024-11-27 13:30:00,912.5091119789141,914.956358246665,903.4320586205005,910.7639723264541,790.4721878285244
2024-11-27 13:45:00,926.2088718177299,923.637245773875,918.8673695343383,918.2082182715299,4997.836725606673
2024-11-27 14:00:00,924.8754976295373,925.312730174304,912.6072516241614,923.5925408465007,9333.934060452624
2024-11-27 14:15:00,917.017506880716,922.2731129929216,911.5493092869801,914.8457953453106,2582.0555463656815
2024-11-27 14:30:00,935.6329769839599,942.5694165200608,932.2906429500281,936.5472608076477,5281.559129670522
2024-11-27 14:45:00,938.1641878510139,946.1843946853859,937.3585419960508,938.2497072863564,644.5030298307723
2024-11-27 15:00:00,940.6380578426842,942.9115834369384,929.4702681614096,935.5120088970766,4687.79997297276
2024-11-27 15:15:00,926.9422590951674,936.1987534516726,925.0929135891024,933.0617371036558,1556.4266201929106
2024-11-27 15:30:00,939.2122225244581,940.5029180287128,931.2522692742284,937.6570720757828,7658.2939491560655
2024-11-27 15:45:00,928.889696898717,938.376915792128,927.9053166300322,930.1802129383489,9081.489856834978
2024-11-27 16:00:00,908.5490985990999,914.0453108569686,901.8968353569943,904.7037861100711,6951.174236402204
2024-11-27 16:15:00,916.2762725944276,920.4450265314725,912.2211801746804,921.1630723407139,7321.193253560941
2024-11-27 16:30:00,941.321575538145,947.1500296810145,935.6557631707243,938.6381924553117,1686.0619602053093
2024-11-27 16:45:00,952.2823691880523,957.3541873843915,947.1776197400768,951.478044018812,7696.362744284504
2024-11-27 17:00:00,946.9081532992099,953.8189329417837,941.7272473529587,952.3105999063746,8879.956144419866
2024-11-27 17:15:00,967.51629085424,969.0054557412521,960.4864781757187,964.6412815247337,3602.0201745052573
2024-11-27 17:30:00,991.6723941518317,993.509722698242,982.3582325923342,990.4929766341306,2323.250992356005
2024-11-27 17:45:00,979.5512234545381,985.0855706850635,978.3215431484006,984.7409053559921,3152.3034236641465
2024-11-27 18:00:00,1000.305888089314,1001.0638994742343,990.5896869485032,1001.140470905067,1997.7592227497855
2024-11-27 18:15:00,997.7934543132728,1000.6702809512549,991.9712743872884,997.6136830501281,4063.1758537869896
2024-11-27 18:30:00,1053.623437126692,1051.2033070679474,1043.2356707959702,1044.9948258949428,2750.3100857878467
2024-11-27 18:45:00,1032.436144688353,1037.0648774070446,1024.729000156285,1026.5190136675856,7649.959486289558
2024-11-27 19:00:00,1018.4018260586078,1027.1765478767707,1018.9678918959883,1019.4420538610732,9482.21871359978
2024-11-27 19:15:00,1041.7130474730855,1042.570901354212,1036.711008818018,1038.9919020040436,953.2307182830389
2024-11-27 19:30:00,1042.9750164961958,1041.4713047059672,1036.9229645432222,1037.357616533224,9150.77526334253
2024-11-27 19:45:00,1062.8015083176401,1070.5814486846602,1060.0977712752235,1058.7505473215351,7388.796285484757
2024-11-27 20:00:00,1076.7995089557917,1078.0969817386099,1067.8106183441566,1073.1054522750908,6250.547878971222
2024-11-27 20:15:00,1090.1442866697435,1100.0588046181222,1089.8901881756353,1097.8072026875332,8738.39442301938
2024-11-27 20:30:00,1099.6421702025966,1101.77801276788,1092.574692363924,1097.6698009601923,7385.109049298025
2024-11-27 20:45:00,1126.968939532344,1137.194699292162,1128.6652073493356,1126.4856055290463,5108.989886798173
2024-11-27 21:00:00,1125.7204290838954,1130.8639316263475,1120.1595063541051,1125.898484970165,5797.405042344486
2024-11-27 21:15:00,1106.0684216061632,1110.7444736356424,1099.4608804328711,1102.0664960822044,4395.355684813697
2024-11-27 21:30:00,1116.1685823581556,1115.0489423696197,1108.488769401991,1108.6389639050808,5513.45650468674
2024-11-27 21:45:00,1099.0907325917528,1104.9964314118174,1095.2652095836308,1106.1501827110362,1264.7540646221455
2024-11-27 22:00:00,1118.4025097256028,1129.1487201568464,1119.3163266349827,1124.1206508485666,1654.4335746619097
2024-11-27 22:15:00,1111.1749340562646,1122.164083562229,1109.6021532087857,1117.8405778617612,1258.926913158704
2024-11-27 22:30:00,1130.1469126360164,1134.1429217289765,1123.4666158958973,1133.9390436602746,1072.3200762711763
2024-11-27 22:45:00,1123.246181505845,1123.978421773379,1118.986692717726,1124.8965857600147,1061.1854717855506
2024-11-27 23:00:00,1100.1634678150288,1108.7346602203702,1098.0292764336261,1106.8074576108347,6347.800675011825
2024-11-27 23:15:00,1095.6083191006394,1102.4530304930406,1092.5226623926158,1093.1851364556778,4831.311194883058
2024-11-27 23:30:00,1122.0161720147833,1124.0475689066848,1113.031070165824,1116.8492167941654,923.4778522057018
2024-11-27 23:45:00,1113.116750484005,1121.956481952948,1107.5023699014387,1110.2467046486968,6674.948994087225
2024-11-28 00:00:00,1132.3992824211987,1136.5462108477507,1127.1312418885457,1135.7274379635712,6847.3472615554365
2024-11-28 00:15:00,1143.0171110079289,1147.4344443117332,1140.6389110121843,1145.0912371685956,9555.01475558536
2024-11-28 00:30:00,1127.9812398738538,1134.4128371340955,1124.0278573482544,1126.5771534581568,2508.435783887327
2024-11-28 00:45:00,1131.5296451954387,1136.6011609687584,1127.2188409764315,1133.7968752567326,5878.213570284693
2024-11-28 01:00:00,1121.5488496650587,1120.479815280924,1109.1796204924815,1113.8031040831186,9100.397875412342
2024-11-28 01:15:00,1120.5561156728638,1123.2856711984266,1113.6284367814383,1122.1405516571663,1755.368058373872
2024-11-28 01:30:00,1131.830691811425,1137.543934419791,1128.5916167883834,1137.0949739915777,9084.265160119308
2024-11-28 01:45:00,1098.311896550379,1105.1071510790705,1096.2836145819406,1099.3770624772205,5597.065362398862
2024-11-28 02:00:00,1086.9920226615327,1096.173722566815,1085.339099999014,1087.814798428444,5045.608634527614
2024-11-28 02:15:00,1080.4495388212088,1085.878771523306,1074.5152753564732,1080.6702879242355,8549.200876305671
2024-11-28 02:30:00,1100.124585180982,1109.9456568215282,1100.0434025411687,1104.2792164208993,459.1476388094753
2024-11-28 02:45:00,1098.9092412060181,1108.2546690068496,1097.439370508656,1100.8585242818651,3413.1594475306156
2024-11-28 03:00:00,1093.5404172470196,1099.120817137074,1089.3463967448058,1093.5372106568466,9690.805102988492
2024-11-28 03:15:00,1096.593684230705,1103.6383819644882,1095.1156374791926,1105.2741021664008,6670.381308148408
2024-11-28 03:30:00,1076.0088863477092,1079.8925083364234,1068.2932242999934,1069.93363557834,4723.334720842274
2024-11-28 03:45:00,1055.2629558956958,1060.315734425527,1054.2899377405406,1060.5835966480165,2798.2096703676675
2024-11-28 04:00:00,1073.3058823839103,1081.1463783950612,1073.9785751595925,1075.6658903890157,1676.8745717049485
2024-11-28 04:15:00,1078.0192734587602,1080.952185825192,1073.9162387035653,1076.0895178789028,882.1189974567855
2024-11-28 04:30:00,1081.4407049276256,1082.3571167253172,1069.9255464885146,1074.469339884156,3556.680481596792
2024-11-28 04:45:00,1054.1025483070596,1064.8862823433403,1051.084646510048,1060.9924446195726,1929.9328406426284
2024-11-28 05:00:00,1040.1450793396293,1049.3596746086776,1036.7155532170027,1047.2260462340291,5589.762180564009
2024-11-28 05:15:00,1022.8813533742908,1023.7343817288903,1014.5907507738169,1022.9132711995495,4389.8635902367405
2024-11-28 05:30:00,1046.443493569754,1047.9116247236288,1038.7593466849496,1044.084122707409,5552.348281389993
2024-11-28 05:45:00,1051.3708168125647,1052.2345831238392,1046.9372230735073,1047.161778259952,6318.704972038724
2024-11-28 06:00:00,1049.0594404665121,1055.8005833699933,1043.720492308996,1048.4024251718129,8887.758331871677
2024-11-28 06:15:00,1044.5707796817621,1050.751618937597,1039.881302001568,1042.9337934365883,714.1552753443366
2024-11-28 06:30:00,1040.1692952959954,1048.267592215227,1038.748585501168,1043.9395219535634,5837.438338784529
2024-11-28 06:45:00,1009.484778839511,1013.7793782632923,1005.8638286300297,1004.8374070130074,4935.849870916814
2024-11-28 07:00:00,1020.6048795447248,1023.7568480354724,1016.3384237370877,1016.8249764717762,5309.619531405708
2024-11-28 07:15:00,1009.025406994161,1013.6567628532866,1000.1213676636104,1009.6972467385584,1998.8856773453003
2024-11-28 07:30:00,1009.9030384890013,1013.0135415805859,1005.8581467613121,1007.055573475952,3875.9859463817957
2024-11-28 07:45:00,1003.6463908166373,1011.037138329402,998.7170331480966,1005.9450247021116,3250.6726966318633
2024-11-28 08:00:00,981.3607501273082,986.9443830985501,980.2267273998701,982.910653727842,9124.101566475554
2024-11-28 08:15:00,990.5925143374998,1000.491464327575,990.0885063754833,993.8564537155418,7442.709991622446
2024-11-28 08:30:00,1002.83549156034,1010.7051202033946,1003.4226762835787,1005.8687777823774,7177.317789210881
2024-11-28 08:45:00,1007.2656685704891,1008.5984621648947,1000.2011027517714,1003.6061424318414,7704.458240717959
2024-11-28 09:00:00,983.2695361976471,987.3892352396022,980.4233481718578,983.3562656717004,6989.028539335749
2024-11-28 09:15:00,974.2656351660502,972.941898151659,966.8810111335459,971.7750547907243,4324.621718378375
2024-11-28 09:30:00,978.794663737547,985.0655868644318,970.0171076422605,974.5814249948752,1676.5452523356664
2024-11-28 09:45:00,979.173498051334,983.0608425607429,977.1850370782832,981.1323464599342,9802.959984203952
2024-11-28 10:00:00,1000.7971455446803,1001.384552968704,992.830128054656,999.6564131886176,7145.2205852260995
2024-11-28 10:15:00,994.8248821336127,997.4317458835972,989.2056936007007,989.0846173473265,1425.3529181615406
2024-11-28 10:30:00,1000.4344864006454,1005.708434188269,996.7287831725041,1004.4401429602825,100.48986411237426
2024-11-28 10:45:00,1007.7478131432651,1013.1304341942221,1004.2374418681769,1007.9774985376833,103.68986311174746
2024-11-28 11:00:00,1007.1324465965695,1012.4930090323171,1004.7181089065652,1006.2072812260602,5639.166168817759
2024-11-28 11:15:00,1017.3255248418377,1022.1189247998246,1009.0817220288616,1011.363636277719,1903.615478737271
2024-11-28 11:30:00,1037.7859894443502,1045.494239176865,1033.3864599269095,1037.6417041062207,231.8800862743937
2024-11-28 11:45:00,1041.2466362919713,1045.8236206887216,1030.9124385902007,1033.9774486558038,1061.357691001309
2024-11-28 12:00:00,1069.974672918131,1075.9892754794307,1070.1965535000115,1069.91524041723,254.592537034305
2024-11-28 12:15:00,1033.9602668391303,1042.4527863806006,1032.02876729725,1038.7696595383957,7267.884665234434
2024-11-28 12:30:00,1050.5383775725716,1063.4774083208595,1052.3917916988275,1051.9013485920314,7532.280833615173
2024-11-28 12:45:00,1047.3635679131169,1056.0128782364334,1047.1136856026326,1046.3763011808737,1886.8404412231273
2024-11-28 13:00:00,1070.6537882988134,1078.1382368160182,1071.6713299629998,1069.72210655034,1737.450812236181
2024-11-28 13:15:00,1095.0993520674094,1097.9228261858207,1088.8977743700316,1100.3266719276323,7322.1895381518025
2024-11-28 13:30:00,1084.975791441583,1090.843730510866,1079.1375155644448,1088.8690688373479,4193.396542551069
2024-11-28 13:45:00,1076.8327859399642,1087.1653161298016,1078.9694869407367,1084.930956076624,4213.152069047881
2024-11-28 14:00:00,1053.8069184595358,1062.5473186274364,1052.2435124445976,1055.7019275038574,295.83462401100024
2024-11-28 14:15:00,1041.5992482027748,1045.1295766702292,1035.490809299083,1038.5931062294894,3831.874478623575
2024-11-28 14:30:00,1047.308519429949,1050.486048590264,1042.6133289831278,1045.6479076361702,8099.2241889907
2024-11-28 14:45:00,1022.0702051508136,1031.8319103152885,1019.9215620414692,1024.6081917912243,6156.594153262274
2024-11-28 15:00:00,1018.1235111128584,1030.2471680026674,1019.5694279409454,1027.0170944259248,339.0379181555521
2024-11-28 15:15:00,1049.1123865680092,1049.1295126156492,1039.2998317604986,1044.3177864392758,4293.206040520831
2024-11-28 15:30:00,1049.7936269219674,1060.9294413038908,1046.113812380663,1048.6332455935249,6203.362853041707
2024-11-28 15:45:00,1055.686124863089,1064.907136095635,1055.8785136859794,1062.562473659225,1825.530353181876
2024-11-28 16:00:00,1054.5061106169615,1064.6096579786804,1053.5301545239306,1053.6111883544322,864.0332632668013
2024-11-28 16:15:00,1068.8611466309956,1070.3854787317478,1061.6110900869628,1064.1851140608317,1539.9200596705728
2024-11-28 16:30:00,1059.7059940618803,1067.1912606886808,1055.7019174502852,1056.4535292215444,1645.8021187157049
2024-11-28 16:45:00,1054.3332730833397,1052.5451741557415,1047.7331689993844,1052.5751931794,5117.714508924555
2024-11-28 17:00:00,1050.1235459247052,1061.5492212938796,1048.5387328150084,1055.1687618046628,9965.443993906445
2024-11-28 17:15:00,1053.2783955210011,1059.5157740908178,1050.1142761382425,1054.102294746532,3745.375767602164
2024-11-28 17:30:00,1045.220435435897,1054.3894079256847,1044.7607832715837,1044.9090438628414,1770.8859341696216
2024-11-28 17:45:00,1035.525554038549,1046.8298022155373,1033.4986529452683,1042.2233092114736,8518.143860398406
2024-11-28 18:00:00,1025.2561894682292,1031.2812721551984,1019.0621647318054,1025.4275971404945,1050.2816208466693
2024-11-28 18:15:00,1020.4611163973099,1025.4600321749974,1018.5051763978618,1021.0401195859268,1909.1765876303134
2024-11-28 18:30:00,1024.847526436489,1028.1166146769986,1014.3111985322055,1017.3376541988493,3520.1925718324364
2024-11-28 18:45:00,1022.2183158127617,1020.9758504872805,1012.4806117878894,1013.6675014587191,1940.5906587303266
2024-11-28 19:00:00,1005.7357123401572,1012.9552642805003,1004.6458458446644,1008.4310411492812,6311.509662302628
2024-11-28 19:15:00,998.9642711307393,1005.3034280516196,994.7670969385714,1003.412335739725,4201.814133324906
2024-11-28 19:30:00,995.3217711667957,997.2762778464385,990.4528329855765,989.7505733050726,3011.4657941815913
2024-11-28 19:45:00,1033.240074594174,1038.7754306704842,1028.1897744995588,1033.9853339980004,7146.989016523693
2024-11-28 20:00:00,1066.8389813700292,1069.356861335939,1060.039669463035,1065.4307852204292,7469.044052282793
2024-11-28 20:15:00,1040.042038568463,1047.3246447497913,1041.3404152520343,1043.0705251714458,3974.8807788596796
2024-11-28 20:30:00,1038.0135098186868,1039.290047494887,1028.4659365697335,1031.2302908935312,6795.5968386400355
2024-11-28 20:45:00,1004.599795387079,1012.58984952181,1003.2681696616876,1002.5719648683723,675.7540281859285
2024-11-28 21:00:00,1029.4867619136041,1033.4372542535757,1017.8264148044146,1022.1985958591357,6666.870242024736
2024-11-28 21:15:00,1032.3039652114085,1034.5296896008463,1026.0200518765323,1027.3598721513595,2875.655515733743
2024-11-28 21:30:00,1036.614486333802,1038.9221019196711,1026.4985716396668,1034.8571199205942,3639.1870863730987
2024-11-28 21:45:00,1033.1586753529805,1037.1296827039785,1029.0161919568802,1031.4623915910622,4027.3774203953717
2024-11-28 22:00:00,1044.447734706122,1053.4627944492784,1040.6106800313607,1052.9372143629682,1443.7352764105485
2024-11-28 22:15:00,1036.3153454861215,1040.228133596149,1032.8033459993662,1039.870963394624,2259.064099680124
2024-11-28 22:30:00,1028.998325577265,1034.5469467253602,1027.591074449041,1031.9093565538465,9370.292209882793
2024-11-28 22:45:00,1033.6078046721707,1040.8066109990532,1030.674680662768,1034.0266552026255,9367.903145493769
2024-11-28 23:00:00,1039.506132163299,1042.1875734002288,1027.6913590684626,1032.3028712994344,2262.837438577317
2024-11-28 23:15:00,1032.944667195157,1039.8985557271535,1031.4292112198705,1029.342770320453,1648.9942675458985
2024-11-28 23:30:00,1056.087883566524,1061.3509907544144,1050.123044565141,1053.0695426720558,3367.3919510241435
2024-11-28 23:45:00,1011.1612273911694,1016.7805297857658,1007.824096327701,1015.0676960674236,4094.52749698933
2024-11-29 00:00:00,1028.5472284459902,1027.3395028756186,1017.6250508936633,1022.6252632127082,6255.036637404424
2024-11-29 00:15:00,1047.2836818569538,1050.0010501591048,1040.1793033747626,1042.8676910937866,6236.623598023032
2024-11-29 00:30:00,1053.0890889071388,1058.076350241865,1046.1614717234984,1048.777773501493,3366.368914902442
2024-11-29 00:45:00,1077.8747474345632,1078.6302303358725,1069.5112136648322,1074.797497547407,3957.8401712289674
2024-11-29 01:00:00,1075.7411841846651,1078.3667319404153,1069.6488448644238,1073.7705951463763,5444.516199604086
2024-11-29 01:15:00,1074.1059002280626,1084.0477761720992,1073.2419285724525,1078.3461485416371,7945.0973782776355
2024-11-29 01:30:00,1062.291541811631,1065.154044949849,1060.5683737736338,1061.3509435006717,8209.792598216543
2024-11-29 01:45:00,1052.2029840990344,1060.4717327938854,1049.386362969938,1051.0930686214247,7112.707902694116
2024-11-29 02:00:00,1041.29365445556,1042.626941859135,1032.2227158985481,1040.0886837443743,7735.744489075347
2024-11-29 02:15:00,1033.297101578124,1031.0754555341953,1026.5181560220592,1024.3991918473719,6137.792825676328
2024-11-29 02:30:00,1008.5993472067795,1020.3217863477,1009.5794586570556,1015.0680276317707,4547.141181752052
2024-11-29 02:45:00,1000.2062742676928,1000.9285750795972,994.5681640813999,994.4299004162847,3584.6903813606527
2024-11-29 03:00:00,990.5323682398763,995.9205162332225,987.970228301808,994.2393389618421,8535.193704682584
2024-11-29 03:15:00,980.9494586336709,982.7052654697733,974.3672908001389,982.9102493895007,9213.020924207007
2024-11-29 03:30:00,964.6881812706989,971.9127694942993,963.1496074030745,973.5953105826362,624.9547602048062
2024-11-29 03:45:00,956.0131322031912,960.9025329589285,949.7886876233587,958.1739328414654,3546.692525571813
2024-11-29 04:00:00,955.7866102784863,958.1702305754231,947.022591777793,949.4594812714225,9637.07615840766
2024-11-29 04:15:00,954.3108854994318,962.7129596918786,953.8667739844495,958.9896536613943,5733.247754403129
2024-11-29 04:30:00,967.3788214658198,980.3001866615634,969.5292027460557,973.220233132762,7119.710470648421
2024-11-29 04:45:00,962.0987298595354,964.0773212607131,952.9486529540089,958.9623755763884,1385.637030392792
2024-11-29 05:00:00,946.3922800922712,957.8399958482347,943.2537081390863,950.6726640470448,9448.652398458269
2024-11-29 05:15:00,958.4149634288074,964.2580499299444,956.3395703366929,960.8454065485919,2325.1367199065994
2024-11-29 05:30:00,966.931585201546,966.5712536515305,957.5075997178727,959.3611545726349,5412.950935544929
2024-11-29 05:45:00,967.9434422554183,972.5963852475621,962.6413693137133,964.3594491844281,2839.4085034574955
2024-11-29 06:00:00,950.0972524947344,956.8954359529814,946.8467016990903,952.0497754104841,8055.569518222929
2024-11-29 06:15:00,940.3675451035673,948.1118955466943,938.1460092491114,944.7364110878001,324.8722129217516
2024-11-29 06:30:00,947.246411639225,952.9550534782652,940.274066640894,946.3585670785013,8013.9109897962835
2024-11-29 06:45:00,957.1587031493342,955.6171722922246,950.4382763780015,948.5766744274805,4446.238236038996
2024-11-29 07:00:00,956.3893982480635,965.5452245224536,957.705451087554,956.3890719711794,7498.51116998173
2024-11-29 07:15:00,930.5752928512951,940.7616013987655,932.0400674592224,936.915747601901,2466.3704349890286
2024-11-29 07:30:00,950.9056839908162,957.9008693451456,950.9740892387724,954.7376008743372,697.9657808386789
2024-11-29 07:45:00,947.055905902886,955.7408310326042,943.3124379853332,947.7311287017735,2054.43500711939
2024-11-29 08:00:00,943.1866554199419,944.9543761818177,932.6924460535507,935.6629681994532,4973.293032431554
2024-11-29 08:15:00,930.8351782470992,930.1503826063208,921.185605114247,924.5342094878469,6942.632479873127
2024-11-29 08:30:00,914.9090516113604,918.9885612608631,910.3785598607484,917.9317995312421,8664.154124041446
2024-11-29 08:45:00,909.249875031466,911.6561196357436,903.4727895776349,902.9732921631107,3430.2839840688257
2024-11-29 09:00:00,923.2099557319631,929.5835395372087,920.6549406769802,926.9012830356259,4949.6555229408505
2024-11-29 09:15:00,917.3473411068239,924.2038285310741,910.1136209349494,912.8750392447993,832.5465269087933
2024-11-29 09:30:00,937.1758760427605,936.9604923122099,928.2963372488191,932.2809911638954,4778.198990846759
2024-11-29 09:45:00,949.6978363733358,947.7769627400894,942.232453354584,941.5795930092435,1691.2732860964963
2024-11-29 10:00:00,929.1230571956543,931.2492180490794,923.3182898044432,925.3801168754758,681.8793198353974
2024-11-29 10:15:00,922.0667264341262,924.1191058640525,911.6018737555491,920.481066317299,3510.2073107096508
2024-11-29 10:30:00,917.3722356734597,919.5456117651512,906.8059952073742,913.0300802905226,6645.377153049354
2024-11-29 10:45:00,908.460404237254,906.1521455523865,898.7248878106564,901.3293575715112,9805.788979992785
2024-11-29 11:00:00,915.6340192645356,922.4265449145198,907.764685802852,918.0302135923658,2036.0579945018703
2024-11-29 11:15:00,927.0049527741675,935.2005060256678,925.8131017704137,924.7273413749772,2922.329931564452
2024-11-29 11:30:00,925.1412934004486,933.8126430357316,926.3519132565585,928.3539512066145,7760.910307648978
2024-11-29 11:45:00,952.3849481843482,954.2135949582803,941.7350551525849,953.212505044805,8369.077790408199
2024-11-29 12:00:00,975.3428784003636,974.5925292148203,967.0116070853736,973.3016859269079,4381.734614937603
2024-11-29 12:15:00,976.4464727743199,979.5138609686358,969.7345802249808,973.6505809854243,2296.058120287354
2024-11-29 12:30:00,960.8454583940149,968.8052533325932,956.3447953836928,965.4524884591892,655.6029094920139
2024-11-29 12:45:00,929.3023831700905,931.5302354889839,923.194280994563,926.3389029475583,6949.5641011166545
2024-11-29 13:00:00,902.9594726614288,908.3831883951623,899.7982345832762,901.0232451078946,6801.228208566998
2024-11-29 13:15:00,908.0931023393551,906.7416713308074,901.8465502119479,903.1740242353842,2767.828528597133
2024-11-29 13:30:00,908.9351913270059,914.3444001760258,906.7372087276684,916.0678302934115,2522.9810538048087
2024-11-29 13:45:00,896.7335096921854,906.5249761669986,895.622708648871,900.6969981716386,9022.045613789502
2024-11-29 14:00:00,913.5116168716554,921.4057196423693,912.0211106059695,918.3314592533501,935.9820090680055
2024-11-29 14:15:00,938.8431060118199,941.0549934216853,930.039478993178,940.1127216655605,6946.686023290049
2024-11-29 14:30:00,935.8135999285067,940.8040918281029,928.7649000540648,939.1178508047751,637.9999831125697
2024-11-29 14:45:00,944.2265393627086,948.6493957925834,936.246570862447,942.0065214199169,9766.837471439412
2024-11-29 15:00:00,948.5642475348192,951.7424603915559,940.4874134826191,945.1418673069596,988.7129698085395
2024-11-29 15:15:00,950.045092663351,954.0646263023715,948.8225971244395,956.4600839853998,4147.001239576932
2024-11-29 15:30:00,983.3080334481139,984.9495773925432,973.5945067839372,976.249675722572,5347.240201280299
2024-11-29 15:45:00,958.1275440107457,965.1211031026202,953.3549759802072,955.4032218575885,3620.3850663313287
2024-11-29 16:00:00,951.7041897247674,961.1028422539619,951.540980905967,954.4997749823909,5456.9005378019965
2024-11-29 16:15:00,944.1577454083816,953.0805362211428,941.0579199808727,946.4337212259028,2663.0082804281883
2024-11-29 16:30:00,932.1957391105907,942.250590044973,928.9130375908246,935.8751611612122,979.004625707182
2024-11-29 16:45:00,929.3954085861665,939.2639546229381,931.346769389825,937.5825487090907,1145.8127703459027
2024-11-29 17:00:00,933.7235701829277,940.6523381896213,926.2286167952773,934.0125407165867,8099.898009264465
2024-11-29 17:15:00,947.1445338786385,953.1656426552963,944.7493854729175,949.7706749858773,3039.845427537365
2024-11-29 17:30:00,973.3178165368425,972.472500503305,964.0244010133221,965.3288852766824,9448.912461185362
2024-11-29 17:45:00,997.0939469647763,1007.8943317619148,996.01172094656,1002.2033590622334,4021.6028792051784
2024-11-29 18:00:00,1000.901681134226,999.6750943231557,990.6863640467213,999.1699982508725,2490.4041603330675
2024-11-29 18:15:00,999.6198595699711,1002.7677261127332,991.4369557022076,994.1839318918285,6249.7450148603975
2024-11-29 18:30:00,1007.1072886197583,1010.3690555828581,1002.3179398816688,1009.1560420592806,5514.962534829852
2024-11-29 18:45:00,1006.9555354423018,1013.1357848414423,997.4080029566686,1004.2071343179734,7051.808255641966
2024-11-29 19:00:00,994.6607668762674,999.333261629907,990.6971965448812,990.5216145615963,3106.031576347173
2024-11-29 19:15:00,989.4922405963964,997.4451128051181,984.2007962147305,990.6851743899726,7021.4854473677915
2024-11-29 19:30:00,972.0341795017601,974.3813293551951,968.0364410062615,971.3875293311182,508.8274442798635
2024-11-29 19:45:00,958.8930915526875,967.7994350706269,958.8307169143995,964.3048023744494,6404.129202585813
2024-11-29 20:00:00,949.9346667317244,958.628859820855,950.0654704884752,952.4308173371273,3156.208276224575
2024-11-29 20:15:00,957.3582651390241,962.6840099468754,955.2652271291616,961.725212698935,2611.481367813772
2024-11-29 20:30:00,944.2350750220373,947.0960844803454,938.916883805811,940.2887334089659,6773.1100347916135
2024-11-29 20:45:00,954.6800027136559,963.9890098344222,951.2885333302993,961.1218934322758,2447.343790319845
2024-11-29 21:00:00,963.9866526013058,972.2055587552628,961.9310655049482,970.4263799145996,5358.37775149698
2024-11-29 21:15:00,978.9335200847529,980.6759272284424,968.5114228455947,974.4155635341643,7480.476080801659
2024-11-29 21:30:00,979.0739923363931,985.6934380931892,974.8937230198476,978.4803632559334,5110.3805102257
2024-11-29 21:45:00,980.4793060750544,990.6612377306172,976.7826428869173,982.0664587642093,5121.0228059194105
2024-11-29 22:00:00,981.1761926667419,992.6333712604071,980.939292084894,984.8337346716927,5974.805875340344
2024-11-29 22:15:00,959.2689627562465,971.7630388628984,958.2922686526491,968.6575808594617,2702.9847270538767
2024-11-29 22:30:00,939.6552859245818,947.4305249408096,933.183162151304,942.3626569243278,934.7868107472434
2024-11-29 22:45:00,942.891016288653,941.5765795447436,934.1736748490248,940.5865065260709,1529.8847192767107
2024-11-29 23:00:00,925.7968568786782,929.5195147587356,919.8153704207422,922.2335879168049,9703.101523986514
2024-11-29 23:15:00,914.1387519749384,916.8721743728474,912.0642074708067,911.9201563229554,7918.030448290944
2024-11-29 23:30:00,931.3701990339819,929.8446474794583,921.4561659457571,927.5478762720816,4638.783103193722
2024-11-29 23:45:00,933.628723500602,934.6905898580704,927.3520579311069,932.1898951522472,9057.656525444843
2024-11-30 00:00:00,923.9974508427653,929.1768593002164,919.666887724132,925.150251053572,9054.732643905405
2024-11-30 00:15:00,920.6006647640351,925.1206106831559,916.9850589100594,919.950947274676,5652.771730959383
2024-11-30 00:30:00,901.5157843775963,908.9927143120001,899.2181017315763,906.6213296827016,5747.325657385558
2024-11-30 00:45:00,917.2197913373528,917.4982389574687,907.3170433406311,913.5668961559453,7795.34588956103
2024-11-30 01:00:00,912.8102756429824,920.5570460943728,913.6902016591644,916.0839948289315,7953.5091490782115
2024-11-30 01:15:00,901.1637886480312,906.0624536341544,898.8525737336868,898.4538831977775,3348.812880011417
2024-11-30 01:30:00,889.7605234091565,897.0653633002088,891.7405857565459,899.0403481370713,704.6574898109764
2024-11-30 01:45:00,893.9027015797726,895.9221858508324,883.0640852399572,886.2026342742354,1667.2765174371111
2024-11-30 02:00:00,878.6404040276631,886.0617472712069,875.7187646873856,879.1990180674288,5887.272226441244
2024-11-30 02:15:00,908.7396357487318,914.2402158110285,902.1156205557501,906.9017679255837,3783.6523123604907
2024-11-30 02:30:00,887.0634016298136,891.142007772428,878.5362566349492,885.6229141935374,1165.9696971896024
2024-11-30 02:45:00,887.5218564878339,895.1304237547058,886.0056621499392,894.5919481860844,5609.962573686418
2024-11-30 03:00:00,902.270156087171,909.4831490084672,898.2693476361424,905.7347532219275,8195.958724238928
2024-11-30 03:15:00,931.2045036519435,938.6398885152588,929.8958909250214,935.273429460976,7718.41295913446
2024-11-30 03:30:00,932.4582163715106,936.4661951575985,923.9503011363588,931.1105526269307,906.6197675869174
2024-11-30 03:45:00,926.2283718194162,926.7066217362502,914.523864027128,919.2833115225376,7488.597111307214
2024-11-30 04:00:00,930.3485760225198,932.9728457952126,927.9408104984423,927.1550336073635,9018.19179475307
2024-11-30 04:15:00,939.6013741799777,947.712393850097,935.0093225702051,939.9224797892336,9988.8324701857
2024-11-30 04:30:00,908.4244446572387,911.2763413391951,900.6234698522269,909.1599045325021,2292.3218854365637
2024-11-30 04:45:00,907.5227572993163,912.7505685453451,901.6387014105252,909.6296120244814,6715.739216741716
2024-11-30 05:00:00,897.4591812638793,907.2443139167656,894.6619048248189,902.5819195624581,2450.2515946683184
2024-11-30 05:15:00,875.0891151090187,877.9256705143983,871.4194818119073,874.6236080865749,453.33033421460107
2024-11-30 05:30:00,857.1744085054378,863.1256102834639,854.1919976667108,859.5407250093737,7617.921188174785
2024-11-30 05:45:00,860.990185697692,866.6834352305683,858.0912240871058,862.3526306216751,9304.407498101053
2024-11-30 06:00:00,849.7917147294885,856.2774022076065,844.4360989019426,848.8214004382687,1887.976049208288
2024-11-30 06:15:00,845.5848652945143,845.6893005144302,838.960482877059,841.2167073839154,4356.381806327125
2024-11-30 06:30:00,825.3086429242236,831.8407930006923,818.1911895668522,828.2775525328306,7597.287743618064
2024-11-30 06:45:00,808.7218190687072,816.4889483255153,803.5639268991798,806.8524758954056,7804.396805815884
2024-11-30 07:00:00,819.9620874572237,826.1203956623566,815.5728043622881,818.3463621886623,9325.871533098081
2024-11-30 07:15:00,828.887905422256,834.0306969397918,826.7718948783471,827.4102689298461,8209.80350123634
2024-11-30 07:30:00,838.3176242311783,840.6015822341359,833.9195510590065,834.2718126034633,5506.589452558628
2024-11-30 07:45:00,836.1076749284787,843.2961538272483,834.6527076234689,835.6216810852023,3272.719743662456
2024-11-30 08:00:00,857.6461087873195,862.6146428963123,855.4351192756014,859.3033616447581,792.1846135699332
2024-11-30 08:15:00,868.9698311312368,872.551665210064,867.3241955928062,873.3547927490699,1854.5062936129357
2024-11-30 08:30:00,857.4317623505652,858.6385401202434,852.3256019706599,853.6965896997159,5625.5483025520525
2024-11-30 08:45:00,837.9941040961252,839.346301210795,827.8729804533367,837.6235234509812,180.83488017987088
2024-11-30 09:00:00,827.782916879847,834.1948182000781,821.4074003987628,827.8417841237095,4632.078893235289
2024-11-30 09:15:00,832.7358529543626,835.2932955947099,823.9460998578066,833.5161315933177,6950.423428159617
2024-11-30 09:30:00,820.808922167006,820.1240809700708,811.8803444699647,817.1243649867645,5890.154902788583
2024-11-30 09:45:00,824.6411023304915,828.6981915777435,822.547844421519,828.6594202942604,6641.926885858014
2024-11-30 10:00:00,821.481445246405,830.185425207744,818.231476752868,826.0811079350094,5194.430235111191
2024-11-30 10:15:00,848.9753184187199,857.5134918807956,846.2857740507959,857.2205207005585,4188.008012811395
2024-11-30 10:30:00,851.858545834717,854.9239302841196,842.5848667779351,842.7106513953969,9793.408704279802
2024-11-30 10:45:00,855.6533045053126,862.1072424072026,849.322138631088,856.9711726559478,9599.867161012231
2024-11-30 11:00:00,855.6846505339497,865.7703379578204,852.5890557349726,861.4776240423099,8953.81246385493
2024-11-30 11:15:00,877.5057750700751,886.8390781536241,877.7636650616976,882.1980382880663,5205.890383874759
2024-11-30 11:30:00,857.0377725906006,861.0921463819246,849.746408982731,853.6536626233406,3533.637711822613
2024-11-30 11:45:00,883.760130992972,890.4976904042231,881.8003903616594,883.6319724100988,2165.076653405502
2024-11-30 12:00:00,880.9492692249223,884.7254738525166,872.6032290428122,878.2632252031146,4431.215717510483
2024-11-30 12:15:00,878.8548525214121,886.6488310947494,872.9819460621201,882.5907270750068,7442.451488573487
2024-11-30 12:30:00,877.310511609878,887.6308162235354,875.4545152709421,882.9663279016606,1106.2103893168173
2024-11-30 12:45:00,861.4493183878508,869.3423082618478,860.5989222782341,858.8199826691583,4549.645103336371
2024-11-30 13:00:00,860.8880796774737,859.6459017002552,854.106696150555,852.4732927812099,4331.050838296941
2024-11-30 13:15:00,859.5433232922417,860.4746834181007,851.3399708241445,855.4009152535288,1690.7368163624806
2024-11-30 13:30:00,855.1472577833555,862.5729646221929,852.311266829942,861.5979115424635,3852.5527594875603
2024-11-30 13:45:00,873.7548566773035,873.1028976760766,865.2874232765594,873.4829981074614,1398.5813989176393
2024-11-30 14:00:00,900.080349991101,906.5169742008618,893.2455309140473,903.3963943558264,3956.0855584750448
2024-11-30 14:15:00,875.0943112693224,879.303263189833,873.6260049566839,880.1437039992752,2101.1329652419254
2024-11-30 14:30:00,876.5478220943313,880.038910206293,871.7772490429957,881.5623951524088,3226.9230836247134
2024-11-30 14:45:00,890.44557482537,895.2189991589627,883.4720101668506,889.9704131203946,2135.961124976636
2024-11-30 15:00:00,900.2447704357709,903.2803508536023,892.5991174717734,898.414535216585,6450.747683698201
2024-11-30 15:15:00,900.7741564954501,899.5887887721676,894.0604249515791,901.3206738850032,1278.3318021351092
2024-11-30 15:30:00,875.5068020240568,882.9147060618876,874.902565437246,884.0699701729296,7569.923365340671
2024-11-30 15:45:00,881.1270067853734,892.2496610101497,880.9231507200924,882.9906225857238,8052.194844501308
2024-11-30 16:00:00,898.5966564814648,909.8791068118886,898.8805487086604,904.2587786665915,136.24434502084574
2024-11-30 16:15:00,913.0206429261863,916.3321486106918,907.020859305876,910.2947491002287,8241.809807463556
2024-11-30 16:30:00,919.5563616808171,930.6620352707538,916.3064612610884,919.841052339841,1319.5263983603231
2024-11-30 16:45:00,948.2232653442574,950.4820388521704,938.9677563676555,939.2630348246396,6022.593139349446
2024-11-30 17:00:00,956.6814134866927,966.303928834184,955.6149610706225,965.0868785006024,4294.369807873807
2024-11-30 17:15:00,985.039579850533,985.9897052610468,973.8173892248034,978.4654181823361,928.4469252878857
2024-11-30 17:30:00,982.6436975717307,986.2662423671261,972.8017367568531,973.8036087570879,808.5887788056391
2024-11-30 17:45:00,986.1092353071421,989.6427640656935,977.5346362890169,980.1532810016995,8647.756339233807
2024-11-30 18:00:00,985.2520835662326,985.2776486864549,975.2919239431972,978.9059559437713,9783.391242939288
2024-11-30 18:15:00,1001.2973836261061,999.8157485778072,992.7816615367589,992.7424360326568,7748.156338362023
2024-11-30 18:30:00,998.9295206951682,1008.5936838853625,994.1249758082114,1001.1585736339118,5979.887098946285
2024-11-30 18:45:00,992.6627488911312,995.6763127240994,987.702565467288,995.8928970331948,1576.8963250645454
2024-11-30 19:00:00,993.3490916342256,997.5167940798254,989.990500867857,988.9019302997511,7321.172332469027
2024-11-30 19:15:00,989.8549756214893,992.0235298615155,979.8991564800492,989.5870664359397,3428.693785740516
2024-11-30 19:30:00,990.1389528785832,995.9536505253133,987.4120089193153,992.3547060703202,7478.672204102025
2024-11-30 19:45:00,998.4007779298425,1003.3659251718142,994.0986959058163,1001.3455364180934,2197.8355600148993
2024-11-30 20:00:00,994.9360673726937,1004.7767752282506,992.5276552824963,999.6384978123044,6006.708832404938
2024-11-30 20:15:00,1025.2489439036822,1030.039377166231,1017.790163100844,1023.7110218285919,7348.171196535217
2024-11-30 20:30:00,1026.4528914429452,1037.4754573658126,1027.128011124845,1032.2297979662599,8261.988556557895
2024-11-30 20:45:00,1055.7644419355697,1058.6782865793266,1047.5975020445271,1055.7829306787614,6447.822089755716
2024-11-30 21:00:00,1030.676542390756,1032.8959990457283,1025.8336037319157,1025.2262668816359,7468.075930598061
2024-11-30 21:15:00,1057.5294715717796,1064.5525094092447,1050.6919366068712,1055.6322415829459,7817.923083254642
2024-11-30 21:30:00,1035.6168597631297,1042.698969311128,1033.389045326424,1039.023933734573,2271.356911633906
2024-11-30 21:45:00,1011.6896400604414,1010.7132758938648,1004.0180694682005,1011.7624485983465,8635.500054736423
2024-11-30 22:00:00,987.7715589945082,988.8971703676187,978.5896800509304,984.1355366063439,5339.772570958606
2024-11-30 22:15:00,998.4411617439712,998.221440199064,991.1842330560147,991.3284234870229,1665.6728992262829
2024-11-30 22:30:00,986.2780202091376,988.8070980255875,981.8706213360617,982.9016978346701,501.6470415397743
2024-11-30 22:45:00,974.8106415069847,977.8291547971597,968.7230987509447,974.6944864985654,4969.04531520556
2024-11-30 23:00:00,975.8186354190037,982.8167025507685,977.1146376976616,979.6095764965727,1804.1114188990364
2024-11-30 23:15:00,978.3476166785464,982.6214211620882,975.5115279227676,974.2602798241977,3074.3315665799955
2024-11-30 23:30:00,986.6762505380477,989.3628722088265,980.7567058711768,981.0645251891231,7410.178633391875
2024-11-30 23:45:00,1001.8565720428193,1004.1135686203999,992.5560432224632,1004.0062269786988,6160.616096569369
2024-12-01 00:00:00,1003.2385437209293,1003.2787032121756,995.8868793997664,1004.5394167390284,147.5398609192116
2024-12-01 00:15:00,1004.4511027627092,1010.7735658345997,995.9534047732861,1001.3347842283391,474.7505535897538
2024-12-01 00:30:00,1032.3162537269882,1036.99710459968,1027.229097850785,1028.733104319309,2588.5131815528607
2024-12-01 00:45:00,1031.8146520357975,1036.884206953279,1029.18970931824,1036.2181979941756,6291.9102398771065
2024-12-01 01:00:00,1021.9242678102762,1026.2935114869683,1017.2375079232326,1020.4285732756466,4896.83086998514
2024-12-01 01:15:00,1018.278539198859,1024.680130664409,1018.9641290876709,1024.860791400622,5347.079063915314
2024-12-01 01:30:00,1017.3211070593921,1020.3102596837263,1010.4628946430587,1011.5034572647958,6868.625488161927
2024-12-01 01:45:00,1027.6097288870774,1034.2218294625002,1024.1178554931357,1026.3331896601478,8188.437107564244
2024-12-01 02:00:00,1009.8223770476678,1010.329742731815,1001.8035984443301,1003.0921067823472,2650.6649763645923
2024-12-01 02:15:00,996.4384976344763,1005.5789627309782,993.3370040983336,1004.7144067310749,885.2772396373804
2024-12-01 02:30:00,1015.3517526080402,1019.3372628830351,1012.5937293811332,1014.6404693554318,7175.286350118627
2024-12-01 02:45:00,1016.3727121513152,1022.7926035638013,1010.231039457342,1018.0297474550086,832.9899741077402
2024-12-01 03:00:00,1013.6506313564773,1022.1294556201083,1014.0424093629061,1015.5191791534946,3922.898609230336
2024-12-01 03:15:00,996.8994121129358,1007.856255617405,995.7936688605125,1003.4545132977042,712.9051820431174
2024-12-01 03:30:00,990.0096518661653,990.0743674736758,979.0920478051785,985.4132399386875,1061.7094237474973
2024-12-01 03:45:00,1007.7041624396614,1016.9887061324274,1006.6526905286345,1009.1182934760129,4375.021864723314
2024-12-01 04:00:00,1015.960611580487,1023.3739748081117,1012.4732276935514,1017.2210179374604,8819.902704247712
2024-12-01 04:15:00,990.4587124991458,996.7945654386165,981.8769164808676,990.4578914198906,8998.652898968103
2024-12-01 04:30:00,966.3606714118893,970.1208629940554,964.3983254031269,971.5492017878677,3991.794295094646
2024-12-01 04:45:00,966.8413122277954,972.5253671236218,958.2977779554857,964.5485152992309,1403.5394010476728
2024-12-01 05:00:00,967.2572824018805,975.3741444093232,968.628850944719,967.5367006464548,7685.001044109213
2024-12-01 05:15:00,963.9964972920759,967.8466171542011,959.2368532797777,961.2729118685419,9505.611107147683
2024-12-01 05:30:00,979.5667803840373,984.0214478169802,973.6543503471337,985.890475526041,1867.6419129424905
2024-12-01 05:45:00,957.442853633832,964.6426285909138,955.5686224449304,961.6379445039016,6769.532930266098
2024-12-01 06:00:00,960.2786466186022,963.8442381371299,954.4692619776176,954.4622026927354,2938.3137604619546
2024-12-01 06:15:00,973.0990972774573,978.7028289304429,970.3369657830535,971.0012024017702,5675.722939169004
2024-12-01 06:30:00,982.4456393965155,984.1194864622909,974.2270287932294,981.8104630863901,522.3423171893469
2024-12-01 06:45:00,979.526377957311,989.4217580902797,980.1129422610142,980.6349761809897,3471.728953106643
2024-12-01 07:00:00,955.6894791709722,962.1942215821985,952.6552117188951,959.9893107544474,5437.879753917394
2024-12-01 07:15:00,968.4754233872258,973.8700579980618,962.6412517080344,965.1240455636624,2291.1344806463985
2024-12-01 07:30:00,982.5360399970011,987.2461679648657,976.8616583890652,984.3989532737974,7695.443003683169
2024-12-01 07:45:00,1000.131022160606,1006.5726332655428,996.2181706901847,1001.679491451922,2586.3268735224196
2024-12-01 08:00:00,976.7542519979114,981.9426995983891,969.9798451251984,971.2736454811217,6422.575552703252
2024-12-01 08:15:00,958.9888148672408,963.1269511516396,955.606078684109,958.5954742538368,5271.826404757328
2024-12-01 08:30:00,945.5513864190974,952.4802178995387,943.5243766911531,944.4162756206847,7871.051710935511
2024-12-01 08:45:00,958.3120463951311,963.2178753071017,957.4995940134471,958.148958965076,4094.224297527998
2024-12-01 09:00:00,975.7197382013314,980.5562766477126,965.9940372193495,976.5661429953238,396.8934133962605
2024-12-01 09:15:00,989.8337486722442,996.0537902018334,986.0266043711925,991.5049783475632,3789.5103110704295
2024-12-01 09:30:00,981.9950562619239,980.4935636272947,970.9311487698021,981.2588762153107,6462.39168445499
2024-12-01 09:45:00,943.2537819030854,948.1295309521514,936.1976208720656,941.7856536670644,9365.54773330585
2024-12-01 10:00:00,975.6026352634526,979.6628096081839,973.0375434740683,978.6160115869679,6568.229103234479
2024-12-01 10:15:00,995.7946446701337,1005.8005713194128,993.3395893491997,996.980184655494,6474.067781622996
2024-12-01 10:30:00,1012.0210732244809,1022.3909484874952,1008.1481300572167,1021.073337103466,8972.695884521023
2024-12-01 10:45:00,1003.1244860480493,1009.0160260631678,995.1844449110093,1000.1177223637982,4648.5478514375445
2024-12-01 11:00:00,983.9519153340677,989.6201727034495,980.1316210591654,981.8532699922467,2734.7043062272014
2024-12-01 11:15:00,996.5340941126927,1005.2039863252982,991.1548924574325,998.8635794383961,1678.7654402071662
2024-12-01 11:30:00,1002.0163603800858,1007.711230423487,998.2601155935174,1004.6280546517062,7487.892689998071
2024-12-01 11:45:00,1023.4483031135393,1024.2110264977641,1014.536531738244,1020.7719383311845,686.3400841715761
2024-12-01 12:00:00,1011.4817558378269,1016.8856088980024,1006.0193114261615,1007.5007372125871,3042.129189934251
2024-12-01 12:15:00,1030.9654357125364,1042.293465902742,1033.0849756744626,1039.177439326727,4832.350494721027
2024-12-01 12:30:00,1030.6053773673048,1033.641252097723,1022.7419320421803,1024.0267295329033,1869.1121707665832
2024-12-01 12:45:00,1032.8165921952937,1037.7760219226413,1030.652675459208,1035.5382070981395,5823.534982207024
2024-12-01 13:00:00,999.1163255474405,1010.0431534592178,998.4724424928652,999.9482339439978,1984.1052714878354
2024-12-01 13:15:00,997.7187089993889,1004.8378452329941,997.9646647616847,998.974024345462,9639.084967119834
2024-12-01 13:30:00,977.4788313589174,981.1122686182163,966.0452908841635,971.7291979148558,6879.732786951094
2024-12-01 13:45:00,976.218808765797,979.9123305971908,972.4759335990635,977.3429064715956,4340.766183778519
2024-12-01 14:00:00,973.8436542692423,983.6789077149914,974.6766077450574,975.0084322673539,6455.38032150668
2024-12-01 14:15:00,978.771589452701,988.8102574346559,978.9114104122048,986.2481121591287,4646.9752048298315
2024-12-01 14:30:00,982.5930473776765,992.9612208279742,979.7938958555843,983.4697554681757,8357.36709949788
2024-12-01 14:45:00,1011.0539142503447,1009.3002529265631,1003.1833090623969,1010.6642531909356,7672.841775770737
2024-12-01 15:00:00,1011.324576351688,1015.1597844939358,1009.6681379750692,1011.8233037288506,9543.405044580459
2024-12-01 15:15:00,973.8248623184323,983.1443368161894,970.3293174310604,981.400742591738,8890.276840164744
2024-12-01 15:30:00,974.714558536955,981.7882499449746,972.2537193581462,979.5386385986974,1474.2673758120095
2024-12-01 15:45:00,968.311155494735,975.4000055346588,966.1376325813155,971.6746653449686,3081.4452702833537
2024-12-01 16:00:00,989.4708630487688,990.3967296441886,979.289843249075,989.0152606052452,3926.3650323279053
2024-12-01 16:15:00,984.1896273147486,992.7058502995874,981.9180546334167,983.352555948513,1412.3937407662804
2024-12-01 16:30:00,993.9823774999536,1001.6113316621933,993.63278209183,996.909290314921,421.0932053899201
2024-12-01 16:45:00,1006.9278542235375,1014.5767101399927,1004.4975483860227,1014.2556366998829,8528.596332961972
2024-12-01 17:00:00,1007.0430575446262,1012.3799665846074,1000.1457778758784,1003.1141386219679,4989.3171863782145
2024-12-01 17:15:00,1010.751818885217,1013.8184710493675,1001.1116126169946,1012.2324671759245,6450.133728746159
2024-12-01 17:30:00,1016.43244425183,1019.9509935242005,1009.139033424533,1017.8952063475654,5748.918739750267
2024-12-01 17:45:00,1040.6060449632425,1042.5468216413133,1034.0947730882103,1042.4247542338185,3544.004673866227
2024-12-01 18:00:00,1042.1829135445946,1045.6231217336895,1038.0431221669548,1046.9900489812937,9375.186269631662
2024-12-01 18:15:00,1035.2598393369228,1043.226195129486,1029.8014671529816,1040.0240081111938,2591.2395114519395
2024-12-01 18:30:00,1049.8659368762485,1051.1046653901642,1046.2579623858771,1048.5158532907913,8258.371939602579
2024-12-01 18:45:00,1048.0926585079178,1055.8465453466224,1041.7673606886867,1046.3368901503343,5011.552746887192
2024-12-01 19:00:00,1055.0207225227293,1061.3950798951018,1054.876760417177,1058.6696560969426,3608.177698591475
2024-12-01 19:15:00,1041.389699289074,1046.585842955579,1039.635567574384,1046.5125305827955,7260.6104992749215
2024-12-01 19:30:00,1036.5070433661201,1038.619376505798,1027.3313685562425,1033.8856321490875,8169.797526753809
2024-12-01 19:45:00,1029.854448768258,1038.8789142229944,1031.6298645302484,1034.826980347207,1071.0681851810766
2024-12-01 20:00:00,1047.900763841972,1053.0929288855446,1039.682180303348,1045.553566293368,1255.8001229515119
2024-12-01 20:15:00,1041.974780817109,1041.2055728848093,1033.569765709815,1040.2544200306359,9686.872424916435
2024-12-01 20:30:00,1057.227589095607,1058.937238151562,1045.589151051175,1053.7358534717782,9768.105515834512
2024-12-01 20:45:00,1046.1591042668326,1054.7592295404738,1045.5436243735744,1050.3379209312436,8098.014540862433
2024-12-01 21:00:00,1041.4315888463032,1045.5503376006948,1030.7460294651844,1038.6669303810995,625.431664991116
2024-12-01 21:15:00,1012.855645659726,1025.3637178034069,1012.6872994029981,1016.2620812261852,1111.6235691139718
2024-12-01 21:30:00,1017.110752822731,1018.1060116507912,1012.7853017864885,1015.9041728853671,3811.9913728746087
2024-12-01 21:45:00,1007.7503681416702,1007.937380520946,1002.4136620350577,1005.1084934695104,4806.529031032058
2024-12-01 22:00:00,1000.0594298456715,1002.4669362026732,990.7492308905424,994.7902881863158,9374.815454365615
2024-12-01 22:15:00,1007.0378691817045,1008.7961599317867,998.657234513781,1007.4086341274693,4155.487577223757
2024-12-01 22:30:00,1001.6514685159902,1009.403042830541,997.6549061138957,1002.256997084536,6872.919212006412
2024-12-01 22:45:00,995.9549270698411,997.9098678233354,989.2979426261215,993.3838131552851,8487.286827780405
2024-12-01 23:00:00,982.4945390245491,987.6539964600169,979.48840956295,982.305871577739,493.2025368819584
2024-12-01 23:15:00,997.0817436688827,996.7002779390178,989.8556752634771,995.6698492488443,7582.663923020419
2024-12-01 23:30:00,981.7936304476439,990.9531819711973,979.2746687166308,988.2702265613219,6144.10071168296
2024-12-01 23:45:00,1002.3424476394852,1012.7948364061436,997.8348571105483,1003.5944381940965,7533.768845673068
2024-12-02 00:00:00,1013.0673579312852,1020.4557783033647,1006.0745918125467,1008.8358904154009,8846.159375935014
2024-12-02 00:15:00,1006.0638087102136,1013.243616526151,1003.0494407399932,1005.7794590171982,7403.5861189192
2024-12-02 00:30:00,1006.9506797107457,1006.6876133984496,997.812022669119,1002.4564460202531,6982.826116248582
2024-12-02 00:45:00,1006.7233335476718,1013.479549430584,1001.3271351321652,1011.4144184095238,4642.691332212675
2024-12-02 01:00:00,997.0033236097132,1005.8493471065719,997.4316989925654,998.1530464591536,7537.946818686597
2024-12-02 01:15:00,1006.942776317999,1015.3519232638513,1006.9673671318906,1011.6786050436659,2786.5559621118223
2024-12-02 01:30:00,1053.6728404502508,1055.9100401820904,1040.984539921958,1047.3617823599543,7809.402618878982
2024-12-02 01:45:00,1050.168875309653,1060.3325706813257,1049.7197984248594,1051.3128681075846,8246.901070568907
2024-12-02 02:00:00,1059.7044788397154,1063.209365819413,1054.9236851053317,1063.1424898677187,2625.1914509428534
2024-12-02 02:15:00,1051.7543949457925,1061.4404478151978,1051.898887777983,1059.8117858609503,3823.004260503013
2024-12-02 02:30:00,1063.8173354370442,1062.2677931990654,1053.870035916314,1059.5577253098625,1526.720321009739
2024-12-02 02:45:00,1060.0860823739326,1068.4317945848143,1062.4305067383802,1067.048466152422,557.1137066458291
2024-12-02 03:00:00,1073.27108270311,1080.0921711448455,1068.9957289509819,1074.808768792284,9561.771007848783
2024-12-02 03:15:00,1085.3459260146465,1089.3855162267375,1076.7093684078798,1086.5327277088015,5806.5807652845615
2024-12-02 03:30:00,1075.6046295356239,1083.336222400126,1073.9245353031597,1081.8368190360886,9005.731797249535
2024-12-02 03:45:00,1088.4719660379,1094.4122928860636,1085.9835605440076,1091.7209619848174,8514.354359356425
2024-12-02 04:00:00,1062.5843026113132,1066.7937663802936,1059.330565588497,1062.1190758638825,1175.526505551083
2024-12-02 04:15:00,1061.3327646765229,1070.4177318464301,1056.4885963297613,1064.8968071884922,8482.698772718713
2024-12-02 04:30:00,1079.053648444823,1083.126111034617,1070.5088263330488,1078.6494718914635,8400.938943274934
2024-12-02 04:45:00,1101.313753823998,1105.3760221724463,1098.5612527737212,1104.1482971428804,5228.878569883635
2024-12-02 05:00:00,1101.4379468981313,1103.4617991971415,1093.5911042313412,1104.755103861385,2726.4442863781387
2024-12-02 05:15:00,1092.6719129598046,1094.3074541628862,1081.5048458906106,1086.7401731557086,4483.043318375008
2024-12-02 05:30:00,1083.5747056836003,1084.1644780463437,1073.9215980949373,1077.8701786485642,661.694043971794
2024-12-02 05:45:00,1091.9444725134072,1096.2903984483046,1084.7634126561459,1091.1617766364973,6623.43484535766
2024-12-02 06:00:00,1085.001825159965,1096.8846416579738,1083.669712083016,1086.22597685527,2549.3976647332256
2024-12-02 06:15:00,1073.1211228181,1078.5405816822054,1070.9117933507912,1077.9922035863028,9336.50305557013
2024-12-02 06:30:00,1042.4376268647836,1048.5256989806176,1036.785443976096,1042.6910194642803,6225.302299219517
2024-12-02 06:45:00,1052.9036034816095,1062.926115299012,1051.2136286810594,1059.732309289415,7738.851333576245
2024-12-02 07:00:00,1042.6728199151767,1046.9440310058424,1039.9114250257599,1039.679390926036,2919.779427721429
2024-12-02 07:15:00,1035.303763633494,1034.0504382205213,1025.806545104874,1032.9279004933126,7402.243801431487
2024-12-02 07:30:00,1017.016387151957,1020.8286790861756,1015.1077657759429,1017.9186627948786,5823.958852266124
2024-12-02 07:45:00,998.3097490250767,1001.3892311856423,992.8914931416361,1000.7080252131036,3784.0615462317787
2024-12-02 08:00:00,1005.8945490584783,1014.3147338128853,1003.3428529447243,1007.1073931040722,6639.590130336736
2024-12-02 08:15:00,998.2701242592632,1005.0003360923503,995.9644322283435,1006.1457772396395,3216.7183630954623
2024-12-02 08:30:00,1009.9741559795824,1009.6251043597974,1002.0782679852294,1009.6173709944529,3562.9475886714495
2024-12-02 08:45:00,1032.234225415854,1037.5681615469682,1027.541964695774,1035.1845432702066,8150.038979342671
2024-12-02 09:00:00,1030.3568390863613,1033.5330386393075,1025.6525351750252,1029.8152750985157,9814.296519608684
2024-12-02 09:15:00,1047.5612525439476,1056.4909282172014,1047.295126087571,1052.3228834636038,6857.1335057693295
2024-12-02 09:30:00,1035.6461161470497,1035.2420251930814,1025.7483298803909,1033.812051379784,9375.316658438334
2024-12-02 09:45:00,1026.48337845225,1033.4939530925192,1027.1362629265004,1028.7371023954784,204.9074706261298
2024-12-02 10:00:00,1030.0205742738485,1029.714355668063,1020.3319774080696,1029.2244925147243,7737.415203497763
2024-12-02 10:15:00,994.8857364841259,1000.6253779120736,992.5703622385366,998.5873123707729,2440.58349439069
2024-12-02 10:30:00,1011.6349154379275,1017.078735378997,1007.3905787550563,1015.6953432488042,1659.2427376960595
2024-12-02 10:45:00,1010.9086850343487,1015.8421177487397,1009.4218291993487,1010.3720280293306,3750.101308216986
2024-12-02 11:00:00,1008.854055813588,1018.8379985310144,1003.7105125657072,1011.3227504332066,1700.6940840381956
2024-12-02 11:15:00,1008.7215210290918,1018.8218466203758,1009.041384235087,1011.523759489842,4595.4848870173655
2024-12-02 11:30:00,982.9836758321869,989.0744255186089,980.0639118453071,987.9951360866041,7045.925784121826
2024-12-02 11:45:00,989.7236748210753,993.3670242030643,982.7772355491411,990.7623290822761,7097.741197898527
2024-12-02 12:00:00,1007.2484474951398,1007.1420027934623,1000.4275438393914,1000.6419205051219,8289.197343420597
2024-12-02 12:15:00,1032.2007962247203,1039.6936753714267,1029.734850768715,1033.7787430162957,435.0735919884647
2024-12-02 12:30:00,998.1029570945999,1005.8149745962886,995.2960526054544,996.5939955079556,5372.262358334274
2024-12-02 12:45:00,1013.12510827719,1018.9347226856456,1010.0400458813707,1015.2717457688207,2895.9933857024967
2024-12-02 13:00:00,1000.2926537025204,1005.2914141405623,990.9777883247127,992.5305567359646,271.7786076780543
2024-12-02 13:15:00,998.0023674529532,1000.2010107903433,993.1989561764747,993.5544858682842,3064.5806943786533
2024-12-02 13:30:00,984.2173704509642,990.709514971036,980.7377131470954,992.2413551433874,9470.485925390118
2024-12-02 13:45:00,1045.620627996542,1043.5771604729375,1039.1477089923326,1040.5289737776043,2753.9232351068554
2024-12-02 14:00:00,1054.2118685097926,1061.5527715757212,1050.10405113781,1049.907409169107,529.168759857494
2024-12-02 14:15:00,1034.6714973726541,1040.3813819973639,1034.951077090765,1035.4246721285162,459.9940751449854
2024-12-02 14:30:00,1010.2204794140846,1012.20140342362,1006.4615410597979,1004.0130535640434,6262.021671580735
2024-12-02 14:45:00,987.6449218014689,994.8674722193616,988.8269237251336,994.1893424394399,7988.451927663006
2024-12-02 15:00:00,955.4402696340201,960.7186788766303,952.0728543853483,955.9683455333542,5655.625088544021
2024-12-02 15:15:00,950.9112260398326,960.5947174347265,947.6289325033505,956.2659275966761,9055.224633605607
2024-12-02 15:30:00,974.0638144273439,972.4313834932098,967.8655416499955,966.736884760443,1198.5583436428865
2024-12-02 15:45:00,968.6325542501922,973.3191335666875,963.8623464779691,973.7980828815882,4140.754979605605
2024-12-02 16:00:00,959.1940677261019,965.7601623742173,957.5724592018524,959.7352609317296,9447.548262044616
2024-12-02 16:15:00,963.023377081141,967.578955645538,960.5157926403747,963.7040235648161,1748.6693177461723
2024-12-02 16:30:00,947.9648203466671,953.0509687244464,947.0233967549274,948.8557638369556,9771.092798507585
2024-12-02 16:45:00,961.250938431163,968.499626773677,954.0106899197681,964.5512237560537,9899.65086550052
2024-12-02 17:00:00,945.7245053009818,954.8577961764704,942.1456843110286,952.6127942525587,2071.8349419640144
2024-12-02 17:15:00,944.2039916926244,947.7148218031384,941.2831003211521,946.9252002886922,497.1694547102137
2024-12-02 17:30:00,934.1382066636108,942.561374469269,934.9965600178648,940.8960218859586,2994.924965185836
2024-12-02 17:45:00,931.1846055723636,937.8530320520789,931.0425251685107,932.837040591562,8999.740005703843
2024-12-02 18:00:00,950.4590982584562,953.5007466717028,944.3039637224772,949.9552628532282,2341.3676421156365
2024-12-02 18:15:00,942.9561064600136,947.6775810305385,936.0727596727427,939.6393529395042,9257.65542424204
2024-12-02 18:30:00,948.7124937410557,949.5609493277385,939.3270757694297,945.174442128711,4395.159509501481
2024-12-02 18:45:00,940.7326828746153,942.3393028974326,933.1457831581154,936.2645537781659,6421.266368953422
2024-12-02 19:00:00,932.2774525117476,934.3008908984153,928.4762216408366,927.4340437920049,1491.185661984495
2024-12-02 19:15:00,933.4896121043794,936.7212642869492,929.4564134224407,930.7668867099267,8180.067280367638
2024-12-02 19:30:00,914.4843211667264,921.6875012142846,911.6485202427975,917.4979802295965,6470.286614564857
2024-12-02 19:45:00,915.3728665541018,918.1377853840718,908.6106793112589,913.7969102972629,7494.554291280521
2024-12-02 20:00:00,929.6862168617108,940.353285987345,929.9102897031362,935.4751215473962,9017.593832335226
2024-12-02 20:15:00,925.6901239256396,925.9134342716642,917.644552202956,925.898824085788,7558.252382399749
2024-12-02 20:30:00,931.9908516584643,932.4229778815622,922.6813075634816,933.0621222880878,9792.183172976458
2024-12-02 20:45:00,933.7859708658879,931.8612541249882,925.4391953812054,931.3645918581914,1377.7537043459743
2024-12-02 21:00:00,906.7553092102888,908.8652508750023,900.6244675920155,900.4261886302181,8724.063249861838
2024-12-02 21:15:00,893.1024116279694,899.6144544351241,892.399018052301,893.2533461112246,7921.003952131605
2024-12-02 21:30:00,884.6678527251576,893.446630158531,885.6054043088452,883.7131296544405,2416.661104889982
2024-12-02 21:45:00,895.3777155025222,896.5026866778369,890.1444711685031,890.2485652488396,3421.773210682395
2024-12-02 22:00:00,891.0315977144272,895.4962830507645,885.6252526932674,896.5729254018898,3122.544664172946
2024-12-02 22:15:00,868.0239695933387,879.0187683715005,868.6158768691967,875.2382136138187,1067.1155900264275
2024-12-02 22:30:00,860.6015921149118,867.2814125876907,852.9302250254302,862.9268992947913,4095.803553102739
2024-12-02 22:45:00,859.1312495417133,863.8454200928501,859.5950545147346,857.8337388522242,6674.55590995578
2024-12-02 23:00:00,885.6168452461582,893.3797690247955,881.0128178654787,890.8898277364945,3081.1276885622456
2024-12-02 23:15:00,895.6655689860638,899.7334992704938,887.3068251786731,896.8188141899482,2743.6529605445276
2024-12-02 23:30:00,885.7577212548509,885.7617282024345,879.2940963106835,882.6646166685339,3545.963104844114
2024-12-02 23:45:00,889.6236523700999,895.952176456378,886.6061869833873,892.4563307026399,7003.596293816608
2024-12-03 00:00:00,848.0724616985423,855.7472155073169,845.3847043081092,856.3313809296667,4724.794126372945
2024-12-03 00:15:00,867.7255302180863,868.1813478299405,858.0887316502149,861.979450255744,2019.3834481967585
2024-12-03 00:30:00,869.1901097483556,871.8087045727425,867.1004774097411,871.4848583001299,4977.411460253281
2024-12-03 00:45:00,896.6293795956349,906.7716631718914,897.8714161819256,905.1820748966429,258.2258816728594
2024-12-03 01:00:00,917.3021853489192,922.0230374457791,910.9795178827127,914.3554238177995,2677.9300847020554
2024-12-03 01:15:00,933.4452207575424,941.2257186198696,934.9865704877541,933.0784201289462,7998.57997373635
2024-12-03 01:30:00,920.2865595653587,924.190466618716,912.2496357684306,915.0379691588216,1035.7425007555998
2024-12-03 01:45:00,928.72688671754,931.5169239686533,919.2812737964896,922.1120544260098,6007.691295674475
2024-12-03 02:00:00,934.6000606121898,939.8002690064899,933.4988211870871,931.6738844398454,3813.9619500481035
2024-12-03 02:15:00,933.1125459049916,935.9751339928788,925.5864245035201,936.2479258122463,4966.241728254547
2024-12-03 02:30:00,931.465030286376,942.2000640249732,932.7508547555411,932.577549237721,2441.0227784202275
2024-12-03 02:45:00,915.6936797979537,925.8039209590502,913.98721490612,918.4421221835486,9361.727424649338
2024-12-03 03:00:00,911.5639522951132,912.4054478736502,905.2343959144174,908.5155781169608,2345.5833404926348
2024-12-03 03:15:00,898.7339712162546,905.7950191153307,898.5336304190508,904.743413326098,7909.684328568627
2024-12-03 03:30:00,891.358981572643,900.7521454163758,888.3444433554475,894.2163612699284,6979.478056527166
2024-12-03 03:45:00,888.3546018260706,890.7575548566863,883.6828697371859,888.394836412327,2519.7073695463378
2024-12-03 04:00:00,877.3381598516685,888.7935305663029,874.4978541953326,884.8044605887989,4435.141013823112
2024-12-03 04:15:00,883.3338103126978,883.3424226964837,874.6718564571395,878.5478393023645,7865.485986278524
2024-12-03 04:30:00,886.7532559668501,893.8048970833012,886.8084839958601,891.9967713422983,8232.743695069297
2024-12-03 04:45:00,907.5621731033615,916.6261714904945,903.6773247543272,911.294493630642,750.4474732464869
2024-12-03 05:00:00,931.288680057137,939.0969916234518,929.9146620856608,937.0451493590737,8045.950929166411
2024-12-03 05:15:00,962.9753159393985,967.6419177445092,957.0622018767087,958.2942997802,4643.672446980433
2024-12-03 05:30:00,965.7709323062996,973.7700294854804,963.5967963637296,972.6908446968312,6036.390140451856
2024-12-03 05:45:00,957.2509843278815,965.4944915201731,959.0602832523124,961.645805634122,7300.634218548358
2024-12-03 06:00:00,963.0272874296071,968.5430933668599,956.9209080389289,966.249429671499,8264.695879214769
2024-12-03 06:15:00,949.9663231689307,957.6999094668084,946.0580455086917,949.4097864329921,7802.612805697427
2024-12-03 06:30:00,956.4976095572222,958.695625807256,953.0649754498548,958.9460294997612,9940.841959240131
2024-12-03 06:45:00,950.8103513023927,960.7733975259007,947.1984021297402,957.5794407623744,8752.518565291693
2024-12-03 07:00:00,952.3651641619768,959.77792195421,948.1729599505853,953.2716500387695,3451.661767422215
2024-12-03 07:15:00,956.4458462777601,962.4627097980926,953.9921295618282,953.0633717364735,9526.703743217031
2024-12-03 07:30:00,972.3574995208892,969.7498972485354,962.3842160496561,968.7164649240871,4461.705075483949
2024-12-03 07:45:00,972.6313207267866,975.790202084835,960.9538270964835,965.565836575335,1432.0988867407893
2024-12-03 08:00:00,959.495647698881,968.9846762669144,955.4853208222557,960.8788631829638,849.4230250794401
2024-12-03 08:15:00,973.0151841210352,976.4204390144904,965.1201262755388,966.669404869908,2781.4702857141
2024-12-03 08:30:00,962.5751061063415,966.2552731670066,956.0812171884262,954.3391902479174,5711.183361057223
2024-12-03 08:45:00,971.2007831509942,970.6742054038098,964.013803188314,971.033484649288,4697.2386419366
2024-12-03 09:00:00,954.6750680068984,961.5702245253298,955.7765454795427,961.6949747271167,5854.930974561666
2024-12-03 09:15:00,940.666647117866,945.8195971471047,933.8516774455387,941.0427610331593,735.6563944049033
2024-12-03 09:30:00,914.2678039197376,924.4678590114912,914.8555604335743,921.8303595783423,392.44578433248086
2024-12-03 09:45:00,918.4792496841328,922.6473339960387,909.1369797479076,916.974528306171,6075.002803818424
2024-12-03 10:00:00,937.1937677093651,939.9594199677821,930.1054339904452,931.4194922031742,3453.6318724995854
2024-12-03 10:15:00,931.8001901954399,936.8289374566098,925.7861435549517,928.5679295341986,5626.792186947272
2024-12-03 10:30:00,903.6125015918491,911.3987997200172,905.6781534641636,910.1232085862106,8909.413977232307
2024-12-03 10:45:00,884.5282000906685,891.8029120067835,881.4467090989327,883.9547177681957,1535.9539479229975
2024-12-03 11:00:00,882.4341127690723,892.8318906842095,878.5389101131874,884.1199020389458,8886.268849043878
2024-12-03 11:15:00,859.2309253820457,861.2932045672068,852.8562958317959,855.2980470426762,2174.1173395372775
2024-12-03 11:30:00,833.3881347670538,838.8825963551149,829.5105577558026,833.4254884898799,1778.328598268102
2024-12-03 11:45:00,853.8158293908062,859.9677634019725,845.3926302729418,855.6925675150602,6337.114265739288
2024-12-03 12:00:00,875.9601504287045,881.009707499173,872.5801839741177,879.2728181063115,4341.733576192117
2024-12-03 12:15:00,884.180049940992,892.7786895299445,884.9447527126684,893.2095665678779,1347.5040908304366
2024-12-03 12:30:00,903.9793237573483,905.9215932340774,897.2686735084641,897.8063968557227,4178.845669672295
2024-12-03 12:45:00,905.9509504057518,914.6906977215172,905.4928515432274,906.2350297139033,6245.3861013943615
2024-12-03 13:00:00,948.7419107584168,953.1590536036534,942.0720882868661,946.5356130742931,951.1311551510591
2024-12-03 13:15:00,958.1865234337582,963.8616373393385,955.1715247907158,962.578940200628,535.8198819381373
2024-12-03 13:30:00,943.3804898930712,947.8761034001332,935.1623228426322,944.4346968862095,7906.2652643873935
2024-12-03 13:45:00,951.6022550443446,956.9901078013685,946.3650383791907,955.8410347811305,5495.146875630989
2024-12-03 14:00:00,973.0174223035016,977.8785629558931,970.8390959779,976.8045140466546,7490.724906539742
2024-12-03 14:15:00,966.2385163152093,970.4552885886844,961.5267951817214,968.8740207350202,7013.252429673114
2024-12-03 14:30:00,943.7449686830561,946.7321092391642,937.8796298463922,942.2813835484395,9458.633847886455
2024-12-03 14:45:00,958.248124183657,967.2817772584482,958.1282598579714,958.9308903555819,9831.445817729289
2024-12-03 15:00:00,968.6823406338228,972.9593082495552,961.7367798601412,964.4575994838392,9107.876333521584
2024-12-03 15:15:00,978.938174339901,978.07426523444,968.9014692286402,973.2433428344343,7096.386568316904
2024-12-03 15:30:00,961.0313593350708,972.4097513190894,959.7287561962468,970.1614460357791,4300.055715466951
2024-12-03 15:45:00,962.6334442514742,970.0901922713058,960.4390637232345,968.2746105650751,5702.51008772823
2024-12-03 16:00:00,964.4968581001502,974.7984520323283,961.9772454281505,967.5767167264332,2018.4481368104027
2024-12-03 16:15:00,970.1012359757622,978.8870460866253,968.2698052150215,974.16250600026,4084.2419808546024
2024-12-03 16:30:00,967.4570317050226,971.9961274326206,963.4744526900804,970.4861579170104,5611.70169216576
2024-12-03 16:45:00,965.022787302286,966.7774909451708,958.1085305474575,965.0027736919134,4297.714205749647
2024-12-03 17:00:00,955.6608453783964,964.2235724746517,957.0124085632085,960.9842648941585,6912.306055397121
2024-12-03 17:15:00,955.6112517164892,966.5152052634921,953.0080781955135,962.1528080337742,3234.544688663952
2024-12-03 17:30:00,952.862918278412,961.719147398213,949.1161157436551,958.12790434859,1157.4985997548688
2024-12-03 17:45:00,981.1336854306129,989.2425191930313,981.3942691999113,989.147223697335,4943.261576241354
2024-12-03 18:00:00,1008.0835489048405,1008.2881157104988,1002.3398277809349,1008.9405776890087,4193.8473174033625
2024-12-03 18:15:00,1001.9319626575318,1008.5259675048682,998.5651042884382,1002.2404721511922,9034.949588400268
2024-12-03 18:30:00,971.4862140347836,976.6333712305482,972.414944409874,972.1775899688979,5353.180715881561
2024-12-03 18:45:00,967.5313024751869,970.0921383438692,960.0528199655852,964.391954399627,6545.598347186161
2024-12-03 19:00:00,955.8619371326605,965.1096388453428,956.2241574685385,960.809643826194,9265.888514119273
2024-12-03 19:15:00,964.3538452341464,972.1498433031512,961.1665369489792,960.2774100658128,9940.916166494446
2024-12-03 19:30:00,981.9692251511858,984.0990614840214,978.2786849051945,981.117647505701,3670.0406847666636
2024-12-03 19:45:00,974.6613359411763,980.4417073141055,973.1882906574727,979.1142606849974,9189.51142926832
2024-12-03 20:00:00,988.7623629024986,990.1493181010293,979.6935956648397,986.1176376245716,2428.238367645883
2024-12-03 20:15:00,990.6372353313012,1000.187671640889,987.9718252820937,996.9514415412327,512.8686215326086
2024-12-03 20:30:00,990.996854852001,993.2487405927267,987.0843438671014,992.9153161383797,367.25171666391003
2024-12-03 20:45:00,963.0489442773352,970.9814107611696,964.3556034846738,968.7590932709375,3199.3461460596673
2024-12-03 21:00:00,963.6717556165944,962.5795504259335,958.2419015810206,960.6670116112856,2737.20751467505
2024-12-03 21:15:00,958.1179014672967,958.0446452921788,948.7178755007998,957.9401271806734,5782.483009755727
2024-12-03 21:30:00,944.5175557223944,952.7761987435271,941.8093205472853,946.6022481098963,2039.119471518302
2024-12-03 21:45:00,967.2945805569142,970.2841756767577,961.5051467922082,967.1729893632245,727.6329524349725
2024-12-03 22:00:00,965.006232535145,972.2665855382985,966.3909801805667,971.8131550905255,3047.04271433398
2024-12-03 22:15:00,973.826424717746,973.9782545771559,965.023455840374,969.1053140536477,1076.8949708921937
2024-12-03 22:30:00,972.1443446071007,978.7438394325419,963.7343505438147,975.8215334844946,6256.137877487596
2024-12-03 22:45:00,956.3072914424465,964.2476547186149,955.3762458435265,958.6986871781094,1604.3375542248439
2024-12-03 23:00:00,929.0245953787731,936.1678195656575,930.5550943426309,930.0970525181239,2700.0991716998064
2024-12-03 23:15:00,935.8373432911322,941.3867092948394,929.1918818562077,936.2128267903936,7720.362146679729
2024-12-03 23:30:00,929.2671982019908,935.3486294939357,930.2843961477638,932.6799450639362,3467.6659920192574
2024-12-03 23:45:00,940.9742423907177,941.1961982366525,934.3594143375723,934.4888361000548,2493.5437321057857
2024-12-04 00:00:00,959.8752543747825,963.0950887576491,954.1815262699484,954.9004408016915,3128.976567099046
2024-12-04 00:15:00,965.3599841500833,975.4985928481507,962.4166731545018,971.0582257824941,5460.268275892952
2024-12-04 00:30:00,964.5739963236271,972.566731246386,962.3688313024359,964.8726884638885,2389.873218760045
2024-12-04 00:45:00,966.8710720230226,965.2005393467099,954.7033603905649,964.1339120337296,9577.51379788714
2024-12-04 01:00:00,976.5372136196617,977.0166745231552,970.7656230067232,971.4374071113514,3542.968023115272
2024-12-04 01:15:00,993.363464387347,1003.3405724738722,995.6223216628299,1000.3471936855389,464.4648204495288
2024-12-04 01:30:00,985.912963323578,990.3619607982722,976.4285742362871,978.9381810343198,614.3729548443596
2024-12-04 01:45:00,977.3124608260819,983.3669525245448,974.6311552702098,980.88681857407,8752.57724560157
2024-12-04 02:00:00,990.4843223797711,997.4840005072786,990.4829566709502,999.5616766289047,6991.620659252665
2024-12-04 02:15:00,988.0406771728835,989.8730199445106,977.600433031397,980.5504062900253,740.7239271587745
2024-12-04 02:30:00,1010.0539654618896,1018.1602137435247,1006.7136359466458,1012.4994214266819,5446.465758188444
2024-12-04 02:45:00,1017.3497572602993,1023.1401846471408,1013.4327420694733,1018.210516935639,1959.529173308016
2024-12-04 03:00:00,1022.7529050900412,1031.8761146183076,1019.3268946572657,1022.3535656057585,9539.258400024217
2024-12-04 03:15:00,1028.4969775686043,1027.6088728447478,1016.6878388133165,1026.8825424474471,9611.318238936901
2024-12-04 03:30:00,1057.9822841933455,1062.0769439886783,1053.1166571240842,1054.6076355393716,528.8687732406073
2024-12-04 03:45:00,1013.0429617662338,1015.3191122852223,1010.9554609443675,1008.0765153494298,9390.503416216667
2024-12-04 04:00:00,1025.1685147908056,1028.31131848053,1015.16440241722,1022.918847075276,621.6697115036017
2024-12-04 04:15:00,1038.4628331712204,1041.710320730624,1028.2245409583413,1033.4773577666251,2944.500873567711
2024-12-04 04:30:00,1050.1020283939206,1055.643033450862,1043.3238612032487,1051.3450263018383,3599.662835694633
2024-12-04 04:45:00,1026.6904596449313,1028.7111231597912,1018.3573011231503,1022.4774766120195,8419.836732705726
2024-12-04 05:00:00,1030.190372631934,1031.2148958643838,1026.7669267766266,1029.2794318954989,2759.659342677353
2024-12-04 05:15:00,1012.2721749364832,1015.6068369287722,1003.4349286297227,1008.9412336067513,6765.065096319168
2024-12-04 05:30:00,1014.1900070853513,1025.0516188007575,1011.1139125811098,1022.5043751632461,8094.711285227655
2024-12-04 05:45:00,1015.9256078958206,1020.8809371509144,1008.3247883540101,1012.7950941489398,8394.11484744393
2024-12-04 06:00:00,993.8968521281395,1004.8944042770266,991.3838355344886,1002.1403227462616,2026.0690483254045
2024-12-04 06:15:00,1011.3796374851216,1013.5875490754033,999.2355233221087,1009.5529160296013,8788.291938782184
2024-12-04 06:30:00,984.5378054590145,992.1848527106088,986.3136283914965,984.8495518564275,4395.071729581052
2024-12-04 06:45:00,1003.5853682695804,1006.4765342976468,1000.2032154426474,1007.684390144421,4132.607227727336
2024-12-04 07:00:00,1007.1626043289612,1010.918700363509,996.4212809649736,999.3009312377966,3705.3299173025225
2024-12-04 07:15:00,1043.4206187978023,1048.2054227489737,1039.1355935608203,1048.1252113122978,1342.9757479538957
2024-12-04 07:30:00,1035.9636781601473,1043.041637091263,1033.706524138615,1041.9531521342872,6905.447700081332
2024-12-04 07:45:00,1025.3891660064055,1029.0474213945965,1021.0766425448404,1021.241234968899,689.9675281175092
2024-12-04 08:00:00,1029.5459144486724,1038.5037177282345,1023.6811350840928,1033.0011978944804,5770.0574789576185
2024-12-04 08:15:00,1031.8155407437807,1038.657262904042,1028.3254760948962,1039.3401820761903,4368.055069862546
2024-12-04 08:30:00,1067.7975471255227,1067.7889934254372,1055.9884201096531,1059.0334677853223,9774.487584286806
2024-12-04 08:45:00,1065.6847722852272,1074.6194900748997,1062.3665894624812,1067.8371796897263,1849.2024887295138
2024-12-04 09:00:00,1095.8779751092834,1098.8764083436392,1090.1360005461056,1094.161261387736,8276.880474651882
2024-12-04 09:15:00,1093.0781347948252,1098.8759525643452,1091.8741921384335,1097.7573515936049,3774.34929750301
2024-12-04 09:30:00,1077.1327064824332,1086.794948356145,1073.3564792032153,1079.7464028294023,3237.026325094651
2024-12-04 09:45:00,1065.2656936327965,1070.1112010272147,1064.5621728242456,1070.6034700857042,3719.1495556438717
2024-12-04 10:00:00,1090.4819588531677,1093.8453024897822,1083.2572535706433,1089.536649892539,1988.2560070533186
2024-12-04 10:15:00,1102.2099725856735,1109.1259791707953,1099.6802635724491,1103.627000964786,977.5860586675855
2024-12-04 10:30:00,1118.7144678353172,1121.0578516612445,1108.244092722187,1111.7652039047211,634.9863312032273
2024-12-04 10:45:00,1101.0875077791893,1106.838002437529,1097.4362012028018,1100.9634738570069,6231.150286923233
2024-12-04 11:00:00,1101.764607121504,1110.927333363751,1099.9519613310613,1104.651832259839,5433.793169858995
2024-12-04 11:15:00,1125.624533928124,1124.6390199368973,1117.7321714279553,1120.9535083976195,7499.278862815801
2024-12-04 11:30:00,1111.3764756644175,1116.8374360134135,1106.6394925944242,1107.6070879263273,6284.412468923678
2024-12-04 11:45:00,1117.90664255522,1127.6663717503052,1114.1824070921355,1119.5679355978932,9012.110999739334
2024-12-04 12:00:00,1122.7416943491778,1131.6885284601144,1116.2385312560868,1126.5101236157652,5936.351980727707
2024-12-04 12:15:00,1122.3596718984163,1124.6976430147322,1119.1513341970247,1126.2855110583948,5241.72286289141
2024-12-04 12:30:00,1081.6132834212513,1088.1859647301853,1074.29590199322,1078.144682035771,7680.5529068905935
2024-12-04 12:45:00,1091.686462685348,1099.0538394298658,1089.4936894321143,1094.0722145544225,6741.187679603622
2024-12-04 13:00:00,1105.073413520065,1111.8806732616895,1100.8963216903217,1107.7085128934602,2395.7938734741797
2024-12-04 13:15:00,1119.9638726249088,1132.2108118230763,1122.3318399505622,1128.1805120309868,9647.014204145764
2024-12-04 13:30:00,1104.8219475449514,1110.3661893009642,1095.4032841605226,1101.7640573125195,1531.135190335147
2024-12-04 13:45:00,1097.3594764670943,1101.883214636615,1092.9124308294804,1095.9582505673166,4351.066307059327
2024-12-04 14:00:00,1094.0641720622098,1096.264517375161,1088.9249698520434,1091.3270986334485,6599.049215823422
2024-12-04 14:15:00,1112.9958481927783,1116.670922591541,1102.5709207679383,1115.0175363585722,8739.341310266767
2024-12-04 14:30:00,1108.9769374823247,1108.1878032007799,1101.7250282503685,1103.124923876152,9730.056513343656
2024-12-04 14:45:00,1084.348540941953,1090.8228825867052,1081.5154671091484,1090.1503105804422,3189.2321765472707
2024-12-04 15:00:00,1121.7567787056194,1125.7638152080044,1118.3721681101483,1118.591303370025,5208.259894687096
2024-12-04 15:15:00,1136.3766887618906,1134.6861037139813,1125.7816416195612,1130.89015793535,9531.993919887202
2024-12-04 15:30:00,1127.4477590466954,1133.5113838132067,1119.8694893184481,1126.1807393088432,5799.913854076156
2024-12-04 15:45:00,1141.4155024306817,1152.6405923493026,1138.2600644171237,1145.6209120088813,1343.1217212990682
2024-12-04 16:00:00,1144.0591317174863,1142.8867560440028,1135.7456796849945,1145.5135469528,8342.76087736573
2024-12-04 16:15:00,1145.654634781531,1153.8076557466502,1146.1485362804979,1145.8671002923763,2045.262203587279
2024-12-04 16:30:00,1169.5474198057418,1177.712455032223,1164.6109190927868,1173.8998609681798,9707.951337917459
2024-12-04 16:45:00,1155.7302211562544,1165.695675291639,1151.0187231572895,1158.312168887644,2686.4047037224404
2024-12-04 17:00:00,1192.3056070605928,1197.7516018254435,1188.0656766523596,1189.4381560991408,971.4812015588004
2024-12-04 17:15:00,1213.4257959090712,1213.2992936354808,1206.3412702573441,1204.5455985558299,7141.14757638379
2024-12-04 17:30:00,1222.3620533622086,1230.9667638524613,1219.415505453966,1221.8950311854624,709.4877402873273
2024-12-04 17:45:00,1216.4484883322777,1223.8165313901477,1214.7920416232907,1221.3581614493191,8468.929990867662
2024-12-04 18:00:00,1239.8852115426746,1248.140786658537,1234.974471659966,1236.8612702663715,8230.827130070356
2024-12-04 18:15:00,1264.9843100371568,1263.7746548795692,1252.8982996699663,1262.3757663709853,1020.6354239944534
2024-12-04 18:30:00,1265.5965434110124,1274.728219003739,1262.162685248771,1262.7159499385368,5171.465603502742
2024-12-04 18:45:00,1276.6258272526957,1282.7174290163348,1272.589564222349,1271.7933703186313,1803.405844282606
2024-12-04 19:00:00,1274.1367781746167,1277.5430743325069,1268.5766775495251,1276.1509154815385,5980.708100907977
2024-12-04 19:15:00,1256.7325785117614,1265.465287705073,1256.4654374876648,1255.6185354065449,2684.750220461225
2024-12-04 19:30:00,1263.805315682676,1267.1888141150641,1257.649135242546,1261.901574247617,7730.781471396459
2024-12-04 19:45:00,1268.745785291455,1266.6649148722227,1257.5298733063207,1269.3581307841014,1343.313990030721
2024-12-04 20:00:00,1289.2832225623781,1296.2163588044953,1287.2612597698296,1292.6725355215804,2911.9651100710294
2024-12-04 20:15:00,1295.9605936724995,1303.6760496850948,1293.5966269851453,1296.513316650451,1397.888662501969
2024-12-04 20:30:00,1303.4197045763187,1302.547984818655,1292.2465049034997,1300.4866292098131,3372.028504164763
2024-12-04 20:45:00,1301.4048080563084,1310.3761918763173,1298.9217769420063,1306.141175751113,2445.019390035391
2024-12-04 21:00:00,1321.01607357181,1329.5043202622398,1321.6867090672092,1322.960484237304,1279.1300670680632
2024-12-04 21:15:00,1336.6009076922098,1344.3831772249937,1331.8301562519428,1336.8398903263683,8175.749348184623
2024-12-04 21:30:00,1347.0446282281866,1354.3241182789448,1345.7406336609934,1348.3970172872819,148.49757858933052
2024-12-04 21:45:00,1337.194840566033,1339.3991633508879,1328.2423265217994,1337.4768458909575,7831.456521945241
2024-12-04 22:00:00,1343.875438398567,1341.140447921408,1330.9740813657336,1338.2440251980374,3043.1148513587887
2024-12-04 22:15:00,1327.8274717069257,1339.3198180752852,1327.1538989697697,1334.0615794721573,8265.390764423973
2024-12-04 22:30:00,1298.3453313468979,1299.9434162833963,1290.1863995416024,1301.2172651457072,8444.90285405414
2024-12-04 22:45:00,1285.0179614090578,1292.0895792668248,1280.2877628268977,1291.8766289088292,9901.65097162422
2024-12-04 23:00:00,1288.5226789484236,1292.1279834526003,1281.2891252561114,1287.3136351790613,2486.2053810692446
2024-12-04 23:15:00,1312.3108614361902,1320.6865849515557,1313.066650463937,1314.2978968565244,4674.2657635439955
2024-12-04 23:30:00,1328.6666732105818,1330.4563995886772,1320.0700370163997,1331.4475941623489,7672.219681832532
2024-12-04 23:45:00,1336.8812660071171,1344.9710189543973,1335.06082720426,1335.2719445261384,8384.70542490244
2024-12-05 00:00:00,1337.912657673524,1341.169297340129,1333.407667105755,1336.665003968316,6286.394275362597
2024-12-05 00:15:00,1331.6865472172803,1335.972243335719,1327.3800689444906,1326.5207168034012,8628.814725648392
2024-12-05 00:30:00,1365.1497454473513,1367.8832296495127,1357.2955170161788,1357.5929515009404,5601.857797670262
2024-12-05 00:45:00,1377.2993002951087,1388.0392232669049,1375.8563569513426,1380.9521206568918,3194.461333415669
2024-12-05 01:00:00,1387.0863682761574,1389.7706650857292,1380.3482124579464,1387.1150680171854,7839.163716023552
2024-12-05 01:15:00,1384.8434462428534,1395.5640166619346,1382.0613442787062,1390.5411158699578,5596.4532178315985
2024-12-05 01:30:00,1398.954559411173,1400.1910959396782,1391.262730130378,1398.1783030594509,6241.640486918912
2024-12-05 01:45:00,1391.424982321032,1393.435155031568,1380.8965561620653,1386.5912994431221,1861.9077682692744
2024-12-05 02:00:00,1380.194142747631,1391.9526141205058,1382.8694538065188,1385.6863568085284,9522.585416966938
2024-12-05 02:15:00,1366.61988072491,1373.0026493224163,1365.298494035241,1365.7295345584444,405.7265574619234
2024-12-05 02:30:00,1383.376083905882,1392.5159125307773,1381.998525375611,1385.7209997964542,9006.150903974625
2024-12-05 02:45:00,1386.3494674748147,1393.0551350542828,1382.6317784920834,1390.3237334892872,3559.6437742952135
2024-12-05 03:00:00,1391.9818768926314,1395.4007162027506,1383.170641561405,1392.5270381687246,9805.210128197406
2024-12-05 03:15:00,1402.005709359253,1410.3417766470538,1399.5219136831408,1405.9821921653343,9628.595828339403
2024-12-05 03:30:00,1416.6166815209315,1419.9389547528651,1411.4946607505212,1411.4450750871504,400.237607385529
2024-12-05 03:45:00,1438.8496890695476,1439.7575019421013,1428.905801758806,1431.0515867917745,3415.7688984126726
2024-12-05 04:00:00,1428.8072117018878,1428.786127876353,1420.4403595141143,1421.4074401212351,4727.971592103569
2024-12-05 04:15:00,1420.495510146759,1427.8450785488023,1419.523440889086,1416.750425956165,9757.150359700729
2024-12-05 04:30:00,1420.292645626625,1423.8972746390261,1408.3909695308294,1417.8733899575013,2764.661485100514
2024-12-05 04:45:00,1442.4582263768527,1447.139317286692,1440.5284124930304,1442.6430225277124,7998.536676227004
2024-12-05 05:00:00,1431.9669282499272,1431.1690558999137,1422.763441726038,1429.543046212841,6514.6970946972815
2024-12-05 05:15:00,1408.9205498934523,1414.5734279920603,1406.335423441497,1410.2997958628152,7690.248463958575
2024-12-05 05:30:00,1395.3830248645759,1401.1262805538086,1387.530883040601,1396.7305577784175,6990.363376292626
2024-12-05 05:45:00,1388.4201663933059,1390.863128013788,1386.2083678553972,1388.9359321763093,3591.3630718273066
2024-12-05 06:00:00,1398.9810780123637,1407.645578350342,1394.9582989745584,1404.3449287708572,3825.4708349913276
2024-12-05 06:15:00,1400.8506343742463,1407.4654495497518,1398.1473441646408,1403.094620643311,9195.030498259583
2024-12-05 06:30:00,1402.6837652247339,1409.675841948742,1401.0914224612504,1405.8543206839292,4934.6176671132835
2024-12-05 06:45:00,1417.0243916177706,1427.6267167513697,1418.0650812590493,1425.9101272777984,2604.7722226873184
2024-12-05 07:00:00,1429.2045633114053,1432.9021254112104,1423.2836408130581,1426.564778320715,2195.1625612986713
2024-12-05 07:15:00,1428.5993041395873,1430.7260713576782,1424.3867959733097,1424.1679815984928,4953.796126339825
2024-12-05 07:30:00,1411.8098380645138,1416.8103483762322,1408.849936112771,1411.413958210498,5085.013528644868
2024-12-05 07:45:00,1406.5832928473778,1408.3065031124588,1396.7823148956304,1405.5759399877477,4613.862611250363
2024-12-05 08:00:00,1390.7115079822563,1399.075261636936,1390.2290306882496,1392.9696923604636,2308.529465635819
2024-12-05 08:15:00,1418.7418028068223,1425.5026017564985,1413.625880858551,1422.792637810681,2771.6508648476315
2024-12-05 08:30:00,1415.851447342973,1421.6157918061053,1408.9436983135204,1411.3088601705595,5489.355986860572
2024-12-05 08:45:00,1395.9660443956645,1404.2604434486525,1391.356162258922,1394.7975288617154,2035.8844511672828
2024-12-05 09:00:00,1406.4114768022039,1414.7548306967078,1402.8422789068813,1408.9207350028398,6851.835462006127
2024-12-05 09:15:00,1396.6298152958661,1405.2625770182701,1395.1747379140331,1403.4755477362396,314.89939733162885
2024-12-05 09:30:00,1402.2919833214403,1408.0469959830432,1395.1325644786912,1398.462073923115,1286.7666035711081
2024-12-05 09:45:00,1426.194806612719,1432.121487808953,1426.5573676661816,1427.5711503093187,443.9637711337529
2024-12-05 10:00:00,1416.7499264463281,1421.0767108901603,1410.1224081651344,1416.369078040254,2324.0947369081596
2024-12-05 10:15:00,1430.384335217159,1433.9576143847196,1425.932921978695,1430.6695070345259,6757.2707071055875
2024-12-05 10:30:00,1400.8690539299016,1401.521132798323,1390.3123142968636,1399.1086451612173,3578.1476113633903
2024-12-05 10:45:00,1392.326994143414,1395.7893640891848,1381.873931846214,1391.1519290880735,8623.505190198499
2024-12-05 11:00:00,1365.6858165007136,1369.9532322783014,1358.8884251199254,1366.0964828317194,8902.301221977501
2024-12-05 11:15:00,1358.7611041116045,1361.1497629656014,1349.1159326623542,1353.3443007660762,3197.2006303793137
2024-12-05 11:30:00,1352.4821948253395,1352.7845800956281,1345.0000547108268,1352.485451965517,3547.2368656045264
2024-12-05 11:45:00,1361.8848962798572,1364.5042545955148,1355.512303882662,1356.0226260783859,4472.005760828625
2024-12-05 12:00:00,1362.3533365785502,1371.8442416448918,1361.483588284527,1367.3281462102877,6615.7582958106495
2024-12-05 12:15:00,1332.3118943153581,1339.1010305232587,1330.777149360295,1332.581227394771,573.5527728801674
2024-12-05 12:30:00,1343.5530933448488,1345.948161065479,1334.749748495957,1339.876526347517,6594.838153481809
2024-12-05 12:45:00,1324.0158695484927,1333.740335284341,1322.8859105972406,1326.9721267698517,8047.765674281938
2024-12-05 13:00:00,1332.1106916699248,1334.1345360441262,1327.9634781188017,1334.837314218354,8540.790456561932
2024-12-05 13:15:00,1341.1496361515458,1347.274322127904,1342.2078637766906,1341.8864072168442,4610.588165546117
2024-12-05 13:30:00,1335.598307902051,1345.42692952213,1335.7288189822332,1344.9110819702491,6836.577249265335
2024-12-05 13:45:00,1338.3994207738988,1340.403100419381,1331.0523204804272,1341.8737721724754,8683.615899499235
2024-12-05 14:00:00,1338.6797766142672,1341.4362694720303,1334.5918518506435,1334.6529368863705,6910.551336740942
2024-12-05 14:15:00,1340.551361005186,1349.8068593677895,1339.6813952600685,1338.999572731724,7218.985852960497
2024-12-05 14:30:00,1321.0166005278106,1330.5802259317547,1317.6134024017956,1324.9246158931753,6984.42723136265
2024-12-05 14:45:00,1327.579608734907,1334.9567877249406,1327.1350546313122,1333.0869647338154,7585.003637158151
2024-12-05 15:00:00,1354.018123803377,1357.1563627977885,1351.6136019041296,1353.2658271817916,5313.82634762478
2024-12-05 15:15:00,1376.4617308409238,1383.7039193278786,1373.2469101303145,1379.414106280836,1127.2396744235634
2024-12-05 15:30:00,1405.5346670355248,1412.2823799098312,1402.149097699873,1409.4328919750203,3603.2588953844665
2024-12-05 15:45:00,1389.4110303006562,1395.3898578402907,1385.8316622383072,1386.7594876838864,9597.885513627567
2024-12-05 16:00:00,1398.6986075129025,1410.605366669524,1397.7503868152646,1407.62550929699,2961.5402505883467
2024-12-05 16:15:00,1406.298922236196,1408.8330202850266,1401.7392665131074,1403.2971260320323,9409.946000197047
2024-12-05 16:30:00,1385.0665086983477,1385.1227917356098,1375.8520289075807,1379.0122260551273,8475.515144458783
2024-12-05 16:45:00,1373.6420575253053,1375.391415156254,1367.831136716991,1373.1154818725815,541.2614997856253
2024-12-05 17:00:00,1376.7543502377216,1386.7676109220197,1376.4833655559876,1381.6346833923658,4816.566506643172
2024-12-05 17:15:00,1387.409229475855,1399.6144638639657,1385.1314339480168,1394.6778073008372,5231.703129327766
2024-12-05 17:30:00,1400.5012187592413,1408.2386582320787,1397.5148403980463,1401.7332530707881,572.4129835192716
2024-12-05 17:45:00,1401.6963643771674,1406.712998948929,1397.8589619141528,1401.5200671186144,2167.0662368586154
2024-12-05 18:00:00,1428.1269656607667,1427.9227296929207,1422.0147565007717,1427.9426871171675,6809.107056756469
2024-12-05 18:15:00,1415.9352855699983,1422.0829191344408,1412.108577228754,1420.5742477578758,4694.388784003103
2024-12-05 18:30:00,1419.7551108188036,1420.9899949479593,1415.867982049784,1418.725083346793,5464.70447324194
2024-12-05 18:45:00,1436.436889437173,1438.2226647592513,1430.042013966804,1433.95006603188,1272.4583240473328
2024-12-05 19:00:00,1446.832298401871,1449.5972913185801,1437.982030551365,1449.3593672631546,2112.8614427136254
2024-12-05 19:15:00,1467.3246717403508,1469.9567213052512,1455.9245447133271,1466.0860718366853,9561.482142619576
2024-12-05 19:30:00,1468.1044285079697,1472.0372048903478,1460.5034439785018,1470.1755873928157,9572.21647609191
2024-12-05 19:45:00,1472.4355099440374,1474.8937234009834,1463.567850909796,1469.8669797765306,1906.058548520516
2024-12-05 20:00:00,1455.465974027755,1464.8734306707672,1455.7836681804313,1457.1970611848028,564.3415312770512
2024-12-05 20:15:00,1436.530434649988,1446.0714501677182,1435.025799077294,1436.6953460782565,2197.0613625873857
2024-12-05 20:30:00,1421.7958473572369,1426.9225318215047,1412.823872417007,1424.3055615133578,7188.037180309021
2024-12-05 20:45:00,1433.9590906398205,1442.9115638434353,1430.707414530162,1430.482344451119,4470.688763749353
2024-12-05 21:00:00,1442.5648269395774,1447.3675582348437,1438.052609608758,1439.4902695972148,4902.889828519714
2024-12-05 21:15:00,1444.0692849000834,1441.523141188957,1433.975141937925,1435.1953375134256,9267.002170486105
2024-12-05 21:30:00,1453.145843236286,1453.485427038363,1446.1086286419961,1453.3245667873778,3886.016740162295
2024-12-05 21:45:00,1453.903985622945,1453.8113938489855,1446.3442665319467,1449.6014760267433,1191.3777546669983
2024-12-05 22:00:00,1464.0715173601502,1466.2762792592973,1458.1074012398674,1459.2551154386222,8243.350686379425
2024-12-05 22:15:00,1479.871878901922,1483.1519096893498,1472.1319412097628,1480.9123670558606,5222.5066382747855
2024-12-05 22:30:00,1463.3724994704764,1466.8036300672798,1458.1564594255774,1459.2591980089935,4592.618039456812
2024-12-05 22:45:00,1457.1514985522992,1457.789700845696,1448.6129965510358,1450.0342658397594,2835.845043240845
2024-12-05 23:00:00,1474.162298620645,1474.4323114320116,1462.6676386888892,1468.904483227531,9425.21309656249
2024-12-05 23:15:00,1454.633459319252,1462.233122752364,1452.8195716696532,1455.1909029586966,6940.9885932239185
2024-12-05 23:30:00,1460.5493041005502,1463.9300748568708,1452.3875385431757,1455.4690355522216,838.7184241461499
2024-12-05 23:45:00,1447.2075229336642,1456.439896463527,1444.3804536550638,1451.7738009103516,4991.380485615759
2024-12-06 00:00:00,1438.4511894836396,1439.7018097420673,1430.4726545248616,1439.5229369600493,2492.9735654725832
2024-12-06 00:15:00,1450.3126615712783,1452.8991495877656,1444.4672286830942,1449.912559660581,9936.823987107016
2024-12-06 00:30:00,1430.9453542993724,1439.5199377592244,1428.5314013561429,1434.6627893364612,5205.565752036163
2024-12-06 00:45:00,1457.4432615979729,1464.3839378658845,1451.0609571623995,1453.8650045496595,6312.986098087294
2024-12-06 01:00:00,1431.958640255715,1439.4418419605313,1429.2690901586623,1429.4628611882315,250.10633877224632
2024-12-06 01:15:00,1454.6529552851491,1456.085986208957,1446.6369589757046,1447.1242870731576,3455.8531889991655
2024-12-06 01:30:00,1472.361174234518,1477.0334073874965,1466.6498740798454,1471.8411448546078,1051.0204810237728
2024-12-06 01:45:00,1482.908903521065,1494.2911223683584,1481.1922433458726,1490.4160562262407,2199.789205618258
2024-12-06 02:00:00,1467.4751464831756,1470.6216405549012,1459.9982182005908,1471.2268926944632,6937.835127582279
2024-12-06 02:15:00,1487.1901932062713,1493.688551486952,1480.4931603887414,1485.1272478732346,5927.008536832891
2024-12-06 02:30:00,1473.2234804250584,1481.3811900436735,1472.6364671374865,1481.4700197212003,8531.446690484652
2024-12-06 02:45:00,1470.81809282298,1478.279080057534,1467.5501116091123,1472.2084732193061,2108.252848172025
2024-12-06 03:00:00,1460.0154275494087,1465.8350136987024,1453.6920616493762,1458.5426532172205,1509.927122974257
2024-12-06 03:15:00,1465.5347520932116,1464.460592406589,1458.5744913753842,1464.9278115520026,3563.4724284664794
2024-12-06 03:30:00,1448.985284463152,1449.3287077929645,1444.2553556960506,1441.9840085871876,9311.725992261252
2024-12-06 03:45:00,1455.5599911678653,1465.3106122329525,1452.808632195471,1457.5699462740633,5389.915826093656
2024-12-06 04:00:00,1451.7957812513305,1454.6911351904964,1443.5583473656966,1448.8141273723002,4733.2201096482095
2024-12-06 04:15:00,1450.8103538139533,1452.656166063186,1441.4036001411562,1450.9197536565596,6643.0519994370525
2024-12-06 04:30:00,1465.3271928195275,1466.4862688528292,1457.707010292305,1461.6402566755305,7231.289075283631
2024-12-06 04:45:00,1445.9387649504138,1451.9079150466853,1446.391206691969,1451.855045070085,4552.7891289471145
2024-12-06 05:00:00,1450.8288389152187,1451.906556498961,1445.748941563153,1446.627026278302,8753.009646195878
2024-12-06 05:15:00,1409.7378062726505,1420.1419492260738,1410.1261043560148,1410.4049092237553,8048.601355112492
2024-12-06 05:30:00,1399.4224727621681,1405.466303946201,1397.1281242349755,1402.76489692265,3007.2312810274593
2024-12-06 05:45:00,1418.165286597472,1417.1493740319065,1406.324830575858,1418.534085857226,1864.0954669792434
2024-12-06 06:00:00,1411.8790249298017,1418.8136451491819,1404.8473680584777,1409.3039170947725,2003.3476069136111
2024-12-06 06:15:00,1401.7973388316532,1409.102886039554,1398.1865555628824,1403.1316022988624,8811.34322850706
2024-12-06 06:30:00,1408.0836778249732,1412.8004470090366,1401.8604506947897,1409.1778271825356,645.4339715385292
2024-12-06 06:45:00,1440.6144347727404,1442.5989914420693,1434.349602876663,1433.9712392545914,2486.9728895514136
2024-12-06 07:00:00,1445.8961377259823,1452.6890852212548,1441.2666894096008,1445.809413806372,7125.554335386766
2024-12-06 07:15:00,1441.055740035486,1445.6053078864852,1434.6004241065411,1440.2279905036344,937.7300820934438
2024-12-06 07:30:00,1442.2072070891481,1444.7753431206554,1437.4862759048974,1440.9762296515214,6335.168679342727
2024-12-06 07:45:00,1441.5557061544528,1442.4766195681523,1434.5571219582343,1437.383796911281,9030.880119857877
2024-12-06 08:00:00,1441.0595800254684,1444.937691925738,1433.9770668680762,1443.8748984292145,9649.171543882832
2024-12-06 08:15:00,1426.23378933781,1428.5720842575256,1419.533737824988,1419.4679175897409,4461.872922808721
2024-12-06 08:30:00,1419.3703081667106,1421.953506019447,1415.9081281437839,1421.4865717372224,3349.666301328453
2024-12-06 08:45:00,1435.2002469580966,1442.0225562160936,1433.9345841333113,1442.7471607262053,5708.074176500306
2024-12-06 09:00:00,1426.9119959748534,1430.211253779732,1422.9243964836232,1430.1404782229554,5482.150369786075
2024-12-06 09:15:00,1428.677697035895,1440.5925455941638,1427.7840915735233,1432.5306246199157,1679.929841865773
2024-12-06 09:30:00,1423.4494546235542,1423.6728302378049,1414.2190330221465,1421.4840682751326,9428.294779136197
2024-12-06 09:45:00,1407.9993920715829,1415.0355043499424,1406.5580748464881,1408.6109855748612,818.9934457838579
2024-12-06 10:00:00,1401.2960719600376,1410.6247327748408,1397.91670609802,1400.943840871534,6091.246021787471
2024-12-06 10:15:00,1429.899441514989,1431.6990607544365,1418.976198653593,1423.7607619827027,8897.500598049293
2024-12-06 10:30:00,1426.9362665700921,1433.2124778675582,1427.4412269826555,1428.812930974683,4296.218009048278
2024-12-06 10:45:00,1433.5849884712477,1435.9115733432425,1425.9330827353026,1429.2544852852984,3183.353298053884
2024-12-06 11:00:00,1430.5546298160946,1436.6323894391517,1428.5030466708056,1426.1331753549382,7731.3806549017845
2024-12-06 11:15:00,1402.6388860559723,1405.0679013504046,1393.349278353413,1401.2852281235314,3982.340893358931
2024-12-06 11:30:00,1425.1929199972783,1423.9618585421676,1417.7937329390813,1418.3414330423036,8308.351368174304
2024-12-06 11:45:00,1427.9981971259124,1426.2880839456527,1419.885699423828,1423.7197520743455,8750.94984669092
2024-12-06 12:00:00,1448.6533181844004,1451.4272839340347,1444.9020780224866,1446.4624289574792,5193.2905329575715
2024-12-06 12:15:00,1465.5267764891184,1468.52179845117,1460.9351508588525,1463.5913391244053,281.21021460924203
2024-12-06 12:30:00,1475.978144502343,1488.3878433425893,1473.8292943855736,1479.9170985512376,8570.26312712606
2024-12-06 12:45:00,1489.413248158356,1492.3913794065381,1481.3957884044407,1489.3471781249827,4183.279595378228
2024-12-06 13:00:00,1475.5875265176694,1481.2805536604722,1475.036273381279,1477.4000158769054,3293.4251400806997
2024-12-06 13:15:00,1471.532570235912,1478.2702633191022,1467.3614593761781,1473.504001095529,6427.922748556246
2024-12-06 13:30:00,1486.2862784222955,1492.858607369484,1480.268706292954,1488.3290855180257,785.4508550926412
2024-12-06 13:45:00,1482.2581931935408,1486.0385332279316,1477.9509821501408,1478.5000093999117,342.3426558533938
2024-12-06 14:00:00,1482.2647444607037,1485.3654936951066,1473.2461367925282,1476.0895265858646,3963.684522305256
2024-12-06 14:15:00,1487.4724425661193,1492.6620736288562,1487.4027254996079,1494.1333702326476,5552.58077536998
2024-12-06 14:30:00,1524.0793021917837,1524.9287269265644,1520.0106382387678,1517.528766381898,7543.22843469626
2024-12-06 14:45:00,1521.4547272399461,1525.0502767368657,1514.267451682868,1513.139759468591,7573.969194191516
2024-12-06 15:00:00,1531.1764197908462,1541.9303329320508,1530.7323171564983,1538.823364880657,4314.875010129556
2024-12-06 15:15:00,1523.1175725981075,1523.3500884029718,1514.7310778061697,1513.6056421842648,1032.344460028712
2024-12-06 15:30:00,1506.168523038811,1512.2676110618752,1498.7840617018696,1501.0202615160113,6871.529479428297
2024-12-06 15:45:00,1507.1360957523923,1507.5134354163545,1497.7016771123972,1503.3843379795426,3040.13935994335
2024-12-06 16:00:00,1490.3839440728073,1502.6827326153718,1490.215801144892,1494.6047954130174,6377.208945774427
2024-12-06 16:15:00,1533.9628449615923,1535.7221141511088,1523.9417445391339,1529.978073153151,1458.2737517833957
2024-12-06 16:30:00,1510.5764851668323,1523.029270857654,1509.2316342704064,1510.3613461509206,3224.162677879534
2024-12-06 16:45:00,1503.453521047657,1503.6126055887594,1496.4421621366726,1501.091609393776,1195.094547293885
2024-12-06 17:00:00,1491.7981254093725,1499.5257317050387,1491.254565975901,1493.3338950304997,8721.967062077932
2024-12-06 17:15:00,1527.6709224526967,1528.6627184836598,1517.9818119903912,1527.0220784591431,2490.298711653765
2024-12-06 17:30:00,1545.2428770387849,1553.5152691338153,1541.0970493952516,1541.7303700999098,9822.903439110518
2024-12-06 17:45:00,1529.1885791652433,1533.6802204216235,1521.0510514612104,1531.5245488388946,2870.6220153791405
2024-12-06 18:00:00,1536.9712467264756,1538.178263097153,1528.9091357785721,1534.7232817796512,5620.108447240712
2024-12-06 18:15:00,1535.762138042119,1547.1430109271487,1536.8693844391355,1540.963333719618,4181.741334300013
2024-12-06 18:30:00,1537.9191764788243,1544.9923806649413,1531.2792848869583,1536.5196323500802,4213.330899892074
2024-12-06 18:45:00,1539.4364592641896,1550.2001815539147,1539.761716674434,1546.9547782746624,2341.733239570227
2024-12-06 19:00:00,1534.9779462410647,1545.501380366549,1533.1308649736854,1539.2210326985955,6388.114580156042
2024-12-06 19:15:00,1518.2993820042489,1522.9168711485256,1510.7680898315862,1518.8530799871342,2937.0840296897145
2024-12-06 19:30:00,1517.890419949086,1523.89596211743,1515.1709905703576,1516.0262611594978,9203.612438518876
2024-12-06 19:45:00,1497.5354848405955,1504.8121470675935,1492.4605717748211,1500.8123623788604,8935.237443986207
2024-12-06 20:00:00,1496.4652713715989,1497.7780422072271,1491.3085237107086,1497.7728161940672,3251.575236973415
2024-12-06 20:15:00,1468.3547988644834,1469.8250063506152,1461.2675825743236,1459.7360676635449,7203.919519955854
2024-12-06 20:30:00,1476.8715446201813,1483.4362355197384,1474.5785374493435,1478.3139660834106,3278.5296652752545
2024-12-06 20:45:00,1446.5867162640398,1457.4244067819423,1444.0268907734803,1448.9021417620054,4800.144248797881
2024-12-06 21:00:00,1469.395095351845,1479.5737820601817,1467.7030869399116,1472.0700744530113,8615.850424400598
2024-12-06 21:15:00,1462.1957449366105,1471.6497995318066,1459.3440363022085,1465.5470699648847,2165.7988297585416
2024-12-06 21:30:00,1473.1461523390763,1475.7844834156829,1467.73623165689,1465.419220193699,2398.0538452364326
2024-12-06 21:45:00,1470.4451464115855,1481.9181734934714,1472.0679306698687,1472.8099671913433,670.295444128264
2024-12-06 22:00:00,1470.597444158684,1471.4822877547715,1461.2160559094186,1467.034680518532,6604.385637396318
2024-12-06 22:15:00,1447.6715933032008,1451.1833783874492,1441.3438587533856,1444.4306272709898,7679.611581923142
2024-12-06 22:30:00,1443.4546924613946,1451.1557762680645,1438.63086758106,1441.4585052306472,8443.920564130767
2024-12-06 22:45:00,1443.6500339455968,1455.1457902721124,1442.761504453632,1444.519790546457,6970.39776958643
2024-12-06 23:00:00,1455.0166497444893,1463.9525614176887,1451.2564243835275,1458.7410195524874,1515.8606367715795
2024-12-06 23:15:00,1475.250005456515,1482.8613526007243,1474.3728949620306,1482.9129663612594,6703.5118910507435
2024-12-06 23:30:00,1474.8065690420995,1483.2699293614185,1471.6209581870423,1472.0394813645464,6001.494801236275
2024-12-06 23:45:00,1489.6532278352088,1489.9272045144758,1482.8508068025421,1490.5612491009135,8324.022734466873
2024-12-07 00:00:00,1460.6358303599447,1461.9819392037416,1453.9878268814687,1456.1705491803796,3600.2568669955795
2024-12-07 00:15:00,1449.1533857259587,1454.97448526369,1445.030881830176,1448.4844892979916,2376.2929409848043
2024-12-07 00:30:00,1438.8676279330166,1446.2103200878478,1433.9819922609106,1443.1279242745109,9923.885456336573
2024-12-07 00:45:00,1416.708827957796,1424.4537288249057,1412.4771848208636,1415.1678280286687,6244.192716062351
2024-12-07 01:00:00,1440.0118249848317,1440.2800879843724,1431.9182712024822,1432.537124267087,8259.505403926476
2024-12-07 01:15:00,1441.2096571540035,1450.3759376692976,1434.8937807759644,1442.1118784546939,1149.1693864723916
2024-12-07 01:30:00,1435.7998021888557,1444.057677356409,1431.1490113090974,1442.7910854855165,7913.16886178608
2024-12-07 01:45:00,1456.6225916767003,1466.5753571082676,1455.398455904469,1462.540853687391,3902.179273784629
2024-12-07 02:00:00,1475.5308430845164,1477.8735070054704,1465.935617305116,1473.7128672189274,2888.606497456569
2024-12-07 02:15:00,1473.6338457785155,1476.5424537947558,1467.2814728885342,1476.9115621705616,5247.923535087046
2024-12-07 02:30:00,1458.9044583046136,1466.1328934596552,1454.9874918563596,1458.2646596040345,4153.846975605094
2024-12-07 02:45:00,1490.6946532042032,1488.9693977011668,1481.6958388675355,1488.7654572114232,4444.919533156632
2024-12-07 03:00:00,1483.9085371185004,1487.8484240086511,1478.6844688200295,1478.0689034885029,6481.7686556932085
2024-12-07 03:15:00,1496.7140901132348,1498.795722315978,1490.5518361731324,1496.04211615271,7158.491126925373
2024-12-07 03:30:00,1511.2663595214947,1515.810813506678,1501.4828082467532,1508.1926434872573,3395.728251604742
2024-12-07 03:45:00,1515.104574807298,1523.8993472021266,1510.9535582226968,1521.0774100231968,8117.673769803241
2024-12-07 04:00:00,1518.7715929369144,1522.2646926774119,1512.3347478780788,1515.2784047589653,2333.495629852216
2024-12-07 04:15:00,1521.2818726062926,1523.3107409307836,1514.360646625553,1515.2830388234418,6396.375387491175
2024-12-07 04:30:00,1532.3223571637689,1539.8942727615504,1530.1202954270827,1535.2105148296955,9546.905118730923
2024-12-07 04:45:00,1544.685864116587,1551.084245119095,1537.5604613788075,1542.4376372005604,2057.510155419618
2024-12-07 05:00:00,1538.8038242799435,1537.3313651250648,1528.2616838712925,1538.4836749114131,524.8363720284506
2024-12-07 05:15:00,1540.1339742481255,1549.633052909327,1540.505927160587,1544.1959305608968,4488.087518348214
2024-12-07 05:30:00,1542.985259774842,1545.3531749045344,1537.0319216109008,1546.9169400136193,2464.0543535555307
2024-12-07 05:45:00,1551.7754478875472,1557.3138987588864,1542.4683529710608,1547.5942090107244,3775.3087417507586
2024-12-07 06:00:00,1557.2716740316985,1565.713548480273,1550.9105297909446,1559.6114129511311,684.9762171721297
2024-12-07 06:15:00,1589.689537421482,1596.3698506044082,1584.6517628186762,1594.7860969770463,8290.773509444844
2024-12-07 06:30:00,1569.2990084847463,1574.431102115337,1568.5231452028322,1575.2128292333555,9572.882636730415
2024-12-07 06:45:00,1586.3040006006568,1587.504400210149,1577.6169797596974,1579.293631948813,6724.160401981046
2024-12-07 07:00:00,1580.6324696566637,1586.07808448952,1577.7966049169333,1585.3538419385557,7704.94561276891
2024-12-07 07:15:00,1616.252887181546,1614.802593412316,1607.1266405758474,1607.9768027708915,1156.136340977882
2024-12-07 07:30:00,1624.9673785239734,1627.129359778066,1616.3945664944522,1626.5340083289752,2800.275939737449
2024-12-07 07:45:00,1605.7830233422897,1611.8354559072432,1601.314615511363,1604.66136417231,5785.607107120029
2024-12-07 08:00:00,1613.0682206314896,1617.653637491734,1604.9218270351003,1606.5056648648685,8537.115759366663
2024-12-07 08:15:00,1606.3274241207064,1611.699266881674,1601.6421211194086,1607.4697471099066,6509.99861186108
2024-12-07 08:30:00,1601.3134131705294,1610.8606627793392,1601.0838855342765,1602.6170104363734,2671.8621612324027
2024-12-07 08:45:00,1578.6232506398358,1587.071005047515,1578.9823874563342,1581.9708887390093,1738.9178328884834
2024-12-07 09:00:00,1573.5572947859796,1581.586423408252,1572.421460348213,1580.1591803374943,9101.268368787547
2024-12-07 09:15:00,1583.510502405937,1586.5671896764852,1574.6937196818624,1583.2444510087896,6828.038937680426
2024-12-07 09:30:00,1579.9689645601018,1584.9855073209114,1579.91953994098,1585.7149463641263,5488.198016305536
2024-12-07 09:45:00,1566.9995319140814,1574.5798942870717,1563.791884276709,1570.818298438445,8727.51562568769
2024-12-07 10:00:00,1597.4184975050118,1607.6142153172052,1595.9065382881777,1600.0287680075069,6911.375279352188
2024-12-07 10:15:00,1584.1128692174134,1590.343757163222,1583.4169857454935,1585.9947420291157,105.83536641240997
2024-12-07 10:30:00,1591.3935565882452,1595.0310620613554,1585.1067775854474,1593.2058745761306,9629.04299162559
2024-12-07 10:45:00,1601.3700754551483,1604.516624061776,1596.5754294451394,1602.8488035964094,7251.227982482873
2024-12-07 11:00:00,1603.2683235464867,1604.700685548823,1593.8754288490563,1604.6173068543144,9482.902100922973
2024-12-07 11:15:00,1614.5847188586174,1623.7110914260702,1616.3919340302868,1619.8841750543463,3222.7491147462424
2024-12-07 11:30:00,1632.0778390138291,1633.7272202871804,1629.5105282293505,1628.412822120125,8733.345118372714
2024-12-07 11:45:00,1624.926500258076,1631.0880322535365,1618.672252954915,1627.6215035122298,3425.978018917273
2024-12-07 12:00:00,1621.2599665676648,1621.0798899113058,1610.78684481087,1613.4065656044602,4644.662004969185
2024-12-07 12:15:00,1613.7392192873074,1624.5173332549618,1614.8791364066713,1620.5781088728952,6578.709552450108
2024-12-07 12:30:00,1622.1884810093866,1629.7483606076194,1620.841016064093,1620.1353878572697,4774.422092379278
2024-12-07 12:45:00,1612.2223950199968,1618.8774939830034,1610.0159593873577,1617.3871279840323,8042.513380735722
2024-12-07 13:00:00,1632.9334531123784,1632.292513320499,1621.5765637527384,1626.9292589160716,5066.363654083614
2024-12-07 13:15:00,1613.4640485207642,1624.608060997636,1609.9499090936388,1622.7725858145839,4462.962549254561
2024-12-07 13:30:00,1632.5519001161736,1639.447134102341,1629.076449571196,1632.5191900014206,6851.996889801709
2024-12-07 13:45:00,1667.2049598970086,1665.7604183347419,1655.328771777144,1662.2690150746823,4233.686465895374
2024-12-07 14:00:00,1669.9320599529522,1675.2825280205827,1668.280434634218,1675.2680890984434,4932.717477898116
2024-12-07 14:15:00,1685.4061013223243,1691.460480662056,1682.4869521664295,1684.4018267100166,7284.568370868857
2024-12-07 14:30:00,1680.1765117673876,1685.2403196664245,1674.3478758574909,1678.2493539307486,5281.788849726517
2024-12-07 14:45:00,1655.0321377473072,1656.1185342533654,1642.9390065410366,1655.5161442145068,5671.095191770947
2024-12-07 15:00:00,1647.1471608472964,1649.513125675428,1641.7298172880792,1645.4449708772938,5997.777433709203
2024-12-07 15:15:00,1641.4592206686461,1640.917110426171,1631.5862926933858,1631.6930167783485,5062.6517494335885
2024-12-07 15:30:00,1630.27584110887,1635.3368963722803,1629.6205067507808,1635.619936361472,3885.0074868499482
2024-12-07 15:45:00,1666.971586031263,1664.9972310075516,1660.8300100248305,1661.8982393528418,8608.269615864712
2024-12-07 16:00:00,1650.6504492114263,1658.1142301714765,1651.5984625390936,1651.0917171432757,5378.30196414623
2024-12-07 16:15:00,1645.6481529176083,1654.609084967201,1640.1749106582836,1652.136023871124,7156.322406934037
2024-12-07 16:30:00,1677.3860351771214,1685.1793006588987,1678.4079294272033,1684.5398711024025,9762.75684567011
2024-12-07 16:45:00,1684.4123866131151,1684.7259817228849,1676.2316884768316,1680.1256700338354,8300.434887331268
2024-12-07 17:00:00,1659.6897102007244,1666.2457793784365,1660.8816054205136,1661.411850231948,7321.135049562048
2024-12-07 17:15:00,1659.9207205745677,1667.6910376474493,1657.451101260436,1661.087132729432,3259.1280453636323
2024-12-07 17:30:00,1642.3251585993023,1650.7689723530032,1640.936569748835,1647.5343437194692,6738.024033051556
2024-12-07 17:45:00,1646.2620601179867,1656.1729452435436,1644.5354132395905,1650.366531307876,5446.0595920858395
2024-12-07 18:00:00,1632.310817886974,1634.9977726606592,1623.764941833154,1629.171313143643,8376.569394356324
2024-12-07 18:15:00,1611.3951895686641,1616.3111270310305,1609.889015847547,1616.985971020567,6433.946565231728
2024-12-07 18:30:00,1609.1724922914218,1610.8805671517118,1599.4808241826704,1608.206438619649,6551.61250277411
2024-12-07 18:45:00,1571.683650478255,1578.0317027966785,1572.2243497947316,1574.7867301627434,7683.277878561305
2024-12-07 19:00:00,1576.9786758390333,1580.6445467212532,1565.5703683120366,1570.7153375362711,1031.3001431197436
2024-12-07 19:15:00,1586.817573153893,1590.1222315525781,1579.596852647917,1582.8585720158321,1966.6203432553784
2024-12-07 19:30:00,1553.9956683816874,1560.0084117595597,1550.4165696990526,1552.210644181003,1270.7683198443804
2024-12-07 19:45:00,1566.3639303669609,1567.0639524378746,1558.1409004388765,1568.4920746295586,7028.976192495386
2024-12-07 20:00:00,1566.176645541598,1569.9043129074428,1557.5265981082423,1559.6154691863512,2245.0448488474244
2024-12-07 20:15:00,1602.1980484483458,1611.2281458894734,1596.0790095194347,1603.2468819761611,6826.013117206369
2024-12-07 20:30:00,1606.3604927979775,1610.615646375782,1599.4060117841318,1606.6798150973902,7283.716373073468
2024-12-07 20:45:00,1593.884313177769,1601.1316829304462,1590.098921016864,1596.3164587446558,2453.797367120466
2024-12-07 21:00:00,1603.2896644274326,1606.9978107029867,1598.797273188969,1598.2947116804382,6303.568862377396
2024-12-07 21:15:00,1609.3797557736468,1612.356657770345,1601.388927824891,1606.1921298721647,2015.1333237356466
2024-12-07 21:30:00,1598.1756860007033,1600.3649970005042,1589.8804169705427,1599.8980618566352,6064.054665472939
2024-12-07 21:45:00,1607.6022220910831,1615.347529194749,1603.7238562043358,1609.3978845604581,908.5474886467828
2024-12-07 22:00:00,1591.245469307619,1603.5437894256747,1587.9239910825384,1597.5541463978427,2373.138580203469
2024-12-07 22:15:00,1626.9445387192216,1630.5371692457952,1622.6985868587137,1622.5759455262,1763.5586139082266
2024-12-07 22:30:00,1631.0350712598886,1637.4930221683662,1625.1286727813042,1635.0339406196445,1384.08759676328
2024-12-07 22:45:00,1629.1893028727598,1639.8383374256014,1630.1778381910112,1628.0686278399794,8409.226963613106
2024-12-07 23:00:00,1604.1363321139345,1611.7344160382927,1606.6203220832865,1610.4629263276333,1894.3205616692405
2024-12-07 23:15:00,1612.2706804161296,1610.6051926017008,1601.6064138496404,1611.056685349715,1917.7170688873698
2024-12-07 23:30:00,1593.252261316443,1597.6425529279704,1588.6890340623038,1595.3511627613236,4767.864110592636
2024-12-07 23:45:00,1593.164822679157,1602.59443128341,1591.9812098951481,1597.085328710907,5360.164200489701
2024-12-08 00:00:00,1614.7900852293394,1621.0038091699428,1608.7877651296797,1613.4262636693898,346.3503252395336
2024-12-08 00:15:00,1612.5518404280078,1618.3224664876352,1606.2582543338353,1616.711649141696,6790.935763841216
2024-12-08 00:30:00,1600.1925651367867,1608.4217718759899,1595.4990207852143,1600.7382944014325,2353.101655588784
2024-12-08 00:45:00,1578.7039744662407,1583.110332402153,1573.3714398680147,1577.980938996956,7639.7948482967295
2024-12-08 01:00:00,1572.9916268333286,1579.969390552364,1568.0469208285633,1573.0729878159011,3569.5392227949087
2024-12-08 01:15:00,1555.5981139098076,1557.3197431785732,1544.4944628589703,1552.0684390164956,8814.384595447604
2024-12-08 01:30:00,1513.1919364633284,1520.2497826580372,1513.68253521377,1511.065938748991,7023.611271929351
2024-12-08 01:45:00,1504.0923253375743,1514.0741714089454,1504.0604691225963,1509.2643854964629,283.2349058388247
2024-12-08 02:00:00,1498.553963569955,1505.7262377096251,1498.179159853851,1500.0619661412543,8040.128956815541
2024-12-08 02:15:00,1498.334480506536,1508.1054898254963,1492.6287772673988,1500.894091034177,196.6805751625264
2024-12-08 02:30:00,1507.325459999221,1519.2108367758303,1505.5517329390614,1511.5752929936282,3220.6761787606547
2024-12-08 02:45:00,1524.4358541437766,1525.4436099250813,1519.7661581282048,1518.8809611826136,9670.792907937384
2024-12-08 03:00:00,1512.8520756599498,1519.227497390758,1505.0615859820412,1516.6269656842303,4205.645331756654
2024-12-08 03:15:00,1478.2096638886383,1482.466080733309,1472.403601315674,1477.2429497550347,9408.444272086192
2024-12-08 03:30:00,1488.9261737621875,1495.5269833215084,1490.0761168244132,1491.7343288594411,1627.5919391498812
2024-12-08 03:45:00,1512.9028368482655,1514.6257822792968,1500.6223999441763,1505.2916707589277,7362.033951194554
2024-12-08 04:00:00,1506.7320198272973,1510.7500086214557,1505.2904771224812,1511.7834692616423,6925.166813553891
2024-12-08 04:15:00,1503.985703970024,1513.5820466195612,1499.8722717652145,1506.0341161648523,2115.229533460325
2024-12-08 04:30:00,1507.9025809241944,1515.0664729839075,1508.039938866313,1513.3441401834255,8941.765689953338
2024-12-08 04:45:00,1502.524720876527,1510.609998652038,1497.190973920616,1502.5001080458044,7072.104974805792
2024-12-08 05:00:00,1496.3404751300636,1497.1356006607248,1490.3419567874437,1495.1639293514352,8631.421863832878
2024-12-08 05:15:00,1486.9282225536288,1488.8429991776652,1477.0020727520268,1479.5535531207613,2823.4315735353507
2024-12-08 05:30:00,1470.7901911510132,1480.1435705620602,1468.51808718236,1473.9869126211895,3530.3423303037566
2024-12-08 05:45:00,1472.840773671995,1471.4166124482003,1465.106521594101,1471.3515034460745,4690.929032971993
2024-12-08 06:00:00,1467.9045790139935,1470.6850399046998,1458.5202135616698,1460.289108332655,1875.039297689648
2024-12-08 06:15:00,1432.3200851161419,1432.0343254087552,1421.7816565632081,1433.9793575936699,9676.752994476503
2024-12-08 06:30:00,1442.6887458211847,1444.4338218371702,1436.254951072779,1446.7608801459978,6991.035345495656
2024-12-08 06:45:00,1453.1681709784746,1453.2803295389137,1445.21562143917,1446.7396846241834,3259.763758321134
2024-12-08 07:00:00,1442.245081526186,1449.4695293415436,1440.6014942645418,1450.4664081506478,5680.79973665906
2024-12-08 07:15:00,1434.527318635519,1435.1828543018087,1429.167452822519,1429.6105094443424,3292.7960029880305
2024-12-08 07:30:00,1410.9847859244155,1414.8912166702526,1402.7180530180965,1415.4258276423852,9720.393532741102
2024-12-08 07:45:00,1419.7571077640905,1424.309567293269,1412.898113774321,1416.5051539328167,3925.102980142529
2024-12-08 08:00:00,1398.579320461276,1402.4263751827193,1394.0840612460556,1397.1434475239769,263.83026153308447
2024-12-08 08:15:00,1393.1038545969714,1400.521267830064,1387.7228047651186,1392.4073832920521,573.4425122399208
2024-12-08 08:30:00,1389.3746074039966,1396.9457457442809,1384.9385355808993,1391.796171871114,7183.753051519188
2024-12-08 08:45:00,1368.3745861265747,1380.2953971354157,1365.4364374298093,1376.2319783893136,5324.583898902916
2024-12-08 09:00:00,1389.977074276483,1400.4533201947263,1388.5771945199383,1398.0476585554052,1327.010845087918
2024-12-08 09:15:00,1430.624768432989,1437.3135942488461,1428.1234214352705,1436.2545297367228,3652.392301517451
2024-12-08 09:30:00,1453.1573329992368,1456.4005194867143,1450.3504824754784,1456.2955444144318,8666.483584868303
2024-12-08 09:45:00,1448.468362550221,1455.6358490698724,1445.3599596657048,1453.5423928972496,8627.488463735199
2024-12-08 10:00:00,1463.592271088429,1468.2730708837414,1458.3360384339346,1464.854645379084,2863.292755359213
2024-12-08 10:15:00,1479.415679640132,1486.303500088387,1475.627471766112,1483.4716838628572,8749.884481007219
2024-12-08 10:30:00,1468.7809708350997,1472.6009003174986,1464.7012212671739,1473.2585965045291,5598.66712183338
2024-12-08 10:45:00,1488.2395066867796,1490.562311495997,1476.9693790463448,1481.8980319683576,964.9978044566094
2024-12-08 11:00:00,1485.5082739661193,1490.5392749782773,1478.9623528234918,1487.4066263572274,1025.261218456468
2024-12-08 11:15:00,1478.9092220636599,1487.3409310619388,1476.6260723586581,1479.4873517349008,1653.1024804811505
2024-12-08 11:30:00,1461.0515743013684,1463.4516741364769,1450.0004411436994,1457.9676032244265,8693.97058778278
2024-12-08 11:45:00,1480.1307573648671,1487.130658470508,1479.635657393969,1477.3089275537411,4679.111678442616
2024-12-08 12:00:00,1490.5353371457645,1499.0276269207939,1488.2018893199847,1493.737395942284,1307.382680187142
2024-12-08 12:15:00,1518.1405215275738,1517.2408866674689,1506.7209357422687,1518.3156760129386,8608.32669322709
2024-12-08 12:30:00,1519.6756063527982,1521.7100203109305,1509.2833645184407,1512.178207304104,4684.200253196886
2024-12-08 12:45:00,1498.0661280337504,1508.3148094500107,1500.0736701070555,1504.2236403954496,4366.908748251719
2024-12-08 13:00:00,1520.6090647371452,1523.075003328671,1510.5434442120286,1513.8826459662034,9677.692176611192
2024-12-08 13:15:00,1518.8157945293988,1523.9049164835255,1516.604190239395,1521.756673906211,8220.418095501249
2024-12-08 13:30:00,1533.672581130285,1542.9247826752103,1532.770172957337,1535.9940166300926,1484.4055641705852
2024-12-08 13:45:00,1519.8587260945371,1528.0632310643543,1517.4568250006103,1528.024378580207,5092.242910531207
2024-12-08 14:00:00,1501.3993224532983,1510.8581642690897,1497.9929031187191,1505.8900706114014,7218.094253210656
2024-12-08 14:15:00,1479.3634987159567,1486.357853466741,1473.8276350046729,1480.1040631017775,5176.380191996798
2024-12-08 14:30:00,1479.394112181496,1486.7208861210768,1478.7112553660784,1482.002301679796,7257.814303833513
2024-12-08 14:45:00,1472.3205382322642,1481.119970382568,1467.8186478032237,1475.2862475687846,2828.345183228114
2024-12-08 15:00:00,1468.0138761368744,1469.7199504942082,1462.747598999114,1466.8059544092262,4446.83575905377
2024-12-08 15:15:00,1459.6205411994579,1468.2457430652696,1455.3918696037451,1462.5051231589587,9631.754755137965
2024-12-08 15:30:00,1444.640027597429,1448.581259671979,1439.8645669193154,1442.8282241858378,8400.618700142983
2024-12-08 15:45:00,1436.0202768713305,1437.3606245503995,1428.0284924842151,1435.6071522430516,3604.4980156242677
2024-12-08 16:00:00,1431.7568348349544,1438.9105893243568,1428.3439262240408,1428.3746094299966,4718.02595637972
2024-12-08 16:15:00,1430.8559658469326,1438.6767446184758,1428.163762369573,1430.9189368291854,3415.437816776949
2024-12-08 16:30:00,1440.6053491403252,1442.0752329620532,1434.675944131442,1438.6723584410784,9996.752320380167
2024-12-08 16:45:00,1416.7559080258532,1416.9203996278807,1409.9131844863998,1415.2922041925685,8942.623788554181
2024-12-08 17:00:00,1431.640186465168,1430.2211182494711,1423.2242838136385,1431.5147159436917,3303.278829300737
2024-12-08 17:15:00,1428.6622067489745,1437.512925335433,1423.78206300013,1430.3286634300953,528.3356519660122
2024-12-08 17:30:00,1429.0907226744498,1431.4901305456206,1420.036324915428,1424.251534087137,7328.0147680958125
2024-12-08 17:45:00,1439.1654209435974,1447.6292844112356,1438.7982995408577,1444.3432902650952,6971.034600027592
2024-12-08 18:00:00,1425.6956809572714,1424.2041111413664,1416.507584237138,1421.1126945864464,9286.688461483158
2024-12-08 18:15:00,1455.5977705083328,1454.5644455277866,1448.7569651893607,1455.6835008707035,3620.5026753497455
2024-12-08 18:30:00,1454.859226159387,1465.2317526629563,1454.060427483556,1460.422194108621,4963.024567567499
2024-12-08 18:45:00,1452.3405518741163,1462.3036814366938,1448.4660020557876,1451.8278101014994,7789.551346972388
2024-12-08 19:00:00,1441.9097933598343,1446.2981640575003,1434.5864754257723,1438.2988007587767,504.33481302847446
2024-12-08 19:15:00,1434.6177669678775,1439.836370269721,1430.6519628108101,1436.3387785804478,8739.454568854655
2024-12-08 19:30:00,1424.556336812238,1432.024879138682,1417.255615171597,1425.7055409431953,6137.444915119826
2024-12-08 19:45:00,1428.4700972815403,1426.3378257439792,1418.8340792830224,1421.9395957265622,9940.075734036302
2024-12-08 20:00:00,1425.065268071787,1434.3224334913368,1423.7058938079585,1434.0129244218595,2531.2335463230906
2024-12-08 20:15:00,1393.2088696745861,1395.6217446627545,1389.9691729566728,1393.0169966678127,4094.4261003839765
2024-12-08 20:30:00,1397.4468719938945,1409.3222355061903,1396.4169160021452,1402.1067662428673,3529.877439156976
2024-12-08 20:45:00,1393.230148026084,1398.880229121769,1391.9681112035744,1397.8250114005177,197.1821421231694
2024-12-08 21:00:00,1397.1941959533704,1400.0398372933716,1389.352364391587,1394.1546899912444,6622.045099091983
2024-12-08 21:15:00,1403.7405621503021,1409.2145067747126,1402.0104097911792,1406.6710234750883,7320.3953657429565
2024-12-08 21:30:00,1410.112069303475,1409.7551160715764,1402.3406943944055,1403.138665540512,5132.32911682099
2024-12-08 21:45:00,1382.1370282271093,1382.780305225257,1374.3058571053464,1382.198188123594,4687.232946269297
2024-12-08 22:00:00,1329.9876985267933,1336.669177577964,1329.0639976288676,1331.0124756207688,107.35954195672555
2024-12-08 22:15:00,1322.4634817215583,1333.990935601211,1320.4197720823868,1329.9235086697859,9393.087143229399
2024-12-08 22:30:00,1335.8882315423334,1343.2753807125366,1333.6754867458533,1344.285012819723,4899.953170123792
2024-12-08 22:45:00,1335.0437855938399,1336.5208535194183,1327.4190573991411,1332.7332284168872,3146.392869438683
2024-12-08 23:00:00,1334.049051119865,1337.3347244100385,1327.4760688374256,1337.0944823956372,307.45017285395375
2024-12-08 23:15:00,1327.8684974362445,1333.1582524664066,1324.8341351562613,1323.8117090088404,4956.40837912727
2024-12-08 23:30:00,1318.549414636122,1322.4062127234047,1314.2821749167708,1315.250852006674,3497.7187318805277
2024-12-08 23:45:00,1317.0724122595952,1324.6827272317887,1315.8035512325991,1322.4254200502498,1733.8082011529302
2024-12-09 00:00:00,1334.6231797330352,1338.8152635796723,1330.131639636495,1333.453860524438,367.29423002140203
2024-12-09 00:15:00,1328.1797827973003,1330.5298437390213,1317.892758257507,1325.4033589985258,6511.886459963976
2024-12-09 00:30:00,1308.7118940304222,1319.838970256411,1305.3331853756533,1315.5044111806208,5370.423025387107
2024-12-09 00:45:00,1342.276257222305,1353.6576342446533,1343.009074560257,1350.1683037408736,3779.866661187483
2024-12-09 01:00:00,1320.8970979968747,1326.8428357747339,1314.7912682529961,1319.5884175437952,4123.698521529734
2024-12-09 01:15:00,1304.1316863656218,1311.6154695044393,1299.522011053347,1303.1784273542105,5822.808207052698
2024-12-09 01:30:00,1296.791423728349,1302.5943586092424,1293.7848270304053,1295.4843723454585,4491.307741844425
2024-12-09 01:45:00,1308.434143268604,1314.833102483798,1301.362098971854,1304.6749939246915,1395.8138231420523
2024-12-09 02:00:00,1296.417372936141,1303.7492801921026,1295.1491963713156,1297.257462299838,4862.588041356623
2024-12-09 02:15:00,1295.9113391443568,1296.202072904193,1284.9130049475423,1291.2090235068297,1184.777011671776
2024-12-09 02:30:00,1272.366357945848,1279.164357511494,1268.2894480249831,1277.5868819303062,1041.459215663585
2024-12-09 02:45:00,1273.2321840924033,1272.7943998487303,1263.4330992198509,1269.512163038521,2822.1253419164605
2024-12-09 03:00:00,1277.1562141470713,1286.1976799042197,1276.992681718995,1283.1463792534432,1349.2380046582591
2024-12-09 03:15:00,1280.8792232108462,1287.7853659511188,1274.6813439084096,1277.6430386259715,1815.530943769865
2024-12-09 03:30:00,1269.2913530775825,1278.8596695357076,1269.9570044001173,1268.7783585598395,9472.651892479049
2024-12-09 03:45:00,1235.1547361928197,1242.7449170553798,1229.703876835422,1239.4054948140408,3987.511673628752
2024-12-09 04:00:00,1250.7509735925973,1256.3200220767121,1246.5509081724817,1251.5676751703897,434.8467731396314
2024-12-09 04:15:00,1261.3762806339323,1268.2557004291898,1260.7370876927312,1261.5861869208597,561.8056789905318
2024-12-09 04:30:00,1262.389934960641,1271.9170058929183,1262.2514157290966,1265.7687280732498,2985.3166229570975
2024-12-09 04:45:00,1257.7121609008823,1265.6362732862399,1251.9514375277834,1261.5240149226736,9541.072457520171
2024-12-09 05:00:00,1277.7018858699255,1283.022249975044,1270.8692328516117,1274.796247998484,2144.045939686093
2024-12-09 05:15:00,1282.8854419029121,1285.053320216747,1272.5085694041468,1284.5575328491097,1557.727101318854
2024-12-09 05:30:00,1262.8623325384403,1271.9959512322807,1258.2444745542755,1269.0092335662264,8041.782408426865
2024-12-09 05:45:00,1259.2579688008716,1259.170523779603,1251.459199164986,1259.4834640562456,2782.1166487599166
2024-12-09 06:00:00,1260.00082148456,1269.4113829791038,1255.5780155653194,1261.2416428955498,4531.669041544204
2024-12-09 06:15:00,1268.0727096893766,1278.1333184679534,1264.5271655677782,1267.5593020953343,6785.333118554646
2024-12-09 06:30:00,1275.1448788496327,1278.4296690602357,1265.1039640342215,1267.0259704656528,6611.904737684354
2024-12-09 06:45:00,1271.7765622968088,1279.9192548426574,1268.8247173655789,1273.6628334503637,9525.585776622831
2024-12-09 07:00:00,1274.6235863063407,1280.525524229018,1267.2321735559435,1278.982052014343,3380.7778096041447
2024-12-09 07:15:00,1281.07657925307,1288.631034688669,1274.888869218671,1277.214197996741,1999.738018648661
2024-12-09 07:30:00,1296.5665030929242,1305.9578607785922,1294.2645150099233,1302.612635747858,8047.891584226513
2024-12-09 07:45:00,1292.8079338988061,1301.6904406814645,1290.3206830392066,1300.1543187772136,863.9628456064113
2024-12-09 08:00:00,1280.426492173418,1281.432427790106,1271.175818557153,1281.2543560369215,5980.001685458157
2024-12-09 08:15:00,1290.4068582278223,1300.3248427933709,1290.7708276631506,1293.5363123296397,9601.987313392172
2024-12-09 08:30:00,1297.3863223198373,1304.006619296277,1291.212043689948,1295.0485212334897,3413.979631857107
2024-12-09 08:45:00,1289.1338780964195,1298.9262363523003,1289.1094959978093,1288.402202843998,8780.309534509934
2024-12-09 09:00:00,1302.7910734778825,1306.0876131989974,1297.8899241469996,1304.1116319269922,9478.871017531786
2024-12-09 09:15:00,1315.7277399513575,1319.0735939122294,1306.1184496418573,1311.4093917764983,1949.7116279412123
2024-12-09 09:30:00,1293.8290506974176,1302.33905620913,1291.6156094734743,1294.6377904729723,6123.267675577987
2024-12-09 09:45:00,1319.6007271809772,1328.828917821354,1319.7348993187234,1318.7660944834179,7587.189459796936
2024-12-09 10:00:00,1336.5653317644524,1342.5178492516811,1334.8916148491803,1339.3209771357929,4920.326465874695
2024-12-09 10:15:00,1339.3252728855448,1343.6582048965727,1332.2464974670984,1340.2710258750071,6578.419320019851
2024-12-09 10:30:00,1334.098423061019,1337.265540915133,1321.981603711945,1332.4607923418366,8173.90201224571
2024-12-09 10:45:00,1345.9109972251588,1350.7664596534532,1344.0729654499535,1345.4253813475966,8952.604226860352
2024-12-09 11:00:00,1357.9711538713739,1359.1195355976433,1350.589816658032,1355.6003635078966,9719.96740876261
2024-12-09 11:15:00,1364.4013450073605,1366.6760855767568,1352.8341109427074,1355.3669405950518,5785.741060848651
2024-12-09 11:30:00,1371.7232166894973,1376.0185333316015,1362.3849428188985,1370.6290358612048,6194.685072664335
2024-12-09 11:45:00,1391.7425559105754,1400.3170883141406,1388.5288048458533,1392.084700947882,8129.369688105246
2024-12-09 12:00:00,1416.9665545977748,1416.9505604037754,1409.717073829598,1410.4168681260394,2406.0047375664767
2024-12-09 12:15:00,1425.9755448837568,1429.6023567691238,1418.9795747499165,1425.9016505963723,3662.541427176904
2024-12-09 12:30:00,1441.126396407348,1443.9116381595975,1434.1336220622338,1433.20891122973,9014.833236315382
2024-12-09 12:45:00,1423.7193252927182,1426.421233613355,1419.419376590242,1422.0288947750616,3376.9266566013307
2024-12-09 13:00:00,1435.880070082112,1447.5853252597149,1435.3580562427712,1435.2600112021032,4608.873383481908
2024-12-09 13:15:00,1438.93618877433,1448.1258087860026,1437.9081353392621,1440.8879651665002,1123.2086779802412
2024-12-09 13:30:00,1439.1808200899438,1443.1670807232645,1435.6069369931668,1443.8728814346148,8005.799214770769
2024-12-09 13:45:00,1433.1800972692618,1435.6967398334962,1427.1937167985543,1435.561006072888,7293.807332614928
2024-12-09 14:00:00,1431.8187217727225,1441.608261095169,1433.268530071412,1434.0416788262773,7211.435348802162
2024-12-09 14:15:00,1420.2294000091927,1430.285394515718,1420.4665065272866,1418.9634386198336,9054.48756012751
2024-12-09 14:30:00,1426.337434534562,1428.0590431577473,1420.1213136614556,1425.266751036617,264.421957205619
2024-12-09 14:45:00,1443.4119422659521,1445.8995034563743,1433.7892567463741,1440.6187874386133,3924.094763367229
2024-12-09 15:00:00,1439.5772741185324,1445.2435147873578,1435.8445886962438,1444.9304736986714,4445.9532555506175
2024-12-09 15:15:00,1438.8842344808568,1439.6354655790724,1431.7427135159412,1434.9317776030723,8563.237765091442
2024-12-09 15:30:00,1428.6655662891012,1434.8192405400923,1427.0364083462805,1430.7138486209417,6870.810092237399
2024-12-09 15:45:00,1449.1386062238755,1453.200412283277,1442.3363605364968,1448.0641315747234,6790.512629622724
2024-12-09 16:00:00,1443.006041994906,1451.5640468185754,1443.6335238624677,1443.6627119214445,3298.7782670008887
2024-12-09 16:15:00,1464.7658306183298,1464.8139234746582,1457.9434297909313,1456.0357028688125,7290.015591615032
2024-12-09 16:30:00,1449.2207493716605,1456.2243275094709,1446.4591605450419,1452.1117560028483,7938.682630013455
2024-12-09 16:45:00,1466.7284932314285,1471.2173109231453,1460.331379853563,1466.3787383887852,590.5052278140091
2024-12-09 17:00:00,1452.0776519350936,1459.7680460540446,1451.770143860587,1456.244257629728,6071.062047782086
2024-12-09 17:15:00,1448.451799446735,1454.5006045409393,1441.053292197253,1453.2975313840718,6257.953434378694
2024-12-09 17:30:00,1463.1040205409015,1470.8762625909346,1461.661540813717,1464.5839081721933,7580.104333587962
2024-12-09 17:45:00,1475.2670998532992,1477.379351958501,1471.1009454433386,1472.133565984181,6719.872186944728
2024-12-09 18:00:00,1479.2105240037579,1484.6862250311628,1474.6718423509096,1478.108015628615,4164.485202971577
2024-12-09 18:15:00,1456.7324355729743,1465.9024431360174,1453.9710388683127,1464.7561266528085,5696.817832360884
2024-12-09 18:30:00,1459.2217886307978,1461.2540285658433,1451.5309797222042,1455.7260855046984,2788.02979216761
2024-12-09 18:45:00,1447.8375605872134,1457.0385091796222,1443.8449406806094,1452.2092481633988,8948.2185434268
2024-12-09 19:00:00,1448.2467296404027,1451.266412258402,1443.5447599994554,1448.762180649782,2541.993817602593
2024-12-09 19:15:00,1459.0708545077082,1467.6221248768604,1454.364306585877,1462.833455166471,5754.6994377446745
2024-12-09 19:30:00,1460.784102310373,1468.457147957739,1455.741049725371,1459.095163593283,3038.536883571257
2024-12-09 19:45:00,1458.6374476611431,1468.1518932282904,1456.2618105690124,1459.1113532087231,9713.834541144766
2024-12-09 20:00:00,1460.9363869758433,1465.5833573427876,1454.1442417147061,1459.2379224326735,7259.239302573309
2024-12-09 20:15:00,1476.3241314706208,1476.667676634343,1469.6080325438134,1469.81057430926,5402.879043647295
2024-12-09 20:30:00,1480.164043783753,1484.456570745766,1475.3921054147809,1485.3310923295298,5818.26947055688
2024-12-09 20:45:00,1460.1274717398262,1470.6452952325212,1459.3249766924007,1467.4104255512743,3114.5420480211737
2024-12-09 21:00:00,1478.059877963395,1477.3253482697573,1471.3041695869372,1476.5541617643057,825.9205407829069
2024-12-09 21:15:00,1476.4146364336973,1480.157923923243,1467.0183082605256,1476.482130541769,2035.914023824941
2024-12-09 21:30:00,1449.03341431853,1455.0394353753802,1443.7022940379645,1452.2279695883867,3165.0000776413067
2024-12-09 21:45:00,1441.315348213855,1446.4944520186957,1440.8827080130015,1443.1415295197776,5985.985135867697
2024-12-09 22:00:00,1431.811264314633,1432.8566646540085,1428.1457238806809,1431.627790585575,1218.67379886855
2024-12-09 22:15:00,1435.4988063718286,1440.3500669890384,1426.7384598383685,1437.3681496139955,2235.3100646519897
2024-12-09 22:30:00,1445.6965975367418,1454.7417271448865,1444.3189315665973,1448.5563350189918,164.1730712975809
2024-12-09 22:45:00,1471.7938690437704,1469.3395988797631,1460.970107994127,1471.1937145383704,9976.758287970235
2024-12-09 23:00:00,1484.726343910215,1484.6586526185904,1477.3685235953565,1478.7570023196215,8651.197015581934
2024-12-09 23:15:00,1512.822727694493,1516.444874266938,1505.4613458785375,1508.9300516533083,764.1974062367697
2024-12-09 23:30:00,1477.2227879961129,1486.68638333886,1477.3824120113723,1486.327217040341,8042.5023983777055
2024-12-09 23:45:00,1469.4367813724464,1476.8323594717851,1468.9064539102994,1473.5569572044124,1709.6013469871598
2024-12-10 00:00:00,1512.906226540927,1518.5869931888012,1510.9280458340356,1512.106716948305,8529.652985662364
2024-12-10 00:15:00,1523.2418142223514,1530.9843167678848,1519.6841325640655,1527.1596232215754,6970.983758569508
2024-12-10 00:30:00,1532.6529896316474,1531.6589734886395,1523.5194398039594,1526.286404815684,7840.2006950539
2024-12-10 00:45:00,1535.0117492531724,1541.691091143095,1531.5001817114412,1541.9404502722073,1254.9037918283714
2024-12-10 01:00:00,1552.5332864431327,1556.9058319032324,1550.016703598578,1552.8846192183755,3132.4738801865524
2024-12-10 01:15:00,1558.9561039409339,1567.6384216381102,1556.5223359286406,1565.2969402376864,3753.3106904309852
2024-12-10 01:30:00,1575.0151636616233,1580.2966798618322,1571.6594293044243,1579.1731573459567,9931.083712694945
2024-12-10 01:45:00,1588.8276103285025,1590.833279329251,1580.1365501283124,1584.8108586268406,5063.275389622898
2024-12-10 02:00:00,1577.2920999527205,1582.5002440907508,1571.6749264678667,1571.9510690462132,3153.5325975613955
2024-12-10 02:15:00,1555.294340944292,1564.9419760947455,1552.8393817491324,1554.7369141821982,8505.878568944312
2024-12-10 02:30:00,1578.3407840282518,1589.8072995407852,1579.5756362396876,1580.3322092559774,1271.0936480904456
2024-12-10 02:45:00,1598.9804602999466,1605.9361848198157,1597.084823250967,1599.1151644540923,9567.508204477019
2024-12-10 03:00:00,1598.8355222209875,1599.6133595113415,1589.8705773990373,1601.0172557390433,3323.7274189625086
2024-12-10 03:15:00,1601.9398770665891,1609.0978539505704,1597.2065511412322,1598.9563709167685,2789.368924943391
2024-12-10 03:30:00,1595.1188694707084,1601.367311760504,1590.0580560084043,1591.4159365624416,7552.851582669847
2024-12-10 03:45:00,1579.9576503480246,1581.7785605128443,1575.3816308862358,1582.9093056606946,6581.559741608102
2024-12-10 04:00:00,1593.029921236127,1596.6694926994717,1590.3038827032972,1595.4409193547503,2046.2204998376176
2024-12-10 04:15:00,1591.8945088422483,1593.5226254242098,1587.101829922983,1586.978018993448,2133.998740948682
2024-12-10 04:30:00,1598.0818737018287,1600.403488266046,1591.472668344508,1593.5603576096316,7634.540438824201
2024-12-10 04:45:00,1586.3466243806067,1588.4965101363541,1579.6020173994461,1584.5464554984674,7134.222421277273
2024-12-10 05:00:00,1576.8435865416145,1588.7048624624026,1575.1601353333276,1576.712652352668,2245.3763564514916
2024-12-10 05:15:00,1589.0992304698855,1592.8926745738183,1580.0632233074625,1590.8811969992196,2206.0588726679184
2024-12-10 05:30:00,1594.7709053288515,1594.3015810399872,1586.0260931042874,1590.118852991201,7142.072021613018
2024-12-10 05:45:00,1568.3661602217423,1576.0598849503674,1565.4067038996977,1576.889293138134,5831.90209024953
2024-12-10 06:00:00,1582.1288315758256,1590.767928506046,1580.8431402055342,1589.0222487670637,8489.170653966907
2024-12-10 06:15:00,1580.2094953079095,1580.7636491107105,1573.0054989809548,1574.8407751508564,8571.820384336443
2024-12-10 06:30:00,1578.1182617899622,1580.128837272697,1571.50405631725,1571.222404258437,7089.139218996151
2024-12-10 06:45:00,1569.3769447930113,1580.9080419372299,1569.8501377563273,1569.9161347264235,6525.892575722402
2024-12-10 07:00:00,1580.5400626401643,1584.2058411739492,1573.6024036958472,1579.47941988014,4821.041495366513
2024-12-10 07:15:00,1580.0113237311925,1588.074104242959,1575.2137758218919,1582.0549895034749,8322.515096132289
2024-12-10 07:30:00,1587.7159782970673,1589.7337594443475,1577.8718844984442,1583.7974032998654,5336.015010120581
2024-12-10 07:45:00,1601.2728901183657,1606.4916555493628,1596.017666351485,1599.5529622857523,9598.963204742915
2024-12-10 08:00:00,1607.602178077082,1614.9481661760244,1605.455884831091,1608.0137117335435,5213.376432439682
2024-12-10 08:15:00,1607.0369169072676,1616.3586507344603,1605.7474552025253,1609.281497192049,7993.017265927887
2024-12-10 08:30:00,1592.47406346543,1593.853713378905,1582.0829272145074,1584.043037032726,8576.338360010757
2024-12-10 08:45:00,1587.1577383709027,1589.7407082193795,1583.4138630098435,1590.2946999250769,5529.300301769207
2024-12-10 09:00:00,1580.7215423338598,1590.102270741037,1577.2852830084225,1581.6541061661057,3467.159786726446
2024-12-10 09:15:00,1581.6893273930946,1582.9607325405445,1572.3400597630969,1579.9439275137781,6886.0515378423615
2024-12-10 09:30:00,1588.7734150135948,1591.360308943694,1582.9248998950618,1583.781851550776,7160.723467321367
2024-12-10 09:45:00,1576.8604578429058,1584.8355029435481,1572.9504485853117,1579.1068740350577,3149.166853877971
2024-12-10 10:00:00,1565.0328336328678,1570.4737804662218,1562.1824966459649,1569.6176485112758,5750.379182829419
2024-12-10 10:15:00,1551.085724801201,1554.7470797169892,1543.2169296865436,1547.8400544999813,6770.81471905903
2024-12-10 10:30:00,1572.250571577039,1577.0537628456586,1569.1519837830656,1575.86124717921,6171.200250242584
2024-12-10 10:45:00,1551.4054168101707,1558.9936707537215,1550.436676881387,1551.0443387564892,559.1769267748555
2024-12-10 11:00:00,1564.740674337446,1576.4310004104632,1561.3674196217876,1570.2857493367362,2688.498636929413
2024-12-10 11:15:00,1547.3815702948862,1551.5738414183058,1539.749999460397,1550.1479808575284,8020.296478626814
2024-12-10 11:30:00,1549.4167702481782,1549.9459979107744,1540.1158185169963,1539.9068115874506,976.0701545097271
2024-12-10 11:45:00,1540.3712074757193,1544.0504242465734,1533.8526261924926,1535.340524103361,9903.95048970276
2024-12-10 12:00:00,1554.7761401858515,1555.7137918842097,1550.0287002453633,1549.5482764835979,7937.955804307255
2024-12-10 12:15:00,1534.9833875868806,1542.01495337933,1532.6711198644769,1535.4378152978477,2733.210708337802
2024-12-10 12:30:00,1527.9171431769973,1538.8380995795062,1526.2081248569912,1534.0907815646033,2170.6558655709587
2024-12-10 12:45:00,1528.923796623395,1531.4163066834155,1522.4919509835056,1521.6571425680188,2542.7034938222782
2024-12-10 13:00:00,1506.6995716926774,1515.0904858286415,1505.7271102453624,1510.5461876292695,5140.098521213969
2024-12-10 13:15:00,1532.2663027177848,1531.3968523287003,1526.185916841093,1524.296951152151,4079.357370058106
2024-12-10 13:30:00,1531.6074240666683,1541.363181715782,1531.2233577968625,1540.483395969895,4699.316532611976
2024-12-10 13:45:00,1534.658770678072,1542.0639077546234,1531.0300726213297,1536.419452182004,3497.376223435092
2024-12-10 14:00:00,1536.4486346169876,1540.8184775813186,1525.7778535147254,1533.7487234095563,6439.376169965802
2024-12-10 14:15:00,1529.2409371656315,1530.9450089164957,1522.9898317360835,1526.4664016113961,601.6936004818355
2024-12-10 14:30:00,1479.835343110101,1489.0737555633073,1477.727708745991,1483.0594084675542,8654.076595671198
2024-12-10 14:45:00,1503.6279833643966,1505.5202565467744,1492.4264124683514,1502.0059527737133,9152.641062367426
2024-12-10 15:00:00,1485.2991779466677,1493.5898652369644,1487.462326152424,1487.5027579849602,901.5139633186449
2024-12-10 15:15:00,1493.2358312824347,1499.4407124070015,1486.160153857984,1489.2244780506594,2372.6336930038283
2024-12-10 15:30:00,1513.543554049512,1522.9950875944444,1512.3375936723035,1518.964672143167,9771.868169683741
2024-12-10 15:45:00,1522.5786362840283,1524.1808445990214,1517.3495665283535,1518.4480685128638,7652.729764961701
2024-12-10 16:00:00,1535.9293968527772,1540.9212835371936,1528.6760246098363,1535.4909606952822,6116.8824023262605
2024-12-10 16:15:00,1538.4715097132662,1541.8821045633094,1528.8505651758062,1532.5326904948863,4439.361572752969
2024-12-10 16:30:00,1546.596343603872,1554.407325522654,1542.9707187983465,1549.5164527840766,7969.385840809371
2024-12-10 16:45:00,1559.7581800450005,1566.7147203218212,1559.1815296110701,1561.611908307876,9721.969367751355
2024-12-10 17:00:00,1580.9717407002136,1583.846775368992,1574.3257000655485,1582.4404715736712,2877.1359623770354
2024-12-10 17:15:00,1571.0391413072277,1576.302655477056,1563.5284707543726,1567.0078354330367,2243.567407934812
2024-12-10 17:30:00,1568.039787546402,1574.5621533257047,1563.7940506253888,1570.9319025495097,1974.8343168789827
2024-12-10 17:45:00,1599.4226251758855,1605.141094342531,1594.5677416320293,1599.0373822186991,9558.13645989267
2024-12-10 18:00:00,1605.9382720033295,1614.6007554640591,1603.462282413277,1603.6484014829905,3265.495356031226
2024-12-10 18:15:00,1620.179011224615,1621.7375323429214,1610.7172097596438,1618.1462334484445,2173.8751717512055
2024-12-10 18:30:00,1583.8553673069787,1590.9323551696532,1580.533805636333,1585.170041439646,3282.67298304232
2024-12-10 18:45:00,1586.572828687814,1586.931434566963,1580.3084733492922,1588.8606523607098,5942.342726522788
2024-12-10 19:00:00,1587.1197916540132,1592.0894360012503,1587.071820551135,1593.6272707784012,9566.025771831619
2024-12-10 19:15:00,1584.6264388870186,1584.8289686518674,1576.7394120204115,1583.8395219814095,4171.500837560995
2024-12-10 19:30:00,1595.8727662018673,1597.306632387336,1586.7126926253552,1589.8103732882396,9198.041722643678
2024-12-10 19:45:00,1633.762329151133,1639.3491513259632,1627.8406891361017,1631.3014202843317,1760.725359252842
2024-12-10 20:00:00,1658.2737534850894,1661.6171525499042,1651.3719009546855,1651.3715219106566,4347.979611138251
2024-12-10 20:15:00,1652.502246650199,1661.2339511670195,1652.1410321311803,1652.410904582752,7625.582323150684
2024-12-10 20:30:00,1667.6046695436783,1677.863486263742,1663.5102752801924,1672.6265652129637,614.3025839977005
2024-12-10 20:45:00,1690.632080061635,1692.2175711892662,1679.817770408254,1685.9131935209564,1977.2752254987527
2024-12-10 21:00:00,1670.2608813178713,1670.2256382885982,1662.9921278887384,1669.6836401427465,4741.244529349165
2024-12-10 21:15:00,1668.610827315697,1669.6418393818037,1656.8338923539447,1667.6829246988873,8349.0545293257
2024-12-10 21:30:00,1668.529952627786,1672.7184893725566,1666.4996421679755,1672.83769609766,1449.2513090977307
2024-12-10 21:45:00,1649.7299977599114,1652.016003521453,1641.0278816724826,1645.7175589703306,2051.6315788385577
2024-12-10 22:00:00,1656.382096743887,1658.8727062526204,1648.0391385305147,1656.0115805127655,723.228752647381
2024-12-10 22:15:00,1642.7426091410766,1653.0658323418356,1640.6343322700409,1645.1205392379445,7484.475002926486
2024-12-10 22:30:00,1651.302668092557,1659.0906277697873,1647.3537209356723,1650.2526990976637,8882.418655111445
2024-12-10 22:45:00,1651.8065544924693,1655.3244293369673,1646.2262485643334,1654.2107423799673,1849.493786741292
2024-12-10 23:00:00,1675.9614308470254,1674.913899538216,1668.7058295825664,1666.9804523345153,1496.1699396525953
2024-12-10 23:15:00,1692.2386617959962,1695.4215131024462,1683.361925067798,1689.1236899601943,8443.831901077856
2024-12-10 23:30:00,1694.3503384682542,1692.6229233623394,1682.7104346541573,1694.545390131576,3165.0999183923577
2024-12-10 23:45:00,1696.1116728989298,1702.1537383174248,1692.7399806417213,1701.529093000203,1449.9850008896988
2024-12-11 00:00:00,1687.8883990564664,1695.8315486211811,1687.9476721634067,1690.2166559976056,6722.641022755431
2024-12-11 00:15:00,1693.334195315949,1700.3614237148756,1690.7850265294612,1696.1144372962276,9410.867481618488
2024-12-11 00:30:00,1671.9662500287168,1673.170809289648,1661.5431736368432,1665.7652967130489,7918.470737265402
2024-12-11 00:45:00,1690.7191335824116,1694.9300968767366,1685.1292543915088,1683.518712155743,8834.4255441922
2024-12-11 01:00:00,1708.3241112259266,1711.5288097824953,1697.7569490624176,1706.2481355126329,2974.1225063261004
2024-12-11 01:15:00,1729.9188215924041,1728.7119371574527,1717.464110336966,1728.1756400762936,5171.597307995732
2024-12-11 01:30:00,1705.9572068215944,1708.8535552223943,1699.3391996893042,1705.9242123269419,238.7552081021966
2024-12-11 01:45:00,1708.0330284778488,1712.8779993048395,1702.5143970510776,1704.0679501277086,9391.251404188117
2024-12-11 02:00:00,1710.6369502803202,1722.785552953631,1708.9441485629395,1716.7244824286388,1152.7641259043123
2024-12-11 02:15:00,1699.8123654307512,1706.417742279141,1699.9047962628092,1706.319267106618,3350.3744179071978
2024-12-11 02:30:00,1677.71549781535,1683.9028841979891,1673.1331777527432,1674.9863422067613,7305.450056906893
2024-12-11 02:45:00,1700.6420663724514,1710.2324392776159,1698.924532807527,1701.3850297172946,4393.829038097128
2024-12-11 03:00:00,1705.5133218124681,1711.4913482513325,1702.7819944480666,1713.2099500619413,1901.5167372630142
2024-12-11 03:15:00,1719.5760863977973,1728.039261875009,1715.4117699364263,1726.9543637003933,7170.019472176067
2024-12-11 03:30:00,1710.2398818822414,1717.2997229043385,1706.6236551076263,1715.8532274837282,2331.3941432518336
2024-12-11 03:45:00,1700.5948646042816,1708.229364878531,1699.9703208451688,1705.381112872039,3621.6886805718864
2024-12-11 04:00:00,1693.7260585277227,1699.582303246165,1691.0649104134595,1700.0105330137847,9681.027381111247
2024-12-11 04:15:00,1692.329456355372,1694.9490357404463,1688.4685600208463,1695.1039424415662,2810.531433397897
2024-12-11 04:30:00,1695.3620437979175,1696.19929469552,1685.6968809881168,1691.356518971515,6287.963586559718
2024-12-11 04:45:00,1660.4340469440122,1659.2069643520022,1650.5490548791408,1658.8899958038573,5599.403723980018
2024-12-11 05:00:00,1665.1086429703862,1664.7343026852507,1657.634376215035,1666.2785797155552,9217.31659147889
2024-12-11 05:15:00,1663.6021778340594,1673.175126992242,1663.9067685938644,1666.9509005081788,7014.605144245146
2024-12-11 05:30:00,1665.085976183857,1674.6815629938053,1661.7990691043065,1665.2115690130834,5820.018011053171
2024-12-11 05:45:00,1686.6871187521394,1695.5020088614965,1680.855735463067,1687.7783979972771,915.6951938438343
2024-12-11 06:00:00,1667.1198172857078,1673.1999699815344,1665.405350267152,1672.1206348742749,226.8513067917462
2024-12-11 06:15:00,1660.5110047207793,1664.3418255834245,1652.9368074087035,1660.4378535460978,9469.065040750696
2024-12-11 06:30:00,1671.392928304397,1672.2639320443693,1663.9821521787262,1670.2468128736875,524.003089802175
2024-12-11 06:45:00,1645.738364595469,1652.6684684269248,1643.6661230861737,1644.750440923785,4393.359605417651
2024-12-11 07:00:00,1644.628921290903,1650.4787067134596,1642.846752563868,1647.6454969725128,6430.05489600633
2024-12-11 07:15:00,1644.299529550132,1648.5183786416403,1634.334375382082,1642.7454776551986,7602.546412203239
2024-12-11 07:30:00,1636.84963816093,1643.5186063768588,1632.7841357843195,1640.2772621480456,5669.806693298605
2024-12-11 07:45:00,1654.9253157966914,1662.0301189949457,1651.09668500398,1653.5790628499453,7069.77755779113
2024-12-11 08:00:00,1664.0922730767354,1669.098455057674,1662.347718820972,1664.374174699834,6196.354303687363
2024-12-11 08:15:00,1684.3740158265782,1688.8379137630939,1677.895381273886,1687.2077808718439,9281.406054418268
2024-12-11 08:30:00,1701.1944362659256,1706.0049245692853,1693.055572309992,1696.8416797444534,5519.681259811934
2024-12-11 08:45:00,1707.9976229105148,1716.8735732323657,1707.435913387126,1714.3989254391731,8902.82722121579
2024-12-11 09:00:00,1742.6962162890668,1747.0965800743652,1734.0412464614506,1736.528734100943,6293.856013472408
2024-12-11 09:15:00,1760.2585944617929,1764.8604274204592,1754.053999092342,1756.4053032688241,1984.2475523942985
2024-12-11 09:30:00,1758.2723816013383,1769.875997825374,1760.0055771041057,1761.7656657621742,3998.7771401519226
2024-12-11 09:45:00,1755.043770161636,1755.2305505521897,1747.3999158492568,1755.2270170761199,5909.96907606408
2024-12-11 10:00:00,1771.5541617859267,1776.9389112797267,1769.346412261831,1771.5425265112335,6421.795528298537
2024-12-11 10:15:00,1747.5729889922104,1748.6732753486451,1743.0011139036567,1749.814901077742,3392.7666368314026
2024-12-11 10:30:00,1754.6773850669445,1762.270807334067,1754.0805684039624,1761.526397906737,9923.425279228535
2024-12-11 10:45:00,1763.1212283214338,1763.7211932014857,1750.9104995396992,1761.156009633312,5278.817336950926
2024-12-11 11:00:00,1758.023177797844,1760.1675361360758,1754.8177823502497,1759.6921009379125,8187.7091212737105
2024-12-11 11:15:00,1768.6057879567334,1778.1881840585902,1768.622174657341,1771.4559577868588,5118.818531697508
2024-12-11 11:30:00,1778.870639541328,1780.791238240215,1772.3601850098296,1778.2685008908236,899.2960195084252
2024-12-11 11:45:00,1777.7475697786622,1782.0184008044628,1773.921315769072,1773.990286177715,1991.30209040893
2024-12-11 12:00:00,1761.60614171685,1762.0653961381631,1753.907789217862,1755.4073544312882,7446.11909480271
2024-12-11 12:15:00,1761.1717160532328,1763.294603709519,1753.490998037827,1760.8044473131242,5295.758675526522
2024-12-11 12:30:00,1760.6017931738481,1767.5734527379468,1755.749237206705,1761.8694680133895,3036.9095415072466
2024-12-11 12:45:00,1761.3940562531918,1764.5227255043471,1755.15532269811,1757.8030223537169,2329.930350841051
2024-12-11 13:00:00,1730.3162062235538,1741.3209555822725,1726.6628356728925,1735.8772514749078,6579.875874661305
2024-12-11 13:15:00,1724.0007443441207,1727.6231491833391,1719.542075882786,1720.233526660237,2389.983201504434
2024-12-11 13:30:00,1739.658617834872,1748.2730623067887,1735.4266138186952,1737.0106126217606,741.9883004493902
2024-12-11 13:45:00,1764.0660311152553,1770.0502439920654,1756.7628377406568,1760.8107944022838,5946.499143854468
2024-12-11 14:00:00,1747.494317563942,1759.8015530960831,1747.8993873001589,1755.566383712076,7707.49513084268
2024-12-11 14:15:00,1760.5731606571521,1761.6682662460132,1754.685642946128,1754.587821732576,7566.737035184829
2024-12-11 14:30:00,1742.817406788215,1747.307757462329,1739.9442711274053,1742.6926677472113,9602.014332449437
2024-12-11 14:45:00,1738.5251814926382,1748.6276709034282,1736.6696981315088,1740.7950732810773,8039.908502355245
2024-12-11 15:00:00,1727.7435027764734,1736.908100669865,1725.8939937695272,1732.5001363483245,5630.323324949972
2024-12-11 15:15:00,1740.268206062494,1743.9119643082445,1735.54694850297,1737.0237499896011,4151.136916658452
2024-12-11 15:30:00,1738.6403178259925,1745.2872624836532,1732.1776709919957,1740.9842449195232,9579.264297830649
2024-12-11 15:45:00,1767.1460541068914,1770.3829600007718,1760.9848138807681,1768.011299381375,822.1527162856461
2024-12-11 16:00:00,1769.1397072051836,1780.271326884893,1769.4573312902949,1775.455576744178,3904.678797396969
2024-12-11 16:15:00,1756.5183833465792,1762.5779488932938,1753.6660070903451,1760.6945466641976,3250.5440480569937
2024-12-11 16:30:00,1772.592886740495,1774.4057226486084,1762.5875538849266,1763.4955610234583,3748.3298740051787
2024-12-11 16:45:00,1775.6238084717058,1776.9328566967151,1770.9240203127697,1773.721677620139,7143.649633725853
2024-12-11 17:00:00,1778.9603645329512,1782.2776929422967,1770.8466392210219,1780.131820021889,2329.8465973581137
2024-12-11 17:15:00,1790.0579449084391,1795.0074344038605,1784.1047131147243,1789.7335393686865,7539.988448297225
2024-12-11 17:30:00,1802.3298536882464,1805.612195647301,1797.4202916573304,1799.8555326521728,8263.609004429069
2024-12-11 17:45:00,1801.779970331114,1807.8248883409003,1796.18530051809,1799.9543132081214,7528.365783517586
2024-12-11 18:00:00,1803.3753340954336,1809.3238581462153,1797.985087763581,1799.38556253881,5012.598975581729
2024-12-11 18:15:00,1795.0018902309998,1800.998877579631,1793.7683200501913,1798.9445844318734,2409.7738721135206
2024-12-11 18:30:00,1819.2120469438478,1825.7054626992438,1810.7329364290322,1818.5544554628755,9136.074546282947
2024-12-11 18:45:00,1810.417869961465,1822.8047031136139,1811.6972303859013,1818.480523107536,5044.847272099704
2024-12-11 19:00:00,1782.6888775626232,1790.319273165142,1782.5781256970724,1784.4936570137347,6147.5895590204
2024-12-11 19:15:00,1762.3576561074317,1767.0065000405261,1757.7984513740048,1762.2531346491294,2277.799979790991
2024-12-11 19:30:00,1765.2973235544862,1771.2139786497173,1761.6924130937318,1765.4270835417917,7990.138486224531
2024-12-11 19:45:00,1737.7566463430367,1750.0668326369662,1738.5895371959557,1744.8253310156624,7277.624898225292
2024-12-11 20:00:00,1731.632621104824,1731.13087319432,1722.7313926752652,1728.2336795107399,4929.056007209028
2024-12-11 20:15:00,1724.6992868818168,1724.6470421082327,1715.7651553474377,1716.5038916598978,6885.10157994485
2024-12-11 20:30:00,1728.2666171190785,1732.687800215134,1722.432850953252,1728.7231305073778,451.59405632339224
2024-12-11 20:45:00,1754.8471971844288,1763.4707520130305,1753.008337387025,1753.8677478465233,7583.839594939138
2024-12-11 21:00:00,1764.3989009295365,1768.0828740936481,1760.0158364792883,1768.647435412234,2424.077030421026
2024-12-11 21:15:00,1784.751499965396,1784.5916172527209,1778.5185185872865,1786.420158610769,9532.260962561073
2024-12-11 21:30:00,1788.385169600783,1791.183220614014,1780.9970932324634,1781.817752953554,8973.918292579212
2024-12-11 21:45:00,1785.023634911724,1787.679255774832,1776.542116029468,1786.9041046532682,4936.515602549059
2024-12-11 22:00:00,1785.5985336379224,1793.8962198267036,1782.3590395950466,1787.2867377015923,3084.5108029015173
2024-12-11 22:15:00,1814.146234641771,1820.2422114399205,1810.7902590943875,1815.3896874904015,2128.499547879803
2024-12-11 22:30:00,1811.398191550807,1817.6071457343444,1808.2647850585374,1815.273775823497,4803.736672600811
2024-12-11 22:45:00,1802.5366824077776,1805.2574000735922,1799.5172903257314,1807.6931011904621,4968.409615490096
2024-12-11 23:00:00,1817.4672952787319,1825.4009596016863,1810.7570685533224,1817.7577232080494,9068.515367667676
2024-12-11 23:15:00,1823.912016842174,1827.7784805560464,1819.2498887356724,1826.167319928012,8548.877047769498
2024-12-11 23:30:00,1796.2124176903849,1799.6958860437567,1789.4827116326596,1797.7111115979676,8813.393528337774
2024-12-11 23:45:00,1814.5154786920584,1817.2987611525077,1806.0992613222895,1808.5199082909432,3956.3239029376987
2024-12-12 00:00:00,1810.5441916453556,1821.0360306670634,1808.2411101988116,1815.3983512000389,7169.678574912675
2024-12-12 00:15:00,1819.8101059151554,1831.577066749924,1820.0846735216755,1827.1623192203497,3020.350426781034
2024-12-12 00:30:00,1808.8231425346166,1813.615461814605,1800.2980809026776,1804.1875402142725,3146.7343457040847
2024-12-12 00:45:00,1811.6814584925364,1818.7346932208636,1812.787284194538,1814.8934569411367,7813.561221315004
2024-12-12 01:00:00,1816.823013024593,1822.1028984583495,1815.0514142234933,1817.2891912024265,2189.0418946723908
2024-12-12 01:15:00,1835.071820561282,1841.6663982295017,1830.8068748834405,1836.8692964123031,969.201880853027
2024-12-12 01:30:00,1819.6362324722518,1822.11294258063,1808.015559066187,1813.8597715849346,7761.001945362429
2024-12-12 01:45:00,1796.1285609399242,1804.9868248932642,1794.841032210537,1796.1367695015542,5278.019273173885
2024-12-12 02:00:00,1806.2593494673517,1810.0788616027742,1796.1884582502971,1803.3100972603695,9165.785165886218
2024-12-12 02:15:00,1787.4479805890592,1786.182835194665,1776.4789316656065,1786.2128522364392,1763.7228911371865
2024-12-12 02:30:00,1774.8578118557236,1781.0689856371341,1769.2196741618252,1781.7266291643305,5472.405718059257
2024-12-12 02:45:00,1791.7186908435515,1792.68875271033,1787.125502322019,1789.0463518090978,5493.918558752245
2024-12-12 03:00:00,1791.3578935722553,1793.4002353686465,1783.6598132955148,1794.1593454437298,424.85206586463033
2024-12-12 03:15:00,1810.7076178107848,1817.5119092748957,1806.507042413299,1811.3764168287562,2594.4907740638105
2024-12-12 03:30:00,1785.2544610780462,1791.5747317406235,1783.495790803341,1791.0456301560992,5437.228649351943
2024-12-12 03:45:00,1784.2001549527015,1786.9113994136133,1775.8262730688941,1777.7809267458758,7298.757971022233
2024-12-12 04:00:00,1822.2293540916787,1829.9518162831716,1815.5890582960365,1823.9720956273886,5555.241903463699
2024-12-12 04:15:00,1821.725598326467,1829.8730786826186,1821.9592775938816,1822.2070159281004,8221.12781195325
2024-12-12 04:30:00,1799.0608905859333,1808.0083278008242,1800.0869773033965,1797.5407076768624,5190.395167052821
2024-12-12 04:45:00,1813.8272415900299,1818.148395978362,1812.7542145059283,1817.0240817993165,6980.250745292795
2024-12-12 05:00:00,1792.8891417760403,1800.722955922913,1788.1062749554533,1795.5534167846517,5395.713568735826
2024-12-12 05:15:00,1760.7735656939233,1772.1560113360938,1761.7991122451538,1761.8753231130013,9294.281356957981
2024-12-12 05:30:00,1759.4359112126824,1766.262311581879,1751.6555447884912,1760.4331964559476,609.7344379353913
2024-12-12 05:45:00,1767.1507957541203,1773.3942418091256,1765.5935644448157,1767.173850379985,8921.106179281149
2024-12-12 06:00:00,1737.0395541661715,1743.1713244846742,1734.0058172156278,1735.112233737817,8383.80314654682
2024-12-12 06:15:00,1743.6621423777315,1751.1036509145424,1744.2007317662635,1746.110690392988,7496.72041403052
2024-12-12 06:30:00,1714.4519653019229,1725.8749867457277,1712.0455735475596,1719.4197272007102,1891.9593173966296
2024-12-12 06:45:00,1720.4942747470882,1727.685842940583,1715.321838513375,1723.5569772670542,5854.316313137343
2024-12-12 07:00:00,1742.0869446682061,1748.5243593258758,1738.7248411511478,1744.015202873776,3441.7580688966877
2024-12-12 07:15:00,1746.9264393695444,1757.222088323315,1748.2548595454293,1755.2567011978938,4863.254796658525
2024-12-12 07:30:00,1761.9677835687557,1767.5434852535568,1756.1215769571147,1759.3300366018602,6736.286004690625
2024-12-12 07:45:00,1750.5730888350286,1757.9843216494896,1748.6849896004937,1748.928315815036,9653.470929944997
2024-12-12 08:00:00,1739.7094219409942,1745.7936151346694,1738.05930077377,1741.1191361765905,5408.275623252625
2024-12-12 08:15:00,1722.5528194473102,1726.4232852950915,1716.7377468153202,1727.2633476981193,8382.779733978417
2024-12-12 08:30:00,1724.2632334199618,1724.2530427584368,1715.5441292242315,1724.4296381786696,7869.022603123839
2024-12-12 08:45:00,1733.4470135572683,1736.0517989887976,1727.2446475793522,1728.8607108966976,8566.459580950057
2024-12-12 09:00:00,1718.0331456891454,1719.8475163435658,1713.5580038767444,1716.3078805703574,1841.8325634301134
2024-12-12 09:15:00,1705.397295445702,1707.6520493575622,1698.3663261331446,1700.615836903577,4112.849349346622
2024-12-12 09:30:00,1690.6948469510794,1696.2563732297526,1686.0447234924038,1692.4903234288781,3471.144660367987
2024-12-12 09:45:00,1684.6109974070405,1688.204290056598,1680.1540356547807,1687.5190296628753,7366.82801900783
2024-12-12 10:00:00,1670.2813637240536,1675.3539549671657,1662.1498836044805,1674.758746560724,8264.782612675823
2024-12-12 10:15:00,1678.2129241830671,1680.8810399405206,1673.4357531298313,1677.9364525846686,6206.500939119876
2024-12-12 10:30:00,1681.6489073753785,1693.4404549631774,1678.2967281965773,1684.6362594435934,7175.974704855522
2024-12-12 10:45:00,1700.8431789292954,1706.278616949151,1694.223258109298,1701.6733168313192,7706.900747953702
2024-12-12 11:00:00,1695.5361121821932,1696.8836194130697,1688.740320576374,1694.4914201054169,6028.136742694732
2024-12-12 11:15:00,1705.1035379819525,1708.3936638038117,1697.5562282579745,1705.5135204897194,7606.959793799824
2024-12-12 11:30:00,1706.1144224568018,1708.9738500835065,1699.6678888579722,1708.5172067454114,3954.643662277646
2024-12-12 11:45:00,1698.4178040655286,1705.6718106743597,1695.257967926295,1703.4283409105258,5482.877049011604
2024-12-12 12:00:00,1693.8790126026283,1702.6266828093967,1691.567707002846,1698.3123071622363,4833.708806884184
2024-12-12 12:15:00,1704.9581159110942,1709.9944814949035,1700.3150183447913,1698.611418168772,9966.91380504424
2024-12-12 12:30:00,1697.3274675699568,1696.6984869490823,1689.4492336650142,1693.005875391162,4641.053821671275
2024-12-12 12:45:00,1688.3855854777987,1689.011139950126,1680.4289159992734,1685.608756935585,3332.2593086198694
2024-12-12 13:00:00,1706.720050331963,1709.5138862577899,1699.0466401371873,1697.6202162533748,4048.9751271441933
2024-12-12 13:15:00,1708.536316268835,1707.4472628831682,1702.3989806069662,1702.0831298143478,9710.016331982317
2024-12-12 13:30:00,1709.4738509413946,1708.3002311040204,1701.1647011441228,1706.0121827548878,7152.593189918144
2024-12-12 13:45:00,1694.6248693838734,1695.3851059366982,1685.3249520232337,1689.3847244600363,5070.4387929666555
2024-12-12 14:00:00,1701.8345596037075,1711.4379265516816,1699.1780401165408,1703.7577415954354,9903.570152270107
2024-12-12 14:15:00,1699.300283930951,1702.7513776469746,1693.5084487402464,1699.9817311704758,1607.4829449735735
2024-12-12 14:30:00,1703.1846254662828,1710.8585596261767,1698.204028617355,1707.117087572877,4154.689796256664
2024-12-12 14:45:00,1707.1904892377004,1715.5769889052372,1705.251190624612,1711.2419581011568,7290.745623001366
2024-12-12 15:00:00,1706.1017988892477,1704.6358537793787,1694.5983049938027,1698.7060860572285,4446.898452055471
2024-12-12 15:15:00,1701.572116741404,1707.334874354353,1696.304319192166,1699.4368572302437,4923.546038593912
2024-12-12 15:30:00,1710.2880525780972,1711.587412195344,1701.8308503465869,1704.8703199618255,3213.4090075099757
2024-12-12 15:45:00,1716.0242670774387,1720.1805781571672,1712.158742678558,1715.2373392343611,345.9544195508163
2024-12-12 16:00:00,1729.5625413004707,1731.818998751545,1723.3898028763701,1725.9702561029887,5049.092517490236
2024-12-12 16:15:00,1721.4647540667386,1731.0160121315578,1720.288805544981,1723.3399905096837,8754.438226667495
2024-12-12 16:30:00,1739.4380340540745,1739.5863955986345,1729.155601463505,1731.4678991709466,1422.8826277315618
2024-12-12 16:45:00,1740.9589982894502,1742.6754244649105,1732.173555241754,1743.8125481730524,2503.277561331817
2024-12-12 17:00:00,1730.6990252930007,1729.8344427778968,1723.5013369410722,1726.9659290978302,5760.920276809684
2024-12-12 17:15:00,1712.7992645346758,1715.0946245808989,1706.6673114757202,1710.128812660307,4565.708143406505
2024-12-12 17:30:00,1732.7794543002894,1732.3349248763316,1724.2218616379082,1733.1693589820559,237.02639367509363
2024-12-12 17:45:00,1730.9657041651749,1740.4149021140151,1730.6114023028051,1738.4727008949408,164.6999131645054
2024-12-12 18:00:00,1739.9423086279357,1745.4000576349665,1736.1379793186147,1738.9317097775377,746.3434370987397
2024-12-12 18:15:00,1723.0983087353463,1729.1665445825652,1719.6762191750524,1730.8718283315877,9023.377268592712
2024-12-12 18:30:00,1713.1557496921405,1717.9227011210016,1705.8648649501508,1710.4079293567822,4143.52628716754
2024-12-12 18:45:00,1718.527442449548,1728.1738997590824,1716.8737141499146,1723.684716240675,9609.453756374465
2024-12-12 19:00:00,1740.94614585125,1747.718316798207,1739.3430801568268,1743.954938833349,9430.271155818305
2024-12-12 19:15:00,1749.9058587426491,1753.1386925709103,1743.6192721729403,1749.2299662777355,5602.539187962847
2024-12-12 19:30:00,1741.4020882672653,1746.9158763981675,1736.998699025073,1738.656661320671,658.1859878265326
2024-12-12 19:45:00,1732.1195684151683,1735.4430063431428,1724.4501466412773,1730.796568279829,6953.842322491475
2024-12-12 20:00:00,1728.395128836155,1733.4472744108236,1722.720448053764,1727.7299915075903,3836.8747586780023
2024-12-12 20:15:00,1740.866100834877,1741.8604208685,1733.280618247608,1739.588576833897,832.3104710364873
2024-12-12 20:30:00,1745.7367730800208,1745.766059265308,1740.0160510097944,1740.642017413515,8394.047411344449
2024-12-12 20:45:00,1726.593597506051,1730.8804054179907,1719.1804457493274,1722.53242144682,3328.668163489872
2024-12-12 21:00:00,1730.098999214729,1737.6653195903757,1724.8855891476094,1734.3270204318676,452.3029735778688
2024-12-12 21:15:00,1719.2770351899708,1721.0475992168097,1711.525128053131,1718.7844979564018,1518.7822772202715
2024-12-12 21:30:00,1751.8553161442994,1753.8215905916754,1747.4691233623628,1746.033478439644,2406.393742833792
2024-12-12 21:45:00,1767.4931217492963,1772.4714378748397,1757.3343631105374,1765.0478154987265,3049.06591634342
2024-12-12 22:00:00,1768.055229488024,1775.9753630946861,1764.0911365108689,1770.900296790389,2432.0013278887086
2024-12-12 22:15:00,1777.6319743083693,1788.0634635529993,1774.1245445782426,1785.3392127151233,9195.123731897751
2024-12-12 22:30:00,1786.1612515667919,1792.0234532012996,1780.4439597151656,1783.7065071070213,7548.763106958154
2024-12-12 22:45:00,1795.4166202806152,1799.9599730000268,1792.1486395650752,1799.9998910206875,5015.786339044687
2024-12-12 23:00:00,1798.1698645063505,1806.4951303929217,1792.3047217499,1794.6848057177915,6879.04817310498
2024-12-12 23:15:00,1796.5201940808665,1808.9955137465233,1795.239117698178,1803.7023274718833,850.7799097456912
2024-12-12 23:30:00,1807.0952616022448,1811.1478183332256,1800.8907044747557,1804.6457617849899,8508.763775731799
2024-12-12 23:45:00,1795.1155645114043,1793.8616087040164,1783.4572570798894,1787.2803493616566,9008.666338444662
2024-12-13 00:00:00,1781.0267902004682,1783.5529275563892,1770.310981132919,1772.5227606096266,5247.92788696784
2024-12-13 00:15:00,1771.01486275159,1777.8199581093052,1766.9932863323065,1770.6858194890674,1353.0508947692226
2024-12-13 00:30:00,1776.4668286494725,1782.6015414957897,1772.7150711490776,1779.368516496937,8182.045202297458
2024-12-13 00:45:00,1758.7655545550535,1759.511508592387,1748.8416026659231,1760.1666514780477,5080.739974465121
2024-12-13 01:00:00,1770.2892762056858,1774.2471221047463,1766.1217971255383,1770.8971579520291,812.6020660242591
2024-12-13 01:15:00,1758.1774965506531,1768.1226534183822,1759.2563165060687,1763.6159389066233,8193.352573721373
2024-12-13 01:30:00,1747.675104489868,1757.7646731973102,1745.5214565078252,1755.7284806940447,3288.741045622487
2024-12-13 01:45:00,1756.3075072010934,1763.787679290763,1751.2951167847127,1760.5648317443174,3718.493434700531
2024-12-13 02:00:00,1770.2463437943488,1773.9234626282662,1767.2684132754848,1774.1279163569643,2242.0348186909164
2024-12-13 02:15:00,1774.9639205856524,1773.874632702527,1764.75247738584,1768.3369488005737,5485.405723918023
2024-12-13 02:30:00,1774.8780828913302,1777.2834851729465,1766.5240538958262,1770.156807189338,8754.707230953278
2024-12-13 02:45:00,1795.4445798198362,1798.4784086945003,1789.6947868307775,1791.2338443067658,3515.934179264439
2024-12-13 03:00:00,1815.5485992965812,1820.4765266832046,1815.5381477378194,1819.470101082641,2044.2524461326
2024-12-13 03:15:00,1833.8009274590152,1836.5655969521722,1828.3452389277518,1831.363544085365,9749.539972099641
2024-12-13 03:30:00,1833.9638564194934,1838.7041975834252,1828.501248179512,1830.6375704247987,7215.988462276602
2024-12-13 03:45:00,1829.1904527152315,1829.7531656323129,1819.6263818411448,1824.3566103807952,8646.987672580195
2024-12-13 04:00:00,1806.8411907232507,1804.2068142276632,1797.0807619930322,1801.3490005328274,1331.91259244638
2024-12-13 04:15:00,1802.5965769538354,1808.0936397710148,1801.736184302967,1803.3696218657403,570.8678382232707
2024-12-13 04:30:00,1813.5485585751335,1814.060480556105,1807.8059141691954,1811.3321615090788,3138.821865069339
2024-12-13 04:45:00,1807.061361445223,1808.9447928160373,1799.5876946467968,1807.4411181249786,431.7909119797927
2024-12-13 05:00:00,1803.1755424432974,1808.8745846394502,1798.282060298126,1803.0335869986027,9197.182350633848
2024-12-13 05:15:00,1785.764893578647,1789.3336618888868,1778.345588369001,1788.019110193693,201.95746578711365
2024-12-13 05:30:00,1806.2956162474568,1808.539049031854,1799.937671361631,1805.9583511119743,5750.95205963705
2024-12-13 05:45:00,1808.3970877366778,1814.3084859637697,1802.560823826449,1809.0567075801296,5318.79661010415
2024-12-13 06:00:00,1808.2695308542109,1819.022557215124,1807.0788120234577,1813.595715944335,1437.120814576127
2024-12-13 06:15:00,1829.7133993814634,1832.367705360438,1821.928734324164,1824.077908065657,7137.891522049317
2024-12-13 06:30:00,1830.678004210226,1833.32411309356,1823.6139468284211,1830.9021571743717,996.6028984394073
2024-12-13 06:45:00,1820.1504867703834,1828.9976338930546,1820.0088063183903,1821.892640953667,6035.052971046201
2024-12-13 07:00:00,1821.492945033435,1830.1931387498987,1816.4409367062233,1822.8769083690675,4199.204297434231
2024-12-13 07:15:00,1810.3742934483082,1809.354432626016,1798.047997739368,1803.4523987040736,825.465803065109
2024-12-13 07:30:00,1782.599719285831,1790.479474690781,1779.4453801343607,1783.2136670270102,7372.2686951230835
2024-12-13 07:45:00,1781.7468402252723,1783.4190656213011,1774.883706890334,1774.1895505430984,1102.4348428886997
2024-12-13 08:00:00,1769.369027778257,1778.3904194345178,1763.6571010791954,1775.7502384892757,910.9959773945105
2024-12-13 08:15:00,1766.8256622480885,1778.919383101201,1767.8201262017383,1774.5554398037193,8758.830451439404
2024-12-13 08:30:00,1790.0032103368512,1797.097547536146,1783.4312388424426,1788.2472877377315,3951.6617267062247
2024-12-13 08:45:00,1766.486605622277,1769.793772769098,1764.538369961742,1764.3725568399518,7025.149326461117
2024-12-13 09:00:00,1768.1666321753341,1768.5238815327934,1758.3776463244717,1766.8006728071675,2420.4916294697705
2024-12-13 09:15:00,1767.013339205916,1765.497590037882,1755.5532714987983,1761.3796823825337,6185.358138786376
2024-12-13 09:30:00,1763.6841082713634,1770.404064524297,1761.8041137291962,1763.5990432189374,7088.716313884456
2024-12-13 09:45:00,1765.7574113032283,1776.8970396889704,1766.6504429889585,1766.2789693216087,5359.71829556691
2024-12-13 10:00:00,1784.6861856880046,1785.730182526463,1775.656326869782,1779.6956086857651,5680.178209988436
2024-12-13 10:15:00,1800.0516390293865,1800.211463199325,1788.775306297311,1792.9411389627098,9334.984577032961
2024-12-13 10:30:00,1792.9539014844768,1796.461859683901,1788.1741211260676,1792.2413449485073,3472.563973639595
2024-12-13 10:45:00,1767.3888758221574,1774.2460172074518,1759.9274301211742,1766.391431334513,1280.24277137901
2024-12-13 11:00:00,1779.4512382772325,1786.0389025812876,1777.4370712701532,1781.0745703555424,8584.111915861266
2024-12-13 11:15:00,1789.9941838100672,1791.000962179371,1784.5221159583425,1783.8170742503698,5240.8490600637
2024-12-13 11:30:00,1777.695466035755,1784.1307886052675,1773.3681998192556,1775.243495613238,7357.082277913787
2024-12-13 11:45:00,1756.239591310957,1765.8538090522493,1755.6346098541399,1763.372011662213,4653.818283335454
2024-12-13 12:00:00,1772.3435854629354,1773.6779320446362,1766.318793323918,1771.663853562079,6711.401236186705
2024-12-13 12:15:00,1766.1981418112305,1769.8713202089486,1764.914417760084,1765.095490847395,896.682175417112
2024-12-13 12:30:00,1789.1767272032516,1794.4048379445962,1784.811819209989,1785.380311603554,9214.5115281008
2024-12-13 12:45:00,1799.6858521088438,1798.0384174709463,1787.676493264422,1798.2076848884112,6112.5686878593315
2024-12-13 13:00:00,1795.3694507684606,1801.804459586421,1794.1726729664429,1795.5469373972905,5567.430648313141
2024-12-13 13:15:00,1814.5138393404104,1817.1915792785092,1806.293958378769,1815.723784727438,6360.98501572309
2024-12-13 13:30:00,1804.7249204909672,1804.7019649826293,1798.3680123780423,1801.6335608402476,6987.412434571624
2024-12-13 13:45:00,1805.7185313711582,1810.512866632771,1798.0737273227166,1803.0133344369797,8438.170073033536
2024-12-13 14:00:00,1809.0812660655663,1812.7936597548676,1804.286972052566,1809.1076244342948,5790.441605089814
2024-12-13 14:15:00,1821.525278754681,1829.649901110782,1815.884837682854,1826.047635038459,128.75462117728514
2024-12-13 14:30:00,1825.0701438800713,1827.5431460684892,1818.3183365077361,1825.2621152670533,7836.997606010895
2024-12-13 14:45:00,1830.0183669063097,1835.9872316031926,1822.8270211558822,1827.7937293976145,4700.167462387865
2024-12-13 15:00:00,1836.1359217756035,1834.7251629949096,1829.0200790562685,1836.5282550592174,2055.4755827572217
2024-12-13 15:15:00,1813.915461368587,1823.6837105159798,1809.6800613296095,1821.8440690388313,2252.1884288551914
2024-12-13 15:30:00,1821.015786443462,1824.917799472535,1817.8352731575492,1825.9911361372929,4019.297375628594
2024-12-13 15:45:00,1786.427311917908,1791.8199185146732,1778.6254630933631,1785.7433116791908,4397.5395817211365
2024-12-13 16:00:00,1765.0244878097224,1774.3487148827005,1759.4735759418902,1767.8902955533392,3189.4254832343127
2024-12-13 16:15:00,1781.0288117728542,1784.9602977057352,1775.8537537651107,1782.6022721464728,3630.154018377952
2024-12-13 16:30:00,1788.9650543077028,1791.6843358797294,1779.54195346178,1785.3216588727241,2707.210103893221
2024-12-13 16:45:00,1794.029495312895,1795.4614496189677,1789.180127180001,1794.800964767907,8555.908919289064
2024-12-13 17:00:00,1804.6788306450112,1812.0523877785863,1805.6507107630712,1807.5609732622056,4514.371523187731
2024-12-13 17:15:00,1804.5375124636707,1807.8829586063628,1799.3760516263262,1804.416692857758,2558.49414920727
2024-12-13 17:30:00,1806.8389473323577,1811.8000787041472,1799.127010836085,1806.6322970232823,2951.5167048568446
2024-12-13 17:45:00,1801.1944391544566,1802.5225698759768,1797.2045467132134,1794.7348392606443,4525.233518910721
2024-12-13 18:00:00,1795.7728406444087,1797.9930273913192,1790.1562218836445,1795.1748973213419,3361.472648972559
2024-12-13 18:15:00,1796.7654058231476,1807.2411141596776,1799.3217837711459,1802.3810352336566,6318.246077613426
2024-12-13 18:30:00,1799.310843112291,1808.7130772212902,1798.6815792349462,1803.1539097994544,1303.3332132573055
2024-12-13 18:45:00,1791.3012982552557,1797.9969811333515,1786.263392391981,1791.8804785294697,8243.431151586621
2024-12-13 19:00:00,1780.9462225321224,1787.8482872631905,1774.4850622127083,1783.3075531108045,8702.122805988167
2024-12-13 19:15:00,1799.1106074880554,1805.914331034054,1794.6140170811345,1798.9686759156432,6133.657514764602
2024-12-13 19:30:00,1796.0381247107323,1807.6187653419777,1797.9810711327364,1803.1583172484607,4971.477363287484
2024-12-13 19:45:00,1795.3484712970285,1798.615998421903,1787.6287098185448,1798.6717102358732,4470.512684949709
2024-12-13 20:00:00,1786.7809280561278,1787.3658924337005,1780.1713258220664,1778.9735741238696,1550.0877165762804
2024-12-13 20:15:00,1780.6761593446915,1783.5420507625922,1774.0473488614462,1779.758673085934,4140.589084106086
2024-12-13 20:30:00,1790.4649667977385,1791.575035323473,1785.00042383571,1783.790275896373,4861.900433121152
2024-12-13 20:45:00,1783.9734342405452,1793.3501125663777,1779.767642826012,1785.9865898968824,5682.518286805087
2024-12-13 21:00:00,1786.7007056508605,1787.4219993104816,1780.137160367222,1784.7745723838666,2490.8198818634028
2024-12-13 21:15:00,1791.0298025351644,1792.9769949061372,1786.1618491077868,1785.257813589918,8549.070353480207
2024-12-13 21:30:00,1791.1791411697639,1795.8245742491463,1784.5615461731702,1792.7422607888975,1289.6716401275005
2024-12-13 21:45:00,1792.7186816349542,1799.0759102994978,1787.6489604202861,1793.365942881875,3716.4072183412127
2024-12-13 22:00:00,1790.099140981982,1795.6684877389628,1781.3096670523892,1787.209676261306,6106.637300944754
2024-12-13 22:15:00,1768.145306915544,1774.0953054776473,1766.1080331913304,1770.9127429327375,4465.591221266059
2024-12-13 22:30:00,1741.5641278849077,1753.1021662980338,1741.602645939298,1747.6386208148367,8832.796009105414
2024-12-13 22:45:00,1741.0742120196444,1746.1162053635571,1731.8667345435733,1739.7399386783995,8626.090275993112
2024-12-13 23:00:00,1726.3229364086103,1736.065746569147,1722.8905531781163,1727.954251984613,5686.150866550706
2024-12-13 23:15:00,1739.2717179405106,1744.465804185017,1734.585043275077,1738.2611742415877,7430.387582717056
2024-12-13 23:30:00,1734.9990572746303,1744.7096989595204,1735.633826245529,1739.784035834703,3139.3183129179356
2024-12-13 23:45:00,1752.1782671719316,1757.6573679204876,1744.302875363629,1749.8535524258043,5859.31304570401
2024-12-14 00:00:00,1757.6140036021256,1765.5907787161987,1753.948061097482,1758.9667847194023,8554.211119671856
2024-12-14 00:15:00,1746.1497710136016,1752.0571536540203,1742.3526337915164,1748.0270488830117,7904.802710322983
2024-12-14 00:30:00,1753.2614942134173,1758.469492909844,1746.857726347434,1753.1946100694588,1963.3750318644386
2024-12-14 00:45:00,1740.2382679767866,1747.6491116238303,1733.497819803522,1739.1408025346757,3713.659025750914
2024-12-14 01:00:00,1754.883529738934,1765.5188390924409,1752.9824755025245,1754.072509994868,9767.395634966519
2024-12-14 01:15:00,1766.8951758407381,1776.2175748285492,1765.4925224003623,1773.3937990977442,6167.2118851655405
2024-12-14 01:30:00,1762.8119820483091,1774.1149511009976,1761.8701216095674,1770.054193521964,2221.0477970841407
2024-12-14 01:45:00,1783.7496172094568,1795.0709811001068,1782.8704229794582,1791.0724786248638,1805.055410178937
2024-12-14 02:00:00,1802.7738614954476,1808.0389536947785,1799.4203148944537,1802.467181040139,8053.400188827624
2024-12-14 02:15:00,1798.924077447607,1806.0453549815727,1798.3795348084636,1801.244622400527,9635.849422910213
2024-12-14 02:30:00,1822.3382208575529,1829.2577889789263,1820.8177956603988,1824.1104120063094,8081.3948662544
2024-12-14 02:45:00,1827.4665353970042,1833.1035412725732,1823.2597195127435,1824.527962488937,1690.6001151317937
2024-12-14 03:00:00,1833.3148661350658,1833.4100480015586,1823.9999396352528,1827.50843599964,2251.204570555299
2024-12-14 03:15:00,1822.5329770772912,1826.5778046971081,1818.1034025696265,1819.0834262346261,7546.677419040106
2024-12-14 03:30:00,1845.9073735354064,1847.707773088611,1838.0972730457825,1843.98889294953,5618.539773255113
2024-12-14 03:45:00,1829.1700774428416,1833.4407132790009,1822.959686536742,1827.5447280312023,8900.948672599581
2024-12-14 04:00:00,1798.7335420043983,1803.754406097792,1790.8321045091777,1794.5458718859659,6493.871606018996
2024-12-14 04:15:00,1790.6962305657717,1791.4252169991412,1780.3294753616049,1789.964012324967,6697.346692490824
2024-12-14 04:30:00,1789.803505272893,1795.5230411010511,1781.1435980298654,1787.1073754587032,1742.5387458685846
2024-12-14 04:45:00,1793.9949107465432,1794.5080481447494,1787.3568534811525,1788.8917457419145,8965.31186469178
2024-12-14 05:00:00,1802.9723439432294,1811.001178679407,1800.3308499099626,1803.741238891497,6404.06354039
2024-12-14 05:15:00,1815.3533538861955,1819.5923539506023,1811.7099106002352,1813.0966358207186,9505.813886661841
2024-12-14 05:30:00,1811.1058962109632,1821.3725481745275,1809.957405730029,1818.9599962468903,7720.586034009765
2024-12-14 05:45:00,1806.2449272159133,1814.1279248881337,1799.915154293664,1812.182372601176,9526.508703683017
2024-12-14 06:00:00,1813.4265275134612,1820.2113778443654,1813.3312396432186,1821.6372597599982,8097.701145856653
2024-12-14 06:15:00,1837.6809898867373,1844.8330012727106,1830.2798032707794,1836.7376396100196,3777.640046522236
2024-12-14 06:30:00,1843.7432985091536,1845.0132108186635,1832.673783274619,1835.5290544385264,391.98486239154914
2024-12-14 06:45:00,1824.1284852777894,1829.154445566213,1814.605121938172,1821.589866561487,1514.9614029125055
2024-12-14 07:00:00,1811.0633343360403,1817.5846150163954,1806.1221893490451,1812.7687557630745,1526.2038591712696
2024-12-14 07:15:00,1843.9965266018266,1852.935974283746,1845.3236323205965,1851.0585778803052,7898.498476704435
2024-12-14 07:30:00,1856.1659961838484,1856.9354443818277,1850.0595144346253,1853.374247205106,7273.332112017124
2024-12-14 07:45:00,1850.400602988806,1852.9169032549905,1840.985333436778,1845.361599746513,2426.9392702776017
2024-12-14 08:00:00,1879.1230218926662,1882.3479230824148,1872.9184872139087,1881.1113335718535,1068.3969335451447
2024-12-14 08:15:00,1840.1541084684789,1845.4601483946385,1834.1896308923945,1843.8798153860907,9064.362780244146
2024-12-14 08:30:00,1863.987604746787,1872.8602531220688,1864.4847138428397,1864.3475028814282,4601.674378663925
2024-12-14 08:45:00,1887.4804536898648,1890.2586699313415,1880.4390765888434,1887.306108668988,2440.8067425377317
2024-12-14 09:00:00,1876.8577638037448,1879.3799389181504,1868.6947010262259,1870.8857810960687,3747.590099608568
2024-12-14 09:15:00,1877.7632201095428,1880.4118066062326,1866.940424996623,1879.1064006416707,9644.98013318698
2024-12-14 09:30:00,1897.0434613464502,1900.4239061552119,1890.3022431619138,1891.3366679302876,993.9248037657164
2024-12-14 09:45:00,1869.1875761351819,1875.3094471689737,1864.7031683318896,1870.0762593693653,1154.471036720828
2024-12-14 10:00:00,1894.6755477203112,1896.0605617478616,1885.0890432080787,1887.4305773189717,4442.905409288318
2024-12-14 10:15:00,1894.7975860255162,1907.107197563812,1897.372297793449,1902.1930579832567,7523.11311050199
2024-12-14 10:30:00,1913.9938396508003,1912.8590883845045,1907.0817795735218,1914.3652597309133,4118.758299006486
2024-12-14 10:45:00,1916.0881142816786,1926.4576845038662,1915.8027056472129,1916.0635532622907,4381.477603097336
2024-12-14 11:00:00,1925.7761691123903,1926.1022472704985,1915.2730341175318,1921.321749767111,8995.832028419587
2024-12-14 11:15:00,1892.1331799361387,1898.5323187201159,1891.4651877126223,1898.1786496468578,9633.056630409303
2024-12-14 11:30:00,1890.7197053918671,1895.7194445973942,1885.129765533105,1893.9514618480168,1185.247369179169
2024-12-14 11:45:00,1901.9364990234242,1907.5614468163903,1901.6128654156385,1900.1216456248349,9339.276509943064
2024-12-14 12:00:00,1916.7607249977377,1918.436589488084,1909.545992437252,1914.4517788138726,8503.097864774734
2024-12-14 12:15:00,1913.7863609747656,1912.7967700751562,1905.8097433783655,1909.1367622196638,6011.153242355049
2024-12-14 12:30:00,1897.3278778037695,1901.2147688603507,1892.8045662075033,1894.792684129482,7677.944355830178
2024-12-14 12:45:00,1910.64007475582,1917.7571573475484,1912.2957141145196,1912.2089014100907,5153.472811508019
2024-12-14 13:00:00,1893.9644385977567,1901.0280748516232,1892.0891007749233,1894.206767157255,2148.8606251503898
2024-12-14 13:15:00,1886.7375210441503,1894.2792297543383,1885.3771717577883,1888.2907747001284,9271.785376909529
2024-12-14 13:30:00,1878.8711351157165,1879.435883059045,1868.2146160469663,1872.9392885793436,6044.250087893989
2024-12-14 13:45:00,1859.3521747030063,1869.3597755910785,1858.2683582551279,1862.8708475160272,4699.225791395248
2024-12-14 14:00:00,1851.7225222312109,1856.5959997009652,1846.7998902410209,1852.2115070257012,3482.7195846887626
2024-12-14 14:15:00,1861.6432779122997,1866.6431266407678,1859.2223547182534,1856.6502344414087,2461.0262056725305
2024-12-14 14:30:00,1858.1846450370776,1858.4058538583283,1852.6755745418307,1860.2257306923043,4590.918336207592
2024-12-14 14:45:00,1856.4593928859451,1866.8014820011006,1853.7809201056957,1858.8287765956948,7427.210774364222
2024-12-14 15:00:00,1855.334479838826,1858.4567650277788,1847.4704014138956,1852.496935209319,3632.759992807084
2024-12-14 15:15:00,1843.12723063296,1847.1742163142449,1837.3764330387337,1843.4986941144962,9482.16911457354
2024-12-14 15:30:00,1830.837358764846,1840.2921190193463,1827.438888106976,1835.5782064993855,6163.058598660688
2024-12-14 15:45:00,1848.0003039551302,1857.0563511731582,1848.65071940391,1848.9106002913727,844.2076191211185
2024-12-14 16:00:00,1856.000723665376,1856.666011606597,1846.0025626174731,1850.3749854132095,2876.7560889932556
2024-12-14 16:15:00,1862.94316334985,1862.6590587344435,1851.851748263533,1862.5709983798492,8819.747907968664
2024-12-14 16:30:00,1859.0998840280595,1862.5615429549716,1851.961006412472,1860.013552332896,6193.223273085759
2024-12-14 16:45:00,1879.3416093983535,1877.129563882353,1868.6016124525215,1873.3911315868922,8516.29239746308
2024-12-14 17:00:00,1849.2821845847566,1854.478070988986,1845.8116187466615,1847.4955500596636,1712.6811567083444
2024-12-14 17:15:00,1844.6016844633355,1846.7756319283533,1836.62067445047,1842.911444659356,4340.556174405317
2024-12-14 17:30:00,1845.8515022102704,1853.1317367962465,1843.9373520109336,1850.53988251741,5867.333616443218
2024-12-14 17:45:00,1866.42053611228,1869.2523257200971,1856.6676724679232,1860.1060778260946,4079.807203526452
2024-12-14 18:00:00,1857.6187693838287,1860.03614687241,1849.6105747321678,1859.8294145873863,4407.649623008941
2024-12-14 18:15:00,1849.4782021584888,1856.3614310787727,1850.0618261471238,1851.1533857885427,6225.935764879636
2024-12-14 18:30:00,1863.807061209784,1871.2278028123665,1860.301198742485,1866.9446530358343,5174.975128710315
2024-12-14 18:45:00,1868.9978776400142,1871.0680315733096,1857.6243978815496,1867.2688890635454,1945.8892666800034
2024-12-14 19:00:00,1843.1887582334377,1855.041211606079,1840.0401400165824,1844.7590469194918,8545.181585583747
2024-12-14 19:15:00,1852.4977851853776,1862.1915165413166,1848.9586668123836,1850.8074311151236,4544.615551703901
2024-12-14 19:30:00,1821.297510515781,1831.4338182523875,1817.7558205823207,1821.4529256702451,1137.3441854505113
2024-12-14 19:45:00,1836.1182674474305,1845.274990797536,1832.223066931213,1834.7440656887156,5993.947289793912
2024-12-14 20:00:00,1848.3225085629701,1854.1220885959315,1841.86638620352,1844.2923948677962,1682.4723105404582
2024-12-14 20:15:00,1858.068766352323,1864.03270104709,1855.6003149363137,1858.6470551610962,4651.757459580362
2024-12-14 20:30:00,1873.609783531055,1872.9477854646898,1865.759790679419,1867.3475612775064,827.4017344518114
2024-12-14 20:45:00,1841.3984674462818,1851.545892839195,1838.9623225834005,1845.475623984292,7254.549266087894
2024-12-14 21:00:00,1837.1553968020185,1841.5605691743185,1832.5669410328794,1837.0618721598998,3102.9021262591878
2024-12-14 21:15:00,1816.4617562967492,1827.1765713700665,1814.6517371415378,1822.7952505904273,1079.7667853152502
2024-12-14 21:30:00,1822.8160278838593,1826.1713573374625,1815.3011079629873,1818.1979286918456,7571.152336522631
2024-12-14 21:45:00,1802.9989395369184,1804.3937412108962,1794.851688394744,1802.5805679743041,5789.4505220949095
2024-12-14 22:00:00,1783.2269844653579,1787.9030693069788,1780.9645568828732,1787.7932309559367,8172.647430949878
2024-12-14 22:15:00,1781.8687310411735,1787.243477034082,1779.6048027741952,1787.7864352788117,9750.24690329364
2024-12-14 22:30:00,1785.4184685842063,1786.8947557059428,1774.8324763245726,1781.2008656685503,4314.350965280585
2024-12-14 22:45:00,1779.8364207433622,1788.9952914805356,1776.7217962210484,1783.5027270836388,9202.614029745708
2024-12-14 23:00:00,1777.9215703402085,1785.9560823118056,1775.836424398574,1784.0169866842025,4617.279339355291
2024-12-14 23:15:00,1777.09171615736,1779.2789391166814,1766.582020512745,1770.1335529712462,9435.083667652254
2024-12-14 23:30:00,1763.482070506567,1772.3784089717233,1761.4449767312117,1766.9974980227348,9456.504965836095
2024-12-14 23:45:00,1778.3130630191843,1783.321762253556,1774.0133503377183,1775.1171254436426,5921.822161911325
2024-12-15 00:00:00,1780.4253164425377,1783.2267039265505,1773.129967274259,1778.1526826446145,7978.567458849245
2024-12-15 00:15:00,1806.4378880342538,1805.244806189594,1795.663823275474,1802.6812339041824,3496.6566113577373
2024-12-15 00:30:00,1808.044240539093,1809.88657222067,1800.596065356547,1810.7468564008661,9015.79948684412
2024-12-15 00:45:00,1798.8576524194325,1801.135205559319,1792.216981043659,1792.742446600067,1515.0227505235432
2024-12-15 01:00:00,1794.3721730236477,1802.5795430052926,1792.4728948181605,1790.8600616553244,1653.1691012539272
2024-12-15 01:15:00,1797.428367117751,1798.69812051699,1793.0807391379685,1791.347709398526,1316.2755221384587
2024-12-15 01:30:00,1791.1233742917946,1801.781895465125,1789.8619535154041,1798.3139096137513,4359.999953096994
2024-12-15 01:45:00,1805.7986799407245,1805.7606205514414,1795.101687328742,1803.4679883370911,5817.263508501061
2024-12-15 02:00:00,1798.2411315152885,1800.7923412365146,1788.206430087147,1796.2575398131955,3029.49662602798
2024-12-15 02:15:00,1803.5349677230136,1810.168177558606,1800.434308051717,1808.8145026690886,6527.937420316202
2024-12-15 02:30:00,1811.546218541117,1817.512236855899,1807.3028173770815,1812.5974387661543,2705.565770310175
2024-12-15 02:45:00,1822.9184115981163,1830.5340880402148,1823.6433642877857,1828.6123392063548,9254.322065331948
2024-12-15 03:00:00,1810.4244886782096,1816.2193190895953,1802.529327886258,1814.1045203774845,6768.840806479541
2024-12-15 03:15:00,1814.6972662897886,1822.9242861749724,1808.8638965905116,1810.52083796029,8781.215290681484
2024-12-15 03:30:00,1825.3058952722758,1829.5852000186223,1817.8485269670664,1826.636078046604,8919.480577016626
2024-12-15 03:45:00,1816.023745334771,1822.7010345424894,1812.777911132097,1824.120899031514,4766.266701213742
2024-12-15 04:00:00,1806.419415432315,1807.4523441892886,1795.4706848811118,1800.4371839880569,2728.579233206427
2024-12-15 04:15:00,1805.9251256747566,1804.7135556049068,1794.9929510439115,1807.0881941656942,1373.5958127886756
2024-12-15 04:30:00,1788.4030233596184,1798.46933021799,1787.4419412786103,1789.0456015988873,7148.265226177909
2024-12-15 04:45:00,1809.3799660401112,1812.06875247714,1803.1853827224083,1811.7469273501742,3450.5605170201025
2024-12-15 05:00:00,1801.8726950322146,1800.0631513967026,1795.8470429569088,1802.8163686090593,443.16787265058116
2024-12-15 05:15:00,1785.278777688131,1794.720204319669,1784.1505107067771,1794.033779533186,1655.103284010792
2024-12-15 05:30:00,1781.7877696307812,1785.8344310769405,1779.237369390777,1782.623584749089,2521.6785989178725
2024-12-15 05:45:00,1812.5071210395772,1817.8086544793314,1807.8024989341193,1815.4063533892834,9395.233151993587
2024-12-15 06:00:00,1817.4476989725838,1815.3520419576862,1809.0488515522813,1810.2166232888965,8810.003804060461
2024-12-15 06:15:00,1794.0479374062386,1797.7149607580845,1790.8773419466297,1792.2151678803375,4786.56587671108
2024-12-15 06:30:00,1791.9367873767965,1797.0338691863162,1787.567993671161,1795.839517111197,9617.030511614696
2024-12-15 06:45:00,1782.101598852497,1791.5683595651628,1777.3050033224793,1780.8212421041,2435.422500149396
2024-12-15 07:00:00,1773.8266280210994,1780.0271003144428,1770.55212129201,1780.7976680650734,9354.270309363123
2024-12-15 07:15:00,1796.409899125779,1801.754581554281,1791.0531420741208,1793.6005593545988,1151.211212105263
2024-12-15 07:30:00,1801.2437697977325,1803.8783924538152,1791.0101789344462,1797.5571755677372,7883.905745301868
2024-12-15 07:45:00,1810.6531888661793,1813.376118653173,1800.689903219298,1808.3597832888984,3569.2604221473553
2024-12-15 08:00:00,1797.5589512292436,1801.448309048452,1791.8664095288043,1799.196355639442,6909.225222678727
2024-12-15 08:15:00,1796.0338572615885,1797.1391975299914,1785.9989843592987,1790.8824805716986,644.3004494166069
2024-12-15 08:30:00,1788.9258399920948,1798.3102631169595,1786.9503497465932,1793.7447520704557,2986.9730441442007
2024-12-15 08:45:00,1802.1156073771338,1805.4959845999592,1800.2273013235588,1808.0671901643218,6569.949574755903
2024-12-15 09:00:00,1807.121251728948,1810.3117021038709,1797.65254872793,1805.9654352690577,3423.9492689950894
2024-12-15 09:15:00,1798.4934097794148,1798.5890752519404,1790.0659381053215,1795.9572595407556,7912.905606820234
2024-12-15 09:30:00,1836.1782314644192,1838.7241573749293,1833.3254559704212,1835.3155749288028,6022.849497542041
2024-12-15 09:45:00,1816.8733222002575,1820.0096516764086,1813.0205755876527,1811.479808077339,6423.474087856935
2024-12-15 10:00:00,1809.0707145775502,1817.10273594702,1805.109165810135,1809.7512793261049,7543.937259180883
2024-12-15 10:15:00,1793.4549651327786,1800.2571659548162,1793.7375542996344,1795.030212135427,8095.1495868694665
2024-12-15 10:30:00,1778.0628106309475,1785.9242638177845,1778.2308294068844,1778.681858979875,9221.597466017489
2024-12-15 10:45:00,1775.9805096038313,1776.9696284864276,1771.8416442800715,1779.313020996913,6438.512730157177
2024-12-15 11:00:00,1764.116247914986,1774.344102299196,1762.4388453288125,1765.079580964888,3541.375706550275
2024-12-15 11:15:00,1768.6754455867974,1773.4317404939018,1763.8652698651679,1774.0233011110324,3433.2675585861934
2024-12-15 11:30:00,1768.630841233782,1775.2952339327028,1765.5489751156865,1773.8968477305139,4426.876866200592
2024-12-15 11:45:00,1786.819103375182,1788.5490673965833,1780.3249150697695,1787.276287285531,4941.95889713073
2024-12-15 12:00:00,1791.884987444797,1795.7254145811696,1782.728989705682,1791.8031395535982,6964.3875401588975
2024-12-15 12:15:00,1786.4958537162165,1798.310575128909,1784.3962850619998,1790.128143782923,2571.6419055698784
2024-12-15 12:30:00,1807.3501559859692,1813.985043524803,1807.1049283648404,1809.4161984929844,5577.988403307145
2024-12-15 12:45:00,1798.6754745583721,1798.3707745568624,1787.7662701847742,1791.0528763325203,1289.4381603953748
2024-12-15 13:00:00,1777.457415291101,1787.4698091539576,1776.6918374993074,1777.8178134742247,1646.901528919821
2024-12-15 13:15:00,1789.4902178134207,1794.3867461767459,1787.5884447058863,1787.8840980751716,671.964228588517
2024-12-15 13:30:00,1780.0149040736187,1785.137327993811,1773.3180676137622,1777.019311451798,4945.488435326591
2024-12-15 13:45:00,1787.0173763025507,1789.4140272703676,1778.3478999208398,1783.3835498273418,5850.64186320302
2024-12-15 14:00:00,1793.9898212887938,1798.023775999739,1786.7468250268691,1792.6631984540184,7531.738736515087
2024-12-15 14:15:00,1771.817545725988,1775.4147664895047,1769.586092586929,1767.9524534819097,3233.422247344283
2024-12-15 14:30:00,1768.7501205263243,1780.234159749518,1771.5316177070013,1778.351406405199,4100.498629454316
2024-12-15 14:45:00,1778.5751165872825,1781.7316979548677,1768.8560278049852,1774.2280950348168,7163.538190531779
2024-12-15 15:00:00,1801.3205544837354,1803.7577076460789,1790.6224234439815,1795.1383980518406,5176.736144505156
2024-12-15 15:15:00,1780.5089244081391,1780.7547006496484,1769.6423580646624,1778.7040763861353,4263.658488724465
2024-12-15 15:30:00,1789.9224153159073,1800.470822461173,1792.5062982321156,1796.4417209608703,6157.925816185898
2024-12-15 15:45:00,1794.4646362379185,1794.237357829313,1784.0277775438228,1792.0150621239889,552.3185961262611
2024-12-15 16:00:00,1789.4644669890467,1800.9566582928235,1787.435408276155,1790.223945135913,836.1954642542131
2024-12-15 16:15:00,1808.9178342471855,1816.4141230635266,1808.176031958288,1815.3525646922326,6538.09879689286
2024-12-15 16:30:00,1776.2444741106956,1780.0974090288248,1767.8707371223697,1776.380947408571,6313.36235922129
2024-12-15 16:45:00,1778.3303458836624,1783.6810185240188,1776.5951571470557,1775.6292581600867,528.0293392692096
2024-12-15 17:00:00,1764.9918000015216,1769.2852228114423,1761.601739515501,1764.4233888370588,5312.221240981521
2024-12-15 17:15:00,1745.9149165290996,1752.5478809984882,1740.5294456007048,1740.0355238735815,6821.612617229303
2024-12-15 17:30:00,1730.4334862918633,1739.6290966881072,1731.1821653245242,1738.6618716099604,7808.032001977755
2024-12-15 17:45:00,1721.2094574996518,1723.1843982163068,1715.4416406097962,1718.438578029908,4812.572001928561
2024-12-15 18:00:00,1720.7668777453998,1731.7609409746206,1718.8788603267137,1723.305716413327,535.1040590409914
2024-12-15 18:15:00,1716.024423721724,1719.385507054986,1711.2021761973415,1711.2884154819626,6673.575666563339
2024-12-15 18:30:00,1704.8014206994674,1708.3456749212291,1700.9140576177404,1705.6845536149176,5110.137674008624
2024-12-15 18:45:00,1666.8554360547198,1676.222691202863,1666.8866478047105,1669.2721907390132,698.938394490326
2024-12-15 19:00:00,1670.7591220765148,1677.80140253929,1666.7596429781684,1673.5218707901506,841.1397057058903
2024-12-15 19:15:00,1665.4321490839495,1675.3529875760441,1666.065190281582,1665.5011501144008,1083.1065835482964
2024-12-15 19:30:00,1653.859090171845,1656.5008976609472,1642.6989467332937,1650.1857911295285,8428.435051012431
2024-12-15 19:45:00,1649.5387756316093,1659.308164946041,1648.5184518315023,1652.0120161581974,8493.883854243746
2024-12-15 20:00:00,1641.1347061553824,1648.6888712257935,1639.3975062048908,1641.2601610326121,7889.889356014327
2024-12-15 20:15:00,1612.905027346495,1616.4143373722757,1603.4161225430832,1608.7478555568202,3712.4149948469976
2024-12-15 20:30:00,1599.523636431373,1608.0033665078636,1597.340373456936,1600.116800767945,5179.016762401584
2024-12-15 20:45:00,1613.065828249337,1617.9958300179267,1611.824254836716,1618.1740373622533,6114.791692562181
2024-12-15 21:00:00,1596.8518095080262,1604.6636421590408,1594.6900884108622,1599.4226763536817,4221.367099338523
2024-12-15 21:15:00,1623.1675769564222,1629.5739993606169,1623.4190058150975,1630.631665965352,5274.080844836028
2024-12-15 21:30:00,1610.9202132705175,1611.5538666826978,1603.3595173016458,1614.3392340056755,2591.3796179367796
2024-12-15 21:45:00,1574.1321941293572,1580.4278565932445,1570.317633436285,1579.6973041764566,7290.953338068435
2024-12-15 22:00:00,1550.6861066944432,1554.1199317759847,1548.3798233045322,1547.6658075884725,9136.432184601035
2024-12-15 22:15:00,1550.3984263498887,1557.7014745157546,1548.4628067878818,1548.4995579023434,5587.8495803535025
2024-12-15 22:30:00,1566.5658144242918,1571.907550545194,1566.0185635076234,1573.95505448615,7297.397588063924
2024-12-15 22:45:00,1567.8684134114624,1578.224745615744,1569.8364248279381,1573.9969360252119,8229.149619183927
2024-12-15 23:00:00,1555.7269459762279,1561.9812568141501,1553.3456596723574,1563.8682223891828,4897.400788301409
2024-12-15 23:15:00,1571.536681967219,1573.359170141646,1564.1014483889667,1563.9645432003979,9109.056376590965
2024-12-15 23:30:00,1571.486163850065,1576.8819923535661,1566.0566289393294,1576.151521692297,8862.008010487814
2024-12-15 23:45:00,1557.5142899727045,1566.0994958372419,1551.2462997227085,1560.1098092479756,3267.1380780221475
2024-12-16 00:00:00,1558.8362628762482,1560.9037943608048,1548.550814582628,1558.0938010271798,4629.5601958800235
2024-12-16 00:15:00,1558.5037019083939,1565.6944673499993,1551.9788311762347,1561.9582959667684,3856.214622318229
2024-12-16 00:30:00,1561.5270712920444,1564.069426926258,1557.153603879336,1562.6536286892772,9188.995155780956
2024-12-16 00:45:00,1553.6080806010016,1554.4784261789289,1546.821018489186,1544.9929078519501,4688.2341305829095
2024-12-16 01:00:00,1563.585487410495,1566.7279001584816,1559.2977058051813,1564.2764023694954,5735.640651053381
2024-12-16 01:15:00,1539.5034425607566,1540.506661854012,1532.6560747357632,1538.868496902373,7877.26898225867
2024-12-16 01:30:00,1541.8953989947622,1544.9085190965725,1530.2249531680045,1541.7691064748115,3545.9105392290076
2024-12-16 01:45:00,1545.7606199505526,1547.4040813024194,1534.2548853297296,1542.777780224902,8858.137705415336
2024-12-16 02:00:00,1543.6449036213785,1546.3160094483517,1538.7612121497828,1546.170682000291,1525.8887286476693
2024-12-16 02:15:00,1528.0970255050518,1529.0249126542483,1518.9612056129345,1522.5648527630558,6553.688291302153
2024-12-16 02:30:00,1532.7143713873454,1536.9719572598785,1527.7785776849173,1533.3737768009034,5650.425867034241
2024-12-16 02:45:00,1511.3252547841807,1512.2251441928372,1504.8038508320126,1505.4047438424482,3262.952003639079
2024-12-16 03:00:00,1502.4767678393364,1504.7729248448477,1492.1377836872864,1495.1374791545993,7442.767630443529
2024-12-16 03:15:00,1496.1913600159637,1500.2797076785205,1492.6428662355765,1498.0354866611533,3990.084251087171
2024-12-16 03:30:00,1509.884333037733,1521.3896659445786,1512.1832369355845,1515.8979085320966,9794.667253486423
2024-12-16 03:45:00,1516.9671317357922,1523.202320694619,1517.2463025147597,1522.022264585615,8299.173323656478
2024-12-16 04:00:00,1527.6118532053624,1530.542722191102,1518.2121540215016,1524.848016899263,1119.6206453358113
2024-12-16 04:15:00,1501.9532585810887,1508.682758010626,1497.0271141264727,1504.3661453982234,6179.906663189276
2024-12-16 04:30:00,1508.6134285148332,1511.355007154823,1500.172080785128,1502.2944038375415,3379.097909151254
2024-12-16 04:45:00,1505.705243934067,1504.6965497314636,1493.3050696360783,1497.909379206697,6670.891288717501
2024-12-16 05:00:00,1494.0079865229072,1503.011995712908,1490.5126099775275,1495.5362071136556,8323.176983347335
2024-12-16 05:15:00,1515.5024030817497,1519.1916296991155,1507.3879161912591,1509.5497215203084,5490.464734729088
2024-12-16 05:30:00,1523.3376584333791,1526.8970567815543,1519.5737861642556,1526.3260466601087,1454.4348537196252
2024-12-16 05:45:00,1509.5553698627107,1510.2394874963913,1505.2273199114568,1505.2079792130626,3809.7299501826724
2024-12-16 06:00:00,1502.7894874088017,1507.7129236811002,1498.3543987226124,1500.2018044653278,6477.4030196669
2024-12-16 06:15:00,1492.8796775614642,1496.2995057754417,1484.2675495077506,1494.427758320412,7261.367510836677
2024-12-16 06:30:00,1478.593972150048,1487.7329480668216,1478.1177739655657,1481.402813918955,2472.1533683493644
2024-12-16 06:45:00,1456.0074029813347,1460.460472179217,1453.2609564640818,1457.7495173489226,4570.859411449305
2024-12-16 07:00:00,1467.0479445852848,1467.4221365818537,1461.891826581023,1467.0419796756537,7857.956864567033
2024-12-16 07:15:00,1489.3193996645662,1496.0702808633127,1485.2770008677112,1491.2264402924218,8535.716319907273
2024-12-16 07:30:00,1512.484815860439,1511.6104009248083,1503.90926461457,1507.087867794308,5053.827708000277
2024-12-16 07:45:00,1534.941395202186,1534.0789565497944,1529.3536823034785,1527.9725559745589,8064.187024679703
2024-12-16 08:00:00,1525.9156175242367,1534.8852341069576,1521.0537032777745,1530.0728337985327,9841.85526789631
2024-12-16 08:15:00,1532.5537654076659,1531.3502630331984,1523.4066618978684,1531.691508912676,9608.897365531628
2024-12-16 08:30:00,1540.7626703516305,1552.2258353645038,1543.4079283840372,1543.9130836075028,5642.616428278898
2024-12-16 08:45:00,1565.9889098270887,1568.091927024128,1560.5077476043746,1562.211519884272,8899.548377604538
2024-12-16 09:00:00,1595.929706634624,1600.9313283983636,1591.906565765341,1597.7970944916474,2051.0857962253826
2024-12-16 09:15:00,1594.9338460547535,1595.239146692489,1587.2986037813332,1593.659400405499,4797.652550372991
2024-12-16 09:30:00,1588.5402804565258,1596.6352199045157,1589.1502518617817,1596.1391381426442,2448.4298707107746
2024-12-16 09:45:00,1559.5465597278078,1564.1763298864912,1558.373095932174,1558.8092984583602,1459.3845454368063
2024-12-16 10:00:00,1561.9332130421894,1566.190081459343,1556.4334148712758,1561.4775338387226,7969.002861282588
2024-12-16 10:15:00,1583.493282893488,1591.5646716941133,1581.736714048005,1584.2749014192689,9683.444812307582
2024-12-16 10:30:00,1572.8662799274239,1583.974892287094,1574.1938135466394,1581.0875834617862,4126.750450170339
2024-12-16 10:45:00,1591.7082874993546,1595.1314033829171,1586.2904724834007,1590.2878595230136,6991.739820392192
2024-12-16 11:00:00,1587.9677990981347,1585.3716400555124,1577.0926174210276,1584.3780912751208,3966.4962909526434
2024-12-16 11:15:00,1589.968987465476,1599.7387341365788,1592.306066009081,1597.781161646984,2282.201258683285
2024-12-16 11:30:00,1578.37783140479,1587.3160151814866,1573.4090823417166,1580.9524364325157,6905.916596936064
2024-12-16 11:45:00,1579.5633552310453,1579.7951197742573,1574.2242474218804,1580.7279903250844,3100.6880874364356
2024-12-16 12:00:00,1600.5357527519466,1603.0791173880673,1594.4145401377414,1601.627121839721,2239.695301519671
2024-12-16 12:15:00,1587.0506058941753,1592.577464501238,1583.3821186453968,1591.747772486019,1298.3032706575245
2024-12-16 12:30:00,1600.9401635289464,1609.0814762610053,1601.324209528286,1604.5853606890307,9741.273258202735
2024-12-16 12:45:00,1628.5644314200847,1628.2612959398662,1617.6238997234484,1622.611231319741,6617.896128063969
2024-12-16 13:00:00,1624.3268016845996,1630.63453654317,1623.068268812428,1623.0161497475876,8402.227388061572
2024-12-16 13:15:00,1627.0920555940268,1630.8264492569256,1620.62894003077,1626.7625922588009,8681.00896827882
2024-12-16 13:30:00,1635.8695395139143,1642.1987682792,1633.037699315206,1639.3506248247204,3226.493497774355
2024-12-16 13:45:00,1625.332719410828,1636.1151532066508,1625.5708706995015,1634.8482697548525,659.4576768932194
2024-12-16 14:00:00,1625.0204214472242,1631.1798176873338,1623.916501605285,1625.708541743741,622.1677839791183
2024-12-16 14:15:00,1648.0026776441025,1650.870670202634,1640.8314387628534,1648.4564629333347,3905.113019899786
2024-12-16 14:30:00,1648.6690404832416,1651.6054156334264,1644.6675843351895,1652.998575875353,7020.661412913857
2024-12-16 14:45:00,1618.8223246023633,1629.1590931558753,1618.6296179711435,1620.5477564219655,3121.48203563349
2024-12-16 15:00:00,1585.60650870898,1597.096141825591,1585.4152237552428,1593.441383604922,2111.7576725932254
2024-12-16 15:15:00,1598.4689501190085,1605.8850816581848,1593.4325314917355,1602.0676024217546,3393.599690588064
2024-12-16 15:30:00,1599.597690342249,1603.5917393003062,1595.7535165008023,1599.457943822088,562.8008265241367
2024-12-16 15:45:00,1602.8241872380506,1605.7943039481474,1597.227264987086,1598.9295802339957,8554.93117680472
2024-12-16 16:00:00,1609.6994659606826,1620.7280994731648,1606.9539579106456,1616.6994106814702,3930.552986980357
2024-12-16 16:15:00,1617.4467520487196,1618.4837680236153,1612.6849069900918,1615.5848626114105,4168.727571243951
2024-12-16 16:30:00,1616.6007382555129,1618.8802015547687,1609.1807098434772,1618.4212381618058,2539.0191841979713
2024-12-16 16:45:00,1622.0468705950161,1624.1039743539445,1613.4201523574504,1622.4218894558742,1046.8924418771933
2024-12-16 17:00:00,1603.8041537301488,1607.5969085319243,1594.711724558852,1601.8312800964968,1183.6874665925047
2024-12-16 17:15:00,1568.2749651518675,1569.8834253040714,1561.1985908836027,1564.961307249448,7624.526236112681
2024-12-16 17:30:00,1567.9495700639222,1577.4193391544413,1564.5620115753957,1568.7831000010606,2320.8698298677887
2024-12-16 17:45:00,1537.2738567829701,1543.5085212581516,1531.1419518154448,1540.6429548133524,6855.958877031188
2024-12-16 18:00:00,1530.7809871071963,1535.988658837314,1520.737138017252,1527.7824322950412,4389.75228664421
2024-12-16 18:15:00,1554.0792562859253,1558.5326940133616,1547.39454711697,1552.4519574294739,8712.53835102299
2024-12-16 18:30:00,1557.5019888393397,1561.1074220760197,1551.7995526793952,1563.22188507099,8174.349928098678
2024-12-16 18:45:00,1537.305008865422,1537.139865936128,1529.8641743720004,1528.5144338290027,5611.842316988671
2024-12-16 19:00:00,1504.6703354676447,1509.177461936942,1501.1236842874337,1504.9634333582724,4621.119033956795
2024-12-16 19:15:00,1506.3051307989265,1510.2935671319206,1501.1802231176448,1510.9616411369561,5010.840843536191
2024-12-16 19:30:00,1494.852625624755,1500.2205748113595,1494.449105746858,1492.652627818918,4210.829874061392
2024-12-16 19:45:00,1496.5119306546223,1495.1249546856604,1484.5822452234763,1495.0949270859094,4144.509249996056
2024-12-16 20:00:00,1496.772589966185,1500.9159422347843,1491.3938814191094,1502.172873577779,9236.002837908278
2024-12-16 20:15:00,1476.1863378983417,1481.3161557004908,1471.4087181738264,1478.4995721820892,5470.15964890008
2024-12-16 20:30:00,1471.9546878882618,1477.3248830397054,1466.0983108568937,1477.1886140562751,9308.898805106004
2024-12-16 20:45:00,1455.9584358164238,1466.9160194011165,1452.489646882582,1460.7382775242927,4658.417740287198
2024-12-16 21:00:00,1463.7851129758174,1471.636962142241,1464.726956722923,1471.8371789631042,6104.822950656238
2024-12-16 21:15:00,1475.0418523340866,1479.3716520434343,1472.6101136464295,1472.5810899243509,5642.884279263195
2024-12-16 21:30:00,1477.695784931719,1476.8912575142526,1469.1428367706424,1476.22051036894,3701.2340723116454
2024-12-16 21:45:00,1469.6823974732238,1472.7280148913646,1460.6918379386689,1465.1339623089793,1384.8240334434176
2024-12-16 22:00:00,1470.3056945458673,1472.8410515098037,1464.2273983185019,1470.4906957174671,344.00105209028106
2024-12-16 22:15:00,1465.8569479298765,1471.7588049604703,1460.5368387154012,1470.3013548900353,7758.301786236802
2024-12-16 22:30:00,1455.2081241132705,1453.7056213855628,1446.165119247285,1446.136927088886,8578.762524160029
2024-12-16 22:45:00,1448.2625223339355,1459.3415162216154,1448.0451172938044,1446.7288259163556,5081.5721790659845
2024-12-16 23:00:00,1452.630639526263,1452.7182991765676,1447.5922789916783,1447.8925520390055,2810.1652412382587
2024-12-16 23:15:00,1455.8360673277373,1457.7069098412073,1448.2397170556897,1453.3273194283981,9058.021421867306
2024-12-16 23:30:00,1428.0655569625944,1434.757741289765,1424.536271419233,1429.3963977742399,5011.5642735202555
2024-12-16 23:45:00,1427.2680847791419,1436.5220391848004,1423.0220708639392,1431.9534000207457,6907.448545277182
2024-12-17 00:00:00,1417.394782140631,1416.3481051422675,1408.0690123039865,1413.261219159006,3687.6715442990044
2024-12-17 00:15:00,1443.2550924247248,1451.7614761492869,1441.4165364821315,1442.0639393661938,7817.147862642572
2024-12-17 00:30:00,1457.1723711103286,1458.706247794641,1450.7011883875346,1452.8259828510193,3832.0360173840586
2024-12-17 00:45:00,1474.2419390338625,1477.437410016093,1470.3355339521386,1470.8615365941537,3214.0470209215455
2024-12-17 01:00:00,1490.2317873586321,1497.354355980546,1488.0799431252774,1496.695412001527,2609.133355720693
2024-12-17 01:15:00,1511.428332644612,1519.6920912714677,1505.7819252877475,1508.4426970241982,798.2676009444625
2024-12-17 01:30:00,1514.937651989808,1517.4881966828216,1504.9246014980872,1513.7875312384185,4771.438188173325
2024-12-17 01:45:00,1503.1076222460129,1512.5493263297421,1499.777878054759,1502.5601311414378,3054.7445654357043
2024-12-17 02:00:00,1497.9366481646164,1504.506554714575,1499.936100574926,1502.4708303347688,4833.971107297133
2024-12-17 02:15:00,1467.7327757720332,1473.9272907137815,1464.9686511953475,1465.744496140877,9349.919446768687
2024-12-17 02:30:00,1465.2693778612759,1476.4295960039447,1461.8278063212324,1468.15708615333,6212.136798894664
2024-12-17 02:45:00,1478.5594716240093,1484.724266792671,1476.5212289289682,1477.9105530747688,1198.0640652169511
2024-12-17 03:00:00,1517.4331973804594,1524.9022730336817,1512.3746861760628,1518.2098457093207,6098.554834099064
2024-12-17 03:15:00,1515.0956716159415,1520.7044596541525,1506.0094753913338,1510.5254404754949,3901.560227561415
2024-12-17 03:30:00,1527.0420320959759,1537.0290153123572,1524.6082996060118,1526.6820398720363,7139.184402930007
2024-12-17 03:45:00,1542.0356986584702,1544.50911969319,1535.806401753968,1540.3282868951665,6747.606826877325
2024-12-17 04:00:00,1538.9393004592202,1537.6923112327622,1532.8222448124704,1538.7740944753057,2690.8451962983163
2024-12-17 04:15:00,1516.529855675237,1517.3687394991032,1510.196013136825,1511.9898175056248,8252.030553857168
2024-12-17 04:30:00,1528.4339884814747,1532.7107975334936,1521.252577531404,1523.5870634730597,3972.554299316063
2024-12-17 04:45:00,1531.0834159273804,1532.7817801086292,1522.9306654464647,1526.604101267979,6101.320876476202
2024-12-17 05:00:00,1541.4885812853743,1548.540941497827,1538.6025477714225,1547.338553835529,6341.715730752337
2024-12-17 05:15:00,1587.8385617115493,1596.3566960861515,1585.2417128972827,1593.0179782820048,658.2970746514479
2024-12-17 05:30:00,1580.9187620226392,1584.4283905886475,1575.6388677876646,1577.7853661516185,4424.182815837613
2024-12-17 05:45:00,1602.138120592752,1605.916905787331,1593.5230412795966,1599.9488469109965,1318.498822963576
2024-12-17 06:00:00,1606.4603653438799,1613.4742321254894,1602.598184504226,1609.0667052094052,7538.939016260384
2024-12-17 06:15:00,1641.5445595339283,1641.5320932162795,1634.6192557219954,1636.7539967019447,3318.3912528657115
2024-12-17 06:30:00,1643.3478715783622,1648.8675931337416,1639.8535126124514,1647.6164162742314,7707.717843368284
2024-12-17 06:45:00,1668.8845629612633,1674.8742302180879,1659.4739686806122,1670.749967837783,6410.09040410225
2024-12-17 07:00:00,1677.0796871314901,1681.8231696914079,1674.5489317076376,1680.2581757381,4446.731581116188
2024-12-17 07:15:00,1694.9853446370078,1696.863893616599,1687.9753404277308,1691.609726394413,6493.095865795375
2024-12-17 07:30:00,1691.3225630691177,1699.1276789410801,1686.9174689138372,1694.874288989402,3219.6050621129684
2024-12-17 07:45:00,1695.7085142416436,1695.996955943214,1688.8030968184426,1688.023542443662,784.6586786219681
2024-12-17 08:00:00,1700.8258788519508,1701.426985007971,1691.1541460627154,1698.5737312143292,2102.7941847845323
2024-12-17 08:15:00,1687.1936065711845,1696.2638973776625,1684.3609043780789,1685.709034095476,3619.197528293241
2024-12-17 08:30:00,1690.1353711881518,1693.9867013353744,1681.1572332637747,1691.8513087669648,2464.2182840421547
2024-12-17 08:45:00,1701.5034795787715,1700.6616923168642,1693.5329936493008,1697.2508085029885,4170.2419921892315
2024-12-17 09:00:00,1693.7157957493212,1703.5273060604418,1691.8224159756576,1694.6781946054589,7093.577994525388
2024-12-17 09:15:00,1703.8415515301906,1713.1336586604707,1698.1717514761908,1701.7453823694075,3616.1334644712747
2024-12-17 09:30:00,1722.4822971172525,1724.3221938515762,1710.9724748290223,1714.6886892088826,5704.256211317428
2024-12-17 09:45:00,1715.9678425263928,1725.3183424109984,1717.9681428317606,1723.7810362246796,7742.443596075521
2024-12-17 10:00:00,1705.5231977368508,1715.9562628461863,1704.4351914461042,1709.0356386637973,1535.4069695989137
2024-12-17 10:15:00,1737.4332705588586,1739.6393026924438,1729.2861990558142,1735.6461126698186,7872.912994614183
2024-12-17 10:30:00,1742.0638519173747,1747.260690900532,1741.6313019219776,1741.1709786743188,5546.727000373629
2024-12-17 10:45:00,1744.9580891071314,1756.3570168183082,1740.744718537063,1751.9689793667433,9854.237355689047
2024-12-17 11:00:00,1739.7744901836836,1742.8713474351305,1734.994900201298,1737.858981872214,6548.2600531864755
2024-12-17 11:15:00,1746.724667084433,1755.181157954658,1745.7723828363432,1746.0048535115914,3715.1807011262404
2024-12-17 11:30:00,1757.1369030370686,1764.4089406403202,1755.7307387134788,1753.443040143697,8428.1914917417
2024-12-17 11:45:00,1760.141906033363,1762.1941138263192,1754.8836818115542,1758.0340076735445,5481.298273578684
2024-12-17 12:00:00,1747.1626480013804,1753.8489524442293,1738.9631086018014,1742.7613718857885,6385.079562411705
2024-12-17 12:15:00,1759.8467746399501,1765.2242085606306,1760.4283660038968,1767.5652010715633,6678.918559381406
2024-12-17 12:30:00,1744.7797504491248,1756.1638411786487,1747.029616237146,1753.294507137195,7632.82946639911
2024-12-17 12:45:00,1758.8930483868244,1759.5383235278764,1748.2741376513889,1754.364724436682,579.9900773769666
2024-12-17 13:00:00,1762.8257566340149,1770.3675382548024,1760.062019609387,1764.9920904798125,8400.286126955338
2024-12-17 13:15:00,1749.2992889741088,1754.3235095064058,1747.6489146135777,1751.8869265481185,2823.8539598666657
2024-12-17 13:30:00,1757.3972169527149,1758.672718845432,1752.11272963031,1750.454423192323,5763.750905001193
2024-12-17 13:45:00,1758.0629348610937,1760.8596010335352,1749.8066159174714,1752.5861262367835,8845.735355378984
2024-12-17 14:00:00,1752.7525444782484,1754.3031324484293,1742.286923619404,1752.4395800693162,3670.7796186486294
2024-12-17 14:15:00,1763.9546910064435,1767.7593831847234,1757.4429208454185,1759.7864922839244,5127.089492003702
2024-12-17 14:30:00,1773.6167450712755,1779.9304260047566,1770.855466425262,1781.0819112769323,9444.853051692337
2024-12-17 14:45:00,1751.0459750923646,1760.5047887854043,1749.5030402193042,1758.389331632675,289.98396215230383
2024-12-17 15:00:00,1771.9688603020836,1776.3025396160556,1767.3215257879647,1773.2162020832445,5650.988443536474
2024-12-17 15:15:00,1753.8715726709422,1755.2914278680025,1745.9698362816314,1748.8184286711137,3564.2619527276006
2024-12-17 15:30:00,1768.8880250530217,1780.12532976018,1768.4994987324342,1770.8298957715579,5875.783360212031
2024-12-17 15:45:00,1759.9037120151063,1763.3515772473822,1749.3312307310337,1756.4916038719696,2341.1697043347453
2024-12-17 16:00:00,1776.322854906934,1787.0177119520524,1772.312621777398,1782.5086217277837,1860.8634101324826
2024-12-17 16:15:00,1794.1472019840555,1803.0282833396589,1791.7256575915278,1803.9895488031132,2672.865722087078
2024-12-17 16:30:00,1793.9104108523782,1798.1361722833174,1788.7491006211635,1794.603564961326,1176.7552721320649
2024-12-17 16:45:00,1799.4210919774596,1804.7110337958313,1793.4651105672622,1796.9337742238242,6122.143319869225
2024-12-17 17:00:00,1805.9996044103855,1810.8386358321168,1800.4033769409018,1805.4465145703357,6664.861543916691
2024-12-17 17:15:00,1815.6800647325938,1817.8981993092464,1808.8478461896614,1806.4273245688235,4273.409926084588
2024-12-17 17:30:00,1808.3417780116888,1813.6343522495213,1805.4558794506586,1813.0791227101745,5963.990443348415
2024-12-17 17:45:00,1807.7672905111353,1812.8967288606652,1802.7852781555835,1809.1046960539957,2110.4683577300757
2024-12-17 18:00:00,1803.997920837113,1811.0979620585601,1804.3154587934787,1806.6779585933236,8883.472684735676
2024-12-17 18:15:00,1794.7146779915474,1800.7075007722099,1786.8786164798412,1794.230296622162,8195.256599893564
2024-12-17 18:30:00,1797.0284798425973,1806.3555954144533,1797.7806561756092,1799.2185502379473,1505.3599058425834
2024-12-17 18:45:00,1813.2506908627438,1815.9025748012675,1806.639946585233,1807.9480950361988,9359.719439402646
2024-12-17 19:00:00,1820.1791670332182,1827.86537295339,1821.3135574974428,1822.5151905300922,7399.2540817391355
2024-12-17 19:15:00,1805.3550322102749,1811.7217193526808,1800.2691866519674,1810.534041098616,9624.169004383826
2024-12-17 19:30:00,1818.319594781823,1824.5341301607737,1816.4169143275255,1822.4961657376368,9933.686260461349
2024-12-17 19:45:00,1813.0470325768465,1820.330895782438,1806.8084523833409,1812.2058366627166,1935.6748173845983
2024-12-17 20:00:00,1795.26303039879,1797.441116050642,1785.4761642324652,1786.1639426568036,4318.112655041763
2024-12-17 20:15:00,1794.085822179593,1797.3346181533136,1783.3435887886392,1791.6300886265026,1136.3995102155413
2024-12-17 20:30:00,1795.1888778404152,1796.9334551937902,1785.3005532014704,1787.0940897361966,7859.346680618591
2024-12-17 20:45:00,1775.540374344421,1783.6845653167913,1772.0916084627243,1776.138248598842,9296.256312668864
2024-12-17 21:00:00,1794.083661087531,1802.640030615,1792.8582816607259,1794.6910489528564,3474.917244587726
2024-12-17 21:15:00,1802.6494295941202,1806.361241516729,1796.1119939980488,1800.985269633933,356.70086229709455
2024-12-17 21:30:00,1790.0245768823504,1790.9356054940288,1785.4446822088735,1790.5546843832578,887.781159251904
2024-12-17 21:45:00,1782.5321710742169,1782.9718923735093,1773.2702138197253,1783.6912921325793,1623.9364385009362
2024-12-17 22:00:00,1784.604372668638,1796.1276132931005,1783.7546045903418,1792.8211639177932,4862.728160863961
2024-12-17 22:15:00,1800.153514982896,1810.8736493234169,1798.1964847240838,1806.865169959438,4432.629907503525
2024-12-17 22:30:00,1808.2501242488013,1810.4487099083742,1804.6761951672838,1807.7913967644831,9847.52735029832
2024-12-17 22:45:00,1800.809704818088,1807.1434123532476,1796.6421222370948,1804.7492158216487,7072.5007681200805
2024-12-17 23:00:00,1787.5437241140146,1794.7462438955354,1783.133994762566,1785.7688667893408,8347.316949127058
2024-12-17 23:15:00,1781.2999582105363,1789.1226918356604,1779.4988737911506,1785.5237333326165,1514.5685165299585
2024-12-17 23:30:00,1793.874947762442,1793.978693749872,1785.1334232543898,1790.6222056916788,4892.858927021929
2024-12-17 23:45:00,1785.5312028282485,1788.4494154697281,1777.312554901824,1784.5000326753013,3683.3725531406567
2024-12-18 00:00:00,1788.226620516654,1789.1057831009355,1784.0898836679082,1782.132755604503,4091.280853023743
2024-12-18 00:15:00,1803.4349464084928,1803.7390336417661,1795.5638613733533,1796.3193736503008,1240.9281334265193
2024-12-18 00:30:00,1817.5904575404431,1821.052740933858,1807.6317082531652,1809.586155589082,4881.626047033985
2024-12-18 00:45:00,1806.3150555669986,1815.480476303485,1804.7269160005992,1811.4547127426633,3318.480180968687
2024-12-18 01:00:00,1798.8423129237005,1803.1461751495308,1793.3765361933904,1793.836549904632,8577.708834849771
2024-12-18 01:15:00,1791.277685493208,1793.0161331881732,1783.8488725966827,1791.0500039668932,5575.033311521746
2024-12-18 01:30:00,1785.6226044731466,1790.8429496701892,1781.035435659145,1786.2271772881872,744.4337059776053
2024-12-18 01:45:00,1775.0680926601983,1784.937591644395,1772.3212335057008,1775.521620432945,9719.529188973811
2024-12-18 02:00:00,1780.0972937987603,1780.7104883214636,1772.7783234764256,1775.4019924670292,7294.318803192969
2024-12-18 02:15:00,1780.2842866701635,1782.4274288911915,1773.5762074522559,1781.919689669382,2710.5257456691884
2024-12-18 02:30:00,1784.2224721064651,1792.1829392536497,1781.9093983522118,1784.1412773949885,3013.9038974182154
2024-12-18 02:45:00,1801.841169383879,1803.9724528777197,1793.660115684883,1799.082303712751,253.35999504028135
2024-12-18 03:00:00,1796.2998678452398,1806.239743056335,1793.8129695139219,1799.2592167058547,1768.8089074617806
2024-12-18 03:15:00,1787.3400516759245,1790.6402012609558,1782.6367607992813,1791.7074255210653,5798.547951636593
2024-12-18 03:30:00,1796.6874801678914,1802.2031192411264,1789.776895601099,1799.1505380392975,6630.315658679361
2024-12-18 03:45:00,1814.617008985984,1822.418991232331,1807.9758365422458,1814.2982217150582,3127.126601152209
2024-12-18 04:00:00,1812.1678660426226,1817.2828124911666,1810.5182276246296,1813.9897625129393,2874.0424605735307
2024-12-18 04:15:00,1798.2090569511397,1808.3898525060101,1798.3958797993264,1801.0478388479112,1370.3087776687078
2024-12-18 04:30:00,1795.9807426585237,1802.0979304371342,1789.3035487709444,1795.9561211098478,8986.287359991735
2024-12-18 04:45:00,1810.2667261568074,1812.5932191006275,1802.0605513128623,1812.490586021466,869.1717544946971
2024-12-18 05:00:00,1810.8850935540524,1815.7544404029468,1805.5966306815662,1811.6767941097958,3600.919796789053
2024-12-18 05:15:00,1827.4158463882616,1828.8563297275955,1821.4009300600137,1828.7360039906616,4186.549980237689
2024-12-18 05:30:00,1824.1394483647327,1834.159538147422,1823.8985803849444,1830.406707118854,9587.92764421
2024-12-18 05:45:00,1841.4490885951948,1849.527738763892,1838.8208598322744,1842.7106221733873,2002.822335652159
2024-12-18 06:00:00,1849.9594592702547,1850.2562674744934,1841.363408745502,1848.3535505212483,1078.5683695793819
2024-12-18 06:15:00,1868.082087726965,1872.8487111969685,1861.0344466863453,1863.019279647184,6790.67964590444
2024-12-18 06:30:00,1866.1801046937555,1873.2250101582022,1860.314625041923,1864.4226195143742,580.4119633427085
2024-12-18 06:45:00,1850.4835764893542,1855.4595028295303,1845.9761661902483,1847.191438340809,4925.118127947508
2024-12-18 07:00:00,1840.6285191834877,1848.9889780449712,1837.6319906758895,1841.111415525565,4430.1913549326055
2024-12-18 07:15:00,1841.8561029765272,1849.7063465232754,1840.1319901143977,1846.6698837915924,4674.02958681236
2024-12-18 07:30:00,1860.259340524509,1864.7319229937239,1855.4305292961676,1865.139461459161,4885.444880236376
2024-12-18 07:45:00,1874.1503026419073,1879.898844259423,1867.8212943571614,1872.172078594851,640.5472716334488
2024-12-18 08:00:00,1877.547177305265,1877.249390315855,1869.6972514807942,1868.7038764698602,6858.126145597438
2024-12-18 08:15:00,1890.1211714813123,1898.0842966429404,1887.0950598869188,1892.972395538373,5927.993449055346
2024-12-18 08:30:00,1896.02442162932,1902.713309956043,1889.440104763403,1891.3442167613969,6389.022759489535
2024-12-18 08:45:00,1913.7571740387573,1916.5622895122272,1906.522589308389,1908.3591844674543,4994.325733639086
2024-12-18 09:00:00,1904.9645810550037,1905.8997091262222,1897.665345333134,1900.5030105017252,7041.29747852388
2024-12-18 09:15:00,1913.353788119639,1918.2193120171346,1908.6858833114886,1907.219289951692,3982.898388219035
2024-12-18 09:30:00,1912.821993576348,1920.2093593417708,1909.9912943728045,1917.6797236790364,9088.742921848492
2024-12-18 09:45:00,1915.2543175141764,1918.9863415015402,1907.6079132871582,1909.8272921420687,1179.016989754188
2024-12-18 10:00:00,1891.9823365956497,1895.7640268524501,1882.7377341175682,1882.973596550804,364.36967350818816
2024-12-18 10:15:00,1894.1612318622342,1897.1014347255712,1885.447209810025,1886.7965503816383,9684.354729629556
2024-12-18 10:30:00,1887.944873933977,1898.7631586487914,1889.7021187345556,1897.6226926319139,2117.293160233655
2024-12-18 10:45:00,1907.4811469813278,1914.3324285297897,1903.2331230468305,1913.201429865845,1272.30233476301
2024-12-18 11:00:00,1927.3604265303147,1929.041559603115,1919.2632823921203,1925.2530581620426,121.15017994914756
2024-12-18 11:15:00,1925.0431951044839,1927.0253208481304,1915.9088039617684,1920.6123058874946,9560.273614843314
2024-12-18 11:30:00,1929.2593464284942,1927.8457042336122,1919.839957080688,1927.9047798085444,5505.441650279946
2024-12-18 11:45:00,1920.1728002652528,1922.337912029162,1913.7500835717701,1915.5937897622543,8794.799878244494
2024-12-18 12:00:00,1900.8088618413271,1908.35561863882,1897.2764730418714,1906.2885913673742,8839.457517485138
2024-12-18 12:15:00,1904.5048591662594,1905.2203524772883,1898.784596141429,1903.9209449607038,5143.469944595743
2024-12-18 12:30:00,1899.5369437393965,1909.785466517607,1901.0867030833112,1908.0127126548784,684.3317799690606
2024-12-18 12:45:00,1894.6975238329746,1906.8950485953867,1896.2485219312136,1902.1544579012243,2652.068419631973
2024-12-18 13:00:00,1917.8854132221145,1922.6407360876776,1912.7790237183374,1920.8450530010805,3495.4332030067676
2024-12-18 13:15:00,1926.8479172682162,1935.0948237826303,1927.2273325178126,1928.111298651172,5712.533137287099
2024-12-18 13:30:00,1941.8300818092705,1946.2740394404389,1932.4280165430148,1941.022476595552,8175.196060863206
2024-12-18 13:45:00,1953.3926307298905,1963.6679903588172,1953.3529191661892,1956.7979912825474,6824.66813832801
2024-12-18 14:00:00,1965.9764950473698,1966.9154194414828,1957.111586516555,1961.199722474422,183.39064337564992
2024-12-18 14:15:00,1977.2053500317481,1977.569251270748,1970.972800874967,1979.1181091500303,3065.962247187272
2024-12-18 14:30:00,1993.2123033589507,1996.4998851327352,1986.3467158991314,1993.136211646849,2670.9326294280463
2024-12-18 14:45:00,1972.3474048730102,1978.5447205574758,1969.8016129964824,1972.7252349745008,4392.003169730315
2024-12-18 15:00:00,2007.121552319723,2005.97918157271,1999.346850857311,2003.535655181185,5188.265275901255
2024-12-18 15:15:00,2002.1987406168053,2005.9535382418205,1997.8626453922777,2006.277341304091,9235.984123605313
2024-12-18 15:30:00,2019.3863582962372,2022.6415582970503,2009.7885709496009,2011.224303646835,7247.27324828817
2024-12-18 15:45:00,2024.6578355822344,2026.041344383245,2020.0851215916648,2023.3040660465704,2336.516506232399
2024-12-18 16:00:00,2025.7875312546632,2033.8323464213263,2021.4493066481764,2030.5470999451074,8724.242221800878
2024-12-18 16:15:00,2029.989880003444,2036.582217729831,2031.332150917981,2037.5617499898165,9257.532877838961
2024-12-18 16:30:00,2036.1413552157976,2041.121229493199,2026.4344696157964,2028.5346295830957,8710.176486846285
2024-12-18 16:45:00,2034.768743313824,2042.1193724952816,2031.2957371033406,2034.8066034315539,1754.4461279147615
2024-12-18 17:00:00,2045.7967874865008,2048.4044717622323,2040.5215345642732,2046.4709615492284,3000.9684813262957
2024-12-18 17:15:00,2038.8101659812921,2044.0652280156817,2028.527477605162,2040.0619638722535,3148.002963963307
2024-12-18 17:30:00,2018.9098810655375,2025.3894394988513,2014.9510797460262,2023.7956329211645,9409.057746076925
2024-12-18 17:45:00,2016.3646682539845,2021.147055008885,2013.0441502629362,2019.0529948404044,6153.272338409906
2024-12-18 18:00:00,2031.09301008908,2034.2358179059593,2027.735222183287,2031.96975005609,1077.6623793876408
2024-12-18 18:15:00,2021.1945975424624,2024.8689376850539,2016.6177358326668,2016.074705926154,4560.14295604326
2024-12-18 18:30:00,2031.7553678545355,2034.5666290711367,2026.8732457985413,2025.5255413212292,2784.4644718987633
2024-12-18 18:45:00,2017.223093718426,2019.362710578226,2005.97534647144,2011.6332483528506,3009.8668117086363
2024-12-18 19:00:00,1992.888975669824,2002.2852566178237,1993.2070457402492,1998.3021931510866,9044.4264666358
2024-12-18 19:15:00,1983.5805536077849,1990.9475043018558,1978.6202633450634,1985.6644707162504,5175.919207127239
2024-12-18 19:30:00,1989.6555656410355,1992.292784235926,1979.1811322684007,1987.2071951796481,3315.5060760233337
2024-12-18 19:45:00,1988.7304192813574,1990.8235056684166,1980.9070718575076,1980.3668135317416,379.5946316010624
2024-12-18 20:00:00,1993.6882415537957,1995.813451458306,1985.1919927651327,1995.4214017470815,5890.859392655503
2024-12-18 20:15:00,1991.6612763747025,1990.6539433077999,1984.5898461707045,1990.4288193711614,3642.6507804157864
2024-12-18 20:30:00,2023.9114066060474,2028.123482311547,2018.4659712654486,2024.9763931307848,1619.1434615170397
2024-12-18 20:45:00,2029.8296163360324,2034.4884459929353,2025.079252705176,2031.7042360170742,4912.786645949958
2024-12-18 21:00:00,2032.082863277288,2037.8140226009502,2026.4322233864457,2032.2115504684002,5613.148629326056
2024-12-18 21:15:00,2028.518429988957,2038.4738299818082,2029.2361393554631,2029.0392598004382,7025.412880769452
2024-12-18 21:30:00,2021.4682379220535,2027.0981315336219,2018.1657403183958,2018.2737180202146,1961.5593075331385
2024-12-18 21:45:00,2010.1668184954442,2012.3440831852045,2002.3691840589925,2003.3385962151942,698.7320713770238
2024-12-18 22:00:00,2022.5753678510325,2024.144963174009,2013.9314150514008,2024.6619808132682,4315.434720758886
2024-12-18 22:15:00,2032.8972878616148,2041.0098535668742,2031.8802530573782,2031.5673191229014,5809.843869835093
2024-12-18 22:30:00,2046.8174485592967,2048.0202384626077,2036.3138401317615,2040.7614598940647,5401.160158071316
2024-12-18 22:45:00,2022.753127417716,2034.6282465286713,2022.1378064836538,2032.6633544648087,467.83458818641645
2024-12-18 23:00:00,2043.680479296027,2046.238956634747,2034.9195208352398,2042.3395196242643,7456.130859269304
2024-12-18 23:15:00,2032.6533278911552,2039.1661939322937,2027.1010815744935,2039.647063496064,9029.666789223882
2024-12-18 23:30:00,2053.499089036875,2058.525851104965,2049.4626047640204,2055.3629879481327,4813.763265034616
2024-12-18 23:45:00,2045.564472264943,2050.7927628824377,2043.7361399727374,2046.6621082646946,6723.6928483011
2024-12-19 00:00:00,2062.747134597924,2066.457588414734,2054.138801159364,2065.1705191959963,2567.412685720523
2024-12-19 00:15:00,2085.1620819981986,2096.582420106143,2084.8278833906734,2093.910713260538,9899.08979982641
2024-12-19 00:30:00,2100.439659846776,2103.1208651995344,2093.4873306004583,2097.4351367282816,9559.654319625819
2024-12-19 00:45:00,2106.9948223013566,2110.355798961872,2095.122377207873,2098.5979994471295,4522.105237450954
2024-12-19 01:00:00,2087.290856571241,2091.692387877793,2083.5335435088136,2086.7681503932135,6465.112741369067
2024-12-19 01:15:00,2056.128720256797,2060.5772987534565,2049.2587873212224,2051.3701301320134,6820.495720915108
2024-12-19 01:30:00,2033.069232839653,2039.2050483595608,2031.3538928175894,2031.4823026373192,5050.089939115247
2024-12-19 01:45:00,2021.2026845639905,2022.885913675837,2013.1805439260115,2016.4922466622932,3670.866784415326
2024-12-19 02:00:00,2016.4953842178309,2024.8384115042156,2014.0307489344434,2019.160882665137,4232.701449661908
2024-12-19 02:15:00,2026.7072535342982,2038.8393453644107,2024.0347577764844,2027.5218680052742,8655.399731384368
2024-12-19 02:30:00,2042.0801599210354,2050.193461798201,2037.618275693828,2049.743819577326,5365.729271510987
2024-12-19 02:45:00,2046.5997973398516,2051.9332431617213,2041.4460147385728,2050.224377414491,6569.698487411498
2024-12-19 03:00:00,2043.7537426458416,2049.681437165981,2041.0304164881793,2044.1207397197918,3102.3276639230676
2024-12-19 03:15:00,2066.7762244269534,2066.442300163958,2057.15194814744,2060.0057446048436,7466.847191571009
2024-12-19 03:30:00,2062.707745066686,2070.160684209755,2059.1930501660986,2066.5910626439163,9121.401583448076
2024-12-19 03:45:00,2064.1056841282693,2067.4038048722173,2058.9900043003854,2063.4383791163705,1436.8041892385575
2024-12-19 04:00:00,2043.8588384326017,2048.931478041031,2037.4694163077265,2039.7172464994371,7451.285214603707
2024-12-19 04:15:00,2046.7929840867134,2047.9645797348942,2037.7136154084928,2044.6126821938603,2658.3227856690123
2024-12-19 04:30:00,2040.6503127371445,2045.1091577918899,2039.526094159636,2042.667371300562,8576.381423486388
2024-12-19 04:45:00,2033.5510810307712,2038.7384755273151,2024.7996536806234,2033.0183796494111,3311.559405967549
2024-12-19 05:00:00,2006.5057938334728,2013.686626686407,2005.4476215189986,2014.1000415199298,3337.2567937654253
2024-12-19 05:15:00,2055.2843649883553,2058.996245159652,2047.8194987119648,2054.3047288459925,443.4612332507589
2024-12-19 05:30:00,2061.832656468882,2066.4830045472136,2053.138964288299,2056.740087020398,9655.94858856272
2024-12-19 05:45:00,2088.870122258957,2096.1839280351173,2081.735375143609,2093.707116286583,1356.3311422781453
2024-12-19 06:00:00,2079.618158001466,2078.63618723831,2073.8183320385524,2077.6953062897214,7194.961288088929
2024-12-19 06:15:00,2094.9926138862675,2101.854021058661,2094.4050037155807,2093.1711145999843,9558.412532887183
2024-12-19 06:30:00,2092.2711916480366,2097.2890342351484,2081.981892541914,2089.300851033385,5293.038814662996
2024-12-19 06:45:00,2105.0143847116683,2105.7792289270137,2096.7114954407266,2103.9188653850656,9448.453841730054
2024-12-19 07:00:00,2078.837145355749,2089.003969468332,2077.9918052175803,2087.7889107432316,965.8070611221813
2024-12-19 07:15:00,2100.9668159991215,2104.3901632513994,2092.8955779375733,2098.791184932071,460.3362213356136
2024-12-19 07:30:00,2095.640687700561,2105.1123448149983,2095.0887454795657,2101.007527545127,1381.7133597512416
2024-12-19 07:45:00,2093.9941497280734,2102.4228776306763,2092.3141752309566,2100.0545574913176,6471.774338933745
2024-12-19 08:00:00,2098.7633696193866,2101.671991427575,2089.4586102620115,2093.8868858539286,4722.951376607478
2024-12-19 08:15:00,2098.706444753094,2101.335359472448,2093.951549727566,2097.815597876796,3510.030578055527
2024-12-19 08:30:00,2073.925263183676,2082.1075651356546,2072.939846522976,2072.7394931420554,1551.791742584637
2024-12-19 08:45:00,2083.720892045716,2085.9368553892687,2077.358751473546,2085.4424275382025,6891.947372699028
2024-12-19 09:00:00,2094.7181917720004,2099.1183951836356,2086.518857043456,2096.3052832832077,4048.2041318964275
2024-12-19 09:15:00,2090.1502552216,2098.5706322926526,2088.469514678913,2095.319390109105,8901.290735992481
2024-12-19 09:30:00,2105.1684398193784,2111.8921619591088,2106.6802734229814,2114.836174167899,8919.145284101902
2024-12-19 09:45:00,2112.3985562237553,2113.682972317642,2107.820401755446,2108.2536036076135,8691.507793645918
2024-12-19 10:00:00,2128.5465181966324,2136.0127989368398,2125.9958333657223,2127.8552327598436,8005.600422207267
2024-12-19 10:15:00,2152.0514005932996,2155.0462632778763,2143.9840113725913,2146.552040850075,9461.014374559587
2024-12-19 10:30:00,2162.575658890383,2162.6339051502982,2154.755937169128,2153.762207660265,1664.7257523280698
2024-12-19 10:45:00,2140.692920503495,2146.9138447315577,2134.64265293478,2143.26844732777,7051.832029428216
2024-12-19 11:00:00,2141.6598848179933,2149.5588080942102,2137.802021518804,2142.1418874646392,5191.433921684195
2024-12-19 11:15:00,2135.6725930992047,2137.9210590084404,2132.7356932947773,2135.2456403636666,8240.027626501178
2024-12-19 11:30:00,2121.890831158136,2127.1704086779605,2116.8195735169825,2125.1631492527163,6159.840174831829
2024-12-19 11:45:00,2106.208459371582,2116.086317172057,2106.781565179646,2110.5123598805762,972.2795940267848
2024-12-19 12:00:00,2110.0053687511686,2112.9383668021196,2102.896517390614,2103.1473602452375,9377.143981938925
2024-12-19 12:15:00,2093.150129653371,2094.9128880310896,2085.098821533987,2094.978764891295,1970.8218512162657
2024-12-19 12:30:00,2100.0760845046375,2102.607820499296,2090.616170598619,2099.8081254870335,3293.471215746808
2024-12-19 12:45:00,2086.2288866627628,2096.201112495075,2088.8233431224207,2089.7743589930747,6013.052274547427
2024-12-19 13:00:00,2086.6038830756024,2093.283634389846,2077.957049712771,2081.4449000902437,7013.967551137028
2024-12-19 13:15:00,2084.1846798705756,2090.615229253489,2080.0895093357367,2082.7539428282043,1470.0035509698344
2024-12-19 13:30:00,2100.2038412842576,2098.90120464032,2088.708608384861,2099.9902698119213,1284.982807931792
2024-12-19 13:45:00,2126.3261975668865,2129.8733455185466,2118.860109108159,2125.5232475234648,2943.281251237456
2024-12-19 14:00:00,2129.866222132626,2138.715387077197,2126.603734399333,2131.6319829128806,4334.651104613404
2024-12-19 14:15:00,2153.6159568951743,2152.6669394847104,2142.643661931975,2146.1918161533954,6256.614064225043
2024-12-19 14:30:00,2133.1348189294326,2138.7726972569562,2131.5770718825984,2131.268863839869,3572.969943398185
2024-12-19 14:45:00,2154.2079231611156,2159.484231828124,2144.5725561095746,2151.4914218289987,6978.930348611004
2024-12-19 15:00:00,2133.060113273629,2138.635530911424,2127.4526501681703,2131.4244827551565,1871.7031181261627
2024-12-19 15:15:00,2120.0884549143952,2126.1099885760705,2116.1212392255584,2121.138292118953,5518.4593607264405
2024-12-19 15:30:00,2120.3431677632675,2125.7311071154345,2111.4616300063303,2114.6010554344,3334.0805184498563
2024-12-19 15:45:00,2099.821786019825,2101.274876709232,2094.181751906972,2103.5341919610078,5220.324194714243
2024-12-19 16:00:00,2117.7401048392803,2120.001484265974,2107.33752535845,2117.49102517448,3737.5720154557016
2024-12-19 16:15:00,2136.05521807837,2139.942717053618,2130.598768374896,2134.4316566321763,1584.397805278883
2024-12-19 16:30:00,2158.3607216172845,2160.6737859539685,2149.5918960706044,2153.1447619389114,2713.0400295432946
2024-12-19 16:45:00,2177.6076288495565,2182.308109208772,2168.1557609853044,2177.4464102405886,1847.2836142980746
2024-12-19 17:00:00,2173.399283631116,2172.312298823999,2162.931701027789,2170.375257784941,984.4048167420091
2024-12-19 17:15:00,2168.0385001017294,2177.2550128643725,2164.5828949254774,2172.7241285037803,6280.188932005413
2024-12-19 17:30:00,2147.9122124110877,2150.611419435828,2140.079265226902,2146.798059784056,331.8297451322575
2024-12-19 17:45:00,2142.7444138217115,2142.696693827343,2132.2261904977504,2144.123003320287,231.79746056539133
2024-12-19 18:00:00,2139.1920759414456,2140.95010278412,2132.6313249945642,2139.979040677055,6457.139583460951
2024-12-19 18:15:00,2134.070586963606,2136.2091101787537,2125.8259581786297,2125.055990595574,9483.03793240004
2024-12-19 18:30:00,2126.3384423177386,2127.502624485683,2121.2953036829176,2123.2251687236953,5164.6274766158085
2024-12-19 18:45:00,2109.9529243055254,2117.4357664300337,2107.2184463544363,2110.3135247878477,3436.1612324059306
2024-12-19 19:00:00,2092.1204787502015,2099.3900121813117,2088.0798340189976,2094.388990372494,3843.2346464555026
2024-12-19 19:15:00,2099.9628152912574,2104.6492027972104,2096.217600784654,2105.6170787426895,8408.123196912056
2024-12-19 19:30:00,2115.650139359511,2124.1280223128265,2112.134695219582,2119.5071917898094,7525.668711765421
2024-12-19 19:45:00,2119.021125174271,2128.4913736165754,2119.9047150388756,2124.0334565971207,607.7894952442401
2024-12-19 20:00:00,2140.4567456524837,2142.827441335305,2127.8138249400445,2134.8294093682525,3233.8057180474493
2024-12-19 20:15:00,2163.562857244858,2173.480252941347,2160.7236536449286,2167.9400951304997,2881.778826177695
2024-12-19 20:30:00,2172.8625164861423,2174.8731180040563,2164.5648062328814,2168.4004262593403,6093.969999011225
2024-12-19 20:45:00,2171.901261564344,2176.2614887226905,2170.3644465639754,2177.592011059091,8779.78675488816
2024-12-19 21:00:00,2171.798029242537,2183.1413492224756,2170.914145384082,2174.8324759232337,970.5074417959773
2024-12-19 21:15:00,2187.9058211182933,2188.028083684561,2178.647419567828,2185.098686721018,1324.4746037321256
2024-12-19 21:30:00,2187.9447004003673,2189.3634943640773,2179.1401509295274,2190.834931807013,4127.182651804982
2024-12-19 21:45:00,2166.6952714558743,2175.342119057751,2163.617988648065,2167.895540967683,3811.7016628268593
2024-12-19 22:00:00,2185.385152910903,2184.120673988688,2177.4393194034774,2185.6395784202055,8511.210104661848
2024-12-19 22:15:00,2195.8669914497914,2205.3422380758334,2191.7980739178547,2195.0098681930417,4106.374134312668
2024-12-19 22:30:00,2188.0645122558226,2198.572961068697,2186.6550287899336,2189.114985116542,1326.4056127169636
2024-12-19 22:45:00,2209.9123407148745,2215.0399863353055,2203.1825247432303,2212.051203644635,7300.482270281187
2024-12-19 23:00:00,2244.8138919658554,2242.743040305092,2234.647595599436,2243.076520935128,5467.20402224455
2024-12-19 23:15:00,2224.2404856312405,2230.1314511983264,2221.7787551231804,2223.568182171033,8242.927732870661
2024-12-19 23:30:00,2199.660259746753,2201.506912074695,2192.24948541979,2199.7428202132896,8833.965900402776
2024-12-19 23:45:00,2189.8476045150155,2196.232876095852,2183.884769227386,2187.6312432647987,8202.652710300721
2024-12-20 00:00:00,2185.710847859661,2193.547127872202,2184.7718067511923,2190.4394238320297,689.1189273538263
2024-12-20 00:15:00,2210.886244062467,2215.731761513124,2205.8873647504547,2210.88262556225,5795.009975012025
2024-12-20 00:30:00,2219.5788998383864,2227.371636479325,2217.8280900948143,2220.8813343505735,6175.610902958676
2024-12-20 00:45:00,2220.148549221757,2225.9341618995136,2218.610173549859,2222.9444724975165,3931.8558856622326
2024-12-20 01:00:00,2190.9330995314617,2194.60395543864,2186.5863120964946,2190.8806691060845,2532.335562920097
2024-12-20 01:15:00,2197.6603992550235,2203.7596406102275,2191.4932973572127,2195.244584898075,9096.250213426738
2024-12-20 01:30:00,2198.6944840615547,2205.4927798537124,2196.793479205491,2196.0466121970358,8951.528779168382
2024-12-20 01:45:00,2203.6640474643546,2208.5585395916114,2198.3176718779696,2201.234859165017,1626.4939125083047
2024-12-20 02:00:00,2201.8526879803017,2202.5699850145957,2192.709874655444,2202.2891222573794,2369.1715404638962
2024-12-20 02:15:00,2189.6413444097097,2196.8858354932413,2187.702954484685,2195.2273028231334,7801.779686922407
2024-12-20 02:30:00,2212.5182779636007,2215.7432633899793,2207.2903223759504,2206.8538357063553,702.2751319255864
2024-12-20 02:45:00,2227.5570950539245,2229.7538133686257,2223.8067566239183,2228.0900651721827,7721.331976161838
2024-12-20 03:00:00,2223.585815213049,2222.626730776632,2217.02797614918,2222.9001371480595,5075.035708790139
2024-12-20 03:15:00,2227.142038065875,2227.495064239111,2218.099770021758,2225.610164369288,3758.31476332165
2024-12-20 03:30:00,2229.504111334224,2237.117501696352,2229.715980119843,2236.841095948771,2834.175150365808
2024-12-20 03:45:00,2249.0059465898908,2256.3369947887063,2249.438421514645,2255.4512395732318,5069.905317833039
2024-12-20 04:00:00,2265.7888539092037,2267.6535241948673,2258.1837648157775,2262.4006819385704,5623.94522932243
2024-12-20 04:15:00,2231.1431570921904,2237.5491875470475,2230.113765214205,2229.7312067290345,662.4658141027729
2024-12-20 04:30:00,2240.106815358719,2247.379943598319,2237.611215219951,2246.7682850233195,4533.181826629323
2024-12-20 04:45:00,2253.6655908010684,2254.850456763449,2246.0571724958086,2249.195891554922,5952.061736406975
2024-12-20 05:00:00,2241.242490693214,2246.3647064117863,2238.5813830860084,2246.5782988966453,6911.7310324751315
2024-12-20 05:15:00,2254.4895167790137,2261.0658100029777,2253.053086978618,2258.923525776689,8823.623418237814
2024-12-20 05:30:00,2255.6992016325366,2260.083127826163,2249.966514946257,2255.2374570829716,2303.1231572417796
2024-12-20 05:45:00,2252.738888752565,2257.5626726618275,2247.0686051252246,2251.9192057313912,9708.068620211894
2024-12-20 06:00:00,2236.6530769685064,2244.204277855666,2234.0750088286386,2240.193163493828,9721.30293599808
2024-12-20 06:15:00,2233.2906250761307,2240.702815577208,2231.6835387189926,2239.0820197562307,486.76962030179584
2024-12-20 06:30:00,2216.608430480445,2226.779912937954,2213.18096366371,2215.8952039949845,3959.294930220319
2024-12-20 06:45:00,2217.980428546465,2222.7232601710493,2214.395055630313,2213.3473864272646,3336.997130231531
2024-12-20 07:00:00,2191.776905184429,2198.2484166221616,2188.9154672586474,2191.8336376760426,8003.444564569603
2024-12-20 07:15:00,2222.9362632598004,2226.423781987705,2216.4408738795823,2221.536636432493,481.373917379424
2024-12-20 07:30:00,2207.0015063979126,2210.526837156326,2198.9974085630097,2204.1497553914537,7873.450436863579
2024-12-20 07:45:00,2211.5850802222753,2212.520993797787,2200.2844105807076,2206.9060394536473,6094.2598513590865
2024-12-20 08:00:00,2212.7614536420483,2222.218616814678,2208.661961441159,2217.3034117853535,5234.2435419131525
2024-12-20 08:15:00,2208.150425682696,2209.7393964938105,2201.8926998607108,2208.3736178771105,1401.814503935183
2024-12-20 08:30:00,2180.512508851306,2185.0795830079255,2170.2892311785163,2181.6402091960717,6451.629625789646
2024-12-20 08:45:00,2199.827033180764,2200.831782851852,2195.4103240098275,2195.3723890599817,2765.758763776462
2024-12-20 09:00:00,2190.918363369392,2190.8934572613466,2182.470747444041,2184.6076181041713,8131.520935436271
2024-12-20 09:15:00,2189.0319918956347,2191.8810930646146,2185.7291741256713,2185.0866851464407,9208.819903791584
2024-12-20 09:30:00,2190.0595193549716,2192.8415340907754,2186.2859437694083,2187.15680188971,9707.24067886352
2024-12-20 09:45:00,2200.790465485392,2206.3155629023277,2196.866333449042,2204.5614816022858,4674.568296829673
2024-12-20 10:00:00,2193.7880356564137,2202.8118775992393,2190.1256010520315,2196.793683310871,6349.513471422091
2024-12-20 10:15:00,2189.6944174003,2193.711183269153,2180.2031714685204,2191.775153684612,2094.7446353080304
2024-12-20 10:30:00,2182.464150071983,2189.306041516728,2181.67853223807,2187.4841687356625,1819.6585132276202
2024-12-20 10:45:00,2186.662065594395,2190.4169157122788,2181.2260148650375,2189.0359104352083,360.8939545947014
2024-12-20 11:00:00,2154.226419565451,2157.2203314583767,2144.1420035352685,2147.968336467229,3107.6863869383633
2024-12-20 11:15:00,2136.744884343743,2142.597650036124,2133.4066457331114,2131.534081308793,5996.7026333983695
2024-12-20 11:30:00,2138.366498394762,2140.2063057790115,2128.842943183325,2135.9553511263352,4886.421997470843
2024-12-20 11:45:00,2161.1643189329357,2165.664742969014,2160.126346300875,2167.2205059269113,5540.0147911528775
2024-12-20 12:00:00,2197.2102229502234,2204.176776505148,2191.686011257286,2202.666347029698,7278.917134482153
2024-12-20 12:15:00,2176.1309948271028,2183.617958780797,2172.056528101925,2174.0704957792323,1657.6663093292277
2024-12-20 12:30:00,2183.954334124701,2189.191892118782,2179.625471304632,2185.8246913684347,1053.9732110914806
2024-12-20 12:45:00,2187.2107743217293,2191.916383711218,2183.7686895416773,2182.1085242621903,9225.30298631138
2024-12-20 13:00:00,2206.2392940913874,2208.5393712490695,2194.411861911002,2203.6082149470676,6207.08369717972
2024-12-20 13:15:00,2201.5399151591446,2201.103920110198,2195.968196964547,2194.2938334102223,2556.9679500213488
2024-12-20 13:30:00,2221.236120630384,2221.560461490579,2214.588670907778,2222.017378258234,4862.5740024485885
2024-12-20 13:45:00,2225.00106051936,2228.444931545713,2220.8167035198276,2219.3269704244294,6637.497326964852
2024-12-20 14:00:00,2220.872153841974,2229.1335593733643,2217.360099776796,2220.5013788777205,3699.650889144298
2024-12-20 14:15:00,2221.7455115277808,2228.833254944956,2216.3026905293355,2228.7591728579937,7511.386532660636
2024-12-20 14:30:00,2225.394980918486,2234.917831974065,2224.9575960163097,2226.093725533165,4817.490591097392
2024-12-20 14:45:00,2213.5086523943664,2219.3735017941012,2208.8833890995797,2211.89037795494,9483.855582753855
2024-12-20 15:00:00,2192.704514569949,2201.7619521154515,2193.302960914603,2199.6089077913584,3537.9407807750586
2024-12-20 15:15:00,2188.7872819948034,2196.1602872840945,2183.1079244684765,2186.2383846290973,3165.1709757822123
2024-12-20 15:30:00,2212.1524393194395,2212.8540890549243,2204.754383220662,2207.904001865313,8496.294737505728
2024-12-20 15:45:00,2197.7287353728475,2198.955011374985,2191.8555607903913,2198.6081355510837,8397.588894624203
2024-12-20 16:00:00,2198.1526519630193,2203.8148067947527,2192.344410679819,2197.3074635647536,2869.5170192198425
2024-12-20 16:15:00,2177.7235371307997,2179.9339269081997,2170.5404837603915,2174.343318401647,1013.1537651499924
2024-12-20 16:30:00,2165.781960513043,2173.23593568773,2163.460154040035,2165.6427624096473,104.78474577425332
2024-12-20 16:45:00,2165.0849392069786,2166.0865808746607,2153.0580270956275,2156.1941940788024,6648.237432785738
2024-12-20 17:00:00,2171.596867272563,2180.135092291234,2167.880884759637,2169.1675159113156,4419.825946155573
2024-12-20 17:15:00,2169.723260329703,2179.996949539419,2170.3392005796945,2171.7947675839514,5303.632295801313
2024-12-20 17:30:00,2190.7007740177182,2192.620748331349,2182.6062730045305,2183.3880022334815,1015.3989305639303
2024-12-20 17:45:00,2182.591001905846,2187.4644274591287,2172.41679508662,2181.2364581227457,5121.898627432907
2024-12-20 18:00:00,2183.8545322107693,2192.6086072663934,2183.459143670788,2190.1618502255556,5499.506393536365
2024-12-20 18:15:00,2202.476554722667,2212.4889344404132,2200.4102773456075,2209.292340395882,2606.7948125543317
2024-12-20 18:30:00,2221.832281234613,2226.518632936437,2218.646336816613,2220.084917857481,6482.27104189538
2024-12-20 18:45:00,2224.907038940024,2235.9571421192877,2222.1538960207777,2226.9230358426066,9718.148272925362
2024-12-20 19:00:00,2209.354094150818,2217.130511845722,2206.6258779702553,2204.4368297034257,532.1531416997541
2024-12-20 19:15:00,2198.1700880807894,2204.216296903697,2198.1894054873114,2196.9711459811697,1782.6896824312594
2024-12-20 19:30:00,2202.8254733527365,2211.200071973058,2197.433212493178,2202.1187042686743,6709.255929228183
2024-12-20 19:45:00,2194.9887657371646,2201.8554399190257,2193.6811703621265,2199.0663456775956,514.0068526207465
2024-12-20 20:00:00,2192.9736900645444,2195.9648069695504,2186.603022969409,2189.5142519416304,7822.294103568377
2024-12-20 20:15:00,2185.12956136203,2193.470646430287,2181.564917585657,2186.1585364064313,7805.623071297115
2024-12-20 20:30:00,2190.332974506035,2191.8386930205475,2184.1970712735856,2188.522052740727,1695.1959127432106
2024-12-20 20:45:00,2177.694461914789,2186.2769145634556,2172.5373004532785,2181.8979010378616,4497.37768425159
2024-12-20 21:00:00,2179.358537046938,2185.7128856794384,2178.6124667866497,2179.199820621345,1427.5875493942415
2024-12-20 21:15:00,2179.155128640819,2182.1084392451558,2170.9620180237357,2172.45534615917,313.7242778600001
2024-12-20 21:30:00,2219.5511136047126,2222.4324255829642,2211.779516066263,2218.9136146522587,3150.992736857163
2024-12-20 21:45:00,2207.9701118901953,2206.7837203736735,2198.4652993968166,2198.8434299983332,1221.9422401797538
2024-12-20 22:00:00,2229.5267725940153,2234.306918610953,2219.7622388191526,2222.7172080998603,9481.093754701169
2024-12-20 22:15:00,2243.2995872151496,2247.7162065822044,2234.9436301937235,2239.3149951414707,5945.608283445082
2024-12-20 22:30:00,2232.5750515085197,2234.2005466629894,2224.317842134261,2226.5621943698284,5915.441653202312
2024-12-20 22:45:00,2205.54093456241,2207.9852975176454,2199.843243052155,2208.1537320461803,6666.071180041574
2024-12-20 23:00:00,2204.440458061212,2210.117511427718,2198.6180931935987,2204.8975374869156,5120.364800366369
2024-12-20 23:15:00,2203.658758185108,2209.8555470041724,2198.932211686986,2207.7419575957006,9519.305921402058
2024-12-20 23:30:00,2180.409793733349,2189.6261128207434,2176.4653167468746,2187.729740473411,9874.358968243607
2024-12-20 23:45:00,2179.0218244378552,2186.1314896729887,2177.822486504094,2178.280732865852,2675.9520689778346
2024-12-21 00:00:00,2170.369870342297,2172.139807961963,2165.810303494232,2163.781540498442,1224.859907498665
2024-12-21 00:15:00,2150.6858859990934,2159.2982634612404,2150.13442382031,2154.2283317292554,8523.462741542038
2024-12-21 00:30:00,2154.287931040944,2157.786571983164,2143.935221179727,2149.3048679497797,537.7768368230165
2024-12-21 00:45:00,2128.7626424739,2137.5232650220473,2130.712521106841,2130.309412804553,1660.4716023517658
2024-12-21 01:00:00,2127.3644860990103,2132.1812094088014,2120.2290320507427,2123.82028190323,2778.0627368757046
2024-12-21 01:15:00,2124.4435842544117,2128.0929126580845,2121.4931183452477,2129.7351816659666,9817.944332783825
2024-12-21 01:30:00,2131.942329404462,2135.6652645896856,2128.4934259013517,2129.1062104006305,2691.7148805526235
2024-12-21 01:45:00,2149.9886529922837,2159.4103233252604,2150.601679569542,2157.5069776395912,1548.0696013725055
2024-12-21 02:00:00,2181.502131904194,2185.568092446196,2178.5389068712475,2186.1828330855196,6451.616773091899
2024-12-21 02:15:00,2191.127291197148,2189.1325347114166,2179.414943563319,2186.575014688584,6073.818971756234
2024-12-21 02:30:00,2201.0175181610775,2203.1647468226256,2193.2642077749874,2202.131924050395,9770.893378525941
2024-12-21 02:45:00,2169.321135734662,2178.615837040551,2167.7858945336643,2169.9965706570083,473.23588198145336
2024-12-21 03:00:00,2175.997625015442,2176.217621830739,2168.7568012249185,2172.8215510149553,743.8162986218741
2024-12-21 03:15:00,2174.1108129728946,2176.5822477426245,2164.8566712923316,2171.368553608184,9949.912015326443
2024-12-21 03:30:00,2151.3969034955576,2160.283956680503,2151.031632935364,2152.299598393205,8737.449618160705
2024-12-21 03:45:00,2149.785276524416,2157.344308600446,2146.632568279605,2152.392121597418,5171.181024249986
2024-12-21 04:00:00,2119.7878714250683,2122.7084011443426,2116.2169441388055,2117.825488251154,7683.3015690822995
2024-12-21 04:15:00,2124.7405200884377,2125.7756308193934,2118.8485637602403,2125.093632995467,135.23517745585053
2024-12-21 04:30:00,2136.3395350686014,2137.960161922963,2130.5121623410837,2134.0119867554818,8511.61845772301
2024-12-21 04:45:00,2134.3761686609737,2137.8472861806126,2126.2746276778253,2129.9355408997603,4830.596771131785
2024-12-21 05:00:00,2154.3513351169813,2156.7379816326275,2151.3777628430134,2158.4723589008936,5687.3288335115185
2024-12-21 05:15:00,2165.0006001200964,2169.430607119044,2159.491912103296,2166.662014986533,7857.024001978652
2024-12-21 05:30:00,2187.448794668482,2187.7959684566654,2178.5006722833014,2189.9599253496694,7736.772837354294
2024-12-21 05:45:00,2155.9191833398045,2161.9176277623865,2148.642293921571,2156.7627781713886,303.46326364971105
2024-12-21 06:00:00,2171.3163731093678,2180.6982454674094,2169.6410128971056,2174.478781503601,7918.8304401845
2024-12-21 06:15:00,2215.706826305311,2215.333529845518,2204.4930036751157,2211.48543353489,1916.7436513107737
2024-12-21 06:30:00,2210.6415325175435,2221.005776050853,2208.2360728537215,2211.637634760008,1711.82879282144
2024-12-21 06:45:00,2199.4548399195046,2201.2307327992194,2191.353430404559,2191.3449962190743,666.6361847218208
2024-12-21 07:00:00,2213.544773866593,2212.9415673729063,2202.2639914653455,2211.7370874782855,5899.7697099818115
2024-12-21 07:15:00,2200.755124536434,2203.216912948548,2195.2809699008903,2195.196861660844,2303.7194502826846
2024-12-21 07:30:00,2178.529285740506,2185.288328773689,2172.6405092227656,2179.1605278684942,4459.547785545813
2024-12-21 07:45:00,2150.1811703566746,2156.8071350443456,2150.5918071857554,2149.5044124640854,1549.2602564447147
2024-12-21 08:00:00,2157.1206496991017,2157.4689186768373,2144.4870103953294,2148.18752744775,6329.937226013706
2024-12-21 08:15:00,2154.347184087749,2160.484848788567,2148.791761527296,2154.355427405971,8948.649526088348
2024-12-21 08:30:00,2154.5715977161203,2156.407850502809,2147.8193412011924,2151.5987717192925,7202.695479230339
2024-12-21 08:45:00,2157.1769851776053,2158.673625523222,2150.261501504159,2150.716797267551,3019.943232462799
2024-12-21 09:00:00,2132.1607530691485,2131.931634262722,2120.4804467035005,2131.1689867638606,7668.860059422083
2024-12-21 09:15:00,2123.44701248265,2126.519711144682,2117.9673481965283,2119.377962039839,2508.5370151214725
2024-12-21 09:30:00,2116.4478383061287,2121.8084050835646,2111.2068846503066,2120.8817452222306,7874.419115047088
2024-12-21 09:45:00,2105.1865562319676,2110.5478695959723,2100.813988309712,2105.121549452412,1301.0807143725692
2024-12-21 10:00:00,2096.098454052976,2105.7962138475855,2095.8276958694696,2096.8441746728704,6568.468873086094
2024-12-21 10:15:00,2088.635302474089,2094.164201531985,2085.892693724935,2091.918810436235,9715.184289059633
2024-12-21 10:30:00,2081.635244697091,2082.2537366039783,2076.356451642358,2083.0849451069253,2060.7067817053085
2024-12-21 10:45:00,2060.4398612362056,2063.549343268113,2050.852939893697,2052.3508049025977,326.9575205312981
2024-12-21 11:00:00,2073.454967980129,2071.480209437883,2066.8364513899487,2069.447614185665,9466.48773958267
2024-12-21 11:15:00,2066.0684123224205,2066.6853293195586,2055.437433942358,2064.3779114983918,2127.6999950573163
2024-12-21 11:30:00,2046.708032083825,2047.8833592811084,2038.6594595110666,2046.6631163866844,2574.9233514130046
2024-12-21 11:45:00,2024.3992658681052,2032.6399526276148,2024.3172108330239,2032.2601746993337,5622.718524993849
2024-12-21 12:00:00,2037.0817567587228,2044.0160140430564,2035.3768053932486,2037.080230735908,6999.347284081983
2024-12-21 12:15:00,2034.6588006722877,2045.0977039780055,2033.3291174785918,2038.723193743277,8966.07965424156
2024-12-21 12:30:00,2032.1800025403682,2036.48737270341,2028.8700936416062,2036.9080018392824,5416.474388580085
2024-12-21 12:45:00,2012.7544616950252,2014.7649494087752,2003.2954805487147,2010.848780652943,2527.1140885049467
2024-12-21 13:00:00,2022.7667379004495,2024.0091113091137,2012.1630919085558,2016.3462945549832,9201.43022396903
2024-12-21 13:15:00,2021.2580507588457,2022.91377186126,2011.966358912249,2016.0047133486974,7125.401892309761
2024-12-21 13:30:00,2010.8083160480094,2023.315100943165,2012.678733485876,2019.3686206476038,2010.5988142123565
2024-12-21 13:45:00,2010.9682842101408,2020.0245344005787,2011.4162258268427,2013.78553823684,496.39283214892447
2024-12-21 14:00:00,2005.7675746902175,2012.265163226021,2004.95065969057,2012.359871680646,8261.494022951849
2024-12-21 14:15:00,2012.3469322055025,2017.431514252933,2009.1642845104209,2010.2537458449265,2555.7829477302657
2024-12-21 14:30:00,2016.6520387553649,2020.8886623335973,2014.2516983687647,2016.7705594952417,9059.139778526316
2024-12-21 14:45:00,2019.591380294263,2025.056627764793,2015.249247973509,2022.254293199477,4382.538254452322
2024-12-21 15:00:00,2036.3264120130789,2037.4889939545567,2026.058422859863,2036.3975139326064,9620.372381883448
2024-12-21 15:15:00,1995.4484907540714,2003.9332923103836,1997.1809959322595,1997.624108556263,6949.681739522933
2024-12-21 15:30:00,1983.7245339076812,1987.8915930173785,1976.6559599289967,1983.5539038052834,9421.284140139114
2024-12-21 15:45:00,1980.4553427505775,1983.000589815874,1970.407695884794,1976.5044113682807,1036.7892899643423
2024-12-21 16:00:00,1984.4644731775902,1993.407258716274,1979.568627562281,1989.3157966880774,7844.5052115170465
2024-12-21 16:15:00,2002.1199377863463,2004.2716560793754,1994.4666485322832,2003.1736438764767,4853.26224042034
2024-12-21 16:30:00,1996.2655100600584,1998.4315797243087,1992.0099134547693,1989.37910134771,5886.926092746953
2024-12-21 16:45:00,2030.1683258363435,2031.6746375523192,2018.441954262194,2025.1807856475116,1230.2286049990362
2024-12-21 17:00:00,2034.1825342919642,2039.4957127537702,2028.3029331398698,2037.8777693850968,6880.999332563663
2024-12-21 17:15:00,2031.3896981402363,2034.472570507229,2021.1710911086116,2023.137980522328,7653.853677471023
2024-12-21 17:30:00,2041.2052315805608,2042.7656050598098,2038.1232960387456,2045.3418604846524,3853.2971594792643
2024-12-21 17:45:00,2005.0956695698671,2011.5696802793486,2003.256927154618,2004.973027116677,7052.020292643615
2024-12-21 18:00:00,1999.1207219542453,2000.7005691726565,1991.67955601832,1998.2734185661739,9095.866045103103
2024-12-21 18:15:00,1989.4814004172767,1996.699077366363,1986.8331042925686,1992.6372773513726,9601.38926404077
2024-12-21 18:30:00,1979.3105081779029,1980.3313171872564,1971.2992346057572,1972.477568794589,5542.957766425979
2024-12-21 18:45:00,1947.390262234361,1955.6963069331525,1946.6253609515584,1947.8339940400638,6001.950118339532
2024-12-21 19:00:00,1929.5513210902263,1935.7949168948087,1922.5954489256103,1926.7304780217603,5818.411227237864
2024-12-21 19:15:00,1949.1222492370355,1950.5322700901343,1941.893065317729,1945.0848779028347,3963.0469195676833
2024-12-21 19:30:00,1948.0054465250191,1953.4478633388283,1945.1137719950743,1947.1617736551882,312.8745725606591
2024-12-21 19:45:00,1968.8472771042789,1971.4935399593573,1962.1438885830541,1969.06755849054,9734.490968675149
2024-12-21 20:00:00,1946.286919446568,1946.671409190034,1939.2487951886903,1946.0741469207196,1573.4184469761085
2024-12-21 20:15:00,1931.3414015882338,1941.3415816237027,1927.723197610839,1933.7045989636024,6907.228647350332
2024-12-21 20:30:00,1930.3016488762776,1935.0544192355035,1922.0450956288953,1924.3049236220531,3639.944768720379
2024-12-21 20:45:00,1934.1746159716704,1939.2906497435176,1929.3725217541485,1936.3976605218352,795.998526552028
2024-12-21 21:00:00,1919.9134021592256,1917.825083170507,1911.1016115263349,1916.4466158736482,5858.8906817057095
2024-12-21 21:15:00,1893.7430591888904,1895.519990888439,1885.1942395226686,1890.9480750446107,3864.650325706718
2024-12-21 21:30:00,1912.1706403830544,1918.130354548937,1906.9152587767558,1913.3127425371424,1512.3293006276274
2024-12-21 21:45:00,1909.4716737649906,1918.081830877786,1905.0526009964112,1912.4955046794985,1694.7141394772661
2024-12-21 22:00:00,1876.7238191865154,1885.5596373296053,1875.7553924302133,1875.1705358134052,5055.328060839441
2024-12-21 22:15:00,1859.4139664742452,1868.4676304538195,1857.237099416687,1855.858431847454,9391.362877742828
2024-12-21 22:30:00,1862.4253699465664,1872.788339658244,1861.7732107505576,1865.9942287989925,2409.3627002713524
2024-12-21 22:45:00,1903.796921345888,1907.991604056008,1896.509183272206,1902.2149048089816,1549.6348149693304
2024-12-21 23:00:00,1885.123834595243,1894.5050205118378,1884.2499289133025,1887.2809874646132,9526.416374156957
2024-12-21 23:15:00,1888.3833730512592,1889.0772336547477,1877.9332494643372,1885.5774906403544,1887.3681115417244
2024-12-21 23:30:00,1867.4701396137384,1869.1025589702363,1861.9189240313913,1860.9458386248607,853.1116204307806
2024-12-21 23:45:00,1834.2043598091357,1837.2741087630422,1825.3011660461023,1829.7657187406232,6528.217724522006
2024-12-22 00:00:00,1811.1173320854323,1821.8817522570093,1808.0845282350604,1816.964080675652,8675.626097236749
2024-12-22 00:15:00,1810.067560843823,1816.653465464598,1806.495398149206,1810.81301200955,3986.543554602641
2024-12-22 00:30:00,1807.9755312485975,1816.9425479084362,1806.2798336167425,1810.6972756479574,6375.212974896166
2024-12-22 00:45:00,1821.7643151410791,1826.401419480694,1819.6122392165603,1821.7916073653687,8659.67793516027
2024-12-22 01:00:00,1825.6645538773462,1826.9363960180433,1816.4367441192767,1828.5039051284596,9709.671879967165
2024-12-22 01:15:00,1802.830130808382,1811.0292510555169,1800.3588044885425,1807.3500818583802,6410.268987252623
2024-12-22 01:30:00,1840.0664786047555,1843.8803474362242,1835.155955772412,1837.6087344662071,2154.3579930797123
2024-12-22 01:45:00,1856.3948517742742,1859.6749233557048,1846.719621645432,1851.6507589462242,9443.870164713264
2024-12-22 02:00:00,1835.099888426936,1834.2347676050056,1823.348447395222,1834.9027011605415,7117.8354632415985
2024-12-22 02:15:00,1843.5721069950866,1853.0283617838927,1838.9816724767811,1846.6464924109134,1732.2069407091124
2024-12-22 02:30:00,1829.2642728518476,1835.8600787136854,1823.2428016287693,1823.6005201452817,4048.142185879612
2024-12-22 02:45:00,1833.690428054376,1842.0202117589756,1831.4077376495813,1829.8597557101602,8265.560523962653
2024-12-22 03:00:00,1814.8617152070483,1815.836330098946,1806.4399667441496,1808.2251997815338,6038.126547772526
2024-12-22 03:15:00,1811.939676629667,1812.752096085099,1803.7002931515847,1810.493170835383,6597.343260953293
2024-12-22 03:30:00,1829.9916673954483,1833.3962017405368,1826.0353236783292,1829.8763362352013,9086.31835333856
2024-12-22 03:45:00,1832.170244321643,1838.7422609092548,1827.2986052143685,1831.1838095179173,1575.8699347962568
2024-12-22 04:00:00,1873.7881306845634,1877.9855138705998,1867.6362001025136,1874.7370360163964,4841.735444386184
2024-12-22 04:15:00,1897.8193395813307,1897.9568046325996,1886.3732876266804,1892.6006048651825,7663.182620099254
2024-12-22 04:30:00,1902.3661693630636,1907.9875691342697,1898.8283679027809,1904.794016638232,3688.5371887725846
2024-12-22 04:45:00,1895.6646812292647,1895.1531837150083,1887.880842778024,1887.1154770319893,3795.8618168517196
2024-12-22 05:00:00,1892.3779268007738,1892.2608064697945,1886.7474329816328,1886.7269844484308,2101.0028436955336
2024-12-22 05:15:00,1884.0910212265642,1890.9207278268789,1883.9796337313155,1891.7588338058417,1231.1227795671664
2024-12-22 05:30:00,1861.4818503527497,1860.650840592545,1854.2421638776411,1857.7382079945576,1127.7614474898928
2024-12-22 05:45:00,1854.6927446658224,1859.872371715579,1846.9544903468843,1853.0479451798078,102.31962079277369
2024-12-22 06:00:00,1841.6667336931719,1846.683353902379,1839.5336598233014,1843.286876449065,1172.1074083986953
2024-12-22 06:15:00,1802.6222903282467,1810.0729276882619,1801.6226746768264,1800.9888194247994,6995.957105799205
2024-12-22 06:30:00,1801.5894638282462,1806.0773038503721,1794.8546900325423,1800.2652567313426,2453.4834506635234
2024-12-22 06:45:00,1784.8721905971433,1787.5742909553924,1777.271003380168,1781.8857559718272,4138.3229625803615
2024-12-22 07:00:00,1777.1491178081242,1788.9115636832264,1775.0188080637859,1786.218198284138,1285.6942936444934
2024-12-22 07:15:00,1772.105298061758,1773.8575472769992,1764.9761795404183,1769.806980313356,2605.508999735507
2024-12-22 07:30:00,1760.802683678679,1764.6607460283246,1753.8113670684697,1762.6510015833044,1924.9705514478508
2024-12-22 07:45:00,1761.715474404644,1765.6207720325428,1754.3151091962889,1758.2974941630798,4468.28142522476
2024-12-22 08:00:00,1755.8523465641413,1759.6598929217275,1748.7480940877867,1752.40923566188,2042.014620384836
2024-12-22 08:15:00,1772.4303042660422,1771.5118538677948,1761.6650813222038,1766.714890206047,747.1355681817198
2024-12-22 08:30:00,1770.9903562593572,1772.9810680817773,1766.1923655047049,1766.8745473794434,4529.474600633325
2024-12-22 08:45:00,1762.247256379816,1766.3519559700053,1761.8481158321085,1765.3855778684701,8589.315086776034
2024-12-22 09:00:00,1760.8313390788458,1763.2488446594302,1756.1248622064236,1760.198607973184,421.5947031302041
2024-12-22 09:15:00,1763.9506639439862,1764.6287434248243,1755.763864341927,1763.7000888742673,7354.726261790235
2024-12-22 09:30:00,1773.2528450743466,1776.0466988275173,1766.297707432682,1769.8864823596025,9421.48210593701
2024-12-22 09:45:00,1787.1673851664023,1794.883062447874,1783.9290099104032,1785.909197516185,2370.011881532011
2024-12-22 10:00:00,1783.3792042119198,1787.346458155227,1777.1169687473312,1781.8063842043996,6972.271199271581
2024-12-22 10:15:00,1782.7504083472147,1792.001502262928,1782.0231857407578,1786.296169676303,2176.6103291345084
2024-12-22 10:30:00,1799.7546249572824,1800.1445594911304,1790.099348439281,1801.8510372380545,9022.96107983246
2024-12-22 10:45:00,1788.4402739763252,1791.5980637752532,1782.5386027735533,1786.7666769552218,1014.8088089521478
2024-12-22 11:00:00,1792.029397410588,1796.326151315455,1783.4401686488702,1791.723325823087,6432.103074403961
2024-12-22 11:15:00,1795.5595241088417,1805.1062563495093,1795.566748293178,1804.7000310624294,7035.358239211006
2024-12-22 11:30:00,1805.07003756465,1810.1714372476195,1800.4312845987515,1804.025346137926,3658.450317647134
2024-12-22 11:45:00,1798.054449986949,1802.3775285520135,1794.923770329179,1796.7287215101685,3844.363977093719
2024-12-22 12:00:00,1776.316460687533,1774.2550830592895,1767.8786344824427,1770.6993270748485,6240.691730247001
2024-12-22 12:15:00,1765.7935936969504,1768.8367699772048,1760.7452994846217,1764.0280128968222,7168.343851233794
2024-12-22 12:30:00,1748.5079071694613,1753.139589386527,1742.382488515413,1750.3132211691886,3965.6613898060073
2024-12-22 12:45:00,1741.0708242823014,1742.3845056822302,1735.8354595379324,1742.4876119081373,1450.8685916467125
2024-12-22 13:00:00,1734.871728006531,1735.094974015186,1724.2916526289184,1735.0559366297573,2627.057406248113
2024-12-22 13:15:00,1736.4369528660998,1739.3663575892322,1725.5529091397864,1732.4658936121825,9492.724234078049
2024-12-22 13:30:00,1750.7409852836706,1754.507116224062,1741.8119221214945,1745.331871204656,6813.182045967424
2024-12-22 13:45:00,1751.5404924563472,1756.0215236773215,1749.5813445424346,1747.5333987270965,593.1351828154147
2024-12-22 14:00:00,1742.2559495721005,1752.509660260206,1743.044467071797,1746.7988069787905,5239.933969261715
2024-12-22 14:15:00,1744.3932556493296,1752.3555072148579,1737.4221534274682,1739.8033269144953,3223.062046379263
2024-12-22 14:30:00,1739.317888449298,1748.6700566588836,1739.6102160217488,1744.7730644267685,9411.722946544523
2024-12-22 14:45:00,1736.1834386005135,1741.653498304876,1730.957806221776,1741.5118521307818,6409.962678224571
2024-12-22 15:00:00,1755.8787526930357,1759.7081798470197,1753.7458604691517,1753.2962189245604,8835.88731577859
2024-12-22 15:15:00,1773.9233886012012,1777.2906317449454,1764.436996956216,1765.793958465573,7411.327972352921
2024-12-22 15:30:00,1775.105691846171,1774.2838256573186,1768.5519711712452,1767.8548162618222,1924.448687967183
2024-12-22 15:45:00,1749.885659955333,1759.8922806820024,1751.9670531760942,1750.2060501794037,6935.419245027626
2024-12-22 16:00:00,1751.8506967088033,1753.0926747257163,1745.9605481395195,1754.104640928919,4870.3757107373995
2024-12-22 16:15:00,1753.0811926918889,1753.057629060252,1744.8655691466377,1744.4509605151527,3259.5696203486696
2024-12-22 16:30:00,1727.24265690019,1729.75209403158,1719.657493927729,1723.902465687203,2048.3995549759425
2024-12-22 16:45:00,1735.5342965898622,1739.4419312840505,1730.734203520772,1740.6443327919255,1956.6214950587898
2024-12-22 17:00:00,1734.0439189920696,1736.2950015040662,1724.1435977172953,1733.5525190037063,5623.991083456588
2024-12-22 17:15:00,1745.6027848487092,1757.2116226754297,1741.6207682629188,1749.1930538453876,380.55622897765517
2024-12-22 17:30:00,1762.572853561048,1766.5253489252848,1755.354976744086,1761.1597218111986,5240.904670030413
2024-12-22 17:45:00,1756.556742481067,1761.6229815507672,1749.1689734119502,1756.437611583553,4913.198173166848
2024-12-22 18:00:00,1758.9294129086763,1761.5523857478033,1752.2171825600549,1757.0983953237578,4461.132519119618
2024-12-22 18:15:00,1750.5518184440223,1761.8529420262219,1751.4219584390366,1754.5546840242544,7412.1047366142675
2024-12-22 18:30:00,1758.576386167593,1767.4461776899914,1756.4037252573405,1767.661638168047,3079.088541420939
2024-12-22 18:45:00,1770.4121082906806,1772.4774812473158,1758.8013891709556,1767.7583427310178,6705.126714269202
2024-12-22 19:00:00,1778.1356058651556,1786.0969459390237,1773.8522679274563,1778.3738142224877,9554.257859414161
2024-12-22 19:15:00,1795.4100583431916,1796.658273423149,1783.8759162702643,1788.9965750305164,1595.5595542451322
2024-12-22 19:30:00,1771.57426599923,1774.923048425624,1766.5711380580924,1771.681966329093,7063.532408226041
2024-12-22 19:45:00,1749.2934841539432,1751.8605368628428,1743.5568207015497,1750.0805392355123,437.4019117254726
2024-12-22 20:00:00,1728.197731382758,1732.871699855438,1720.533867073098,1723.83636109322,4428.816304699434
2024-12-22 20:15:00,1745.6813187591276,1747.2500977194425,1739.2199517552187,1738.9399162089119,1744.8340912954832
2024-12-22 20:30:00,1742.8636344147628,1746.9715275467086,1739.0566701841187,1744.0879198108523,7116.203725289756
2024-12-22 20:45:00,1760.888782202862,1767.6109958184632,1758.5594400756033,1764.4391690507773,1699.8809456560623
2024-12-22 21:00:00,1769.301155246458,1777.6560075838138,1764.7495540352436,1770.9354897981923,3856.624816833698
2024-12-22 21:15:00,1758.0655253911261,1765.3218522071932,1756.0924105748954,1759.0305580735235,9289.127452027125
2024-12-22 21:30:00,1753.931055012949,1757.7859640298527,1743.1453659927136,1749.5969929679104,7415.974487046821
2024-12-22 21:45:00,1755.9463611284598,1764.5398977358836,1752.853347830753,1755.5830492628838,9611.499125912776
2024-12-22 22:00:00,1790.1402732228667,1792.9503071218278,1781.3843323117696,1793.4504494538555,8625.002748067987
2024-12-22 22:15:00,1755.122019630821,1759.1714970106434,1753.057304782222,1757.89609769216,2600.88695967123
2024-12-22 22:30:00,1743.3085488039735,1747.6395058818325,1736.2341879416963,1743.092784965738,6774.991090571415
2024-12-22 22:45:00,1732.6939879343142,1738.556757015899,1731.4751049535262,1734.140275117663,2402.2150041297987
2024-12-22 23:00:00,1749.259700909509,1752.156233803538,1741.2055444539867,1742.4230313357905,5991.286208110356
2024-12-22 23:15:00,1740.6437950221055,1746.458298871037,1738.2280348382953,1737.5067582353001,636.5970632505944
2024-12-22 23:30:00,1763.5362736651732,1761.5580653377153,1756.7761561869313,1756.4040493482576,5230.4153351018
2024-12-22 23:45:00,1770.9695900012375,1773.038472282814,1765.6980191162072,1764.9074966893706,1134.2458286095732
2024-12-23 00:00:00,1774.3044230857708,1783.4638657020596,1775.3343561080712,1779.349323850673,429.00701842024415
2024-12-23 00:15:00,1766.7106819087483,1770.8805360217493,1760.7452483137438,1770.1414947146502,4546.760569195815
2024-12-23 00:30:00,1772.046590711993,1775.8965750192167,1764.0448195851977,1773.1272699238875,9185.967305162045
2024-12-23 00:45:00,1770.282132861961,1776.9623271291641,1765.8269161414523,1771.1800684089164,551.0548830698018
2024-12-23 01:00:00,1763.0298827145016,1769.6943719517494,1758.7435915710657,1763.991476431015,7313.011274440479
2024-12-23 01:15:00,1779.539889468496,1785.8020878390603,1773.9058532955992,1781.7662194768025,3152.0678379983374
2024-12-23 01:30:00,1789.53879471146,1795.9235696263772,1787.6084953823738,1790.0063217095928,7211.516012601301
2024-12-23 01:45:00,1765.977525571773,1769.3421489250507,1758.6684290370374,1762.6299473089607,4525.438615989165
2024-12-23 02:00:00,1737.0055902092954,1745.3230532514192,1733.4558590364725,1740.043258461521,6465.333990361665
2024-12-23 02:15:00,1713.780252607249,1714.4093171797776,1704.0996059827523,1708.585783746617,1443.555585197783
2024-12-23 02:30:00,1702.3758100886962,1707.0705956578217,1697.8192044201608,1703.9104875733888,4747.420897950592
2024-12-23 02:45:00,1700.6769422727616,1709.841445521924,1700.2478353722265,1709.9541351530306,8346.360055991217
2024-12-23 03:00:00,1704.7301663076316,1712.646750306199,1703.7593987723546,1705.4356437334031,3706.737040946697
2024-12-23 03:15:00,1698.928474814774,1699.2257227696318,1692.5396253931895,1696.014253205052,1065.3032657058163
2024-12-23 03:30:00,1670.6080548416514,1677.797582127707,1672.0290583757671,1670.5669620637525,1344.1461746882144
2024-12-23 03:45:00,1704.081980702899,1704.139033428153,1695.5314110550441,1705.884940620599,2205.0165048137037
2024-12-23 04:00:00,1687.902434358301,1698.2503234193355,1686.5738901962302,1695.2025752505447,5440.181970577511
2024-12-23 04:15:00,1682.157728142449,1685.2023386418025,1677.0580705944149,1677.706001109746,1886.2921923564718
2024-12-23 04:30:00,1692.7708676434565,1700.9208018553024,1695.1245078676413,1697.5525358721968,6899.353293640954
2024-12-23 04:45:00,1682.2806334842237,1687.1884356233345,1676.9560786058871,1679.3141836443597,853.0959975613841
2024-12-23 05:00:00,1664.5256127030511,1671.4880536867247,1661.9048024301064,1668.0160382147058,7484.668343738178
2024-12-23 05:15:00,1693.1501366943457,1695.7824499263588,1684.763488782848,1688.6380785506894,233.83836132921496
2024-12-23 05:30:00,1696.1089811119716,1698.0869459194696,1688.8090882224533,1689.4764417769304,5014.653831342186
2024-12-23 05:45:00,1692.3058136750424,1700.927581385697,1692.2252503553855,1695.138963879324,7876.815994404476
2024-12-23 06:00:00,1683.5417570932625,1696.0640527358241,1684.404909126618,1686.864491019929,1268.177691825003
2024-12-23 06:15:00,1668.2687486142693,1679.14828965566,1667.919413118815,1671.9369440428034,112.28989363105913
2024-12-23 06:30:00,1665.3749301050204,1665.4623699391293,1654.809486425079,1663.5981907137027,9285.466480516785
2024-12-23 06:45:00,1656.5740057571336,1664.486532760093,1652.425598109637,1651.893388890667,3549.0783242631824
2024-12-23 07:00:00,1656.3730108818636,1654.1708467116237,1646.9259284080335,1646.7639754407903,5280.309580079393
2024-12-23 07:15:00,1649.6569509346457,1655.9509264859553,1645.5659965985312,1651.145281077856,4672.501889243173
2024-12-23 07:30:00,1662.66998637038,1669.310873598801,1657.382495654162,1658.0494498688295,6812.098078057614
2024-12-23 07:45:00,1656.3197451303706,1661.8397241504438,1646.0927958077802,1656.262882940516,3437.1325980296247
2024-12-23 08:00:00,1659.1085707711572,1664.9494607697786,1653.6252595436274,1656.2434665481412,800.301101575348
2024-12-23 08:15:00,1647.767942189949,1648.8573366005985,1643.896005383888,1643.3403671080766,7870.898061023868
2024-12-23 08:30:00,1668.0189559196008,1678.770468770126,1665.3098572501124,1667.36889081961,2841.1635201374124
2024-12-23 08:45:00,1687.5951581702261,1687.6386299736907,1677.5944304692684,1686.4448572191639,2461.4209125283764
2024-12-23 09:00:00,1668.6782669028285,1676.4799311345107,1666.407719221069,1671.8106771665935,8486.84888701235
2024-12-23 09:15:00,1660.4660950845296,1668.2141869281431,1654.6273093523137,1660.0282819336308,3862.1911526294125
2024-12-23 09:30:00,1672.0870270341745,1682.6121066491314,1672.5001767251879,1678.1262858105983,3137.6041393210066
2024-12-23 09:45:00,1662.226360518718,1667.9266215052755,1656.1944838001277,1656.4903876930896,9742.453871609294
2024-12-23 10:00:00,1666.7583741404496,1672.1823862820263,1660.9473732349572,1668.7371291554691,1625.5280465175263
2024-12-23 10:15:00,1667.1851101616,1671.507031016893,1665.281975649724,1666.9833212656088,6779.01131121175
2024-12-23 10:30:00,1681.3831127906833,1683.736422513455,1675.9492950178628,1680.125724489034,7529.807701373369
2024-12-23 10:45:00,1692.6594347866094,1695.608312164029,1686.9114934346644,1694.8483253570948,9223.968034250493
2024-12-23 11:00:00,1704.4900854633902,1704.115516956982,1697.9099757244462,1697.4459638815865,7827.225471312481
2024-12-23 11:15:00,1719.0914251718993,1719.3586246951945,1713.2824229340947,1712.8821653889006,9524.183150909013
2024-12-23 11:30:00,1741.8283601525086,1741.6219362924307,1736.2309015008304,1734.8819097412895,2600.963535397561
2024-12-23 11:45:00,1728.0532590049777,1727.7745740260991,1722.9815940927099,1728.323272783671,8323.084131967616
2024-12-23 12:00:00,1715.7849921389334,1715.0591951567962,1707.6261984164557,1711.4267317666054,5703.013172484118
2024-12-23 12:15:00,1720.8639945408609,1722.5993571508616,1713.2142668774595,1717.1603697582157,1188.420405021637
2024-12-23 12:30:00,1715.9558245710455,1724.9276960374223,1712.9003456028559,1720.282029680907,2112.5378514661434
2024-12-23 12:45:00,1751.6480799312958,1764.4379910467824,1750.5754818833686,1754.4613685265874,8349.394818176073
2024-12-23 13:00:00,1745.5163008741406,1748.2636403961048,1740.1226137285087,1749.5647843744196,793.5969457414233
2024-12-23 13:15:00,1757.3922136093875,1755.9657268102594,1751.086865396698,1755.9902343544127,523.5219436474233
2024-12-23 13:30:00,1769.0906161670255,1772.0437657662212,1765.7594194950734,1764.3979188793483,3899.9878049983795
2024-12-23 13:45:00,1777.712060261707,1776.0274456943257,1769.211658070982,1774.6489661548344,5799.849916267091
2024-12-23 14:00:00,1784.5150908398398,1788.8968466161577,1775.323435506421,1786.8854231946339,5928.104026686822
2024-12-23 14:15:00,1791.9195627814802,1797.9660197212331,1792.2140141906148,1799.1595646930427,4857.603084731709
2024-12-23 14:30:00,1802.7021459519249,1809.6141746784072,1797.9251999786186,1805.0694406197615,9166.42391117256
2024-12-23 14:45:00,1798.9786542459162,1802.843662114211,1793.403948088684,1794.019482058133,554.5681314759328
2024-12-23 15:00:00,1806.5649247639046,1808.511964613612,1799.8386202267423,1804.8053371896465,8780.889332809205
2024-12-23 15:15:00,1812.220591498869,1817.9471291451791,1810.050815041556,1812.3846102818165,7454.944558766265
2024-12-23 15:30:00,1808.3791919687935,1813.2326555747645,1803.8825092585882,1806.319406705786,3982.463876750564
2024-12-23 15:45:00,1772.181546704195,1776.7369854147482,1766.2432761058365,1775.7633979423906,9621.384846706971
2024-12-23 16:00:00,1807.2727205529718,1811.3671835195114,1800.00623367988,1808.6353574232173,730.5335761190807
2024-12-23 16:15:00,1783.8472972125994,1789.3672814285633,1782.893809122105,1789.433329204992,7369.114715707233
2024-12-23 16:30:00,1776.7883114771728,1787.2523219650923,1774.1555568506083,1779.1509361238238,2498.6576376133125
2024-12-23 16:45:00,1767.7088128902194,1775.3490484835509,1767.6882760373207,1769.8060500132228,976.1059507536597
2024-12-23 17:00:00,1795.3828879577773,1804.514751089019,1792.3365831983767,1795.0102332780032,355.41446129323504
2024-12-23 17:15:00,1785.3065688320983,1795.3225114518214,1785.817635355848,1784.9965841053881,8955.388649528431
2024-12-23 17:30:00,1797.3551195414875,1799.252189940275,1788.5666969016072,1792.0057675525463,8105.274966140653
2024-12-23 17:45:00,1795.504630590682,1798.349236343227,1792.1933567621172,1795.5572955316486,8463.785859715248
2024-12-23 18:00:00,1784.4882551341957,1785.1485219747528,1775.6250261392772,1778.5474930741434,9720.189218477453
2024-12-23 18:15:00,1777.02100016951,1783.502822142535,1774.7317892246147,1779.68623029731,8086.556300982997
2024-12-23 18:30:00,1788.1012118823514,1795.8577087945134,1785.6632144050081,1793.3519343115304,6706.237081552833
2024-12-23 18:45:00,1787.355834129506,1794.8821715262636,1783.7175724232345,1790.3632085865843,632.2403228562517
2024-12-23 19:00:00,1798.806790283748,1809.9188171742303,1796.0734843343769,1808.0693846032884,3915.4092269891858
2024-12-23 19:15:00,1811.529617466493,1818.7814180961138,1806.683770421907,1809.8357867196312,9328.884327432008
2024-12-23 19:30:00,1809.7650800927333,1810.2591800047483,1799.3312017581934,1806.5256713759168,4915.358764805153
2024-12-23 19:45:00,1785.3430564926284,1793.6190698931373,1782.9317625669005,1793.5073432012557,9074.29990564984
2024-12-23 20:00:00,1792.2272050414717,1803.2142235138087,1793.2508448494443,1793.3679431719768,6833.110627961183
2024-12-23 20:15:00,1811.2437367769103,1811.804155392906,1804.594278496804,1811.1968696581625,2255.428832686396
2024-12-23 20:30:00,1806.9107594714146,1809.8197505069718,1794.4745295984803,1803.9213441144175,3724.151014824353
2024-12-23 20:45:00,1812.5557617531479,1815.155066042035,1808.2798418641241,1811.0696003806192,1241.8340395250236
2024-12-23 21:00:00,1826.7235065405946,1832.891139914001,1823.9102649117744,1826.3723972496755,8924.4251022792
2024-12-23 21:15:00,1829.557230934528,1833.3284812642619,1821.1449772047454,1824.581460969484,8933.950551143957
2024-12-23 21:30:00,1819.1536787384407,1821.5760709056597,1813.5678318829034,1820.7711636751528,4823.492447949824
2024-12-23 21:45:00,1806.6641952016053,1808.6648136649835,1797.9867858948367,1809.6303160317584,1222.20411329828
2024-12-23 22:00:00,1782.3499437400117,1792.072910736371,1777.8484074640057,1789.4542137773158,7153.9494549173105
2024-12-23 22:15:00,1765.6912238919429,1771.5267203081678,1762.5609537943365,1766.6402585172805,831.3320942662001
2024-12-23 22:30:00,1735.56523853882,1744.3843255563872,1735.4073495764485,1738.7052141977742,5679.2773581720485
2024-12-23 22:45:00,1729.2728421740294,1735.0785781299217,1724.6243056316519,1732.2979338832035,1808.6711447386933
2024-12-23 23:00:00,1720.286005812549,1720.0474675342991,1707.5246906318175,1712.8485539668663,4785.0199255272
2024-12-23 23:15:00,1723.436195193869,1724.4343874930257,1717.1632682063046,1719.03725260594,4179.563309568941
2024-12-23 23:30:00,1724.8794725488467,1732.1126279132404,1721.643399309406,1728.8671276810994,1421.7174671726593
2024-12-23 23:45:00,1739.522735136662,1741.1746458738687,1736.1123420637389,1740.8174368242505,6517.192475632384
2024-12-24 00:00:00,1760.5468209552128,1763.84138083311,1756.3980117941364,1761.0352916403783,6381.741722085076
2024-12-24 00:15:00,1738.5631221001343,1743.906120057521,1731.1767628195041,1737.8215713426423,8358.321599780347
2024-12-24 00:30:00,1753.1623108884864,1761.853502568619,1753.266025521248,1753.0671293549551,7568.918842888066
2024-12-24 00:45:00,1751.6905692136581,1756.2382330287614,1747.5644549473682,1758.7554888851719,6646.1680166351
2024-12-24 01:00:00,1717.786387394075,1724.6425972050213,1714.344461107651,1720.5797805578186,5582.64515171696
2024-12-24 01:15:00,1717.2571333739763,1723.2857394180085,1709.9739370431805,1713.5717919563785,8295.520497107082
2024-12-24 01:30:00,1718.4694890211902,1723.4389693318367,1713.3987025306453,1719.6287763644902,5789.010941486807
2024-12-24 01:45:00,1708.510074368851,1719.868222718687,1710.4355366976583,1717.8426119923483,7364.372819812341
2024-12-24 02:00:00,1707.7432381972583,1709.5820675814846,1698.7297424292408,1703.4431914485015,4584.842826487294
2024-12-24 02:15:00,1692.9157219187439,1697.7214258781614,1685.816881575509,1693.466912351542,5359.660847300947
2024-12-24 02:30:00,1699.2243621988903,1705.1096787804704,1699.2604360090854,1703.6158756993148,4304.157128317367
2024-12-24 02:45:00,1701.1358508107237,1706.9205248513506,1697.5802589638442,1698.828523423777,217.71140180133037
2024-12-24 03:00:00,1689.6971723896704,1696.5618539030418,1685.8815961157693,1688.1694561369743,4286.425455225674
2024-12-24 03:15:00,1704.1590704874732,1709.2730391104938,1696.1273550647404,1699.038873050426,8218.028443559
2024-12-24 03:30:00,1699.9307005573075,1705.30193393289,1695.8419953067275,1699.0334406769173,4790.255135344246
2024-12-24 03:45:00,1703.4582073819322,1708.770871477881,1699.7879082443026,1701.700337434897,8467.485940420023
2024-12-24 04:00:00,1696.076688679729,1694.5109308997087,1684.1744310222089,1689.2112698657522,4956.29889635503
2024-12-24 04:15:00,1703.4154427600329,1710.616223827398,1704.9060052853035,1707.5415382827916,5695.0264920156615
2024-12-24 04:30:00,1701.1456861517784,1707.1119808736073,1694.9152264080078,1705.449875568728,948.5712603629167
2024-12-24 04:45:00,1726.4763738684776,1726.3303689870813,1716.4156301861804,1719.735079341779,5308.438662678676
2024-12-24 05:00:00,1720.8566247839483,1721.7365783453952,1713.6275796529178,1720.7414695184946,1890.1296595593456
2024-12-24 05:15:00,1742.3538050433488,1746.1038218885521,1736.143385640905,1742.7461405508047,6129.451469182207
2024-12-24 05:30:00,1736.9935859298605,1741.305744187418,1730.9465154376448,1742.1744526277116,5382.424782081415
2024-12-24 05:45:00,1720.8745888289254,1732.5188658452596,1723.273125972404,1728.577672815121,2328.56305009434
2024-12-24 06:00:00,1692.2511268876713,1701.8325709086648,1690.5650055742904,1695.674344954284,9003.927275447739
2024-12-24 06:15:00,1707.6476017664713,1712.40258815971,1702.0725872158584,1701.0923818809804,3974.8195887770776
2024-12-24 06:30:00,1702.4022919616325,1711.0942259323785,1698.2507944733422,1705.7551921262295,2191.2958831625715
2024-12-24 06:45:00,1714.260081198693,1714.5738223606727,1707.2437549566719,1712.1379272317508,3720.9591007480026
2024-12-24 07:00:00,1711.716528553414,1713.8812821591503,1703.5131327370252,1708.528307879879,633.4784996425708
2024-12-24 07:15:00,1731.2025231188902,1740.3631384774212,1729.3476107329375,1737.7881932248902,8180.830214736962
2024-12-24 07:30:00,1729.169940507559,1737.6551500055061,1729.7402964389864,1735.221845079693,8138.212014318552
2024-12-24 07:45:00,1717.4358126930517,1726.8182855752736,1716.7923914064015,1725.3946826989857,6133.894816286163
2024-12-24 08:00:00,1747.8284671998395,1759.977648386991,1746.1030076928052,1756.1015278067478,2495.4959731082313
2024-12-24 08:15:00,1755.7630473856736,1757.439455327767,1748.7932985660884,1756.0321627070914,3941.4672899629004
2024-12-24 08:30:00,1751.6157017156277,1758.3495278609962,1749.042764789672,1752.8388443968038,9682.958858352222
2024-12-24 08:45:00,1732.290675764817,1735.3884512353586,1723.37615623672,1733.104583095033,6646.307250917423
2024-12-24 09:00:00,1727.692236703183,1733.0757444276278,1725.360002861206,1727.583578727835,3822.457764533378
2024-12-24 09:15:00,1734.6477120278505,1737.4812449690612,1730.6873372811438,1732.345320824133,5613.540171549686
2024-12-24 09:30:00,1737.5005980395329,1743.6301875958086,1733.216309104229,1736.983061349994,4696.5869336047135
2024-12-24 09:45:00,1762.483892788967,1767.007262819333,1757.38313267739,1763.4580304062404,4397.622457182533
2024-12-24 10:00:00,1768.7273759087009,1773.4891253720123,1762.168658756988,1770.6335231386645,9981.672599978298
2024-12-24 10:15:00,1763.9871404710625,1766.4637890657848,1754.808788586418,1759.9133350235072,2409.9008116269033
2024-12-24 10:30:00,1769.6330335521347,1771.8406948908814,1763.9156985443628,1761.2755474411422,9517.087242857602
2024-12-24 10:45:00,1740.6080464056445,1744.9792237660872,1736.6687197602148,1739.4673401521488,2210.8477257760433
2024-12-24 11:00:00,1726.1325686301655,1732.7962075573485,1721.6323570700986,1730.568523900027,8754.432917151842
2024-12-24 11:15:00,1730.1131803578805,1731.868477396383,1727.1895802637769,1730.339743299572,7382.534259685122
2024-12-24 11:30:00,1724.254736570597,1731.3642583278954,1722.0331072290671,1728.1465354125007,9024.944634062254
2024-12-24 11:45:00,1729.4572385018814,1735.6708422813986,1730.1960537448142,1729.0415918220954,8299.979013987084
2024-12-24 12:00:00,1711.7543576508735,1719.1959516844918,1709.4637735843573,1714.1482009838303,6756.620275337497
2024-12-24 12:15:00,1693.198776654798,1700.039051248756,1688.669412034988,1699.295582420055,4493.366419704397
2024-12-24 12:30:00,1690.802729099625,1690.9522848011225,1680.7571671770459,1687.0099855591413,9292.608357307647
2024-12-24 12:45:00,1660.9057394505085,1669.089528889158,1660.0254882727995,1666.983755112246,3331.2154041896065
2024-12-24 13:00:00,1682.3444069781938,1689.9407058298475,1680.8497096838478,1683.4915588638428,5992.6696837770005
2024-12-24 13:15:00,1707.3341396861404,1715.5873323523697,1709.2026542044912,1715.979665505062,9739.577397458956
2024-12-24 13:30:00,1704.0717340599697,1708.7758496059325,1698.8040261309204,1698.9489874097221,9721.087547549638
2024-12-24 13:45:00,1707.9434787859582,1711.526585951757,1696.1103077310904,1699.608499542328,2860.2599281714943
2024-12-24 14:00:00,1706.95752965097,1707.7574556317975,1699.2372794035878,1698.7304315041843,5268.360020545275
2024-12-24 14:15:00,1722.165660613713,1725.500046192462,1714.412894683651,1725.456971405258,3535.4658451402697
2024-12-24 14:30:00,1727.6214782499362,1730.139525617359,1721.6766149034677,1725.3229668945698,5930.117343420925
2024-12-24 14:45:00,1719.036566874706,1722.5540842537982,1708.602023714094,1713.9881126105067,287.1981384263238
2024-12-24 15:00:00,1712.7527378510156,1719.5962435481,1709.9169797662653,1716.5182484989762,9587.503268229506
2024-12-24 15:15:00,1721.6437022756072,1720.252930693192,1710.4037997302162,1719.9675778829194,177.13390444518117
2024-12-24 15:30:00,1738.859644788849,1743.028902334764,1738.387932078838,1738.8615637421021,4598.334841231795
2024-12-24 15:45:00,1771.534035459516,1776.6101795812526,1769.9178403538538,1776.0700285142723,468.8472371023149
2024-12-24 16:00:00,1747.3556021234704,1751.7993261339968,1744.4364596734042,1745.5889884079309,4409.038989748037
2024-12-24 16:15:00,1729.9161796857954,1731.4543863463493,1720.7330001024636,1721.655965142656,1964.2049647434146
2024-12-24 16:30:00,1707.9949678088158,1711.6965891796046,1703.6858020139107,1706.1327235413066,2670.9684346330164
2024-12-24 16:45:00,1697.142894278416,1698.9237569162551,1690.6832075832313,1692.0573632480055,1525.4440849261657
2024-12-24 17:00:00,1689.82877566337,1699.5492028405051,1686.6128889525123,1696.0597114900697,4324.7087046291235
2024-12-24 17:15:00,1726.510881955263,1724.9113484128893,1716.4342156638763,1720.0645199742853,9442.698531906608
2024-12-24 17:30:00,1713.110426122167,1721.1322482305536,1707.9682930819538,1712.0799256675086,3505.767962304036
2024-12-24 17:45:00,1717.0725490498437,1719.8090441828815,1707.3003753315268,1709.0697880581163,8567.202433806478
2024-12-24 18:00:00,1727.2074498205673,1731.4909884956892,1719.852995975155,1727.7922608475733,9750.624544810638
2024-12-24 18:15:00,1744.4917726040787,1745.963990859345,1739.0749730907369,1741.9273456447506,179.19385665966553
2024-12-24 18:30:00,1744.0392656113768,1750.0018255237273,1741.120751282134,1743.3850791217894,8785.823614475414
2024-12-24 18:45:00,1743.9031029747894,1750.1792454463762,1740.866878990687,1746.8626733929805,1129.078178249169
2024-12-24 19:00:00,1782.7907156507208,1784.8509232262118,1772.751647115606,1778.170266875031,5454.662545756843
2024-12-24 19:15:00,1789.4028769155966,1791.8021260686096,1786.2528267493785,1787.1123316086284,8102.67348225301
2024-12-24 19:30:00,1817.9105030941228,1826.3983455351495,1812.800867788816,1824.3026889976734,2644.691241743578
2024-12-24 19:45:00,1814.358789376595,1824.4765465024545,1813.9370884110233,1821.3904400916047,4304.05832376751
2024-12-24 20:00:00,1832.0462021778833,1833.915299660414,1825.893205037427,1827.4142195022496,273.2344867437745
2024-12-24 20:15:00,1802.431913469248,1806.57571153419,1800.940546876263,1802.2134789310012,6521.284365496196
2024-12-24 20:30:00,1793.1740241912305,1802.2371487083321,1788.5716070728336,1793.2142537138604,1545.994210626387
2024-12-24 20:45:00,1803.1044453725435,1809.5977206935909,1798.871134624687,1804.2998912251574,8381.154460400252
2024-12-24 21:00:00,1784.5802701823566,1792.2832139894108,1785.5855519422735,1788.5812446090722,9981.957491894284
2024-12-24 21:15:00,1769.2876948254786,1776.291531304074,1771.3701707689384,1773.4313915105568,6203.041613891271
2024-12-24 21:30:00,1745.8252581987513,1756.190804991883,1746.8165177646686,1752.499025336233,7272.5615592691265
2024-12-24 21:45:00,1767.3705742574452,1767.8732579838286,1755.7352205994903,1765.2183819532315,7942.494121716526
2024-12-24 22:00:00,1771.3823515668785,1778.7265436875855,1767.2879961841102,1771.63434359753,1914.2207711887825
2024-12-24 22:15:00,1752.8772604773012,1760.05410500274,1750.16325992886,1759.595535404733,2854.3152643457297
2024-12-24 22:30:00,1764.033370150431,1769.4184143204025,1759.7926071997285,1767.6257650432242,8545.097340395714
2024-12-24 22:45:00,1768.899706740438,1771.464113097464,1760.0564195872794,1764.2244390533629,3681.5136358591258
2024-12-24 23:00:00,1809.3076664905593,1808.1227085547753,1798.1172468022428,1806.532045251051,8130.481027068921
2024-12-24 23:15:00,1779.8023397498932,1781.5628142256146,1776.405213723542,1776.2950634525903,7564.772650245779
2024-12-24 23:30:00,1768.6188502354912,1773.9306995630618,1762.9796450519002,1763.8458641931484,6753.199443121121
2024-12-24 23:45:00,1757.20612568336,1762.4547059846325,1756.9362615189705,1763.5333397030292,4556.160062426677
2024-12-25 00:00:00,1717.6904138651505,1726.0781495868653,1713.573340123231,1718.2557790955452,4887.437415757791
2024-12-25 00:15:00,1711.004397501254,1710.6109312046021,1703.312829457465,1703.2661767467748,1534.8084947513237
2024-12-25 00:30:00,1732.3137057134663,1732.6920602286011,1728.0893693420742,1725.9159208259885,7099.685683004852
2024-12-25 00:45:00,1747.9886205047262,1747.6569115810194,1738.8343141151638,1743.8421947926072,7636.3719139141185
2024-12-25 01:00:00,1738.2171786096305,1741.234361756865,1726.8290409772467,1735.8633363750514,1053.670063809874
2024-12-25 01:15:00,1738.3972859187418,1742.2904110424172,1736.339737564126,1742.4329347867342,9392.347103220118
2024-12-25 01:30:00,1725.3162838366034,1736.3568272376203,1721.9587948219908,1732.6217916944872,7304.017239298768
2024-12-25 01:45:00,1740.402433675951,1751.7033473443703,1736.3173675294622,1748.798131697403,3065.772383684453
2024-12-25 02:00:00,1740.5195364440845,1746.9257306501281,1735.688213716947,1741.3685760699582,4723.5023563383365
2024-12-25 02:15:00,1763.311635995041,1767.8351099270562,1759.2248737920493,1767.5134860250737,8093.156511841308
2024-12-25 02:30:00,1775.7295463206165,1785.2334698537916,1771.9939458046783,1775.9352193533323,2703.6990982612624
2024-12-25 02:45:00,1794.463140053709,1797.3582537864409,1786.375635068315,1793.680439019647,9508.81344304208
2024-12-25 03:00:00,1805.1011579343822,1807.1823475633698,1794.5407873156214,1797.6158622752416,3696.728358968884
2024-12-25 03:15:00,1800.677787993135,1807.5751164088294,1795.3790315542165,1806.2052650389526,7657.015664901041
2024-12-25 03:30:00,1784.2229479758767,1786.352745266489,1781.3360030592962,1783.8529292647602,6155.327419861144
2024-12-25 03:45:00,1779.1310897037595,1781.7321210458279,1773.2567414404361,1776.0425037866003,8225.204939810508
2024-12-25 04:00:00,1783.9754391024744,1790.206523786703,1781.940503813986,1786.348287965098,9903.691079477081
2024-12-25 04:15:00,1786.4997340590437,1792.74630468235,1784.2628276153407,1784.6583200592781,5734.998350942867
2024-12-25 04:30:00,1798.4116031512447,1805.141855240343,1796.166656256699,1796.126378386825,4086.7605197087955
2024-12-25 04:45:00,1789.290063342621,1794.899571362809,1781.6282035414777,1784.006375046372,9367.375160077276
2024-12-25 05:00:00,1773.6034030521316,1778.45881578905,1765.598872386657,1769.0274465959378,4097.047578902593
2024-12-25 05:15:00,1772.4679994124892,1776.1255071926057,1766.0486222715708,1765.648621794327,8254.59716497429
2024-12-25 05:30:00,1763.5657668725885,1766.4077168475246,1755.6404499520277,1764.4889331801899,2832.4735576816456
2024-12-25 05:45:00,1767.823542404983,1776.1618327923939,1765.6573413072663,1772.3391198725249,4216.8003352687265
2024-12-25 06:00:00,1749.3130795219126,1749.7030302521746,1744.420289461946,1745.101537728061,1538.2637853081812
2024-12-25 06:15:00,1721.9665480290591,1729.888600476388,1719.169133026541,1718.4685018495966,3102.2821043537524
2024-12-25 06:30:00,1729.928527543342,1728.436395238395,1723.4682897373575,1726.606922770038,2118.554175662657
2024-12-25 06:45:00,1717.468478395756,1723.6061667385302,1709.55952128823,1715.3164192240233,7141.34226161222
2024-12-25 07:00:00,1731.2264079827162,1731.1969174815347,1724.0120293878763,1728.675497656018,5080.079495391332
2024-12-25 07:15:00,1749.1126552884673,1757.6565176625131,1746.194278368533,1747.8645342722682,2118.026400022254
2024-12-25 07:30:00,1748.7481160939826,1757.4276801803337,1748.6588715347089,1755.4318519150083,7089.133589350248
2024-12-25 07:45:00,1745.071437395422,1750.7561140298717,1742.3032927439035,1747.6123116980173,7657.115624929108
2024-12-25 08:00:00,1760.3641858845467,1760.5710322396844,1749.7258840968136,1756.7668640617278,5928.869108138285
2024-12-25 08:15:00,1761.855958823905,1763.0413136318293,1757.5291930133808,1764.29182346282,4909.840789844142
2024-12-25 08:30:00,1742.2610514502953,1745.4937479605321,1737.17041834954,1738.4950451237164,9903.418982443472
2024-12-25 08:45:00,1761.299691223766,1767.4009587172177,1760.1127824364953,1762.8360228746246,7870.158957191606
2024-12-25 09:00:00,1751.7848833978926,1762.703367627363,1751.764425164202,1757.2221615585815,4908.354481653405
2024-12-25 09:15:00,1743.4444328608179,1750.624247813394,1742.4853170345343,1750.2245470782284,6081.840252128723
2024-12-25 09:30:00,1772.0010081429816,1772.8516834565444,1763.1862419034971,1773.6254411798238,7580.647053543626
2024-12-25 09:45:00,1726.750112819088,1734.6831192922828,1721.5050343559055,1730.9665680025166,480.3046713411371
2024-12-25 10:00:00,1716.7523412425628,1723.5872748946947,1712.8621093604681,1714.0745247412983,4936.340076071773
2024-12-25 10:15:00,1730.3646848550045,1736.189022573842,1725.8679023789903,1734.3131389970047,6262.901664203127
2024-12-25 10:30:00,1746.040531757862,1750.1802332907196,1741.3515473149403,1743.2474739461302,455.39301304631385
2024-12-25 10:45:00,1733.001077811551,1740.2630346878555,1733.0779961421902,1740.0389379003495,3334.6562466871646
2024-12-25 11:00:00,1748.0767388013905,1757.443026498794,1747.1905994735516,1757.435925487707,7531.012803356989
2024-12-25 11:15:00,1747.7874441618474,1748.2349092289958,1739.8182772902717,1744.8197281329615,6908.0336442758635
2024-12-25 11:30:00,1724.296868194935,1725.888387994823,1717.382214792162,1715.704623762091,2000.4186842944619
2024-12-25 11:45:00,1705.3212607827093,1713.9557910299307,1704.4313038266941,1710.7238515277488,7417.181766972947
2024-12-25 12:00:00,1721.378798887686,1718.6553422287404,1712.961487691001,1713.0021118438642,4800.252846560885
2024-12-25 12:15:00,1710.7711744572825,1715.9120754815779,1706.016388262142,1712.1629520269341,8984.267041102765
2024-12-25 12:30:00,1721.4665262359713,1727.0793218899048,1715.8372337481637,1720.45100804908,1091.775222090799
2024-12-25 12:45:00,1731.0201391054936,1731.7883475736282,1725.671151349121,1726.0343083447094,394.45293339788446
2024-12-25 13:00:00,1727.0499233152154,1725.8769433860282,1716.1279324874006,1719.2477514746145,3764.22173477264
2024-12-25 13:15:00,1730.6926802605722,1731.5442374881363,1723.851245901976,1732.084100852641,5080.767018167514
2024-12-25 13:30:00,1718.274541153111,1721.470883756145,1715.2072860286087,1717.326215883488,9521.277151651237
2024-12-25 13:45:00,1763.8813934903146,1766.3495096177849,1756.9845980035886,1757.4154390626804,1484.9469891468398
2024-12-25 14:00:00,1747.612241050022,1747.3517034585052,1738.3696796641336,1743.3508207508416,546.3785097412333
2024-12-25 14:15:00,1738.8422264930368,1748.5368538448708,1738.2103431515739,1740.4667462062523,7646.254344293223
2024-12-25 14:30:00,1745.755837946686,1748.3748324875248,1740.1580891848419,1744.6828770465345,234.7631088049649
2024-12-25 14:45:00,1730.7435884686663,1730.460417684995,1721.5567408066993,1732.9329111418747,9142.432129849249
2024-12-25 15:00:00,1740.8016630909476,1748.4171445935522,1738.6270836221984,1744.2806927745523,2696.009183080764
2024-12-25 15:15:00,1753.010959345252,1752.4385166018012,1745.0413114017983,1753.5089229153994,9804.30437793939
2024-12-25 15:30:00,1771.8952535095257,1771.2132274645205,1764.4094714656426,1771.393536565865,3318.1472923000592
2024-12-25 15:45:00,1804.632182406899,1813.4517774815931,1805.5433139552695,1809.7217288067998,2942.3649990171375
2024-12-25 16:00:00,1809.3654834821064,1808.8974874724713,1801.5604779041846,1801.0531838210613,4997.80043073212
2024-12-25 16:15:00,1792.6467215348887,1793.2461542686488,1780.4155447468,1786.5443588075016,6936.011738737483
2024-12-25 16:30:00,1766.9986547041485,1768.9662037447092,1761.7200462184044,1769.621026103531,8645.611673779187
2024-12-25 16:45:00,1767.9252890731682,1777.0439838301004,1764.3525526726623,1770.169159401518,5779.528217541022
2024-12-25 17:00:00,1781.2977255276146,1781.171147981879,1770.586645141383,1774.7443726545896,9585.248731561434
2024-12-25 17:15:00,1777.4127445777124,1788.467577633805,1774.5223107134343,1782.125501189668,5799.07888115165
2024-12-25 17:30:00,1785.3581148236353,1789.3496338051714,1779.4170329753092,1780.9927931372463,1034.1013810121876
2024-12-25 17:45:00,1777.2697473753772,1775.0464419860089,1768.4615433310582,1771.3301299829698,147.1094877483057
2024-12-25 18:00:00,1774.2650953106554,1776.6720924500266,1771.8028639201907,1769.7718249827537,987.5745083715116
2024-12-25 18:15:00,1758.7393032744972,1765.7562290013386,1756.4303398123427,1758.4165878330614,4643.523997776475
2024-12-25 18:30:00,1776.0570843172434,1782.921480724401,1774.051324670536,1783.3621423335005,5315.365642991943
2024-12-25 18:45:00,1789.2654947638034,1795.773864154434,1788.1810829238652,1792.1087485376368,5646.92364661976
2024-12-25 19:00:00,1804.5410934768377,1807.343404014224,1801.019530918933,1806.2937611247453,6223.635738420471
2024-12-25 19:15:00,1788.8219137364702,1794.9449179878097,1785.287446473381,1787.3534172715183,8184.006086600134
2024-12-25 19:30:00,1769.5774353297215,1774.850747154409,1764.7445936193851,1773.1607526608152,7661.294683760265
2024-12-25 19:45:00,1775.9093198070013,1780.866829457563,1767.5160065115465,1779.8359699798798,4926.822666561686
2024-12-25 20:00:00,1793.183609075374,1799.551737878563,1787.6293350605388,1790.6578717546718,8662.012565994048
2024-12-25 20:15:00,1816.6388215263562,1817.229643500738,1811.5809235571048,1814.334163252705,9107.643923987038
2024-12-25 20:30:00,1829.8537710007226,1836.5775826436882,1829.6532672229082,1833.180294518977,5856.619212350329
2024-12-25 20:45:00,1818.0114413942333,1819.5037699984189,1812.897950529094,1820.875713229651,9665.526970734098
2024-12-25 21:00:00,1815.5697996290025,1817.5328261993598,1810.3410771110523,1814.9313827147355,9570.35547554611
2024-12-25 21:15:00,1826.944715628598,1831.5882562820907,1820.0100718034403,1819.3459153719562,5685.9864088614795
2024-12-25 21:30:00,1828.0341120146281,1834.0622270847693,1825.326412988068,1832.3416927354358,2478.348953393045
2024-12-25 21:45:00,1840.190095146375,1844.9870405152103,1833.765455671873,1834.2205285111747,2576.5779444396985
2024-12-25 22:00:00,1851.2241617914572,1855.2077221494917,1848.1141379722847,1849.4791232726968,8676.923682334942
2024-12-25 22:15:00,1862.3812618857644,1864.8023463656061,1850.7579628002914,1857.2585361951546,5904.828318914014
2024-12-25 22:30:00,1870.8538622867222,1872.1003649456145,1863.6979308446114,1864.7689322922345,8081.881953237255
2024-12-25 22:45:00,1877.0520166801277,1886.9553451503323,1875.9695841386206,1883.1366358262,1681.239890043457
2024-12-25 23:00:00,1874.6525374439266,1880.595157109086,1867.9346555746813,1878.467726350947,8830.082027004
2024-12-25 23:15:00,1856.6700978700283,1860.3877476707235,1848.8200731990514,1853.7033019575147,4547.894609445243
2024-12-25 23:30:00,1846.1947724449396,1852.2499478433228,1840.8134829159874,1846.2694677430163,950.1736882133825
2024-12-25 23:45:00,1860.06602336968,1861.5092059017486,1853.6915844433836,1853.3090039670803,6824.03832696232
2024-12-26 00:00:00,1877.437560754187,1882.2076391555477,1873.481335813817,1874.464469272259,7341.910083451069
2024-12-26 00:15:00,1844.555485619135,1851.9554627540172,1840.4853597723497,1843.4903678140188,562.8810034778198
2024-12-26 00:30:00,1854.4131598038564,1859.512727819213,1848.436039300547,1853.9136091943597,9671.09482518654
2024-12-26 00:45:00,1858.1955788616162,1861.698790402994,1847.1488612823264,1852.7346784197994,6704.420064078299
2024-12-26 01:00:00,1840.2559285119794,1843.8254302940256,1835.3725817303743,1844.838891232707,3255.0713820003702
2024-12-26 01:15:00,1801.8005948669336,1808.9504493718434,1800.4845963858506,1804.9286885781223,7221.902153285316
2024-12-26 01:30:00,1817.0827799627436,1823.2381383767733,1815.2322557031464,1822.1170443809754,9118.874229981124
2024-12-26 01:45:00,1805.7869676675718,1804.135194204606,1796.5810598257299,1798.266277721853,9825.238932461329
2024-12-26 02:00:00,1817.4456541857905,1818.508672478968,1808.1896189087097,1815.8648212182316,1271.896650704946
2024-12-26 02:15:00,1794.5797544357586,1797.537489045296,1788.9636571975236,1789.3840358304478,1378.8893931285509
2024-12-26 02:30:00,1797.1261784362898,1807.5682242138084,1792.293742943785,1799.2098582825981,9766.473880007336
2024-12-26 02:45:00,1802.8623582565049,1804.7128068132852,1796.8282028614797,1796.0049603339376,8222.816356447955
2024-12-26 03:00:00,1799.608689257586,1802.6872130438396,1793.7046728170876,1797.4344965195553,3217.84764346726
2024-12-26 03:15:00,1781.082600403915,1785.6593259675312,1774.3754901632167,1775.5991274254964,7072.097121865546
2024-12-26 03:30:00,1779.7046454702822,1783.2197950522534,1773.388812810799,1780.6799296121187,5637.186022602422
2024-12-26 03:45:00,1766.2859795917823,1770.6498511534537,1765.3836735486047,1766.5999005665283,1122.5517890392316
2024-12-26 04:00:00,1774.5679665194248,1776.183958374896,1763.3109793558526,1765.7856864114722,2990.1441862938404
2024-12-26 04:15:00,1779.2370478120993,1783.2027384934365,1772.7962910687027,1774.5693839424682,2661.6072193313244
2024-12-26 04:30:00,1773.8020211031678,1779.503026974534,1772.432968674148,1778.0898757532427,6401.77167968562
2024-12-26 04:45:00,1787.0901671650313,1793.9621028867352,1786.8391376978182,1796.0461109758153,8155.144512374454
2024-12-26 05:00:00,1797.565412354257,1798.8324095197001,1790.5502590846602,1796.9591386260242,6081.4186637438315
2024-12-26 05:15:00,1780.0605730181685,1789.223994261123,1776.9407964325608,1778.4410514669837,3373.9817597627653
2024-12-26 05:30:00,1753.7797396421279,1755.2161471946379,1747.0657039167256,1756.0017966005769,5826.352284200705
2024-12-26 05:45:00,1753.0217839323036,1757.088073229096,1744.8416541271945,1754.843336590156,8277.230945515465
2024-12-26 06:00:00,1751.7798290066335,1754.5487595566315,1744.3966481674415,1751.1674273654294,9696.711681487472
2024-12-26 06:15:00,1713.8358078187537,1722.1200738690727,1714.1379527239696,1715.580500200275,6460.823352253618
2024-12-26 06:30:00,1715.9252948028254,1717.826247316151,1707.0345259629128,1713.424490870611,1394.360281449375
2024-12-26 06:45:00,1739.6401203544312,1751.180670038613,1737.0723643064043,1747.4500929472385,2444.754480066016
2024-12-26 07:00:00,1760.342509832207,1766.5459113611987,1755.6674374724594,1761.5555775299729,8040.933554740635
2024-12-26 07:15:00,1739.0436478600568,1747.173099126597,1737.5690855608575,1747.933517650978,5508.6522340243455
2024-12-26 07:30:00,1760.8246144717482,1765.0803298593357,1755.9935163006314,1754.8181119158235,9524.554393430917
2024-12-26 07:45:00,1768.5849535011355,1776.067099729796,1769.7538073883159,1769.2042986782958,2494.596056089999
2024-12-26 08:00:00,1767.2351658502962,1772.9275522645162,1761.417684901027,1771.4646575416352,9118.356013831315
2024-12-26 08:15:00,1757.9036394889583,1761.4422795211487,1752.5146005342033,1758.7567461545566,6677.068698197345
2024-12-26 08:30:00,1754.282500021314,1760.5490042644315,1750.0982896597802,1756.2491862580468,6188.56605737044
2024-12-26 08:45:00,1751.7620269154622,1753.7882295774543,1743.2815660172903,1752.7553178063722,4462.5732560281185
2024-12-26 09:00:00,1719.7861710067166,1729.749402307995,1718.071512255746,1725.3028716477509,1931.2483945732272
2024-12-26 09:15:00,1736.9890485401409,1736.661161885182,1730.0525005888649,1731.9946312143193,6636.979453794329
2024-12-26 09:30:00,1727.5512485327508,1735.4163893506613,1724.6102153599918,1732.3385455688663,3921.3166366698256
2024-12-26 09:45:00,1728.963251376364,1734.0682791581085,1725.314469199245,1729.4610159033984,4185.736823290659
2024-12-26 10:00:00,1740.1131310371459,1752.1697754366962,1738.0610031980766,1747.5939453508229,5462.463667557569
2024-12-26 10:15:00,1738.0786909366686,1748.3198259070896,1735.1473245748132,1742.6552123612464,2271.5343212083403
2024-12-26 10:30:00,1735.3830093211661,1732.5960950295498,1727.2588229446333,1730.2401516751847,368.8378532941018
2024-12-26 10:45:00,1727.312919610419,1731.8232663470649,1721.0888779640898,1724.2670053983697,9194.165332651024
2024-12-26 11:00:00,1744.1300455447397,1748.962264914559,1735.747980208932,1740.6581525607191,2267.9206067313826
2024-12-26 11:15:00,1737.594016276188,1737.6017387439229,1727.8104047436811,1735.8588138734083,6596.809445226446
2024-12-26 11:30:00,1732.349978562317,1738.6736299001068,1727.5650395167786,1732.2064639643984,2530.3255415549506
2024-12-26 11:45:00,1710.3229575210573,1716.5111995380635,1706.2436770438924,1705.1416120297085,9432.537490708328
2024-12-26 12:00:00,1710.754225330059,1715.5676473198068,1707.2350653568342,1713.1413542727344,3090.0360702527514
2024-12-26 12:15:00,1721.2742578062396,1727.7074548520252,1716.3250319849246,1721.259036395021,1202.3883835713905
2024-12-26 12:30:00,1717.6393084512272,1727.1069566693054,1713.055373093177,1721.2201383157826,9880.67321031856
2024-12-26 12:45:00,1691.3664604003384,1699.5828580899547,1688.364344704109,1698.2657892275083,316.9778430320288
2024-12-26 13:00:00,1710.7854214755828,1716.6991886935143,1702.0577752792017,1710.802673621263,1615.8875374948316
2024-12-26 13:15:00,1721.9883720421437,1726.9241296015152,1714.6001384956771,1717.5334852690123,6730.978656227762
2024-12-26 13:30:00,1724.2548185775092,1723.3213645647365,1715.9776510245745,1717.632665948784,7984.879120240807
2024-12-26 13:45:00,1702.9066941828007,1714.7671629519527,1700.896100074294,1711.4389727191033,9085.355111695051
2024-12-26 14:00:00,1697.2524677952388,1702.866826585916,1691.4900846725313,1700.445319514062,549.8467438427822
2024-12-26 14:15:00,1729.6025150190126,1735.272532032248,1729.4568626564856,1732.3272422555222,6204.971274626715
2024-12-26 14:30:00,1722.7133672043035,1731.277620360285,1719.9528921134097,1724.824032429564,8043.175489011026
2024-12-26 14:45:00,1711.9316722629587,1720.8910866185495,1712.590186217575,1719.96736223375,5525.8612935811325
2024-12-26 15:00:00,1716.4047125827644,1723.866789748245,1711.0488604106588,1715.1716105849564,6363.542083409052
2024-12-26 15:15:00,1724.6526693115522,1735.4993969239724,1724.7419973575757,1724.8481743424295,6297.151532526217
2024-12-26 15:30:00,1713.3727511932407,1715.8285959326324,1706.1611368387112,1712.9645556271091,6723.963387972204
2024-12-26 15:45:00,1695.4069276455941,1697.614539662926,1683.6392969859385,1688.6764557209683,8728.76985622017
2024-12-26 16:00:00,1694.577562514896,1697.5139893600326,1686.3793960717162,1689.2974771959155,2105.360939579243
2024-12-26 16:15:00,1689.70428217056,1696.9168617881924,1685.4672319895158,1688.3938408429472,1687.107640526768
2024-12-26 16:30:00,1690.8357348764875,1697.4479393578085,1686.1270812318282,1691.099317159261,320.14257429445394
2024-12-26 16:45:00,1692.4915812791146,1696.8804739214427,1685.2027376793053,1688.521781565385,8526.325818161917
2024-12-26 17:00:00,1716.1854047731895,1716.9781163150433,1709.897753447137,1712.9583522050978,8586.46941636073
2024-12-26 17:15:00,1710.4761111686,1711.8662195217287,1701.6238353663118,1706.1707726274444,641.846428450793
2024-12-26 17:30:00,1718.6877219405542,1718.1178631551434,1711.0936304845375,1719.4771015731162,2940.1236637650395
2024-12-26 17:45:00,1723.8312269404614,1727.947071929149,1718.4155104875588,1726.4496457947228,4380.376869272552
2024-12-26 18:00:00,1720.3204508817164,1730.2352785473747,1718.050767692251,1725.0375994651451,5005.546444230098
2024-12-26 18:15:00,1714.0450927537645,1724.386243588051,1713.566208012789,1715.9547963670755,5312.348112950525
2024-12-26 18:30:00,1704.9676690735678,1708.9331075718567,1698.2024792836205,1705.156866425475,3870.0801259785094
2024-12-26 18:45:00,1706.769576657479,1712.1856469549136,1697.7981602141122,1706.0003898765813,331.67119727541206
2024-12-26 19:00:00,1690.3539837310673,1698.7062022328053,1687.7274960267387,1692.2850308851964,8265.896767098322
2024-12-26 19:15:00,1675.5637184691452,1686.4672666589004,1673.1282836324117,1682.1216520103324,1649.5925411627177
2024-12-26 19:30:00,1671.6288722883821,1681.2654422484084,1669.876211026371,1676.4327553445712,5768.964175036081
2024-12-26 19:45:00,1667.7607199600259,1674.332807563305,1660.9574329955,1665.3627297064518,4876.5916416750515
2024-12-26 20:00:00,1636.1482766810625,1637.6757872490446,1631.3269070368424,1638.5873384882902,7889.676280651552
2024-12-26 20:15:00,1636.990959951832,1642.7285895619525,1631.246484710354,1639.453761787096,4066.7426584243694
2024-12-26 20:30:00,1654.398457138564,1658.5666936520834,1644.9486400739725,1648.5751048658728,4363.103942360367
2024-12-26 20:45:00,1662.6411531272183,1662.6197379133134,1652.5288019847314,1655.4074022884402,4497.3150513279625
2024-12-26 21:00:00,1681.1884681789838,1679.7191313396702,1669.4709649186636,1679.1825817007627,9713.956975043306
2024-12-26 21:15:00,1687.54169067364,1691.1194236038323,1683.3263133003904,1683.8896205521648,6981.195341917875
2024-12-26 21:30:00,1683.3333110455605,1687.1602290392996,1672.542284690385,1679.6754726255035,5966.908110935796
2024-12-26 21:45:00,1695.5874661142636,1702.0956117254086,1688.8359105129043,1698.1912882062059,6610.052270702101
2024-12-26 22:00:00,1690.0225088158422,1695.4325932807515,1685.904588896582,1697.0540128697644,3652.0437936198173
2024-12-26 22:15:00,1670.0624882106617,1681.460498065766,1670.1219267545043,1673.634309717685,5440.8897497003145
2024-12-26 22:30:00,1685.796486468009,1690.2955683024582,1681.534091705288,1684.479174218874,8933.526195380246
2024-12-26 22:45:00,1686.8175027642774,1694.523384185908,1681.9407505968943,1689.0682617319462,6808.961197104083
2024-12-26 23:00:00,1709.4797425560323,1713.632208477153,1703.8658883821874,1703.9750815226469,994.927623981264
2024-12-26 23:15:00,1702.3681246923709,1708.7004981566395,1698.7445337290023,1703.9858779877688,1154.76268256798
2024-12-26 23:30:00,1704.3206740648075,1713.822498911012,1704.4329869005505,1705.5351873574289,6269.21339808074
2024-12-26 23:45:00,1716.0308691818118,1719.2435256598455,1709.3393494422733,1707.8627700471804,5513.860055176473
2024-12-27 00:00:00,1715.9199916202194,1725.1136884820323,1714.47236745637,1720.9789676599823,7679.835551734331
2024-12-27 00:15:00,1733.2911104764803,1735.8489296404343,1724.2785618214218,1728.3678547248683,5193.953177840668
2024-12-27 00:30:00,1753.0267553537171,1759.8467375295495,1748.2539909661173,1754.5749896321927,4314.601276888942
2024-12-27 00:45:00,1768.7877908644184,1771.4513068160982,1760.5049420083608,1763.65703971073,1279.7971439297464
2024-12-27 01:00:00,1765.1884186981551,1773.8145678143949,1764.6269658206363,1763.094214235301,7569.819639521905
2024-12-27 01:15:00,1766.445756191769,1771.923321774337,1758.6527545019496,1761.210659965068,8961.66936878048
2024-12-27 01:30:00,1762.1426329642668,1765.8441526584984,1759.28360827492,1768.306044556365,4387.723764856879
2024-12-27 01:45:00,1753.6211795008019,1766.3497724341064,1755.1465606301128,1757.1435636435842,1489.177275913533
2024-12-27 02:00:00,1766.268108817775,1765.374062122039,1757.4860712722168,1758.671446099912,2634.7910692355576
2024-12-27 02:15:00,1754.9978892545348,1765.8735556483807,1754.6626704408422,1759.5582985406463,8374.642094331573
2024-12-27 02:30:00,1752.784245463785,1761.7746025112026,1751.3355527486635,1755.21419396351,7755.177493400662
2024-12-27 02:45:00,1783.1941095129325,1788.640144276871,1781.3371040153554,1785.7311982076515,6028.009678781555
2024-12-27 03:00:00,1775.6416659187767,1778.6381002449098,1766.143655593249,1772.4648307163418,9380.476103761368
2024-12-27 03:15:00,1762.4145941271067,1772.5663964008575,1761.5213825112378,1764.9133083205331,3741.5216302732915
2024-12-27 03:30:00,1771.2656869095442,1774.6966830465956,1765.176392495589,1772.1238815802258,6989.328164260885
2024-12-27 03:45:00,1777.456359666574,1784.7114484275908,1770.9196222488913,1779.1144354988994,2195.2324901422276
2024-12-27 04:00:00,1781.123037075043,1789.348355525676,1778.800244965876,1787.2109604882899,7406.710875489722
2024-12-27 04:15:00,1802.488983961548,1807.0680152581276,1793.9838573122472,1803.597497601514,8576.785251035175
2024-12-27 04:30:00,1814.6075074353068,1826.3412925149241,1812.3756271617715,1816.7920747452724,4705.468957427567
2024-12-27 04:45:00,1824.323596274741,1828.817115661498,1822.7368931717767,1829.2223764595292,4276.047757208922
2024-12-27 05:00:00,1828.0582056753951,1833.3374881226596,1822.7302245272278,1830.7592865336496,8006.128416320852
2024-12-27 05:15:00,1824.157279716875,1823.9379746468849,1815.920365496247,1824.0950179926297,3598.451692795362
2024-12-27 05:30:00,1833.4254729798213,1836.9403532926915,1826.333516655908,1834.892356750452,7622.7261170747415
2024-12-27 05:45:00,1858.2444172667476,1862.590322269657,1850.6068759343673,1857.860451422049,2211.2610837868565
2024-12-27 06:00:00,1880.5976973399659,1885.3659776015743,1873.978804648196,1877.4412189328582,5658.64779433583
2024-12-27 06:15:00,1896.288491251012,1899.223554066219,1883.641895830543,1895.357715194877,1260.4681680707563
2024-12-27 06:30:00,1890.6646940528115,1894.4042108509568,1884.573613197466,1887.8933085235844,1966.868625208811
2024-12-27 06:45:00,1875.9845371093452,1874.121447807324,1865.1910514397018,1873.865472788605,796.0153744283836
2024-12-27 07:00:00,1869.638860003584,1871.3887175882219,1861.1069760862858,1866.7799299778362,2875.732408656427
2024-12-27 07:15:00,1864.8487149742823,1873.8117833350216,1865.4194137019645,1866.090586223327,1732.3060274165553
2024-12-27 07:30:00,1869.521332804126,1874.1886212374911,1865.8165499588754,1865.9152963393417,2010.2295268471216
2024-12-27 07:45:00,1849.4391305663232,1858.6923806130555,1845.8182735328473,1854.1098812232458,407.4878719443358
2024-12-27 08:00:00,1845.5960374417266,1849.5479732826107,1840.164801254863,1842.2883597939524,266.3230931846477
2024-12-27 08:15:00,1822.0024427349917,1822.6050857373386,1811.360753381079,1820.7146307939804,2262.043905858465
2024-12-27 08:30:00,1804.6976779733793,1812.8796294679285,1805.9779890798554,1808.6689489457276,1703.750264665875
2024-12-27 08:45:00,1783.793359198236,1791.6531083313666,1785.4731119083037,1787.0645117401143,1454.5406400285788
2024-12-27 09:00:00,1792.505279397855,1802.1151802435852,1793.0370624716304,1796.2289024311517,9233.344692731114
2024-12-27 09:15:00,1800.6732992043655,1807.5290071267366,1798.232397142707,1803.889645129997,3758.081279633585
2024-12-27 09:30:00,1781.515983330221,1783.4935409852783,1774.434552956313,1773.0896172293803,967.4321496538665
2024-12-27 09:45:00,1768.585292212581,1770.5647339154107,1755.8341728377395,1765.9809836046882,3169.239118001455
2024-12-27 10:00:00,1767.119267269046,1775.075312859222,1762.5629554482211,1773.1680694315828,724.9671607461469
2024-12-27 10:15:00,1768.9696320882297,1770.3040284370345,1762.1824095412567,1761.999942936196,9013.133158185548
2024-12-27 10:30:00,1743.4194117600348,1743.180167856074,1737.1822866883654,1735.2153639369026,1850.2149930178343
2024-12-27 10:45:00,1740.2785729632274,1748.3316395932493,1734.0813994559085,1743.8638842571097,2993.5957102237567
2024-12-27 11:00:00,1751.042730248797,1756.477723897419,1752.1785558891775,1752.651715787,9456.355378998993
2024-12-27 11:15:00,1751.0095151729975,1757.713808829389,1742.3059475841321,1750.575683922869,889.4357605174611
2024-12-27 11:30:00,1753.4723839383228,1753.6356707469313,1741.960830972332,1749.6718237866303,5355.852753849589
2024-12-27 11:45:00,1765.7782627920922,1773.921782397887,1761.9154761673478,1771.7614242334928,7007.611380161031
2024-12-27 12:00:00,1769.30472272922,1779.4518336917833,1768.0194895758336,1777.8236019317324,9192.202130917904
2024-12-27 12:15:00,1777.1786590178936,1784.8898007423404,1774.9736210258566,1776.7427546086185,1118.8899239285
2024-12-27 12:30:00,1812.6280540332225,1812.2665330910024,1804.1999267167182,1812.7352875412432,6870.061944615693
2024-12-27 12:45:00,1814.2758997324472,1818.9380020028045,1811.1554780622512,1816.3728170951345,2894.0540137490407
2024-12-27 13:00:00,1816.9652416339763,1814.5505473764654,1805.1555931041933,1813.6402444268276,3857.760815013975
2024-12-27 13:15:00,1830.224586238489,1841.4363946196515,1828.802344812313,1832.4674707058216,8964.255773644556
2024-12-27 13:30:00,1795.7506722285939,1799.426562285205,1786.5393706750037,1793.9823691175225,4500.508408594755
2024-12-27 13:45:00,1828.9630739424588,1833.5084196058103,1828.535605469855,1832.1273836764128,428.5547372371029
2024-12-27 14:00:00,1852.6734390531985,1855.8689768184615,1850.0187881499335,1847.9472498930559,9592.789039362602
2024-12-27 14:15:00,1859.9695033725816,1867.1919190036483,1853.020528631075,1859.1762449585744,4315.9758034138185
2024-12-27 14:30:00,1854.9212481796474,1867.301899044409,1852.6223835502315,1855.5814643370088,3534.7878046222145
2024-12-27 14:45:00,1843.7684435401266,1851.9590858380175,1842.2286984869565,1852.9768899181624,8139.563258756172
2024-12-27 15:00:00,1863.3819664077193,1865.6319980713372,1858.9368417660642,1864.8179814982557,2252.9764219632884
2024-12-27 15:15:00,1855.8164398424658,1860.9642929631766,1851.4023229538136,1853.3982720573083,1823.2689970192234
2024-12-27 15:30:00,1838.5966189131475,1851.4381269546589,1838.6935981617992,1848.288248064067,7405.180589937128
2024-12-27 15:45:00,1844.5676150543852,1849.6992736707025,1842.8484230403174,1842.1551131068863,7329.448410356294
2024-12-27 16:00:00,1823.0284155358638,1823.9802641919118,1813.1687706320602,1818.871585201034,8132.620349622785
2024-12-27 16:15:00,1828.918029676662,1836.415400372499,1825.2581718541423,1833.3319039131627,2338.141604306739
2024-12-27 16:30:00,1824.6604569553501,1824.0772835575976,1814.4772694137491,1817.9236662633882,5888.798762122057
2024-12-27 16:45:00,1803.1652492987325,1809.8504581490872,1795.100087054815,1799.6817929534043,4992.623609941413
2024-12-27 17:00:00,1773.2161732093343,1775.2149775619694,1762.4709188231627,1767.845831235123,6103.948944227069
2024-12-27 17:15:00,1794.5332909815247,1791.8495004338529,1786.0811671754093,1787.7993368872735,5617.7425808747885
2024-12-27 17:30:00,1812.4645869651163,1822.369754549699,1808.726545713004,1809.911061274671,8293.119412150421
2024-12-27 17:45:00,1827.9222835397723,1833.1345841360128,1825.2804018749564,1827.0232037569451,8750.706948844063
2024-12-27 18:00:00,1843.282945169491,1853.3206803820256,1842.3817618560586,1846.0421259169502,558.838505068619
2024-12-27 18:15:00,1873.4153131427058,1877.1430541916654,1865.7138320549711,1875.657030699364,6286.3932435395745
2024-12-27 18:30:00,1884.5321240156625,1887.9693605632253,1872.8211720029838,1884.7924833205066,1483.9710525381956
2024-12-27 18:45:00,1893.9401102945876,1898.7340036642352,1887.2471626307092,1897.861559916899,1987.8243939099798
2024-12-27 19:00:00,1868.9886298385197,1875.7689710856048,1864.9665312024722,1875.711891754544,6220.487061343042
2024-12-27 19:15:00,1892.0226295082707,1897.5681777469192,1885.85189792837,1895.9523944925656,8409.320727507074
2024-12-27 19:30:00,1907.187132054196,1914.532214378,1904.1840046255393,1905.5887396648372,2348.955769335533
2024-12-27 19:45:00,1892.2600792817607,1899.4055545870356,1890.149672818359,1900.2529145125452,929.2207852924904
2024-12-27 20:00:00,1867.263935409857,1874.9827594653439,1865.041204387701,1870.8707882437766,5246.126510785811
2024-12-27 20:15:00,1866.422240878688,1869.597912758145,1859.669700945827,1864.9503191248432,6556.808013327888
2024-12-27 20:30:00,1853.7424967427346,1859.5196482305216,1850.807871632631,1854.8538510189169,8663.785789907259
2024-12-27 20:45:00,1870.1876445266823,1874.5250731280926,1860.745293989418,1867.5109573328587,8868.449774482688
2024-12-27 21:00:00,1873.927323823754,1877.370201968136,1870.6641822169674,1876.2808174343263,4660.598014419918
2024-12-27 21:15:00,1867.177049315244,1867.6461249159847,1859.6961564260496,1865.4906814687056,8779.52921945217
2024-12-27 21:30:00,1892.381051742422,1892.4265442873277,1883.5949173350346,1892.391386637555,8633.897674010283
2024-12-27 21:45:00,1904.2407662847045,1907.6449859306529,1894.7003330806206,1902.4791539245787,8870.194563506411
2024-12-27 22:00:00,1913.9522435905274,1914.9038758331785,1905.8926721961882,1910.235255868679,8498.080379179613
2024-12-27 22:15:00,1897.9607905346447,1896.8546977469468,1888.4237243330465,1895.880443029181,1064.5826214933904
2024-12-27 22:30:00,1893.5187409198613,1892.9311339820958,1884.445624708672,1889.5092206226725,648.2922627827068
2024-12-27 22:45:00,1905.3898906448437,1913.3349219344998,1901.953074519891,1908.0584828691408,158.56173316583488
2024-12-27 23:00:00,1903.7359640048435,1907.979490877594,1902.0667223446687,1906.1374083947749,2178.4811160199824
2024-12-27 23:15:00,1883.642902166289,1887.9384619008315,1879.3282280873493,1882.0894895950194,4486.588651482425
2024-12-27 23:30:00,1902.7252153677455,1906.8706355284392,1897.9905632456052,1904.5967420541883,5537.481691683848
2024-12-27 23:45:00,1933.37528736593,1943.5721365342326,1928.5804766826134,1931.6351627185286,3854.31282507372
2024-12-28 00:00:00,1948.793233676178,1950.739572199874,1940.6710771754515,1941.1908973030613,4310.630122424046
2024-12-28 00:15:00,1954.67363830826,1952.8404708261269,1943.4257088117506,1949.7747677870757,181.0624477535428
2024-12-28 00:30:00,1956.9330556551581,1967.717562349056,1952.293771564366,1962.017610238782,1715.7911370730976
2024-12-28 00:45:00,1960.319387504765,1960.3116784173533,1951.2352023491171,1953.2532960161368,1450.5343751851335
2024-12-28 01:00:00,1979.9709182816339,1977.7124061063214,1969.5011361289635,1971.0859014057996,7937.649792531953
2024-12-28 01:15:00,1968.8822320548923,1977.8390568623854,1964.8077127837312,1973.189231529528,7827.729811189713
2024-12-28 01:30:00,1949.7858762828007,1950.332654203089,1945.4717394792026,1946.4218602539015,3152.650388732354
2024-12-28 01:45:00,1958.690581432152,1959.9101554339927,1949.6109988178011,1956.5435978498683,8880.280984359082
2024-12-28 02:00:00,1949.4820182604847,1957.744257342926,1942.6703816659722,1947.8087388445167,5637.840107155468
2024-12-28 02:15:00,1974.355531790094,1982.5233306770758,1972.1505213107807,1973.144609673191,1424.9960934152473
2024-12-28 02:30:00,1969.3079769767257,1979.5107796687637,1964.5247470230445,1969.1393066774824,2827.633560406822
2024-12-28 02:45:00,2001.163787919772,2005.0468283672153,1995.186027195601,1998.8963512012633,3455.1874235350565
2024-12-28 03:00:00,1975.3375873776909,1977.0542545061803,1963.4576230003354,1972.852414813293,5838.115562156959
2024-12-28 03:15:00,1960.5787184338578,1967.711661751269,1956.1623554422522,1960.3034472642692,7862.644464750476
2024-12-28 03:30:00,1934.153648571627,1934.4983912514347,1924.5594967575964,1930.4625752033537,6211.409261045363
2024-12-28 03:45:00,1951.8969765487552,1955.6653142790367,1941.051702377552,1944.011772922509,5508.004821553629
2024-12-28 04:00:00,1941.587594937929,1948.5789294219717,1939.4268479060827,1940.8730738894492,4925.0991928844105
2024-12-28 04:15:00,1928.3463762646954,1935.2234093171733,1921.4434062500732,1928.2464466082429,6366.352221145886
2024-12-28 04:30:00,1933.265880328903,1938.3015474931185,1927.438640739796,1936.2858708189517,908.5498370135053
2024-12-28 04:45:00,1928.02847894338,1931.3843973647954,1919.9283579948246,1921.3776795127171,1777.032060972517
2024-12-28 05:00:00,1929.2150841422917,1933.1973551004044,1922.2335896575903,1926.5955274386974,794.2541037906614
2024-12-28 05:15:00,1949.3800275458743,1953.8954619445901,1945.9244213868585,1953.4564593162042,4616.643429965645
2024-12-28 05:30:00,1951.7962755326,1952.9986958774211,1946.6428936180657,1948.5614286304065,6251.4981889410055
2024-12-28 05:45:00,1936.6753764192279,1937.5590665823936,1924.9312275439809,1936.6096386838367,9967.163981226367
2024-12-28 06:00:00,1938.249991145703,1947.4400943199869,1937.7209558964291,1940.729983121119,2351.6075255243236
2024-12-28 06:15:00,1941.987536065109,1947.5966630859127,1936.462774631644,1942.3905104281216,3869.3963428290795
2024-12-28 06:30:00,1920.4942883822723,1924.723614183462,1912.3308182893222,1914.4060484459976,9747.118660558293
2024-12-28 06:45:00,1887.0121469667606,1891.458798983791,1881.1744221664865,1886.8941694373236,8757.726556483136
2024-12-28 07:00:00,1890.192110908127,1897.9517070352422,1885.9301379467038,1896.912787220454,3823.2640241657787
2024-12-28 07:15:00,1882.3708338429915,1883.5400335550607,1877.1215120731574,1881.858669130288,5553.322579039687
2024-12-28 07:30:00,1869.7185914213642,1870.1657955274106,1860.9519022115562,1869.2623541821629,2229.2893285784826
2024-12-28 07:45:00,1867.4174840416651,1874.0488213824126,1859.9972499579121,1863.2412717850905,8562.268677644244
2024-12-28 08:00:00,1893.4167357232413,1894.2176989185164,1885.3912838637614,1891.8302325557859,5262.589369943106
2024-12-28 08:15:00,1891.1548938287608,1896.7875765357894,1888.8056281316813,1893.3242693419525,919.967992350282
2024-12-28 08:30:00,1900.612321377927,1905.760321693592,1892.17045969949,1899.8805820293574,5056.961248891524
2024-12-28 08:45:00,1876.2781107098658,1880.6243334779986,1873.7398364722053,1876.6569829127016,3473.7289536348258
2024-12-28 09:00:00,1903.9403960145567,1903.9371470242338,1894.7131307760842,1900.3575597051363,9990.344566458556
2024-12-28 09:15:00,1891.2959285343989,1892.1322411986807,1883.1947004250464,1888.4001718241964,6155.126933427411
2024-12-28 09:30:00,1876.9443447465567,1879.5017518740756,1868.5241453010026,1876.680398919551,9699.843028650177
2024-12-28 09:45:00,1885.3802763439064,1893.970926872401,1884.5798258407792,1885.9910248174767,2791.6153801821506
2024-12-28 10:00:00,1891.5700379795626,1896.2284191911745,1885.8118340264655,1896.8635312356976,8760.636224830372
2024-12-28 10:15:00,1872.365549275164,1884.2546493113625,1869.757196639797,1880.193877191799,8077.11155788557
2024-12-28 10:30:00,1879.5888093759231,1885.783735704763,1876.2194165729127,1878.8732523092501,628.2888990000769
2024-12-28 10:45:00,1869.4368865743759,1876.5369050231268,1867.5542164875787,1873.6983770772763,9601.105130730175
2024-12-28 11:00:00,1869.9697607906182,1878.9402885364982,1868.7700313337427,1879.0964124151844,7114.918991755086
2024-12-28 11:15:00,1838.9948803562204,1846.1325920294414,1835.294961853815,1843.5440368776415,8953.035683176806
2024-12-28 11:30:00,1831.912380651479,1837.9172379074842,1828.6772713459352,1832.4960933072161,7256.57610835333
2024-12-28 11:45:00,1814.736164981433,1820.3034990191986,1812.5412263835394,1813.0773599084112,340.66339971701166
2024-12-28 12:00:00,1825.301142693239,1828.212465603351,1815.87674710909,1824.2686540777765,6771.401226784363
2024-12-28 12:15:00,1839.3688393161717,1845.463874254866,1837.2859825227179,1839.3731530422847,2927.6657863361097
2024-12-28 12:30:00,1846.1490544123137,1853.867585673863,1843.2314120400792,1853.9298405335992,8727.81646610175
2024-12-28 12:45:00,1858.4265453969415,1863.011609616271,1855.7370289720898,1857.6944399047181,1495.807394269807
2024-12-28 13:00:00,1876.1357093493693,1882.3913325256171,1873.4032896930007,1876.2467844407809,8581.231001847367
2024-12-28 13:15:00,1870.4828407818047,1869.102359736858,1858.3174072422967,1861.7827238046896,1018.620555229394
2024-12-28 13:30:00,1866.6288474594894,1875.1249875216404,1866.0042061886215,1873.0385356130635,7938.158900695815
2024-12-28 13:45:00,1880.4915515269622,1883.6484550909354,1873.054731953621,1878.0732960427758,3338.782017869863
2024-12-28 14:00:00,1892.777586312125,1893.5332651980402,1884.1989980423996,1891.9479261285474,9319.46612388771
2024-12-28 14:15:00,1901.9399985959171,1905.6092069842164,1897.4279308672944,1901.7655302487203,2058.2355124265173
2024-12-28 14:30:00,1907.6600440938278,1912.0172531967726,1897.2486120278813,1900.8091533482582,8139.67184338975
2024-12-28 14:45:00,1893.7898890061256,1900.538444117426,1889.130435650657,1895.2205604392768,8512.988672281796
2024-12-28 15:00:00,1906.8826067273076,1909.5983241937383,1899.5887731841387,1906.7898873486074,3057.793654370889
2024-12-28 15:15:00,1897.9115830005258,1907.8384849315364,1898.4740891020515,1901.7689312752257,3301.422548192344
2024-12-28 15:30:00,1888.6561815005698,1892.7852973014692,1883.9692521855823,1884.5663873276883,8601.410474174734
2024-12-28 15:45:00,1880.6043617954078,1890.229452704031,1881.6854210000902,1889.7329763749933,1511.2319846608357
2024-12-28 16:00:00,1901.077690551991,1907.673094109704,1894.4591695450167,1904.4879886759707,9234.27500943319
2024-12-28 16:15:00,1894.0151331380303,1898.3663358405818,1884.5122020408282,1891.587034805531,3299.2457553792324
2024-12-28 16:30:00,1894.6099594324753,1902.0238501481806,1893.7272622751034,1895.1213644498764,449.64731209982574
2024-12-28 16:45:00,1895.2940088335565,1901.4673546735592,1888.4368391315622,1892.022652891503,4834.814497149975
2024-12-28 17:00:00,1885.8061345806611,1886.5608264441942,1876.811644438243,1880.1681041635159,9614.510868995818
2024-12-28 17:15:00,1877.627077089312,1883.367030050577,1869.8197538883962,1878.4418291819131,6415.103639097844
2024-12-28 17:30:00,1891.6676023862697,1891.9087001133582,1882.7759835487382,1886.3084733543196,4956.882491953139
2024-12-28 17:45:00,1892.6899576877302,1900.703049904681,1892.210184296784,1899.695811414167,9523.301092510957
2024-12-28 18:00:00,1900.9334337996215,1904.6145417253078,1892.8361752571182,1899.987282986148,9311.921069471915
2024-12-28 18:15:00,1902.2101178970142,1905.0604795439324,1893.132133830207,1899.1791654201043,4494.917836267169
2024-12-28 18:30:00,1916.0269425586173,1919.4501621938025,1911.3178218582314,1910.9758836004648,2038.721844391548
2024-12-28 18:45:00,1905.2175258236327,1908.716035127969,1902.7474218443203,1904.2414053462858,7204.850419066606
2024-12-28 19:00:00,1915.751538199136,1916.605932033619,1905.4390792667805,1909.720944214046,8004.44894549596
2024-12-28 19:15:00,1885.6588334948642,1884.2893698231303,1876.093123481461,1881.3669949830294,2347.7714621393757
2024-12-28 19:30:00,1888.8057210306924,1892.8629736257194,1883.435777717025,1889.7334872536942,558.725265181097
2024-12-28 19:45:00,1875.142505466718,1877.669859111039,1873.1641604237975,1877.83020098834,9039.76135511348
2024-12-28 20:00:00,1873.5774074709225,1878.2820055392651,1868.929394390865,1873.1305893726117,2344.1408065187243
2024-12-28 20:15:00,1865.701172437838,1867.6644856508624,1857.949203256769,1866.346676820092,5013.55729489455
2024-12-28 20:30:00,1868.390301122552,1876.2843528705732,1868.188287803563,1871.4232597063353,2767.08868156428
2024-12-28 20:45:00,1875.0478960347186,1879.2379214298405,1870.8276513016042,1871.8237857208912,2975.277403879966
2024-12-28 21:00:00,1888.3094538577222,1899.3754890948348,1885.4457392042625,1894.2725673821692,7446.373889366403
2024-12-28 21:15:00,1906.0305519500469,1904.165687045602,1894.1110866036327,1904.5893082138905,8693.40059668467
2024-12-28 21:30:00,1904.6350354512144,1904.8020334892792,1896.5233156499114,1901.314251191248,7701.205052250761
2024-12-28 21:45:00,1885.2049696052597,1889.0836056900519,1878.5069717367692,1885.5337206266188,1035.8830725212679
2024-12-28 22:00:00,1896.2631966785907,1894.5673869575076,1885.2023041483246,1891.0027438139684,4152.711018310634
2024-12-28 22:15:00,1924.7278308729444,1924.3812672793206,1917.1418817733027,1917.005332147888,5975.6452703779705
2024-12-28 22:30:00,1912.6111607729033,1919.6722928080367,1915.2370835541415,1912.6508403781725,160.30267337185865
2024-12-28 22:45:00,1929.90702140234,1935.2424704651216,1924.8843444901624,1922.4618637705398,5997.2759315385465
2024-12-28 23:00:00,1928.343517070349,1933.3185754123379,1923.9342593865404,1926.1866159102663,8964.964800706362
2024-12-28 23:15:00,1944.908394494959,1949.7338472425693,1940.4506061235754,1943.6402454398524,1184.9819188541414
2024-12-28 23:30:00,1919.8937271725958,1928.7629061286734,1922.6488771088673,1921.0487940631783,7143.554356467511
2024-12-28 23:45:00,1923.179351762804,1929.8747724544019,1921.4898356469207,1920.1227815050413,4829.311245416681
2024-12-29 00:00:00,1904.9180506195557,1911.6074587409157,1901.7058570739619,1908.5607243245286,615.7668573641881
2024-12-29 00:15:00,1916.9294245575738,1927.1823002408462,1913.9085990816761,1921.4786462004524,3095.075485728499
2024-12-29 00:30:00,1919.586062376075,1918.8133818538915,1910.8019473515576,1921.1930122351378,4806.949488448458
2024-12-29 00:45:00,1943.7013301631564,1948.3926225332948,1940.870812206815,1938.6658676733787,6596.024105434644
2024-12-29 01:00:00,1963.7224804941764,1971.2261027116353,1962.3057849802242,1966.3116138042953,4312.923231388376
2024-12-29 01:15:00,1992.8207104847006,1996.590239942436,1988.5102046705579,1991.9692993768472,717.6462434049333
2024-12-29 01:30:00,1979.088937595605,1988.8182536227525,1979.3265190937334,1984.907750736582,6254.7362336898395
2024-12-29 01:45:00,1951.0882413339518,1953.020610199669,1943.0958596113333,1945.5407408776973,9862.604173044763
2024-12-29 02:00:00,1962.611585281121,1962.1779049051497,1951.2120755980634,1959.315831780977,3534.3519135991874
2024-12-29 02:15:00,1968.266061956447,1974.329689101132,1961.8569843077207,1968.9767689803843,3746.2932842294435
2024-12-29 02:30:00,1970.4585831157424,1979.9774232205611,1966.9089606125299,1976.562932862259,4767.525068147597
2024-12-29 02:45:00,1974.819251883411,1980.0568947164363,1970.776351010631,1973.1221573640066,7735.843473693456
2024-12-29 03:00:00,1996.9036703571321,1999.4186675049423,1989.5584422641914,1997.6952776234184,3189.0270499267167
2024-12-29 03:15:00,1979.9131316569212,1988.1840817555621,1976.369898719701,1979.9530174307924,3681.1775729818833
2024-12-29 03:30:00,1989.9224260987062,1991.322215061462,1979.1346258223007,1987.8682139678886,9220.73180175228
2024-12-29 03:45:00,1977.3550964873575,1983.3528046656374,1976.3888592076553,1981.083486453934,4853.092216673645
2024-12-29 04:00:00,1954.2434717091253,1955.9234683094055,1945.3693310772674,1951.4943136315353,4821.783836056606
2024-12-29 04:15:00,1958.7895872682582,1968.8541966683056,1957.1634310454936,1962.8181538030012,7163.843496314096
2024-12-29 04:30:00,1965.89190242656,1969.9539303511078,1956.7750333486194,1963.0528073647686,6857.529808927875
2024-12-29 04:45:00,1961.3812412962072,1970.465804298718,1957.5448638248236,1960.469783205729,2727.5523025708226
2024-12-29 05:00:00,1968.8588427875743,1977.8529172805765,1969.3613363083018,1975.7584912212303,710.746354334531
2024-12-29 05:15:00,1952.9867941153034,1965.5345260371864,1950.5427460257617,1961.3575585047763,849.4740479657097
2024-12-29 05:30:00,1948.5822896482794,1960.2922339526292,1950.2304696244973,1949.940205149109,6705.815861943308
2024-12-29 05:45:00,1948.539637566449,1957.6540022906975,1950.5427077985457,1948.8430285077181,6057.553551960785
2024-12-29 06:00:00,1959.2668886399713,1967.7352632400732,1957.4432658092978,1963.4641547890403,6337.2960213029455
2024-12-29 06:15:00,1968.321660193174,1975.925174902849,1962.992929830217,1971.2099203635235,992.8810644658383
2024-12-29 06:30:00,1957.0629141730076,1962.048582075162,1952.4133673931024,1953.4724685788804,550.9188147218088
2024-12-29 06:45:00,1944.377214266555,1952.137014518445,1938.8611292701225,1949.14228272069,3371.7122362758096
2024-12-29 07:00:00,1940.495178710223,1945.202808257962,1934.7013975318464,1934.750514896297,8599.051386040335
2024-12-29 07:15:00,1929.9537482490439,1931.4903806055897,1918.9935950151983,1928.625873063333,349.2593771392202
2024-12-29 07:30:00,1924.7587301378549,1934.0279109177138,1923.1170919001545,1925.9129443643328,4198.598732740188
2024-12-29 07:45:00,1923.9074698083868,1927.2597863270178,1921.483510082994,1921.0575195917374,9807.466136320134
2024-12-29 08:00:00,1922.9360308051903,1923.8529461995206,1914.1135011404904,1916.10986788485,9229.835882535514
2024-12-29 08:15:00,1897.9064760239485,1902.188997659302,1894.1513761708763,1893.4433930687603,7797.820111568103
2024-12-29 08:30:00,1924.1974667841325,1925.08035899413,1915.195314571408,1918.6298738639323,794.9948131705903
2024-12-29 08:45:00,1915.6343713436017,1914.6515513793995,1908.0128669348667,1911.6776542920554,9314.350848369235
2024-12-29 09:00:00,1929.4854969542519,1931.461204721929,1919.3906621136978,1931.1292362763509,4314.230776164379
2024-12-29 09:15:00,1930.0334639473986,1931.2477408179939,1921.1045185957478,1926.9538896629713,8307.22556352335
2024-12-29 09:30:00,1927.6013194086336,1933.7942880083517,1926.3493361416258,1925.238302491647,8352.73761687355
2024-12-29 09:45:00,1920.4458607075976,1925.6600225616482,1911.403453173851,1921.9574455198926,3772.113395442247
2024-12-29 10:00:00,1912.9586755631844,1922.3017022107783,1911.2530397861558,1920.8998786961483,4811.7016156552845
2024-12-29 10:15:00,1883.0350230297495,1886.5893095053218,1876.5237952280388,1886.3634028513159,1345.8930758443666
2024-12-29 10:30:00,1866.2552928084983,1869.5637000251252,1860.9681793602974,1869.749053399725,8483.77188589008
2024-12-29 10:45:00,1842.0610640081345,1845.8298333730777,1840.283100283079,1844.604006041457,538.1976878640091
2024-12-29 11:00:00,1857.6523854753634,1856.4674048683557,1847.01730233689,1855.0635738564254,6236.656472322355
2024-12-29 11:15:00,1839.1834839203386,1843.0867555201214,1833.4529156869628,1841.5931406305274,287.2505926658997
2024-12-29 11:30:00,1799.3164162291666,1808.3078275652788,1798.943727480041,1802.2674852294324,5308.646442341019
2024-12-29 11:45:00,1794.764109144158,1800.148689792116,1791.582140658187,1793.4090020163255,9416.372669703194
2024-12-29 12:00:00,1798.1327226773535,1798.033465261808,1787.6146673014516,1797.1592005624937,6288.737139770826
2024-12-29 12:15:00,1769.66578980481,1780.4047764434629,1765.120008253769,1768.9112447626921,5390.631429722244
2024-12-29 12:30:00,1788.2723034556134,1786.4212268738747,1780.7477927391742,1782.7960623622143,4953.195408135705
2024-12-29 12:45:00,1767.580536188765,1771.5532612949025,1762.1295389703087,1761.6473450793242,1885.7744667762647
2024-12-29 13:00:00,1767.7940661883417,1770.434923236076,1760.8266562348533,1762.2396566043053,3977.183780571405
2024-12-29 13:15:00,1778.7500871319971,1780.905768038785,1771.2072919938653,1775.3974619076532,1205.2362875827935
2024-12-29 13:30:00,1779.4695212356341,1786.9154044169948,1775.41188941719,1780.3989231158118,2465.7302524984257
2024-12-29 13:45:00,1785.3062061825838,1789.9240471420808,1783.0617354521407,1788.4678684030498,7732.287080375708
2024-12-29 14:00:00,1772.5559253956126,1770.0695133175582,1763.2281825704238,1772.2908392081697,8507.874768185868
2024-12-29 14:15:00,1787.3068974681928,1788.5799306556821,1780.6723004369155,1783.762821641224,7512.464867775146
2024-12-29 14:30:00,1802.102975720169,1806.1738698297302,1796.7072568240314,1803.8030861205064,4780.439124149869
2024-12-29 14:45:00,1798.7999864309716,1803.1994682757409,1796.3655456379406,1804.449608957379,3733.6673708662474
2024-12-29 15:00:00,1756.8562884881856,1768.638813513616,1758.528832118248,1757.4728299342084,4373.744311072489
2024-12-29 15:15:00,1753.5195117819057,1758.8944217922613,1744.6923996042076,1751.527456858387,349.0580768580754
2024-12-29 15:30:00,1754.2613460856876,1757.5010429045751,1749.4692374376764,1752.2443532725642,9455.181051316673
2024-12-29 15:45:00,1739.1990270784252,1739.1868720393752,1729.606386028895,1734.3688415981765,8144.137215038695
2024-12-29 16:00:00,1754.1961773761468,1752.9432970442192,1742.2031946294562,1745.398417550211,3726.240683776643
2024-12-29 16:15:00,1734.2703203865758,1741.9745295790228,1735.2073486410136,1739.1701727178938,4742.439524699306
2024-12-29 16:30:00,1739.8868730810802,1741.7712639209408,1735.750856541676,1735.6764770631928,7217.419591263054
2024-12-29 16:45:00,1745.0952046127193,1752.1454895287422,1738.2773935603989,1746.0324076486668,2722.9704607214367
2024-12-29 17:00:00,1728.5876688205226,1736.4611906741986,1723.1481422748284,1731.2057271428846,7223.227671061657
2024-12-29 17:15:00,1724.0659289806908,1732.4900186745886,1720.9104311961971,1728.0737345169152,9352.50606203158
2024-12-29 17:30:00,1730.4694438174959,1739.3235283323531,1726.6381854958504,1735.2585821691086,2931.652455240526
2024-12-29 17:45:00,1725.5555868954984,1727.556080013829,1713.558865877681,1724.544783630144,9650.241292652574
2024-12-29 18:00:00,1709.26504033914,1716.955067514523,1708.8063241392304,1717.0305696856117,5277.571097066814
2024-12-29 18:15:00,1713.9147024311164,1721.0045124586456,1708.872430236135,1714.2293085585918,3216.464879820085
2024-12-29 18:30:00,1761.593952186922,1765.725869860118,1757.501443751889,1762.9040360070567,6534.231001914656
2024-12-29 18:45:00,1765.6263865700205,1767.576857139178,1760.8875226428745,1765.484170892748,2161.053568695379
2024-12-29 19:00:00,1782.2930124516197,1782.6114676403324,1770.936042045872,1775.4020922941274,2866.000413520912
2024-12-29 19:15:00,1793.1507121671846,1793.9786487765616,1787.034530541117,1790.2854261540385,849.2936095811359
2024-12-29 19:30:00,1770.782509933085,1779.375437766841,1768.9790715114211,1771.493620419069,5336.924644422481
2024-12-29 19:45:00,1774.1594149594746,1776.3709011561834,1762.1887646874331,1771.948252953918,3146.537091566571
2024-12-29 20:00:00,1757.168439227312,1768.6296562355567,1753.3301323629166,1762.8844657405884,9074.78080235883
2024-12-29 20:15:00,1759.936830996608,1768.2563057867662,1757.6210331546115,1757.7983002272304,645.7046945234837
2024-12-29 20:30:00,1782.4090413662063,1784.5888921994106,1776.0324155376782,1786.113411448867,276.37286868524893
2024-12-29 20:45:00,1757.4070964015705,1760.6812054182726,1755.2525084284807,1758.7190961063616,5733.269259097031
2024-12-29 21:00:00,1762.4100160235612,1763.200280805662,1754.4500595917307,1758.0416562631879,1178.0117799568566
2024-12-29 21:15:00,1737.3551186931381,1745.6572236455495,1733.0311516880063,1734.9356144284327,7570.390490318112
2024-12-29 21:30:00,1746.6060041606524,1752.799410453761,1742.9371549843984,1750.9677195326556,687.8746810642973
2024-12-29 21:45:00,1753.3758544423779,1759.06583941953,1751.9146337189525,1756.5649785564162,2942.6767042030306
2024-12-29 22:00:00,1774.3876286294576,1779.2998238022833,1771.5802310215986,1774.5830984938596,697.2660835447194
2024-12-29 22:15:00,1773.7586379262543,1779.9445433010446,1771.9292405654267,1780.4711358778563,9719.543415823586
2024-12-29 22:30:00,1770.977225164628,1770.4414943106829,1762.0436297368751,1767.5281686242902,9691.114526789874
2024-12-29 22:45:00,1766.0508254991396,1769.9831687528433,1757.6371168381647,1763.470537029852,6737.883420814427
2024-12-29 23:00:00,1777.9284299619933,1779.2073434987544,1770.1627277815826,1772.9648282128478,5897.949530325635
2024-12-29 23:15:00,1777.321167225315,1779.303459167142,1773.134994041899,1774.6815039720098,7924.295944672694
2024-12-29 23:30:00,1808.6066904152055,1812.368480349153,1802.3155973408582,1810.884359728554,6187.46846450535
2024-12-29 23:45:00,1776.0471337220845,1778.6827132496342,1768.313811126718,1776.1715125295898,6818.116463764172
2024-12-30 00:00:00,1781.1182541645928,1788.4703987762732,1777.826801668621,1780.6183251960038,6553.264188691647
2024-12-30 00:15:00,1794.8717928549336,1800.224072452045,1790.4746054404914,1791.5642015821716,5633.352605812069
2024-12-30 00:30:00,1784.0288497138872,1788.0244611941364,1778.1475176802783,1776.2529233786938,5566.7321934266565
2024-12-30 00:45:00,1764.7163402985698,1769.6265738427032,1758.9748869566847,1771.6366073877048,9975.693827798515
2024-12-30 01:00:00,1789.1710835258605,1794.670616443809,1784.0601172216852,1787.5609277655678,613.6759089658212
2024-12-30 01:15:00,1780.310444081036,1782.4648713524937,1772.270799430611,1780.2768952547988,7518.503083639198
2024-12-30 01:30:00,1763.800216158642,1772.2551169591663,1763.93403225467,1768.0265949861184,7605.350493014512
2024-12-30 01:45:00,1764.362911760219,1763.7879916441136,1757.4922590139872,1765.7954663899477,8140.171729585434
2024-12-30 02:00:00,1791.260228941747,1792.8362779072545,1786.5609692804849,1785.8806103466463,2043.5617603870821
2024-12-30 02:15:00,1784.2121410498542,1788.3966984070921,1776.2145110932393,1778.9562426157343,3164.6343530885247
2024-12-30 02:30:00,1770.848042546887,1772.2213460151045,1760.9966161772975,1771.8329625400418,2093.83922248601
2024-12-30 02:45:00,1751.340821257204,1760.2115847776618,1745.1948249298148,1751.52514777056,3165.43503178003
2024-12-30 03:00:00,1760.8363178881852,1770.776596999029,1759.7724393504457,1765.8587933091947,2598.237088444185
2024-12-30 03:15:00,1781.865157121468,1780.275196669984,1770.5254305581186,1779.5108745366792,6144.623148811126
2024-12-30 03:30:00,1771.2640788575673,1777.4207767518858,1767.8689101903362,1766.9399651573362,4397.066024083427
2024-12-30 03:45:00,1769.1934320896285,1770.0960706104927,1761.5691168791127,1770.832335495912,2296.521331945092
2024-12-30 04:00:00,1775.975199396276,1781.1620348813217,1770.3624400840013,1780.9489759011828,3262.392385627455
2024-12-30 04:15:00,1746.0454981008804,1754.951288352393,1745.1691117802127,1743.7706405244644,4539.988732145812
2024-12-30 04:30:00,1743.6700017203693,1750.9327744395,1738.1096386274621,1743.3010200869116,7333.653209504488
2024-12-30 04:45:00,1758.9881322106307,1762.914070633858,1751.9399859032733,1762.9023361465568,1866.182951617409
2024-12-30 05:00:00,1746.4646029354117,1754.2788448720464,1746.7545274553788,1754.206247650985,4850.606362981093
2024-12-30 05:15:00,1767.901290306179,1771.2045205868328,1760.579688899277,1761.33518126539,3003.8184906389824
2024-12-30 05:30:00,1740.5738263150754,1743.2486536857336,1734.4081478456671,1734.8970822725555,3840.307258388519
2024-12-30 05:45:00,1740.091233979355,1742.5567300190567,1729.8826271988564,1732.4925115870042,6314.259729133424
2024-12-30 06:00:00,1733.4548924715984,1739.3260809405485,1729.359096627411,1736.8148686789418,9037.805789784456
2024-12-30 06:15:00,1709.8581089080353,1714.2641403564062,1703.5747034926403,1711.5624900394942,9187.401432073913
2024-12-30 06:30:00,1740.847845438667,1740.5783012906584,1733.1414307762177,1733.2420971380297,317.64685458775625
2024-12-30 06:45:00,1732.7651771768285,1731.971747764037,1724.3202883806264,1730.207818240816,2204.692987033655
2024-12-30 07:00:00,1729.713269910565,1734.4837464706134,1721.5244734958733,1724.6129495840403,2958.9324228809037
2024-12-30 07:15:00,1715.9413834526629,1721.406148948479,1706.5215813938519,1710.7855654180075,2712.235421233457
2024-12-30 07:30:00,1709.4449401368463,1719.9959186822016,1711.7949854225133,1718.791956086102,4311.1924277469425
2024-12-30 07:45:00,1711.854767874972,1712.3238733161422,1703.7664200404968,1707.699183535203,2792.6953456280958
2024-12-30 08:00:00,1741.2406762994858,1743.230655229216,1734.3608038270586,1740.8010618633948,6972.199026647473
2024-12-30 08:15:00,1759.773518100273,1760.5030212563988,1749.9360471288285,1755.2295077611984,7358.234061499516
2024-12-30 08:30:00,1759.3731547324662,1759.5617727237363,1747.6372664897362,1758.6673737253989,4463.944739459384
2024-12-30 08:45:00,1761.295780491072,1770.1110196752547,1758.682578586393,1765.1671882023516,2419.430355656094
2024-12-30 09:00:00,1769.6497613219394,1780.911789263642,1769.9748434702985,1775.8649680681901,1951.323977777073
2024-12-30 09:15:00,1775.258143556499,1779.6799467079109,1770.3675948819355,1772.8833123355898,8470.783698327616
2024-12-30 09:30:00,1805.8018509303438,1812.8293989835838,1798.1733749119853,1804.593794657008,1431.5206124804736
2024-12-30 09:45:00,1784.7302420889625,1784.3593389135738,1777.5913100948997,1778.0204148395517,2326.237289621317
2024-12-30 10:00:00,1802.965138643624,1807.9983809275707,1793.1244433113275,1804.5369608580145,1252.2874328941248
2024-12-30 10:15:00,1794.471063855732,1806.3962630811964,1795.1581324857057,1795.4529609246304,5774.818070360795
2024-12-30 10:30:00,1789.2164597446658,1789.2898568201135,1781.4577977278561,1785.2382019600864,9338.934373163524
2024-12-30 10:45:00,1806.3050107024985,1812.887787847144,1807.4729078335401,1809.746920057803,2899.701198411562
2024-12-30 11:00:00,1811.602682252561,1818.941027310027,1810.2700626291594,1819.2937919077956,5869.918174430675
2024-12-30 11:15:00,1801.9378379234224,1800.7371952114725,1789.839871653759,1792.8720452317232,4029.0512155389124
2024-12-30 11:30:00,1800.0098569623087,1799.2984858926302,1790.717344972282,1794.486741652952,4696.1541503911685
2024-12-30 11:45:00,1790.783239493323,1791.1476070851172,1785.054990379438,1791.614528828164,8061.62591339198
2024-12-30 12:00:00,1803.1879227684085,1803.2173960931352,1798.2525037256682,1804.2446549515644,5230.365768679734
2024-12-30 12:15:00,1781.8716700461703,1788.4338248764357,1774.9639681925473,1777.7467760219652,2873.28904309231
2024-12-30 12:30:00,1785.5615613450277,1794.9378244253232,1783.7805995023975,1791.823741109855,248.1639840357611
2024-12-30 12:45:00,1787.1183915124905,1793.533405535154,1780.5823217899995,1790.6604643582577,1356.1560299862708
2024-12-30 13:00:00,1795.9694805116935,1797.3549260044756,1785.5852968252323,1790.3945562702397,3743.4855359081234
2024-12-30 13:15:00,1791.8854717441407,1800.4277975948874,1789.5614505935096,1798.954537022975,3627.025072078209
2024-12-30 13:30:00,1823.8043882829634,1829.478905505447,1821.7092788795949,1829.274991925322,1617.0775584711473
2024-12-30 13:45:00,1836.1753295349815,1840.513506472388,1831.1356631933907,1838.8373866190009,7626.747001282157
2024-12-30 14:00:00,1827.5976365673305,1832.2663486484257,1825.972771512655,1830.9864989329503,9029.776705791655
2024-12-30 14:15:00,1802.0760569278632,1810.7586150867305,1801.4094196103065,1804.1281264706413,2163.302769976086
2024-12-30 14:30:00,1811.3916411801943,1816.6417746793288,1802.757012611106,1810.0362768364798,9183.307286962923
2024-12-30 14:45:00,1803.5811603812629,1808.1435307526874,1799.724650942474,1802.2689623179908,5300.349239436817
2024-12-30 15:00:00,1799.9851547533447,1807.1850787819737,1802.558986970476,1801.965484138478,838.1342936419281
2024-12-30 15:15:00,1783.300178298609,1787.728589227397,1778.5667573924932,1782.9022564340487,983.1829248812828
2024-12-30 15:30:00,1784.540211189411,1789.8815934503316,1781.0121470067202,1784.5638807811094,1846.8849925817378
2024-12-30 15:45:00,1801.6396954464803,1808.231055700313,1797.0402636173228,1798.5473388950431,6686.048536480549
2024-12-30 16:00:00,1816.3000619479055,1821.8769378089562,1808.3082661727763,1819.8993628111914,9601.73366375957
2024-12-30 16:15:00,1805.6148763558972,1804.310832995206,1796.131759689129,1799.964908671374,5455.541824772326
2024-12-30 16:30:00,1782.3895343316387,1791.1481984705376,1778.4117662910278,1786.0113153240968,4002.121257790588
2024-12-30 16:45:00,1790.3569484146592,1791.8194101191768,1785.2214262072996,1789.2528683873247,9747.851543186633
2024-12-30 17:00:00,1788.3841917759062,1792.9456642219886,1784.171080521663,1784.2999226707118,8403.698768789349
2024-12-30 17:15:00,1766.0845751522313,1770.2623037938392,1763.3752978362777,1771.8441488784601,1450.686248309825
2024-12-30 17:30:00,1753.7556087803862,1766.0812864498578,1752.4301125195534,1756.0163856621805,6798.497054824652
2024-12-30 17:45:00,1741.317643790636,1751.258714441394,1737.4896851987028,1746.0512573921328,3455.9798375555547
2024-12-30 18:00:00,1754.8078902232937,1760.8242624777338,1752.724940719704,1761.004215744153,9826.69964384725
2024-12-30 18:15:00,1735.2988432148163,1739.6814545604757,1729.8270649606359,1735.7848309473104,854.0638852437598
2024-12-30 18:30:00,1747.875992638101,1759.141505224218,1749.9506861858163,1752.6450387438942,2347.8693295809258
2024-12-30 18:45:00,1760.5751376552955,1770.5713404634434,1756.5617247835085,1767.1876751301188,713.8709661590052
2024-12-30 19:00:00,1753.846851244794,1752.554262156202,1745.4740933186192,1753.0347534093478,838.3794836023197
2024-12-30 19:15:00,1728.4613410637642,1730.9503193841417,1718.8277143852076,1723.2434847143873,2113.9571961323727
2024-12-30 19:30:00,1722.2840690011765,1723.3636787530181,1710.4367589460583,1716.2559123204435,9731.852696133712
2024-12-30 19:45:00,1714.55099467027,1715.8870797152094,1706.1140949952153,1710.841835588206,9372.403174215362
2024-12-30 20:00:00,1692.848563302029,1696.6378453884045,1688.994074598848,1694.1536122867328,2656.581905497362
2024-12-30 20:15:00,1696.7961738053216,1703.3291651164448,1691.5665732780942,1698.9624757790832,5086.146094825287
2024-12-30 20:30:00,1669.2272919011364,1676.2568749721067,1668.3551679063326,1667.9031630113698,3355.5305143614137
2024-12-30 20:45:00,1664.502785105632,1663.4991825307795,1657.7170840891965,1656.7667960119245,8509.159183083928
2024-12-30 21:00:00,1634.2444852475867,1639.0640270453137,1632.0545870683031,1633.6477862542795,2034.977102328643
2024-12-30 21:15:00,1648.4641013679268,1649.5891795222872,1640.9468160296428,1641.82576040137,2734.233979559442
2024-12-30 21:30:00,1653.4015378237202,1659.6876818178741,1651.4305335381116,1657.8336066663653,9067.418890838211
2024-12-30 21:45:00,1677.7515599940236,1688.1638634353806,1674.3690407021074,1685.4260461543108,7151.64692528134
2024-12-30 22:00:00,1672.9200217324878,1676.8089837160273,1662.657734787618,1669.2263074969376,3863.5980550131785
2024-12-30 22:15:00,1678.2630976658338,1677.4163392982973,1671.4030268461602,1673.0484699797119,5086.233448886113
2024-12-30 22:30:00,1678.5097689395932,1683.7768626230654,1678.6153659583942,1678.6283606095224,1582.6159397574468
2024-12-30 22:45:00,1686.7477401377866,1687.8049102324087,1680.536191989511,1681.2242644922674,2632.0647291005153
2024-12-30 23:00:00,1656.5320944278824,1660.0149551332129,1648.3398294703368,1656.925534859384,1779.1928707971
2024-12-30 23:15:00,1676.1866771530324,1684.4456193299334,1675.2929152406662,1678.7584319716455,8713.22022630607
2024-12-30 23:30:00,1683.7558983475515,1689.3197672414417,1675.7205805050314,1684.3791579014878,1029.240261667078
2024-12-30 23:45:00,1689.8506315790542,1690.4957339934297,1683.5931238204623,1684.3426056910173,4057.1659289727545
2024-12-31 00:00:00,1682.576316665648,1686.9854627281206,1680.1967008800702,1680.2338943782286,9213.14579976235
2024-12-31 00:15:00,1676.4805999038867,1684.5799985994674,1670.883612382918,1674.7547915850453,2807.0248293668888
2024-12-31 00:30:00,1675.6593512750753,1677.9340031914007,1665.2499644195584,1677.6508081673655,1077.3318101354637
2024-12-31 00:45:00,1685.8922580712788,1695.6076753283376,1684.6597856659462,1688.958335251936,3939.2301909105386
2024-12-31 01:00:00,1680.9455928068996,1689.2334371708962,1679.6015635300666,1686.8552963196146,5000.951584491373
2024-12-31 01:15:00,1676.831804691257,1683.4595348614635,1673.428363507109,1678.0089940632513,9877.119084936945
2024-12-31 01:30:00,1673.366748587824,1678.5049132320385,1664.800936572387,1673.338427096995,4350.106584674087
2024-12-31 01:45:00,1698.810211194134,1704.1387042085457,1693.0040503396328,1702.625321860187,3422.693988314208
2024-12-31 02:00:00,1712.0155475442473,1716.6502430511794,1706.5185169722492,1717.9084209212904,6097.650295371371
2024-12-31 02:15:00,1725.7279888652013,1726.8325652058531,1716.623982249201,1721.3699191272226,3172.2722957023016
2024-12-31 02:30:00,1725.3117029043335,1728.6966350854475,1719.8381366130218,1719.7135634195406,2995.1309349292887
2024-12-31 02:45:00,1717.189257940841,1724.9023701010335,1712.3648453045646,1715.101024729596,1414.412624626079
2024-12-31 03:00:00,1706.543661985606,1714.1663408903757,1707.114026884519,1707.7385247110335,1507.9801056553363
2024-12-31 03:15:00,1716.784856645549,1722.350649376938,1712.0163360705722,1714.9025213164464,6503.79032409513
2024-12-31 03:30:00,1726.8799715986659,1733.078514874688,1725.0430916141456,1733.9952999874786,9092.77210262644
2024-12-31 03:45:00,1744.7612869643756,1752.656476007346,1742.5193070461687,1750.7951322022395,4436.703390260943
2024-12-31 04:00:00,1772.732328310606,1785.17465988598,1770.0818827606595,1776.2318286093623,1784.5542352946159
2024-12-31 04:15:00,1765.3678054208442,1773.0945459212862,1760.313233761861,1766.3010969183867,5493.67491169087
2024-12-31 04:30:00,1793.7619734404473,1794.814129221573,1788.792895474137,1788.3540797722362,2886.388236658901
2024-12-31 04:45:00,1794.128061159409,1798.1700578995813,1785.706776314732,1788.5145754229702,2574.5377638291366
2024-12-31 05:00:00,1818.1551018843522,1823.299323535213,1817.1778390606387,1815.935639148494,6633.702256229897
2024-12-31 05:15:00,1806.713922247515,1817.0889052996733,1807.7598139600625,1809.0566244849042,2464.9183448887447
2024-12-31 05:30:00,1809.5831817567391,1813.6408898652746,1800.0321327572572,1811.4699144824183,7325.99692792401
2024-12-31 05:45:00,1818.0215165529157,1820.70883460626,1811.1638233217654,1818.119563349962,7785.810671120939
2024-12-31 06:00:00,1807.4710384869275,1815.4983325907356,1805.554002290292,1815.2704976487755,6413.939411443201
2024-12-31 06:15:00,1823.2708544652323,1825.6918216207441,1815.0105699928126,1820.7840175436868,7195.477303010418
2024-12-31 06:30:00,1825.5409439494392,1829.8379578591957,1817.2026855504432,1819.9998534119636,3807.2599048144475
2024-12-31 06:45:00,1862.2961190489088,1863.0756456477063,1855.1247126312878,1859.8571703568516,700.78589648895
2024-12-31 07:00:00,1865.1404016784707,1871.9300213148624,1860.680991898498,1869.8946109117228,9565.588188731233
2024-12-31 07:15:00,1855.916246167876,1858.9014548067075,1851.114422098442,1855.6023709720243,874.3057281326325
2024-12-31 07:30:00,1869.0384446567566,1875.813652421023,1867.1547760485319,1870.867691903105,3803.0568359821423
2024-12-31 07:45:00,1882.1617582851418,1891.3223883996272,1877.9761204165925,1884.1003854899318,7444.210131105463
2024-12-31 08:00:00,1863.3640584397392,1869.1341189909172,1857.2420232239813,1868.3450475873917,4274.504759726333
2024-12-31 08:15:00,1847.2701744183382,1853.3884976405216,1843.263572421075,1851.7214646765244,2119.478046507221
2024-12-31 08:30:00,1876.374262496023,1882.863877718565,1871.3401260608537,1880.6126675520811,1510.1615906620484
2024-12-31 08:45:00,1870.8901899589482,1873.7202725042525,1862.5150626843524,1869.2977562038918,848.3546562557847
2024-12-31 09:00:00,1838.5924185498525,1843.4885568366715,1838.388467015039,1842.19748631137,9835.243520488073
2024-12-31 09:15:00,1840.8971527039937,1848.8437028261003,1839.2953641797305,1839.6753996067011,1156.0624798851413
2024-12-31 09:30:00,1839.1273231535833,1843.9301151471254,1833.2764057503373,1841.731133327878,6839.774384831929
2024-12-31 09:45:00,1835.8547161171764,1845.3643892785253,1831.8661879097367,1836.8578432348888,4286.696854699322
2024-12-31 10:00:00,1825.1303552277218,1831.3114903409935,1823.8656334111674,1831.4665860522439,9648.572338341135
2024-12-31 10:15:00,1809.1218957908927,1810.7604533277902,1802.2743767007576,1809.4203307700575,8134.9115457370235
2024-12-31 10:30:00,1802.1757358604596,1803.6438266971932,1791.8742006936905,1802.7613158092167,8788.873787579429
2024-12-31 10:45:00,1796.2097233712477,1801.7425818900654,1790.9334323870562,1798.3427012576783,8394.673613116433
2024-12-31 11:00:00,1822.9024231994597,1822.7287431836182,1812.8950458179665,1822.124035636878,8765.424605185675
2024-12-31 11:15:00,1830.4198093860002,1830.7347312441211,1819.6433143984327,1823.82174319998,575.3022621175262
2024-12-31 11:30:00,1793.483440880794,1803.9537442761969,1789.974229641494,1797.3683451453214,9634.550421956099
2024-12-31 11:45:00,1803.1478888319104,1802.717742523545,1793.9656385160272,1795.912761510056,4202.850716245346
2024-12-31 12:00:00,1802.9856877000195,1813.3715862758288,1800.9199571046336,1804.5490000577242,7640.677445366901
2024-12-31 12:15:00,1786.5820108287166,1794.3723219196938,1785.8726950652192,1787.8947797125816,6612.444824245394
2024-12-31 12:30:00,1776.0613235136711,1779.0861465803303,1772.3323910224358,1771.7094230394823,5062.715779858231
2024-12-31 12:45:00,1745.2994524903045,1756.6141442649614,1746.253184222526,1750.2934565032378,2199.4605528995676
2024-12-31 13:00:00,1763.427105923596,1770.576347183959,1761.9800220405555,1766.8003846126549,7357.380535872296
2024-12-31 13:15:00,1779.049105362925,1781.836282584245,1771.8530757028593,1774.1401476124736,3515.0000423105234
2024-12-31 13:30:00,1773.0353356393223,1779.410923184871,1772.6121440181419,1777.9996700223085,1418.4963596956586
2024-12-31 13:45:00,1783.8766836722348,1790.8068483731427,1784.969409838422,1783.899563102181,6414.356514626598
2024-12-31 14:00:00,1790.7940568306078,1799.6892662505602,1791.575314924172,1790.691644865737,197.21804340368163
2024-12-31 14:15:00,1812.6726188182367,1820.0385273784802,1811.5566076104765,1816.024185031396,625.4126559897247
2024-12-31 14:30:00,1806.7994917097976,1812.3372030730575,1806.2054216021977,1812.3920658941831,1364.070818835493
2024-12-31 14:45:00,1818.1063920541553,1824.6939963630864,1814.2568322509305,1824.0166010665462,5142.795625121974
2024-12-31 15:00:00,1827.9792792429423,1831.031788836829,1821.3555262082646,1826.5906829978794,2608.7044444444105
2024-12-31 15:15:00,1823.5172411806543,1821.2729623600742,1812.0103787273833,1814.6627953057275,8565.856586994192
2024-12-31 15:30:00,1800.6322023597422,1803.9714414957882,1796.964885893121,1802.1398293367251,8695.532686018601
2024-12-31 15:45:00,1813.890471392717,1818.8318871848576,1803.013825893493,1809.1319482005777,8714.102845809368
2024-12-31 16:00:00,1821.4118826203005,1827.6308133608538,1819.1160498019472,1819.6231574282506,4141.736968309571
2024-12-31 16:15:00,1803.1396544763843,1802.7767961324453,1792.124576196254,1796.1984469767133,6796.904350651183
2024-12-31 16:30:00,1806.537919956177,1808.9586546806854,1799.3848601960924,1807.1251441627396,7296.0587676725745
2024-12-31 16:45:00,1806.131703589466,1810.8992857896762,1802.963265928769,1803.7361810334821,4503.485216164903
2024-12-31 17:00:00,1775.0656304051845,1780.5431064744887,1769.9300290516392,1780.4732616635865,7465.702121861247
2024-12-31 17:15:00,1770.787818665573,1771.1963483720965,1761.2566272915121,1768.8260077373366,6781.596295679461
2024-12-31 17:30:00,1770.6172979670787,1782.9344564970243,1771.1487863909247,1774.6365164162214,2366.203399755857
2024-12-31 17:45:00,1757.5339518299634,1768.741172460416,1758.2639244133718,1756.863039429532,4175.509348802549
2024-12-31 18:00:00,1754.2186196500136,1756.281417521605,1749.0887547657828,1748.2124847172947,458.4245970145873
2024-12-31 18:15:00,1736.4150415733857,1743.3779161810244,1731.6433903329503,1737.255625509941,7875.032920005557
2024-12-31 18:30:00,1724.7917176144317,1727.800746276264,1718.2809214022607,1724.6854715424436,3726.6435078551976
2024-12-31 18:45:00,1693.4878190241534,1703.1103939855757,1693.1429861370752,1692.9862583914057,605.6145219927607
2024-12-31 19:00:00,1696.4591277191046,1699.8483869228978,1691.0796719998634,1700.1826270447218,2832.594678627795
2024-12-31 19:15:00,1707.0069114926691,1714.198577462813,1702.4685434939777,1702.5408949933435,9283.981920820628
2024-12-31 19:30:00,1694.9894803492462,1701.6295781971005,1689.537916210201,1699.9328452001798,6876.92465695086
2024-12-31 19:45:00,1694.1153991209262,1699.372097493814,1690.6374303939547,1701.2102627984846,9764.272132030017
2024-12-31 20:00:00,1693.6148301093222,1696.8481764662617,1689.4136375550502,1690.157489530251,6739.954684545555
2024-12-31 20:15:00,1682.548878188262,1683.6968924955897,1675.7101242184679,1679.8152824687268,8475.158969978702
2024-12-31 20:30:00,1674.8676311814788,1676.4108048607454,1663.8859532487143,1669.7043595897626,9268.366760501087
2024-12-31 20:45:00,1682.138665077712,1686.8676614393908,1676.3191332142774,1679.1442891263496,9006.6385274282
2024-12-31 21:00:00,1699.65114159629,1699.7818055421844,1690.4170418449148,1701.487887887198,6850.369497419196
2024-12-31 21:15:00,1699.035420975642,1704.5297039524066,1695.0354106575476,1702.1964932449187,7203.406648800518
2024-12-31 21:30:00,1715.9310560143872,1723.5100013225099,1713.376539343166,1721.081316582224,9908.488838837324
2024-12-31 21:45:00,1717.23827646196,1718.165235183335,1708.4539618299746,1709.194608081889,4023.5339043530594
2024-12-31 22:00:00,1695.0906857132807,1700.1937294672828,1690.653283338089,1698.2493860419183,6894.662459709216
2024-12-31 22:15:00,1672.4072462422075,1681.822272173879,1670.2682590355864,1678.039321732596,2426.7109894471027
2024-12-31 22:30:00,1674.7851166793093,1684.6781112323024,1675.054926886096,1679.0233928054934,2254.101622750252
2024-12-31 22:45:00,1700.595730631417,1698.3890135080542,1693.2747986079428,1696.3576725114908,4823.774824378664
2024-12-31 23:00:00,1688.8011442997918,1688.9444322534118,1681.1427431505283,1689.1858147041366,873.5131294976319
2024-12-31 23:15:00,1701.7744220551879,1708.858006091329,1700.856160715112,1708.995212847794,8813.207035059377
2024-12-31 23:30:00,1690.9973236485382,1694.7513431100951,1686.4863253248318,1685.4294219315245,7620.667904042014
2024-12-31 23:45:00,1682.097852040888,1687.3204534178162,1677.8578882410154,1683.7453828716136,6130.66571134453
2025-01-01 00:00:00,1674.470705378994,1679.0686723035324,1665.7240569923342,1676.633989312404,2749.7270779932605
2025-01-01 00:15:00,1696.5306456863698,1697.1810691047742,1687.1075409005393,1693.6806084327707,5297.572557329718
2025-01-01 00:30:00,1709.4712011765805,1712.8314103580171,1704.635603940973,1703.5369805534692,7494.337119769614
2025-01-01 00:45:00,1734.7903442648155,1738.6351589555063,1732.4900923845512,1739.6640853157712,6685.336652588171
2025-01-01 01:00:00,1739.3079541996374,1748.984189226649,1734.8384546776408,1743.2711740454527,9666.312010696736
2025-01-01 01:15:00,1725.7291341149958,1729.3405264873345,1718.381049654183,1729.8568970918957,639.5086308337397
2025-01-01 01:30:00,1718.5348576615927,1721.3810382437832,1709.5309826182101,1719.077032628928,5043.894244245787
2025-01-01 01:45:00,1730.9725036400907,1731.8675666843083,1724.4492803485127,1732.6078008784684,5727.878163386075
2025-01-01 02:00:00,1724.0963143495837,1727.291996753084,1716.4177819988358,1718.4527165114011,5078.410457809302
2025-01-01 02:15:00,1722.6812643854287,1723.1068632550828,1714.8591459514514,1718.3736215160586,6001.206149548319
2025-01-01 02:30:00,1707.3406577128183,1714.8257570113553,1704.6566556744167,1706.0506183780494,6092.550941878173
2025-01-01 02:45:00,1694.6054024839837,1701.7592772444543,1693.0216047712545,1702.4974670858696,5181.906683283047
2025-01-01 03:00:00,1700.5142299149231,1710.249141327032,1697.1179292389477,1705.9283616995729,6092.490946535461
2025-01-01 03:15:00,1715.6897086234712,1723.5571654996413,1712.0189194120092,1723.3335669087674,371.1055746470868
2025-01-01 03:30:00,1704.5792232373794,1712.5738934971403,1701.6073089385454,1707.9177541026434,4999.716756868017
2025-01-01 03:45:00,1699.6211696204186,1703.711337586308,1697.1127200913054,1698.5476855711834,6334.365656047041
2025-01-01 04:00:00,1700.8368288851716,1710.8961036952765,1700.3092758618764,1699.9656272770787,4062.730294831885
2025-01-01 04:15:00,1716.7903661350804,1721.9403230204546,1716.8685316427284,1716.980559291417,9441.58711853949
2025-01-01 04:30:00,1710.340273911274,1717.285937370186,1709.6166081063673,1716.2416495440857,6013.967261423214
2025-01-01 04:45:00,1707.854498152493,1716.6276577687172,1705.0245277734173,1706.274838334115,9073.189346495774
2025-01-01 05:00:00,1678.6381689154618,1688.8696824557005,1676.7261883943222,1686.1803893164565,6166.221927122937
2025-01-01 05:15:00,1669.0419611985121,1672.0353665632106,1660.4386330064988,1664.541543354745,6681.599894672576
2025-01-01 05:30:00,1695.298174217089,1696.9656576250159,1688.6387397053627,1688.6631686102862,5823.811704751939
2025-01-01 05:45:00,1689.2910898289192,1691.7259954056608,1681.5132318728038,1688.0068788453198,5957.081061267641
2025-01-01 06:00:00,1671.9036765166009,1676.7271369380192,1662.9553068724424,1673.3216722929892,4049.17823564669
2025-01-01 06:15:00,1667.2953466418862,1673.6920946255304,1668.9366536973948,1671.0798110614598,3199.929706866449
2025-01-01 06:30:00,1653.4479235637434,1663.3501392104056,1651.9068214104823,1651.6973256489948,2066.164221328584
2025-01-01 06:45:00,1662.5990861651712,1668.3347330944118,1659.176876306779,1662.3283152295614,2155.312532845705
2025-01-01 07:00:00,1644.5608497121132,1651.02854359332,1643.5967703089998,1647.0545179835708,9796.393149275365
2025-01-01 07:15:00,1638.7130297475899,1646.6362763123045,1635.9187980191941,1641.2576994134133,8361.231265158458
2025-01-01 07:30:00,1647.6370552999435,1647.7384152099062,1636.5698845307486,1648.6397975038967,8987.02867937648
2025-01-01 07:45:00,1650.2767056010962,1658.8272939614135,1646.2677716722878,1647.9978464052651,3818.3666873845505
2025-01-01 08:00:00,1648.2065061743108,1655.2343204870492,1646.2812312965539,1656.4568906534025,9754.3645957484
2025-01-01 08:15:00,1651.3265149486042,1658.3195431166985,1651.447128343588,1654.8851808873042,5062.862600301816
2025-01-01 08:30:00,1670.1370507262461,1675.397194972979,1662.907205929551,1669.1653795159484,9062.076633201046
2025-01-01 08:45:00,1664.7881824470262,1668.5787508966,1658.2743680759777,1667.544489275543,2074.3526146979025
2025-01-01 09:00:00,1666.724859290044,1671.581018765744,1664.0966334884995,1668.5524099088964,4967.410402111599
2025-01-01 09:15:00,1657.4541353119664,1663.4887211114137,1656.062762400549,1658.013469755589,9339.617357348092
2025-01-01 09:30:00,1657.934513281502,1664.971435782186,1653.4018574791103,1660.4278935882699,9415.775334946058
2025-01-01 09:45:00,1673.3740940678986,1677.2129291951276,1666.6980197644236,1676.1277188524582,8369.01830471953
2025-01-01 10:00:00,1654.0731741616396,1654.3578393387097,1643.640371667606,1650.164096378953,9450.520941110002
2025-01-01 10:15:00,1629.771556143617,1636.3823190687247,1621.5022363164767,1628.720756115316,8973.00480158547
2025-01-01 10:30:00,1622.3789743815053,1624.68111054488,1612.8810200906687,1619.2955073566532,451.36865433691605
2025-01-01 10:45:00,1619.631664854008,1621.3440447116052,1613.7934072483954,1614.6232302496035,1654.1145085787239
2025-01-01 11:00:00,1603.0906540933427,1609.5484019410433,1599.4960853579105,1603.0195163104847,5309.962591108997
2025-01-01 11:15:00,1592.4325796536464,1597.7375747796807,1585.4721869590865,1595.3494190335462,9686.891271408213
2025-01-01 11:30:00,1583.3370719103202,1592.0216635507466,1580.585462855936,1584.4955741450044,8971.347985032973
2025-01-01 11:45:00,1559.7561594127637,1569.91467206391,1556.9559247065965,1560.680534027747,9317.774402635801
2025-01-01 12:00:00,1541.6541293175574,1547.804468016105,1539.4090761872906,1546.3049691017882,5462.992209883927
2025-01-01 12:15:00,1493.3955171954963,1497.8918355634428,1488.7815388913348,1492.3607697097536,7783.869213465038
2025-01-01 12:30:00,1498.1202161414003,1499.6002213443774,1492.793104828933,1491.2848497222844,9737.426349011206
2025-01-01 12:45:00,1531.4697518210394,1534.1852606049454,1526.0819944418467,1528.9214804015542,480.9803902820618
2025-01-01 13:00:00,1546.3919025727048,1548.6966519316807,1535.447054121385,1546.8732678954905,9308.829617895866
2025-01-01 13:15:00,1550.6372677891584,1550.5421772986522,1539.5803201527162,1546.0920823946426,6035.193865111437
2025-01-01 13:30:00,1559.190190260167,1557.1679451229975,1550.2980301940038,1553.9166632938118,7168.818565420109
2025-01-01 13:45:00,1541.9191480505924,1548.43737375819,1539.3747580198794,1544.1832976700819,8486.213309602777
2025-01-01 14:00:00,1548.9138139824672,1558.186715853128,1548.4356789768037,1555.4012449597933,6340.215216509312
2025-01-01 14:15:00,1574.029575702872,1582.809027433673,1571.4827035421554,1581.316482730934,965.7057128597932
2025-01-01 14:30:00,1594.9608480590584,1596.9869187314823,1589.5816708020097,1599.5084248794824,7855.25156996159
2025-01-01 14:45:00,1604.7952854249434,1611.5768193853792,1599.4908645463172,1602.0785156232348,2216.18085991839
2025-01-01 15:00:00,1622.0785150792706,1623.5314756347002,1609.6914158370112,1614.3088505863195,862.6140509407517
2025-01-01 15:15:00,1608.3488623900425,1612.068820326273,1603.287971613043,1608.5067618225003,351.8660163198157
2025-01-01 15:30:00,1601.7303448031364,1603.9705027098003,1593.9870700582187,1600.1854202974168,3310.555230896522
2025-01-01 15:45:00,1589.69188172909,1592.9734559420453,1585.7345221259543,1585.986649100663,6528.244312109825
2025-01-01 16:00:00,1588.9383699068253,1591.961594466088,1586.56145579419,1592.7418092181135,9406.066533918975
2025-01-01 16:15:00,1614.0682214674102,1620.2823104399822,1607.9741956119774,1609.1335782262547,2564.5242844885893
2025-01-01 16:30:00,1621.783456067876,1629.7837772042012,1621.5295228216733,1622.590522382033,3817.4881826242727
2025-01-01 16:45:00,1638.8316737656617,1646.2048016578367,1636.1566008327943,1642.2899662096274,7313.618221960712
2025-01-01 17:00:00,1633.5599073023084,1638.1633860750862,1630.5222092213537,1637.3291649392381,2380.078301593753
2025-01-01 17:15:00,1647.9171849212232,1650.5011302853543,1640.3569366488925,1640.331908658897,7742.428837959261
2025-01-01 17:30:00,1672.107366180212,1677.6672919788898,1665.873990073398,1669.5954945092037,8918.91491638415
2025-01-01 17:45:00,1638.908578264536,1638.911656568021,1630.5771784616297,1640.2429593866552,1073.5831117878033
2025-01-01 18:00:00,1652.2465545908885,1655.0814615078757,1645.7639484905205,1650.563954696802,7053.971777452676
2025-01-01 18:15:00,1623.8874246640573,1635.5572110247103,1625.5681925890153,1629.018569141961,3256.3094575554883
2025-01-01 18:30:00,1625.5877371579847,1627.7075004094825,1623.1615550357667,1625.6413557538606,5375.150218627255
2025-01-01 18:45:00,1648.7017561815035,1647.7977839144278,1639.3998790255105,1644.4803227129453,5592.207395257678
2025-01-01 19:00:00,1653.8381264562572,1656.0617714084788,1649.068241566936,1653.1362992498223,3069.8215934045784
2025-01-01 19:15:00,1643.646407864645,1645.3868192428354,1630.868366648983,1638.4625605747094,5517.313929853517
2025-01-01 19:30:00,1614.4418297685568,1623.9342654029383,1611.9840323673345,1620.230824248813,8660.29748687279
2025-01-01 19:45:00,1620.911925060399,1623.6989505280476,1611.536931291124,1621.8318480902135,6247.170007744313
2025-01-01 20:00:00,1580.120446774999,1587.5543023235446,1578.4995990909456,1588.093292364578,6668.79018609208
2025-01-01 20:15:00,1591.9678061899133,1601.8542600501276,1587.4867863790826,1597.4208792414245,1026.7712566786272
2025-01-01 20:30:00,1594.483702591459,1603.6342487142576,1589.538783204325,1595.5018665221296,8726.587010687981
2025-01-01 20:45:00,1599.6540175711123,1600.5884942127182,1590.8205832002632,1591.1467445551552,647.7204241122654
2025-01-01 21:00:00,1581.6670707451945,1586.0456444599906,1578.1252291360747,1581.8560318780198,7119.614449572462
2025-01-01 21:15:00,1609.0011276642192,1614.101276257086,1599.6021091638265,1605.4060395709555,1014.5014906111934
2025-01-01 21:30:00,1605.4082968555103,1604.725470073066,1599.371652427859,1604.6723263843467,3060.8951252676416
2025-01-01 21:45:00,1599.5277250298332,1603.9824226817843,1594.8358735865486,1598.8063340473761,3412.516368791726
2025-01-01 22:00:00,1605.1233893222184,1604.682669361176,1596.5489386298368,1605.0228115684893,8214.271265597941
2025-01-01 22:15:00,1596.05033107901,1605.1090671769527,1594.0631603501101,1594.469458458028,6556.500807661098
2025-01-01 22:30:00,1584.7978923520695,1596.4425572272357,1584.0133939462232,1590.6449459585294,2839.3645336069853
2025-01-01 22:45:00,1576.902493086964,1577.2090736893401,1569.2542151381413,1576.40094373132,1861.3350481488055
2025-01-01 23:00:00,1577.341180909195,1581.6007944290006,1571.6501506335017,1575.056585758149,8471.50118058457
2025-01-01 23:15:00,1559.8267873946334,1563.5280385720591,1556.814853529735,1558.1147240007267,3589.841786738447
2025-01-01 23:30:00,1571.6796928820174,1577.3863381091753,1569.7823130843626,1577.0712273951356,4436.395978529281
2025-01-01 23:45:00,1537.5361775320875,1543.810697862026,1531.9035845461,1535.3308602138231,4249.875274399949
2025-01-02 00:00:00,1537.1926502248778,1542.1065978229897,1531.8215931339514,1532.522116977345,5765.115872739735
2025-01-02 00:15:00,1551.2817692988892,1560.7602597556559,1551.2966335587798,1553.483984703809,3479.833632994717
2025-01-02 00:30:00,1552.626698139243,1555.8714138386872,1549.045201368029,1556.437351059646,8507.888193680272
2025-01-02 00:45:00,1539.146427361248,1544.2465205612204,1531.6366413804697,1534.3816366711503,7728.235700355274
2025-01-02 01:00:00,1543.6836519868575,1546.3409906123054,1537.1242700573707,1542.917765848587,6181.258793706944
2025-01-02 01:15:00,1523.9571110063273,1526.5656876476703,1518.941960151094,1518.677061431335,3186.588648097868
2025-01-02 01:30:00,1506.1394455848365,1510.9481918724862,1505.6570166316449,1509.7706823090648,9534.027748668885
2025-01-02 01:45:00,1509.3949419272121,1515.6915949650477,1507.8672810113258,1507.9830812764385,8015.560570231796
2025-01-02 02:00:00,1499.9482511417714,1504.515993571505,1496.0423075780793,1500.510665972148,3135.250957852628
2025-01-02 02:15:00,1479.8045021366388,1489.1371700480065,1476.8472902430678,1487.9589084795257,1171.3489182382752
2025-01-02 02:30:00,1493.7670190684732,1503.1370373617974,1492.458501633709,1493.7910203878268,6185.168166207126
2025-01-02 02:45:00,1481.2759123082433,1483.8522276801468,1470.205126232918,1474.3786631768498,1694.49229914127
2025-01-02 03:00:00,1476.897945284996,1479.5975124696172,1470.3114030992008,1470.5753063470818,5758.030637768887
2025-01-02 03:15:00,1476.6419289373473,1479.9315864439438,1466.972272656916,1468.9277292361967,2495.5716813479034
2025-01-02 03:30:00,1461.9298653693202,1465.603512127636,1454.919708685604,1458.496731046213,7614.115407321743
2025-01-02 03:45:00,1445.6458988019376,1452.5104397187292,1439.414073692728,1445.8993899882628,8318.71770607412
2025-01-02 04:00:00,1458.2973242542882,1456.2017294651694,1446.3343968134961,1452.5603756271116,1878.5109796139843
2025-01-02 04:15:00,1455.4363917771748,1460.0514049640017,1451.5870451132691,1454.0858287027575,837.0465622899625
2025-01-02 04:30:00,1473.0036697047983,1478.0069104553133,1471.1600099031941,1478.3602891738865,141.61543215097404
2025-01-02 04:45:00,1451.396763400957,1459.7554198736045,1449.7265032007422,1453.0040753988383,6962.121791005489
2025-01-02 05:00:00,1461.2139979340643,1466.0166239650916,1458.2504489101336,1462.8984338833054,9474.060868423801
2025-01-02 05:15:00,1480.505345802601,1483.6004057339467,1473.9089845827505,1480.3952099579128,5341.667925762592
2025-01-02 05:30:00,1460.1319132777924,1464.6461268706896,1454.9458998115836,1456.4162394800878,7775.267332475162
2025-01-02 05:45:00,1454.6273749254365,1465.5528788684178,1450.7493105111105,1460.2774892934842,5131.601214857306
2025-01-02 06:00:00,1441.3999238539748,1446.2269189163808,1435.9987938690333,1441.6556259813387,1131.6007300527547
2025-01-02 06:15:00,1440.9962237446755,1444.3413211274617,1438.4069892675577,1443.133316142986,3854.942447456443
2025-01-02 06:30:00,1471.5447640176449,1476.584630633314,1464.7935338680804,1472.6629159901483,8334.937279889284
2025-01-02 06:45:00,1455.4268334914843,1462.7723242414195,1454.1158631291678,1457.9987473486967,5576.946916614109
2025-01-02 07:00:00,1462.0825401327525,1464.9981452398238,1457.5879604849742,1463.3395758781623,5793.974425936733
2025-01-02 07:15:00,1454.8617712818523,1459.0334987464182,1445.5056400300496,1452.5081585287346,5007.596463931549
2025-01-02 07:30:00,1464.6508438982808,1475.561947750923,1463.7060596890267,1467.9243177925673,6570.020475704509
2025-01-02 07:45:00,1439.6742257421345,1443.8250247227509,1433.534864655894,1446.1857660976232,2622.8301970510684
2025-01-02 08:00:00,1458.2312496015838,1465.1233601470162,1459.2040459942134,1463.1554905818093,2791.757906529767
2025-01-02 08:15:00,1457.148786283143,1461.512441844426,1452.3908463293326,1456.9516539320982,6414.451285427972
2025-01-02 08:30:00,1466.6288313233613,1470.1143774315528,1456.4810756656843,1459.7476298815345,605.7048165644367
2025-01-02 08:45:00,1487.0444290656258,1496.6581775496359,1483.2435516505354,1493.1056263590128,5255.318871737928
2025-01-02 09:00:00,1454.8211665456545,1460.6207632041503,1450.2986768773449,1454.8072202834976,6549.004242172437
2025-01-02 09:15:00,1474.9014771971267,1482.6880633992214,1469.1099855740467,1478.9717214093175,4147.71273893266
2025-01-02 09:30:00,1448.716622446616,1455.3735313372606,1447.0101759891245,1449.2546268498957,3289.182409886615
2025-01-02 09:45:00,1445.303524721925,1450.0063716353534,1442.6755571427411,1443.842347873469,6828.22837112233
2025-01-02 10:00:00,1448.9521087607402,1447.0243784304585,1438.95263947357,1441.16460883389,4008.1817130744557
2025-01-02 10:15:00,1474.9075884683218,1478.0810565930167,1467.9461685944616,1474.9922143712245,260.78548041437
2025-01-02 10:30:00,1489.7003634746263,1491.8623493544771,1483.212176521714,1484.5986507552495,5543.4165124601595
2025-01-02 10:45:00,1507.0126535788404,1517.7334448949289,1505.3160434114498,1513.7106938338127,6633.99194668366
2025-01-02 11:00:00,1511.6579303088736,1517.6155147698312,1508.9830118646937,1514.4117716094927,133.85095403009444
2025-01-02 11:15:00,1517.5221561604685,1518.9908049952553,1510.0112343602145,1510.065052465995,6899.522905242731
2025-01-02 11:30:00,1488.7904533711196,1495.640140393605,1488.458196470272,1491.9745935226983,8441.148016787158
2025-01-02 11:45:00,1504.9534909029965,1514.1256186632993,1504.0144830812628,1510.0647434578527,2438.687849849098
2025-01-02 12:00:00,1518.0549625749538,1521.6412512741176,1514.749776274791,1522.28928624766,7766.266489337727
2025-01-02 12:15:00,1531.594634796666,1533.5200863217249,1526.0221452174242,1527.9666837959742,6160.932632276949
2025-01-02 12:30:00,1519.1673875161357,1526.4652300695946,1516.673794084955,1521.2610949907591,431.5108013855155
2025-01-02 12:45:00,1522.1957783625785,1525.3671393303723,1516.5701294980772,1523.6116128104684,7063.689966132298
2025-01-02 13:00:00,1559.1624769479474,1561.3917766575394,1548.6453008850897,1555.6943176831255,6181.9135004382
2025-01-02 13:15:00,1550.0863168140527,1550.8455857762547,1542.9201435615519,1545.1166438549847,7934.503466490605
2025-01-02 13:30:00,1569.753920331964,1573.8604563856543,1564.972734161108,1571.926488197477,7069.4131239192175
2025-01-02 13:45:00,1563.6421961855654,1572.464300630376,1559.8687319154137,1564.6857024747028,8650.710522803529
2025-01-02 14:00:00,1602.1063821166695,1603.6674273003061,1595.3935754281013,1602.7875338588535,8570.596737041777
2025-01-02 14:15:00,1599.0796078912583,1610.433150558294,1598.9519347560577,1607.460961416303,2019.679406485738
2025-01-02 14:30:00,1616.4105715376845,1617.2538898011155,1610.7565584193333,1616.3839167599754,4418.240678355892
2025-01-02 14:45:00,1632.3313521036414,1634.890838284028,1621.9616509756993,1624.9313015654634,2265.892670843798
2025-01-02 15:00:00,1652.4460774066963,1657.1930017627944,1645.9869094601463,1648.5599311052508,3288.466652699841
2025-01-02 15:15:00,1637.9177824720796,1646.0192941825812,1637.3636586759355,1638.9838022054373,4729.849678530265
2025-01-02 15:30:00,1625.4156910460194,1630.9323946679167,1619.0183972096593,1623.7590903853954,8922.281149020046
2025-01-02 15:45:00,1613.67851391465,1617.2454454540564,1607.4184752041097,1607.8929152238268,9558.580771648198
2025-01-02 16:00:00,1612.023225714624,1620.0705135315493,1610.8803561214038,1617.4171370604772,1018.5108911936995
2025-01-02 16:15:00,1595.9992122167562,1604.6313757657192,1598.2698492245906,1599.2314781733842,2822.0441860398655
2025-01-02 16:30:00,1598.3173516249642,1598.9327420626594,1589.3193402629367,1599.2343636365456,6175.013896422291
2025-01-02 16:45:00,1587.6928935320962,1589.2972234945976,1577.7378318699612,1589.2733120703292,8631.596556937764
2025-01-02 17:00:00,1604.3547241692663,1606.9121535264317,1597.0183129444792,1598.9039156504632,950.2173409228072
2025-01-02 17:15:00,1606.9880784299005,1608.40231047865,1597.7680200086766,1604.411757757677,5587.272726851175
2025-01-02 17:30:00,1619.5563754674722,1620.2901112349168,1609.6542264246764,1617.8725416060192,8981.738094541137
2025-01-02 17:45:00,1600.7002936942736,1611.6680181019403,1600.8364866841403,1604.4799771091034,2053.786474400167
2025-01-02 18:00:00,1596.979754265424,1608.023516818139,1596.6730890303145,1599.3913182538656,4686.049544627867
2025-01-02 18:15:00,1597.1689349002343,1602.1517690182136,1590.0061719040293,1589.7340592521728,3627.014297967943
2025-01-02 18:30:00,1595.8376945707969,1601.1821755113558,1590.1624743781047,1591.6995673530341,3682.6721741730266
2025-01-02 18:45:00,1577.1906558272183,1576.8361810443955,1565.2497314946124,1572.398116459057,4447.493054384763
2025-01-02 19:00:00,1548.97652585972,1551.1875703910982,1541.8988550337342,1542.7119890107613,4635.282831289367
2025-01-02 19:15:00,1551.2502819698695,1561.6062594271027,1549.8829184089632,1554.577593722734,3380.266897613578
2025-01-02 19:30:00,1554.772389774455,1560.7025735142072,1550.650994728872,1557.9066623840695,1607.765286315683
2025-01-02 19:45:00,1564.8917662387325,1565.998223368332,1553.9708867472139,1565.1520091364416,1635.6779011473407
2025-01-02 20:00:00,1571.4541737996487,1579.502507157787,1566.2607105734396,1573.6005752223275,6845.98201342695
2025-01-02 20:15:00,1570.754877580685,1572.7328024949534,1564.8116443187798,1566.1654258528492,1740.0432594472816
2025-01-02 20:30:00,1571.2962154932666,1578.053778306086,1569.1274758114537,1575.151912765301,1730.3625688816924
2025-01-02 20:45:00,1566.5616361162286,1575.935973704158,1563.9680676419332,1570.4353710933499,8831.065779486538
2025-01-02 21:00:00,1554.1780342670058,1562.8273856221915,1549.572165497502,1554.8196311925562,7521.476334066569
2025-01-02 21:15:00,1525.95558543802,1530.3792661296134,1522.7666765822592,1530.847072458179,5822.065812895244
2025-01-02 21:30:00,1519.3876843100056,1527.974366870746,1513.7562020404193,1517.3223013985425,5297.41875455071
2025-01-02 21:45:00,1502.8622699612847,1512.9266931123937,1499.1689618406542,1509.858236501762,1524.3815463709034
2025-01-02 22:00:00,1499.8753793531494,1508.5124319425354,1498.0629674703634,1503.5330557755967,1694.7308296047904
2025-01-02 22:15:00,1473.8692855012462,1483.5599749153328,1470.7392094287443,1480.4378576879737,462.41762661386605
2025-01-02 22:30:00,1462.9477345030018,1466.1601883986143,1451.9272363501707,1459.322777688305,4476.114280266019
2025-01-02 22:45:00,1460.4997000087494,1462.1326110995094,1452.6706835666544,1458.6605311750461,7864.232460975969
2025-01-02 23:00:00,1444.032020353173,1453.5072176445647,1444.6870446609237,1445.0199954147402,1574.6338088648697
2025-01-02 23:15:00,1455.5686393057679,1459.186733911667,1448.6573955619879,1450.6705149933366,5196.701948015478
2025-01-02 23:30:00,1477.0242259227443,1481.0417580280644,1470.6411814112696,1472.6574885249263,6018.100709900611
2025-01-02 23:45:00,1501.7188337489258,1506.8175819501007,1497.3287656453224,1499.5943492930755,6989.712292578223
2025-01-03 00:00:00,1487.686715651435,1489.7957222989526,1478.0016073514546,1484.960034638556,9213.114732401606
2025-01-03 00:15:00,1465.208717041334,1472.543787824888,1464.5317555146617,1465.4531391607666,8712.006202387352
2025-01-03 00:30:00,1447.284554088484,1450.1167033495883,1442.6974191198935,1448.5268127716108,3488.8371537016624
2025-01-03 00:45:00,1415.8319647686874,1428.173402659835,1417.717604067593,1417.7127717178776,6078.342817657108
2025-01-03 01:00:00,1421.6928576886373,1431.446971916545,1420.153438893443,1423.5950445014962,3953.236223895004
2025-01-03 01:15:00,1436.4981752902725,1440.3170481471032,1432.4968246949134,1442.5031587475173,7493.379911445817
2025-01-03 01:30:00,1450.0329017517133,1452.425304182959,1441.6265607867695,1444.8777453972748,2464.1971812554216
2025-01-03 01:45:00,1449.994186134214,1457.5080150324047,1449.7588573491826,1459.1793064082435,6962.741731397047
2025-01-03 02:00:00,1454.6329506051425,1456.1954197712805,1447.064306033877,1453.460116730918,8250.877632719252
2025-01-03 02:15:00,1441.3826618185362,1448.8576461486318,1434.3139069662689,1439.423428878366,8742.422105871463
2025-01-03 02:30:00,1439.8959494194896,1437.184152771875,1431.2059803734483,1434.0808128768133,7850.755596654369
2025-01-03 02:45:00,1447.9308530385392,1448.0681815787593,1441.7602058020846,1447.7452780664426,5060.463382029839
2025-01-03 03:00:00,1439.88526536176,1440.5434549475642,1434.9416297628038,1437.1592115225892,4754.7416420954805
2025-01-03 03:15:00,1411.9879439701751,1418.6721139066515,1409.030888080155,1416.9229025092775,3461.9752802129287
2025-01-03 03:30:00,1411.3505310085113,1410.4462988047221,1401.5946899993178,1410.8876877035627,8522.302773368383
2025-01-03 03:45:00,1406.2947141251746,1410.2485745265728,1398.0642234384916,1407.7896055726355,7046.679584702281
2025-01-03 04:00:00,1409.7531156163395,1421.166498553614,1410.5305636764417,1414.9301177490527,340.5116035522933
2025-01-03 04:15:00,1411.3006577343326,1418.1083588874926,1411.711798632884,1412.243976423354,3856.3582597907794
2025-01-03 04:30:00,1443.6884539383714,1450.2894886568904,1438.7399676597813,1444.9607221616739,4462.240098956367
2025-01-03 04:45:00,1466.2969211085092,1467.1248714606213,1457.4340150908229,1464.6122425353797,6490.882540427075
2025-01-03 05:00:00,1465.1949221166685,1464.1804340527576,1457.2875573043962,1458.7378018818486,9059.723684154
2025-01-03 05:15:00,1441.3665924860866,1441.6463015827899,1435.064526563089,1441.7312226743222,4054.4838021110763
2025-01-03 05:30:00,1450.6035398355327,1456.2053629895347,1450.2730315258227,1458.171202073549,334.477387298443
2025-01-03 05:45:00,1463.9980564166945,1469.5648574053773,1455.2222938672737,1465.0427442799187,2120.075368047456
2025-01-03 06:00:00,1461.329135975948,1465.3783255047754,1455.7916759572686,1463.4078659645895,7607.87778509795
2025-01-03 06:15:00,1459.6489289121103,1462.9474362034944,1455.0020311140938,1455.9447371421838,1809.2275659404418
2025-01-03 06:30:00,1437.4153995495797,1444.740542468578,1436.6381610924004,1439.639009924781,6989.139228016771
2025-01-03 06:45:00,1452.4264686130523,1457.864503269095,1447.2711195438922,1450.0876826637082,6643.454292678787
2025-01-03 07:00:00,1453.0700753590909,1460.81359224504,1448.0595092244168,1454.5580065562178,535.1734857002609
2025-01-03 07:15:00,1443.8020304284662,1449.605506825023,1436.0422503889454,1442.6586524008806,2804.3267882587365
2025-01-03 07:30:00,1441.209344870077,1444.906299038609,1431.6495715100793,1440.3247881317504,3745.5755336856514
2025-01-03 07:45:00,1466.3338898649372,1464.8818858030045,1457.6241255276066,1460.477769185799,629.8634787816849
2025-01-03 08:00:00,1431.7708196373226,1432.9349253386215,1426.8987744510134,1431.2398480786992,1472.3432410124226
2025-01-03 08:15:00,1432.719217272816,1438.526721362825,1429.5637195634881,1433.8551301437365,3979.931796621789
2025-01-03 08:30:00,1415.2092644524039,1423.0834195742164,1412.861176964072,1414.7443846810388,3654.968416439401
2025-01-03 08:45:00,1404.9294793156585,1412.5754414099486,1398.7060145388066,1406.2342199141647,359.4862001579838
2025-01-03 09:00:00,1411.2358693030446,1413.7212141266261,1402.164305438626,1406.00356388063,7907.4235243627045
2025-01-03 09:15:00,1414.1672138858232,1416.1549679804668,1410.792369003852,1417.9420732427177,6102.281826663806
2025-01-03 09:30:00,1408.9908133345702,1414.4398463329678,1403.5712997415537,1407.3845017007432,6069.777907938472
2025-01-03 09:45:00,1417.4411678993931,1422.522632032714,1410.870444596239,1420.5444951794404,7960.118043375251
2025-01-03 10:00:00,1408.593150193017,1416.313853614556,1403.196063478131,1414.1592004007416,9115.208794688404
2025-01-03 10:15:00,1418.0105565496965,1419.6471535533376,1409.650234785825,1417.7126663105014,2232.800402785268
2025-01-03 10:30:00,1410.210539028988,1417.5163831743655,1402.4824245273928,1409.8079385342182,182.69368002654284
2025-01-03 10:45:00,1383.881084513535,1388.5641766500464,1379.743720482204,1388.2823128183322,6941.991916806532
2025-01-03 11:00:00,1378.9404579472848,1382.6488582123122,1373.4184391683361,1377.8646122545388,6260.506086775047
2025-01-03 11:15:00,1374.292316348982,1375.5360185769143,1365.8526756614094,1368.5079952127346,2721.395921774871
2025-01-03 11:30:00,1373.4411887961799,1371.4020353605417,1364.8535353558998,1372.954870520276,8815.489598299197
2025-01-03 11:45:00,1374.5681483117576,1384.0054248245003,1373.181112839726,1373.0318935238429,9074.248173013082
2025-01-03 12:00:00,1380.266053447143,1380.3354850000703,1373.4666644165525,1378.605897982971,4864.839981676903
2025-01-03 12:15:00,1354.1859979802923,1353.805220490324,1345.4923077670342,1350.5201866748257,907.0004531642768
2025-01-03 12:30:00,1359.6351546702062,1362.6544191827102,1355.068192299859,1358.2062301593055,5259.017565463453
2025-01-03 12:45:00,1355.1985787790532,1358.319937958121,1350.7777631357474,1349.809958228878,5612.163290222569
2025-01-03 13:00:00,1346.8218664361423,1353.9394062314973,1344.2573707835295,1344.753416687843,1799.3413084547817
2025-01-03 13:15:00,1320.5177005363316,1327.5306290547367,1322.7822150420714,1328.835176457581,8628.718443369553
2025-01-03 13:30:00,1333.4899140918155,1336.758887486364,1321.6238442571598,1334.236781752967,6881.334297937613
2025-01-03 13:45:00,1327.1924421106178,1332.1137904901939,1321.0467808868912,1322.3469330967641,3910.204309953134
2025-01-03 14:00:00,1331.0635738052365,1339.935959468498,1329.1093227533747,1327.6750145943038,794.8397804143425
2025-01-03 14:15:00,1316.16461099776,1322.193248068227,1312.1614878871214,1319.7432345708705,9147.50061506141
2025-01-03 14:30:00,1324.3795859331387,1332.2280621715165,1323.2549083149393,1328.2270531371842,6972.052075256602
2025-01-03 14:45:00,1315.375187990266,1317.3542246352276,1305.0047913882254,1315.4247561021516,8829.93841776423
2025-01-03 15:00:00,1302.3417891770407,1311.18716263041,1304.7047931233205,1310.2472821119425,280.6141838867886
2025-01-03 15:15:00,1318.0180438985094,1323.3639825760908,1313.0445139228914,1319.519181935138,354.93447040496835
2025-01-03 15:30:00,1320.061782109223,1329.7969407551932,1316.6306083663378,1326.6268310999887,9417.31761341202
2025-01-03 15:45:00,1335.818155893895,1344.5345459943314,1333.4363419634249,1340.85591091317,7322.786840120231
2025-01-03 16:00:00,1345.481477696509,1345.4390643789393,1335.162492703654,1343.2117167584836,2789.3046527523315
2025-01-03 16:15:00,1336.6991584697935,1334.725133336231,1325.598167985064,1334.5755563576315,9191.25299723896
2025-01-03 16:30:00,1311.064794099422,1317.550107820779,1304.1417994194658,1307.2028618842778,967.7351463017807
2025-01-03 16:45:00,1309.4610564006941,1312.1783701729028,1301.4933893292632,1306.7011238792638,9504.860890021244
2025-01-03 17:00:00,1325.034447935731,1324.9497168764756,1316.322876269283,1322.9306087909663,4649.355177744404
2025-01-03 17:15:00,1317.3359308092492,1322.7749072482766,1314.904387431277,1316.5122176268621,4085.7299445830495
2025-01-03 17:30:00,1328.1830810401543,1333.2248398715305,1325.4065774025917,1329.442677880569,185.30738039414678
2025-01-03 17:45:00,1337.2904788293015,1339.1459265311757,1334.1028882926546,1338.1078032267126,8734.998888507782
2025-01-03 18:00:00,1337.1281616592848,1346.6180395138622,1335.1565385786455,1338.5860468895253,5761.843763155405
2025-01-03 18:15:00,1361.778093392309,1367.1389936772428,1356.7192899408844,1363.939495588011,6718.993134298869
2025-01-03 18:30:00,1345.2898237737797,1346.4623848824037,1335.1307317475078,1344.1496555055735,4472.914851220264
2025-01-03 18:45:00,1342.951354053858,1342.789515484499,1330.3742694533132,1342.5615827571712,3370.8621562684366
2025-01-03 19:00:00,1352.8994934477575,1355.708276660237,1342.9564557584729,1353.2738159662167,527.1173967429504
2025-01-03 19:15:00,1332.980147495233,1340.2423824414786,1330.5082907590297,1336.4035165439252,4180.9591558297
2025-01-03 19:30:00,1346.5075949049021,1349.207383787883,1342.1021419461126,1346.6196185608446,2286.7014679717645
2025-01-03 19:45:00,1371.9739397487258,1376.6085885962418,1367.7031592118203,1367.6940400951667,229.81004692690436
2025-01-03 20:00:00,1342.2000490567946,1347.1431355723182,1338.0451146251573,1344.2640643768834,5997.0941859782215
2025-01-03 20:15:00,1307.1769937596569,1319.4105787012963,1306.5042533434919,1315.515827130381,1732.0321370854124
2025-01-03 20:30:00,1320.9852052403608,1327.2469937205833,1315.2921541634369,1317.9427454468976,4269.7254941966485
2025-01-03 20:45:00,1290.6811319260917,1299.3976204174774,1289.97143493435,1291.771076816126,6091.901126409844
2025-01-03 21:00:00,1307.6387952838154,1312.2853675017234,1297.4249130570192,1307.5331167862646,559.4540222953545
2025-01-03 21:15:00,1316.0701950829498,1324.1695267696975,1312.356967763855,1314.1366341328323,4943.864126754507
2025-01-03 21:30:00,1308.2851457285153,1314.166056028257,1304.4861249770172,1314.9982511666017,1411.2929054480865
2025-01-03 21:45:00,1315.9121386402232,1322.4633937891965,1310.633269832691,1320.7176890548556,5956.5134782925
2025-01-03 22:00:00,1336.6441581803865,1340.6623618616366,1328.978308049058,1335.807443961219,7150.158675925831
2025-01-03 22:15:00,1337.3515699923028,1344.4716036941336,1335.8571518590054,1340.3546518870473,5859.6395516256125
2025-01-03 22:30:00,1350.0565424846857,1350.3765682623869,1345.350540313596,1350.7420533509778,9846.231660671147
2025-01-03 22:45:00,1357.77279349109,1360.7254198557189,1348.8614399683263,1359.4977778952477,6410.335079220727
2025-01-03 23:00:00,1353.5660645552261,1356.1044405074522,1348.7227379079554,1357.2897753103132,661.6608508045072
2025-01-03 23:15:00,1354.7720008301171,1357.3061289370187,1349.4037457394222,1350.7622249121614,9350.729594120357
2025-01-03 23:30:00,1378.6794311566673,1382.9314308325722,1370.6737794433625,1379.4193562815633,165.5544253702539
2025-01-03 23:45:00,1352.4620459063058,1353.5975907273667,1345.3554787425348,1350.098443590915,3676.0231685267227
2025-01-04 00:00:00,1320.3621432336174,1330.7220507872753,1319.2229714424795,1327.7374057882369,6103.776394907943
2025-01-04 00:15:00,1353.2067217055783,1363.785493173252,1351.0179433478918,1357.5393759257663,5376.377646842865
2025-01-04 00:30:00,1361.2278008484466,1368.4692268586937,1360.693925621171,1365.4532783152506,4982.202928218874
2025-01-04 00:45:00,1366.5893141193685,1368.999629352622,1359.3023324716785,1363.6440274209344,1747.5081897291006
2025-01-04 01:00:00,1379.7101806922726,1378.7587715628877,1372.2436906013077,1377.5223659000344,3153.868669448817
2025-01-04 01:15:00,1341.533380240501,1340.559527504429,1335.1463771750787,1333.5299853513336,8778.420880680038
2025-01-04 01:30:00,1335.9244337544637,1338.1980081177783,1331.0443134380346,1333.2367042713552,9544.234287395058
2025-01-04 01:45:00,1347.4206247385275,1347.6177640246688,1337.180603004514,1346.241430009743,4774.607601994187
2025-01-04 02:00:00,1363.1034940921184,1370.4915648887877,1360.3423614710805,1366.0805302206054,8047.043876757544
2025-01-04 02:15:00,1365.87387056365,1373.598487848791,1362.6667508386495,1371.1532499321606,4893.540138392046
2025-01-04 02:30:00,1346.046903600178,1352.8769807412682,1339.4374409510547,1347.971973292892,9213.768340772705
2025-01-04 02:45:00,1324.1240297189172,1331.7499852153237,1318.8842214988874,1325.4136751775343,9802.832284502376
2025-01-04 03:00:00,1319.8806644529707,1318.201159773739,1307.5307914589118,1316.1748445109642,6839.214029082318
2025-01-04 03:15:00,1316.6220900406497,1320.5116663069564,1308.782505817837,1312.7529623175753,3265.4539611658347
2025-01-04 03:30:00,1307.4348650030104,1320.17335832757,1305.3702588937067,1309.5920892379138,7271.446338983218
2025-01-04 03:45:00,1318.224540188305,1321.2975906640947,1313.459061039178,1316.4293065218483,139.61680832819013
2025-01-04 04:00:00,1308.5812872315648,1312.955704897148,1302.393805633414,1310.1287158499097,5191.822301088219
2025-01-04 04:15:00,1289.050274925627,1295.4704983370832,1282.2711311176229,1290.724474200162,1770.1713045990473
2025-01-04 04:30:00,1300.0569361915254,1299.8447321910512,1290.1332662877335,1290.3982179618263,589.2549311419153
2025-01-04 04:45:00,1312.9846784939875,1320.2068498446638,1307.1474282959591,1311.9105859187616,6699.915555814384
2025-01-04 05:00:00,1316.683073921504,1317.8720579918331,1304.7151250427044,1311.31802823025,592.8626972546493
2025-01-04 05:15:00,1303.7020710148906,1309.8769859306854,1302.2590966391424,1308.8939833047905,1365.4530518272138
2025-01-04 05:30:00,1282.808240692646,1293.7289525187527,1280.6398350503944,1291.7242039982598,6292.624278987056
2025-01-04 05:45:00,1275.825243635294,1283.4884558068882,1274.8449198415142,1281.589373600341,7921.86529917844
2025-01-04 06:00:00,1287.6304890142137,1288.9599203594855,1279.912905779,1283.8712383373195,2830.1603037127397
2025-01-04 06:15:00,1285.205399365455,1289.3254344748395,1280.5477893519817,1280.2549945266649,1582.8150137036018
2025-01-04 06:30:00,1257.202605326176,1261.847608628992,1254.1504745400634,1263.3541748472014,4398.7507829741535
2025-01-04 06:45:00,1270.2285233508817,1277.2401228575015,1265.7326208179109,1270.3011071953522,2296.1787599761906
2025-01-04 07:00:00,1267.1076782017471,1272.9818808060922,1260.8977217562935,1264.4372047665352,1595.8794098818867
2025-01-04 07:15:00,1265.9044277439662,1273.3201152432212,1263.490962881976,1266.1651578657502,3439.209398427182
2025-01-04 07:30:00,1247.2867399172658,1256.4058243841553,1242.4177060421728,1246.7165578283714,8382.055696355274
2025-01-04 07:45:00,1226.6171980721904,1228.0877352928171,1220.6727124627664,1229.9924596873086,6704.36154771824
2025-01-04 08:00:00,1217.1361193202185,1221.6648866257992,1213.7114452577111,1213.3384895279328,6848.88964001227
2025-01-04 08:15:00,1198.1027446046828,1205.1240026224295,1197.5220721594146,1201.591471926211,9624.093314502335
2025-01-04 08:30:00,1190.2330648831473,1197.7252190439042,1186.4380751020728,1189.8096944386477,8561.179523284025
2025-01-04 08:45:00,1198.5673478939877,1203.4216600073423,1197.00150083621,1198.8456437372076,1726.9257521756301
2025-01-04 09:00:00,1201.137515714476,1203.0613388522445,1192.6626569178386,1193.842821485856,7550.4589026484155
2025-01-04 09:15:00,1182.7769270517838,1188.8030886302058,1175.3811179219315,1183.613248810719,7659.046571770522
2025-01-04 09:30:00,1163.712169731802,1172.8045928761499,1160.3682452665134,1163.4811862869356,5497.361024191536
2025-01-04 09:45:00,1166.166595074494,1169.7897576026876,1162.1730815982235,1169.5056546609233,5521.753080691954
2025-01-04 10:00:00,1170.0135681752697,1175.3130444657131,1170.7756675525825,1171.3707023875038,3665.5465745666647
2025-01-04 10:15:00,1172.848275020781,1177.2629834118816,1170.786954786465,1170.8952660192833,1856.4245140508792
2025-01-04 10:30:00,1165.8926025716023,1172.110772652389,1159.8496503245249,1162.7279581733117,5874.4386269399665
2025-01-04 10:45:00,1188.699337610889,1192.477506832822,1183.058768462155,1189.0525231047227,7036.283409241104
2025-01-04 11:00:00,1214.63621570125,1215.3369811501502,1205.5816298530292,1206.5034713274795,3315.7463195557702
2025-01-04 11:15:00,1205.5876637391275,1213.5633426899005,1202.9435916651094,1206.318256748172,4740.8171608075345
2025-01-04 11:30:00,1215.855356139047,1214.8658581410762,1207.6179515420297,1208.7743460070947,647.9771654128726
2025-01-04 11:45:00,1204.4231281974508,1212.8732773680454,1199.5552190549884,1202.6751115575569,6828.202762141406
2025-01-04 12:00:00,1202.5237965589597,1204.4441788541546,1196.3929293138192,1205.5268462109245,6935.858018774053
2025-01-04 12:15:00,1224.2675692340244,1228.0158635309858,1217.991651141593,1225.2466804336211,9218.57537360716
2025-01-04 12:30:00,1233.9747508293124,1234.7000582469411,1225.602930894662,1226.483070624973,288.18464211934634
2025-01-04 12:45:00,1243.7689382352703,1250.3145130060411,1242.907366946495,1246.2292807165743,2694.8328019042883
2025-01-04 13:00:00,1245.052218562866,1248.532539169822,1240.4479518246494,1249.4253068864018,455.6590520054764
2025-01-04 13:15:00,1239.622355541335,1248.201155704195,1237.20791177207,1243.7772892102528,9952.423309791475
2025-01-04 13:30:00,1251.8572017698036,1261.1087342688572,1254.3807027709672,1255.8137980642507,1673.977259879801
2025-01-04 13:45:00,1242.0616774272512,1244.1287473137938,1234.090392866153,1240.2186327474508,386.3951396931625
2025-01-04 14:00:00,1255.7659882293656,1253.7831178123506,1247.2789163167745,1247.6617930666198,446.2348389579019
2025-01-04 14:15:00,1244.210273645303,1254.204933054051,1241.113566505178,1252.2941030784639,8894.175143358132
2025-01-04 14:30:00,1241.3740137942355,1253.6281988749329,1241.893880020472,1250.3372506870323,6344.151333477328
2025-01-04 14:45:00,1251.1066432204516,1251.0248694573656,1239.8875415202826,1248.3502259423185,3965.1279645223185
2025-01-04 15:00:00,1235.4039056218935,1239.0193487315526,1230.3579757756404,1230.5831335135629,3620.200384384767
2025-01-04 15:15:00,1239.5002269709041,1240.8314351719378,1229.5805264437506,1239.2420349775782,1981.9211631107016
2025-01-04 15:30:00,1223.56531015306,1226.778895767032,1216.6059101035612,1219.4118087991449,3865.8399899528736
2025-01-04 15:45:00,1218.974091850207,1227.304368538528,1213.2827810452225,1218.9158343233148,427.6273265790074
2025-01-04 16:00:00,1189.771150363896,1197.9974746917942,1185.5843770353615,1192.3546712661475,6587.9836910449485
2025-01-04 16:15:00,1213.2534459291965,1215.6942507147107,1206.1850655423596,1215.3401123957563,3284.737793261431
2025-01-04 16:30:00,1209.6076146741163,1216.1723129984034,1201.7958586181512,1208.9205647675906,2976.3027575982
2025-01-04 16:45:00,1234.0253407241514,1236.8581839894478,1227.840072374684,1230.4107897927772,7624.264472316847
2025-01-04 17:00:00,1212.8406295354152,1218.804805173659,1208.24551571533,1212.0418201561176,3817.416767838192
2025-01-04 17:15:00,1192.2383026221264,1195.8108977979653,1191.0605989615685,1189.5344676548768,8642.749402059384
2025-01-04 17:30:00,1193.213341810007,1196.1640032315818,1187.3230109656372,1192.2222237742287,759.5567076228707
2025-01-04 17:45:00,1156.784495150324,1165.5701752269504,1154.269886619003,1158.913619553087,7128.417056172298
2025-01-04 18:00:00,1163.1593742272187,1173.3193202997898,1163.694312477763,1165.1277206338523,1652.6726208761602
2025-01-04 18:15:00,1184.2376246794684,1187.3869902760516,1178.3378319763658,1182.626461851417,8565.963465320541
2025-01-04 18:30:00,1188.939711276225,1188.2835758482656,1181.8801259610086,1187.8888051643823,3272.928777812245
2025-01-04 18:45:00,1184.9481310615708,1188.656239912985,1177.4593723405474,1179.6799177132227,735.6077108515989
2025-01-04 19:00:00,1179.8122554923025,1184.9038447772057,1173.9012158566313,1175.085194623997,1905.6938827162862
2025-01-04 19:15:00,1173.9404026306927,1185.043212896424,1174.4715562940169,1178.4577445048385,9614.9031801304
2025-01-04 19:30:00,1159.711960778666,1161.441901678007,1150.5197483366928,1157.3001148325652,973.5587328618026
2025-01-04 19:45:00,1149.050538389781,1153.519544938409,1146.670756849399,1147.4810937355055,9689.07803761979
2025-01-04 20:00:00,1146.6783304372789,1155.495061366522,1144.4988581980117,1153.1929135644368,1565.1641908053975
2025-01-04 20:15:00,1134.0228561743777,1144.8807829751527,1130.973770425856,1138.4957922169365,1354.8198338784148
2025-01-04 20:30:00,1121.3645337848398,1122.1430590709897,1114.2023818660355,1113.9404635058281,3303.7064488807164
2025-01-04 20:45:00,1110.3779955700213,1113.6037866420447,1104.948629444163,1104.074612083096,6019.502277294902
2025-01-04 21:00:00,1121.2705974800601,1121.6339962396062,1116.6165625320914,1121.8560884735155,7022.630760329743
2025-01-04 21:15:00,1131.0946558493486,1137.679864197167,1127.4161610253361,1128.996822962195,8256.311062952991
2025-01-04 21:30:00,1127.6203253318681,1132.4336742021585,1122.6913093263236,1122.5631532807108,5851.425906561882
2025-01-04 21:45:00,1139.8885916004356,1140.1637435981518,1127.3622524581053,1134.1221353736976,6005.64962567543
2025-01-04 22:00:00,1164.7373630290626,1168.4481786882964,1156.4832531222087,1167.758747402844,1153.8973326249
2025-01-04 22:15:00,1165.0552100663485,1167.9147576306461,1157.8319740641673,1160.4971688996511,4595.088207214317
2025-01-04 22:30:00,1160.9452440217565,1171.0895760433432,1156.2901621016754,1163.1648494271074,8334.508801602096
2025-01-04 22:45:00,1162.5520055413585,1164.7311072307727,1157.012144785739,1164.4079439226075,104.34705905881124
2025-01-04 23:00:00,1177.083965366765,1184.081730411995,1171.5222352793637,1173.125712307191,1872.2269551594975
2025-01-04 23:15:00,1179.4686347465108,1179.8121417101956,1172.2738633196814,1182.3167534684455,5339.562025771182
2025-01-04 23:30:00,1129.5950152317648,1134.0912093666857,1127.5961677939117,1132.3115001447943,2686.441812200444
2025-01-04 23:45:00,1129.8225656828288,1129.7613788779572,1120.344247778137,1129.4160968931965,2237.870845207463
2025-01-05 00:00:00,1135.5645100648178,1144.1811917210332,1130.0697412310267,1135.3332759021762,3289.4522197918013
2025-01-05 00:15:00,1144.4026234177927,1150.5116397896368,1140.066024059428,1148.8462208697192,6299.999302058261
2025-01-05 00:30:00,1139.015143188651,1144.6900320847942,1133.2892578436142,1140.2742406236573,2212.833772833754
2025-01-05 00:45:00,1126.6788378143171,1134.344936894442,1124.542786014987,1124.7472883853188,4516.117497220519
2025-01-05 01:00:00,1153.7598077819694,1151.9014324203652,1144.0844241316756,1146.7893511680534,9425.665572096657
2025-01-05 01:15:00,1179.886587897815,1181.0029425231678,1168.0745013129333,1173.1580928352425,5582.605844480945
2025-01-05 01:30:00,1177.846408604721,1181.0113875871066,1171.27843903958,1182.3203974500307,9810.211685356951
2025-01-05 01:45:00,1181.2260498631688,1186.1570274804612,1177.3938624909142,1188.013324989825,7673.606097355166
2025-01-05 02:00:00,1145.1443303327558,1147.9335839832656,1137.2644372507793,1137.1367577212936,3607.9038608784617
2025-01-05 02:15:00,1115.7295710304602,1115.2084879371637,1105.627659717509,1116.287226279241,3098.285894658483
2025-01-05 02:30:00,1089.2907894334044,1097.1630987068938,1086.3760471714393,1089.4426099890168,2482.3520955672343
2025-01-05 02:45:00,1083.2665128628719,1091.013684324915,1084.0915996231479,1083.546767538089,1713.755352390143
2025-01-05 03:00:00,1075.2593154768226,1081.2630875453583,1071.2826112884459,1077.609556502655,2146.427931187337
2025-01-05 03:15:00,1059.9992182553055,1064.8259039828547,1051.9734303825912,1056.6286317177064,5628.8915122021845
2025-01-05 03:30:00,1054.4843969824806,1059.8931823659107,1049.254771584561,1049.1335264445754,7109.809041944283
2025-01-05 03:45:00,1044.7572212687219,1055.4482980849032,1044.2662566121667,1047.5342285205818,6879.994535965623
2025-01-05 04:00:00,1022.0262006874351,1030.032856881332,1019.7839654483786,1023.9455406206667,6120.767040566338
2025-01-05 04:15:00,1075.7622961586544,1077.730424897994,1066.856788496702,1078.807955604224,7838.875338639759
2025-01-05 04:30:00,1071.5819804169055,1076.8071518910622,1068.8249868232047,1073.8149325326747,4087.826490957231
2025-01-05 04:45:00,1096.5673677685943,1097.368598969794,1084.6228946847732,1088.7710476923264,384.6615575276403
2025-01-05 05:00:00,1092.3095586598836,1093.8081282151609,1087.0700375040644,1089.2579840587337,7671.014576909894
2025-01-05 05:15:00,1068.4036443024902,1078.804256558933,1068.5165048157241,1068.6625948886349,9082.216928940285
2025-01-05 05:30:00,1065.1443290820105,1066.2963107733215,1060.2072052619053,1064.2360320381515,6344.341510783011
2025-01-05 05:45:00,1035.3291484455037,1043.1246858868262,1032.233922119339,1037.761903446713,3425.4127917518026
2025-01-05 06:00:00,1048.0343540824772,1058.807084141342,1045.3461321972034,1052.8281895049804,7960.8485018319225
2025-01-05 06:15:00,1065.3462295443042,1073.783349245509,1063.2490561712225,1072.1328333289546,4643.410279969837
2025-01-05 06:30:00,1094.7243935706306,1095.6914860005465,1089.5954107256182,1092.8185662468907,6265.907290715829
2025-01-05 06:45:00,1097.8745183010938,1099.453791320665,1088.433844010451,1099.751709589531,7689.602505218719
2025-01-05 07:00:00,1096.0625237262564,1096.7791416295897,1088.6996599312724,1098.8478475697543,9230.349600447504
2025-01-05 07:15:00,1107.5913347264623,1111.0327555317776,1099.189851248464,1101.6318747408486,1296.4685715379171
2025-01-05 07:30:00,1100.0342436638853,1107.8788460737478,1097.3236550873173,1101.4645112419548,8676.876039525487
2025-01-05 07:45:00,1118.4512087134437,1116.6648452112781,1106.2486819404323,1112.2405586372586,7751.0885329978
2025-01-05 08:00:00,1121.9874644804418,1131.1756168856664,1123.4414448097173,1121.9056436233252,1313.0291749501037
2025-01-05 08:15:00,1099.2677017899757,1105.4185010294277,1095.4379999939927,1106.4472660186134,5677.337638500105
2025-01-05 08:30:00,1080.816652887024,1087.9207690739704,1077.8139345914558,1079.981490028517,5454.507109160433
2025-01-05 08:45:00,1101.7241632575438,1101.8817813583833,1090.8220120816532,1100.0159895270513,8890.81036669061
2025-01-05 09:00:00,1110.3044462579699,1118.1116215556399,1110.1997870810692,1110.646038584887,1809.549669720566
2025-01-05 09:15:00,1124.7687409553823,1136.1073824751302,1121.567018965364,1133.4362331821173,3310.4594456182103
2025-01-05 09:30:00,1138.738751780162,1143.406990050563,1133.5659721104241,1142.999938982583,820.790283685039
2025-01-05 09:45:00,1145.3146043981671,1149.2724609683257,1136.8246761762352,1140.802981617722,9801.34599279822
2025-01-05 10:00:00,1150.3158366363336,1152.8878983888362,1148.3278338189582,1149.4032573208244,8471.542989233185
2025-01-05 10:15:00,1134.8330208163366,1143.6313918848236,1133.7036882320426,1134.2190777267092,2769.0124452667537
2025-01-05 10:30:00,1135.8718577510967,1138.8131045789069,1129.205200469325,1131.6823645467393,6170.840976859524
2025-01-05 10:45:00,1144.9282211744737,1152.612965822854,1145.8452986047453,1151.6748292047691,7954.539855018756
2025-01-05 11:00:00,1149.2758679250996,1150.6423009698065,1143.9212225608517,1149.7265605077162,5854.828980373731
2025-01-05 11:15:00,1153.6260444458273,1157.3017113323358,1147.5414610833204,1150.2426187205676,1394.8105591636581
2025-01-05 11:30:00,1166.6997182823402,1168.9028130938916,1162.1434825875483,1161.8069100604537,3401.097225375832
2025-01-05 11:45:00,1178.1009539699464,1183.1629979755537,1175.9812811490995,1182.5705340440438,5923.824443886036
2025-01-05 12:00:00,1162.315725265383,1169.6549561707427,1156.7852911286082,1161.7230973870353,1950.2665789128064
2025-01-05 12:15:00,1181.422378167835,1188.0221315427173,1177.7916854536718,1183.0078741093625,7205.50850225939
2025-01-05 12:30:00,1181.486579359771,1189.2352107254494,1178.828176321228,1183.2125069595543,5650.787913931451
2025-01-05 12:45:00,1193.752761729203,1196.1273438974754,1185.7014415944027,1194.2196964810182,1617.4922477963698
2025-01-05 13:00:00,1182.4486802441388,1191.9071402383388,1181.6660445216824,1187.810733924454,7474.146360876023
2025-01-05 13:15:00,1207.417800735502,1216.197100327505,1203.933437388625,1207.807585739007,6899.964960828982
2025-01-05 13:30:00,1206.9388581962978,1215.2593238436666,1202.5647604403596,1205.193446681557,7028.514788354831
2025-01-05 13:45:00,1230.3766719550931,1234.7726928066595,1225.8585639749833,1224.88942872577,8963.940321417622
2025-01-05 14:00:00,1252.783882859165,1252.5145512437432,1246.120276777878,1250.7076079893795,343.6896008516255
2025-01-05 14:15:00,1255.8006025864247,1262.6040956412028,1253.3752603281396,1258.8661469479093,8457.541941734196
2025-01-05 14:30:00,1261.07332915602,1272.2050712700348,1260.0672209498082,1268.563010842941,3974.9447169754103
2025-01-05 14:45:00,1249.8086270981948,1256.2587843693054,1249.5252690410543,1255.1361663012085,5024.420661049012
2025-01-05 15:00:00,1264.6096705826876,1270.0851270225257,1259.459071824483,1265.0976503860159,6039.965018892765
2025-01-05 15:15:00,1271.3667307569813,1269.6935385271122,1258.9118419397337,1266.8289048518839,7333.357388648931
2025-01-05 15:30:00,1257.3825190736761,1261.5316736891439,1246.7960158460937,1252.034142548729,8949.991484311164
2025-01-05 15:45:00,1233.7243358829114,1232.255163355986,1222.5474084183288,1228.3041492267957,6368.421776372359
2025-01-05 16:00:00,1213.7541597361812,1226.155760485325,1212.998198393616,1217.0015814517365,9003.304896960492
2025-01-05 16:15:00,1210.0598828802538,1218.9133025001786,1207.2879669703766,1209.979912349482,5714.308679660572
2025-01-05 16:30:00,1201.785996515513,1202.0824012303922,1190.3969404422874,1198.8402138699541,6805.493460794064
2025-01-05 16:45:00,1216.059502767252,1222.9451892621887,1215.7426468912142,1221.7809397160993,9229.222103819178
2025-01-05 17:00:00,1222.6956079830636,1231.2706293036135,1218.7102671522625,1227.252304742281,4095.9276593096934
2025-01-05 17:15:00,1224.709459191553,1234.6546922320133,1220.3671052481996,1229.3746909504966,9206.556004345935
2025-01-05 17:30:00,1235.1015698025067,1236.2649234684163,1226.226322133135,1229.2131046979616,2005.408319393542
2025-01-05 17:45:00,1236.3469433690698,1239.8674835693205,1228.402421429873,1239.9561016099187,1823.3481372991644
2025-01-05 18:00:00,1225.1491116781885,1234.1677704057547,1222.2653170756848,1227.9205296930859,9315.692027678726
2025-01-05 18:15:00,1224.7967570838312,1234.43664641946,1224.5104759659157,1231.5378161357978,2385.0733144640135
2025-01-05 18:30:00,1232.646972554493,1239.412603302421,1225.5998227943842,1233.9090577149493,9058.359581840388
2025-01-05 18:45:00,1242.3261019250906,1245.0445494307364,1232.9735610947253,1238.487543727822,8236.03853398266
2025-01-05 19:00:00,1218.551239652827,1220.6831560041671,1211.2373671717162,1217.413511410086,2228.6797455471146
2025-01-05 19:15:00,1204.7614131433795,1205.657746237865,1196.2159369822018,1204.4333060391687,6981.719102826051
2025-01-05 19:30:00,1194.4465864188146,1201.0149265105624,1195.101880058178,1195.8795699293564,510.50720964586606
2025-01-05 19:45:00,1182.6863645161739,1186.57734926213,1176.7385178710165,1183.5455665841512,586.4614891457061
2025-01-05 20:00:00,1182.0101348867713,1187.7073937922942,1173.9345918346644,1178.8228063682377,2339.385657343443
2025-01-05 20:15:00,1182.0250575608752,1187.2926928727532,1174.8166197079854,1181.1127855239472,1786.938415996336
2025-01-05 20:30:00,1190.2152688767055,1195.5200827203794,1187.2859671847993,1186.09421799837,8746.737618057652
2025-01-05 20:45:00,1173.1345423432654,1180.1866452117297,1170.697496698545,1182.2522130567772,4570.357316552911
2025-01-05 21:00:00,1163.9724084218126,1170.449657655807,1159.7947195705897,1160.8383551872337,4987.850403742065
2025-01-05 21:15:00,1153.797652511569,1157.2768270112967,1152.8228699185072,1153.3658293105773,4219.735778981836
2025-01-05 21:30:00,1138.149481317637,1144.0010619371612,1136.0236680024852,1134.9075438995417,6912.367057094655
2025-01-05 21:45:00,1131.5176152737654,1137.2668345594054,1125.1672805093426,1128.409944936884,2687.4513922364536
2025-01-05 22:00:00,1137.7779418536109,1141.9965302269727,1132.2290062079533,1134.8640526193199,3567.8657725951384
2025-01-05 22:15:00,1123.8826690971046,1126.7229808595473,1119.7714939513753,1125.2068209820484,1768.63643777754
2025-01-05 22:30:00,1131.0499394291965,1141.9219434436764,1132.9922997785943,1131.8692657929198,7134.82930044551
2025-01-05 22:45:00,1141.7225751534913,1142.8541329099949,1137.9077961701178,1142.8922744694255,3726.3301658922755
2025-01-05 23:00:00,1157.834336809851,1157.0820740422116,1150.2202027409858,1153.5792604564758,1598.2222478605047
2025-01-05 23:15:00,1155.1521521280072,1156.0199714425326,1147.185322557661,1152.3826736403523,2944.8101620466855
2025-01-05 23:30:00,1156.3439362909608,1159.886223707998,1150.6050512753386,1151.4109576520827,6611.481291201134
2025-01-05 23:45:00,1168.057358401696,1171.3312358680907,1164.374063181761,1167.4480853357647,4406.151246336885
2025-01-06 00:00:00,1187.652555498772,1192.090272265867,1176.8682578133637,1180.6010784482485,7600.318065098413
2025-01-06 00:15:00,1157.744245749686,1162.5712722996143,1149.2560495439711,1154.775072096966,7549.8438694945835
2025-01-06 00:30:00,1148.999811822802,1153.523633005986,1145.284296849018,1148.1984197321115,2770.589171645841
2025-01-06 00:45:00,1132.616462930568,1134.742127718238,1129.9557455924314,1136.8035057732227,9020.565739924145
2025-01-06 01:00:00,1126.2265090637432,1131.5800780502086,1118.8841203862298,1125.1248541015702,8343.76615292919
2025-01-06 01:15:00,1127.2882561490208,1133.158044781113,1119.475658966787,1123.1876114891124,2403.4787101904662
2025-01-06 01:30:00,1102.1489545981567,1109.4327373037945,1100.7347667215236,1104.026313888551,325.87569793712635
2025-01-06 01:45:00,1086.4009978901372,1094.217661841611,1082.3201818159853,1083.28245525283,7770.469032056276
2025-01-06 02:00:00,1060.827867700583,1070.1807952549598,1061.860793922046,1061.0671638875806,2696.995885919104
2025-01-06 02:15:00,1054.1941422450873,1057.8578240914517,1048.669984949951,1059.3390607562296,9579.999083350118
2025-01-06 02:30:00,1064.2418316128396,1065.4941125720366,1057.9066726104097,1063.4551092906006,2611.4935335238592
2025-01-06 02:45:00,1043.5952786888238,1049.7404394882412,1034.3388760016992,1041.5952404514087,3187.1657145327345
2025-01-06 03:00:00,1027.8525729292799,1032.3956653571663,1021.0560401172667,1021.3279946846781,2036.587625498946
2025-01-06 03:15:00,1022.3391789191916,1031.5756923028205,1020.7541485532564,1029.277361431616,6573.897586828053
2025-01-06 03:30:00,1004.637065097609,1009.7332645380781,1001.641297049827,1001.6254413353497,4749.983919509987
2025-01-06 03:45:00,991.783689010215,995.4214541019958,987.3770069404942,993.3606699466568,9642.691979449755
2025-01-06 04:00:00,995.4944370849518,1004.7788790690544,990.6375586908893,1001.0607208438324,945.7679026293857
2025-01-06 04:15:00,1008.5063008083583,1014.2083076650888,1002.7056307016448,1005.4998812731507,3901.410875716158
2025-01-06 04:30:00,1037.1720497378951,1038.8230417817872,1032.4403306084153,1031.643169854418,4778.273676798224
2025-01-06 04:45:00,1036.236009400274,1044.657589210048,1035.8221679757814,1041.5011523883547,7565.44110764518
2025-01-06 05:00:00,1030.5043230788165,1034.8658249099171,1028.0094804652063,1030.8881414154612,5294.7206509867465
2025-01-06 05:15:00,1066.9045986533379,1073.15006680646,1066.9756954104046,1072.71883298631,3235.648372426586
2025-01-06 05:30:00,1071.7518754272269,1075.9338096142603,1069.4477914780146,1070.1388925282877,8041.000786222861
2025-01-06 05:45:00,1091.2516870012387,1098.0603922864616,1088.2348670145532,1091.8254618804049,999.768606604835
2025-01-06 06:00:00,1094.8061557417186,1098.58472752063,1088.7424247041865,1089.1378230252906,6848.57788352424
2025-01-06 06:15:00,1114.9866404662423,1119.8245905604167,1109.69401776011,1109.2898734242467,3255.45015054156
2025-01-06 06:30:00,1116.561004512637,1123.3318658278806,1109.1869740201514,1114.7951207806982,9944.031614915148
2025-01-06 06:45:00,1134.3937057318794,1139.460588520474,1134.427161448437,1141.0946556577403,3072.0300857204156
2025-01-06 07:00:00,1154.6829299179572,1158.0528337895687,1150.4481542128526,1155.0738822173166,2023.0186551180304
2025-01-06 07:15:00,1142.5302502381007,1143.680877829794,1135.872356510008,1144.6017865651927,9944.926609281938
2025-01-06 07:30:00,1141.9391739897524,1145.800632036105,1132.6314798608246,1135.3581894632366,1494.8739241598603
2025-01-06 07:45:00,1130.3188747409129,1139.07994741688,1125.6002307461288,1136.3482160340307,6723.528871776643
2025-01-06 08:00:00,1154.462118277304,1155.0031628009663,1144.7899771984835,1149.0915318873938,6916.323011697931
2025-01-06 08:15:00,1124.8782917663746,1131.0313973387003,1119.1687055637444,1124.0220884694481,7940.824018062436
2025-01-06 08:30:00,1131.1888326467918,1140.5655670710885,1129.8318695033306,1130.4478192587237,1177.2219698828208
2025-01-06 08:45:00,1111.9114291751528,1119.9445962382604,1108.5182484566549,1114.6335587948915,3888.627745129967
2025-01-06 09:00:00,1130.0341337319783,1131.551477398467,1120.3833760962107,1124.8958568623784,6433.692819632493
2025-01-06 09:15:00,1136.5290828489042,1140.9279447127917,1128.7831811894666,1132.825574176168,7175.808428070133
2025-01-06 09:30:00,1119.5740325120871,1121.3230537731015,1111.1637272936046,1122.141402321713,5649.997036547403
2025-01-06 09:45:00,1130.9546716980406,1140.6182011665778,1133.4931479564143,1139.8956870245681,6205.642113417156
2025-01-06 10:00:00,1168.0905283643133,1171.4110935449944,1158.9508554187903,1162.5551403915208,8327.454653700926
2025-01-06 10:15:00,1158.2618597230035,1165.0006570082182,1153.6853384790547,1164.7041477515738,7359.96682298249
2025-01-06 10:30:00,1173.744507331951,1177.5532718746867,1165.0297188353957,1171.0202947709902,794.364411036372
2025-01-06 10:45:00,1171.4718047383972,1175.3649738935314,1163.655673897431,1166.6457202217166,9953.042114005075
2025-01-06 11:00:00,1219.6728336306323,1223.9382260600637,1208.7998285739006,1212.297503133228,8471.066488824059
2025-01-06 11:15:00,1212.0591159861185,1221.969252592747,1212.8230078175204,1217.4585104167434,4440.796465052451
2025-01-06 11:30:00,1213.8647834746025,1214.6583318488695,1204.4944009935166,1207.5021436902516,2672.3770981293105
2025-01-06 11:45:00,1201.8325112451914,1203.9575051196332,1197.4204783465307,1203.1962851555463,6015.58171050579
2025-01-06 12:00:00,1182.5963283475674,1189.611762087744,1182.177566796925,1189.7841169170042,9437.288066232819
2025-01-06 12:15:00,1201.8330442002289,1204.4315497812365,1197.733683041548,1205.8261005137003,620.192206752983
2025-01-06 12:30:00,1210.8532186990087,1215.1528148650355,1205.1698810245325,1209.608667918316,1998.9491657907058
2025-01-06 12:45:00,1208.5526069829177,1217.5414216245401,1203.9536803024116,1212.0011494620944,229.38121816813634
2025-01-06 13:00:00,1214.4413226208826,1214.6634477366777,1207.5215770553496,1211.1115691060734,3346.5646113254415
2025-01-06 13:15:00,1208.870327658746,1212.8772198895833,1203.6791896861935,1210.8994551164983,4754.583841219341
2025-01-06 13:30:00,1203.80741395362,1213.4215161788795,1199.7670124048693,1206.2253294192817,1645.402393927459
2025-01-06 13:45:00,1210.0299267973398,1217.5309800987982,1206.3634454271892,1210.8847852390568,4080.3981200021144
2025-01-06 14:00:00,1221.3650523210413,1220.5159907382222,1215.0552337862232,1221.8720814155058,2968.2850221026574
2025-01-06 14:15:00,1244.1312686523493,1248.8910564767789,1240.5052157378475,1248.0407763120415,8411.08084307987
2025-01-06 14:30:00,1254.833902979753,1261.8147903916438,1249.837551280354,1259.184358994607,9269.342728307345
2025-01-06 14:45:00,1253.1238032527065,1258.9103165961665,1251.5465346151284,1259.1392249552196,6618.864779971508
2025-01-06 15:00:00,1242.504648926496,1248.12727863785,1238.9668220903113,1245.755946303937,5980.940050991753
2025-01-06 15:15:00,1260.2298997159949,1260.3758666747158,1254.4065413325145,1257.4421112710788,8840.964732605264
2025-01-06 15:30:00,1253.8905764946262,1258.5011366377973,1244.5305542970477,1256.274791225537,2452.505209974543
2025-01-06 15:45:00,1252.2386675886767,1260.9919762039797,1249.802857536192,1255.4377384327909,8513.336746024235
2025-01-06 16:00:00,1243.9828635217575,1247.4404428049056,1235.6654288266973,1243.1918172118046,7127.306786824389
2025-01-06 16:15:00,1242.449580979881,1249.4315877727668,1239.395863637799,1237.6642004895332,7389.348539881397
2025-01-06 16:30:00,1250.562373095655,1255.8823921352337,1250.4889048535579,1252.0245909111882,7498.895027234409
2025-01-06 16:45:00,1272.4072695051414,1274.7233807458758,1262.4951126208878,1270.8738282849683,836.4676918926067
2025-01-06 17:00:00,1269.7426976056358,1274.7783388274097,1267.6631616263016,1272.3665554496615,1860.772252985643
2025-01-06 17:15:00,1275.2880632286967,1279.0038746017437,1268.0837982944674,1269.3952812403086,2131.0293522167303
2025-01-06 17:30:00,1278.8001507049541,1282.5820333144197,1268.9192402727545,1277.9978880314081,9029.409191602876
2025-01-06 17:45:00,1304.3682680851623,1309.6493181464339,1301.5305539845979,1303.1585937525213,4857.9971512390175
2025-01-06 18:00:00,1263.4144905278185,1274.2000459058454,1263.201534680261,1272.4703132786851,6789.1374556017045
2025-01-06 18:15:00,1255.331470032278,1258.30617458744,1251.8913654867156,1252.4744805057792,3944.419322422756
2025-01-06 18:30:00,1285.0777437679094,1285.2360457505422,1273.365022860939,1279.3337998020304,6899.738846319947
2025-01-06 18:45:00,1297.7405326844007,1302.7115722855938,1291.079342886348,1299.5417318778418,574.4291994902278
2025-01-06 19:00:00,1293.0146712982284,1292.380597811365,1286.2799816191912,1291.014435340497,3923.4957122942765
2025-01-06 19:15:00,1251.3268389535092,1258.6838603744889,1245.2403568542727,1249.774752333888,9151.295975577601
2025-01-06 19:30:00,1227.337649479892,1236.666630906638,1224.6117262257667,1232.1885244872092,624.7374449909312
2025-01-06 19:45:00,1225.6653898915858,1233.8655764075309,1227.2055171549957,1228.269887414675,8223.724692863423
2025-01-06 20:00:00,1223.3128096032344,1229.6316367790366,1218.5285757430433,1225.0423286364128,4778.113180102604
2025-01-06 20:15:00,1218.9437904618617,1222.994631512786,1215.0959744818665,1218.786054468139,3067.958131486826
2025-01-06 20:30:00,1234.9688160972937,1237.3359643749295,1228.0204280727799,1238.291769396518,567.3609916228579
2025-01-06 20:45:00,1229.1890171808438,1234.4846069380364,1227.9738477004448,1230.9776150653672,5437.6609443280495
2025-01-06 21:00:00,1198.7733936279253,1207.5472728261775,1197.2449169769286,1198.2720579067218,1178.3481524174454
2025-01-06 21:15:00,1235.4592740511168,1238.8788015518858,1231.3792602552166,1234.3811362019371,7207.880731059607
2025-01-06 21:30:00,1234.391300424926,1237.1815476442794,1225.441615964752,1228.7109503453116,3646.605115069425
2025-01-06 21:45:00,1224.9589880138074,1233.3201303529172,1223.4379386301953,1225.824695298401,5404.574542180538
2025-01-06 22:00:00,1225.7350249046308,1231.1140999478962,1224.2974959532835,1224.6858230162134,8092.7832704933835
2025-01-06 22:15:00,1227.909384012941,1231.8183831643273,1219.0788307204753,1226.9257459026446,3712.9154916801604
2025-01-06 22:30:00,1232.0591343658602,1238.5390157357726,1230.0577310083684,1228.6472469611508,6285.136010936021
2025-01-06 22:45:00,1249.5933985082916,1252.1712972770808,1246.551219009606,1251.6305680589971,4522.949075369725
2025-01-06 23:00:00,1259.2278804459997,1260.8388027259089,1251.2722167157517,1258.8174789016769,6092.363076378443
2025-01-06 23:15:00,1267.3117982478586,1272.6087908657357,1263.1049158843052,1264.928187435253,8553.492734394187
2025-01-06 23:30:00,1272.2650870085936,1276.385165989473,1264.7608376933792,1265.1965461841064,165.157352468357
2025-01-06 23:45:00,1267.6034245515552,1272.4176368109709,1259.0317486498866,1261.8075232516949,1550.1528985618693
2025-01-07 00:00:00,1262.2989239772282,1263.3012293566082,1255.6573122105815,1257.9292800832898,8101.037963313559
2025-01-07 00:15:00,1258.7076083822544,1270.3583475931882,1259.1097240831343,1268.3078227319386,1362.9186448219507
2025-01-07 00:30:00,1271.1530252178225,1270.4856482867265,1261.8785853874724,1264.5084856922326,8941.234902041875
2025-01-07 00:45:00,1250.3573330147653,1257.791489177948,1246.3835039759,1250.0129187041546,199.33350167382594
2025-01-07 01:00:00,1244.7716600325411,1248.3389921219296,1237.0123358593132,1240.4730038262815,4950.016236176408
2025-01-07 01:15:00,1254.4082694167241,1257.2212794052584,1250.948614821317,1253.6543876058295,1760.7899129050434
2025-01-07 01:30:00,1230.1024554208473,1239.0693302945967,1226.2159094771432,1236.2419997186603,7772.627494512063
2025-01-07 01:45:00,1237.861927047743,1246.2017050112452,1237.5530370919057,1239.9605267427967,827.3597372904861
2025-01-07 02:00:00,1238.3084227767806,1246.4389998293311,1234.2772933748893,1237.878664830389,6584.868071942549
2025-01-07 02:15:00,1228.6601371526558,1237.7368477363248,1227.6404320364072,1226.126213946956,876.7760506785307
2025-01-07 02:30:00,1209.5257869130755,1216.459897094431,1209.6310440908953,1212.5907535502135,1817.3228506272949
2025-01-07 02:45:00,1225.7036838903487,1229.4536855750223,1219.238445267257,1225.234354390444,7331.681109536188
2025-01-07 03:00:00,1217.4324159363603,1224.3903989933774,1211.2813910122095,1222.0266343167348,746.394726341189
2025-01-07 03:15:00,1195.5837719298559,1203.8022139591444,1195.078483601736,1201.8486876591155,855.8917738162037
2025-01-07 03:30:00,1209.2152943911306,1210.8683954212645,1202.435501500072,1212.4371715213597,5657.850021565026
2025-01-07 03:45:00,1198.9318045792595,1200.8248471596808,1192.1753699251092,1197.019338720316,1913.198460310293
2025-01-07 04:00:00,1204.841480958515,1211.904290396075,1201.5723471437138,1205.8328675826706,7409.955242013258
2025-01-07 04:15:00,1201.5607083388197,1206.8757908939854,1201.264037584022,1201.6601232164278,1147.5581718018914
2025-01-07 04:30:00,1215.4398438012477,1214.7775400291423,1210.667933051574,1216.2039717368395,2827.606839706726
2025-01-07 04:45:00,1218.4404997686772,1222.863083688964,1211.397802410271,1210.538625371839,9977.940810151686
2025-01-07 05:00:00,1220.8763610822914,1227.3185459525268,1218.5307086741932,1225.0359303804962,4083.5477723086306
2025-01-07 05:15:00,1237.326808742207,1245.5138286026088,1234.5314441445414,1237.6857209533075,8519.388385023612
2025-01-07 05:30:00,1234.8225675024546,1242.0718189904824,1232.1014699351142,1238.4966483242204,7914.004982317598
2025-01-07 05:45:00,1242.6459309916822,1246.9476710945435,1234.0722767397517,1242.8808811660106,7541.768998150049
2025-01-07 06:00:00,1232.9753820825508,1241.2851191085924,1232.5526457657932,1238.8793812277756,2823.508874278255
2025-01-07 06:15:00,1243.5390123108357,1253.3457655983375,1244.427209998365,1243.2446302214905,8470.034409147962
2025-01-07 06:30:00,1268.457648981202,1269.8250769608749,1259.765279639951,1269.0473142348535,1287.690877057009
2025-01-07 06:45:00,1261.3957951544162,1267.266775240152,1258.1029243691862,1258.6905270901425,9841.64909282247
2025-01-07 07:00:00,1247.7198089592998,1248.4115703895927,1240.2365394749515,1241.0941799891577,7384.46223967742
2025-01-07 07:15:00,1227.8545677335603,1230.0630157310572,1216.1688597506486,1221.6491437116429,6249.651483808011
2025-01-07 07:30:00,1222.4178630898002,1225.201516145209,1211.1926536705928,1216.5095799519543,1224.9023345772478
2025-01-07 07:45:00,1232.9575896626932,1235.3469752952144,1225.6692581283924,1225.2211457706114,9555.144788786047
2025-01-07 08:00:00,1254.4024773891672,1257.899899096395,1249.1505532030903,1251.9791372962488,6622.698077083485
2025-01-07 08:15:00,1255.792942708892,1260.5940211886573,1253.2728209026795,1261.5558392035357,5041.55375593658
2025-01-07 08:30:00,1265.8830193503072,1272.2578512919417,1258.2167383760577,1269.0496950882325,1563.680142079759
2025-01-07 08:45:00,1273.9841851550773,1279.0724117102484,1268.5808228382962,1274.174431058949,3983.634008194141
2025-01-07 09:00:00,1269.9358079269948,1276.2679825194134,1266.8794652586917,1273.183379779741,7243.713016234947
2025-01-07 09:15:00,1240.0510923613967,1243.5990516167117,1233.6875267824257,1238.7274554832868,6089.792495585475
2025-01-07 09:30:00,1276.3068108139444,1278.9635790652567,1267.929238348704,1271.034017490604,9366.58045223273
2025-01-07 09:45:00,1259.304838295529,1266.5153198588375,1257.8423609540973,1257.7438686082044,6565.949143426228
2025-01-07 10:00:00,1260.1822546876874,1261.0302351838632,1251.9594322437292,1254.0087098573795,1489.7111574037403
2025-01-07 10:15:00,1244.849967933549,1248.7583373359405,1237.9165801151814,1248.0378653098273,9597.27625381077
2025-01-07 10:30:00,1239.3402208140687,1243.044431153755,1232.2021980528557,1232.887126062638,3991.8156729155257
2025-01-07 10:45:00,1235.3210820239526,1239.9350461171641,1232.037931394007,1232.1081484288243,7499.359801914015
2025-01-07 11:00:00,1227.60301151838,1234.329997611141,1224.6286984855944,1225.5494372175654,7979.246380927328
2025-01-07 11:15:00,1248.2743001989259,1254.177507754377,1244.932198332815,1245.8031510321755,8975.806940580382
2025-01-07 11:30:00,1256.4192904042518,1258.5995964921292,1248.391243032017,1253.1813333671637,768.2286549123288
2025-01-07 11:45:00,1257.7001245136676,1258.927291876405,1249.544140048141,1258.4015601673902,730.1629125515291
2025-01-07 12:00:00,1276.9402510421792,1280.3651430016157,1264.9993224170382,1276.7477679717163,1167.2393341574186
2025-01-07 12:15:00,1240.3419010827572,1248.173397030999,1236.6353011462177,1242.1283582648216,9649.811464446786
2025-01-07 12:30:00,1217.7062648198928,1222.9615383820435,1209.5485134925516,1215.1821411075732,1323.3739246517996
2025-01-07 12:45:00,1215.976231246839,1224.9178725445665,1211.0043578663874,1214.200197409605,9462.710776720236
2025-01-07 13:00:00,1199.4246772820754,1210.5548475750327,1196.2821366646017,1208.0570396117714,6486.192092704873
2025-01-07 13:15:00,1186.1236765087247,1189.3855556287833,1178.0736704411345,1178.9065465420058,1069.4645116248857
2025-01-07 13:30:00,1175.8969587579065,1176.6144852370717,1165.654390483197,1172.5418905656563,8705.2475828565
2025-01-07 13:45:00,1191.0820203301114,1189.216952093579,1178.9831391754344,1187.9838040244347,4207.815054022949
2025-01-07 14:00:00,1199.6036579664792,1203.653264621031,1190.4375820178943,1196.0710339709365,9946.881615367958
2025-01-07 14:15:00,1211.8542636969773,1214.4074105267748,1203.387576800104,1211.6648865032164,4647.077750516306
2025-01-07 14:30:00,1205.9960658180275,1205.3679294748617,1196.0555402288383,1199.1761723449176,1729.219927265373
2025-01-07 14:45:00,1201.8860142768826,1213.574847048948,1200.9618344525973,1203.1338184314377,7501.0495130589
2025-01-07 15:00:00,1233.100194906728,1240.9750729835205,1228.9533240695214,1235.3888551165903,2699.0010571390267
2025-01-07 15:15:00,1231.896715743315,1233.4851277396665,1220.836310820827,1230.8863694469628,1217.0549119045631
2025-01-07 15:30:00,1244.6609226316368,1245.8209096373193,1238.477825927936,1242.8104596803973,3288.618370426741
2025-01-07 15:45:00,1237.3553617063951,1244.6225940503755,1237.931555763075,1243.1026041824737,9097.786517651255
2025-01-07 16:00:00,1266.0329358002218,1265.6211608828264,1255.6810036724232,1258.2382527942282,7824.608550419527
2025-01-07 16:15:00,1250.0731207937315,1249.90194553149,1241.108278477764,1247.0796409239792,2963.2019465575377
2025-01-07 16:30:00,1236.7439822469494,1239.5569299315869,1232.339445981502,1235.354796935489,3626.4563764261025
2025-01-07 16:45:00,1241.7136757145306,1249.1398193897824,1238.8831123786438,1243.4907109085304,3252.516337650842
2025-01-07 17:00:00,1253.5395037382523,1253.0985398074556,1242.900588070331,1247.936664410908,864.7961974338406
2025-01-07 17:15:00,1239.9882424663313,1246.2686297734958,1232.138161219245,1243.9921324125396,7739.47978349271
2025-01-07 17:30:00,1254.0865185473967,1260.4364369211596,1250.4850607071564,1259.4416429457308,1052.6168835406806
2025-01-07 17:45:00,1229.2422052675295,1236.1935183644478,1222.7400381104856,1232.545126551941,661.1542157118266
2025-01-07 18:00:00,1221.975616941738,1224.385331261089,1217.2914088725292,1222.5959016968084,148.8922799675707
2025-01-07 18:15:00,1228.8091099307135,1234.2186469660073,1224.3126578811994,1228.7781484193263,3931.6570660953053
2025-01-07 18:30:00,1235.9678888186313,1245.8252684098368,1231.4727475440047,1243.6821147056419,3610.743804666486
2025-01-07 18:45:00,1222.7841940419314,1227.503809795674,1221.5397791022583,1230.0160665034548,2641.815309071612
2025-01-07 19:00:00,1211.0404576181352,1211.4318203317662,1201.1953231056539,1204.7764361228194,4606.097634637152
2025-01-07 19:15:00,1217.8394964143115,1222.1971882899973,1214.3230951425837,1221.7682137262434,1985.1916156908744
2025-01-07 19:30:00,1208.91232467234,1215.5631824181926,1206.9193715910624,1207.185347485235,1040.1195147297453
2025-01-07 19:45:00,1219.1430960642178,1222.5180353161604,1215.588005511863,1219.2717908903055,7298.250845380719
2025-01-07 20:00:00,1220.9063282004229,1223.1522194768465,1214.344142439168,1221.6926913615005,2904.839177006209
2025-01-07 20:15:00,1221.6513645987627,1232.1463019926978,1221.456090953581,1230.5028411944952,3320.8102396559425
2025-01-07 20:30:00,1228.6203918441622,1238.0050714362942,1229.4910553280095,1233.152883707164,8169.124570745896
2025-01-07 20:45:00,1253.7649075464992,1258.7981527945935,1249.75420030254,1260.9598815677175,4973.788584115607
2025-01-07 21:00:00,1209.3060996246097,1214.2385985334374,1209.767122698028,1216.6615513865368,972.3385357704714
2025-01-07 21:15:00,1205.6988587921735,1203.9446849029955,1198.246625699734,1197.7097449019545,4549.581082928326
2025-01-07 21:30:00,1201.2633069741214,1204.0798471985288,1192.4099122281627,1195.448661769868,3054.49247324539
2025-01-07 21:45:00,1196.9377033354901,1202.8430831720866,1196.360479574506,1204.2967777618496,7718.986887622877
2025-01-07 22:00:00,1201.9875060370198,1209.400072924004,1196.1860338616127,1205.7735963652108,4219.882157450679
2025-01-07 22:15:00,1206.0927050325884,1206.0002439179757,1198.728434081549,1201.414677421809,6644.829762300599
2025-01-07 22:30:00,1202.7987760167223,1208.9501402457927,1198.0483497933606,1204.9389486716511,446.15090469525194
2025-01-07 22:45:00,1212.055550101123,1222.5980777504872,1210.671900546779,1214.4489823691858,3559.936037782541
2025-01-07 23:00:00,1205.2156255452758,1208.8545635812814,1197.7830206970777,1205.229263467553,9252.988337143566
2025-01-07 23:15:00,1191.4996008432179,1196.542793798943,1186.9022663598164,1198.161098332364,5439.754306731792
2025-01-07 23:30:00,1201.0550016633997,1204.721643116638,1190.5814750269303,1198.975037770783,3888.639886321553
2025-01-07 23:45:00,1206.5374516829409,1209.9646086622975,1201.5518594289458,1209.1313819652855,2729.9216823799457
2025-01-08 00:00:00,1212.51867746801,1213.4381687528744,1201.2834759643097,1213.1475486819909,4829.316355660011
2025-01-08 00:15:00,1225.636316502918,1232.7564931388897,1221.0313983704914,1222.7445631459525,3847.8469826530804
2025-01-08 00:30:00,1218.2060576476188,1219.8005383210916,1210.9949097355966,1210.3983949271965,643.3729931659356
2025-01-08 00:45:00,1229.4068008821046,1235.8841615564952,1220.9479544458698,1230.561111679983,7475.149093318619
2025-01-08 01:00:00,1236.9683071778181,1242.7544449822058,1228.8495794312978,1241.0646670795118,9992.95888556102
2025-01-08 01:15:00,1218.131079854201,1228.963329344733,1219.415225496791,1223.4450632614037,9498.677609112685
2025-01-08 01:30:00,1226.3552215112938,1231.6637891978992,1221.0939293092783,1222.948770950406,6184.524908997141
2025-01-08 01:45:00,1238.592149429722,1248.3336111820151,1239.8196605642006,1239.1186536170824,1439.2896753798766
2025-01-08 02:00:00,1257.0029517348248,1263.5367084381683,1253.077287071638,1263.7657429252681,4386.363683732769
2025-01-08 02:15:00,1263.3623603088254,1263.0916315064258,1254.5753520400401,1257.1757059793429,2620.792592788757
2025-01-08 02:30:00,1239.0073627725849,1245.9643958185131,1235.397158602599,1235.6337552276068,3317.525352751057
2025-01-08 02:45:00,1257.7609237143338,1258.3218399234545,1251.7886623814995,1251.9890955613862,4185.232352786852
2025-01-08 03:00:00,1260.0217259366098,1259.8029537146633,1247.878761893329,1255.9851855661577,3963.4342647224553
2025-01-08 03:15:00,1269.809525875705,1274.6751640123196,1265.3867022825661,1267.7157367501588,8948.511573033393
2025-01-08 03:30:00,1254.9776216908347,1260.7831552634284,1249.1909003422736,1250.4508484423268,415.8914627918423
2025-01-08 03:45:00,1233.6817511581223,1242.4736115871506,1232.8879130290172,1238.3386107600384,5145.701568432751
2025-01-08 04:00:00,1239.5959429562618,1246.7440300246278,1240.554003938845,1241.1907385148209,4644.520763345052
2025-01-08 04:15:00,1248.6396655248118,1255.3848854096354,1244.7582574687262,1245.0573281602653,1456.1164705342742
2025-01-08 04:30:00,1234.2414107238887,1242.2504296350035,1231.2831683091472,1238.5902834775734,4233.468158236948
2025-01-08 04:45:00,1229.705931578331,1238.1161491704224,1226.3247159674038,1226.7689209434375,9191.983055543295
2025-01-08 05:00:00,1227.5297858017877,1231.495311332627,1218.6076750487082,1224.276167742754,1167.433845074303
2025-01-08 05:15:00,1224.6271383487817,1234.3252594694304,1220.3690378000008,1228.7555005064926,2309.7519769449377
2025-01-08 05:30:00,1223.3388161923199,1224.3329836421144,1218.0449078448626,1221.0230612420637,3864.1087949235816
2025-01-08 05:45:00,1213.128437298869,1223.385063222656,1212.4595650877222,1218.7031782501556,8535.05407822792
2025-01-08 06:00:00,1236.4050655744484,1238.4720932281393,1231.740709028457,1234.5986179916117,8072.44483435953
2025-01-08 06:15:00,1232.9735523714107,1239.1584281671858,1230.587125848418,1232.494410646377,1075.7900601537963
2025-01-08 06:30:00,1217.5222730493679,1217.5148852182674,1207.615795149176,1215.5960691268597,4002.41281929947
2025-01-08 06:45:00,1235.7349748511976,1241.735913919825,1234.5671709047092,1237.132585287373,2072.144332882779
2025-01-08 07:00:00,1224.044050845005,1233.0219736502095,1223.7773671182267,1227.383914123363,680.863344765119
2025-01-08 07:15:00,1231.6113339647563,1238.2428746933813,1226.2730583441964,1226.3729815557267,8342.309694941609
2025-01-08 07:30:00,1211.3745435142316,1222.5964545058123,1212.532050289045,1212.6238306718167,6565.8991567456205
2025-01-08 07:45:00,1229.7353982334303,1236.6221749154045,1221.4275557739438,1233.3705676047623,5396.086102386378
2025-01-08 08:00:00,1233.8013227025976,1232.3057473428014,1223.0528250734683,1234.305472127631,624.9527790765192
2025-01-08 08:15:00,1231.4720120574846,1229.6948784544625,1221.8153039156962,1228.1712571524058,4506.193090301595
2025-01-08 08:30:00,1237.3186044912609,1238.832292217339,1228.5826532260196,1232.2854788970246,2507.2786866509273
2025-01-08 08:45:00,1217.7331189239553,1221.6402833376044,1213.2479675203044,1211.814490394484,5896.104220255827
2025-01-08 09:00:00,1215.4022112336804,1224.0050397263678,1214.2292100021637,1214.830517706022,7082.216791226962
2025-01-08 09:15:00,1231.435610681555,1236.8232107226686,1222.8331248858212,1227.8847780894562,6682.683102972165
2025-01-08 09:30:00,1226.4985130356658,1229.6897808242713,1219.0796492253342,1229.443900450845,5434.387380964423
2025-01-08 09:45:00,1210.3614260232823,1220.3699099198443,1211.7462441296877,1218.8832871604282,8188.82616123936
2025-01-08 10:00:00,1199.8232672525505,1207.8084829567329,1192.754368746525,1202.2606604621424,4612.962344056105
2025-01-08 10:15:00,1199.234291227985,1208.6353942758087,1194.4798364376727,1205.3361525804362,7996.196202700571
2025-01-08 10:30:00,1179.172378029002,1180.3201142672617,1174.893760194573,1179.968235852587,6686.686882764773
2025-01-08 10:45:00,1168.3971799574417,1168.1747594269837,1157.3312338853038,1161.7088071254514,5383.251110496374
2025-01-08 11:00:00,1151.7878013485922,1162.3954043599333,1148.719028324655,1159.4850603485456,7052.472879669816
2025-01-08 11:15:00,1170.434645518413,1178.4572351170573,1166.5859768999817,1169.0394619320684,2965.5858332835073
2025-01-08 11:30:00,1187.5699005558915,1198.4813174623862,1184.9303779129023,1194.5409825712677,5665.936213381037
2025-01-08 11:45:00,1211.7554056172805,1211.06215974296,1203.5004569085443,1205.8282285015182,3788.7358838128284
2025-01-08 12:00:00,1215.875212148744,1218.2263253901608,1210.893393983568,1213.6711330808278,8937.73720939499
2025-01-08 12:15:00,1197.306942910509,1199.9383686332299,1189.2605945654293,1198.0527401340712,5171.679100008043
2025-01-08 12:30:00,1185.5974769561387,1193.1760908956933,1185.664693296623,1193.7723829818929,491.4775905282458
2025-01-08 12:45:00,1181.0459145632467,1192.0214531061645,1176.8836060340766,1180.4625181823471,9799.10102455765
2025-01-08 13:00:00,1192.499194309756,1193.9931176624705,1187.0205221464885,1191.4479569033736,7753.792232876191
2025-01-08 13:15:00,1190.449695579415,1198.2966173632963,1186.7592288124226,1194.387113913307,9188.08245300411
2025-01-08 13:30:00,1193.248998616977,1202.9797243614885,1195.282114028207,1194.6472327972056,2715.2767628191577
2025-01-08 13:45:00,1208.0455312200424,1210.5085686211364,1202.3352394989136,1201.433871159895,1988.0961813796384
2025-01-08 14:00:00,1209.1179414055994,1217.159415420308,1209.0722787254294,1214.9347022524855,7288.964936160289
2025-01-08 14:15:00,1224.2245567243335,1222.5477778438444,1214.3319314896394,1218.2184062614365,740.0172199347212
2025-01-08 14:30:00,1222.8230708788376,1224.392339115875,1215.3827561536752,1223.9224892060918,2815.345370877171
2025-01-08 14:45:00,1199.1183591311137,1208.8528665258384,1198.9086944836636,1199.4650107610798,2805.863325895041
2025-01-08 15:00:00,1205.8608132764427,1207.2898131815355,1197.5784467527837,1202.0963535676278,4007.4701403120657
2025-01-08 15:15:00,1184.043365889324,1186.3082342727575,1176.52116498529,1182.2265263873628,6929.542834633376
2025-01-08 15:30:00,1179.4346122579643,1185.8823920501773,1175.2054432892007,1180.2173853970805,2693.200648121579
2025-01-08 15:45:00,1170.207191131002,1179.0187817593858,1170.2107534294096,1174.675461499514,4250.941615919005
2025-01-08 16:00:00,1189.6677701990964,1193.0063339322014,1178.9095007972567,1181.4658706113544,2332.7088956026664
2025-01-08 16:15:00,1214.3175325917211,1217.7995738924358,1205.5127553072705,1212.581622201777,4963.4882555614395
2025-01-08 16:30:00,1236.1268071586383,1238.7167932657037,1228.4031905794272,1236.1631288169021,2871.986802479391
2025-01-08 16:45:00,1220.7494855386744,1230.4972020169423,1219.4445918840702,1222.2267415309148,3174.8352719440268
2025-01-08 17:00:00,1206.2571842441973,1214.0092036372018,1200.2650149747449,1208.8515378646493,5917.9062883145725
2025-01-08 17:15:00,1203.3925113578998,1207.4046110832503,1195.4528746376172,1207.6575215554542,3311.2019616403404
2025-01-08 17:30:00,1234.381731488669,1240.1377415883962,1226.0882726248506,1237.2010113054332,6143.537920519936
2025-01-08 17:45:00,1230.653149031391,1228.49856944481,1222.8094674032618,1227.3165737537083,3914.7338363345625
2025-01-08 18:00:00,1216.4203123006296,1224.043417480698,1215.9494453827476,1224.4259719042225,2531.0983227211955
2025-01-08 18:15:00,1215.100645969616,1225.725929566535,1212.4364429946413,1223.0162291716067,735.8662043354465
2025-01-08 18:30:00,1211.5201749915777,1214.1522485796668,1202.6351161411365,1208.7910442955688,2407.2358453601237
2025-01-08 18:45:00,1201.1653560738275,1203.6145942233654,1191.8314039133354,1195.8985275674306,7013.902587223513
2025-01-08 19:00:00,1190.750079062805,1190.5641226878502,1180.6653818742263,1192.0670840553803,6488.1923767874
2025-01-08 19:15:00,1202.5866445095114,1208.833005645805,1197.8039810774524,1200.915918554548,602.4453188243571
2025-01-08 19:30:00,1202.6149940897456,1204.2477234190612,1190.1137911253977,1194.4983184979544,9861.864189047908
2025-01-08 19:45:00,1202.2295701200085,1206.3518550163396,1195.3583671708373,1203.2262500429488,4702.375360836279
2025-01-08 20:00:00,1196.1025372086028,1195.1081621994836,1190.544222529256,1193.9134562217305,7283.122219357589
2025-01-08 20:15:00,1165.1565318235253,1172.0180144848753,1158.0779650429238,1169.2040158098723,134.32035804728133
2025-01-08 20:30:00,1178.1558907953663,1186.4563922756881,1171.298429764227,1176.3016790847914,6969.680526519133
2025-01-08 20:45:00,1177.2317544155503,1187.649755387023,1178.1622830178173,1181.3366644161806,3173.3708120044685
2025-01-08 21:00:00,1174.2803849447432,1179.7530563068412,1166.8867317095423,1175.5560246084756,8876.201224992883
2025-01-08 21:15:00,1172.33832100336,1174.4101764416614,1165.8339025295925,1172.14082454577,2075.831060294181
2025-01-08 21:30:00,1150.5445578040587,1154.8776774888825,1144.4811184680493,1146.6094065462312,7247.109403093503
2025-01-08 21:45:00,1141.3914059405208,1148.9142911804504,1140.3345799040983,1143.9364572467523,7626.62113402692
2025-01-08 22:00:00,1152.0527804772014,1160.8646454436575,1148.0156109551344,1150.1113093536671,1023.743471346346
2025-01-08 22:15:00,1175.7890337378244,1176.9769205044277,1168.2549286526857,1176.1478227772586,8643.196323539243
2025-01-08 22:30:00,1185.7777008195415,1192.470420981849,1178.8480020979493,1187.671431689725,2987.6276093776078
2025-01-08 22:45:00,1197.943473975223,1203.0727255644108,1191.8143479997107,1200.8895182522192,5763.256847923543
2025-01-08 23:00:00,1184.815658071581,1194.2750746652553,1178.7358774625618,1184.8909982555315,2665.3379957560915
2025-01-08 23:15:00,1181.9483473069106,1182.5248722667634,1176.592650908062,1180.2198780305955,4378.030418499806
2025-01-08 23:30:00,1152.6495707799477,1161.9489513946792,1150.781781201123,1152.4801954860309,6819.612920771045
2025-01-08 23:45:00,1125.502658527505,1133.8292004178318,1123.2467988652486,1132.8860340684914,324.7173665830347
2025-01-09 00:00:00,1122.666245084364,1128.4620193144963,1114.1835495701043,1121.6351655703456,9729.053619303599
2025-01-09 00:15:00,1127.0833874322732,1129.8681136286027,1121.022396733514,1119.7652084863419,7128.651504852807
2025-01-09 00:30:00,1133.5106164389827,1136.0963399229215,1127.8771318708566,1133.6252180357335,7947.987472649268
2025-01-09 00:45:00,1160.6877926653776,1161.6434649225516,1154.5638344582949,1161.3904600260928,4690.771831288936
2025-01-09 01:00:00,1161.690194290405,1165.8529938148317,1158.4712008340468,1162.4858676356994,3442.480891666635
2025-01-09 01:15:00,1161.4119525330075,1166.8621935279057,1160.1903935526693,1168.5957187253086,8213.902680071391
2025-01-09 01:30:00,1142.5992855914687,1146.376199489717,1133.7091040562643,1143.073633825713,1358.2661309531784
2025-01-09 01:45:00,1138.5509951020283,1147.1425582322263,1135.1702844042186,1146.3279685257683,8810.225575663362
2025-01-09 02:00:00,1148.0508490090344,1146.5712617010988,1138.414776006139,1147.8495003364692,2625.9441043910538
2025-01-09 02:15:00,1136.7898181886185,1140.535715390779,1132.1655663438203,1141.4321760600496,6172.331185750616
2025-01-09 02:30:00,1140.3511426519913,1145.3649919460274,1136.892530939361,1139.9684061037476,7441.647164862936
2025-01-09 02:45:00,1149.0735039582523,1153.8039627594587,1138.6427354654872,1145.8106259254123,6749.406697791128
2025-01-09 03:00:00,1116.5320891358424,1123.6769887876019,1117.7998894635537,1124.4330917715163,6977.530218289284
2025-01-09 03:15:00,1125.4816461122,1132.1155198763693,1121.5295481977282,1130.0223144420604,7151.803038937069
2025-01-09 03:30:00,1111.0982399572888,1114.355259340225,1103.012249410818,1108.1308872872871,5658.057399058151
2025-01-09 03:45:00,1125.002529606448,1135.4971193074089,1121.9110298518267,1124.6477494614228,7025.8903762582395
2025-01-09 04:00:00,1108.9520790913364,1115.9557746528926,1108.0913758449253,1114.2883964489877,9271.584044060637
2025-01-09 04:15:00,1092.282262023429,1099.5081073949211,1089.9080829928685,1095.0760667669633,9638.935710494246
2025-01-09 04:30:00,1073.733710963394,1079.7992067575358,1064.9234684710786,1077.1738231332454,9739.340498333499
2025-01-09 04:45:00,1080.9754659486066,1088.950443810296,1079.87782048264,1086.5191857754571,9513.708685383992
2025-01-09 05:00:00,1060.8199635403507,1067.4086493817172,1061.505373114881,1062.99433926982,9713.0317009731
2025-01-09 05:15:00,1064.452306126738,1073.0616400703773,1059.8987125747515,1063.9282244395895,9524.604980556613
2025-01-09 05:30:00,1055.8869556757033,1060.3178565033725,1046.3192430278536,1049.6607833619091,6645.032469444579
2025-01-09 05:45:00,1042.6072799605297,1044.307343680934,1037.362551168012,1035.4885446458836,8168.96371341769
2025-01-09 06:00:00,1050.1374221692504,1053.0322424527405,1043.7788708781793,1049.7974956695577,1378.2998861687875
2025-01-09 06:15:00,1074.1460677453133,1075.6693867590736,1064.985029487333,1071.7331831262059,6721.542213006765
2025-01-09 06:30:00,1093.6288808187203,1099.8296098292283,1086.2928972781658,1091.103271512084,4883.5111018693115
2025-01-09 06:45:00,1099.14420769768,1108.1172084832647,1098.711793017242,1107.1274748980911,2692.07862813061
2025-01-09 07:00:00,1105.2014632224743,1103.9919929229384,1095.9831348872776,1100.3191038723312,993.7043711520473
2025-01-09 07:15:00,1088.0891039866906,1095.7486515271241,1089.222563436213,1090.3630261780238,5861.207246046482
2025-01-09 07:30:00,1110.0803851680744,1113.921531532534,1102.1183553830272,1111.9920403537265,7022.379594373669
2025-01-09 07:45:00,1105.8529165473033,1113.7783229638878,1103.9141067045334,1112.754942632715,8983.560566773149
2025-01-09 08:00:00,1106.7988081104818,1109.2270527496346,1100.0646293625452,1103.5024557627924,8170.655148016335
2025-01-09 08:15:00,1110.3229702768049,1118.7379928133068,1106.1682712117743,1110.2344910390423,1735.352865618106
2025-01-09 08:30:00,1103.55828886907,1105.842504712754,1091.8434337424587,1099.2482875208984,3418.272962135599
2025-01-09 08:45:00,1100.3152385178867,1108.879846459635,1099.2332863992997,1097.7172387017586,226.19300320266723
2025-01-09 09:00:00,1079.7043517660584,1089.3412198026324,1080.9771805532243,1082.9655917473856,4538.992427284105
2025-01-09 09:15:00,1096.8534091392276,1100.1145134472658,1088.228311657351,1095.30546051172,4531.969327512011
2025-01-09 09:30:00,1099.2341063176707,1102.2334507046555,1091.3515607370844,1095.158635488454,6079.372650352921
2025-01-09 09:45:00,1130.23254489836,1133.97216269675,1122.789281177577,1126.1674617732394,7817.292620853065
2025-01-09 10:00:00,1133.9582098916287,1133.7777170364632,1125.9473660157526,1128.243761220278,6275.6324012470295
2025-01-09 10:15:00,1119.687747446235,1124.9610128575239,1116.182234133342,1124.023806908625,5894.151370992978
2025-01-09 10:30:00,1114.3819853404837,1123.6876316769676,1112.8700137606634,1113.6582082372956,5416.608898486968
2025-01-09 10:45:00,1126.1212017740318,1137.5969029106489,1122.974821331654,1131.0630680205284,4189.254873008256
2025-01-09 11:00:00,1144.1661103725598,1143.3365907155933,1134.687161308326,1144.159581129127,4489.146306076091
2025-01-09 11:15:00,1133.1240212948148,1144.9628888667446,1130.9080898013788,1140.3432982856975,7621.466670574563
2025-01-09 11:30:00,1116.4120655576917,1123.64531355259,1118.5643010905928,1117.1666338871164,3940.0864225117784
2025-01-09 11:45:00,1129.3891568681868,1130.3541934608775,1118.2898939695872,1123.2323889314198,8455.593227670342
2025-01-09 12:00:00,1124.653697792097,1128.332635329503,1117.235741712565,1119.8948795965173,371.7583747501481
2025-01-09 12:15:00,1123.5400458932356,1134.9074374229785,1123.437439295447,1127.2072010121258,7594.339304602306
2025-01-09 12:30:00,1121.8796650747422,1128.8604350842481,1115.2982849757307,1123.2920298167594,1754.139948687193
2025-01-09 12:45:00,1121.3346984147306,1125.8569382778528,1112.1020468636607,1120.757381543483,3532.087220830372
2025-01-09 13:00:00,1099.8280845134432,1107.2775528945137,1097.8705700675537,1100.8171842706379,3927.4900236385056
2025-01-09 13:15:00,1107.5436043562156,1112.127603727681,1101.8765229041542,1100.663305041174,709.9609079521865
2025-01-09 13:30:00,1117.1979386240714,1118.4913945943526,1111.3076747420998,1111.57612903425,3813.6965222019408
2025-01-09 13:45:00,1129.7377512565276,1134.921327939483,1125.1385606191882,1131.2349767809528,5030.026968916888
2025-01-09 14:00:00,1122.2120976631547,1122.7080900281621,1112.6188000335258,1117.2544021268532,5892.005376769398
2025-01-09 14:15:00,1107.3929694605554,1112.4619446629283,1097.1421479997102,1101.0233313900276,2248.784393686516
2025-01-09 14:30:00,1084.4882264285277,1090.3757474927133,1079.8908797264266,1088.5907614286793,668.4840667343536
2025-01-09 14:45:00,1059.1281739878166,1065.4670191675987,1053.3262663492208,1057.0277611624322,380.01058036383586
2025-01-09 15:00:00,1063.9583715281367,1073.5161147177282,1060.1713151843157,1069.2861975565418,3222.0678678459963
2025-01-09 15:15:00,1060.8775865229861,1065.1168662533207,1052.9069559439984,1057.192675575717,4246.5224519298945
2025-01-09 15:30:00,1053.0824945227525,1062.52520804299,1047.0175248067226,1059.8373521821313,1484.6562295464034
2025-01-09 15:45:00,1059.0246838201313,1064.081525459256,1053.7007705207932,1061.4774365346696,5378.163350991665
2025-01-09 16:00:00,1041.3801313236352,1044.0647738893367,1032.3076255379567,1041.8413920333342,4141.028978964126
2025-01-09 16:15:00,1020.0840899638878,1029.9383526881397,1019.390876705868,1024.9824693694675,2416.3771874947365
2025-01-09 16:30:00,1032.8266113349384,1035.8544137455137,1030.279095013426,1028.4361316032296,2279.1928540739736
2025-01-09 16:45:00,1025.9507947777895,1031.24695663855,1020.2714285614502,1026.7117046527414,698.7164172629216
2025-01-09 17:00:00,1017.1796897096475,1021.1776730789991,1013.9102627851605,1021.2793161181546,8635.65327562131
2025-01-09 17:15:00,994.9758766741619,1003.947188822887,991.1818665216424,999.9081550739304,3215.842970728124
2025-01-09 17:30:00,1000.8521786026612,1006.107387755838,997.1331186379733,996.705169091347,3693.7806343649477
2025-01-09 17:45:00,1005.5288048139396,1010.2746184229871,997.5114153493413,1003.9023982129424,1950.1887077374047
2025-01-09 18:00:00,1015.6643516900856,1017.9861666880262,1006.5568839288952,1013.8157133171217,4500.9920290089785
2025-01-09 18:15:00,1017.3615060852914,1019.0892761794892,1008.9704966916397,1018.7392361543657,4781.174344888948
2025-01-09 18:30:00,1017.0886902267695,1022.2616988879531,1017.2910523439147,1024.1075858672286,9440.052805939926
2025-01-09 18:45:00,1028.9357190550936,1037.881266257353,1028.6512342452777,1029.7823230056056,4812.552416746422
2025-01-09 19:00:00,1039.5892848342194,1050.5845517704065,1041.381784088491,1048.9720565028233,1354.8928598152493
2025-01-09 19:15:00,1037.7740570963226,1047.3226537540697,1038.3916802223548,1042.505296389852,9746.706863701682
2025-01-09 19:30:00,1045.2562315470373,1049.5932925046823,1035.8980438220474,1037.082815317069,1463.918727882507
2025-01-09 19:45:00,1054.0216210539074,1056.7708899936772,1046.7932418272453,1049.7708204065266,2844.585749296782
2025-01-09 20:00:00,1049.9220722742193,1056.3439158713572,1044.7607108363334,1049.6446762738299,9252.480516273967
2025-01-09 20:15:00,1076.8216914773907,1084.6573277781667,1075.735197004435,1076.1011771055703,5935.410624476585
2025-01-09 20:30:00,1068.4026314023872,1076.4921331564856,1064.5910687580354,1073.047971351334,5254.8888582178
2025-01-09 20:45:00,1086.247831480681,1085.586184467395,1076.7690414842004,1076.8665059421762,5502.6856864358015
2025-01-09 21:00:00,1090.2652681860463,1099.7443790677726,1090.6016940721818,1090.7115552318544,249.41702180958728
2025-01-09 21:15:00,1082.267206757474,1082.414481978405,1076.3132083315288,1079.7618723896985,6099.902133036405
2025-01-09 21:30:00,1089.7466387392435,1099.1708290780032,1085.868633312512,1093.7711173947325,842.3774688227866
2025-01-09 21:45:00,1090.7281950032043,1099.4064456497242,1089.5038317157619,1092.9458123617114,4555.775535138486
2025-01-09 22:00:00,1071.733546172524,1080.7395490289605,1071.46591246809,1077.5734883531932,4740.220698667489
2025-01-09 22:15:00,1077.2548023776033,1083.9062344135216,1074.6173026832016,1076.919277769461,444.34252855170723
2025-01-09 22:30:00,1063.9850357956218,1070.9484777519494,1057.5027942233069,1066.8854760526478,9898.769633723574
2025-01-09 22:45:00,1079.6618895092233,1078.6979116505136,1073.1275900413789,1072.7990929859848,7894.1310171128225
2025-01-09 23:00:00,1076.1233354510703,1081.9277526941562,1068.9650172086876,1076.6947434185445,5197.752612830804
2025-01-09 23:15:00,1059.7034483867335,1065.4706273202314,1057.3644162401506,1063.6409258421893,7071.362608766725
2025-01-09 23:30:00,1038.8476953062475,1044.1357904576123,1034.505032346166,1041.0656026049908,9488.285591778435
2025-01-09 23:45:00,1037.5060238325427,1043.6394211845022,1033.2720460139858,1045.5451753610514,1571.2404720542904
2025-01-10 00:00:00,1030.4158386101383,1031.9420419487037,1022.0207705501278,1030.0441678036257,632.974274345663
2025-01-10 00:15:00,1015.4423294898695,1023.8673033838331,1011.1275060442543,1012.7940632999419,6872.868424532891
2025-01-10 00:30:00,1011.8177175107513,1022.9959427287167,1011.7511744045033,1016.2121499043877,8867.911669881856
2025-01-10 00:45:00,1012.3460795714582,1021.521205500232,1009.8026410584418,1019.6702098040629,7829.589221582236
2025-01-10 01:00:00,993.3826965793718,994.4292278083099,985.807657803959,988.1637347553752,8307.459340500316
2025-01-10 01:15:00,981.5373626448772,987.8847646094329,977.9745655312651,979.9172618069686,1247.3377395665832
2025-01-10 01:30:00,967.034271242151,971.6275287324286,963.1300044113207,970.9430523480705,8823.985591376442
2025-01-10 01:45:00,957.0084075068584,960.9830997652923,951.5325732056755,955.178798690484,946.7392615626383
2025-01-10 02:00:00,976.7321873346284,984.5515591256935,972.4061485408146,980.5670512494623,6831.154995453631
2025-01-10 02:15:00,990.9238062387234,994.1903677742595,983.8078922903311,984.4262948171232,6316.909306624996
2025-01-10 02:30:00,987.3606377893097,986.2855503919949,979.3679697753089,978.7900017421723,2307.338168210771
2025-01-10 02:45:00,977.147214954189,978.8671675894841,971.2123796703445,979.3519092243697,8601.827709065938
2025-01-10 03:00:00,976.3809604676894,983.2888000063754,971.4922262205116,984.1209493311402,9242.475690879382
2025-01-10 03:15:00,964.5781506212328,972.4002933623633,962.6160929885692,962.8766500195544,9020.019827643946
2025-01-10 03:30:00,959.1862048218642,959.335578270881,948.2290515331322,952.4954496107835,6001.388301081716
2025-01-10 03:45:00,955.2082631831217,965.7339345783491,955.5391019161344,956.9549518387086,2573.4325292293597
2025-01-10 04:00:00,955.7579421896236,964.8503070466596,955.6038937881942,959.4150549132294,9944.819443552851
2025-01-10 04:15:00,908.4194165664267,917.2215455772397,903.8682128995935,910.2596266259164,3585.550237229159
2025-01-10 04:30:00,900.447946000814,905.2775829723894,895.5922340944394,903.6179496851765,2862.3720590266867
2025-01-10 04:45:00,902.705979007581,904.6059173826486,895.599123038517,902.770938876325,3526.0518462543864
2025-01-10 05:00:00,884.1494119308934,895.4232443225135,881.6313157732772,887.8670895765797,5072.52303643706
2025-01-10 05:15:00,884.6882903505357,885.6064285019827,878.9641370058218,885.0794032868375,5426.302794585185
2025-01-10 05:30:00,864.2123587191473,867.6373191683577,857.5469155994031,857.1761058030858,2512.5459481377507
2025-01-10 05:45:00,857.6780389113383,859.9480787500986,851.2162028755387,859.5246530772082,4117.524180596134
2025-01-10 06:00:00,857.5779251254302,856.4004256296107,850.413201673502,854.2724911738793,5569.539185109463
2025-01-10 06:15:00,843.8306536201352,846.7126865015292,837.5657090310502,841.2175109879344,8678.229018880873
2025-01-10 06:30:00,806.8807238145611,810.3738807658249,801.9609254137663,808.6407003945315,9289.198847332593
2025-01-10 06:45:00,833.8993528250829,842.4226945806173,827.5818155059867,831.3947531866131,4000.804671612255
2025-01-10 07:00:00,834.4480314291488,846.5644861661034,835.6129230849433,843.3915508900831,1622.2941391434479
2025-01-10 07:15:00,858.260358313176,869.4385301385774,856.9636242620942,862.326519611009,7300.165695669109
2025-01-10 07:30:00,873.2524545939358,876.6423273828754,867.1777961577128,864.6967621152938,1806.3669097506915
2025-01-10 07:45:00,881.7359564270697,887.4091442048884,879.4638040488368,879.3667895175556,9458.46080906807
2025-01-10 08:00:00,881.0277066001518,887.6522063182351,872.3137853947002,877.7999140138688,7103.1853097942285
2025-01-10 08:15:00,887.1761320798197,897.343923511774,886.5333712562086,892.6938136250881,2568.5734505362298
2025-01-10 08:30:00,892.3383511038273,903.1255527288395,891.5461085140116,891.3025116095141,5347.016922291724
2025-01-10 08:45:00,897.8400238945178,896.1537251850829,886.7386309471602,896.9279474326795,8052.84331808637
2025-01-10 09:00:00,892.4247010365523,894.6033920169533,884.5901610947827,888.357407314942,9403.612289717352
2025-01-10 09:15:00,887.9092149629533,894.7528020114929,887.3209389277256,895.5035658859448,5081.264165353482
2025-01-10 09:30:00,919.135004723646,922.3743463247083,908.6994594723122,917.3046501688626,9771.416639983245
2025-01-10 09:45:00,925.5159067135812,930.8370024468901,918.8062348180061,925.2653616425717,5812.084772498678
2025-01-10 10:00:00,932.8808750249971,936.037991213613,928.6761542218663,928.8404187043251,4395.035810889248
2025-01-10 10:15:00,945.0763737207423,944.9892475194156,939.1906896104007,940.1047789309953,4448.612146363986
2025-01-10 10:30:00,955.4217160517683,965.0992354474454,953.6912784886445,961.1014360580886,2139.7676854006104
2025-01-10 10:45:00,971.6724244197785,976.3464714240982,963.2705807018516,966.4730786110025,7857.367008047248
2025-01-10 11:00:00,963.6207167272726,963.9090777307022,955.2620735634414,955.8467431157288,2144.6364680126862
2025-01-10 11:15:00,954.4796449566334,958.4504687242908,950.5344704492908,951.1523924338102,258.60841303757445
2025-01-10 11:30:00,957.899293886582,959.6324722474461,954.3101117831113,951.7553885233183,9981.667941297626
2025-01-10 11:45:00,933.2216829620769,939.5595973396844,928.5737698771919,933.8893759133924,3251.887885625137
2025-01-10 12:00:00,919.7607612574405,924.9451595675201,914.818845426782,921.4828629275779,8707.581419541313
2025-01-10 12:15:00,958.5110740040408,964.7897638042786,956.2622587408313,959.4503836749383,5910.789899508762
2025-01-10 12:30:00,948.2784833257792,958.0104475647761,943.7594525921072,945.8369727844821,883.4684575661395
2025-01-10 12:45:00,935.0638548033172,939.16985139905,926.9369089673062,932.3579014685729,2025.5117368981373
2025-01-10 13:00:00,923.8527489149382,926.1943766379607,918.6974868635714,925.253204151152,9988.721517324433
2025-01-10 13:15:00,923.7879621806907,929.5433462999839,916.8015914250751,921.6244140356273,2156.2950918054094
2025-01-10 13:30:00,919.9890616950214,925.1662194377736,912.598139904079,917.1789344199474,5408.123790269317
2025-01-10 13:45:00,898.4233728679936,905.1974357737827,896.0771350335777,900.1228256162383,3488.9035837197534
2025-01-10 14:00:00,896.7626640175548,899.4401684484648,888.6757714855646,899.2890298960522,5878.307116174846
2025-01-10 14:15:00,898.0562757303779,909.5953039983791,898.9176149479208,899.1166092858314,1095.072271564608
2025-01-10 14:30:00,904.1049409163461,906.1678261384981,895.6585927996671,899.1449832164942,3749.972060091713
2025-01-10 14:45:00,914.7716221774082,924.4155538147526,913.6925101419451,919.7306600756964,4416.484076455626
2025-01-10 15:00:00,899.5876941151413,905.8526406637874,890.7501049558905,898.4922876497684,1570.1981804054521
2025-01-10 15:15:00,902.7173773233562,911.1352004139679,898.7913704291149,908.5507512165638,3701.4797899887308
2025-01-10 15:30:00,936.2963329013708,940.2919452055493,927.331008101487,934.932370494158,1587.6585554475346
2025-01-10 15:45:00,934.3075129495318,934.691886346836,924.7495334328661,925.9057734844819,8551.273165348668
2025-01-10 16:00:00,944.1368922427274,949.9237823805455,940.9752174829262,947.6282526140293,786.0598447277007
2025-01-10 16:15:00,948.6085194826477,956.6380425000189,946.9235769236102,949.8662976186971,1467.0624684072784
2025-01-10 16:30:00,942.3556431853489,940.4152337757018,933.0776592271092,933.232080038485,4757.487932403337
2025-01-10 16:45:00,940.4026050076336,950.4321890089153,942.1493545277228,948.3170111653798,3229.2419214680945
2025-01-10 17:00:00,934.7462365404836,935.7043164772931,928.3413247737356,928.0361753271153,1272.3943477066823
2025-01-10 17:15:00,922.8038398189661,925.584814965639,913.6217547368752,920.478609003876,8575.745627870785
2025-01-10 17:30:00,922.8330439425661,925.5299922036469,913.0114043650586,917.5857568031893,2237.602310593808
2025-01-10 17:45:00,945.1367808192786,950.9601869732602,941.6811009454555,945.3121967099688,768.8995259255872
2025-01-10 18:00:00,935.8894348781411,941.6568524754273,936.7939427881521,940.4104217279129,3669.0756972617214
2025-01-10 18:15:00,930.34623113448,941.3407712830586,926.875604773999,939.0605037112917,1671.236157156187
2025-01-10 18:30:00,949.2141987688505,952.5422152449801,946.3044982253693,953.4754663234681,5320.510196224012
2025-01-10 18:45:00,952.060763656505,952.6612713670752,943.911596451251,943.1714436074749,2525.509917303048
2025-01-10 19:00:00,955.1320697164184,959.9258639704303,953.3313486941141,956.3559299734942,9928.747970930977
2025-01-10 19:15:00,943.9679970992424,950.4006463475076,941.5676994383897,952.3219455461116,4767.781052238424
2025-01-10 19:30:00,979.6123092946362,982.3629156436608,978.2477223105991,981.3436625635278,8842.447529695517
2025-01-10 19:45:00,959.8512344192138,964.5100006269198,956.6507982323541,965.7252941506106,4852.604949828475
2025-01-10 20:00:00,964.5522219761581,973.3367649921257,961.8156675664296,966.6943070123326,3878.281464812068
2025-01-10 20:15:00,977.7311317835174,987.5004043620851,975.8471251630339,979.2799554963769,9980.863233390552
2025-01-10 20:30:00,1002.2454922937782,1000.659478677259,992.3273691859401,998.6169044394505,141.020978928393
2025-01-10 20:45:00,1008.1900835399628,1010.707907137406,998.6971132214534,1001.9679946238842,6940.382842253852
2025-01-10 21:00:00,1000.2704396037592,1007.676757335104,997.6846162191505,1007.6404943220743,6736.074368427542
2025-01-10 21:15:00,981.4127864154478,988.3323691917027,976.9955953892952,984.2400819711171,3772.5965216078926
2025-01-10 21:30:00,983.3117469799397,986.7831948428544,974.6746578613589,983.1677777168301,7908.695479255092
2025-01-10 21:45:00,985.1507321965621,995.616933286221,983.6896777400015,989.3528683405339,7159.858869713852
2025-01-10 22:00:00,992.3273058196102,999.9114447025374,989.2411830246374,987.7059534337499,3009.66878675529
2025-01-10 22:15:00,995.0793128757858,1003.0134553716041,990.120453567548,1001.7877025204886,6736.131080307127
2025-01-10 22:30:00,1004.8769004800848,1011.5709689254194,1002.6740108063881,1003.583388283086,3763.3598564709228
2025-01-10 22:45:00,1002.6852152845979,1014.4788458798564,999.8592954782151,1003.7759975855482,1496.7775676916433
2025-01-10 23:00:00,1019.0499799694013,1028.7927689165501,1020.8538379655661,1020.3286265617767,5370.693702705884
2025-01-10 23:15:00,993.2046967412308,996.1546054073733,988.4068948756033,994.1192328705744,6364.045167024504
2025-01-10 23:30:00,967.4721243159141,968.4674246053871,955.4726239891102,963.1108077566621,2716.9298619818273
2025-01-10 23:45:00,971.3951238557224,981.0687585101296,968.6728294948424,973.1271617584879,379.1729382860697
2025-01-11 00:00:00,982.2944697779998,990.9094107745057,982.0060223999908,985.7608854558546,1176.8260370121077
2025-01-11 00:15:00,975.1123235442079,977.8951823461908,964.3336137977899,972.9916653988867,9307.38062987252
2025-01-11 00:30:00,945.423502613544,948.0769785632409,938.5182467383593,942.9552326468337,8665.195122981928
2025-01-11 00:45:00,934.5423983333551,936.5639777460576,930.8031598936651,929.9303426729463,9705.037162063336
2025-01-11 01:00:00,926.6892641757054,931.8126779118898,920.4564453158314,931.6311138619972,6819.121083013529
2025-01-11 01:15:00,915.2522258645944,923.8917073878777,909.5370220988115,918.0037780153423,7936.775142033046
2025-01-11 01:30:00,921.611501997887,922.113788678222,916.5479050210446,916.3028570634416,7274.064400461778
2025-01-11 01:45:00,934.3867843015541,942.825936954358,930.1191243750553,938.5258539741544,5275.625197121363
2025-01-11 02:00:00,929.9519471556243,939.8753427714628,926.9239022434084,934.9846379604265,185.07204794501652
2025-01-11 02:15:00,932.1381525407909,937.5425376497133,924.3003348693012,932.2485220930889,7930.681191895247
2025-01-11 02:30:00,895.2109781076696,905.4224279177774,891.8916111475597,895.1683586165834,4465.0556006898
2025-01-11 02:45:00,907.5614933181139,910.6144769617113,903.2912319844864,908.3787070733612,3536.62121050071
2025-01-11 03:00:00,900.1510626915544,904.5750939123216,894.8865996439228,893.3770229441627,4119.45550162005
2025-01-11 03:15:00,916.6855770928632,919.3491157905895,908.8844982825469,920.5273422743326,6615.736881517908
2025-01-11 03:30:00,913.4787000965366,922.6705547068179,913.462292790435,914.4298943742773,9277.781028016769
2025-01-11 03:45:00,925.5300774102058,928.718860880156,918.6882216199505,929.4481349320321,457.6354921550657
2025-01-11 04:00:00,955.6739585253271,956.2084731748666,947.8300822279145,950.0626995902094,294.91393725018156
2025-01-11 04:15:00,962.4429934302862,966.4903734469294,953.7483724818696,961.4352493366895,9593.829110893636
2025-01-11 04:30:00,977.038262923123,980.302007753849,968.0885368525892,978.9842445385216,2861.2248470960526
2025-01-11 04:45:00,982.4997084354427,983.6790547754082,971.8587370194705,973.559264277942,3030.983888896333
2025-01-11 05:00:00,977.6395591327874,988.5901196322206,974.153386383544,981.1318090172082,5123.491766327426
2025-01-11 05:15:00,988.8337970391797,989.8571091089963,979.7458779513071,984.7978935753496,2189.1276358968116
2025-01-11 05:30:00,979.1186989140543,987.3562504080014,978.0471070809641,985.5832661595601,1355.2861506244474
2025-01-11 05:45:00,963.659476899566,974.4688700692448,959.949481754479,963.3160802102487,9693.259488862948
2025-01-11 06:00:00,967.9319244644672,970.8527741513889,963.2235531862009,963.671896272352,6178.523510969952
2025-01-11 06:15:00,969.8806772208709,970.7176120655253,962.5863918977241,971.0231566637791,3892.1267204314286
2025-01-11 06:30:00,971.8253399812891,973.9935926138146,964.6773724725066,968.1625794274481,7738.03909464322
2025-01-11 06:45:00,973.8866965400555,977.5751204884602,966.8226232155539,969.7527877793593,9675.227391617527
2025-01-11 07:00:00,982.3208952589486,989.1276865816454,976.6464915996107,979.3021357311667,1545.698968108612
2025-01-11 07:15:00,983.5038850011778,990.9657024079595,981.1015513539762,990.2419804705556,671.1170851708404
2025-01-11 07:30:00,1018.6180554037111,1021.1213548630635,1011.0982125657474,1011.2714683369637,3924.8628078809434
2025-01-11 07:45:00,1040.6220698963439,1046.986605304427,1037.17055697246,1035.9548023294951,9118.687797274022
2025-01-11 08:00:00,1041.2751736941213,1041.7552197277619,1030.1994771260272,1038.616572189162,482.52823859287787
2025-01-11 08:15:00,1032.297062256341,1040.407449951486,1026.7586630644396,1031.9501922994293,8652.989143517814
2025-01-11 08:30:00,1020.0047380828655,1030.1276452159443,1018.9541719454647,1019.9478604057706,1258.0985241019919
2025-01-11 08:45:00,1050.5906605831217,1055.9229945760112,1047.1389952077568,1054.2084992350788,2021.6993880895138
2025-01-11 09:00:00,1052.0801053668258,1056.403869133664,1049.0671470749564,1054.0111549428727,2102.4265412797167
2025-01-11 09:15:00,1052.6705115016302,1062.7730720086302,1052.0383330776906,1059.7826525827977,240.5124242013715
2025-01-11 09:30:00,1068.671686438092,1068.896900134667,1060.8940837816308,1068.563407447422,7204.567917161117
2025-01-11 09:45:00,1064.0878832130804,1067.7705781494788,1057.3239297446034,1063.3071705067548,7695.292905433856
2025-01-11 10:00:00,1077.9384541914478,1079.0066546742053,1069.0626432793822,1074.99758206633,2355.8454836451538
2025-01-11 10:15:00,1071.479846032865,1080.319621354509,1071.3090220647086,1077.4278959060405,2642.9499980683354
2025-01-11 10:30:00,1057.9467790004067,1061.1001405705144,1056.0595297339003,1060.6762891255325,2801.59014635399
2025-01-11 10:45:00,1042.7924377639572,1049.501424994927,1035.6261194999297,1041.0946741310565,4948.16144897878
2025-01-11 11:00:00,1037.0454169488162,1041.870280880663,1031.0600145843823,1037.74783569682,2275.7619109652783
2025-01-11 11:15:00,1043.188703360918,1046.298197857359,1031.7846083736438,1042.8359885433138,5103.32747247776
2025-01-11 11:30:00,1072.9823004012376,1077.7300703158785,1069.4599792722306,1072.1875612218878,8332.272978101259
2025-01-11 11:45:00,1056.281828383218,1060.5801169051886,1050.585183497943,1052.250336190377,5678.379795844253
2025-01-11 12:00:00,1038.908450310604,1044.7581391998733,1039.10281417621,1040.0994503253428,5038.044689947219
2025-01-11 12:15:00,1019.8947605185871,1028.4647304148998,1018.6194314763757,1023.4886540620045,2343.1401035547738
2025-01-11 12:30:00,1014.4986254529801,1019.8684961684896,1013.7040228550982,1017.2364304734853,2985.5084445273746
2025-01-11 12:45:00,1024.1751012751142,1028.9997673449889,1022.1879712347279,1031.4246702209161,4170.062704753031
2025-01-11 13:00:00,1019.0232429731358,1022.1885847185456,1011.4066760464457,1014.7853607447763,4735.956979488228
2025-01-11 13:15:00,1020.5278242532793,1025.9984322652158,1011.8474987316298,1014.065692460702,1274.274299395929
2025-01-11 13:30:00,1010.7025381087548,1015.5811920122885,1004.876681159149,1010.6357296909079,8757.210838815905
2025-01-11 13:45:00,994.780299603176,996.1016982469339,986.5229808525319,986.7159485249908,1766.6355463259345
2025-01-11 14:00:00,1004.4157256496818,1002.6036663394152,992.7838836737536,1004.78026398357,7595.3828203456815
2025-01-11 14:15:00,1001.0033848461146,1002.5827672890184,993.9154473334997,997.0288665580372,9008.35064477783
2025-01-11 14:30:00,1019.8765765248211,1026.227586337813,1014.2529661620222,1023.1734368034283,6384.079000023215
2025-01-11 14:45:00,1024.9528401716013,1030.4749155584382,1016.2073612807259,1021.3952167966062,3659.846157523839
2025-01-11 15:00:00,1007.4334461540184,1018.5589496981206,1006.8447543455126,1016.5571063109143,4996.402088971674
2025-01-11 15:15:00,1008.6565463645028,1012.8280593729265,999.6807356398823,1005.1246824259102,6898.242276874509
2025-01-11 15:30:00,1001.0971839605918,1006.1924719828664,992.864368987353,994.5099233841145,1418.4448925864701
2025-01-11 15:45:00,1018.3260564165853,1026.2312031318143,1014.1855672662988,1021.715338225535,201.30821028705358
2025-01-11 16:00:00,1032.766855261716,1043.029339785874,1030.5934112944178,1034.7671208276688,6172.348554204185
2025-01-11 16:15:00,1047.9322104662117,1047.899935159086,1041.2338225764734,1042.0528514054922,5596.336062309654
2025-01-11 16:30:00,1040.4652541475214,1046.4593311986628,1036.2300541463692,1045.911890622458,8545.338688398444
2025-01-11 16:45:00,1063.544942014628,1067.5430588711658,1059.7692844179794,1066.8341523710735,3639.0851794933537
2025-01-11 17:00:00,1064.8534273219416,1066.081121733236,1055.5756535940202,1065.0978599311882,9068.567186967339
2025-01-11 17:15:00,1064.4342002982087,1067.5766046873543,1056.8633368962296,1062.1948832669827,7121.913243763479
2025-01-11 17:30:00,1061.917238162577,1067.2528699877846,1056.578772175047,1060.2413994044248,5638.210287360671
2025-01-11 17:45:00,1078.1833896377987,1079.822162232015,1070.314357611737,1073.0162078434437,9139.00104540301
2025-01-11 18:00:00,1060.4825537425547,1066.0145267406986,1054.5489909878083,1061.1213201107805,4832.0852237615645
2025-01-11 18:15:00,1050.0360811081132,1055.4579504022975,1043.714664164699,1049.4454313697136,9482.866469081182
2025-01-11 18:30:00,1065.6143809661908,1068.560112948792,1056.9844099100007,1066.2516751585606,854.8527260577966
2025-01-11 18:45:00,1051.517552508458,1062.8847784539525,1052.6332631612224,1058.4445779850412,4375.096674991287
2025-01-11 19:00:00,1040.1875700041535,1048.32067275228,1041.92077303188,1042.0929155968997,1360.4524255852855
2025-01-11 19:15:00,1038.201994956213,1040.3169236702697,1029.5838313505465,1030.6404917336965,9382.94334649502
2025-01-11 19:30:00,1014.9837200246178,1016.6657092200243,1008.3687844083751,1011.401696032696,4578.559088372826
2025-01-11 19:45:00,1008.576363002442,1009.8490513068144,1001.2403446130511,1009.1366515428997,6120.231437203461
2025-01-11 20:00:00,999.2323470424211,998.8944919335933,990.6397303173198,991.3990547306367,2349.594225557394
2025-01-11 20:15:00,968.0694193808914,972.9921417458132,964.2293958816896,966.2694296212924,1569.900677302582
2025-01-11 20:30:00,975.9573249835245,977.7173532631518,972.7094871256523,974.8863310241461,286.9601292815403
2025-01-11 20:45:00,958.0861265580288,961.352845679963,952.5689072373184,950.8825764388937,1682.9116546314076
2025-01-11 21:00:00,963.3695093274308,967.1446277948643,960.394341988158,960.2174300036646,9225.578254472537
2025-01-11 21:15:00,961.4612121935627,964.45886878642,955.8119734036835,962.4737672767153,2105.8072448548355
2025-01-11 21:30:00,984.2793939631784,989.3147188519451,974.8069378199285,979.9945067488753,8156.317621436826
2025-01-11 21:45:00,976.8603031518646,986.2416328408119,974.5050009624658,982.8062309928877,7975.874649027562
2025-01-11 22:00:00,967.1630659383733,976.930404190023,963.5449315911536,964.5122967837736,7794.260911686526
2025-01-11 22:15:00,946.2396223787136,947.522959852295,940.7588505499759,941.985852376464,7296.9612277749375
2025-01-11 22:30:00,938.3782522817747,944.7625742533343,937.8659345443101,938.907849263262,1113.74134231109
2025-01-11 22:45:00,944.3201422623446,944.9110028821974,934.0178537700082,942.9046139776557,1838.9806559188537
2025-01-11 23:00:00,981.34078366824,985.0163215311518,975.9273713498281,986.5570353457869,7953.2124021950285
2025-01-11 23:15:00,968.1094665626706,974.8693872457671,969.5444600771981,972.732460020916,8513.838630186145
2025-01-11 23:30:00,973.668758761317,976.9810633827876,971.195829725817,970.3131516473505,3007.2183265580634
2025-01-11 23:45:00,983.4778275950988,990.319195648383,976.5225470888597,982.6624316180165,1098.7300673336576
2025-01-12 00:00:00,928.253314282803,928.9165936123655,922.397432376516,930.71888434097,5857.167166689477
2025-01-12 00:15:00,924.1655333681234,929.620603718972,919.5724537060594,925.7261815377694,631.1544404003445
2025-01-12 00:30:00,963.2598549602953,965.8389225464716,954.8485171283284,957.3511785434825,7611.476692401449
2025-01-12 00:45:00,947.3032218082614,950.2923908711887,939.9421816934514,943.9544890353255,7851.016581701665
2025-01-12 01:00:00,939.3563912215747,944.704860225717,936.8662140726769,942.9437247273698,3867.7709036138954
2025-01-12 01:15:00,958.0280810069669,964.6127688108929,952.4837338979363,953.8390956329075,1602.089656988305
2025-01-12 01:30:00,965.5565786487335,975.0838298071506,963.8620429249568,965.0848107697561,564.9933237586699
2025-01-12 01:45:00,965.5501354094707,965.7078800663448,957.2715071544792,959.3526630883974,6160.2002397891665
2025-01-12 02:00:00,933.1951353913826,938.3490177209908,928.2422775593778,931.6303287657576,7960.277563407947
2025-01-12 02:15:00,928.5090147174325,934.9707237654702,923.8014717272392,933.0988969433204,9355.441998394153
2025-01-12 02:30:00,930.6468370735059,933.4529723205923,923.566989316708,929.6526292116043,560.9084270348085
2025-01-12 02:45:00,934.7774610990475,934.8824842702867,930.1113985769639,935.5049241149411,6461.639636027038
2025-01-12 03:00:00,900.4268655409024,909.891106347771,900.0859650239339,904.9122294337639,4271.156048546509
2025-01-12 03:15:00,918.6633052842325,919.4553145882059,910.8683589031712,919.3795286131451,2584.349462722575
2025-01-12 03:30:00,931.1065562180291,938.4596348098044,931.8245954489923,932.739086310781,2258.424978760135
2025-01-12 03:45:00,926.0661207630777,930.0846909441416,918.7537933678658,922.062927429043,221.44929488092623
2025-01-12 04:00:00,935.4332461458763,942.1700190198634,933.5035620523598,938.0356960494532,254.73584070021676
2025-01-12 04:15:00,903.5799861514594,908.7590865196661,900.992409648747,908.3695858278952,2354.277179590499
2025-01-12 04:30:00,919.342618836907,921.3568322245727,909.0611170645798,919.1529933098229,2999.2828742763027
2025-01-12 04:45:00,906.6562344924382,917.29169408764,906.5324013037691,913.331892666761,8687.619055754021
2025-01-12 05:00:00,893.378096203605,895.3404196071593,883.5525818710805,890.8040604575529,1457.3526759707001
2025-01-12 05:15:00,898.0010047437253,899.1110449869136,890.9087168375685,892.7965701024601,3240.4514842669914
2025-01-12 05:30:00,881.0912362690942,885.4514659446726,871.8117718827099,877.9264036460983,7059.905373911977
2025-01-12 05:45:00,868.5780793207721,879.5339208319915,870.7746443752272,876.244548661206,5255.053663803444
2025-01-12 06:00:00,876.8656996893325,880.9681390433673,869.8704594536525,870.4612891207719,2540.08937700155
2025-01-12 06:15:00,859.551836236254,860.3607198920873,849.6214170243205,854.1402986333285,5872.945085501699
2025-01-12 06:30:00,884.8807285556546,888.6834877481857,878.242952884439,887.0316625958473,9233.296243219369
2025-01-12 06:45:00,898.2496081514406,898.8317328955146,888.031684908228,900.2666410365923,8630.271323696388
2025-01-12 07:00:00,926.256555367706,929.3643847403489,920.3232591946667,923.7712232318837,5216.339925276058
2025-01-12 07:15:00,945.0264220131692,954.7646519974305,940.8610230153432,946.2426066447429,2305.212090954224
2025-01-12 07:30:00,942.8735073788225,949.5609521305478,943.1706827495927,948.8142760117979,3643.334693384442
2025-01-12 07:45:00,962.2633624182258,971.5899118170756,958.0093824231109,963.311695958756,951.2296003054599
2025-01-12 08:00:00,938.5122076299986,942.6406670378638,933.0680463331324,942.936360397737,9218.568954108941
2025-01-12 08:15:00,950.6091752084862,952.5030367363757,942.1328285359094,948.471293102618,3661.9408858438446
2025-01-12 08:30:00,952.7907769213824,957.1439841065475,946.4928911816066,956.8982676571593,7609.640088768287
2025-01-12 08:45:00,948.7799198088923,948.0705595205019,938.7201929016941,940.7259088765451,5307.7059142907065
2025-01-12 09:00:00,962.981629284593,964.7221998970971,958.0117120241363,957.7210718859543,2577.1617540110315
2025-01-12 09:15:00,952.2046655098777,964.3798118603082,954.8636150481275,952.8250225180507,8300.264661699242
2025-01-12 09:30:00,958.3016763418368,960.6546947789083,952.1370252092107,960.4166114214557,7592.903131743078
2025-01-12 09:45:00,958.2711923584618,960.2851449588848,949.9115037841341,957.6628724961764,4915.200453003975
2025-01-12 10:00:00,962.087004887156,960.9388624504996,951.0755398658295,958.9307261703501,3204.154992606317
2025-01-12 10:15:00,953.1234223076024,959.7858973523624,952.2883590656093,958.85433316937,5043.154653348393
2025-01-12 10:30:00,916.3312466919346,917.3950321542628,910.0444463200082,919.7667453148391,854.4584553406031
2025-01-12 10:45:00,890.8408372657769,900.128947588407,890.68928023489,895.3771013059574,2405.7225216825154
2025-01-12 11:00:00,889.282861434445,892.3199277574018,885.8762435473459,889.4177866537185,3959.4510390861137
2025-01-12 11:15:00,922.5770716450609,932.7121029475402,919.0278591177263,927.8593783177216,9743.98465159844
2025-01-12 11:30:00,915.1303875708162,921.1525192671959,913.7497352673025,914.475898699923,4819.196639503319
2025-01-12 11:45:00,882.7414945682998,882.411470430293,871.3094776960187,879.9739300936651,6567.785330884954
2025-01-12 12:00:00,867.0573908522508,875.8579075986052,864.257291608354,871.5933260402077,1622.7437991116817
2025-01-12 12:15:00,872.1717815135748,872.9418368788407,860.6396478732408,868.2865810532363,2576.722877077563
2025-01-12 12:30:00,876.7286021020811,884.8540234816937,872.9672852484973,881.0867562285343,6631.079483878506
2025-01-12 12:45:00,878.8436806620945,877.8444356269048,868.2753865134152,878.2266942041724,8084.973151626013
2025-01-12 13:00:00,868.2604593490789,872.3861377217228,859.3169399418296,868.0509270168541,2600.16120209854
2025-01-12 13:15:00,864.855906235373,873.6000606116684,865.8883230385314,870.3956153504491,1854.3684973386742
2025-01-12 13:30:00,884.209116042979,887.510254652642,876.7438852513345,877.0274836654019,5157.306105351977
2025-01-12 13:45:00,896.3063457345561,903.4516374876517,892.3058989449493,904.2488874176549,1538.499791873866
2025-01-12 14:00:00,864.426232380336,871.1610529334569,862.7123633160587,863.3498207583347,837.8019832787128
2025-01-12 14:15:00,885.5665232923172,891.2422144096198,882.8302245504419,887.087510976021,4014.9449095121363
2025-01-12 14:30:00,917.7963992789294,923.479623733246,908.4717016355883,916.0783019856722,3003.622749623294
2025-01-12 14:45:00,937.6244057143726,937.5525967770602,930.4711363478626,931.8588351080963,2278.8678208295696
2025-01-12 15:00:00,941.8314791555895,944.5917519920678,935.4156144949948,933.4717965134555,8526.170663451046
2025-01-12 15:15:00,928.9959630232996,934.5840571792659,920.4464761968917,924.400876111947,5274.796037561729
2025-01-12 15:30:00,938.1814829426659,941.9985697118567,928.4412922846589,930.4309442404823,7383.232500359267
2025-01-12 15:45:00,910.5337400448981,917.2430347788152,908.4518058197483,906.6660973300684,5295.333539654598
2025-01-12 16:00:00,900.7510009828167,905.2964820556166,900.1576792091813,901.2795300539808,2217.8115508325936
2025-01-12 16:15:00,902.0695464452365,904.7959010304161,897.3252815947158,904.7595123282497,6771.298498346128
2025-01-12 16:30:00,890.1630281750627,889.914049742101,884.6549138383756,887.8187202088101,4262.63895524171
2025-01-12 16:45:00,891.548740594445,896.4031789990141,883.2603759451636,886.2091464955307,2474.0252162159754
2025-01-12 17:00:00,904.5612283962929,913.403625438744,903.7679979907598,908.9569797985752,889.595777904846
2025-01-12 17:15:00,900.7695212844535,908.1607209373523,897.6455422495648,904.7986243063285,5065.539276587645
2025-01-12 17:30:00,924.9205363874078,929.0569724264828,920.8212285210014,930.5575584621331,824.0442466470505
2025-01-12 17:45:00,943.3584974407033,951.4890124129298,946.1066509803721,945.4274496479818,6299.291118956681
2025-01-12 18:00:00,941.3934026972961,945.3200749665264,934.5432435186336,935.3155726393042,5425.598560382294
2025-01-12 18:15:00,928.191332219489,929.0610625089731,921.6334134777367,925.4537679256665,1076.9729056859985
2025-01-12 18:30:00,924.6089588950955,933.5896866000282,921.386739838534,932.5621102487526,6105.934291049125
2025-01-12 18:45:00,938.940805824413,947.564853114801,939.3112434690838,944.8582464433221,2928.0178410144576
2025-01-12 19:00:00,937.8580292460935,950.0125095193251,936.8975826370786,942.0382850871248,567.2960466121319
2025-01-12 19:15:00,945.6060820814308,945.1021578974874,938.6038915944907,946.363581489896,9258.408417021106
2025-01-12 19:30:00,960.1739846995702,964.400709942924,952.1496313006057,961.470801212075,7400.9652426238945
2025-01-12 19:45:00,948.1823405993138,959.998420256821,945.7889587491958,954.0178578315365,8723.754495493054
2025-01-12 20:00:00,937.6011348624291,939.7032891468306,931.2820170410026,928.9761814273138,705.8411670713983
2025-01-12 20:15:00,917.5753759915378,925.284919509768,914.0280890066379,925.3151866729494,1630.9266978754906
2025-01-12 20:30:00,934.4243895050122,943.1583812812563,932.1321745194674,932.9048359355346,5558.40201557024
2025-01-12 20:45:00,936.03826105849,944.9642985646628,932.127199119156,933.6857855491461,9617.889856727505
2025-01-12 21:00:00,979.2782652878058,981.571236695354,970.8521887342373,978.0695167031297,6415.8326349988865
2025-01-12 21:15:00,972.6360165478346,973.4219491497056,964.5394592434808,972.8235256808176,5950.438620775366
2025-01-12 21:30:00,950.93178514108,953.5634546489694,944.3973074018073,952.3422390061031,7481.467141203841
2025-01-12 21:45:00,956.2561336925168,960.3322862744603,947.9204627665489,957.5589118805984,8503.934616308441
2025-01-12 22:00:00,962.3313489430175,967.0232542410577,953.4458250269315,962.1804890943754,3302.764144011452
2025-01-12 22:15:00,962.30864171308,971.7198179839056,958.4546687750716,966.7174159988539,4569.269340880415
2025-01-12 22:30:00,967.5450335145126,972.5174398063975,958.6917285065517,961.1243827184505,9383.769552424183
2025-01-12 22:45:00,942.4137790357269,948.8791114548391,936.0326905226734,948.0352011201845,5708.723393252081
2025-01-12 23:00:00,929.3856031376899,936.1377273265751,926.042385565366,934.0058324446533,1088.504084431396
2025-01-12 23:15:00,924.3447989069825,933.5103152018653,921.3855281962731,928.0312657494208,6470.602777596873
2025-01-12 23:30:00,918.5633407564344,920.1276423540493,909.5700700443116,920.9614061356865,4615.114030458463
2025-01-12 23:45:00,918.6263961402954,922.6311191800853,912.6218386142065,915.8175564854024,4799.929403340465
2025-01-13 00:00:00,905.7179310106419,906.8756161913451,898.7608016797489,902.4885246804675,2601.7252904095335
2025-01-13 00:15:00,888.7063142906143,895.2372466361185,885.4483563318097,885.9673523633767,4634.443601161161
2025-01-13 00:30:00,874.7188144052016,879.6538949121506,871.9199791356664,873.6884801380317,8902.684999843786
2025-01-13 00:45:00,848.8407648646867,853.888116838312,845.7639882515912,848.0078711830744,6022.35206103109
2025-01-13 01:00:00,865.3149455007558,869.393505690184,859.4617231414287,864.0719363032374,5494.3637580938685
2025-01-13 01:15:00,842.0758744978443,848.6907784448205,838.8797938003405,845.1480814586232,4346.9170945543065
2025-01-13 01:30:00,858.8409675794227,866.1302441094098,854.7556660481173,861.5235408016256,3313.085651269109
2025-01-13 01:45:00,865.798812890114,869.4269569320272,862.3093166810248,864.8229516665535,245.89519846356123
2025-01-13 02:00:00,872.2292330245106,872.205328169251,865.174602751132,872.583052938814,9367.77741785709
2025-01-13 02:15:00,854.4916924758304,860.6502313306585,855.7967291734831,858.0562123435436,297.2341238940329
2025-01-13 02:30:00,850.2933348852848,855.9103801843004,844.966164539569,854.905810865213,2952.8974520711877
2025-01-13 02:45:00,860.194133062889,870.8025809832099,857.1113533611376,863.7120184500228,9836.107647678802
2025-01-13 03:00:00,860.4026662496211,862.9890404669817,849.2855829471812,852.2507183112327,7578.6132558167665
2025-01-13 03:15:00,856.3530504268277,864.1133195553947,856.9873839209431,865.4015506267646,1557.4088959885948
2025-01-13 03:30:00,867.3488396665105,874.5384616600275,865.3794564218218,870.779323158341,5254.86326566756
2025-01-13 03:45:00,862.9052461598856,869.2409195655871,856.1548523357013,859.5471727662099,2233.8125193109563
2025-01-13 04:00:00,875.2818406409606,884.088939479954,871.7133536510227,879.2706304199654,2156.9535569731083
2025-01-13 04:15:00,856.7034249724171,869.5704968849193,857.228637786995,865.7317875487655,7182.688095346381
2025-01-13 04:30:00,861.9488231221122,870.792033937759,863.7236578334542,868.795314609592,5418.092869688065
2025-01-13 04:45:00,872.4832725690054,876.4032683478213,866.7307837677946,875.1050947425443,4125.215527547392
2025-01-13 05:00:00,865.4378330034424,876.2108716630113,861.0636907027774,871.4578494995,2715.3970718167116
2025-01-13 05:15:00,898.1942853748741,900.828367408704,891.2113248557624,898.5621449449599,2611.7385008298547
2025-01-13 05:30:00,923.634824827251,927.8523531008681,916.2861062235372,920.9801367079264,1310.5324269093892
2025-01-13 05:45:00,901.8150185011373,901.4040984190996,893.008131552599,897.2443561699979,4484.18149360162
2025-01-13 06:00:00,937.2385576449818,946.2524279200003,937.3141279107588,936.6782906812869,9083.156933040098
2025-01-13 06:15:00,928.378365537961,931.9452274487462,924.8191467626965,931.9458667618225,5775.482720455079
2025-01-13 06:30:00,928.9463615448159,935.4854515759657,922.5702122759146,933.1063082144951,382.31538591655647
2025-01-13 06:45:00,926.6547688560338,930.6674742775604,925.0465705218515,930.6991178787827,4742.147265097267
2025-01-13 07:00:00,923.7006416461323,928.2912470111278,916.7727985149727,917.8555349535641,9631.394118255961
2025-01-13 07:15:00,915.4579862283007,924.2935747348616,912.6986661762544,913.5966288219608,2897.5657320474743
2025-01-13 07:30:00,900.8601872507969,909.9163093798977,896.2699522898962,905.8990618493193,8048.5437375355905
2025-01-13 07:45:00,901.7365535465134,904.8373632672832,897.574297163147,898.8490980687008,4333.793234366304
2025-01-13 08:00:00,891.3510555741425,893.9258967479363,888.1647720248138,887.9743422886544,7411.271833946714
2025-01-13 08:15:00,889.6067576359955,896.9483691208562,889.6849997495218,897.2030607174391,3983.5004016344374
2025-01-13 08:30:00,871.5856675636738,879.0350371161945,870.2502428392792,875.1859259129832,5271.791234200992
2025-01-13 08:45:00,881.7926344599605,883.8326210076901,874.0789656399742,877.8168582928848,5406.2274664732795
2025-01-13 09:00:00,859.9606735453059,868.0877157836424,858.1516070119453,863.4523522678452,8418.695139006519
2025-01-13 09:15:00,865.4589520913579,866.6907786361982,855.4887611513349,859.8916004729517,4640.93837827629
2025-01-13 09:30:00,873.5414651474207,878.6301171722052,866.442077089082,873.803587309777,5229.259074496836
2025-01-13 09:45:00,869.5850351272994,879.9776363869674,870.2328461586234,871.3657289647159,8889.030306027564
2025-01-13 10:00:00,864.6773224566189,876.6863318296163,865.6125975410855,872.183781923969,4020.0366411920872
2025-01-13 10:15:00,846.1412892107347,850.3510881278187,837.9863271817521,849.1620090701919,6469.720131177311
2025-01-13 10:30:00,824.3813089816105,829.9043518846973,814.6126132812875,818.2600758502589,6545.251366565953
2025-01-13 10:45:00,839.9274420267886,839.2067755788004,830.9567152698673,838.1452535369335,6925.297053453956
2025-01-13 11:00:00,829.5195610782956,836.8468681899453,829.0371669323018,833.6274098762217,391.30494923469536
2025-01-13 11:15:00,854.7895223042173,858.3384544478532,848.9391010129202,853.0508963822166,8696.015389057133
2025-01-13 11:30:00,817.3054756331301,822.2982760148536,812.5479534118083,811.8228576740656,2407.142725897219
2025-01-13 11:45:00,833.484812574904,836.9320229468453,826.8100166420486,828.0137762155234,100.9673144953604
2025-01-13 12:00:00,819.8585709823326,823.1096671823949,811.682970956432,818.105549292423,7123.182067791377
2025-01-13 12:15:00,837.4721675285257,840.213113694391,833.5912873968991,842.4638646442669,2104.9525117400563
2025-01-13 12:30:00,828.0258939417165,834.5810749536241,825.707163673024,833.9718518272417,4539.071239728888
2025-01-13 12:45:00,850.0404439664392,853.4243682124712,843.3033574158188,849.4292988780136,5734.079515189726
2025-01-13 13:00:00,869.2342130808146,873.7359473871518,860.1071010876367,865.4377025761777,523.0620889305972
2025-01-13 13:15:00,840.2210025586356,848.822935496281,837.0406769608381,837.2491828546263,2428.7014092162926
2025-01-13 13:30:00,851.4659909911203,860.0920423751234,845.0479679847222,855.537125975731,8724.148565758189
2025-01-13 13:45:00,851.0483085761546,859.8433984135992,850.9030253138155,851.5034795268112,8248.699517220559
2025-01-13 14:00:00,846.5049010621694,851.9674308992653,842.2546553369589,843.2533237547043,1031.7250626814914
2025-01-13 14:15:00,835.4009310075961,839.1744559160046,825.9680533657338,828.4596694655154,5043.653401284575
2025-01-13 14:30:00,833.6967279676445,836.7280773773829,825.5720623662888,828.8812919331954,969.1030601270129
2025-01-13 14:45:00,858.2576087582603,859.9066143212775,846.758816609223,856.1140506437458,8489.171136335372
2025-01-13 15:00:00,823.6974676718363,834.3728010010685,821.9197949885952,826.2130052478404,4552.69252041523
2025-01-13 15:15:00,822.0068653477512,823.6595838578094,813.4408293658504,820.3193040929154,2437.2350269666304
2025-01-13 15:30:00,824.213863849149,825.2935018931101,816.2869262724688,823.6279450652312,101.72621042039663
2025-01-13 15:45:00,822.1988022592112,830.8173137642693,815.4983304212997,826.1514528545115,9458.300347188331
2025-01-13 16:00:00,837.2295823344683,841.1856699773978,835.803867359243,836.4865898828242,3211.997556433329
2025-01-13 16:15:00,845.8729645980982,846.810379412035,837.0600137790115,842.7070286353745,6761.228751770962
2025-01-13 16:30:00,858.2306713814951,858.3640156203894,847.194083050255,859.1650228629237,9991.92510497288
2025-01-13 16:45:00,847.0853266355942,853.1140674481178,842.2172288331354,844.8070884408555,3086.852856626681
2025-01-13 17:00:00,839.8294683229195,839.2943786852293,829.3041753977046,840.6836863540759,824.0532120963687
2025-01-13 17:15:00,835.9307571916454,846.7939506879441,833.634805258587,840.077480659312,4938.1247964985
2025-01-13 17:30:00,820.7369472354052,826.4433671230054,814.8607513406805,825.8941242455872,7952.503931135857
2025-01-13 17:45:00,804.2742613900432,807.6266635761261,794.4057843626108,802.2059361268289,2208.397054908882
2025-01-13 18:00:00,830.4240673602798,832.7191105512634,824.1865713287192,831.6863858565991,2151.9194712079016
2025-01-13 18:15:00,821.568649495375,832.2696089790928,820.0413252456439,826.9235508247854,1314.456852478386
2025-01-13 18:30:00,826.9368772505952,831.202251766974,822.2816819711941,823.1815659278114,7226.1095406948325
2025-01-13 18:45:00,819.6430096635758,825.400451612638,814.2589665157415,819.4104134463367,6952.8399275611155
2025-01-13 19:00:00,796.2962175362758,803.7505023021586,798.5482105753725,798.6667448473546,6880.289657344695
2025-01-13 19:15:00,776.1606079623668,782.9523608509955,773.6246076755959,784.1622319985347,8729.135995378412
2025-01-13 19:30:00,775.1399457362747,776.5169710842996,770.7429052711955,768.8788493310651,1603.1527382057332
2025-01-13 19:45:00,789.8973935813141,788.1232989937774,778.1500573760765,780.5656237774864,8148.940319669242
2025-01-13 20:00:00,788.3816906664404,792.0394260568315,778.4306265773012,781.029671437583,1496.0607976286794
2025-01-13 20:15:00,795.1241743489622,795.9134213718983,790.2765522603967,793.2084422824431,7991.951578155667
2025-01-13 20:30:00,789.3809290465887,791.2912300414871,780.6089536873828,785.7883143829666,6906.947029574244
2025-01-13 20:45:00,794.3447950156464,799.7650454273156,787.885366665698,796.8151223728846,5685.951326694421
2025-01-13 21:00:00,794.7864563806125,795.9836964894484,785.6541709673893,787.6091946582279,3566.455973650628
2025-01-13 21:15:00,791.038576339644,800.0781778160876,787.2392953683157,798.6288968335591,3328.6554368188486
2025-01-13 21:30:00,790.1847712301924,796.7611139452597,789.0490633115471,793.0560090451802,5558.859232568295
2025-01-13 21:45:00,806.1833935330543,806.6800179026658,800.8018402022246,802.0779960655301,3142.8664195832926
2025-01-13 22:00:00,830.7028260806264,834.6021501384214,823.678894620055,830.8809522543514,8283.91611832228
2025-01-13 22:15:00,852.7695262553286,852.9765898913862,842.2629189654097,845.7082048059902,6724.333040327894
2025-01-13 22:30:00,852.4834261702933,859.3608108105562,848.268707510785,853.3441990989792,5554.202296250029
2025-01-13 22:45:00,845.4350198708238,857.053505651554,842.5788274500144,850.0588993338594,8705.317476326218
2025-01-13 23:00:00,854.4508445641641,862.341140747263,852.0211778116968,859.1961190015992,3077.5940209435757
2025-01-13 23:15:00,830.285816720107,832.9831881760599,821.4196584152301,829.7348824367599,8661.816910516029
2025-01-13 23:30:00,816.1033975654623,826.0117183886523,816.9233725093103,820.9201336004484,4423.894964273997
2025-01-13 23:45:00,824.3368896890888,830.2587916037604,816.6684996859509,820.5427676617144,1411.7531526323767
2025-01-14 00:00:00,819.8780673344121,825.8378285075806,813.2738161463676,819.7429645830069,6802.865302814567
2025-01-14 00:15:00,845.3464844798923,845.8669791059257,833.4495854607262,836.2156403727301,2557.3042034832024
2025-01-14 00:30:00,838.3210370497756,840.7259169215879,831.3231007485979,833.9837739183739,3679.7092066804844
2025-01-14 00:45:00,838.6682352024334,845.4639296696253,834.0537460546533,839.356416717298,3382.6636827908933
2025-01-14 01:00:00,817.0859895355381,827.41663839418,811.6326010829313,821.3378141941176,7883.516330784675
2025-01-14 01:15:00,793.2800322215089,798.3021995725911,783.4955394331666,791.8959979603684,9818.536384608286
2025-01-14 01:30:00,784.0736248745559,791.003345207398,781.9291610137901,788.1814336858486,7220.392553225395
2025-01-14 01:45:00,781.5108577670179,783.4709140126196,774.8722524898221,776.7330852537738,3444.6469732905794
2025-01-14 02:00:00,789.8543767999821,795.6940708872609,782.1788024191236,791.138341185892,1147.9769723835145
2025-01-14 02:15:00,767.8978037858824,775.3823206812486,764.520575479127,766.4085046323768,3727.7898561075895
2025-01-14 02:30:00,769.2708704387456,776.6791228498964,768.1212533383751,771.1159073587121,7109.175769205479
2025-01-14 02:45:00,769.3318804674354,772.0027116737247,759.7094293072871,767.4044942452283,2836.844159965386
2025-01-14 03:00:00,784.8647054330316,790.3880086557181,780.695311905644,781.7895393693595,4433.161331295985
2025-01-14 03:15:00,792.0800143033648,798.8380453967711,787.7981011376922,793.5804449851776,7489.237332648551
2025-01-14 03:30:00,770.5249249982284,771.9247062629821,758.6770785163085,764.9453347650347,6069.682977307112
2025-01-14 03:45:00,755.8542860090755,760.864407938747,750.6263952772483,758.0745732936759,3394.621445433581
2025-01-14 04:00:00,763.6126461830189,766.2116677023,757.0807791271363,760.7894761878076,7772.222519423093
2025-01-14 04:15:00,782.4643264689943,787.5097421947264,782.0140497182085,783.650398616651,3334.766339469054
2025-01-14 04:30:00,788.4261997273863,799.4092035010719,786.6798600778762,791.4970254059491,929.0827041440212
2025-01-14 04:45:00,771.84900370642,779.0055491215026,767.9536168153271,771.4910701297354,8608.207345607705
2025-01-14 05:00:00,768.9260613758565,775.3727172625781,766.2145422641538,769.86456285372,4803.023732359828
2025-01-14 05:15:00,771.1075855589615,772.2254476477751,761.8412435192924,769.3496962763193,6969.0266993304585
2025-01-14 05:30:00,764.4217575891678,766.3000445958537,759.1800367917972,762.1805379081474,3308.102662801557
2025-01-14 05:45:00,783.6769149234378,786.0634528255904,774.4241441304192,779.2349985690211,8416.771122809672
2025-01-14 06:00:00,753.3056958443781,762.7670897470001,753.4205557506531,753.2452987025634,4193.622031083125
2025-01-14 06:15:00,764.8169327587724,769.520887736531,765.0543618300077,771.6014916853222,9679.883667169135
2025-01-14 06:30:00,748.384705597736,755.5434109946336,745.2190615113898,751.249607759138,675.6988382554214
2025-01-14 06:45:00,752.205596483063,755.9776565586615,747.1072887033855,753.8928960839964,3479.4585395540666
2025-01-14 07:00:00,754.2702985751897,758.1249201280297,746.2063622573517,750.479525306148,8331.039686922388
2025-01-14 07:15:00,765.0269361388486,768.6450747059265,756.0180280470062,756.0159402673135,2293.200334259132
2025-01-14 07:30:00,735.3043638802071,738.4982320666879,724.9261212845087,735.3415728262488,3127.1113069987127
2025-01-14 07:45:00,761.3351741507449,762.6906958150156,753.4827689880681,757.8573427048685,4358.600050349637
2025-01-14 08:00:00,746.6304150900403,754.0064961893831,747.8110486960378,748.233874794603,5243.381523048057
2025-01-14 08:15:00,735.9208582513157,746.4872653141674,734.0995395016861,736.3401123881695,671.4414125259283
2025-01-14 08:30:00,748.3226076900776,753.6651969178253,744.6208585143925,746.8431977779649,1864.5930793864893
2025-01-14 08:45:00,756.1774194797953,763.0080455446869,752.4290957473536,752.8562098740872,8384.011753552999
2025-01-14 09:00:00,743.7947751268877,745.2262284254102,739.1759966683264,745.3344380045347,9812.433229607857
2025-01-14 09:15:00,733.0819468266499,738.547465548133,725.4967980738695,729.8500988056165,123.30782190968462
2025-01-14 09:30:00,745.0308604575072,754.2269975091777,742.3094355144503,749.9106204928644,8459.381357248905
2025-01-14 09:45:00,766.553631147712,764.8974865117035,755.0968869330471,765.8411017305399,3211.621355627266
2025-01-14 10:00:00,781.3744943721698,787.3665419022727,776.9838828404413,775.3470348818968,3772.8214620716653
2025-01-14 10:15:00,761.8844018282978,766.3124440151084,757.6050912916979,766.7592062228423,1641.6119820441113
2025-01-14 10:30:00,774.7203736807375,778.7267133977676,767.6233634700753,770.4197076727385,7773.472515950748
2025-01-14 10:45:00,767.7366098221884,772.950988398487,763.773482424791,774.6512881637078,2159.335331948098
2025-01-14 11:00:00,776.1979991621641,779.3615707614163,773.2838106635422,780.2854297095054,2432.781522506492
2025-01-14 11:15:00,774.9377667760098,776.0768643438871,769.1871272159838,771.0685957974267,2160.7586278544195
2025-01-14 11:30:00,762.6172920858551,766.8242491839029,756.672954182464,757.6285959582141,8679.036914210907
2025-01-14 11:45:00,763.6107004485681,765.3258535252124,755.2833929455003,763.6280843618628,3234.934809511029
2025-01-14 12:00:00,771.6950836850846,769.6737551171545,761.6073208635,768.3301456784811,6262.686213992093
2025-01-14 12:15:00,780.6598472062315,789.5645186595166,780.0760437029659,781.5293500156632,3736.870835939668
2025-01-14 12:30:00,782.5326730457806,791.9917562503035,780.745013909173,789.7071709092863,9913.741495990942
2025-01-14 12:45:00,781.4242885856321,786.815435207791,772.5655685101495,780.3522369765196,1136.8655174671387
2025-01-14 13:00:00,785.6918572539678,793.2415545923095,780.5204806394622,792.8927628589923,178.8283052350132
2025-01-14 13:15:00,792.0037705812538,798.319856411098,785.9418191451186,787.7089701572397,351.93324544072277
2025-01-14 13:30:00,788.6426561453335,794.7525986568487,783.5389928744814,793.5105845994817,6406.573900866306
2025-01-14 13:45:00,774.8585233694629,779.6469071345555,771.4152059238623,772.4909251434547,6165.506101784956
2025-01-14 14:00:00,774.5532694282981,773.3721069572601,766.8372783954894,767.8803458481987,5827.479477048836
2025-01-14 14:15:00,765.3688506331534,765.8052583987752,759.6466966196894,760.874013373573,6775.905506946346
2025-01-14 14:30:00,789.2031871274111,787.251068748885,778.4071133872322,784.8412275081793,4133.847771754627
2025-01-14 14:45:00,766.3683336294773,771.9245681615694,762.4207086593545,761.4468326238367,4603.07142770491
2025-01-14 15:00:00,752.6458656078232,759.3911271512044,746.4054686903974,750.1524352086872,334.8747358272418
2025-01-14 15:15:00,743.1849411985905,744.8895358190683,738.1394944055701,737.8237263516544,1320.5793400046214
2025-01-14 15:30:00,706.1803572634639,707.3556699795118,699.016436322852,701.2727057423133,3384.646736668167
2025-01-14 15:45:00,721.10326023744,724.5427240525734,712.2671698890975,719.5703460509527,6576.492956047997
2025-01-14 16:00:00,736.3598434653536,740.4500544258647,730.9368591739063,735.0479445683615,7403.238192077173
2025-01-14 16:15:00,710.5172335558345,720.4103649355573,708.856417686282,715.5499698579241,5623.051238636141
2025-01-14 16:30:00,735.3033458386235,740.6230284791243,734.788723119948,733.6926187981805,7856.1086255036025
2025-01-14 16:45:00,728.0194881482547,734.6632983403,721.6630644775363,726.231018676742,2884.6770571355974
2025-01-14 17:00:00,716.7769481091618,722.3889820891662,716.3380013566662,717.644685014855,5117.284722605458
2025-01-14 17:15:00,730.4488888400588,734.8692524458897,724.8462275958642,727.0142585991787,246.20730166257871
2025-01-14 17:30:00,736.2886218518912,735.0034047052411,725.699640224285,731.0351516035215,8045.206535531071
2025-01-14 17:45:00,731.1987401404424,734.2931433880665,723.7786220263953,727.7638836512796,8099.416691585215
2025-01-14 18:00:00,735.0754513185196,739.6882494743327,728.4234781817934,728.5752881766207,2371.1165429901093
2025-01-14 18:15:00,730.2862009491013,733.6293965019356,726.3837205502216,734.1605678072532,4039.041054881546
2025-01-14 18:30:00,747.313580919128,752.4302577347025,743.9408592672447,745.6271650212989,3718.572428128275
2025-01-14 18:45:00,789.0398167971623,790.656719734246,780.3531768103906,789.9577480263216,1050.0910493336296
2025-01-14 19:00:00,802.5736753669039,803.6368104328814,792.3812857215437,795.9356058631146,5800.7788821500735
2025-01-14 19:15:00,789.9696091021365,799.3266406793555,789.8001465205401,791.3852009564014,8354.83649608203
2025-01-14 19:30:00,764.6514102718734,775.3183699035081,761.4520614823606,769.940142839173,587.5723418936846
2025-01-14 19:45:00,781.1524363145863,788.2354700065888,774.448903727222,781.898431464053,4432.310373483101
2025-01-14 20:00:00,789.956159455036,796.0641824718891,784.6138801405382,790.9963807587582,5987.446598646333
2025-01-14 20:15:00,828.9980369697896,831.8589619294313,824.898704224365,825.5996386113969,4184.54627699973
2025-01-14 20:30:00,847.7766282299025,850.7326348021296,846.2137106987758,848.2888466245776,4565.404097860801
2025-01-14 20:45:00,833.5445620479454,842.4971092989925,831.9099351185735,835.2108379756296,779.5379336656038
2025-01-14 21:00:00,843.2387965816125,851.2728738555618,839.6166735199469,848.9145650311128,8795.397895749278
2025-01-14 21:15:00,841.9914749981398,847.5307303387841,836.1571098020083,837.7185525471708,3170.0610670213096
2025-01-14 21:30:00,870.416126554958,873.4992868001139,859.3158655128482,865.8583976914133,5704.386354707539
2025-01-14 21:45:00,845.0480053445667,847.6149973410144,836.478527115179,839.2406333369726,8316.642528270859
2025-01-14 22:00:00,855.1058647594238,863.7843631678261,853.1457728013404,854.0389371111121,1171.9529309283218
2025-01-14 22:15:00,882.8985440763099,894.2192983069817,882.0619174990528,889.9135893254671,5881.23944442597
2025-01-14 22:30:00,887.8134788805614,893.0845854992965,886.7025997314478,886.1045453627606,5880.603298281694
2025-01-14 22:45:00,895.8437160770947,905.5895670829373,891.8305663313469,898.2013507471695,6702.393667496656
2025-01-14 23:00:00,892.9172232077688,899.6338234247829,890.5214422398491,888.4635766883996,2867.9866489355877
2025-01-14 23:15:00,904.5335700421354,908.0510799421578,898.9928804289144,902.5543434744652,688.2956331177608
2025-01-14 23:30:00,888.422871072432,896.1921747797088,885.83842184049,890.4705464696343,9288.821941475147
2025-01-14 23:45:00,880.6659015687319,883.3768386190143,878.4023414267348,883.4491541092623,6759.774160424347
2025-01-15 00:00:00,874.4230424316811,881.237993318475,871.4271162443721,877.4465108846016,5467.739127788869
2025-01-15 00:15:00,881.9467565951921,882.8648140332344,873.8989690127624,876.0417932205155,432.98987670736784
2025-01-15 00:30:00,875.1160160735449,880.343342703455,868.330449370419,872.7182919862303,2624.1234618945177
2025-01-15 00:45:00,886.9534679120809,892.7750082598076,883.3457337295731,889.8016101915202,5425.380611678769
2025-01-15 01:00:00,895.3044830716983,896.9563992857269,889.4748562053556,894.574629831489,1922.3135556551701
2025-01-15 01:15:00,893.3696278242913,898.7980762310891,886.2482608564192,895.9123629850199,6095.9974508945315
2025-01-15 01:30:00,901.9329549220756,908.1837315771737,898.2188064863508,902.052257881448,5517.213674511931
2025-01-15 01:45:00,893.1126103392453,900.9344360985248,889.3923223089222,895.7553611663692,3181.1688821435055
2025-01-15 02:00:00,883.1135320071843,883.7104303604714,872.4740898110823,879.4229368761347,8378.037182497621
2025-01-15 02:15:00,860.1836594971868,867.4251060949958,857.8558377639547,865.620094291679,1506.0564950814978
2025-01-15 02:30:00,849.9174287169639,853.8212556732583,843.927800230826,854.7861402316547,4154.692102752455
2025-01-15 02:45:00,847.6524820712422,853.2970319741727,844.2231465850551,848.2315924274427,6819.594774745471
2025-01-15 03:00:00,848.1565098163819,857.4421651111163,844.8205282942798,850.680067374881,100.91319789050488
2025-01-15 03:15:00,881.4187754677748,883.5919842888417,874.7327061569326,880.5177945953918,6873.978256762171
2025-01-15 03:30:00,874.9637846697508,875.7225799651469,868.3401023761836,870.0012694851226,8737.276868668998
2025-01-15 03:45:00,874.8873083787307,878.4918160983775,868.0361288323686,873.5009733209623,6566.831325796352
2025-01-15 04:00:00,896.2369586391939,906.8367252893865,892.7931178920925,901.7507911624579,933.8897274017785
2025-01-15 04:15:00,925.2696901056796,931.3271793189912,918.0695153456275,923.6569799450873,6714.756289918345
2025-01-15 04:30:00,962.8250985079205,972.0718698212222,960.9116330454896,966.1302577156914,2242.174097714607
2025-01-15 04:45:00,1006.9326426423349,1012.484281743193,1002.3802094121627,1008.8971474538621,3093.3496077131435
2025-01-15 05:00:00,1002.4223598593431,1007.3210111986853,1000.060963614682,1002.8626924964417,3006.217295575542
2025-01-15 05:15:00,987.0051215418898,984.8017219322613,974.5696611178813,979.9589634196424,3457.41169598148
2025-01-15 05:30:00,981.890389386762,989.9441583261819,979.3030086314274,980.7189424909494,1201.4845200851219
2025-01-15 05:45:00,975.8445448246297,976.6878156203841,966.5128677939363,976.4154373667772,5249.225810910607
2025-01-15 06:00:00,972.2984239163685,974.1010718477993,964.3325822769472,963.0315624048305,8841.34997163328
2025-01-15 06:15:00,970.6893287703244,977.5288946565483,967.0006461316677,966.9414169107353,1574.2340997922154
2025-01-15 06:30:00,980.8855493774851,983.6051161534824,976.0226182028053,977.7632760257344,9773.178575816373
2025-01-15 06:45:00,994.4435640600755,999.1056726700812,988.5740378625302,992.0892644835586,620.9004468285975
2025-01-15 07:00:00,976.5120910703704,981.2269276228959,972.35042401931,980.9619596039621,1136.3182997118176
2025-01-15 07:15:00,964.602445694142,970.3439637746058,957.5543234500166,964.3458605076659,115.50987878879332
2025-01-15 07:30:00,971.735697633798,979.5257297110452,968.0205046438732,979.3086694923147,1463.151828083455
2025-01-15 07:45:00,965.2458105900625,973.0044538708532,962.0827796640469,967.0800691030413,3752.387995359179
2025-01-15 08:00:00,970.7968857532364,977.2586367883201,965.8971307668195,966.2907377332982,5016.416081700071
2025-01-15 08:15:00,981.7552690028049,990.369515446967,982.6836510941434,990.5162231059104,4043.143742940461
2025-01-15 08:30:00,968.8833822078013,978.4843495650751,970.1597183747377,974.564070360951,3942.30439276989
2025-01-15 08:45:00,971.2857319091838,976.625701287976,967.2562288731742,974.1745143751114,2659.1128373917154
2025-01-15 09:00:00,955.2244040541916,955.7345028226985,947.4647149977283,956.6278210107345,1078.7566015464497
2025-01-15 09:15:00,943.1041337110458,954.5207158095402,945.0364423205685,945.3329885239051,6880.907146962322
2025-01-15 09:30:00,956.3953649269043,965.8498950296622,952.7674448680186,963.0874495192019,7682.965979043573
2025-01-15 09:45:00,975.8714221382786,983.6893746759412,971.9275658078797,979.8415504527183,8236.417499928517
2025-01-15 10:00:00,943.281591917544,947.12533544739,935.9701957635881,944.1290462686243,5498.707861588114
2025-01-15 10:15:00,936.5323771468512,942.8801698142591,928.8630225546759,931.1986727770234,6109.03956468041
2025-01-15 10:30:00,935.8805568386432,938.4929627036825,930.082298121787,933.9104530576686,1824.1352981025948
2025-01-15 10:45:00,929.8564124966653,936.5534840155724,921.4308638954151,929.5167605018619,9217.022436458376
2025-01-15 11:00:00,921.8552723023989,926.8143621452024,912.3183732103795,919.8576179302096,145.4024470371341
2025-01-15 11:15:00,914.6403701557439,920.7625563428737,912.8890619120914,913.0472909137017,7773.113225102611
2025-01-15 11:30:00,907.8349979396542,909.9966996760888,901.1556051127759,902.2103537704077,9519.05035065356
2025-01-15 11:45:00,890.7018237276355,893.3601182458248,881.8200994032176,889.759861639375,6522.690352326288
2025-01-15 12:00:00,864.6979594764314,867.1617714570613,855.4885200137179,857.946917909834,7990.493607244859
2025-01-15 12:15:00,838.0816843066585,847.4769423330298,835.9785131579131,836.3803782717372,6979.436517074913
2025-01-15 12:30:00,862.1536611572591,866.4968421986409,855.9200798739457,863.007303755797,8535.86915705598
2025-01-15 12:45:00,846.727812802212,851.6256549910654,842.8877658399954,845.7416446109494,329.9803120104174
2025-01-15 13:00:00,838.1091745728053,840.2327538214371,831.5979479560206,837.9308017423097,2594.679139230761
2025-01-15 13:15:00,857.9988279110582,857.418552799717,849.9132547908873,854.8651275600369,5960.4736005703535
2025-01-15 13:30:00,866.7615745965777,875.2625339199775,862.6343532430002,871.6057745941714,4137.116504939939
2025-01-15 13:45:00,875.5205658047197,877.0067569143548,871.3283334558073,879.0238314729214,486.1520564118464
2025-01-15 14:00:00,893.4159417856824,893.8870924617909,884.085123804649,891.8881067326403,960.1587903111179
2025-01-15 14:15:00,880.1508454857528,879.2005445110852,872.534757599619,873.1121212493296,8396.030892614233
2025-01-15 14:30:00,880.9203722708503,888.0895735733495,877.8522960984338,880.4044321099968,729.6041507987281
2025-01-15 14:45:00,904.4294875603169,907.6221070679933,897.2106038052505,903.8346890421727,3004.881039204327
2025-01-15 15:00:00,902.798465963043,915.1501570740847,901.9348080381179,910.1764214808027,2154.3387647168743
2025-01-15 15:15:00,916.641007452893,916.2340623533024,907.9573202962118,911.4234371020075,8429.74174551983
2025-01-15 15:30:00,905.2453154596974,905.0453805956212,893.1015821354747,903.5612359844719,1205.6532756662907
2025-01-15 15:45:00,900.6812530352565,900.5751376214232,891.5980691739345,901.8589051235581,1972.7546039212543
2025-01-15 16:00:00,902.0546308637189,901.7468584783377,896.0362579852869,901.3495769172415,9597.347295821977
2025-01-15 16:15:00,899.6162901112391,907.0420090330198,896.7700985796287,900.8033653572942,803.116620476548
2025-01-15 16:30:00,888.703748276638,891.2921534962788,878.3792993744349,883.86819959884,2493.6433998298508
2025-01-15 16:45:00,879.5785311091868,883.7044028418293,875.0981694392509,883.1912479562724,3474.886932416929
2025-01-15 17:00:00,869.8833761520916,881.0222894666482,866.8744463440661,873.5038476197725,4905.853581787258
2025-01-15 17:15:00,876.5374056531018,882.1267937289962,869.805898837189,880.1769407768513,3418.0979049687594
2025-01-15 17:30:00,884.2961406607412,891.9022321110417,884.580059313722,888.4411658019527,1939.8861472629696
2025-01-15 17:45:00,904.285773000528,911.7499623056386,900.3663439834392,900.3388130957638,9795.086041933571
2025-01-15 18:00:00,915.9380209447155,925.9264777191682,915.4619778122602,922.3727203467329,5534.818455688049
2025-01-15 18:15:00,955.6029545065367,957.6102737798573,943.6072587686538,948.462203848172,6374.140511630383
2025-01-15 18:30:00,942.3602136261349,948.8993895475795,938.664750976849,948.3016963926593,5863.065491895846
2025-01-15 18:45:00,942.5207652003907,948.4549470592634,938.037073207233,944.8669611682583,3994.6841761056553
2025-01-15 19:00:00,943.7804586858923,955.082859727953,941.5624174803404,953.3278119989285,7507.52215360498
2025-01-15 19:15:00,954.9917079052005,959.2716562248412,948.2372025613423,948.1734954276316,8489.216718649483
2025-01-15 19:30:00,933.7158881148198,942.0680698101618,931.1007469087749,941.8637005140545,9536.357226254606
2025-01-15 19:45:00,920.8645802893266,928.9750588429685,921.2738908778955,928.3076485536026,735.2096220671916
2025-01-15 20:00:00,900.0954088371827,906.988130599643,892.5646613941545,902.2369683351362,8271.435750472046
2025-01-15 20:15:00,906.8653998929544,911.2916561590677,901.9585361657307,901.4552703682735,9782.724823130291
2025-01-15 20:30:00,894.8420751093674,901.4277479570113,890.665983206011,901.208820979319,3172.7038981037526
2025-01-15 20:45:00,927.9376392838474,930.262478437099,920.6359271224574,924.7187763046427,2361.431191569542
2025-01-15 21:00:00,920.625317684275,932.828877406813,920.9338733591118,926.267511472235,9718.968724378294
2025-01-15 21:15:00,939.4707492531686,938.777654160501,930.6078517973593,932.637381755216,7310.744593428744
2025-01-15 21:30:00,938.3612769720493,944.5593872963341,933.8936250538168,938.9212337020638,4551.863320684327
2025-01-15 21:45:00,936.4918172388864,945.7809715289171,936.122542678303,938.7685493747022,5322.00795730104
2025-01-15 22:00:00,956.5122886106755,960.1765236410251,951.445039924899,955.215997210291,7593.311782589992
2025-01-15 22:15:00,949.4732157691045,954.6702493700786,944.1912144507752,945.8978480566545,6176.990264941278
2025-01-15 22:30:00,948.3376167351252,955.4938455259091,945.098771825021,955.0506580859353,1692.8798109278105
2025-01-15 22:45:00,956.8221158639122,965.4953609269181,953.7725553513562,959.395249687061,3653.097152051578
2025-01-15 23:00:00,963.3207422369222,974.1606472441621,963.9326100109901,967.0997016042946,5969.87558491548
2025-01-15 23:15:00,952.727898812473,958.2619205150233,946.7633298517588,950.6087350915386,8025.6641374173505
2025-01-15 23:30:00,952.2788210739263,951.6550822260059,941.4548380426073,950.5194385288376,8939.856825229124
2025-01-15 23:45:00,933.5235385892811,935.7324920379895,924.7732338798317,934.4970641548426,5269.0219526478195
2025-01-16 00:00:00,917.6557907814212,928.0547805576174,917.2269451866805,923.3145194224097,2529.8885475140382
2025-01-16 00:15:00,937.4275122260158,945.1859568582125,931.477092541772,938.0503292920815,963.2757376450396
2025-01-16 00:30:00,950.3559406068402,957.7114649079986,945.9042011344992,953.9450440226809,4378.990445106804
2025-01-16 00:45:00,973.3009599184898,979.5852741176801,969.168857173026,971.999903082084,3549.4703860538184
2025-01-16 01:00:00,973.9146172210366,981.1369174242922,969.5242238654218,973.206684908142,744.8747681284734
2025-01-16 01:15:00,981.277903801941,985.2224974686253,977.3904256713643,979.1400938726804,4504.567840930204
2025-01-16 01:30:00,990.6647381376357,993.6452901702273,985.2006459881093,984.18680121235,7942.311947402487
2025-01-16 01:45:00,977.2692883584859,979.9119481684621,966.2115076895362,976.6617209041538,8047.729426663224
2025-01-16 02:00:00,1005.7700375258071,1014.7882615144422,1002.2526178280534,1004.3634392417142,1047.8054909933135
2025-01-16 02:15:00,981.9336367616972,991.683197980039,976.5882294377319,981.0959633815797,7556.555925743631
2025-01-16 02:30:00,1003.5650283849823,1008.0241340365909,1000.9939994286477,1007.9636674270292,9633.249882822178
2025-01-16 02:45:00,1000.1093307921658,1008.393254808137,998.8238413812122,1008.4520718821182,5990.997347935293
2025-01-16 03:00:00,997.7977496903458,1007.1272937876822,998.3552802182002,998.813124483251,2142.116807999741
2025-01-16 03:15:00,976.9452227604882,984.3762134839544,976.1826596181747,979.2177028911702,7056.589993380358
2025-01-16 03:30:00,980.5029722876911,988.9462992663009,974.6222884817491,979.0614374321176,4920.0929432648245
2025-01-16 03:45:00,991.1267952879481,998.8118317023292,989.9490190816687,995.473930239802,988.9225394529316
2025-01-16 04:00:00,979.6293590712453,980.0622788385396,970.811199470028,976.8310609607202,4787.258639258703
2025-01-16 04:15:00,963.3003032606632,969.0166871048075,958.1191749279998,960.5001464776333,9863.456835431693
2025-01-16 04:30:00,965.553037375899,970.7948620186899,964.2378048438386,967.5704780304249,3730.039056639593
2025-01-16 04:45:00,941.8549495122525,951.6220521721364,937.2108661784871,942.5587358514695,6528.643421510846
2025-01-16 05:00:00,941.5217809828703,949.1710560724625,940.7512050617268,944.4951413444251,3378.0643895028106
2025-01-16 05:15:00,939.2021441958971,937.9483045190373,928.8694708146178,937.9281363214467,6838.348916358239
2025-01-16 05:30:00,924.5561040735706,928.0090716505516,919.3756547489006,924.7948444685948,7139.864191807572
2025-01-16 05:45:00,948.9146788775046,955.7954569323597,943.5509771895281,945.7942174936002,1954.248787285066
2025-01-16 06:00:00,934.1974157728401,936.7112479103472,927.6175633998157,931.6166096974182,9376.027300148093
2025-01-16 06:15:00,943.5372359832711,953.2416626849134,943.9270976302746,950.7166109446164,1772.3983637494887
2025-01-16 06:30:00,946.2156866917246,953.387811317988,947.2558480410357,955.7037548248154,6442.500133410239
2025-01-16 06:45:00,949.5337794435428,958.3033002391958,946.448520749601,952.3894540586381,3847.8690305310934
2025-01-16 07:00:00,935.086750167878,942.5730301972156,933.7191967343001,938.3167205901036,9823.892736790962
2025-01-16 07:15:00,930.7717803852008,933.0510564551865,922.8189750839155,929.4732269972164,6828.081869930742
2025-01-16 07:30:00,931.6258895416613,941.2972697751042,932.1730993895965,931.2179242417092,7798.237196733485
2025-01-16 07:45:00,930.6460897272852,930.8138544510546,923.3855537869747,931.0924933555902,2493.828730385221
2025-01-16 08:00:00,914.6263326380515,914.63286880625,905.437402729525,909.6625186372346,9641.552965674042
2025-01-16 08:15:00,899.6746273637974,900.2730464596052,894.8860122093954,897.347867190697,4983.164448739654
2025-01-16 08:30:00,878.0295108324026,884.7924420513485,870.5273419008367,875.8598914183806,5916.272515312774
2025-01-16 08:45:00,853.2836752950681,859.7641875972977,850.2853817963064,856.57157688572,6361.154885757901
2025-01-16 09:00:00,868.5536152440418,871.3161339488099,858.3407534072808,867.1291426946481,867.4125720578663
2025-01-16 09:15:00,872.4164500333757,874.9574716449147,863.652830090178,870.5821032734846,5653.5331483697655
2025-01-16 09:30:00,874.7462317893053,880.2234555955346,870.396814076431,872.6717518407804,5579.052643269099
2025-01-16 09:45:00,881.1784208566027,887.1897286742725,876.8995561756788,881.6372529884698,1378.1221157789857
2025-01-16 10:00:00,883.8145825263173,891.0348958340921,885.937840959966,892.6510382865472,3581.4691172684807
2025-01-16 10:15:00,864.9409707721185,873.2105573498881,864.4964389008185,870.4387307835834,5443.091605127374
2025-01-16 10:30:00,863.7491396196376,862.5873500580515,852.0785195195464,862.8776286324717,7879.8345813681035
2025-01-16 10:45:00,874.9260159665312,877.6555760408706,867.441942487421,868.5760631004187,7983.856092724373
2025-01-16 11:00:00,874.0776234244953,872.6378156374388,862.7177385447318,865.5978283801921,4762.929900376813
2025-01-16 11:15:00,863.2766738472493,868.4733252459841,855.5562893896301,861.002196155247,1901.0880421039835
2025-01-16 11:30:00,841.5015287186179,843.4095047267355,829.5852282359364,834.2678030953023,2596.9572783113863
2025-01-16 11:45:00,825.0663469418628,831.1523171352758,826.0912097078898,828.3334012339637,7037.035082394398
2025-01-16 12:00:00,838.2740522289383,843.0758345525974,834.7103622816082,837.5500659352238,3529.5517012369514
2025-01-16 12:15:00,844.8054212546461,847.2272109419114,836.7245216082551,842.9345155098109,9577.614214766078
2025-01-16 12:30:00,826.60207028467,834.405284013842,823.3969747529287,826.4390443579472,8489.054677013595
2025-01-16 12:45:00,819.3357056425322,829.9287648204534,817.9979841935275,826.9282418938801,2531.2454017932605
2025-01-16 13:00:00,823.8141589699543,826.7728110871948,815.5520562578696,824.2109778426262,3684.9548245412648
2025-01-16 13:15:00,813.9082788775356,819.661695493308,807.8670822828403,809.006713878571,9728.564406300744
2025-01-16 13:30:00,828.9856355193394,835.3932655062127,823.1764951351286,832.4705712148887,2967.855766908462
2025-01-16 13:45:00,844.5430750565356,845.3175163016209,837.6195302405381,847.3502941471419,5535.637520936454
2025-01-16 14:00:00,861.4752682964337,869.6882203664823,856.724085181077,860.3104568095179,5057.0851022085635
2025-01-16 14:15:00,883.5178154428501,887.7978668809882,877.187594465496,878.4585543506922,3526.7478719388637
2025-01-16 14:30:00,868.784704764617,869.0630401937466,858.0055784263353,863.2232374601863,8074.6493452735995
2025-01-16 14:45:00,875.4938777600465,882.8642260603366,869.3624293854206,874.2958637009389,5554.679200819058
2025-01-16 15:00:00,848.1545480437762,853.0581507209371,839.7936447917747,841.9381470551263,6288.121734211269
2025-01-16 15:15:00,848.0591143661007,852.5831000400057,840.7753009383822,846.1649344773124,5968.27378698312
2025-01-16 15:30:00,856.1750098433796,860.4200611859005,847.1509487494,849.2807846296823,9689.243749591411
2025-01-16 15:45:00,859.938866673067,863.3176883302052,852.9342888054615,852.8040741515387,1561.3498977889985
2025-01-16 16:00:00,821.5952212732439,828.0267535973773,820.8699974077654,822.4135329974811,2478.160628235008
2025-01-16 16:15:00,847.9347690212929,850.8154906071951,839.7462105482422,849.8672679766831,930.1685451274664
2025-01-16 16:30:00,858.9000620055185,867.9090627118419,858.9263444346644,858.7634026379505,8168.465344884987
2025-01-16 16:45:00,862.1640450344551,863.6288647589739,853.1683838771045,862.2304611804369,3900.5372648690686
2025-01-16 17:00:00,844.6811802206732,849.3305152836454,839.3847340063329,847.6863101021289,2383.844229717372
2025-01-16 17:15:00,859.9275845410423,865.8403978615626,858.5742970849418,858.8659597318299,8295.098192687334
2025-01-16 17:30:00,863.3219035213262,868.5032915608068,853.8687415831293,866.2911713675187,1584.3872101513507
2025-01-16 17:45:00,855.4387671342297,860.5551022595544,849.3817221366086,856.2584746532876,8033.257770620954
2025-01-16 18:00:00,853.1969181358991,857.7033510528559,847.178878970669,854.4864732120236,1913.468736221972
2025-01-16 18:15:00,864.6029138131652,871.5204199973809,857.3544561273242,859.5009102407537,5387.851803746672
2025-01-16 18:30:00,877.7123859887421,879.7098991055683,868.0003678679363,879.0452607997961,6927.099675933076
2025-01-16 18:45:00,877.675609709132,879.0288545335655,869.51944025796,869.9379388558859,2867.5449301296812
2025-01-16 19:00:00,896.2128070007149,897.9631367203464,887.4501444711397,895.6170341506742,559.0478021266345
2025-01-16 19:15:00,851.1312367476121,850.8629438879975,843.5601680048536,848.688167217291,4531.296623006562
2025-01-16 19:30:00,833.2623203300911,834.8092837032568,824.7737782921209,827.0804085185774,1395.1126768257834
2025-01-16 19:45:00,802.2551420141078,811.659367989114,799.3908851302265,805.2996136036675,1648.6085359103172
2025-01-16 20:00:00,787.217296290098,792.2129337272033,783.8924745037025,788.8683963457751,8451.260259471008
2025-01-16 20:15:00,771.8384719828762,780.3871350598613,768.0605892898799,777.1733071489488,8687.67983550367
2025-01-16 20:30:00,758.9110552548074,757.921477192795,748.2330893119336,748.9881485669395,7995.379101759087
2025-01-16 20:45:00,770.9457523185159,778.6878421528468,766.0274990451729,771.8760402672202,7621.142019845294
2025-01-16 21:00:00,775.3412485658702,784.6989501564676,771.2539799204801,782.987536138583,6800.827228964986
2025-01-16 21:15:00,808.7350755427658,809.6702952151056,799.9036845006226,804.0746390256676,5574.640593938051
2025-01-16 21:30:00,781.6818264663867,784.3809338206901,773.8168849859541,779.74212688055,6426.5200616687
2025-01-16 21:45:00,815.9784789678683,818.3310908592115,810.5503637114778,811.7536596479414,4643.235220731477
2025-01-16 22:00:00,824.0530158991812,826.2924196468219,812.626098822217,821.4659205844868,9338.299985434951
2025-01-16 22:15:00,852.4026322783961,858.174538718852,846.2175270908427,846.5723408534891,300.21400714255594
2025-01-16 22:30:00,836.496320881282,838.8697258641607,826.7555499288582,829.8416448118724,6345.90542955031
2025-01-16 22:45:00,823.3273681653196,827.2888033243762,817.3536422864908,823.28963881286,5274.7138850021065
2025-01-16 23:00:00,828.2193082129156,834.6005033727988,824.9855379325982,833.2299107246415,7819.133741965388
2025-01-16 23:15:00,844.6732893317673,847.5836474156387,837.5628742746726,839.0537670170346,5278.297461929789
2025-01-16 23:30:00,808.7882927236203,815.3243702607639,805.1085591555426,809.9494836869097,6124.571835486667
2025-01-16 23:45:00,821.8307203638913,820.7355160082188,811.4242587440588,813.2834759774491,5677.540513265539
2025-01-17 00:00:00,819.4833537134153,823.4165094713064,817.102607481323,818.6068279779918,5068.400275165342
2025-01-17 00:15:00,821.7843849756964,823.0649849472977,817.3158480007996,819.4391356282011,1064.9434549395291
2025-01-17 00:30:00,818.5976191861384,828.3297018297252,815.5723906484269,818.1870926039502,5723.598532808056
2025-01-17 00:45:00,827.4325057887876,830.65257097933,822.9303671121621,825.2753162680353,1519.157578767753
2025-01-17 01:00:00,852.4427421742632,851.5383815651312,844.3105641199775,848.4862900156709,4724.20627862046
2025-01-17 01:15:00,859.0049461046834,867.591391509061,854.2297432168431,858.857210062639,7764.315301149104
2025-01-17 01:30:00,862.3973841653227,866.9696531977423,861.2604362274498,866.6589729374041,3197.229944004796
2025-01-17 01:45:00,868.0545350232823,872.9315609451156,864.3005496099844,872.014909398932,8920.467312141482
2025-01-17 02:00:00,874.6023233017075,883.9454848029326,872.9731172705415,881.8834721156677,7782.205074244345
2025-01-17 02:15:00,870.9666239555055,881.0361309807797,868.143858881216,873.3859185197321,7866.308300055805
2025-01-17 02:30:00,861.6002848664556,862.8894418954318,852.0203723635484,852.8993571594513,6804.853260812374
2025-01-17 02:45:00,873.870276078568,871.9990701485963,865.4678374504181,873.4184937645897,9353.75229660751
2025-01-17 03:00:00,880.5387017447114,882.6800855983181,871.3029502419276,884.1183675354366,2617.6194226190055
2025-01-17 03:15:00,899.4690130579918,903.1392837627959,896.1989466685159,895.6951858310781,5681.923485250211
2025-01-17 03:30:00,898.825056595614,906.3788054747948,900.4948498520696,901.9719454894063,4437.120843417976
2025-01-17 03:45:00,933.719932703025,935.4707989461698,927.2251776968419,930.3257058019219,1823.6223241318896
2025-01-17 04:00:00,945.4099501367396,945.0783632196636,933.4022072893276,938.8840585704041,1536.1239736367827
2025-01-17 04:15:00,936.8915645671092,936.7201826676823,926.2242715730637,938.5365895469414,3981.1995987367004
2025-01-17 04:30:00,943.3182442614916,948.1173750139429,937.187044590036,947.6045977201131,3671.100090116153
2025-01-17 04:45:00,916.352891146902,918.7920181533561,911.2959896832939,914.6790016918671,9197.315755651629
2025-01-17 05:00:00,923.0769774630779,930.1384958926378,920.3593830571991,931.8861922349354,6652.919786437943
2025-01-17 05:15:00,909.4062620105274,916.9366189784865,910.8030280406794,908.5288477192038,6434.629905848229
2025-01-17 05:30:00,918.1170482707048,921.5804136153799,914.6071800322593,919.2071480087411,6072.225639686085
2025-01-17 05:45:00,902.1547067032858,910.7541646918338,898.5094856524997,902.0006422313943,3132.994971503584
2025-01-17 06:00:00,916.2724947869576,918.3013759097672,909.1571706602315,909.1398271557605,3257.4946897603772
2025-01-17 06:15:00,939.5537739114983,938.8567930203802,930.0021864179122,936.7458882510215,9263.431255726631
2025-01-17 06:30:00,931.35923073005,933.9266995415298,926.5346935186958,929.6659977669835,8639.4989081347
2025-01-17 06:45:00,958.7328093329697,963.171714716519,953.2811507342648,960.7787881819694,5918.786348037112
2025-01-17 07:00:00,961.0861499723707,965.0474302139256,953.1172909703399,955.3952127051397,7529.986798178522
2025-01-17 07:15:00,994.144977934319,997.9944423510855,988.1741881667118,993.5022481543349,1936.8163265953044
2025-01-17 07:30:00,1015.875976916079,1020.5698099759354,1011.6647821979701,1015.3871996429096,420.72821718424564
2025-01-17 07:45:00,1027.320260419036,1033.0684387715467,1026.3846978849558,1034.0047048517745,7987.617406540185
2025-01-17 08:00:00,1017.286118090841,1028.744934840419,1018.0055958103205,1017.0258165013906,5222.26588709983
2025-01-17 08:15:00,994.6160421977072,1000.4987078265673,993.8761795012233,997.375934643371,933.3536453926831
2025-01-17 08:30:00,1015.1746140747566,1024.159327063133,1012.0126502063467,1019.7159250987422,8306.16765872869
2025-01-17 08:45:00,1011.7528135578327,1013.0322765262671,1001.6031511274756,1009.5719875064772,3321.5069559098033
2025-01-17 09:00:00,1004.7785090766168,1015.4969142314446,1004.5259923420917,1007.991118792159,5248.497706829029
2025-01-17 09:15:00,1045.9534832545291,1051.4589420827072,1040.7166077827762,1049.408175447775,8022.508784164007
2025-01-17 09:30:00,1037.208914123633,1039.1651833307096,1025.7809353036964,1030.2714526524578,9304.866343835236
2025-01-17 09:45:00,1015.8630803501709,1020.246353287229,1008.369481507836,1011.7048588536418,9858.136911405836
2025-01-17 10:00:00,991.6476539260909,998.8933766569677,993.5431766370159,996.6011017394601,1675.5893407614806
2025-01-17 10:15:00,1018.7309274210517,1028.0815986292523,1017.3680935361551,1015.9529970179844,390.96092849863584
2025-01-17 10:30:00,999.1547716838177,1003.9808707196407,992.6929961744978,998.8277190250376,6175.049928944133
2025-01-17 10:45:00,992.5601083139252,993.5365925902869,986.8275042920567,993.5030861097903,4924.160313913109
2025-01-17 11:00:00,983.9746670599616,993.890823429268,986.2272371673389,985.9775526515471,6851.198944992152
2025-01-17 11:15:00,970.9300428624113,973.9732018440538,964.6053387460385,970.1704289820213,4425.065716998711
2025-01-17 11:30:00,990.5912033146114,994.7293516375616,986.2983608376488,996.7492581158347,4473.958828631357
2025-01-17 11:45:00,996.9127083124035,998.0813592125012,985.9175793837593,992.4691256980033,1215.3306157865918
2025-01-17 12:00:00,1014.4302767350489,1024.8164593654476,1016.3875363753081,1019.7909175512546,6520.8091148302265
2025-01-17 12:15:00,1013.9281775023353,1015.6899293321611,1005.772454893192,1004.5486331200666,3038.7238290733553
2025-01-17 12:30:00,1015.659199526439,1021.780334556673,1009.4412259309099,1017.7496558682371,4357.4386381320155
2025-01-17 12:45:00,1008.0219594945494,1015.8399846461998,1004.1492678414614,1011.4947093586693,4722.103466672814
2025-01-17 13:00:00,1037.5158352070603,1041.2367048458764,1027.0020332532733,1031.4573794389269,3133.224465599379
2025-01-17 13:15:00,1017.0742705797059,1025.3325490726556,1011.438754530482,1015.254583353892,2250.7002721101044
2025-01-17 13:30:00,1003.1620982303998,1008.188735498716,1003.2406103885727,1000.8828008255175,3132.524928774455
2025-01-17 13:45:00,1007.0448266034141,1006.535879260305,999.8836927906076,1001.1331324950603,2081.0337061536275
2025-01-17 14:00:00,982.1371748986063,990.1570970184766,982.8856756528838,984.8861859718211,6575.486659393834
2025-01-17 14:15:00,962.1137871512365,972.8792055424328,958.5396766519053,969.972387776789,1304.5994912781277
2025-01-17 14:30:00,999.5257739133367,1005.2828721270914,995.9817110214668,1003.1870200771473,1986.9583868948657
2025-01-17 14:45:00,988.0148002373551,990.2416358781455,981.7999017127869,986.2332659742742,7859.265425694681
2025-01-17 15:00:00,962.5411666864151,970.575018889717,959.5588553772811,966.9937422364856,7598.8947335415705
2025-01-17 15:15:00,944.7959697503851,953.5971899394417,944.8743057499973,945.5370181269077,8782.32317917946
2025-01-17 15:30:00,901.0858772073778,906.7865381381082,900.2698593442309,903.2353402440658,904.1804831344612
2025-01-17 15:45:00,918.6393664885082,918.1182867502785,908.724223534757,909.7643184987409,4634.11419204433
2025-01-17 16:00:00,915.8320220904708,916.9119268459347,910.9641060895458,917.058191502202,9627.038614476385
2025-01-17 16:15:00,919.2193271040148,925.2120165423611,914.6937877947653,919.0200718567667,4344.613357994655
2025-01-17 16:30:00,913.6324924445287,920.076079001255,908.0770661882334,912.9931958827472,2827.68680219678
2025-01-17 16:45:00,911.3780563749899,910.9557508530715,899.5392098006157,903.3059995916877,1026.5416395693308
2025-01-17 17:00:00,896.2516827039258,900.0527170275403,888.9171201006116,894.778622909139,1401.2714582768754
2025-01-17 17:15:00,901.7231821609125,910.1390163973346,899.6991802942036,910.3787308316689,4308.7640163357655
2025-01-17 17:30:00,886.9322566809665,885.4007518256622,878.7726336879366,884.5135245229939,9533.885365710463
2025-01-17 17:45:00,875.2618473522044,874.6358243002999,863.7524034311293,874.6899077022714,5665.839175906884
2025-01-17 18:00:00,879.9954532291019,882.2633266343628,871.585202613997,876.4881658886635,3098.1705121294194
2025-01-17 18:15:00,882.2941895275994,883.1336267240143,873.6532618569449,878.1055181308257,1582.409846800792
2025-01-17 18:30:00,909.3367662222483,910.3784870703986,900.750074272205,909.1719984479294,5081.56499803623
2025-01-17 18:45:00,892.946310590466,898.7652409973356,889.2380772651524,892.5057281979269,7333.680831874412
2025-01-17 19:00:00,883.2729539392043,890.1613888653093,883.4242095129297,885.6047926860628,7850.329919600357
2025-01-17 19:15:00,882.2238964292083,889.8195822227802,877.624176120122,882.3453249266122,5904.40438205867
2025-01-17 19:30:00,883.433939441328,888.4051346372488,879.6873426811445,880.7543653289324,7772.6136760275795
2025-01-17 19:45:00,869.7674920929412,872.8737555129115,860.8215205422673,870.1795243129333,8538.203099006516
2025-01-17 20:00:00,894.9472404107418,895.1596677324004,882.2847642964479,891.1031264866008,5877.512170161274
2025-01-17 20:15:00,891.7014057203189,894.466700519384,885.1337544292654,886.0094650016831,4171.403207590633
2025-01-17 20:30:00,901.5095250829442,909.2794894471696,900.312226021628,901.7701878619224,3057.1526577414284
2025-01-17 20:45:00,930.1461578456615,930.4066359630897,925.2378297836082,931.4939118090438,8391.469564762132
2025-01-17 21:00:00,924.265384190362,935.9748212415258,924.2687691092486,929.2726010633598,3218.8333079984923
2025-01-17 21:15:00,914.7494108310789,924.620427705474,916.2078082839608,923.3618256580068,9219.330313672916
2025-01-17 21:30:00,894.198639453392,900.6085383840997,885.4700892699589,890.618712149195,3380.221302896644
2025-01-17 21:45:00,889.4953895186975,895.1061400026673,883.9665737134394,887.6921658193925,7123.547476341332
2025-01-17 22:00:00,876.1237167713497,883.9417891449746,871.1969611390873,873.5712876264416,9728.656520730467
2025-01-17 22:15:00,897.2349561140942,905.2382494308429,896.520287699882,899.6859247271803,8297.59732654568
2025-01-17 22:30:00,900.7169061285565,910.0155886251515,900.7768881389447,904.8615296791113,829.1931511752763
2025-01-17 22:45:00,894.9211447390501,903.6343078923311,889.0787988805981,895.6417541534889,5317.9074653961625
2025-01-17 23:00:00,893.3090808002238,899.7116080813139,892.3791373513033,895.6096934909039,7503.754672560255
2025-01-17 23:15:00,913.0021035231633,913.3572620328832,903.37494169656,909.0589867729923,3724.727265287533
2025-01-17 23:30:00,925.4012386880596,932.417732096254,924.1657602761196,932.5751739822797,8035.235211991079
2025-01-17 23:45:00,916.9286873189589,920.9326837301089,915.6282110743804,921.6324898124872,6634.239713405242
2025-01-18 00:00:00,922.0235212804973,927.0228615985633,913.9256313567635,918.3178677697368,3025.1770151962455
2025-01-18 00:15:00,938.5826795228882,944.6759733090445,935.1530141419397,935.0344732954753,4668.666976256843
2025-01-18 00:30:00,951.4917641419606,956.9348880686376,945.4670408819778,951.2450220138298,4924.573217006903
2025-01-18 00:45:00,960.2241214209399,965.4139695837716,950.8756964813741,956.4330919428579,1605.708397239173
2025-01-18 01:00:00,961.4461363333028,971.6350930688494,962.5091485930293,968.9624835849482,8051.225973149423
2025-01-18 01:15:00,935.5689725885828,939.9389067411796,928.4287514257499,933.1702328053958,1983.1573811545093
2025-01-18 01:30:00,943.8027950117264,943.1796985062025,935.223858854705,936.4457385685188,3576.153972619469
2025-01-18 01:45:00,935.6229281820227,940.1129474830949,928.5384766985097,938.169980287569,8799.927387028669
2025-01-18 02:00:00,962.3249452787583,961.4996091727629,952.9745904567516,959.0136564043348,5740.474049084326
2025-01-18 02:15:00,945.5909072305244,950.0039887764846,934.3986655229991,938.6088476127403,9538.58524918297
2025-01-18 02:30:00,905.9851597731638,912.4989050875537,902.9266138666715,907.9144369177621,4763.379806649763
2025-01-18 02:45:00,912.8810510612091,915.2416837534298,903.2931633144008,905.0256508378519,6647.880061346044
2025-01-18 03:00:00,893.4585251211963,898.5383843529909,885.428219600999,891.1230135682155,5124.312139348691
2025-01-18 03:15:00,895.9904663962764,898.9865370542127,889.9239879115552,893.7721619979003,3184.4671319139534
2025-01-18 03:30:00,875.0530861850743,886.3187935640293,872.6438466109109,882.1060147395781,5797.08383468193
2025-01-18 03:45:00,879.8085801651787,887.9510596816704,881.9463756884235,887.5606760321089,2464.3950466304973
2025-01-18 04:00:00,887.7349677731339,897.3713320484733,883.1943934196579,891.2803769918295,3098.275986371446
2025-01-18 04:15:00,864.5910323871717,870.8830797519987,860.5597607507609,862.9829186593627,2563.463761937259
2025-01-18 04:30:00,872.0887534081251,870.4001495375533,865.775591380621,864.299709731891,7066.38374971818
2025-01-18 04:45:00,878.3561595745582,882.5385330249358,874.4463972321615,877.0639439712456,6952.908140737606
2025-01-18 05:00:00,880.185225804539,887.7417642744516,877.4481735881049,883.8761057802465,8530.056574928863
2025-01-18 05:15:00,894.6812861792062,900.6176481854438,891.3282301495467,899.2694208881678,7163.05067669896
2025-01-18 05:30:00,889.8607598087295,892.6349818986117,886.6830485016184,893.5365264344665,9688.627897264676
2025-01-18 05:45:00,889.4595966409393,896.0038963736986,887.9119254922686,893.6953973148493,2192.6796515195065
2025-01-18 06:00:00,888.8315212895411,896.5623633209715,882.0493166721042,885.5143750854685,4271.9781884243
2025-01-18 06:15:00,911.3946317496104,918.938789063476,906.1767997983331,913.5770464354177,633.3637324896812
2025-01-18 06:30:00,883.7605324949994,884.1304205909967,879.4787344796678,881.1394321324846,8902.154034586367
2025-01-18 06:45:00,889.4585586653363,896.2237770326203,888.3783001318251,890.5767923064253,7827.4322907692995
2025-01-18 07:00:00,934.3801124715686,940.1721740680943,930.4768914284632,931.5629201883303,1440.9069219966618
2025-01-18 07:15:00,940.9531846481846,948.9479055546309,941.8680169884894,944.1785542112968,2602.398667943282
2025-01-18 07:30:00,941.962865074633,950.4423013909254,941.5695126997856,944.6996765600608,4010.0484966077415
2025-01-18 07:45:00,922.0059231812521,931.1228478305424,920.6473310617656,922.0550723297301,7391.5552533716755
2025-01-18 08:00:00,936.0012129051473,934.0921241027478,926.4089432968462,936.5950910688069,7759.638051589448
2025-01-18 08:15:00,906.9983951200435,919.3999488445805,907.360757009343,915.6474523828323,2152.758918545507
2025-01-18 08:30:00,905.3839883925848,915.3175346309365,903.589292260004,908.6754358389022,3674.7268842468416
2025-01-18 08:45:00,926.381325660482,932.6582828509421,923.811997528097,932.801588959604,4721.255477060912
2025-01-18 09:00:00,939.7585908156841,942.7415047311857,931.4910553764197,938.199857911014,8344.15115796542
2025-01-18 09:15:00,953.644694061909,958.4436546658792,950.334356781894,955.9695596587977,609.2442033156788
2025-01-18 09:30:00,961.1802546884207,964.5265368157446,958.6760977047041,962.3680550370968,7135.615612513301
2025-01-18 09:45:00,950.7940917556398,956.391282226004,950.4000832639349,952.8301566032064,5015.857330026887
2025-01-18 10:00:00,966.5330571875546,970.9344594104941,961.4729537380719,962.6791786872391,5389.9585350814405
2025-01-18 10:15:00,958.4075483676718,967.0026316309139,953.6250744836287,957.9700340236893,3542.344160450473
2025-01-18 10:30:00,957.6109670425523,963.7010954204214,955.8527990117308,962.9136544454789,845.2373239858274
2025-01-18 10:45:00,968.338185077428,966.4515860622752,957.4486841039978,961.9512846323628,9261.96534930756
2025-01-18 11:00:00,970.5734527936097,971.1178331908595,960.526625189207,961.8367319673358,6260.692605181523
2025-01-18 11:15:00,937.4951963255621,946.6951910704516,936.0262340168917,936.5507299088811,5076.079875071431
2025-01-18 11:30:00,936.3792310326941,938.1675962858687,932.7140078689145,938.9239303021832,5221.294984557991
2025-01-18 11:45:00,923.4395717252036,923.4937465969441,918.0181453424751,915.9254048297888,7154.198518161134
2025-01-18 12:00:00,925.0838093679952,928.7465403355033,921.4622358646409,926.6335649813949,2616.014546282971
2025-01-18 12:15:00,931.5773624970584,933.8952133245955,927.385513571974,928.1206738372555,7011.153502191596
2025-01-18 12:30:00,920.6962234119158,923.1245776196436,909.4538438728374,915.6483897333678,1953.6795056312342
2025-01-18 12:45:00,917.360712016466,924.984295151417,914.8494053449506,922.360571830504,3808.1322890216734
2025-01-18 13:00:00,910.5281200077494,911.0939320013625,900.8188737306403,906.7553874435368,3984.34157184527
2025-01-18 13:15:00,923.7787195600621,927.0263150788429,921.289358027295,925.3686924450354,4980.7726348773485
2025-01-18 13:30:00,933.0040227567114,938.6078620973891,926.1016246123821,933.7192592431743,9237.451745433205
2025-01-18 13:45:00,915.944448142166,917.6235590435339,905.300634821958,915.0140765138265,621.4791687539432
2025-01-18 14:00:00,892.4233735536454,899.0085843283031,886.808199500445,896.5097644345146,3826.8709503505042
2025-01-18 14:15:00,882.6687103614273,882.7958309068141,874.8971890949953,880.2602567283678,8011.969151777492
2025-01-18 14:30:00,855.8791358041259,859.8473002718047,847.6971115934849,856.3752846324602,257.82059411020856
2025-01-18 14:45:00,847.1025269050531,857.7082870781505,844.8103809988152,850.0566506797454,6358.518249057927
2025-01-18 15:00:00,854.8402800651864,864.1897267096696,851.4290724522715,852.7689657809942,7197.874694098346
2025-01-18 15:15:00,851.6948929766752,856.7422592522583,847.9013061750455,857.9302829628119,3025.148986242936
2025-01-18 15:30:00,862.0570817114021,864.6785406809421,855.622454641862,858.5223186650387,7259.003749557006
2025-01-18 15:45:00,855.13364297957,862.1844733325343,848.5056324220793,851.9742391954705,615.2079569180637
2025-01-18 16:00:00,858.3964879498043,860.4609127903901,855.2788333785865,856.778977066927,6758.610745603857
2025-01-18 16:15:00,870.8119265343304,872.3973851788102,863.1166786108791,867.9428384354768,6129.375404398902
2025-01-18 16:30:00,867.3675366628698,874.0466658144137,859.9398600680188,871.6063315737745,4153.103914549589
2025-01-18 16:45:00,887.3826374887358,888.0628152597267,879.5399269057177,886.862341286182,6589.321612210163
2025-01-18 17:00:00,888.9491621789359,897.6729929405792,886.3940177837808,890.7984594791419,8219.46157856478
2025-01-18 17:15:00,898.0886752816366,907.7512760157971,897.3986735645148,898.0729334359862,6292.00850973863
2025-01-18 17:30:00,851.092447441139,854.6363665646315,841.9849887589503,845.9578817026943,8981.471654640634
2025-01-18 17:45:00,865.5571672008626,873.3040283991493,860.4446380781943,870.7691150002807,3283.130586353292
2025-01-18 18:00:00,877.9593846878755,881.0769636903194,871.1484401454851,873.5690958450015,2112.76445969268
2025-01-18 18:15:00,878.7591565446205,882.4512610029346,872.0164285613092,873.0931340387193,6045.008782155962
2025-01-18 18:30:00,884.2679882473528,883.0026964313678,877.7826388592395,882.3613210896701,4826.742569075567
2025-01-18 18:45:00,877.7393724348346,886.8291021870947,874.7094932481076,879.6985770384509,6944.154507645475
2025-01-18 19:00:00,873.8162341468162,878.6907882969791,869.0063142286912,875.7625407386832,4192.278023789504
2025-01-18 19:15:00,872.0624810074996,882.0091308848894,869.6555170397436,874.8940329475346,5874.8570442528535
2025-01-18 19:30:00,869.3342296134667,877.6079459471962,864.5952773114986,866.8885002160455,8918.648496009257
2025-01-18 19:45:00,911.5448617561003,914.1108246702648,905.7869156665593,913.1907180136918,5885.614521385347
2025-01-18 20:00:00,883.7303967643669,892.3896986721345,882.2036326739145,890.5953575513544,8212.736668948546
2025-01-18 20:15:00,870.0817693393611,881.830570555341,867.8431288761344,878.8943227004115,8418.741001666218
2025-01-18 20:30:00,884.3300623766149,892.8245693257506,884.6868997738043,884.3142858529066,3364.7933643180563
2025-01-18 20:45:00,904.7157143641308,903.7634870858626,896.1250472399238,904.3520006751322,9692.106507222581
2025-01-18 21:00:00,889.2487509023734,894.7661440753348,886.4144322413308,887.5153581306043,5716.1765963644675
2025-01-18 21:15:00,901.6544891738961,905.2672452482606,892.7089240508618,899.8124093857965,5735.215566478334
2025-01-18 21:30:00,898.9156323159724,905.5195344736742,899.1850869513261,904.7574394850882,1328.3845136787536
2025-01-18 21:45:00,888.8224948115046,896.2854628472625,885.1990668166991,886.8720972951942,9823.856472672132
2025-01-18 22:00:00,871.0035346292901,878.3307823888554,866.7476605572454,869.0110007798924,5251.372880620161
2025-01-18 22:15:00,872.4665562530477,873.2125030770442,865.0562238422036,866.2022904631866,1179.1455034541293
2025-01-18 22:30:00,873.3559884476778,881.4568562650948,869.6256830700012,874.3913868426927,9416.07703324957
2025-01-18 22:45:00,886.5576781802021,888.7271298647574,879.0335228074662,886.2769087016823,4554.663557863696
2025-01-18 23:00:00,881.9146889240147,888.9530123880367,874.8751810630489,877.1439545860137,8472.505935507974
2025-01-18 23:15:00,861.1608281576222,871.8289308540186,858.9875521564501,862.8562284833162,8091.941979836374
2025-01-18 23:30:00,859.460398170003,867.0646058881067,855.3823227831706,864.9032550805532,3047.9674091184406
2025-01-18 23:45:00,858.7215762878153,862.8637007251631,851.9777312650069,855.1827282318435,9811.82746378009
2025-01-19 00:00:00,855.7841209401914,855.1264629901796,847.5034359945969,856.0624739991287,5218.263483464459
2025-01-19 00:15:00,853.5219464568245,856.7893409029108,845.0642136392437,853.3441771000482,3422.893525633689
2025-01-19 00:30:00,882.8780231538275,882.946304248497,871.5403605401785,879.4164774560782,1200.7794352558456
2025-01-19 00:45:00,885.5967397797972,890.4446934495511,879.647906856367,887.5265225862469,660.1450441590355
2025-01-19 01:00:00,870.4112455699312,874.7580123331969,867.9464466069497,871.4255690016225,1449.6931350523018
2025-01-19 01:15:00,880.914500194695,889.5305575973953,881.5341509038486,884.081410073494,7742.622438700138
2025-01-19 01:30:00,915.2400920155778,925.3559086864666,911.5044813439915,914.3893645404523,9150.292183011727
2025-01-19 01:45:00,910.4730818011644,917.524002440584,906.4812539355005,917.1632111095969,8029.1247977927005
2025-01-19 02:00:00,918.22667070354,930.5767855747569,920.0007646356352,927.5263808241814,8157.370632153805
2025-01-19 02:15:00,946.9527376149318,953.4571826460378,945.3673550635187,948.8708440041956,5858.098449318618
2025-01-19 02:30:00,968.4372941748236,975.2340642343055,966.7779774012553,968.4086955425802,8893.319404013897
2025-01-19 02:45:00,979.6806474101612,980.3185356639817,969.2147747465884,978.5521440127624,6853.879393705493
2025-01-19 03:00:00,996.3667147152245,1004.2639502382017,996.4913571997787,999.9425090271448,9331.866819623054
2025-01-19 03:15:00,976.6275847208708,979.9506020056787,970.5804874100291,973.7983463481651,6518.121002669011
2025-01-19 03:30:00,975.0035412236773,987.4891049378266,972.6119706836918,979.3945264506567,6379.294736887871
2025-01-19 03:45:00,992.5009112812515,998.8056691302637,985.6987362283126,987.2111698722215,7264.9387954060785
2025-01-19 04:00:00,998.3912028834661,1004.8318305029417,989.8868443414567,1001.9141016802503,4470.857902084023
2025-01-19 04:15:00,999.6555602711354,999.9872490083528,995.073402003773,996.3312200700472,8382.304666030532
2025-01-19 04:30:00,983.8081713250914,990.738064949797,979.2558214131242,985.8460695080631,9969.624447038925
2025-01-19 04:45:00,1006.8354252553885,1010.3491288719597,1003.4942623323391,1003.2619703674081,1658.1206533434136
2025-01-19 05:00:00,986.2258300666472,990.1093401225345,984.4501153889549,988.4801798805239,8592.640386013602
2025-01-19 05:15:00,999.9280526658988,1004.4685887332962,990.5149004033856,995.732499731895,262.2732543135315
2025-01-19 05:30:00,978.6954115353711,980.2244194608747,971.818254178455,972.9248294550043,8495.904000359169
2025-01-19 05:45:00,981.0874016306274,987.0506973001244,977.3852579799607,980.0472775773605,9403.608923324906
2025-01-19 06:00:00,979.1792295803314,986.9317600499433,976.7674881138432,984.3659260877823,5473.931120365353
2025-01-19 06:15:00,991.4705561696705,993.7018129715947,985.5175415124709,991.1154572449152,3855.0932712743784
2025-01-19 06:30:00,982.4109751313771,989.7567048722036,976.8931124584977,977.305328227178,5538.814966519429
2025-01-19 06:45:00,958.4378249909261,963.5467713398905,956.0085492320594,956.1186597934071,7780.6329164359195
2025-01-19 07:00:00,993.127770251226,1002.324573130215,991.1397014788636,990.6211221423869,8839.48537963285
2025-01-19 07:15:00,976.8052307140446,983.9044992953467,977.7945214360016,977.6071715641573,6810.782311891638
2025-01-19 07:30:00,980.1680146927986,984.7740116558866,972.7056624620793,980.3890160366171,553.1572850693074
2025-01-19 07:45:00,982.5349790970629,989.0823463112212,977.9864387813384,983.0746627090863,8555.457265100844
2025-01-19 08:00:00,976.3834464060559,981.6024556713854,974.8587459454217,980.4786316143368,4233.649048492088
2025-01-19 08:15:00,971.5436417567422,980.5204185652152,972.5558711646042,979.0865856168289,2118.3632534455437
2025-01-19 08:30:00,985.6652769727044,991.3995454638799,977.6399178372252,987.8876642882093,2312.4118419030583
2025-01-19 08:45:00,998.9195670956382,1010.3105110950272,996.7265067827414,1004.6469178234461,562.4425973423042
2025-01-19 09:00:00,988.2217564882757,992.9796456352748,982.0736625764982,986.6189473024807,6876.677368047514
2025-01-19 09:15:00,998.2757581635065,1007.1826786477108,994.3001148898162,996.7084185722666,1663.548382675175
2025-01-19 09:30:00,997.0741896132146,1006.5452015558662,991.5659912928429,1002.0082694927036,798.9323478251125
2025-01-19 09:45:00,999.6278172038542,1005.6229927762237,997.870270994219,997.4525576305448,7176.668622290843
2025-01-19 10:00:00,987.2197915508638,994.5967957151772,981.877446311577,988.1690352670093,8496.295697986881
2025-01-19 10:15:00,984.8582680298359,995.6679216878807,984.3542034897816,984.6822231277114,3925.022705555212
2025-01-19 10:30:00,990.5236797406302,994.2249451723691,985.8449093231696,994.2793611069518,4721.049969764189
2025-01-19 10:45:00,970.5628323427977,974.9809336745244,962.3562178428367,969.2728602784873,4332.550831411607
2025-01-19 11:00:00,958.2985612569591,968.9417939135914,958.9601876201538,961.4170116172504,9913.130812254181
2025-01-19 11:15:00,942.9677101130691,948.0553119758932,939.9560868191389,945.6483233040117,5892.09829833855
2025-01-19 11:30:00,954.0910043414816,962.4809241779022,955.6817004214478,958.6665904572537,7695.102609954271
2025-01-19 11:45:00,929.9171063414049,933.9396834936593,921.7470750696222,927.7158224673427,6115.620346769367
2025-01-19 12:00:00,942.184256469057,947.3052757379955,939.5784963588075,940.5697035883983,7051.903237227719
2025-01-19 12:15:00,963.3783246869386,970.721407920605,957.6398506998521,967.5259155814507,1008.3263817610244
2025-01-19 12:30:00,972.2202523409715,979.6535182503197,967.5711930531838,971.5470850152171,8543.16541076795
2025-01-19 12:45:00,951.6307860480076,957.2668266684547,948.9463714489941,957.4217598207789,2521.3341137385833
2025-01-19 13:00:00,964.9427443930769,964.3467317485996,954.6665700606501,955.9505634367845,1244.1003089225007
2025-01-19 13:15:00,944.321440803066,948.1866481647721,935.9556341556257,943.5760340265675,1815.5529517964565
2025-01-19 13:30:00,920.508388605754,928.3352553068478,922.7117863763038,921.3628928639522,597.70744592274
2025-01-19 13:45:00,919.9703132176397,926.7844061713242,916.1487625592688,927.4458059907054,5466.880764246875
2025-01-19 14:00:00,925.2358337697226,932.3917512835777,924.0143414157054,928.9711327117221,1518.421350324723
2025-01-19 14:15:00,927.4132982561224,934.9513213254356,925.3161014001695,933.6734479986661,8418.694403249108
2025-01-19 14:30:00,930.5379181587675,941.2970529228078,927.2345102752594,935.2437618565367,7904.487703165586
2025-01-19 14:45:00,940.7586337392111,940.6148230391617,933.4732731018163,940.0888617873331,2020.3498892631023
2025-01-19 15:00:00,953.2299225012077,954.7390587176372,947.63981002537,955.6110814216493,4770.349547334863
2025-01-19 15:15:00,967.2981568875595,973.1462137566139,965.627855388815,963.9407537269121,9575.748930331156
2025-01-19 15:30:00,959.9069399351166,965.8077448136132,960.2355015105867,962.9650274128703,1085.1316873609187
2025-01-19 15:45:00,979.7848441883959,986.112250641241,972.540212360408,981.5125317763327,852.4506185259082
2025-01-19 16:00:00,959.6688027223938,969.8216175671535,959.645386198374,958.903759901301,6426.337946850411
2025-01-19 16:15:00,974.8454713301179,984.4364610647987,973.4196022959952,976.6612326377146,3650.233613066723
2025-01-19 16:30:00,984.3771268130114,988.7160890703924,981.4064615315208,983.8664118078462,7766.240977132736
2025-01-19 16:45:00,995.5801186763048,994.3914916320427,984.1966616244804,996.6835110146953,6636.916799826013
2025-01-19 17:00:00,1019.5189589444437,1019.114331292167,1010.3744938058153,1013.4069375666817,9020.036982625625
2025-01-19 17:15:00,1043.5423382408517,1045.8803125486227,1033.9937861248393,1041.788307092359,4623.63526217143
2025-01-19 17:30:00,1051.9768508241918,1057.0557130910029,1050.6251301255984,1056.3395193277076,9188.38418793708
2025-01-19 17:45:00,1057.2047282060628,1057.0360286421317,1051.0156729577839,1050.1834545595495,4550.9449532625395
2025-01-19 18:00:00,1034.373069493696,1044.3402793554894,1032.4795714481252,1042.8385818951758,6316.995765132839
2025-01-19 18:15:00,1039.3024761548074,1043.7243997707237,1037.536247456447,1036.6473173320728,2714.070514421949
2025-01-19 18:30:00,1038.2445276636815,1045.0416618891854,1032.671026693887,1037.2450559461327,1163.7818159042397
2025-01-19 18:45:00,1066.9770771603517,1077.2681201335424,1067.80567728843,1068.2227264784385,1243.1970784859384
2025-01-19 19:00:00,1066.7942183854336,1071.667161157108,1062.4417851490127,1070.7179798671307,1489.4462474411548
2025-01-19 19:15:00,1039.9392085489715,1041.510082329702,1028.37141103568,1037.3293398222468,5921.663540756836
2025-01-19 19:30:00,1030.518595504117,1041.881906975913,1027.1108711546203,1032.9028745776852,4077.1691181494275
2025-01-19 19:45:00,1024.6827818146094,1034.506665607358,1021.9141519254939,1030.4583883316293,685.6229449795428
2025-01-19 20:00:00,1034.5148852374793,1034.9984156001813,1023.9996959722048,1034.3547391228176,9534.92374060864
2025-01-19 20:15:00,1045.9063979904581,1051.5951395811803,1043.0143032375247,1049.8608188384171,9816.891665329984
2025-01-19 20:30:00,1059.7347046803807,1062.8182442230207,1053.78090166383,1060.8684105713103,4573.370839293599
2025-01-19 20:45:00,1102.6665717027656,1103.5336169572445,1093.8144859162637,1103.3588078152156,8816.040310670944
2025-01-19 21:00:00,1085.7473358762277,1096.2366641036533,1084.8734323005913,1086.5869169808384,746.2952964848696
2025-01-19 21:15:00,1092.14032875819,1101.6954680512447,1091.3039329393857,1101.4234747235967,7848.008090490211
2025-01-19 21:30:00,1113.4738728904808,1125.6927873386894,1114.0623598842228,1121.944486715916,5423.6367429982465
2025-01-19 21:45:00,1104.2360560905302,1111.9528164545607,1098.4206592816054,1103.423636741587,1395.6964148797952
2025-01-19 22:00:00,1098.2611966508189,1104.6742012723914,1095.700918756274,1096.8359980985692,3262.022334082237
2025-01-19 22:15:00,1094.5356321565725,1097.080246883675,1092.0337588279367,1099.0640030403551,3597.53323453326
2025-01-19 22:30:00,1072.3330839414584,1073.5431727768564,1065.2319811224686,1066.3801102540406,7949.35994733121
2025-01-19 22:45:00,1069.0534761663027,1066.5545046297234,1061.1168726298008,1065.4300905880557,9822.046612016467
2025-01-19 23:00:00,1061.2676153034013,1072.5613371811555,1060.0185292769313,1062.0639406037703,8964.95875056198
2025-01-19 23:15:00,1061.7814643897432,1063.4807549993973,1053.7074498880822,1063.9724535846597,1759.5113168884895
2025-01-19 23:30:00,1046.239883748137,1049.8204238431408,1037.9853896025256,1040.4489969571944,7255.922959326841
2025-01-19 23:45:00,1036.9115787009805,1045.9071235678068,1036.4799084369029,1040.6594313298162,6797.480134318972
2025-01-20 00:00:00,1030.159597259639,1038.4530440339634,1026.396749425659,1030.2601619053073,8092.04060236476
2025-01-20 00:15:00,1039.3274224405013,1044.0797760868531,1031.6235652599223,1040.7571957750415,8862.43070495714
2025-01-20 00:30:00,1019.6796163715736,1018.9593331493971,1011.3082997525051,1014.9566249081317,9982.933082616455
2025-01-20 00:45:00,1015.3358135615899,1023.2745212785775,1015.4461236572351,1023.0312234097955,7913.036924433101
2025-01-20 01:00:00,1026.168796480863,1033.984778198238,1023.5975583777127,1031.894831239531,3782.3397460995257
2025-01-20 01:15:00,1038.4761538095775,1044.9014639120294,1035.3696745964662,1037.7001353301987,4933.777989284533
2025-01-20 01:30:00,1036.2914185237348,1043.3215502777198,1033.027982288239,1037.5846886791694,8953.555690574303
2025-01-20 01:45:00,1020.5774574981618,1025.1251476240034,1017.8312963040588,1024.5969037676039,7666.077158889635
2025-01-20 02:00:00,1028.4093928679833,1037.964387883696,1026.0023773815717,1036.0880742472839,9122.430436494566
2025-01-20 02:15:00,1016.3561281251408,1026.6144463445673,1014.6209151414678,1022.2376068594048,2968.570086422099
2025-01-20 02:30:00,996.7204517723698,1001.7786267573584,988.8267144200047,992.9602805168817,5859.775065042612
2025-01-20 02:45:00,1028.3359100476434,1035.3646258246629,1022.0832866900827,1031.1258852430035,8967.495632406668
2025-01-20 03:00:00,1005.6547876334104,1004.987870961665,994.9486999326891,1000.7108362915561,3335.993072418508
2025-01-20 03:15:00,996.05385752298,1000.1191172901325,990.1381054889631,998.8910838289836,5441.647972140689
2025-01-20 03:30:00,989.6164600533662,993.5766649501137,982.2715641599077,982.2181988028025,5678.548234184612
2025-01-20 03:45:00,988.4984445211472,995.7378080949621,988.8540185092317,990.7873281011917,6451.061849773812
2025-01-20 04:00:00,975.7002681327897,983.5704996127315,972.1855504491326,973.2895999901286,5680.046330012033
2025-01-20 04:15:00,955.820456476828,962.6618944290584,949.917906763943,952.1838610840721,6953.692403793966
2025-01-20 04:30:00,965.7279092420645,972.5120305425841,962.1449854555693,966.7209078601098,8395.514257578918
2025-01-20 04:45:00,956.1455571166936,966.4862731349829,952.1447144263087,960.6322644575524,6870.356532398062
2025-01-20 05:00:00,957.5816544172857,965.1617141670564,952.700811649541,955.5695913106925,4124.518834104944
2025-01-20 05:15:00,993.613073604728,1002.4631648353047,991.0913233691161,997.0013879962066,8036.800541623524
2025-01-20 05:30:00,987.2920100089175,989.0763607842028,977.4482640053158,981.5740085046328,5866.914579428458
2025-01-20 05:45:00,963.9631066232694,970.1725981886159,962.944981889598,961.7548621154846,6129.147279606742
2025-01-20 06:00:00,965.2057409476806,974.1997697997873,963.7377304790583,964.6149043685492,5262.696585842467
2025-01-20 06:15:00,964.3835150983722,966.7220540564225,959.3567472022997,958.5459351635803,6866.720210203048
2025-01-20 06:30:00,977.0080118660754,982.9815267417749,976.0011302706401,977.9461206699806,8827.68220454823
2025-01-20 06:45:00,960.7085700546545,962.7776914540642,955.2234717066086,955.6238991304693,9009.000989119411
2025-01-20 07:00:00,939.1423825694271,938.8439365388225,930.2884539313584,936.3395904756728,7195.101570937208
2025-01-20 07:15:00,930.6593998840144,936.2065586076636,927.001131097345,928.9867084076443,2842.790934595003
2025-01-20 07:30:00,899.9735312328298,902.3364208978435,889.263918444018,892.0348660701505,8093.133895980389
2025-01-20 07:45:00,888.0776142026834,893.2288604583597,884.4257451077872,889.0611201805481,7859.141915156867
2025-01-20 08:00:00,876.8078215522985,884.5156807217779,874.7788461876836,875.0359776590664,8509.820843736215
2025-01-20 08:15:00,894.751692222528,892.3585942154506,885.1101721225555,889.3735186419344,7707.456707096468
2025-01-20 08:30:00,905.9934602468918,909.0721863825538,899.1832610336924,903.1003519089124,6482.2864266879105
2025-01-20 08:45:00,937.9259019146226,942.3503759447256,931.8549078544723,942.2687633811183,7581.873455062607
2025-01-20 09:00:00,957.241149092629,962.1038135643419,949.1461190766923,954.3184284127843,6149.823082117927
2025-01-20 09:15:00,953.1890975190971,960.5692430392752,950.243515841526,954.2256989289106,1591.9719369961415
2025-01-20 09:30:00,954.8713546733925,956.8355916912896,946.4777267775041,950.9832571883024,9681.642788435494
2025-01-20 09:45:00,939.1864953658223,938.3585797665132,931.8690680417631,933.5822136114755,5346.409059004204
2025-01-20 10:00:00,934.1114458886115,942.7136851472347,936.6862519482061,935.0774882070245,2360.8275815282245
2025-01-20 10:15:00,957.5912681015016,959.6115208164102,947.6559473316793,957.918252240906,6138.660883221327
2025-01-20 10:30:00,949.8676435476256,953.4848318349178,942.487481601008,951.0972887174593,7858.82331984041
2025-01-20 10:45:00,940.7732491415738,947.172185520599,939.052354624583,941.9319300722609,584.8255900874251
2025-01-20 11:00:00,959.5118885009496,958.1147519455576,949.9119460943115,951.2372747629242,4105.018105898929
2025-01-20 11:15:00,990.1873309489166,990.2249625667922,979.0605341493839,985.184763489268,1510.1900340181246
2025-01-20 11:30:00,976.9668321697038,986.9643162614469,972.843452652553,979.3287739566672,4521.26677122997
2025-01-20 11:45:00,976.9921627170944,985.7775376120125,979.1406365146735,979.5253746275529,7951.942628575956
2025-01-20 12:00:00,977.9155237316912,985.1481554030256,978.9283233579043,982.7981421671714,6799.413264502008
2025-01-20 12:15:00,973.3915414362817,981.5937730287077,966.998308840516,973.1654881844648,9448.433434243369
2025-01-20 12:30:00,1004.7516233161268,1005.4568390615253,1000.668445835072,1001.0782031331373,9457.687712908668
2025-01-20 12:45:00,1013.4700232600668,1018.0012618801534,1007.1315262817935,1010.4053769405799,1875.191342306574
2025-01-20 13:00:00,1013.2487865512685,1024.7611221682166,1012.3014710009045,1019.2178199320487,1539.97912964137
2025-01-20 13:15:00,1032.3862399638003,1033.5781287539735,1024.5576524172207,1031.7802089066909,1427.4277979575836
2025-01-20 13:30:00,1025.2269878131897,1028.2524686442614,1020.143592033853,1023.208424338369,5913.802495491886
2025-01-20 13:45:00,1019.8054769819709,1027.116533726811,1014.9496245317084,1022.9720838174165,5030.267687391124
2025-01-20 14:00:00,1024.6472378202006,1024.611906795469,1018.4875623729687,1026.9020347147248,4577.379031912805
2025-01-20 14:15:00,1056.479478330453,1054.1553656857695,1046.3497188012225,1054.127587025788,8088.1982113246
2025-01-20 14:30:00,1045.2490437326603,1055.0375125505304,1044.5747139311045,1044.0445806220632,2138.4083623311544
2025-01-20 14:45:00,1035.268628882369,1043.3562476837521,1030.414393745047,1039.2383264325065,8289.057462539637
2025-01-20 15:00:00,1033.6067153228605,1035.3701104759486,1028.991732219518,1029.4973287484493,8684.320182009471
2025-01-20 15:15:00,1043.0582484201805,1051.8957977274936,1042.58898593151,1050.3958578239015,2333.503219198177
2025-01-20 15:30:00,1072.740951997506,1076.5782944076389,1068.806235885474,1068.3180463535532,9329.231713317615
2025-01-20 15:45:00,1078.1671331780933,1080.0176934731815,1074.476733864482,1079.9085055916564,3072.700223661165
2025-01-20 16:00:00,1067.629589203683,1074.0979658964307,1064.0808327319903,1065.1623152610464,8073.531790560813
2025-01-20 16:15:00,1097.2445124902233,1099.349216697073,1088.8557546256054,1097.745319319232,2795.5045351780204
2025-01-20 16:30:00,1106.4161906349634,1106.4372931199082,1095.3297299720396,1107.1061712929989,8593.908801718739
2025-01-20 16:45:00,1097.9959773374085,1106.625426743444,1099.9784291028582,1102.3713769652115,159.55454755829257
2025-01-20 17:00:00,1118.0668176106738,1119.9002393569783,1110.6239900026485,1117.7122411908686,5335.938265985198
2025-01-20 17:15:00,1123.9163546325626,1125.471050188878,1116.0201125894716,1116.63833951361,5903.259828152454
2025-01-20 17:30:00,1113.7156493776843,1114.754025351711,1105.0562039781996,1114.4603340808328,3653.746395177622
2025-01-20 17:45:00,1097.081556632194,1109.7968699182022,1094.999474443471,1098.859345051991,1729.3257742206345
2025-01-20 18:00:00,1111.5919997863607,1123.1094846872306,1109.3436242833986,1111.7296258184144,3607.1583169777987
2025-01-20 18:15:00,1103.9630290257014,1110.023217243137,1104.415474155741,1109.4469369391409,4027.230815398707
2025-01-20 18:30:00,1106.6353045975086,1112.3960159910325,1098.5885288119548,1101.1190754394427,680.0732712579099
2025-01-20 18:45:00,1105.7242278388142,1110.003358047494,1098.3502198225124,1103.4955836818397,2393.480218004382
2025-01-20 19:00:00,1108.2697279267256,1109.3408051171652,1102.3360780464784,1107.9491143893374,7739.7866022042035
2025-01-20 19:15:00,1110.3639017876772,1115.4283609606562,1102.9721819513304,1107.91377060274,5181.845895316045
2025-01-20 19:30:00,1098.127216166571,1100.906160791545,1092.43918174645,1093.8455846829017,3296.9859234932865
2025-01-20 19:45:00,1111.5172707670547,1116.369047732731,1106.5443175954986,1106.5271306321356,4330.185010877839
2025-01-20 20:00:00,1114.4701421509167,1114.8115714301534,1104.5347819767178,1109.1952558125247,9600.630615621594
2025-01-20 20:15:00,1110.7578578758107,1113.5403124743577,1103.9763102372522,1110.5629488262268,9470.86485212344
2025-01-20 20:30:00,1141.488144271016,1150.1118134099431,1135.9921228578069,1139.9713891956003,319.8903253087485
2025-01-20 20:45:00,1159.8679792773953,1162.5317644956483,1153.5976677999686,1159.017236896716,1346.5338383810943
2025-01-20 21:00:00,1169.4465527314137,1172.089529231771,1162.6570678722442,1169.1874537771032,3250.0357706394593
2025-01-20 21:15:00,1181.278759973064,1187.2423458470635,1173.3788410978523,1180.8304763446968,6012.545249949349
2025-01-20 21:30:00,1189.3665184231468,1192.1354466210298,1182.6597440413827,1194.7026271419652,3889.399493552196
2025-01-20 21:45:00,1152.1252871042016,1159.9370559965166,1145.7905693608989,1154.2971031706966,4588.671442051043
2025-01-20 22:00:00,1157.0112966118897,1160.5706186388686,1145.9721256545708,1156.934759100305,1233.5570603525289
2025-01-20 22:15:00,1143.0471500851847,1148.1097514512253,1136.996864545776,1141.0946230245975,2475.3515942656145
2025-01-20 22:30:00,1146.1456109982983,1152.327334830309,1140.8355352768742,1150.2329102824106,7415.514355845721
2025-01-20 22:45:00,1144.2517746433023,1146.8988316591283,1135.7613366384421,1143.895990007256,970.4309374947883
2025-01-20 23:00:00,1157.3375501114845,1163.4838072437321,1152.188891912528,1159.3588298429345,8014.89887578781
2025-01-20 23:15:00,1177.3929277745683,1180.281310507309,1172.1074578554212,1169.4723179671223,3769.517653269018
2025-01-20 23:30:00,1173.6739297875636,1178.424916951506,1167.0329601807011,1171.7235657871595,5603.418714131044
2025-01-20 23:45:00,1195.148942114184,1199.7029551220653,1189.2025975636918,1193.3628453726196,9992.754237938298
2025-01-21 00:00:00,1178.135628953048,1181.2241436603033,1170.4124275268573,1171.0754894355955,9889.536471065894
2025-01-21 00:15:00,1176.6449758280244,1176.092150331571,1165.6687142922065,1173.3989936876346,8815.461523654767
2025-01-21 00:30:00,1166.5655661018527,1172.7564175781965,1163.825012433878,1172.5180603954325,3806.7475917033885
2025-01-21 00:45:00,1177.4371268108778,1181.546943737368,1172.8270501546556,1175.2911636080096,809.6891279942113
2025-01-21 01:00:00,1188.513129475921,1193.4162189234353,1180.1341459445482,1184.2318366568174,8404.409072349388
2025-01-21 01:15:00,1214.4247136698352,1214.817674099791,1203.5206289825526,1207.2692771958918,1046.2044192536628
2025-01-21 01:30:00,1208.8767578106879,1207.695413075379,1198.0107909958613,1206.2604549075209,5287.657067579826
2025-01-21 01:45:00,1220.4500530096057,1229.3827615555429,1219.4068420066935,1224.8996451293572,7946.659989425147
2025-01-21 02:00:00,1211.940172821655,1217.0140067035775,1202.7026288658399,1212.532965639954,289.0897813282518
2025-01-21 02:15:00,1220.2393977760644,1223.8359043121907,1217.0099288004067,1218.8350950410563,1763.2977808694814
2025-01-21 02:30:00,1225.8761067681558,1235.6604516623047,1223.1989963566702,1227.1405006190193,6966.681868307255
2025-01-21 02:45:00,1251.132673187597,1253.8729529715781,1242.7898931526086,1244.9004659972568,1685.281181180647
2025-01-21 03:00:00,1263.6669722985098,1264.998139633647,1257.2407530886492,1260.6751863906738,8241.820800249348
2025-01-21 03:15:00,1282.4515832367233,1287.0930171937662,1271.5874315599156,1281.5925934832708,9809.263594828106
2025-01-21 03:30:00,1293.241051758985,1304.2928392508607,1293.201022447068,1298.4887431607028,7451.265645232113
2025-01-21 03:45:00,1333.2555019305519,1340.2951298947162,1328.9362272589196,1335.8667768865362,2821.078184995765
2025-01-21 04:00:00,1340.675094083989,1347.1661891839685,1338.3530767616173,1337.7333024987279,2919.6265612294474
2025-01-21 04:15:00,1360.1123939152305,1364.5495782526946,1350.435299102941,1352.3570863473167,2822.359346631815
2025-01-21 04:30:00,1369.5572772723067,1372.5109853260033,1361.5042798699938,1362.1084087224285,4648.485646065132
2025-01-21 04:45:00,1358.8694681005518,1366.1737265354875,1359.7781133210758,1363.6896554342848,9244.37351402848
2025-01-21 05:00:00,1349.9159731459397,1351.8022839507043,1343.6696767865508,1351.682303802693,301.3925748944745
2025-01-21 05:15:00,1338.2012116629166,1346.8365102548014,1338.5881905001313,1338.2264342037918,4442.414647658943
2025-01-21 05:30:00,1352.6220077433964,1358.3665785309727,1347.529929216712,1359.7792353207785,3794.2636861102687
2025-01-21 05:45:00,1338.4011724177942,1345.6610559359028,1336.3091824018197,1341.85820834801,4372.9082951222
2025-01-21 06:00:00,1341.570623682038,1342.9054736474982,1328.9190978437898,1340.4594947111734,712.2441646504096
2025-01-21 06:15:00,1359.5447146162537,1367.3852441615309,1361.1105461515126,1362.8275335061298,9688.977698276629
2025-01-21 06:30:00,1364.805854355487,1376.1641251922829,1362.5245608868302,1365.659816379211,6288.84791629174
2025-01-21 06:45:00,1377.144202268688,1389.56435132577,1374.6234910916312,1385.86303260223,531.7602046546081
2025-01-21 07:00:00,1361.525524932706,1368.9865534922762,1361.360494518557,1365.5927747774965,2954.045354166037
2025-01-21 07:15:00,1339.0657790357582,1342.976577519159,1331.8475767081147,1338.2198082178986,1972.541021406535
2025-01-21 07:30:00,1327.1692856194404,1331.1938561792379,1321.5794648749775,1330.5324645081407,6190.599129049415
2025-01-21 07:45:00,1335.9854124311685,1344.0443823664898,1335.7723336148185,1337.4964290498585,6143.797971450489
2025-01-21 08:00:00,1311.7892768075094,1318.521661358424,1312.02768385617,1310.94998604558,1061.1720887578394
2025-01-21 08:15:00,1333.7746546631572,1334.1213116131987,1323.135391695433,1328.00895020213,3756.7842196433585
2025-01-21 08:30:00,1339.382889659882,1344.5270512672441,1336.089109858737,1338.066286255125,201.39909127365706
2025-01-21 08:45:00,1338.816921503204,1343.540720172658,1333.9540145215772,1340.6015326821262,2817.081804081646
2025-01-21 09:00:00,1340.9889126082635,1346.8268527173104,1335.3041910702475,1343.7645346061563,1463.968976314539
2025-01-21 09:15:00,1319.1281196182094,1319.2062676445405,1312.3801086850715,1311.239794495414,7052.385767686975
2025-01-21 09:30:00,1324.8526109384568,1324.0412826802137,1318.0951250910837,1319.4104654063792,1506.7514879342496
2025-01-21 09:45:00,1312.7988577955011,1315.3172459181374,1305.9560272766373,1306.3695595966878,7896.325187171726
2025-01-21 10:00:00,1294.808915458251,1298.0155207770397,1288.5510808694848,1295.6199261043712,2367.0031962877997
2025-01-21 10:15:00,1315.9621302527266,1325.3175681766509,1315.2838964466941,1317.1415459619002,8575.49044761594
2025-01-21 10:30:00,1310.6357867835447,1317.3406399098888,1306.4979054867774,1313.1221272414093,351.77937354094433
2025-01-21 10:45:00,1313.46977372014,1318.3282879820501,1307.110131862606,1309.97487938746,6748.056087747795
2025-01-21 11:00:00,1310.5264802038944,1313.548816275332,1305.914144588734,1306.332725880102,5857.5257433641345
2025-01-21 11:15:00,1285.1262796073397,1289.2015364187598,1278.6403593434422,1285.0545079645613,6893.0988312538675
2025-01-21 11:30:00,1293.85103359291,1302.1247969399906,1296.3090375130603,1296.7401874146185,7890.1319358232
2025-01-21 11:45:00,1317.6698393480317,1318.8635463220417,1305.8511906690394,1316.530513303023,3290.5733264892824
2025-01-21 12:00:00,1332.8402306711469,1334.1407524392478,1325.3516309339595,1333.5197740139947,6221.975768263928
2025-01-21 12:15:00,1326.9302355470813,1330.9840108738636,1322.4923758522268,1327.8031779433434,6009.053524131439
2025-01-21 12:30:00,1323.6135226897363,1327.3586469010875,1320.0793668313381,1324.9898539621308,9802.765083522703
2025-01-21 12:45:00,1324.4105946198638,1324.6624660983812,1319.5355757142993,1327.1868232237607,4522.899253787346
2025-01-21 13:00:00,1328.4106107628186,1334.6795334670485,1326.79187014442,1327.4476202076612,4456.608060002934
2025-01-21 13:15:00,1362.5397579034927,1368.4196788273957,1358.2491720651249,1368.2825304982346,1137.4065884158247
2025-01-21 13:30:00,1405.642085810769,1406.1727612586822,1397.7460265907707,1402.0864210244372,419.66501344582014
2025-01-21 13:45:00,1384.2030862068532,1392.280356823776,1381.9371408292827,1389.6231472692198,2257.825792963315
2025-01-21 14:00:00,1384.9669183053097,1390.964358792485,1380.3487680616322,1387.5863561408385,3440.7043240706034
2025-01-21 14:15:00,1412.395298815246,1415.1396426120639,1404.623385531918,1411.2472067496078,6536.92776365108
2025-01-21 14:30:00,1418.3412059097661,1428.2551628784151,1416.703649237413,1424.0662580035978,611.4092287647622
2025-01-21 14:45:00,1413.0589390934172,1422.0133329351806,1409.4319832178255,1418.959451930204,5940.897668390448
2025-01-21 15:00:00,1435.7480795959132,1441.2402315952945,1428.499279279798,1432.6000382589584,5816.157804704691
2025-01-21 15:15:00,1447.9834961438514,1455.9217135234803,1446.3193401083265,1452.5832751491369,5985.230757210752
2025-01-21 15:30:00,1472.5887803686242,1479.2269760046693,1470.711629278548,1473.6495650417,6639.014077269729
2025-01-21 15:45:00,1474.1421911426187,1475.6100935660982,1467.8775103794585,1467.6236269824685,5988.959416490174
2025-01-21 16:00:00,1461.9340913775764,1464.2855741347098,1458.2688407821158,1462.9526184137503,3072.739832342184
2025-01-21 16:15:00,1491.386962363093,1495.5187466407763,1487.816680631234,1485.9363683576414,1436.6673596900596
2025-01-21 16:30:00,1456.232204240612,1463.5858175412418,1453.850918145142,1464.1162128899718,2454.945795564634
2025-01-21 16:45:00,1450.8628256118084,1455.7213986604559,1448.6973994546763,1454.1722163219365,176.93903696969386
2025-01-21 17:00:00,1430.598727000695,1438.3614090109604,1433.2921920796944,1435.4787235730137,4551.568844811626
2025-01-21 17:15:00,1452.7663385881833,1456.5858930816532,1450.0506787798265,1458.480107593758,5163.2427357329325
2025-01-21 17:30:00,1441.4368780591374,1449.797746525999,1437.1159552653787,1445.949995958969,3114.024679039659
2025-01-21 17:45:00,1433.272707160813,1432.792176436702,1425.2646505258213,1428.1702586312765,7644.54089143134
2025-01-21 18:00:00,1417.4172851279059,1424.05042277261,1414.471002094179,1422.4643297016473,4797.998602069639
2025-01-21 18:15:00,1435.239072235504,1442.6959006903473,1427.9737408331068,1438.7873154093222,5542.559257560331
2025-01-21 18:30:00,1414.3721608171627,1421.637090250624,1412.5793547409908,1415.4876250483876,8969.316307990095
2025-01-21 18:45:00,1401.8832382285555,1402.5543548186317,1396.5631879493044,1396.8415212381499,4163.151069941332
2025-01-21 19:00:00,1390.733734883131,1400.209438517176,1390.53716573673,1392.8810077661042,2395.504766760615
2025-01-21 19:15:00,1388.3657982991915,1387.2209963680718,1381.8640276936917,1386.8554711782124,9805.35110976979
2025-01-21 19:30:00,1398.6683208890645,1403.314933664351,1391.3232924873191,1394.8590694859831,3466.866006793118
2025-01-21 19:45:00,1392.0084530386484,1397.2104003443687,1388.4600380711775,1387.7704294976336,9181.447495719625
2025-01-21 20:00:00,1376.7416865853531,1378.012108072953,1373.605820107532,1376.1241862207444,2500.0525395419572
2025-01-21 20:15:00,1371.6474537408185,1375.8137168994615,1365.596612545814,1368.4773731600399,4417.269843283229
2025-01-21 20:30:00,1368.9291844740862,1375.3259845566133,1363.0809800209213,1370.217288748615,9865.225357368217
2025-01-21 20:45:00,1347.6884941878411,1348.2324752881182,1343.0951253206995,1341.4830784830833,305.4195864301027
2025-01-21 21:00:00,1377.4846836242289,1387.2342769568857,1373.8838858469196,1375.5937265454277,8142.848291068986
2025-01-21 21:15:00,1373.4518176299105,1382.0640210180131,1371.6531598545262,1376.5185008268677,7091.818653818593
2025-01-21 21:30:00,1389.6969358339647,1392.1603674427888,1386.700867020976,1388.780014896051,3938.9976539937866
2025-01-21 21:45:00,1392.515207160977,1395.4653512850336,1388.770899500115,1393.2730398381716,426.73754953874374
2025-01-21 22:00:00,1376.513131449436,1381.8560619393538,1366.6363849569173,1371.0382332163729,9085.711836032413
2025-01-21 22:15:00,1395.6102335257997,1397.4735087782515,1391.6619911026269,1399.051678741299,1994.008598248863
2025-01-21 22:30:00,1400.2238016173494,1402.9581590028708,1392.5129649281664,1401.1112890693043,7253.107112495838
2025-01-21 22:45:00,1394.1891608591366,1395.7034466466205,1385.8985052017194,1392.3858989025628,9346.613391867653
2025-01-21 23:00:00,1391.0974603332268,1390.7676708966333,1381.2222672104083,1384.3618983713352,8086.689147572576
2025-01-21 23:15:00,1396.0972376426469,1400.3749177724865,1389.9456296939145,1392.0518292931736,7155.75228557267
2025-01-21 23:30:00,1401.5743319867277,1402.7811533821284,1394.86297550288,1396.8740523301947,1745.7038426840588
2025-01-21 23:45:00,1402.406033243094,1412.4174621297934,1401.2484692161993,1403.6699756655946,6948.647333048507
2025-01-22 00:00:00,1395.1539439745693,1404.6494905732943,1395.6177151240772,1396.3991294402165,5548.771354916225
2025-01-22 00:15:00,1401.0079598779953,1405.448098129776,1398.3259185250874,1401.0163522905577,8127.861028136447
2025-01-22 00:30:00,1414.2237441380785,1419.6570764491562,1410.1621940825214,1409.89331470629,2465.6694323613497
2025-01-22 00:45:00,1396.9313685089462,1395.2928842930005,1388.9533905245685,1389.9434892355277,1149.3097350485368
2025-01-22 01:00:00,1423.2289362954677,1430.795091648672,1420.5808365299963,1427.5912335513633,5018.220137635486
2025-01-22 01:15:00,1426.1692251398488,1424.8551157459183,1415.7861005471905,1425.4325562306274,2024.7508709915048
2025-01-22 01:30:00,1445.8187676483235,1451.360342095778,1441.5503985487073,1447.8973753831328,2207.271720501286
2025-01-22 01:45:00,1454.149022897431,1459.193536990267,1448.4273205712261,1450.8372055703942,7450.269086579406
2025-01-22 02:00:00,1443.9521987647595,1447.9493151967606,1440.2285103116296,1448.1419395647683,7878.360145275038
2025-01-22 02:15:00,1438.4204144681225,1438.1691808008222,1427.3342957848595,1437.8155241517888,6659.861988377015
2025-01-22 02:30:00,1437.7272534533267,1447.1528492217885,1439.6739415107215,1439.152465970939,7376.2113276511045
2025-01-22 02:45:00,1426.4290490525893,1431.9761176093364,1423.8182713718586,1425.443789512754,7164.914807146984
2025-01-22 03:00:00,1430.0966081452248,1432.8819804598409,1421.801443869602,1430.7859309333219,2104.985016139466
2025-01-22 03:15:00,1427.9880865141558,1431.8463623107477,1424.0122579427607,1426.216814816358,8999.09509206402
2025-01-22 03:30:00,1432.9663611592648,1438.656222422528,1431.5417343343945,1430.8075115147356,2573.1386388231026
2025-01-22 03:45:00,1432.308584643725,1432.4877212857493,1425.348101339054,1430.5621673824764,3558.1400316064514
2025-01-22 04:00:00,1417.9679736810917,1426.9980439731878,1418.5803601494445,1420.1418903151377,4424.569268222723
2025-01-22 04:15:00,1424.655230012292,1426.9717924030754,1416.5719595604903,1425.060171502796,177.7355909124775
2025-01-22 04:30:00,1438.500686286408,1447.2892137950562,1436.6725849177767,1445.7954731503892,8432.97316003129
2025-01-22 04:45:00,1449.4155911853895,1452.6381116000925,1441.6761361040649,1442.9162079816429,5306.718539232997
2025-01-22 05:00:00,1405.4092569890124,1410.2382117667853,1401.4068327713348,1402.3598953389185,8282.099521527969
2025-01-22 05:15:00,1398.2869565850312,1405.7199793963532,1397.184896810612,1407.9836058799385,1989.9958240946244
2025-01-22 05:30:00,1414.00323731368,1419.1406383134113,1410.75843020873,1415.1360133844976,2474.461290104128
2025-01-22 05:45:00,1414.8868838498322,1420.2719486235126,1408.5254996405802,1414.627672570752,9476.671049683284
2025-01-22 06:00:00,1400.2238282211574,1407.5885160370613,1395.5110152294444,1404.4763778351821,443.5076158100855
2025-01-22 06:15:00,1419.3170629289466,1422.632342291283,1408.4130217523013,1412.2061797078054,1636.9603842497622
2025-01-22 06:30:00,1427.9256639822797,1430.994604275842,1425.2607174716768,1425.919827299505,7818.227255820418
2025-01-22 06:45:00,1431.560797910564,1437.8441338643554,1430.8047138346776,1428.934086436465,6089.759905862198
2025-01-22 07:00:00,1433.6577276221683,1440.6764656334128,1433.657819912884,1435.4828155591897,748.0250759540196
2025-01-22 07:15:00,1426.636937972734,1434.221769547344,1426.991458203642,1428.6562169270887,1457.6989213528416
2025-01-22 07:30:00,1423.5284050264859,1427.0628030601981,1416.2180779680377,1415.8716569696574,4872.460628624822
2025-01-22 07:45:00,1430.5436040970817,1430.0984117662265,1419.9819735005408,1425.0824631165274,4906.833390445214
2025-01-22 08:00:00,1435.8965501390815,1440.9392078884964,1432.0431733152866,1434.7902024512343,8016.312877737713
2025-01-22 08:15:00,1448.4102676328841,1455.8057714740007,1445.3775929201406,1449.0454119105732,9543.967238750567
2025-01-22 08:30:00,1443.9539509953968,1454.4568504456397,1442.3188589675565,1447.120721049914,5176.235699891275
2025-01-22 08:45:00,1453.2760569244645,1457.354351555767,1444.2046542762698,1454.196887955427,334.1304247301515
2025-01-22 09:00:00,1417.190617468621,1429.4331278777927,1415.6798383945152,1419.0256463114845,6332.575191018434
2025-01-22 09:15:00,1435.3723929184694,1435.9868923626323,1427.9063046568037,1431.0278790254847,2965.7189686324978
2025-01-22 09:30:00,1439.4201011897344,1437.048149098652,1431.8079604847346,1431.3209579965435,3079.2342770712703
2025-01-22 09:45:00,1432.8384522756437,1431.2778088942246,1423.9884183753652,1431.455256708337,8366.863285532627
2025-01-22 10:00:00,1445.168370302734,1451.282884539725,1443.3008256513976,1447.0509979700328,1629.2961232123716
2025-01-22 10:15:00,1462.3623509437002,1467.7976486219886,1453.9530949345685,1461.7821132112101,8300.20593710794
2025-01-22 10:30:00,1463.2734987107292,1470.5013925285878,1460.4073001151094,1465.6799567083438,9934.751730032605
2025-01-22 10:45:00,1456.3422984286628,1458.3217334315002,1449.232886275881,1454.2398843671217,6967.68455828536
2025-01-22 11:00:00,1467.2291460994693,1467.9792829439953,1462.7924810548832,1467.082613410411,1963.8914245320586
2025-01-22 11:15:00,1482.7436583061935,1485.7435539859496,1475.0187742289875,1479.6400180420635,5195.110649979055
2025-01-22 11:30:00,1479.9051895514413,1486.6346176671266,1477.56530971567,1478.8912927211518,2937.4913385729083
2025-01-22 11:45:00,1482.785519734279,1481.1995589746687,1474.548901437561,1477.6544214295332,5692.838920986267
2025-01-22 12:00:00,1470.6588555090239,1475.4681570549667,1464.351741511044,1471.2722249040328,1856.4337530753342
2025-01-22 12:15:00,1437.3827501653561,1440.8358804389873,1427.590710962717,1429.127084126504,5764.954540390723
2025-01-22 12:30:00,1432.778382507761,1440.8517143747538,1430.9603509852986,1428.8715689058654,6324.440299765176
2025-01-22 12:45:00,1429.4192264853227,1429.254773244228,1423.6308177037297,1430.8098264160144,6381.63188089193
2025-01-22 13:00:00,1415.1874598741967,1420.024311202604,1411.7671397356683,1417.4355957594278,7481.273979040574
2025-01-22 13:15:00,1423.5664779733288,1425.7884192455895,1414.9719600670753,1421.7321725516372,5702.7414776674905
2025-01-22 13:30:00,1404.215113227837,1410.0156333659015,1398.7294107048738,1404.0804610119012,9158.341090040274
2025-01-22 13:45:00,1399.0308052651094,1407.0215255057685,1393.890380439763,1404.0818539150841,1416.922417395968
2025-01-22 14:00:00,1415.9940655217042,1420.0400081425785,1405.7154799836983,1408.5544875767746,3848.351796895904
2025-01-22 14:15:00,1418.3369460614679,1418.8476430614082,1410.7237730935542,1413.8817595594287,2511.697798946136
2025-01-22 14:30:00,1418.5208462520586,1419.959416876355,1414.4934047741785,1415.953452351552,2894.814314085631
2025-01-22 14:45:00,1403.598563423484,1411.5259494762875,1400.6130828813457,1409.0761324239938,4681.923573189329
2025-01-22 15:00:00,1417.2281146168164,1424.5909347401173,1415.3600163569754,1421.8429123719684,8398.904342988882
2025-01-22 15:15:00,1432.4258885075274,1441.0308671829591,1430.9557278686589,1438.7684607213737,6806.775143750405
2025-01-22 15:30:00,1434.430961788136,1441.127704030853,1428.9708911649047,1433.9031278050052,1013.6225029748397
2025-01-22 15:45:00,1420.6497622134866,1430.43993324492,1418.0798286197755,1423.9853614023784,4125.038724057496
2025-01-22 16:00:00,1415.5275273194543,1421.236876519656,1412.5849935688084,1417.3814883516945,6748.023545046388
2025-01-22 16:15:00,1438.0879814846173,1441.8140123447686,1429.2069532784233,1436.1504778919007,2907.2689320931163
2025-01-22 16:30:00,1425.0994161321325,1433.7274285231686,1426.1698939453338,1434.1644359816194,126.29531355006561
2025-01-22 16:45:00,1413.523116721312,1417.9184925997029,1404.342413673049,1407.4414940195636,2716.1639359700994
2025-01-22 17:00:00,1407.5811173292143,1411.8288449683346,1401.479932246686,1400.590669233707,8769.43650503648
2025-01-22 17:15:00,1410.540115579419,1412.3494001889585,1405.3483980025392,1407.6981033998593,2869.5429476068766
2025-01-22 17:30:00,1407.9739397405422,1416.8767626959511,1403.9925016654583,1408.1209547824712,3237.3174633499793
2025-01-22 17:45:00,1403.5474097118151,1404.8357681625062,1399.059450769866,1405.7046333668918,5830.773405054437
2025-01-22 18:00:00,1402.5283996782707,1404.1267628848925,1396.759985040614,1400.3252267728008,4294.715908223689
2025-01-22 18:15:00,1376.0712945917567,1385.3459428757803,1372.9198217808378,1378.1555962549219,2036.3437987029968
2025-01-22 18:30:00,1404.587592888494,1415.6608826312101,1404.8749993939432,1412.671093625068,6948.999019425802
2025-01-22 18:45:00,1431.9571262205743,1437.2166471395524,1425.1432914048064,1429.8754226425501,6874.241428644673
2025-01-22 19:00:00,1438.5616821114625,1447.5120605564155,1433.639416887661,1444.3177945393338,2764.116835083296
2025-01-22 19:15:00,1423.4040340955619,1433.9131664790937,1422.1555330432936,1429.8779208973942,8288.196038136684
2025-01-22 19:30:00,1439.1477319653943,1443.7826337735112,1433.6492061277645,1438.944469522034,4045.4159509306314
2025-01-22 19:45:00,1442.2400000115588,1445.4823584607639,1434.0810384335707,1442.214359933372,8927.733210272232
2025-01-22 20:00:00,1439.0393792261382,1447.054833376289,1436.1869620547488,1448.2562563446263,9737.937912707754
2025-01-22 20:15:00,1457.9300743085614,1466.2375969412283,1452.7532493067613,1455.1938056149684,331.01599237989797
2025-01-22 20:30:00,1448.999480787614,1450.2741690924288,1438.8500220966896,1449.7178059539115,1230.5582654050868
2025-01-22 20:45:00,1446.5852110857063,1450.4793293055284,1440.14892393762,1441.1428950566435,3896.8242725376917
2025-01-22 21:00:00,1438.2865648243055,1447.1733071642514,1440.0715369205805,1441.3198827699478,5185.119859492909
2025-01-22 21:15:00,1446.229487566567,1450.5856162394525,1441.9098855630625,1450.2772726427618,7322.962498471969
2025-01-22 21:30:00,1443.2955608834338,1441.8920874819607,1437.1725718025314,1439.854271316222,8811.690803394986
2025-01-22 21:45:00,1437.3357998943911,1439.2902993013565,1428.4877632234527,1435.1191701005628,4867.806267778226
2025-01-22 22:00:00,1410.583948645468,1415.9656499634318,1407.877140967918,1405.4105439031412,5597.628671027105
2025-01-22 22:15:00,1401.4110161124843,1402.7635378487298,1395.238340737331,1394.8372368167197,210.45812619572717
2025-01-22 22:30:00,1379.9212738266208,1384.3914794333646,1378.2972792978312,1380.8588680936857,3564.4248709531453
2025-01-22 22:45:00,1377.3420357173895,1379.46335838555,1373.4388564605451,1373.7985413977153,9943.624843019426
2025-01-22 23:00:00,1400.6909450040803,1403.388506238232,1393.6481006614315,1393.8573797596898,9291.019381621454
2025-01-22 23:15:00,1392.7893838609994,1398.1697066832226,1392.0135801718195,1396.445641197287,4332.121731613251
2025-01-22 23:30:00,1387.4394445207283,1394.5739787810471,1382.5515311573308,1385.8818190782201,2807.024550465594
2025-01-22 23:45:00,1400.706174879682,1403.6148258063715,1396.6686762038726,1400.2915399501328,5848.978414435937
2025-01-23 00:00:00,1436.844119926114,1440.6240558842214,1427.0054331501856,1436.1028980620708,1609.3206112177706
2025-01-23 00:15:00,1440.4770912737242,1445.69707554376,1440.1894849242976,1447.3452099265137,6168.048469957348
2025-01-23 00:30:00,1446.7463053238382,1454.3284929769766,1442.5189133022677,1453.3647279820484,5073.571389343492
2025-01-23 00:45:00,1424.3249383929299,1422.6041880127573,1417.8569030408448,1421.4701630341153,292.35866494530353
2025-01-23 01:00:00,1456.0211264151726,1460.4956102433446,1451.6662736297872,1458.3934887889943,586.5693145411394
2025-01-23 01:15:00,1453.6164615445769,1459.8546686260684,1452.789994218882,1456.1094964587085,8321.814500078433
2025-01-23 01:30:00,1466.1495610697702,1467.83429533168,1455.2856887804528,1459.7678391490892,6357.214607119871
2025-01-23 01:45:00,1485.2704943823378,1484.5219673404297,1473.188235242432,1485.084948696757,8793.39011244689
2025-01-23 02:00:00,1501.8403606900486,1509.3281561729664,1503.0157813800963,1501.950992108153,6085.783927809481
2025-01-23 02:15:00,1498.208663335242,1508.3268532318002,1500.2951227087763,1503.016913485799,9092.927797700942
2025-01-23 02:30:00,1469.0000761065137,1475.7275409215333,1462.5305464293986,1466.8071422995483,8215.140801901189
2025-01-23 02:45:00,1473.5401965172268,1474.506412566758,1462.9045406590444,1469.1450210931853,3391.407625239554
2025-01-23 03:00:00,1476.4120807976544,1479.571120827339,1471.0520341252377,1474.2378676613264,894.6347964048621
2025-01-23 03:15:00,1434.667911794804,1440.0913073569207,1425.9936688890753,1434.2024032599297,3005.2733198494548
2025-01-23 03:30:00,1400.0320159008918,1409.8026566282858,1399.6851892209147,1402.8864586103698,2549.5582905109923
2025-01-23 03:45:00,1402.7284679725167,1413.2339007190458,1397.673830956049,1404.087993688813,9424.176182498984
2025-01-23 04:00:00,1429.6069166754264,1436.0966348074044,1421.1937238560026,1432.0064311849303,3462.003968096658
2025-01-23 04:15:00,1436.7532914693036,1443.311777989624,1434.1674086595035,1436.0141952045055,6579.678714840583
2025-01-23 04:30:00,1435.3056469747282,1442.6214326381116,1432.3021764120278,1436.9962672838274,339.1078493485991
2025-01-23 04:45:00,1438.3063423112642,1447.6755599605378,1435.8030998198922,1439.6074979017926,9036.03202203897
2025-01-23 05:00:00,1478.649641626767,1477.5840254975144,1469.665801605355,1479.8745884126733,2003.523569644088
2025-01-23 05:15:00,1464.7998913062916,1474.9859977342878,1462.3078054363996,1471.8980181561183,5102.576881205055
2025-01-23 05:30:00,1476.2786362608272,1479.5993488748345,1466.1150250608373,1472.1770342457326,3472.0260119027985
2025-01-23 05:45:00,1460.3868754504508,1469.074059903706,1455.8423044041465,1459.5166393802167,4196.976564666477
2025-01-23 06:00:00,1451.040381230243,1451.4334288049092,1440.6692815602655,1448.372155656093,9412.80834965631
2025-01-23 06:15:00,1473.3527146602166,1472.4640222976027,1464.389217409176,1466.2465118290302,5368.398695576464
2025-01-23 06:30:00,1448.0938471585018,1453.1186163702057,1442.2854302733658,1443.99140117276,1681.4495660373286
2025-01-23 06:45:00,1444.493530214645,1455.820864964585,1442.0009903208675,1447.0980464537774,3980.4842914821224
2025-01-23 07:00:00,1438.154861925473,1443.5534267980552,1436.374297234825,1437.8219725996337,4913.559916697375
2025-01-23 07:15:00,1413.2056570210264,1420.3581282891903,1412.6111388791116,1416.867771886672,9999.155500611161
2025-01-23 07:30:00,1411.867228291332,1415.5131000178326,1401.0726601119377,1405.9317122551433,1564.169538369851
2025-01-23 07:45:00,1406.2065098915182,1410.4934204332549,1401.1276918429066,1406.2030183383392,7157.532251435153
2025-01-23 08:00:00,1417.8972315961846,1423.423547842571,1416.068304975406,1423.882482096709,766.9821593916532
2025-01-23 08:15:00,1416.585134386937,1419.7906618088957,1407.2502716121955,1411.7918696055897,5725.2306231700495
2025-01-23 08:30:00,1434.6715598802245,1442.3731448010642,1433.5435946449145,1438.6616655948399,5004.520889506787
2025-01-23 08:45:00,1433.2370297525429,1439.8212192566864,1424.9647468846113,1435.5759075450853,7315.630963176062
2025-01-23 09:00:00,1430.6896279137698,1439.757149294298,1431.5196763056874,1432.4135338083343,9705.17401181859
2025-01-23 09:15:00,1442.7784035838831,1449.1374989630554,1436.7189752362888,1440.055417216004,3875.1369593605086
2025-01-23 09:30:00,1463.1991156951726,1462.6802353985227,1457.8870557692098,1460.5105083676976,187.61215958508387
2025-01-23 09:45:00,1435.2144257556386,1439.7874091008503,1433.1137290581069,1437.251255408418,7580.460377530891
2025-01-23 10:00:00,1430.0490961157413,1433.2241831362096,1427.3063268357976,1435.2523219896132,1683.6172425870845
2025-01-23 10:15:00,1432.7838051249425,1435.3046419139926,1423.8378250347423,1430.3845812960892,839.1281648254137
2025-01-23 10:30:00,1434.0337752350845,1439.5946724867465,1430.609959268547,1429.6706263943381,4769.820857021849
2025-01-23 10:45:00,1437.0691029244795,1447.2055839984575,1438.2430318107731,1445.7266643638234,4377.730712523886
2025-01-23 11:00:00,1428.2008665180056,1427.9744013618838,1417.385684559666,1423.9777112748736,3940.7341930037974
2025-01-23 11:15:00,1392.2420310851733,1401.3161477520207,1390.4096699754864,1394.0838412754529,8214.080888235934
2025-01-23 11:30:00,1395.6159751350278,1402.230638642259,1390.5580825004333,1389.9995303529538,9930.486398413837
2025-01-23 11:45:00,1376.4447082628858,1379.2860699788705,1365.6795789570574,1368.2855519944703,5785.908058449665
2025-01-23 12:00:00,1375.0913168924003,1377.3744898428222,1365.3161140392972,1368.3260406664137,4762.658897344105
2025-01-23 12:15:00,1378.7923497999043,1388.219067310379,1375.4775545973173,1382.3024401423065,2955.9945925354928
2025-01-23 12:30:00,1405.203480913123,1408.4000766683548,1397.0295505842575,1406.0330160422611,5775.57405217328
2025-01-23 12:45:00,1409.858013495695,1411.5179307112871,1402.809382785224,1404.3550173569959,2313.024875299666
2025-01-23 13:00:00,1419.622753765332,1420.7433104823353,1409.7429931351398,1416.6449806716346,2931.1862143027056
2025-01-23 13:15:00,1436.4325375612802,1446.266597680653,1433.1997716148483,1439.9065552846332,5942.049867290975
2025-01-23 13:30:00,1423.704451058827,1428.7355212370421,1415.9344645673716,1418.9431739007778,9096.471181303572
2025-01-23 13:45:00,1421.2482899909508,1425.919286161837,1417.6141531443307,1426.9348832481826,4765.407538703627
2025-01-23 14:00:00,1426.7646854813497,1426.8884738419463,1419.2546890455048,1424.222814349695,387.19705915653196
2025-01-23 14:15:00,1414.4152100449435,1418.1493638582017,1409.4578077943693,1411.3937539630044,6150.532651492336
2025-01-23 14:30:00,1429.9899597551516,1435.595784306856,1424.7669677607862,1428.5848354077393,2834.0942020372236
2025-01-23 14:45:00,1434.8941749596972,1440.4489057425692,1431.6854606350917,1438.0342555456327,3652.823978218061
2025-01-23 15:00:00,1440.3665303382134,1442.7293105970748,1434.2203549977232,1442.5187964175645,2149.377755939801
2025-01-23 15:15:00,1452.384814181232,1455.681001979867,1447.2852433658613,1451.8709168006053,8618.553693113558
2025-01-23 15:30:00,1451.6821585534367,1458.6506461909357,1451.7639013883627,1457.4630980549925,4899.350317973537
2025-01-23 15:45:00,1444.5723249453163,1452.0785429324965,1446.7379529257755,1444.9928643922565,5162.8807568922975
2025-01-23 16:00:00,1442.1623536819313,1448.3777038703408,1442.6111376141673,1442.279374981534,3586.696177952584
2025-01-23 16:15:00,1461.2087892722325,1469.2075604342242,1461.6442072126606,1463.8501659578578,8587.791191283399
2025-01-23 16:30:00,1473.8146112063102,1477.5400077959775,1464.0048920638983,1475.3019789286532,4508.783628111215
2025-01-23 16:45:00,1474.5263913922345,1479.0068194439862,1468.2889109568687,1470.8288025308648,8038.081760135836
2025-01-23 17:00:00,1468.6385365567442,1474.0445744912072,1462.1259639212485,1469.703102961968,447.7075760794969
2025-01-23 17:15:00,1456.8101744095115,1463.903550649149,1453.73276675661,1457.784648273896,9958.0268108294
2025-01-23 17:30:00,1482.4937463368478,1487.7813498921948,1478.007816974727,1481.3502958505735,8149.192901565115
2025-01-23 17:45:00,1466.185791767038,1477.3199175453435,1466.6860355412746,1471.6237977878618,5590.867200052642
2025-01-23 18:00:00,1478.4288278627528,1485.746298552789,1472.4061749224823,1474.5001340822996,3682.491783733863
2025-01-23 18:15:00,1478.5171587802279,1481.7864553841375,1475.0586245207367,1480.4626786397346,9332.82602115728
2025-01-23 18:30:00,1491.2778800423762,1497.4439599504092,1486.6673373373992,1495.0561601251989,1834.824723401161
2025-01-23 18:45:00,1501.4791110815286,1502.7697580722463,1494.4571759369708,1495.6381320197506,6376.121493229828
2025-01-23 19:00:00,1504.6590413777044,1504.928199977015,1495.4872017888833,1505.649013669915,8912.514384678781
2025-01-23 19:15:00,1510.308751801578,1521.277358906351,1508.3413628449173,1516.4213403850201,739.0999498135789
2025-01-23 19:30:00,1546.6224598265874,1547.7933980875343,1535.2489308307547,1542.5796293416654,7596.872772747392
2025-01-23 19:45:00,1530.13238271701,1532.8846355497826,1524.2894845480255,1535.024443707426,7138.303209048551
2025-01-23 20:00:00,1559.0999629026956,1562.5998268901735,1548.3524151820832,1556.970056696897,6367.578400522319
2025-01-23 20:15:00,1556.441965008432,1559.3826243571052,1548.845873616809,1558.7212190561968,1940.801879996942
2025-01-23 20:30:00,1560.104511784721,1569.3876440826286,1558.1125814172879,1564.3023530674827,8299.44641797037
2025-01-23 20:45:00,1559.8050742476921,1566.248867124696,1558.449350215503,1565.7275752643245,5978.075459385235
2025-01-23 21:00:00,1568.3322640082285,1574.3969939397036,1561.3115156371896,1568.4927557270735,2766.035823804222
2025-01-23 21:15:00,1596.1380500211217,1599.6287936261754,1592.0218320321658,1597.9962509962525,5522.2007390181525
2025-01-23 21:30:00,1586.7103400523179,1592.2815516298979,1586.5124178021827,1586.0194977060714,2214.763350959001
2025-01-23 21:45:00,1580.1068664548748,1587.583646914157,1575.7504079766486,1584.5947600323507,9730.903574832513
2025-01-23 22:00:00,1575.355944237351,1587.1035361358556,1572.6876704636657,1580.1023703660464,414.16656547435093
2025-01-23 22:15:00,1560.5084480109706,1568.8784459167703,1557.7388918943864,1561.0247143530164,7045.799971795117
2025-01-23 22:30:00,1563.0647385858633,1565.3087667930395,1553.133060809704,1556.122178370108,3357.676766617517
2025-01-23 22:45:00,1556.5438883128238,1558.1292804225782,1546.8311690127398,1550.173347805065,5716.274689613439
2025-01-23 23:00:00,1575.1087521446343,1580.1747879877232,1565.4165390849575,1574.5061684652007,356.50701844988447
2025-01-23 23:15:00,1583.256448526112,1585.3255212261365,1574.055611451192,1575.729094559869,988.2975118012718
2025-01-23 23:30:00,1564.5723678604536,1571.423050653165,1563.6137803784181,1565.1943434598895,5873.075464800125
2025-01-23 23:45:00,1604.4993614417924,1608.6158463419063,1600.055170336544,1608.4769902984815,263.25085253684335
2025-01-24 00:00:00,1579.898399298451,1584.9522111996373,1574.4555701890617,1577.2951555634174,1847.4213391778273
2025-01-24 00:15:00,1588.6033447059135,1597.1929592324466,1583.9706179013142,1589.8807823952566,6671.26732370892
2025-01-24 00:30:00,1589.7787131572065,1601.1435965050978,1590.323087305585,1588.5176713140274,856.4109595566586
2025-01-24 00:45:00,1586.7801732171124,1593.1848178448136,1582.9391881686217,1591.174142784084,2525.20726814354
2025-01-24 01:00:00,1567.2740048377104,1567.6379050375933,1559.0697078209498,1563.8925239338541,5144.092664624437
2025-01-24 01:15:00,1578.9395335556578,1584.090763203185,1575.556611267949,1576.9883777748723,7892.435943126713
2025-01-24 01:30:00,1586.2307133525194,1587.5055681109943,1578.6749326371141,1580.779115798632,8142.032343786227
2025-01-24 01:45:00,1573.4230826146527,1579.1100101337865,1570.1653243052735,1580.3555922307362,4446.576116927727
2025-01-24 02:00:00,1586.0839014135593,1593.048331808549,1582.6242118591692,1591.4067321300947,490.70093844234304
2025-01-24 02:15:00,1581.5801764025366,1585.3616120449433,1572.2080286344133,1581.918600280634,740.9004957440305
2025-01-24 02:30:00,1572.6336857333133,1574.8968619943246,1567.7487458450416,1572.1688588658062,5276.59027510145
2025-01-24 02:45:00,1568.0545136319083,1568.2668831990713,1555.9473101079075,1562.3674307607776,5249.504042028461
2025-01-24 03:00:00,1554.638620871934,1554.7510435372947,1547.3972844672705,1545.712319892684,5343.126584815724
2025-01-24 03:15:00,1555.4978985435034,1558.2381015210876,1549.8355821823955,1557.4520462105243,593.4156372497649
2025-01-24 03:30:00,1562.825930207894,1567.7213148356896,1556.3999136998375,1561.4601310807857,4354.020399632993
2025-01-24 03:45:00,1570.6410874784347,1573.371695429389,1564.2457862217661,1572.0712868643989,3166.4494098243454
2025-01-24 04:00:00,1561.995003636239,1567.113335509055,1555.2918154906276,1558.2169829858133,6840.1113728071505
2025-01-24 04:15:00,1560.4989299711197,1567.314317876809,1554.7309540692693,1556.6452132313102,9959.27096225721
2025-01-24 04:30:00,1549.1834714784443,1557.9913688155477,1547.496953985642,1546.4069423731717,7929.8692114365385
2025-01-24 04:45:00,1537.7971652384765,1547.959016740103,1535.633704146271,1538.5199772843398,9629.556303478157
2025-01-24 05:00:00,1536.3865024177567,1544.0607324605974,1531.845459676415,1540.2212599291897,5780.629524304773
2025-01-24 05:15:00,1520.5184354364278,1528.12934407654,1515.854817068601,1524.8331144770295,5949.350782897719
2025-01-24 05:30:00,1516.594285522964,1516.2906352685363,1506.175640721956,1507.812654933997,2424.912097262576
2025-01-24 05:45:00,1536.577495038305,1541.40968806756,1531.7586395474304,1536.4648669144972,8504.424545069633
2025-01-24 06:00:00,1514.720488815281,1513.4742204242052,1506.346867970979,1507.6651521433143,8483.934163839094
2025-01-24 06:15:00,1528.8548232903393,1536.611271679596,1527.5440159931368,1529.1737201566946,8381.13317841919
2025-01-24 06:30:00,1536.0826690674694,1537.9885271096757,1530.980131342353,1531.6518398365636,3123.027388035645
2025-01-24 06:45:00,1524.4633480169075,1532.063754951804,1526.9185401946413,1531.7069208168357,8514.409663801307
2025-01-24 07:00:00,1517.5973759444637,1522.5768174690306,1512.2738474766902,1511.4952632480426,8584.242571653182
2025-01-24 07:15:00,1527.4132861498065,1528.8793527814337,1519.196867049446,1522.7724673432715,1805.4507147077225
2025-01-24 07:30:00,1543.8145260950876,1551.8905772442758,1542.8952200921676,1543.7598532534596,2842.987897160312
2025-01-24 07:45:00,1582.576779740286,1589.6144461582956,1578.5250522908727,1587.3279868408217,4393.574950158209
2025-01-24 08:00:00,1574.1616564290205,1579.2590711706962,1569.3931813419179,1576.9748350177135,5907.1318686301975
2025-01-24 08:15:00,1589.5779962226634,1596.8903330131047,1583.605813397801,1585.437322924974,1509.7129203749548
2025-01-24 08:30:00,1594.2436855875872,1598.7695195367287,1589.9722493109407,1597.4421261691664,7457.59101973594
2025-01-24 08:45:00,1602.6460670481938,1607.2127532171858,1596.2101045117452,1602.0014347986532,9405.308290464403
2025-01-24 09:00:00,1601.539576194545,1606.3830105319068,1594.4677614605082,1597.0009239328451,6284.1134037459715
2025-01-24 09:15:00,1623.0139555811243,1630.1655491678187,1620.433112170279,1626.4816127748763,3293.039442040693
2025-01-24 09:30:00,1599.2567112663432,1606.9009550526596,1593.529369932321,1602.0904625703884,5020.764705355031
2025-01-24 09:45:00,1614.2590195463588,1621.3487545381056,1614.2658581254043,1614.085843257497,7757.761296127076
2025-01-24 10:00:00,1617.8915577023938,1619.8026108817126,1607.275094775111,1614.8961740560176,3334.2748320474475
2025-01-24 10:15:00,1590.6870055692855,1592.9749394282476,1581.6830034973161,1591.2094137998688,2050.7232517245366
2025-01-24 10:30:00,1583.7990328654932,1592.7408300557147,1580.9890133077292,1582.434830382841,3646.844767564829
2025-01-24 10:45:00,1585.1259413569724,1586.6736824189818,1575.955602805224,1588.2729205321377,2998.2028264137903
2025-01-24 11:00:00,1573.4462767784585,1574.4370750725066,1568.1354758476682,1567.4589162412453,4740.08659490303
2025-01-24 11:15:00,1557.559380952775,1560.2822059594364,1551.6162303932158,1556.7270205930217,7401.1921299750575
2025-01-24 11:30:00,1565.2780768500156,1570.794019914239,1566.182180004108,1569.9123779340482,5647.430690883807
2025-01-24 11:45:00,1561.6103331344534,1573.1306222123471,1560.5855625193228,1561.5828958796972,675.358085211731
2025-01-24 12:00:00,1536.7157444580575,1541.507108159451,1534.481005935734,1534.5970128746687,2312.5640080746707
2025-01-24 12:15:00,1554.0674242406303,1559.234648647495,1553.778445321838,1554.0232225885472,2075.822192298072
2025-01-24 12:30:00,1549.194008129134,1554.3855034055123,1545.3155832263894,1546.592510666767,8327.902984900882
2025-01-24 12:45:00,1556.809670584081,1557.4610286134193,1546.5003942272583,1556.5373860848151,7977.2425839411635
2025-01-24 13:00:00,1586.1223020561397,1594.6206609120966,1581.1354765774913,1592.2854352058832,3050.892111519116
2025-01-24 13:15:00,1601.1309650586115,1601.808792892203,1593.1015398699396,1601.3893517428091,143.1580132503293
2025-01-24 13:30:00,1595.8392537059333,1601.7251455014698,1592.0662895111,1597.4040068710135,2608.821105502582
2025-01-24 13:45:00,1598.6583771587548,1601.4756121726293,1593.7415614619129,1602.911426958249,8897.16940031848
2025-01-24 14:00:00,1601.9644959526136,1604.2578148540022,1597.4334178753568,1601.583920807071,5009.268037760516
2025-01-24 14:15:00,1584.4925787967823,1588.4917734366693,1578.502915726009,1585.293871988902,4922.735414237596
2025-01-24 14:30:00,1584.373731061958,1589.8522868938542,1577.179851634225,1581.4301045965115,5704.379808731037
2025-01-24 14:45:00,1579.2683737756993,1588.6451111425033,1576.6636589267077,1580.4179273052266,6517.176601253785
2025-01-24 15:00:00,1565.9458584510712,1567.8329476049307,1560.2740558021812,1563.8603832352007,5918.532152057396
2025-01-24 15:15:00,1545.1120107450606,1547.9626666010238,1540.4915185722496,1545.635357855206,2805.4129030794343
2025-01-24 15:30:00,1569.622573425279,1571.4074222315346,1560.1723278431778,1566.8301243094375,6232.004077940855
2025-01-24 15:45:00,1579.8096048967113,1579.9438270630776,1571.9205733477345,1578.9216709344907,9897.711912553015
2025-01-24 16:00:00,1596.1285940897988,1604.5812962076739,1589.6741509367112,1598.5671011072084,3234.8112655537643
2025-01-24 16:15:00,1590.3455556332647,1598.8149747812688,1585.6784591387463,1588.7262097669309,9799.508280619437
2025-01-24 16:30:00,1592.0256869575637,1601.1015428091305,1590.7161619265585,1589.6645049216504,6587.932525989771
2025-01-24 16:45:00,1574.197098548504,1579.422839623947,1568.587683592272,1572.340414665324,8188.297424917971
2025-01-24 17:00:00,1562.5041849117454,1571.4726035499934,1559.7457850912708,1566.0317025986972,1224.3849714349474
2025-01-24 17:15:00,1547.3385850384445,1554.3704490298253,1544.5801908571955,1548.1209511376965,9310.75546571334
2025-01-24 17:30:00,1527.1285333534215,1533.6280010556106,1521.363490848603,1522.8367379849662,2265.4321980580203
2025-01-24 17:45:00,1527.368217182464,1531.3552703014104,1523.1538004728147,1524.923358361132,9559.96528480731
2025-01-24 18:00:00,1507.3710773659386,1513.7178733917847,1505.8438854334347,1509.1983634678434,8615.774635630538
2025-01-24 18:15:00,1516.9671262086476,1521.9918084223852,1512.569702412633,1515.393324601198,7476.373496266046
2025-01-24 18:30:00,1537.695600465649,1546.8999747474045,1532.0613090604818,1535.4274940277955,3694.1565195413596
2025-01-24 18:45:00,1546.269318485965,1554.713582830343,1542.0531225302357,1552.1586476337097,234.7901597195995
2025-01-24 19:00:00,1531.40813461472,1532.744193790506,1525.1212422410822,1531.884652272772,8093.994371649242
2025-01-24 19:15:00,1538.0144504815523,1537.2878483173774,1531.3430147304143,1534.6942720772927,5467.107579861644
2025-01-24 19:30:00,1549.2193607496667,1555.0525567683924,1543.1171339100156,1545.017513946109,4006.7991168593317
2025-01-24 19:45:00,1519.398510965826,1528.2425339091894,1519.9134843075735,1521.02547488371,8867.737599022243
2025-01-24 20:00:00,1523.1169226832103,1526.5123244728554,1515.011190926106,1521.8775401830758,336.61700011262747
2025-01-24 20:15:00,1505.724641827075,1508.3057137629153,1494.302027746881,1500.1388310969483,1838.1860346723906
2025-01-24 20:30:00,1481.269415876725,1488.019577190872,1480.8052683220621,1481.6700267524213,4031.8657836071934
2025-01-24 20:45:00,1474.021541819304,1477.6578438262056,1471.0512116357636,1470.7065034101108,3092.4703915037912
2025-01-24 21:00:00,1476.3833019380245,1483.5901414235282,1476.1977476417596,1483.04637204921,2290.6538695686927
2025-01-24 21:15:00,1494.5503871758424,1493.8250982412299,1488.1481943972212,1487.9155012790475,5931.271231814017
2025-01-24 21:30:00,1471.0389435178147,1475.0139266585616,1465.4987833932853,1472.3424108553133,9304.40391002485
2025-01-24 21:45:00,1445.7808091070438,1457.6248460274683,1447.3364918437028,1449.6318960244364,4139.952809890965
2025-01-24 22:00:00,1443.2366013968249,1451.2149929066868,1437.7962162857402,1448.1336342936336,2301.894290201177
2025-01-24 22:15:00,1429.6279827186736,1434.4359840498375,1422.4239197422662,1427.6345437548266,874.0961171092309
2025-01-24 22:30:00,1425.654672811078,1431.5459077238388,1422.4907116719942,1428.5768012416484,3151.5369735000413
2025-01-24 22:45:00,1425.7489802891826,1430.0115255006826,1422.7694191889084,1423.5119092465422,212.5022155335978
2025-01-24 23:00:00,1412.0148005545257,1416.7034747023447,1410.062714352953,1408.8670975219252,1693.3651071597303
2025-01-24 23:15:00,1416.836969180433,1424.2878760337671,1411.1465768012554,1423.48448579177,9929.008695269484
2025-01-24 23:30:00,1426.876446806302,1429.86847961017,1416.3707325729977,1427.628862023344,9192.240735119838
2025-01-24 23:45:00,1422.8424704270362,1427.316253545091,1413.093669566134,1416.0888142080328,5943.682738525382
2025-01-25 00:00:00,1428.1404775116105,1436.4878446969703,1425.813781677326,1436.1327485801003,5541.772792299348
2025-01-25 00:15:00,1420.9707200915918,1426.1371470949446,1418.7256409352012,1423.9046183895969,938.5833616283453
2025-01-25 00:30:00,1431.4860672865982,1438.242541629522,1429.4780867253928,1437.5257063864478,1161.3503712241948
2025-01-25 00:45:00,1417.3550256362807,1422.4286796324402,1410.1600986365677,1412.716719436881,2340.9398914722697
2025-01-25 01:00:00,1419.5021137799756,1423.3396275020955,1409.4960546546408,1415.5365914825768,3241.8983170745905
2025-01-25 01:15:00,1419.2671371335916,1425.3931315220743,1410.271520221502,1423.1108018678171,4984.268674435287
2025-01-25 01:30:00,1422.0090850154281,1431.514200263057,1417.586268981878,1423.7740822414041,8746.125353753134
2025-01-25 01:45:00,1444.2092195849802,1446.1635368973275,1438.701303045672,1446.758394027631,3265.433455824677
2025-01-25 02:00:00,1439.0859251224254,1444.6195342703154,1432.54457345341,1434.0515224839587,8052.2592630520585
2025-01-25 02:15:00,1430.271711522154,1437.695327089804,1426.6773690494283,1436.5160321432638,1786.609242049239
2025-01-25 02:30:00,1429.1408561920155,1432.0638501733663,1423.4340940632176,1430.6233029812895,8651.135370011289
2025-01-25 02:45:00,1443.9044892873178,1447.9874781309147,1437.7339000718093,1448.0043412812513,9735.833271069987
2025-01-25 03:00:00,1437.1457802827629,1440.001471877281,1427.5360386290645,1427.6793937861048,2470.9281390909473
2025-01-25 03:15:00,1430.9971685973933,1441.8192406216479,1431.5860853202444,1433.5793915764095,6841.173375453675
2025-01-25 03:30:00,1441.181275205969,1445.9269315224603,1438.7599207939336,1447.5895757688754,3138.084284252059
2025-01-25 03:45:00,1439.9673462601836,1441.6713240262263,1431.6712507444672,1438.7413731238105,6727.945884650795
2025-01-25 04:00:00,1428.6781406114308,1434.5903065029054,1424.2899809907594,1433.5033532167993,1970.3416843868654
2025-01-25 04:15:00,1424.150524250095,1434.3916283816181,1424.36592722454,1428.2749176760437,6158.727184879657
2025-01-25 04:30:00,1443.1404838649946,1449.4395834183463,1435.2579927721388,1442.5203390491915,3610.4942289187593
2025-01-25 04:45:00,1452.8246356874151,1455.8189683374724,1444.525890892219,1453.1254880202475,1678.82987247739
2025-01-25 05:00:00,1464.3270086206542,1474.4618081449278,1461.225348722112,1467.7870410377543,5065.042781161353
2025-01-25 05:15:00,1464.9946642147158,1471.4127615125685,1456.5816415410893,1460.6797973382972,5616.343324434387
2025-01-25 05:30:00,1479.6429301816167,1483.0874431770726,1475.8247228501252,1477.8505828509578,6034.496795115118
2025-01-25 05:45:00,1478.4595856314681,1479.6453431703083,1468.7231939787055,1479.5591416608377,5095.807829683436
2025-01-25 06:00:00,1464.6596529449027,1476.3587960696527,1462.128493576084,1468.215599097321,3702.98230156779
2025-01-25 06:15:00,1463.6862675556372,1468.6623146898874,1457.434909092434,1458.369398695478,379.1376505017728
2025-01-25 06:30:00,1472.8961535743135,1480.4918076301071,1469.6476942467257,1475.1677506245408,1535.8949867566353
2025-01-25 06:45:00,1479.8980497672496,1479.1512907088513,1475.0165857997538,1479.2641682894507,5785.318899796301
2025-01-25 07:00:00,1485.3275964530228,1496.6124984105202,1486.0303345316686,1486.0797069545017,868.0678882873088
2025-01-25 07:15:00,1504.4272153851073,1509.5387636314053,1500.0188669555844,1506.1206779178992,8882.489455619947
2025-01-25 07:30:00,1498.7671502082444,1498.2570823225742,1490.640725092061,1494.94578230915,2339.2735924053704
2025-01-25 07:45:00,1495.9433617967698,1501.4995875618242,1488.4266175504288,1493.8360461853306,4545.664574511351
2025-01-25 08:00:00,1491.7812994320516,1497.1212015606422,1490.3789096950372,1493.2721736014953,6728.78333903474
2025-01-25 08:15:00,1503.3158573481924,1505.1522832733872,1495.1791254116733,1505.8821355133412,3036.374858147179
2025-01-25 08:30:00,1499.1135318920697,1509.2172907431664,1494.9662144306355,1504.454268394356,5519.636329262539
2025-01-25 08:45:00,1500.931982732948,1500.6805336342888,1490.586787932007,1495.488150357058,2965.233963490044
2025-01-25 09:00:00,1501.037564919912,1502.7938514608486,1490.1618172111835,1492.363534914018,8345.103734016577
2025-01-25 09:15:00,1502.6136878181285,1506.888004921567,1498.3455624489216,1502.9345424332625,4694.705235986363
2025-01-25 09:30:00,1516.0085154292926,1523.3536687121614,1514.3787871416284,1522.092389743043,4064.701833694752
2025-01-25 09:45:00,1509.38558011946,1508.1043433012496,1502.253132053584,1508.8259262422248,3818.5255160528773
2025-01-25 10:00:00,1497.2336843423373,1502.0325974894524,1491.3996182190726,1498.2444853289232,7069.795810939482
2025-01-25 10:15:00,1489.0326179764272,1494.5707049791731,1486.826886281626,1491.1065428276322,2139.783447590944
2025-01-25 10:30:00,1505.1298772815308,1513.1652746410437,1504.4391531979766,1510.8146124597781,1859.8682751541476
2025-01-25 10:45:00,1535.2790357241713,1546.5542946581577,1536.4913034600986,1542.2517739018326,8681.513848047152
2025-01-25 11:00:00,1529.324364847277,1535.443598825082,1529.89771475177,1530.3298824167794,2650.406438652287
2025-01-25 11:15:00,1537.8391513579904,1545.8042501090615,1538.721751565199,1538.707344579289,9260.83512683599
2025-01-25 11:30:00,1558.0104730816095,1561.55374381406,1553.5876153796526,1554.020026627075,9954.851264594436
2025-01-25 11:45:00,1555.1459465472062,1560.503984461769,1546.882938390833,1549.0437204287007,2035.7694254577923
2025-01-25 12:00:00,1542.521949686023,1550.21989265118,1540.898834374194,1542.308285556161,6407.376397431943
2025-01-25 12:15:00,1554.7230490323493,1557.4290917089468,1548.1147530846818,1547.5159298012334,3032.2555736387317
2025-01-25 12:30:00,1564.3143400938184,1573.3527333428526,1562.0140923346025,1572.9915624229602,1319.2016460060686
2025-01-25 12:45:00,1592.4049256720018,1595.4036954300702,1586.8190604273152,1588.9373853891127,3831.1419213945055
2025-01-25 13:00:00,1611.2993773483054,1623.2647518192819,1611.3641800707283,1615.3404207055166,298.2304142845041
2025-01-25 13:15:00,1580.8148368673826,1589.390654559213,1580.6654888657977,1585.5668231277537,8978.473264736622
2025-01-25 13:30:00,1613.7159188806554,1618.4554019538193,1608.4756225713913,1620.14722843154,5046.5370208814475
2025-01-25 13:45:00,1584.1631600689657,1593.5519342035495,1586.3856880006506,1588.3528550548358,3147.291191812014
2025-01-25 14:00:00,1561.0355777508541,1572.8132137336745,1559.3811002924751,1570.2810186837432,1329.7489491657464
2025-01-25 14:15:00,1567.024141296552,1575.4840457419823,1563.534242033298,1563.6066899432283,2150.1029128287764
2025-01-25 14:30:00,1575.6559293422924,1578.5040247779998,1565.4614592130322,1574.7727586129245,3644.061729192098
2025-01-25 14:45:00,1576.6314075140242,1581.3169183237933,1568.0821837937722,1572.717214936036,6420.016051504723
2025-01-25 15:00:00,1582.6514536613272,1589.8408045354206,1579.2151693338094,1586.5897910665203,6359.2698878647225
2025-01-25 15:15:00,1603.5461425509432,1604.4661102985015,1593.1604716027077,1600.9271129687377,664.4156472025476
2025-01-25 15:30:00,1624.083140156142,1628.9680164658253,1621.0158802854291,1625.213723644028,6890.14499749147
2025-01-25 15:45:00,1638.5502384579204,1647.8414702786743,1637.465994092379,1640.4134614363554,3883.705240240784
2025-01-25 16:00:00,1675.4283661116956,1675.892252246132,1668.1612212152218,1674.5786643981576,1415.4249943983054
2025-01-25 16:15:00,1665.0879005844733,1670.982582548528,1664.319509557932,1670.4839460425774,6643.6359335228
2025-01-25 16:30:00,1654.4731308406467,1663.5641927570439,1653.6887469758244,1654.65743665697,7013.161038738256
2025-01-25 16:45:00,1642.1652046537754,1652.2783720480177,1640.9302333682356,1649.5698617722207,8043.15570103473
2025-01-25 17:00:00,1643.2044815172512,1649.3475816936761,1636.6847403113795,1639.8503823885808,5787.402866380523
2025-01-25 17:15:00,1643.9409460368524,1649.037883044358,1639.3341071566267,1651.4645357385575,9546.47423002122
2025-01-25 17:30:00,1649.0215363771358,1651.313326702631,1643.5383947830283,1653.7087702692409,6041.911877966091
2025-01-25 17:45:00,1648.9342625084537,1650.9509031228731,1641.8878325213775,1644.4013755584183,1408.673218229242
2025-01-25 18:00:00,1652.002439423675,1658.654910624535,1649.1774619138935,1658.455927020153,1283.270145870571
2025-01-25 18:15:00,1671.948552783745,1674.8820419386245,1664.149676223563,1668.4024527928523,5274.463598192784
2025-01-25 18:30:00,1672.8140641342957,1674.695157360322,1661.8561742440556,1668.8203400881564,1834.734432614091
2025-01-25 18:45:00,1663.458347949186,1666.4504178186435,1660.0083202254107,1662.497143234539,9140.627225280672
2025-01-25 19:00:00,1669.7956069794163,1673.4142469953808,1661.305636240719,1668.7042949969482,1148.3556849866816
2025-01-25 19:15:00,1660.2363536458158,1666.6937640968629,1651.4846574418477,1662.0748003274107,2618.0736353743328
2025-01-25 19:30:00,1660.0293359246516,1664.6078101871678,1650.9585752120015,1661.6795582407738,2117.579120033807
2025-01-25 19:45:00,1674.869201174546,1674.8813423520853,1667.8414357396011,1670.9470301417098,6276.164150500228
2025-01-25 20:00:00,1670.254834215701,1678.1037051979088,1665.7634619803912,1672.1412504648363,6860.8966296082435
2025-01-25 20:15:00,1688.7446516860246,1695.791571414286,1689.2888265489905,1690.8940433179653,8900.455262281945
2025-01-25 20:30:00,1708.8552467990714,1714.1833721508121,1708.056426580063,1706.1696001201008,8206.986016859075
2025-01-25 20:45:00,1706.4459396218065,1719.1483713999971,1706.8802695622255,1713.657572449213,1027.7233939201665
2025-01-25 21:00:00,1724.2527450215553,1730.2377090568955,1718.214960968605,1728.500148570041,8052.73233837184
2025-01-25 21:15:00,1722.9088285647938,1726.2503452366375,1720.4090394892814,1725.092402804723,1857.5125664393233
2025-01-25 21:30:00,1739.992865247319,1746.2027196376948,1734.5317882146082,1746.8713181555086,5893.939983215449
2025-01-25 21:45:00,1756.1136667167727,1761.759719040558,1753.8528459262511,1761.6493093129689,817.3742452429616
2025-01-25 22:00:00,1748.0717480708781,1758.1783650194066,1743.8669807465285,1753.3283931680721,7407.786584595872
2025-01-25 22:15:00,1754.3282751072425,1756.2602208983576,1748.3106546630922,1750.5817785311656,9396.246489559713
2025-01-25 22:30:00,1734.7324107370816,1743.5507153638387,1729.174901713919,1733.0360902720363,544.5619749869118
2025-01-25 22:45:00,1746.325914086106,1753.6085417187307,1740.6335522272525,1744.6249471422445,7275.663049450621
2025-01-25 23:00:00,1755.7722967609607,1754.5825809472906,1747.8645256299662,1750.3520904947675,6942.157921547625
2025-01-25 23:15:00,1741.0312764254163,1752.8512610785288,1740.2770118021083,1740.9528008642137,8733.88708237974
2025-01-25 23:30:00,1738.7326072226872,1749.8915776674812,1739.4851789744005,1745.5223957168262,8320.019955853157
2025-01-25 23:45:00,1761.2461120583862,1764.2774639179668,1754.9533015243974,1761.0734225754636,6701.940369119521
2025-01-26 00:00:00,1756.0085793882072,1762.8634347434934,1749.9072970325105,1758.3457432995076,9726.147574439761
2025-01-26 00:15:00,1749.3424805607417,1755.9541270543662,1742.424393264075,1748.0177942211935,1316.9001107566082
2025-01-26 00:30:00,1764.5936501589981,1767.5896263733052,1759.5031104495736,1764.412141238027,4718.899375766563
2025-01-26 00:45:00,1755.152289515797,1754.9482350123608,1744.966431366951,1754.5840600323909,4086.31552433883
2025-01-26 01:00:00,1768.2014248418452,1771.3437761676273,1764.8620612756476,1771.4834616341584,7942.129162160532
2025-01-26 01:15:00,1752.3427322188625,1760.8620231942846,1747.9747076319738,1755.3477953733461,8688.347158237952
2025-01-26 01:30:00,1760.2213933324088,1770.2153288535892,1759.6127657246793,1760.1386183114432,3712.490983277516
2025-01-26 01:45:00,1761.4143249090234,1769.187279832373,1760.91242340915,1761.183563282711,5972.084504697395
2025-01-26 02:00:00,1768.822276989591,1770.684672270585,1760.7782149420132,1765.124941167469,4665.9634442814795
2025-01-26 02:15:00,1765.158268320612,1769.051640968806,1759.4911570814197,1764.4216782709054,2755.9198643388163
2025-01-26 02:30:00,1758.1477264233897,1760.6746379650235,1748.9677990063212,1751.0958714526323,5842.304315699173
2025-01-26 02:45:00,1758.1391972439221,1761.4016672918365,1750.2588814034214,1753.962140069539,1551.0593281688614
2025-01-26 03:00:00,1741.337044115418,1741.4821396980365,1734.740898551746,1737.5804097438252,9027.177700006467
2025-01-26 03:15:00,1750.813585704241,1753.9286756655492,1745.2948620790164,1746.6116920973884,2165.467695556771
2025-01-26 03:30:00,1764.806665286363,1772.4855892838689,1761.9341283323288,1764.9714124760337,3646.2217981817203
2025-01-26 03:45:00,1754.111038351376,1760.5556950440828,1749.9323177814078,1754.8706845207196,4394.344288880327
2025-01-26 04:00:00,1747.7768794275676,1753.9473717001342,1745.556868358849,1750.4815350654417,9038.207579148653
2025-01-26 04:15:00,1732.244989789949,1736.3041485905019,1727.1923877257111,1728.2784308993364,7112.063979641526
2025-01-26 04:30:00,1728.8366512226141,1736.575213525495,1723.9109577613272,1728.213630785504,9976.692794084274
2025-01-26 04:45:00,1715.8843096519872,1722.294744729258,1714.4496093423727,1717.474336466674,9936.693300398987
2025-01-26 05:00:00,1721.0457612800767,1724.536087791801,1716.3260586813365,1717.3078004447245,9866.751755376546
2025-01-26 05:15:00,1717.3750041005922,1728.480679404616,1717.5212671474706,1724.641853843221,4087.4732459994357
2025-01-26 05:30:00,1728.8117093341937,1728.1588994392093,1719.6479492200972,1726.819621941844,5605.293275059907
2025-01-26 05:45:00,1703.906296222256,1709.0572937475433,1701.6268301190821,1707.2882034004415,7871.233423897941
2025-01-26 06:00:00,1700.1335798806163,1704.6110321347312,1694.257821574242,1697.5679103774194,5367.523873898258
2025-01-26 06:15:00,1709.3589263046256,1712.6899044433478,1699.4864417983363,1708.672250018298,6175.109627985259
2025-01-26 06:30:00,1698.31392328127,1702.1147351450866,1689.9039221203614,1701.3159639961436,9674.204842277619
2025-01-26 06:45:00,1669.8450888230532,1678.062092410371,1669.8094646166344,1674.1755392678137,9996.109447523731
2025-01-26 07:00:00,1720.3269940384082,1721.8127449091019,1714.4782018185244,1716.2716895437607,5904.485801913679
2025-01-26 07:15:00,1721.8676380042828,1721.2233558510381,1716.7978632787567,1717.7173751024723,9166.213245592335
2025-01-26 07:30:00,1725.676697202211,1731.7734116653037,1722.227637326624,1725.8301215789315,6655.477133875808
2025-01-26 07:45:00,1717.1057332215944,1721.1742351362248,1707.57238807425,1719.5884779788744,2095.4301517726526
2025-01-26 08:00:00,1720.41689330308,1726.7605232821923,1719.468705665392,1726.7957701188136,6400.985739637097
2025-01-26 08:15:00,1718.8013631163863,1726.1513734570224,1718.7839261359895,1718.8195487843047,9040.824179740825
2025-01-26 08:30:00,1719.0500803715547,1718.8592844820876,1714.570087417682,1719.062085701615,9784.939308449393
2025-01-26 08:45:00,1693.1893885103095,1698.5575727242788,1687.334772589159,1690.797965877056,1276.3692993641782
2025-01-26 09:00:00,1716.5438968070087,1722.2400525221274,1709.9280290754025,1719.751575028104,833.493589315794
2025-01-26 09:15:00,1691.1487566888707,1697.424433548715,1684.2148566651813,1691.3746786700585,5103.535450895185
2025-01-26 09:30:00,1679.95181538762,1684.5052297755471,1674.3156224476659,1680.894231135177,1286.5907901476398
2025-01-26 09:45:00,1673.7992408693476,1680.0420780604313,1669.8936035287313,1674.265014256301,7153.752995715519
2025-01-26 10:00:00,1641.6992110426434,1639.690674517408,1635.3284635142215,1641.3386608223072,5127.330116724642
2025-01-26 10:15:00,1638.395498287225,1643.1870257540452,1634.3860503064082,1638.497290248208,1493.326517927284
2025-01-26 10:30:00,1646.565160281642,1647.3587947081733,1639.7322902550145,1640.2410470669042,7596.375734234066
2025-01-26 10:45:00,1638.8687836861427,1639.2636291574051,1631.2590975030685,1636.243526983097,4858.612062896464
2025-01-26 11:00:00,1639.1578006758007,1642.5071947002605,1627.9355862380842,1636.6958463737324,2030.0558571930092
2025-01-26 11:15:00,1651.7242964554607,1652.7965182223618,1643.1170927454925,1648.0259229658095,8898.26722486002
2025-01-26 11:30:00,1655.9758188306726,1656.4613677068414,1647.5575537040477,1652.8188006223213,3773.893401308107
2025-01-26 11:45:00,1653.0123996414281,1656.360535593956,1648.1017640871507,1651.010696277302,4225.488815413342
2025-01-26 12:00:00,1653.9636349700513,1654.0200297894473,1644.8355740209436,1654.8038085368573,9407.08805550154
2025-01-26 12:15:00,1644.9110734111932,1651.3790648800068,1645.4852282400534,1653.4685149514337,4313.245027506447
2025-01-26 12:30:00,1657.9041739220231,1659.5180925187262,1653.1022016321274,1661.8481295508532,3669.8186835629513
2025-01-26 12:45:00,1673.4474438279874,1677.9951674992692,1670.2087814967804,1670.3214531403007,8915.023304901302
2025-01-26 13:00:00,1638.249865458659,1645.2806941810024,1634.2929978210057,1642.673197586767,7468.883620652468
2025-01-26 13:15:00,1622.2294048991741,1628.6650291642666,1622.1338944852962,1622.950213743304,7893.667722232522
2025-01-26 13:30:00,1619.523733579902,1625.9057114234809,1613.2131173983116,1619.924860724136,8909.044249927892
2025-01-26 13:45:00,1614.5918420363926,1616.255056576492,1607.4772842462055,1613.0851353845424,3698.38428431928
2025-01-26 14:00:00,1628.1921884450255,1637.822423917671,1625.7222037345089,1629.6314300443903,2789.7313577566324
2025-01-26 14:15:00,1663.055842678182,1670.2815155700675,1659.1633380614037,1659.0928851860995,1186.6685800059277
2025-01-26 14:30:00,1707.7929319756345,1710.5233919540062,1699.7528770721526,1704.9132874952682,9967.866271975927
2025-01-26 14:45:00,1704.0047369401393,1714.328600803579,1701.9724926291183,1705.7181306094367,4316.139868594529
2025-01-26 15:00:00,1713.8107879288982,1718.0102073276562,1712.2687193883696,1713.4536097238579,4772.937392011066
2025-01-26 15:15:00,1709.0953576206273,1717.066413071926,1709.535295498332,1709.44046982712,6330.457602266452
2025-01-26 15:30:00,1682.9105655493988,1693.447983099329,1682.9469492840053,1685.6822623040573,7226.289988798283
2025-01-26 15:45:00,1678.8950533568386,1684.2067914185213,1675.8374819411788,1683.4663029965418,2771.977729257388
2025-01-26 16:00:00,1687.8060245056154,1694.4525369239248,1684.6167939121335,1686.966594324149,9252.32837492031
2025-01-26 16:15:00,1662.5087937767432,1673.0287163813596,1663.0703056699056,1661.8737212525205,2664.160299871473
2025-01-26 16:30:00,1670.472918711619,1678.3517930975754,1670.6080377767103,1672.958485526293,6302.367892414519
2025-01-26 16:45:00,1651.0362505331182,1660.252913500888,1648.2767533042606,1659.0717062321546,1409.7207305211184
2025-01-26 17:00:00,1668.6948456733053,1669.179130984512,1659.2088421856488,1666.9506390766905,1164.1685241131993
2025-01-26 17:15:00,1667.8074263196606,1673.3379561024942,1661.1894088037618,1670.8454179178866,1821.3144206996624
2025-01-26 17:30:00,1655.9512649721398,1664.6164182629889,1656.1018964962398,1662.859367617994,1285.0101548936211
2025-01-26 17:45:00,1652.59701909211,1657.5793251117777,1647.595905058962,1649.5687598713903,2368.642972948426
2025-01-26 18:00:00,1645.7402449081535,1653.8500633550495,1643.4587670639664,1646.743141391667,7599.540037961575
2025-01-26 18:15:00,1625.7553970801152,1629.0918701371434,1618.9812166899492,1622.060724082069,7160.4206474979455
2025-01-26 18:30:00,1613.8383143477936,1618.0881005124286,1609.904240745874,1611.389870633393,3457.7324263970527
2025-01-26 18:45:00,1630.7785780876388,1632.103813274825,1623.8463913398848,1631.8750179775516,5511.133443425684
2025-01-26 19:00:00,1603.9854331606753,1613.5117722621487,1606.5718191018252,1611.5708040805766,8780.729730755374
2025-01-26 19:15:00,1604.9258555488925,1608.1918905404543,1598.2231746373586,1599.3504559866685,2232.133490248401
2025-01-26 19:30:00,1620.0455320208023,1625.8048029688443,1611.7046321033988,1624.3939389524646,5001.6534834971935
2025-01-26 19:45:00,1618.454278128831,1628.3541693782383,1615.1314406946447,1620.7705792878742,7615.764813595833
2025-01-26 20:00:00,1635.9086046905334,1636.065082583906,1627.6077195301598,1631.0056616302586,4077.3345535281087
2025-01-26 20:15:00,1652.3956045235886,1664.6241467287143,1649.4409066378573,1654.2240511628286,5516.369392550216
2025-01-26 20:30:00,1651.7418917658526,1657.2319825150062,1646.9830172319212,1657.6194282378665,8426.681711518622
2025-01-26 20:45:00,1640.9069060304403,1642.3001627086749,1633.6633970905352,1640.4459203200224,7560.713436692551
2025-01-26 21:00:00,1635.9203935484472,1636.8046654937623,1629.714166883902,1637.3250762697623,6000.006016635119
2025-01-26 21:15:00,1650.2371588356305,1650.6354133928724,1645.2774260339725,1652.220295525635,5154.832821632106
2025-01-26 21:30:00,1648.5999333948482,1650.4953857219475,1640.05105627832,1648.956072944046,8251.573377614488
2025-01-26 21:45:00,1654.1635048767325,1660.9103665757189,1653.6835984135491,1652.2239672786698,9497.942102407782
2025-01-26 22:00:00,1671.9817238368214,1670.4845175757066,1661.9815162650862,1668.732961235435,4700.038738082167
2025-01-26 22:15:00,1677.643312055706,1676.6933497635848,1666.9705251767948,1672.5171469073407,9175.418779746713
2025-01-26 22:30:00,1654.3688607695497,1660.1129063046697,1649.0427705763325,1656.43680538531,2210.3407407299965
2025-01-26 22:45:00,1672.1002894492021,1673.6986562290144,1659.5455427239308,1670.1190179034352,5343.0106294089
2025-01-26 23:00:00,1681.2387707661435,1685.7978193613897,1677.8759507435645,1685.1344106686786,7108.58276474221
2025-01-26 23:15:00,1694.2566111538738,1701.09942381177,1690.4455926520445,1694.8611220938963,9486.598603204882
2025-01-26 23:30:00,1669.0654628026905,1680.3655861682932,1666.2491742707946,1668.7899799688082,6240.614559863021
2025-01-26 23:45:00,1684.085953687548,1689.2911910084874,1674.0063597933652,1686.470660589685,553.2790630852478
2025-01-27 00:00:00,1669.1758646297237,1676.3012974484748,1669.9771434363906,1671.9991769521118,6029.043843929378
2025-01-27 00:15:00,1693.7702238586521,1704.1748834155574,1690.97815968341,1699.559976941651,784.1681150766814
2025-01-27 00:30:00,1675.997315722767,1683.8541157943273,1675.8461160780214,1675.323034692209,6250.303472972732
2025-01-27 00:45:00,1676.10810229653,1685.270744008704,1674.7645069794467,1681.0754741078006,9846.352327119106
2025-01-27 01:00:00,1653.334566547703,1660.0778084687424,1651.044644287132,1655.299286933128,5793.912905999217
2025-01-27 01:15:00,1632.9833935715938,1641.62704992822,1627.368325521937,1635.6319649453333,6520.66740527207
2025-01-27 01:30:00,1647.3486105883899,1650.3586230842964,1642.9507350056767,1648.0255954866143,8665.878279091035
2025-01-27 01:45:00,1656.8344920696243,1659.9961637923263,1647.935905303152,1647.4904921878892,9170.674890130309
2025-01-27 02:00:00,1670.0074342863375,1676.7980814089308,1669.2916447894856,1670.6108354097341,1803.2179769110155
2025-01-27 02:15:00,1701.0476021267268,1704.6190494984276,1696.9532566104915,1706.3066558023204,4409.504848870115
2025-01-27 02:30:00,1712.433999338818,1720.4654582113192,1710.7603377523426,1714.9850713548772,9909.208564746188
2025-01-27 02:45:00,1698.109467914929,1703.52965811371,1691.1241958279334,1696.7250918196416,947.0894932836522
2025-01-27 03:00:00,1679.130118499623,1682.1780305786804,1673.71598551275,1681.143796041683,1578.617888574339
2025-01-27 03:15:00,1706.441050296076,1706.2695193430445,1698.9790401994812,1706.8139538226008,113.96442132965892
2025-01-27 03:30:00,1706.3560897378084,1716.6697567766123,1704.5567955038862,1706.205277523763,4919.6983600875965
2025-01-27 03:45:00,1712.1451535232252,1714.193678389318,1704.7904695959442,1713.1949609900419,4361.762168058976
2025-01-27 04:00:00,1710.2212846537843,1712.8838824056772,1704.6524166916581,1706.3964479162958,993.8208061792803
2025-01-27 04:15:00,1724.6620630761006,1730.8189519438774,1720.11528193195,1720.5248588290287,7238.010919120768
2025-01-27 04:30:00,1753.7917692249905,1760.044384023181,1750.513214404562,1761.2984411985126,4058.5140935619397
2025-01-27 04:45:00,1753.629911643354,1755.3255167260081,1747.3942866017549,1746.3380323125225,3000.6443653587835
2025-01-27 05:00:00,1740.4630472907315,1745.6235333394516,1737.2409115083158,1736.4782624998834,5522.373541319485
2025-01-27 05:15:00,1741.8073554164082,1745.150517620361,1736.0970536555994,1740.7770053451677,3324.7943264465857
2025-01-27 05:30:00,1744.8524022902327,1745.2911262439907,1734.8296391584552,1743.687138610696,9095.404434657097
2025-01-27 05:45:00,1761.6348785242574,1768.546535921729,1759.0917228546803,1757.4002771554397,9702.469599552785
2025-01-27 06:00:00,1781.1629959046852,1782.058637349679,1777.1188316982552,1774.966294666643,968.7886808683895
2025-01-27 06:15:00,1758.8419626092402,1771.4941608793354,1759.439969323398,1766.8434408433857,6027.597182763133
2025-01-27 06:30:00,1774.1642040247507,1781.115502752865,1770.63403876584,1777.905388734389,2698.3761954075085
2025-01-27 06:45:00,1794.9982053236697,1798.098630267726,1788.63523875654,1796.5301296117068,8625.90333524541
2025-01-27 07:00:00,1790.6129974791663,1791.5299943905804,1780.4441609723044,1790.8453362668415,1972.8945237156606
2025-01-27 07:15:00,1788.2892686931784,1793.8037817153486,1784.0939978737338,1790.4159743226876,4364.2560782896435
2025-01-27 07:30:00,1796.4725339699908,1802.0891753850701,1787.7434362221738,1792.0147764205335,5466.43150233211
2025-01-27 07:45:00,1804.3886143701525,1813.3256286888723,1800.8606676262525,1804.997649231889,6071.103182383842
2025-01-27 08:00:00,1812.7164989345308,1823.0099068613872,1811.1011061335596,1811.991570281604,4620.520126466974
2025-01-27 08:15:00,1827.076833119927,1832.2865000211673,1818.3448468669699,1824.255693104504,1781.249482539925
2025-01-27 08:30:00,1808.8299460415988,1815.6058514362576,1802.8838766247886,1813.093997970025,6584.534072326116
2025-01-27 08:45:00,1802.1482179382633,1809.5153732386134,1799.1746536419505,1803.5273663302673,9835.613006195814
2025-01-27 09:00:00,1780.1691921709805,1789.6360635411504,1778.3189298129603,1777.3634569846342,5390.809756386375
2025-01-27 09:15:00,1776.6589910329506,1782.107134071474,1776.8779218007537,1780.817712938879,8272.275116069126
2025-01-27 09:30:00,1766.2788872077706,1769.668032514634,1760.2658811519314,1767.5798185589201,1625.3985134889572
2025-01-27 09:45:00,1739.9401350800201,1741.3277612876495,1734.2121178786292,1734.0759923013338,9564.01942598255
2025-01-27 10:00:00,1719.9906197247199,1723.1490613547062,1713.7363567477353,1719.7636364801874,5202.115552648883
2025-01-27 10:15:00,1742.428128010916,1750.5068699539925,1740.6131535722348,1747.5948679841667,1144.2499419497883
2025-01-27 10:30:00,1740.460267124655,1750.3183938874404,1740.8043933642857,1737.985032564921,1539.6758770026756
2025-01-27 10:45:00,1752.6334991061979,1759.1981851322487,1744.2453837838384,1756.438034040982,3815.96103114304
2025-01-27 11:00:00,1740.8012709971595,1746.838559621175,1734.9831308391472,1738.310743704894,7846.745511221678
2025-01-27 11:15:00,1767.6027442593788,1772.0058278186234,1762.0471338297295,1763.00419008,8137.291650304854
2025-01-27 11:30:00,1782.7194658713154,1785.2872501768431,1777.9527048161458,1775.634072090011,5789.904821705233
2025-01-27 11:45:00,1761.4836802699608,1771.5075403026062,1759.9108866926072,1764.1141396308274,9341.158795700898
2025-01-27 12:00:00,1739.861161811346,1744.166180475043,1734.1099375858607,1740.3677109236714,9247.303527023374
2025-01-27 12:15:00,1748.3769693483086,1755.59869513646,1748.2096329866954,1750.44989475472,4715.388437791786
2025-01-27 12:30:00,1747.3750406590798,1751.7751218639091,1739.455491037663,1743.755482252872,1179.5546649103305
2025-01-27 12:45:00,1746.0826469942895,1751.5615654556284,1739.1341206846587,1739.7222651490642,5514.820700478508
2025-01-27 13:00:00,1727.4544737937867,1727.247021017904,1719.2912407789697,1724.2051716514202,5905.077758248065
2025-01-27 13:15:00,1709.3980458063127,1716.278605570486,1707.2920922827498,1705.233905219283,3779.609471916979
2025-01-27 13:30:00,1704.68832901493,1707.2574602302163,1700.2679398516768,1702.0509775481237,3061.496768129103
2025-01-27 13:45:00,1703.4434462077836,1711.5887599942914,1697.7279718491907,1700.6952565029535,2288.4866773463564
2025-01-27 14:00:00,1715.391439358967,1722.4992871246523,1711.5161295757466,1718.3654549483574,2519.864535383643
2025-01-27 14:15:00,1721.39127239903,1720.9289190328943,1713.1549816845798,1714.618815303332,7543.9410134565305
2025-01-27 14:30:00,1728.3908601630042,1739.841195041034,1726.4049157881832,1734.4286826867688,5538.412168009254
2025-01-27 14:45:00,1717.5808283844958,1715.7006356730103,1710.2209475862212,1713.2547917534205,2498.947372628933
2025-01-27 15:00:00,1715.331194217385,1719.6430235521357,1708.6145409097676,1712.2809308555766,8999.397192174223
2025-01-27 15:15:00,1697.8373678671117,1703.4342381501049,1695.2156980678312,1696.571046449072,6787.178454748885
2025-01-27 15:30:00,1726.9151754684883,1731.006096973062,1719.2964920317067,1722.9553866608132,5961.071751662763
2025-01-27 15:45:00,1729.212676513179,1731.8687611501034,1721.0228186133188,1733.1962082096877,7362.0805585850785
2025-01-27 16:00:00,1730.234843810483,1735.3629640300328,1723.5234505534238,1730.0441595565921,4052.904279395878
2025-01-27 16:15:00,1704.5450428303716,1713.2905766302492,1699.4809002221004,1709.9185935100459,4782.48071634825
2025-01-27 16:30:00,1697.496870257204,1698.8804367527498,1689.1614470192997,1701.6556219077556,1109.2128448052931
2025-01-27 16:45:00,1681.5130659075855,1689.097835551384,1680.4534802526118,1685.0054658886124,1177.9959141499999
2025-01-27 17:00:00,1686.2918659811326,1689.3219822947976,1678.0522609680163,1680.2405377343655,4237.30286535587
2025-01-27 17:15:00,1665.115095416298,1665.5492550484053,1657.0645291495625,1657.8371120231748,1451.3773981742365
2025-01-27 17:30:00,1663.1072381587592,1665.8575384920293,1658.6600822077316,1663.7803563974353,3477.439248570478
2025-01-27 17:45:00,1663.5151177378232,1666.7303292961785,1656.8454875373473,1664.3919433378558,5365.270440497365
2025-01-27 18:00:00,1679.4574701429174,1690.3034372985355,1680.9228932054118,1683.134105436643,3344.859404297872
2025-01-27 18:15:00,1703.0813966554786,1709.6330835579404,1701.0812779082667,1707.7897524940465,142.06709603084778
2025-01-27 18:30:00,1694.1879215861827,1700.4544411058403,1690.6955640019019,1694.5435748831103,7123.860883425058
2025-01-27 18:45:00,1688.672333727218,1697.8548343993784,1688.1915865976853,1692.8872627131236,5252.678192380475
2025-01-27 19:00:00,1681.4014138309146,1685.2207232981866,1676.6614554144574,1682.3455657557715,3554.1858411492517
2025-01-27 19:15:00,1674.8685549149745,1680.7121275074262,1671.3238733646194,1672.9587023946976,5876.459280565259
2025-01-27 19:30:00,1673.4989220843051,1685.3749015156366,1674.5044928811296,1676.9224162488833,1111.0850199483252
2025-01-27 19:45:00,1686.2677017954165,1686.0726330111013,1681.5956232717574,1678.8554226425626,4622.39234300459
2025-01-27 20:00:00,1674.8357094484643,1674.1580301324936,1665.5013590348126,1672.3447992252268,7184.525923811942
2025-01-27 20:15:00,1644.7255559150822,1653.98089412112,1645.4344792340478,1646.8032664731265,9034.31324047826
2025-01-27 20:30:00,1636.2833727013406,1645.0747941231225,1635.515792392555,1636.5976180634275,7796.366838072214
2025-01-27 20:45:00,1645.3857090111012,1651.8634053298313,1638.7354811355042,1641.7708952402486,4922.750096012443
2025-01-27 21:00:00,1653.6546276899542,1658.7336040025623,1649.3538652280374,1656.6029282827246,6675.541094858637
2025-01-27 21:15:00,1645.1983556205535,1643.8509999337143,1632.3137830172343,1635.9575864287083,6458.447964357943
2025-01-27 21:30:00,1633.2110260802256,1643.036061278225,1633.4353255006122,1641.7450906918543,4358.8505243099635
2025-01-27 21:45:00,1637.824936362023,1647.026699696897,1637.3795225202834,1639.400231867072,6972.277668024911
2025-01-27 22:00:00,1653.3362921595503,1652.161077454444,1644.3149660199442,1654.1659636917154,3502.1861538293597
2025-01-27 22:15:00,1678.3869078777584,1682.59469986643,1674.1932355090164,1681.6749515663994,5442.875101512634
2025-01-27 22:30:00,1670.2912039665239,1681.2024899880223,1666.7276553122501,1672.244832535223,7398.324535237976
2025-01-27 22:45:00,1671.711530551594,1675.6854201861565,1664.2527373714104,1676.5937400709406,4800.37344043917
2025-01-27 23:00:00,1677.002142953981,1681.9923505926765,1672.0538800716809,1682.3633115875461,5773.716390830091
2025-01-27 23:15:00,1701.5237717465864,1699.1991574607848,1688.5760541005045,1700.0601721052565,4037.8006337229713
2025-01-27 23:30:00,1671.992218187265,1680.807540178774,1668.6276771815683,1674.750726229477,3238.2252226638043
2025-01-27 23:45:00,1678.8810067751976,1684.8136909803318,1678.3888599412285,1676.1429467560679,7045.039482545046
2025-01-28 00:00:00,1688.6113750459829,1693.6282301432946,1685.8784114194534,1683.6226150424154,9853.670468179318
2025-01-28 00:15:00,1692.9866584651713,1698.5984672875113,1688.026312004589,1697.243587940251,2397.697777781076
2025-01-28 00:30:00,1716.9241262618891,1724.5187088800956,1713.8510497733357,1719.1314489221998,101.9835566487527
2025-01-28 00:45:00,1695.3285960348558,1695.2705958268507,1684.692742555949,1692.5233599863905,6440.229710156671
2025-01-28 01:00:00,1699.8793643020585,1708.6005040185858,1698.9091727665257,1700.0584682511299,5980.768797570001
2025-01-28 01:15:00,1689.3002476437925,1694.2278143302347,1681.1567615655501,1692.7563106129037,1484.8324541530733
2025-01-28 01:30:00,1696.2422901184466,1703.6838281556786,1695.7417163654945,1703.3585131831064,4130.095268009848
2025-01-28 01:45:00,1684.980810708673,1694.4579125606012,1679.46407556858,1690.4258784335118,2799.8002172684323
2025-01-28 02:00:00,1670.2380333554459,1670.1378793586232,1662.3323207008866,1664.4862065597342,282.1678496236923
2025-01-28 02:15:00,1666.981512961221,1666.8146988338995,1658.6621576509715,1658.7069064883704,1294.8532598299903
2025-01-28 02:30:00,1653.2141434716732,1663.122795944882,1653.1613184244325,1653.9267103668076,6635.761434229015
2025-01-28 02:45:00,1640.7524134768078,1648.8876498194768,1641.5908372736312,1640.669350807016,9312.59501392623
2025-01-28 03:00:00,1649.8971556236884,1656.178719149296,1646.5755918182017,1653.7424267929869,7503.395054886052
2025-01-28 03:15:00,1667.4527612104375,1674.7733228895127,1665.2659046708584,1665.2559509650575,2253.7203119284763
2025-01-28 03:30:00,1680.7604936456203,1684.01858978079,1669.8365705647504,1674.9553551085114,3877.9770943953554
2025-01-28 03:45:00,1660.8072066757293,1661.079884180086,1656.1167109207593,1657.814861748062,3008.4808037814855
2025-01-28 04:00:00,1678.1806562755157,1687.527966825504,1673.5471329571765,1681.894376862397,6848.221807624542
2025-01-28 04:15:00,1672.54613939381,1683.466958945115,1668.142681338783,1672.9948527226597,6863.991547538097
2025-01-28 04:30:00,1669.7138938063335,1669.9482250370083,1659.3849877693017,1667.8651926576524,2410.0193650114634
2025-01-28 04:45:00,1661.1256253886295,1670.4538088421339,1659.7298690949262,1663.255640042059,559.4897960619944
2025-01-28 05:00:00,1665.10284463616,1667.898829262202,1660.7720338918616,1668.885683342254,6743.338035698689
2025-01-28 05:15:00,1642.7835605844673,1647.831399910251,1638.2502427721504,1645.2244737526737,5815.172045418236
2025-01-28 05:30:00,1629.043750652571,1633.2338088385857,1623.9926131063883,1628.1681372437704,613.426952318753
2025-01-28 05:45:00,1641.3508547485178,1644.5063294442325,1633.5673124014493,1637.4724663921304,5133.090648091605
2025-01-28 06:00:00,1637.2696765473559,1644.1822795785274,1630.6241974095597,1640.3163660209482,927.978597944911
2025-01-28 06:15:00,1641.0884725584565,1642.779551500948,1630.6154260857027,1641.3016406319225,9911.355556277565
2025-01-28 06:30:00,1622.5697723486796,1625.9604198005618,1616.992126160084,1618.3043730921622,7312.642627627363
2025-01-28 06:45:00,1638.7287393572085,1647.3336067332477,1636.855736138962,1641.7012795179678,8087.054795019852
2025-01-28 07:00:00,1617.0795517723557,1621.1352364960953,1611.3571811749412,1615.5777206541989,5491.49617295006
2025-01-28 07:15:00,1633.4905417672328,1638.352769010376,1628.4819716140482,1634.8020080654037,8484.991170579757
2025-01-28 07:30:00,1641.3694019320444,1646.0675429059308,1634.3410880881247,1642.268466568644,8768.011457161327
2025-01-28 07:45:00,1659.5109653560078,1666.188053153818,1656.1497679002032,1660.137587141554,7352.087573275083
2025-01-28 08:00:00,1667.5639421763922,1673.8728030913346,1666.4420137621994,1668.9264369372895,4333.0803437424065
2025-01-28 08:15:00,1692.740068975763,1694.0003247949226,1683.9403803068562,1694.429287714076,4920.540522648241
2025-01-28 08:30:00,1678.6560039309513,1679.2250802106335,1673.8928243589671,1680.3039076979292,1425.3519306856708
2025-01-28 08:45:00,1685.357621139589,1683.9120988795594,1673.5453968094525,1680.345842425635,1999.657707825643
2025-01-28 09:00:00,1670.4035376208294,1680.6154449994237,1671.2424968620278,1677.1597655798876,1974.4083908612802
2025-01-28 09:15:00,1701.3981436288561,1705.8432974193245,1692.8093984821248,1697.6623389963086,3291.091874742903
2025-01-28 09:30:00,1707.9526458374476,1706.072817364569,1699.3587477440037,1704.674188603772,5304.768204444361
2025-01-28 09:45:00,1715.1729573613009,1718.8859772749752,1705.8846930985967,1712.987946328635,2672.2254880266114
2025-01-28 10:00:00,1710.8123857315356,1716.9069569953103,1707.0696856024883,1704.3131237743958,6201.953169129715
2025-01-28 10:15:00,1706.349274530783,1714.4262281625327,1706.3865299174392,1708.262248152139,1972.5463274077063
2025-01-28 10:30:00,1711.031953293506,1716.3825794775717,1708.4663188043203,1713.9790503975328,9752.402947263126
2025-01-28 10:45:00,1729.9754760185428,1735.5902611431316,1726.0231531357238,1736.1188124592697,317.03854533206993
2025-01-28 11:00:00,1733.491801995435,1736.9349468654534,1724.0272776664822,1733.7545231366537,5409.35912872419
2025-01-28 11:15:00,1710.0378436773562,1715.1597872276725,1703.9535029531883,1712.8337527786139,7394.136986353081
2025-01-28 11:30:00,1683.9608308876077,1691.2979666077233,1681.7937165087505,1687.6185442407411,5597.817294425899
2025-01-28 11:45:00,1685.2127696652371,1688.2221273652278,1676.2181294889533,1677.8645862108492,2588.037614617702
2025-01-28 12:00:00,1684.545105514013,1687.5109844489527,1671.9681472455666,1676.8390082501658,6989.399808119587
2025-01-28 12:15:00,1667.468022266062,1667.070675595599,1660.0245848680293,1669.7835734174282,8005.1383647467965
2025-01-28 12:30:00,1650.2093793264924,1654.5157903358484,1645.136449856631,1644.1532298517998,6415.639989962899
2025-01-28 12:45:00,1646.7956205911103,1657.4441086355596,1643.651343658642,1653.0782187778964,4315.782856573425
2025-01-28 13:00:00,1641.037474923789,1644.7764693657873,1632.8552454412832,1632.5153428018903,7747.921372068448
2025-01-28 13:15:00,1619.2454368319359,1618.6259839551271,1608.9703018267548,1614.0322422314114,2654.002522682096
2025-01-28 13:30:00,1619.5570994076572,1625.455704880529,1612.9538494189644,1619.7659517841666,4325.675001255049
2025-01-28 13:45:00,1649.9653337315535,1653.124233043739,1646.2327367388928,1651.096817505392,9214.23918841395
2025-01-28 14:00:00,1661.9040716412012,1663.0841025126779,1650.9888170538252,1657.6343399030882,1847.7318989439598
2025-01-28 14:15:00,1634.6030015506763,1644.9861601495754,1630.9453109437436,1640.4229997719349,1256.5077826911897
2025-01-28 14:30:00,1643.7536416317246,1645.4536835596148,1635.033871475349,1638.1162215313286,4854.044309183145
2025-01-28 14:45:00,1657.4929425735982,1660.0516269916882,1647.7832084604383,1656.2971109070043,2188.1989187859654
2025-01-28 15:00:00,1657.401590613261,1657.3442387018745,1650.531792101599,1653.2872462943476,2392.5638263005344
2025-01-28 15:15:00,1683.7988210391998,1690.42461543973,1678.469434370162,1687.6291094490532,2907.6570655671844
2025-01-28 15:30:00,1667.9206969662641,1677.8624828621118,1666.214016040716,1669.04011543323,8813.695911388675
2025-01-28 15:45:00,1668.237657152605,1670.740117622909,1658.4181862410735,1664.5324326724162,7519.543506074022
2025-01-28 16:00:00,1656.6147809769434,1664.9046553413355,1656.8551540059286,1655.8170662341208,2258.0025652515474
2025-01-28 16:15:00,1681.5063583016424,1688.1954609886593,1674.4700336083383,1675.7121416449447,4259.563094841844
2025-01-28 16:30:00,1669.7020234946963,1667.4349036684025,1662.4025145266778,1662.7402459065388,5419.1833565143625
2025-01-28 16:45:00,1669.8693435582231,1674.646083272481,1662.525632586827,1671.1786990171088,6905.862660686089
2025-01-28 17:00:00,1663.701533721917,1669.1550510167758,1658.9115007856444,1668.2363375042728,4723.683370485288
2025-01-28 17:15:00,1676.1316079580465,1684.15346490226,1675.0936330716002,1679.3636510982894,3298.5758406736436
2025-01-28 17:30:00,1694.3215483818583,1698.618944984641,1688.5336994461613,1696.451059883926,2562.938914438494
2025-01-28 17:45:00,1687.8638977409057,1693.208304231718,1685.5370106799653,1692.1920389635509,4561.186406663636
2025-01-28 18:00:00,1700.1601544718847,1699.5402898484858,1691.3722871111624,1699.8387142643094,3575.8338904975276
2025-01-28 18:15:00,1703.8981653650296,1710.8658170684566,1701.0385123339981,1707.6314509282734,8452.715412781925
2025-01-28 18:30:00,1691.3217920609204,1698.695590835129,1685.3680766481432,1695.3750187836722,1342.9041931902534
2025-01-28 18:45:00,1701.0117243230634,1705.2449501413141,1694.5923906668008,1700.8106061811511,6914.604183659914
2025-01-28 19:00:00,1717.2723641649186,1719.4927136307238,1707.9110380574177,1716.7806077639782,2296.5120377193048
2025-01-28 19:15:00,1723.3904639692694,1732.5437752676823,1720.3690517265868,1724.3813157066857,2068.021770604811
2025-01-28 19:30:00,1727.438823245829,1730.3089760228684,1718.315421732963,1722.1782446505313,2268.808626475725
2025-01-28 19:45:00,1734.9762641038737,1745.9490744880388,1736.4621572742576,1738.0517376907503,129.24239832831364
2025-01-28 20:00:00,1741.3351559617768,1745.453239076497,1735.7442762091089,1742.3131675515401,7094.51742595314
2025-01-28 20:15:00,1724.7527913504944,1732.8817700560378,1721.2996076290574,1725.714700433926,5431.992960366075
2025-01-28 20:30:00,1716.8319520418179,1727.6183637877975,1712.9135725078474,1716.0901245523116,2080.244605802683
2025-01-28 20:45:00,1745.0294571102575,1750.9854977669524,1738.3580219866867,1749.7567426361672,4665.8758133844885
2025-01-28 21:00:00,1728.937484735674,1727.3269221841492,1718.3009499110121,1724.4390971209625,7302.631394897976
2025-01-28 21:15:00,1717.5078475873988,1718.4836498410966,1711.0786162935676,1717.4212027203562,6650.113017071469
2025-01-28 21:30:00,1739.8196139236195,1740.415607024454,1730.2573280128454,1740.769355606596,2796.5293574622488
2025-01-28 21:45:00,1762.8093923894376,1764.1215840536277,1755.0318485962277,1764.9194618604904,4309.5392626433
2025-01-28 22:00:00,1732.3689670995689,1738.3640619908385,1733.0012643978987,1738.211200429799,4613.860172749766
2025-01-28 22:15:00,1725.589022130838,1729.3265850771736,1715.363041008602,1723.6396964092523,3289.699043206431
2025-01-28 22:30:00,1714.2583823859204,1719.4533181289653,1707.9387297353987,1714.3683349816254,2832.135493995615
2025-01-28 22:45:00,1707.2009865947712,1706.4718156295457,1698.9505319083341,1702.7044179639909,5178.358680300764
2025-01-28 23:00:00,1722.4833679850733,1729.5148404780157,1716.0045818880799,1724.9770557952988,8515.402037949616
2025-01-28 23:15:00,1717.0049816997134,1718.3951493283791,1711.0173384912994,1716.9084278895903,6450.230183369405
2025-01-28 23:30:00,1714.5242544876949,1717.1138155526148,1707.5896273303204,1716.001125913128,440.4395944262389
2025-01-28 23:45:00,1716.2211505741984,1717.7637685593677,1710.8441790244003,1716.7366367678394,9056.398765510656
2025-01-29 00:00:00,1710.2267045351014,1717.0078433687836,1709.4873699983555,1709.1523547599124,6265.401412101915
2025-01-29 00:15:00,1712.3199280579656,1719.6277868054574,1707.904180457849,1714.4388208682983,5987.181880026531
2025-01-29 00:30:00,1692.7759539203091,1697.6727717940355,1689.7823603820707,1690.703690596942,3306.991497366887
2025-01-29 00:45:00,1691.393446288729,1693.8031620607367,1686.419160315845,1684.5047410898253,1460.0291722465174
2025-01-29 01:00:00,1679.02360626012,1685.4061828469432,1674.907954155139,1681.668878794732,7684.840771123395
2025-01-29 01:15:00,1698.7701889131804,1702.8505984053234,1694.8920058908268,1703.0716272077163,1413.6363866741622
2025-01-29 01:30:00,1676.9964759692978,1681.2783493503302,1670.8911142650759,1675.2875402233483,5137.995932939629
2025-01-29 01:45:00,1687.9358139302499,1694.9015588984487,1684.8558505735073,1687.710684827777,3301.924533084908
2025-01-29 02:00:00,1693.8146324122201,1697.056448382802,1689.3027120260938,1696.549984705172,3928.5488492763675
2025-01-29 02:15:00,1690.3657373869783,1692.7729262377422,1679.6566418654395,1687.6689698057717,4224.00005717065
2025-01-29 02:30:00,1698.2937655487979,1701.1179245723445,1693.0279737036303,1694.9378083258919,2288.389607751934
2025-01-29 02:45:00,1682.577683302444,1690.885069954524,1681.562607286795,1686.1378871876163,7262.63466443795
2025-01-29 03:00:00,1689.5496572642871,1693.2874703552882,1686.1649276514174,1686.1991858905742,9225.519738839272
2025-01-29 03:15:00,1666.0044733174818,1670.6717372035428,1661.948220611299,1670.2637100403847,6576.867484697709
2025-01-29 03:30:00,1681.8404069917688,1682.3515999908254,1675.894507043748,1683.4234049690933,8255.032731340969
2025-01-29 03:45:00,1686.0589637313099,1693.748999713021,1683.8568456578344,1689.071522984625,5316.02208017417
2025-01-29 04:00:00,1693.490726009959,1702.4944223474106,1693.9669371099658,1695.6404203839895,1552.3084479983245
2025-01-29 04:15:00,1686.4992380318204,1686.7134425181696,1675.0894532489554,1686.883329844717,4683.360219656235
2025-01-29 04:30:00,1687.9389202414163,1691.9374944327583,1681.8110542896025,1691.5332755533504,8175.253424982287
2025-01-29 04:45:00,1684.8917216917619,1691.6036450306342,1678.303231721301,1683.348062742494,6236.850360932411
2025-01-29 05:00:00,1689.0677329056568,1694.0915575825113,1684.5577183538235,1685.7524318792211,3389.7245633052853
2025-01-29 05:15:00,1667.7117410135752,1676.3351427977343,1668.5701699638596,1677.1642694225723,3538.8518417026585
2025-01-29 05:30:00,1650.9624034679275,1655.3993170391293,1646.8327248524058,1649.3345954740898,3867.0321652599782
2025-01-29 05:45:00,1632.7726403119311,1632.395388437503,1622.4443139639602,1631.2342362590086,3561.2823729096554
2025-01-29 06:00:00,1644.7674179844655,1651.8323701527622,1643.6343193983184,1648.7811994749088,4851.167240105681
2025-01-29 06:15:00,1652.159960314275,1659.8624955401654,1651.148157052766,1650.06972628514,2873.387373021853
2025-01-29 06:30:00,1678.8249698070415,1682.4061306168871,1669.461846147499,1673.6432469369265,2782.597515292104
2025-01-29 06:45:00,1683.9623790057422,1691.77021244756,1684.6821968395398,1686.642383799982,3971.907328943726
2025-01-29 07:00:00,1669.7849847200596,1674.2322807287085,1664.7590368545973,1667.4683084324558,4818.912976582219
2025-01-29 07:15:00,1670.9313207943683,1674.3854292084616,1661.1842525988177,1672.68648661919,4712.186797502048
2025-01-29 07:30:00,1678.6788442166219,1684.0200274052809,1675.2884582177765,1679.8158075787608,3665.888291620439
2025-01-29 07:45:00,1697.870447994,1707.964912983457,1694.4066493515145,1696.8760773386098,4227.470438727413
2025-01-29 08:00:00,1672.9523178121485,1685.078323475625,1672.4206512877872,1676.6796997563085,4282.694645533051
2025-01-29 08:15:00,1698.814660414631,1705.1618462056717,1695.4516137153523,1698.716209412322,6454.874802084108
2025-01-29 08:30:00,1736.2430251288572,1735.3924287563736,1729.5467114554772,1734.0108822080913,3732.6730463942363
2025-01-29 08:45:00,1722.9705523210569,1731.1970835890208,1719.1836831103406,1729.3524768288978,3261.7991931765896
2025-01-29 09:00:00,1729.2993674846339,1730.2726561253087,1720.1726936537475,1725.7404458846797,9204.937222900335
2025-01-29 09:15:00,1720.8826467521744,1726.9228818994952,1718.3203127757429,1726.4273036136576,6097.083087531535
2025-01-29 09:30:00,1719.97436171468,1725.5733780045305,1715.3428981477557,1718.9503153866117,3057.4013725153313
2025-01-29 09:45:00,1728.6955701668696,1738.162059461134,1727.2332872314914,1737.4586694223403,8705.110441750043
2025-01-29 10:00:00,1735.2156181530233,1738.2950632989557,1726.6321032914634,1733.86336415907,5930.659461301877
2025-01-29 10:15:00,1731.3137772051377,1738.0925429627416,1726.3771330513814,1733.9858452996307,8599.46682334667
2025-01-29 10:30:00,1735.4688376929546,1735.3052534271917,1726.0190576172597,1736.9123388011008,8932.735788619506
2025-01-29 10:45:00,1720.0412218505883,1729.3107046148914,1715.4679575782243,1719.7161107003112,2222.243281475679
2025-01-29 11:00:00,1721.562475742723,1726.916067920315,1719.5224031204252,1727.0956460979157,9852.429885521533
2025-01-29 11:15:00,1728.376780281313,1739.0667085128039,1724.5601408055413,1731.6354598607734,2566.5318780931475
2025-01-29 11:30:00,1718.7213797121647,1725.3834150614011,1713.896563538174,1722.2173467606515,1342.6822911970662
2025-01-29 11:45:00,1739.845880135779,1751.511268418194,1737.4355708307585,1742.7357034448614,9158.21883517551
2025-01-29 12:00:00,1732.4447740775845,1738.7670616052667,1729.7607742548278,1738.1814384691334,7567.644703796078
2025-01-29 12:15:00,1728.3524788616294,1731.1027662380998,1719.941893620361,1718.7376785139306,2905.206813255568
2025-01-29 12:30:00,1731.5729148241899,1735.2590471299748,1721.686799993473,1727.6208271600315,6238.54407401012
2025-01-29 12:45:00,1719.806776107513,1725.571741834455,1716.4966055789255,1717.2102832065088,2344.8976920009823
2025-01-29 13:00:00,1741.4604046452148,1744.070204499517,1733.1728476894734,1740.95977605044,7594.530940742519
2025-01-29 13:15:00,1732.244804359953,1741.56517686492,1730.82710870758,1732.1002258426297,5336.942279807513
2025-01-29 13:30:00,1722.9768881280388,1724.3455043980634,1716.119646711768,1717.5116668286869,9171.244077835783
2025-01-29 13:45:00,1699.2029137871893,1708.2058608656098,1699.8709660496104,1702.7022947512128,1785.5579204325732
2025-01-29 14:00:00,1711.2114938590794,1721.0102957838342,1711.7221343271829,1714.03739494237,4019.0259441656885
2025-01-29 14:15:00,1690.1852183386766,1696.0576438041915,1683.0916319840194,1687.2884417015744,5840.088403805809
2025-01-29 14:30:00,1663.9101144114723,1670.4033530991203,1657.6733575759467,1662.8461567451536,2536.4939197377125
2025-01-29 14:45:00,1688.5337726030239,1695.5246451109278,1687.2712701801313,1695.5775534171346,3092.937219605082
2025-01-29 15:00:00,1690.253008827526,1690.4417723726651,1684.1717948009648,1688.6786423857975,487.97042113742816
2025-01-29 15:15:00,1661.4342772229322,1672.0032892316835,1662.170782133923,1665.431015619715,1633.2819889695054
2025-01-29 15:30:00,1648.0996519388643,1650.858016701042,1638.6342698637536,1642.5878891233806,1557.6660218304874
2025-01-29 15:45:00,1629.1851604128944,1635.8367239581873,1622.4387451277398,1629.8223934328576,6452.066855904873
2025-01-29 16:00:00,1597.779125453764,1607.9931541347712,1599.6384410947742,1602.8906207111856,5707.786419990725
2025-01-29 16:15:00,1598.3017586005915,1604.271422752939,1589.8343185733706,1601.6080904240214,8473.61109837125
2025-01-29 16:30:00,1601.878838710194,1608.9892378602362,1600.9183948137597,1600.4940719621989,4683.175737495942
2025-01-29 16:45:00,1606.0750739370073,1615.9166591845342,1603.9425845463115,1610.1405265204055,2571.879878457962
2025-01-29 17:00:00,1608.2391694852918,1613.5526394400054,1605.9751855621982,1605.4173341067792,7330.838131406692
2025-01-29 17:15:00,1590.5819028018698,1595.5181129234215,1587.8435199466296,1590.433807535472,7071.265212975312
2025-01-29 17:30:00,1591.1631403544275,1592.7962071638256,1584.916574702949,1591.7138167975236,8734.189916612984
2025-01-29 17:45:00,1576.5615058070398,1576.9800741976223,1565.1734862474711,1570.8029765850001,3452.796437891957
2025-01-29 18:00:00,1578.2474522671962,1581.4637026214334,1575.9452092121032,1573.7254538495117,8633.30208074903
2025-01-29 18:15:00,1577.152171576475,1587.4085580752933,1575.2719436382706,1584.4193656028378,9975.724275332272
2025-01-29 18:30:00,1576.6506801749601,1580.1439520801327,1571.2597105604834,1572.8585708670964,9331.837393491578
2025-01-29 18:45:00,1598.7937016523522,1601.9537903506387,1590.6894770799681,1592.5326000294713,6182.855002703078
2025-01-29 19:00:00,1571.1606205725807,1579.0433340235259,1570.5533708323542,1577.9633252945937,6715.4986566898815
2025-01-29 19:15:00,1582.88562407051,1589.9277500436276,1582.792155146922,1585.1490515813239,4274.630802144501
2025-01-29 19:30:00,1582.2216963774151,1587.9507221286212,1579.809706196628,1579.3492386320402,7300.457145003708
2025-01-29 19:45:00,1600.4905078484337,1607.830928018649,1593.2120146762863,1605.2823877745936,6644.5204767435025
2025-01-29 20:00:00,1617.3616882150648,1625.937593331928,1612.5306277926002,1613.8123373133542,7051.272780642287
2025-01-29 20:15:00,1616.0670876920428,1615.8839499775431,1608.5998878640612,1611.7679792132642,6430.432336720354
2025-01-29 20:30:00,1611.8557686643003,1611.9285477856376,1604.105084819285,1607.7189846214128,8407.749194183418
2025-01-29 20:45:00,1612.9403961899554,1618.2714245304676,1607.5550766305194,1607.3796390024522,4084.1339189199552
2025-01-29 21:00:00,1619.6960787969679,1624.4535967722431,1615.657565572143,1626.5716420644153,4821.303642987056
2025-01-29 21:15:00,1608.08171964385,1611.3132581288598,1603.194053990528,1608.1355579055357,7025.571729156372
2025-01-29 21:30:00,1610.4519981546207,1616.2451115295946,1607.2251647833527,1612.3662222046519,8463.706754681294
2025-01-29 21:45:00,1628.71427263099,1630.408713402764,1619.4671449769062,1627.2753582315904,5238.702548591757
2025-01-29 22:00:00,1618.4453277386142,1625.519536010677,1614.3079939276363,1626.2247026109053,6835.56179475587
2025-01-29 22:15:00,1632.2352881464885,1630.3702598364675,1622.2539870601393,1632.2225740379502,3999.7909146460015
2025-01-29 22:30:00,1601.6995368499845,1608.3333749259953,1597.3740530762516,1600.6051804346714,1880.676293759781
2025-01-29 22:45:00,1626.7485147338864,1630.0691118056309,1618.3014221899243,1620.333556291021,6848.4383272788045
2025-01-29 23:00:00,1601.948632615732,1604.328432357509,1593.9245657787426,1603.720184711943,9065.304814251047
2025-01-29 23:15:00,1592.6963228053905,1595.3214488305193,1587.669371585578,1593.0551108547807,2500.7818147614007
2025-01-29 23:30:00,1610.9484552740041,1612.3494247802248,1602.514423097922,1605.0596902334228,4775.881989350924
2025-01-29 23:45:00,1602.3820551922222,1611.5636700274215,1600.8746903920228,1602.5672406815288,6488.828025351102
2025-01-30 00:00:00,1614.724196794775,1616.3429292050364,1604.5208847521099,1613.2786313281654,3025.8309632129044
2025-01-30 00:15:00,1604.4103863686662,1608.906876747975,1594.8390036924598,1599.4125535197322,965.8490268703275
2025-01-30 00:30:00,1605.9580555454609,1610.2696056870636,1597.1666113188942,1602.5893440021455,7842.740978192666
2025-01-30 00:45:00,1587.3208597098758,1595.1960110844536,1583.4391171866425,1588.5962087025368,3103.61139855094
2025-01-30 01:00:00,1571.3375403651992,1582.096506903446,1568.9237202468255,1580.786433998298,2024.4655368905817
2025-01-30 01:15:00,1587.7073312803395,1587.9666707098888,1577.246678027301,1581.5734425631347,7347.283121709234
2025-01-30 01:30:00,1588.1597855950392,1590.614281867622,1585.740722785146,1588.4366789475746,9581.668027348785
2025-01-30 01:45:00,1566.0370740682151,1567.1684627143911,1556.1453888289382,1561.0207434791937,1622.7964466846665
2025-01-30 02:00:00,1558.8097382062447,1563.237295509695,1554.0110002027711,1556.0375809049717,4799.80379903159
2025-01-30 02:15:00,1558.8587262150816,1562.0792726397428,1551.034460463446,1557.4713526983305,6455.310388860132
2025-01-30 02:30:00,1581.8226848460795,1584.592389091928,1573.2494382954926,1575.8275636024653,8496.774451123549
2025-01-30 02:45:00,1581.658353868117,1589.0457247680197,1576.7957871586332,1578.4603910288306,2363.8535489782407
2025-01-30 03:00:00,1577.9590244622582,1583.483374772838,1573.408303850683,1582.420300306059,3553.0432213037147
2025-01-30 03:15:00,1573.874567626107,1584.6026344279721,1572.1385295701907,1577.504806798984,2780.6119964475743
2025-01-30 03:30:00,1576.004512145148,1578.0779038948144,1569.631156197433,1570.9317603562909,7507.201524332939
2025-01-30 03:45:00,1572.8568467542252,1572.6127131672451,1560.9291369340676,1566.5910295375004,4343.8278256366975
2025-01-30 04:00:00,1560.6210754902277,1563.5047416612401,1553.9200397132565,1558.6927095874335,4724.062071074595
2025-01-30 04:15:00,1541.257823933695,1548.6443171246165,1538.9263587504677,1543.4823770522955,6628.3124038393335
2025-01-30 04:30:00,1534.177007226308,1538.296933663203,1532.5847367655426,1536.2756605181846,726.3878797820786
2025-01-30 04:45:00,1526.7267885655792,1531.6127234190697,1523.1459565592966,1528.1457604807342,4365.069409712354
2025-01-30 05:00:00,1502.3076817874728,1511.2964781824553,1503.119126378045,1508.749776258181,8287.035100560184
2025-01-30 05:15:00,1502.1911695459337,1503.529789327198,1495.8157704673674,1501.6395106180903,6927.509251002296
2025-01-30 05:30:00,1494.8747135019362,1502.0673033103765,1492.6557118980782,1491.5445754020784,3129.4264451712747
2025-01-30 05:45:00,1503.5592780259901,1502.9245342676163,1496.1261423303388,1496.039127893394,7205.707538004361
2025-01-30 06:00:00,1496.2652673220946,1505.1844535591258,1495.5031556999477,1502.2017584978307,329.8968296343885
2025-01-30 06:15:00,1493.1337912186375,1503.0096656601913,1490.042041976532,1497.114783020712,3402.658531317595
2025-01-30 06:30:00,1492.1024576644577,1496.9652068856494,1491.1877128776534,1496.1938722988089,5968.487613943047
2025-01-30 06:45:00,1467.5953348374164,1478.8731970265742,1465.432669697047,1470.9853634345543,9114.795948670499
2025-01-30 07:00:00,1460.2380522690435,1459.7336605030073,1454.333107293066,1454.9554232171129,3030.6213377819904
2025-01-30 07:15:00,1453.078795220862,1456.1849315333095,1445.4662187000667,1449.190256311464,3252.6864795258934
2025-01-30 07:30:00,1423.3231581305529,1431.829968072732,1422.8722959164218,1423.6004472171603,1459.576293577705
2025-01-30 07:45:00,1414.691244657429,1421.4836631591252,1415.139314543813,1420.8621067399324,2115.921414765459
2025-01-30 08:00:00,1400.0656502154995,1399.9007069505658,1389.539903090101,1392.0357645987451,6010.298571741747
2025-01-30 08:15:00,1383.7861096830663,1383.8616050703304,1376.2105116366688,1380.6849310861805,2451.968957434463
2025-01-30 08:30:00,1391.6919629079616,1394.846536625538,1385.2737446552956,1383.843672057285,3616.279523237735
2025-01-30 08:45:00,1417.8829894934986,1422.288461717138,1411.729466429469,1411.9750185969158,859.0929995110702
2025-01-30 09:00:00,1421.150865570777,1423.7310581537104,1417.2038657762166,1417.893753201911,7216.531449897738
2025-01-30 09:15:00,1379.2133226813871,1381.2792046034397,1372.2893732771163,1373.8390868552676,1495.3801543022903
2025-01-30 09:30:00,1365.5531478987587,1368.7348069200518,1357.2954306760673,1367.3714185759384,7325.31774427532
2025-01-30 09:45:00,1370.2114980810588,1372.6121858303334,1361.8767573549017,1361.002847170896,9297.019543492503
2025-01-30 10:00:00,1346.0046035136857,1351.529873532212,1343.3995158692535,1344.2536850281886,594.1232440446095
2025-01-30 10:15:00,1334.7762127080061,1340.6884317636386,1331.3198949572882,1335.1769767673663,2419.355184671368
2025-01-30 10:30:00,1324.9991073615163,1334.3431323435357,1322.536981269882,1325.2266737120112,6454.292140342965
2025-01-30 10:45:00,1329.409446469164,1333.7986597112895,1322.00762852141,1323.3331315095038,6816.028536354514
2025-01-30 11:00:00,1325.2399373276749,1331.725383206024,1322.7102435894578,1330.431060970797,7587.736904692187
2025-01-30 11:15:00,1305.590682829471,1315.1846653867062,1303.4872774575779,1308.8266100131518,5285.218083258108
2025-01-30 11:30:00,1308.690189032854,1309.0552933367192,1299.7042921447064,1303.5714345875604,4548.981477206642
2025-01-30 11:45:00,1264.9859312818046,1276.6473380727894,1262.4181946736526,1267.3039276868544,7141.0068141835045
2025-01-30 12:00:00,1259.0614607806303,1268.3561409190397,1258.0556218025852,1263.4145302648005,8962.890216977761
2025-01-30 12:15:00,1248.260120040446,1251.5632945117236,1242.9521732056655,1248.762294757514,7468.541802501788
2025-01-30 12:30:00,1250.575733280719,1257.1263254737576,1248.539425915443,1257.842388267879,3050.6193985668497
2025-01-30 12:45:00,1233.532207373394,1239.900715606055,1225.3897359041139,1230.2046131159225,8659.50004873777
2025-01-30 13:00:00,1231.592646652014,1242.6610701736136,1227.8989540830992,1239.487738308012,594.2296641104194
2025-01-30 13:15:00,1236.9427547573628,1248.0759778013776,1234.9451972402358,1242.8771062235187,5723.149453576953
2025-01-30 13:30:00,1248.5757007659943,1253.148746781282,1242.5741343621728,1241.0392673219415,1717.7585336980608
2025-01-30 13:45:00,1216.7974186108813,1225.0886328245579,1214.3354785050606,1225.30964140913,6442.151607303293
2025-01-30 14:00:00,1236.092306710619,1235.9276950712567,1229.1854641760763,1238.0652265009908,4679.08047205487
2025-01-30 14:15:00,1236.2768375382498,1243.8896129450716,1235.358532803805,1232.9258478174872,3669.2547727105994
2025-01-30 14:30:00,1241.0793861475008,1242.8583122680207,1233.0678102190782,1241.941749160148,6775.494656522564
2025-01-30 14:45:00,1252.1028595315886,1254.0508406244887,1239.952721936989,1249.7176467490312,8742.54613820877
2025-01-30 15:00:00,1251.6632971086663,1249.1127577138948,1243.7893469714713,1242.4654717528051,1930.5067356147574
2025-01-30 15:15:00,1232.9900969514133,1236.2703421623878,1224.8616161994053,1229.6955138804412,1196.3524009218963
2025-01-30 15:30:00,1226.7912801258358,1234.5912399758906,1224.195947229374,1230.884923027907,301.82719942646474
2025-01-30 15:45:00,1256.0490799601948,1265.105989893857,1255.5807267488547,1259.6216204705943,6136.339264209356
2025-01-30 16:00:00,1246.3340520996926,1247.0596192860512,1237.7171029717167,1246.7270387548542,6547.164893943903
2025-01-30 16:15:00,1252.5243715098438,1255.597624978984,1246.699525993011,1254.8390133418832,111.10329428913435
2025-01-30 16:30:00,1240.4198162885111,1246.3716852172226,1236.748966253161,1239.180007254417,6872.3351070347435
2025-01-30 16:45:00,1230.0400921902728,1236.9327963644437,1228.321620478616,1232.0716993512194,7729.447956483404
2025-01-30 17:00:00,1234.770038512814,1237.9437464634839,1231.807167445743,1230.6130892716633,1663.66646319861
2025-01-30 17:15:00,1225.401999781362,1228.454986641565,1214.2631077921112,1218.760177813896,960.3167629441771
2025-01-30 17:30:00,1217.5576296148195,1224.80201981215,1217.6953121829438,1216.8352424260136,2766.2766271740225
2025-01-30 17:45:00,1191.382712346243,1192.5410588367324,1182.2795671962415,1187.2226936248956,5073.450258869315
2025-01-30 18:00:00,1171.6625529672174,1177.2148762935624,1163.3038228571236,1166.7638546916564,8893.862826349574
2025-01-30 18:15:00,1155.3383786262666,1162.2279025753667,1156.8170300951072,1156.7787767055347,536.9878326466803
2025-01-30 18:30:00,1180.6646424357841,1186.8367197821703,1172.867183779393,1175.5980199269984,6400.270843250319
2025-01-30 18:45:00,1169.1928804232627,1175.010474492431,1163.6661193039517,1170.5570863481425,8272.499400804558
2025-01-30 19:00:00,1172.1268501384814,1171.374587664666,1160.488673238061,1163.4060030955247,7007.307321260412
2025-01-30 19:15:00,1187.2184976401159,1189.22305731455,1178.7902354121163,1180.6167163834866,5123.182529196771
2025-01-30 19:30:00,1191.249964352243,1195.3730666643212,1186.3599429682758,1189.1960208834275,2471.2538705051747
2025-01-30 19:45:00,1178.4257817138944,1175.998000631197,1171.4236367856809,1176.3620227203655,9389.439325033578
2025-01-30 20:00:00,1144.4850149837193,1149.378275591987,1140.1511561725956,1149.8814486692665,1656.6600510783119
2025-01-30 20:15:00,1149.8285098854737,1156.1969877362149,1144.8850555089855,1146.3692270712818,4021.674574924858
2025-01-30 20:30:00,1141.0771529069652,1144.4359852292234,1137.9251652286039,1142.8453942044853,3943.9633788541687
2025-01-30 20:45:00,1112.5412254518158,1120.3880895573286,1110.70605940525,1117.8078141095878,3436.9114494135993
2025-01-30 21:00:00,1106.981614707242,1113.9698828592846,1102.7732380440493,1113.4653065095486,5482.592686926447
2025-01-30 21:15:00,1097.7477283552237,1098.4778312196538,1086.298882636588,1097.3133631523253,5050.87180033758
2025-01-30 21:30:00,1105.9634997920703,1108.1063927372825,1095.0917817200664,1102.85682771363,4025.044644795754
2025-01-30 21:45:00,1104.179656340838,1108.3997390329077,1094.3493787102393,1106.0464396914858,6064.907050342748
2025-01-30 22:00:00,1083.9393759870225,1095.3524718541478,1086.5201613673028,1087.565476030544,7304.57432809789
2025-01-30 22:15:00,1091.7691981710982,1094.225474500894,1084.218069384535,1087.5698065235977,3161.0618410630686
2025-01-30 22:30:00,1077.5148991805802,1077.933640585716,1069.5731959594734,1071.2658686447803,7322.543374863948
2025-01-30 22:45:00,1087.3703749890774,1089.738031021292,1081.7891292891197,1091.675680696851,2123.2008954938374
2025-01-30 23:00:00,1074.7028061084998,1073.0221554706025,1065.08703294096,1068.601936476932,6817.56847908702
2025-01-30 23:15:00,1073.9593251934682,1075.6862552307034,1062.9341751912534,1075.079092177863,8254.670976971023
2025-01-30 23:30:00,1057.4915029550402,1067.8269135932,1058.0824569956435,1064.6638977044267,4170.482537644551
2025-01-30 23:45:00,1093.0144158011979,1098.9520918591843,1084.7933958768879,1091.5543235256903,9728.444955188186
2025-01-31 00:00:00,1099.3391003393335,1103.6477559740679,1098.1836984803372,1099.985429372084,9448.339510609152
2025-01-31 00:15:00,1095.3112850792165,1095.7834088413847,1089.5792383453409,1088.3792213174684,8502.061438460623
2025-01-31 00:30:00,1094.571253943297,1099.1626595043913,1090.9342375787978,1096.6628458238151,2903.4031891591344
2025-01-31 00:45:00,1090.89494077283,1091.7112902444696,1080.4222863212294,1088.519272210096,5571.8684841133245
2025-01-31 01:00:00,1079.0140624925064,1088.472468740714,1077.2001148978436,1083.1507203921005,5886.12673878355
2025-01-31 01:15:00,1080.280591191259,1080.571962310407,1073.414485914688,1077.3876319525677,4642.697748961181
2025-01-31 01:30:00,1083.0357637326013,1088.1035463267494,1077.4591556645933,1077.2848842541835,9631.597116582765
2025-01-31 01:45:00,1085.4972459191308,1086.829835325085,1076.0209345766552,1084.7713019703974,4057.9834723275126
2025-01-31 02:00:00,1111.4227114026216,1109.3838600693573,1102.8367650140065,1110.8773235163326,576.71875596923
2025-01-31 02:15:00,1119.7438789850858,1130.8391896446765,1119.9307392868857,1120.4033354860358,6111.209616951577
2025-01-31 02:30:00,1144.1496180508557,1146.2606624312255,1134.5640514836084,1138.9646523291776,587.8453636684126
2025-01-31 02:45:00,1131.7412903817092,1135.777540779675,1124.132951678978,1127.103547009337,6143.819662381194
2025-01-31 03:00:00,1120.3561601804197,1118.2414129038043,1109.1396945175609,1111.829818504647,7761.350122033287
2025-01-31 03:15:00,1093.6667671188004,1095.1481275280219,1082.8185154154855,1089.2698870078434,8123.588591968304
2025-01-31 03:30:00,1081.1825527186877,1082.2460480851078,1072.9144567261392,1075.6617647574244,1484.12325442163
2025-01-31 03:45:00,1090.9748438070962,1098.6869674126444,1090.928605533827,1090.1851792248174,1846.5941401081313
2025-01-31 04:00:00,1127.9819841841713,1131.0667075075014,1119.6807005680714,1123.8957622615148,9830.86998243756
2025-01-31 04:15:00,1146.855955720252,1147.7832285626007,1139.453206747859,1139.083586573647,3035.268654731705
2025-01-31 04:30:00,1154.3120695054527,1160.446326448421,1152.0918349643205,1158.4032151727079,894.9996583884882
2025-01-31 04:45:00,1170.5438916919427,1180.9840980597141,1169.3561718252977,1178.7363391269512,2319.6519127118336
2025-01-31 05:00:00,1172.0859784821641,1182.344369458405,1172.0129367506947,1177.700107790193,1521.6555002239713
2025-01-31 05:15:00,1172.038124936589,1179.941122471343,1168.2533394523423,1172.1516582926047,9877.271233569936
2025-01-31 05:30:00,1190.1483451093989,1192.54861962511,1184.268484956915,1189.3608674216418,4817.965972924079
2025-01-31 05:45:00,1210.7163094375487,1211.3460328048814,1202.3254044921302,1203.3509588436414,2619.4859773897797
2025-01-31 06:00:00,1223.0629158894908,1229.05626529401,1218.2744341583873,1226.8302837331032,7051.520119944486
2025-01-31 06:15:00,1213.127470972239,1219.915357572818,1205.5436205375793,1212.1530498844083,3566.272546204892
2025-01-31 06:30:00,1193.8835756817468,1201.0021448120926,1188.3923388837673,1188.7460044021896,3900.8128980569627
2025-01-31 06:45:00,1181.839449798024,1191.1123021210556,1182.1636649861011,1180.7767281004942,5607.69945242425
2025-01-31 07:00:00,1200.2558579261763,1206.7320536262764,1196.2415918850513,1201.7972207535786,9285.004561872878
2025-01-31 07:15:00,1178.97041993279,1186.9818879193185,1177.0247672488533,1181.3503123931744,2287.292247123158
2025-01-31 07:30:00,1197.9059051343477,1204.3633931796157,1195.8688562531863,1196.5130542442248,6559.652000676726
2025-01-31 07:45:00,1218.3272996126298,1218.426391728155,1208.8342693475126,1220.730132009485,4187.430475449768
2025-01-31 08:00:00,1233.8557564111336,1238.927339789025,1229.730969064619,1235.7830381702645,3066.4202662923863
2025-01-31 08:15:00,1244.7709886999705,1250.1838990041635,1240.1582415580956,1244.3976005607522,5862.948491864026
2025-01-31 08:30:00,1241.7832157954413,1248.815861987597,1237.6794214163767,1243.2822961233526,4498.032061507391
2025-01-31 08:45:00,1279.1659231705057,1283.181510363906,1272.265865740049,1275.5649712126076,6620.903621390076
2025-01-31 09:00:00,1259.6659246546926,1270.1041942479783,1259.5795948023876,1264.5839725114251,9620.285327876478
2025-01-31 09:15:00,1287.6285292406249,1286.7586961499364,1280.7641127065913,1288.37318614571,3783.7096348736736
2025-01-31 09:30:00,1274.216406668431,1278.9062372026954,1266.116589425048,1277.4555667323802,5214.174722440512
2025-01-31 09:45:00,1260.327630982534,1263.0309702708917,1253.0916377469637,1257.0209900391994,9207.455530896044
2025-01-31 10:00:00,1234.4119871486967,1241.302977515035,1229.4115754165819,1237.5021199258535,779.6053367589069
2025-01-31 10:15:00,1238.4477703698142,1239.4567024607486,1229.498102020342,1236.0413968402836,7032.007779438336
2025-01-31 10:30:00,1234.0097649981967,1236.4400845294629,1223.3202349364142,1231.761755993441,1777.2632173904212
2025-01-31 10:45:00,1216.6290817816455,1223.1850969795453,1211.0343891076182,1212.6964120848693,726.1673231741405
2025-01-31 11:00:00,1238.509385603815,1247.2296674966576,1235.543126133096,1244.412807058693,1248.8433183003435
2025-01-31 11:15:00,1236.4727490901778,1238.2028955661356,1232.2938700745715,1230.6040457596457,5280.616451238291
2025-01-31 11:30:00,1244.6014448628584,1249.080919659883,1235.9832249450312,1239.9889705933901,738.1574975755701
2025-01-31 11:45:00,1222.6634119705652,1230.7171061981703,1220.107750810316,1224.9867504676597,4337.500638757311
2025-01-31 12:00:00,1212.4309751464098,1218.281549907084,1210.7495245235937,1218.2187225200894,5661.39846856509
2025-01-31 12:15:00,1226.0371849446092,1233.4238119261518,1225.995662349429,1225.109937556157,3218.862768525111
2025-01-31 12:30:00,1238.7514087727948,1245.0611329169212,1233.0153930284503,1242.7772142873525,107.8269111030655
2025-01-31 12:45:00,1227.43384165282,1233.0826477712674,1224.1423480682945,1222.1823316971033,7211.085148634627
2025-01-31 13:00:00,1229.8569603206602,1229.5891688474476,1219.5259959758891,1224.4480362798354,4906.658464191433
2025-01-31 13:15:00,1234.1123134595855,1240.4214949123523,1232.0767723957065,1239.579794595076,8682.193402566843
2025-01-31 13:30:00,1255.7240774969316,1256.7265056794954,1244.2309523670708,1250.7228959856645,9751.363314812264
2025-01-31 13:45:00,1257.5503873148784,1266.8965560835725,1255.7565785317393,1260.8406784824408,8837.983291301205
2025-01-31 14:00:00,1267.777705801697,1275.7351644261519,1262.0042340443058,1265.7062386244856,8903.197200288492
2025-01-31 14:15:00,1274.3678437593762,1282.7002289761201,1272.234717498254,1277.563758931621,481.4709599343857
2025-01-31 14:30:00,1293.9694747996905,1294.1046928273179,1287.7079648504289,1290.496219826293,6990.544801463139
2025-01-31 14:45:00,1283.3237484564356,1287.779574360422,1279.5770820739872,1284.4574952632786,7516.487801787839
2025-01-31 15:00:00,1279.113912632087,1288.1176163644986,1275.1200934034625,1277.7477178305696,4578.358155303915
2025-01-31 15:15:00,1309.940333481505,1312.428603704018,1299.2968694565088,1306.4398707140665,2503.7945486888893
2025-01-31 15:30:00,1320.9763488886113,1322.7338631572609,1310.9253496731542,1315.1105096304068,9068.120472225732
2025-01-31 15:45:00,1348.765813127425,1352.3899248709058,1346.9791358359748,1351.5924597253713,7962.996543657426
2025-01-31 16:00:00,1350.5330328849911,1353.5934698373576,1338.806326809519,1342.1228147205895,9240.2591517114
2025-01-31 16:15:00,1387.877529779214,1392.487053068135,1379.4752005105474,1384.7877469600235,7306.206692635918
2025-01-31 16:30:00,1391.25409225681,1397.833293761842,1389.4207135637312,1389.1999969294893,9861.073386137976
2025-01-31 16:45:00,1380.0772917606487,1391.8646206155563,1380.0175281708036,1388.4440137442368,9734.850935756676
2025-01-31 17:00:00,1374.2140951633169,1380.838746696434,1372.820821039872,1380.3907477409782,5615.610245674231
2025-01-31 17:15:00,1389.0121637321415,1388.6590117661851,1381.777487278459,1381.9819726980834,3645.5914155482624
2025-01-31 17:30:00,1386.213391671257,1387.208697329656,1382.1018895909554,1383.197167440098,2545.0758922145906
2025-01-31 17:45:00,1376.471395821239,1382.5992847945142,1376.2352237534253,1381.2161189363012,1956.3889906654529
2025-01-31 18:00:00,1398.4634770593898,1400.3935544029453,1392.8299302317448,1399.131064231949,9258.896461584425
2025-01-31 18:15:00,1384.2751128642283,1392.2627855457802,1382.0451473085375,1381.9998283126488,7850.4700256755295
2025-01-31 18:30:00,1397.3462131949875,1403.9904029001789,1394.0268099838006,1395.6487621880221,9783.28516079508
2025-01-31 18:45:00,1378.1719261099279,1387.3852166474753,1373.0051357596874,1380.3598272710788,7310.007430809221
2025-01-31 19:00:00,1388.2382465166759,1396.366630868157,1388.153104812019,1395.8312827062095,7890.60795025801
2025-01-31 19:15:00,1393.559876231114,1395.2909870953065,1384.9453767917075,1383.902507041268,6363.4577532484145
2025-01-31 19:30:00,1386.7434015171928,1394.915388899932,1380.8556714943982,1387.0863382776238,4468.390262890396
2025-01-31 19:45:00,1405.8921861525303,1405.1937528107283,1396.3743210649939,1398.4680193194358,7455.144659021361
2025-01-31 20:00:00,1414.088585886695,1419.4048314576723,1406.5635904757996,1407.947329606692,2061.307369451366
2025-01-31 20:15:00,1418.1069996655056,1420.9106684204257,1408.2670441202604,1415.9982972951059,2347.407731256515
2025-01-31 20:30:00,1397.3520359994573,1404.3212860514732,1393.3395002026057,1399.8736270586915,8646.30973229262
2025-01-31 20:45:00,1405.6739911403954,1407.8348617390977,1395.6859569315532,1398.6021294303223,4638.016279108316
2025-01-31 21:00:00,1413.6375224339379,1414.8755464366711,1403.602142089807,1406.308420783385,9020.179647034234
2025-01-31 21:15:00,1412.2011591856199,1421.6668663154658,1413.3160436942837,1415.1908082065672,7322.882582348465
2025-01-31 21:30:00,1408.8888506604392,1414.0854969191662,1403.4820536819677,1403.452298444472,2697.208933030817
2025-01-31 21:45:00,1381.366624616539,1390.4666212299148,1378.784823399151,1384.90644441482,9630.229342167126
2025-01-31 22:00:00,1386.7566564948127,1386.179034083191,1378.8128881869445,1381.979023541904,2815.966091472129
2025-01-31 22:15:00,1382.813110770605,1382.671888177679,1376.282075167929,1383.4987837669887,3931.026853254344
2025-01-31 22:30:00,1353.8951056697813,1357.5884293393833,1345.8160802425937,1350.9345431472952,9391.833364332093
2025-01-31 22:45:00,1326.6804985027152,1338.4788630075066,1328.8801609905818,1328.6558557522335,4799.835169628161
2025-01-31 23:00:00,1298.9846935297435,1311.5737264243687,1297.0083271970418,1307.3024654220176,6057.823991203223
2025-01-31 23:15:00,1312.5716373510159,1319.1114023021282,1314.0289482089913,1311.9308485221993,2614.819051685132
2025-01-31 23:30:00,1313.8518989838726,1323.335213199271,1310.5346811333502,1317.4774119520844,7229.149408956212
2025-01-31 23:45:00,1347.3521834274475,1355.741853730312,1345.3049647907023,1353.1231450770397,3413.501150574963
2025-02-01 00:00:00,1332.3614838996868,1340.8834455883841,1327.63639031807,1328.97364404285,5044.134485126975
2025-02-01 00:15:00,1298.0648613538078,1309.498225947528,1299.1810204948467,1297.5803264765452,7553.12477767635
2025-02-01 00:30:00,1297.1906634984912,1301.0534551958885,1288.1803811635955,1291.9912577634002,5827.3849956563145
2025-02-01 00:45:00,1295.0314124388683,1306.1254217725686,1296.1344106808524,1301.7476021311295,7024.28680795841
2025-02-01 01:00:00,1315.3067811725045,1313.226924080054,1302.6024115670639,1314.1198754429738,7651.396700190636
2025-02-01 01:15:00,1326.5303825665333,1338.3849026597861,1324.208129587944,1327.304861580157,3514.450018127884
2025-02-01 01:30:00,1321.7018743166182,1327.0394357878786,1316.765811798195,1328.7208927165009,8186.459229773848
2025-02-01 01:45:00,1328.607031987879,1333.643834574389,1326.1154220415663,1333.3438876879052,2511.8108123910906
2025-02-01 02:00:00,1335.1672592874688,1343.1988771217693,1334.1242958476955,1343.580434459174,8034.841347162429
2025-02-01 02:15:00,1356.8603889032186,1356.5618109770244,1346.414369729492,1357.8961131649178,3249.845629779581
2025-02-01 02:30:00,1339.4767644825304,1344.8121568997767,1334.029995033216,1341.9017040264682,8026.296616716042
2025-02-01 02:45:00,1337.5630077216983,1348.5799313511347,1339.1980255200317,1339.5481209320394,8212.10322033693
2025-02-01 03:00:00,1364.3002698787616,1363.7358309919707,1358.5222814971091,1359.8041338244034,1046.6989193268655
2025-02-01 03:15:00,1355.0292870893782,1362.5699127118467,1349.1531767100034,1356.205100500184,5270.812380217665
2025-02-01 03:30:00,1389.1832205601436,1400.7313764499715,1390.0225399816989,1390.0809759599726,561.9008259917705
2025-02-01 03:45:00,1383.8060810510476,1394.5886845869588,1380.0987680482747,1386.0428611381765,6840.494180857766
2025-02-01 04:00:00,1382.6334081775387,1393.6377560523113,1382.3461308268436,1386.1406060014222,411.7638444010151
2025-02-01 04:15:00,1391.0811567605767,1399.220139550823,1387.4530908183121,1395.3102673448732,9807.960921879703
2025-02-01 04:30:00,1405.018815395933,1414.977452556736,1404.236253382807,1407.0182386152708,8894.287109421617
2025-02-01 04:45:00,1417.4542293867007,1425.7282793899744,1414.0068146683288,1422.8482692286768,5902.678371699997
2025-02-01 05:00:00,1423.6431300848171,1426.9511234312806,1413.4207264135655,1415.972810455301,5790.7128586658655
2025-02-01 05:15:00,1423.0917846148861,1425.2828227149248,1411.4494851700954,1423.7151956999915,2470.3891098001404
2025-02-01 05:30:00,1396.413772633339,1397.1647464173043,1384.4816313363308,1392.8217834151835,8467.64051274573
2025-02-01 05:45:00,1412.0763422007863,1415.3348639457913,1409.9705354345829,1415.0720180988164,3446.0248569007035
2025-02-01 06:00:00,1408.7596983389906,1414.8271161897012,1404.7321295161826,1415.822791238863,4003.9584089675395
2025-02-01 06:15:00,1406.5204676398741,1412.0696855272129,1404.3341069791734,1409.6553744787293,6170.937012432629
2025-02-01 06:30:00,1401.4383126012585,1400.1128016669534,1394.9083255875782,1395.2974735890557,4906.2031906650855
2025-02-01 06:45:00,1411.850077344673,1418.4191001183087,1410.473522809906,1411.1526932526779,2435.3853161119123
2025-02-01 07:00:00,1408.1228867236564,1411.3359608542073,1402.7823607913324,1407.7827574968549,9606.472345831022
2025-02-01 07:15:00,1433.2257576181914,1432.4410461342018,1421.2491000148418,1431.302463880705,5372.469620245717
2025-02-01 07:30:00,1440.789488404196,1447.9347992226135,1433.2203141876428,1445.545922923728,8676.947368897027
2025-02-01 07:45:00,1448.53986328836,1454.3784701191241,1445.1556413247915,1451.4618862571288,1751.1559693113625
2025-02-01 08:00:00,1426.4168421620193,1429.5282962371623,1419.3104955926513,1425.6028910175673,9889.325708304643
2025-02-01 08:15:00,1452.1568717511707,1461.259906264972,1451.6620418450825,1452.278585532362,3481.8698911356464
2025-02-01 08:30:00,1446.4559315727527,1448.7392128961,1439.7891374128076,1444.7305009752147,604.0467555607348
2025-02-01 08:45:00,1472.068500795906,1473.8695630637221,1463.9459844544122,1472.6810579854505,8015.476571995442
2025-02-01 09:00:00,1458.2019755895114,1462.9954322119563,1450.0907877042919,1457.2636259134447,9165.53400419723
2025-02-01 09:15:00,1441.2206007235786,1443.4673918897797,1429.2649418685703,1436.2437681457855,9484.657175953716
2025-02-01 09:30:00,1462.619050119124,1468.2232876207697,1455.8309435244441,1461.0146848053087,6874.502779644807
2025-02-01 09:45:00,1454.5595363049572,1460.311796779259,1447.6584458973898,1452.033596059804,1919.9272759589705
2025-02-01 10:00:00,1460.254077589089,1463.8059660583488,1453.3761295257111,1456.82376802215,1737.9583268643282
2025-02-01 10:15:00,1467.9433011540536,1467.4376250373482,1456.9379562274503,1462.8835371298126,6964.910447564572
2025-02-01 10:30:00,1461.77829364723,1463.1971278475928,1451.3009244248206,1464.0859257214565,3116.7229165167755
2025-02-01 10:45:00,1478.2051448272791,1485.8072687547499,1473.9904346135634,1477.694774927676,1088.8132752492838
2025-02-01 11:00:00,1446.5812021813194,1446.8201620947957,1436.2011915442722,1447.2036938481588,3601.1376416534863
2025-02-01 11:15:00,1441.7826744140252,1449.1924428568047,1436.2282474372914,1438.9996104893773,4346.527676194606
2025-02-01 11:30:00,1472.1223129660173,1471.837755679134,1466.6592397431673,1472.1414278306893,8386.441601582883
2025-02-01 11:45:00,1462.2745066883151,1471.3755134788703,1462.8687748611294,1465.2013492345623,7899.650552335206
2025-02-01 12:00:00,1439.7879389479401,1438.4446948317152,1428.689688628716,1435.3684947902739,1164.829415286114
2025-02-01 12:15:00,1450.2426534323974,1452.3064237420767,1441.464631462317,1447.8877320698355,7962.619061610496
2025-02-01 12:30:00,1478.2456853910162,1480.7723184327751,1472.0306725381731,1475.115372507873,3879.4801906425555
2025-02-01 12:45:00,1491.8158765771536,1501.4856401923873,1493.8866151573725,1500.2379648459132,867.7452688646273
2025-02-01 13:00:00,1512.019505351206,1521.7590008102798,1508.833229913083,1518.6339363378597,6028.884463824788
2025-02-01 13:15:00,1534.633455726727,1539.8836135453237,1530.399204027686,1535.7966599680265,5559.511998964416
2025-02-01 13:30:00,1534.0068141525924,1538.2812448042596,1524.8616543770515,1530.6937278816224,9905.407622423052
2025-02-01 13:45:00,1544.136613154661,1545.3386539621627,1537.916269837952,1544.542942720918,699.0429966573921
2025-02-01 14:00:00,1521.276481323868,1532.3933606508235,1522.5167562010536,1526.6806441239587,8557.813280338833
2025-02-01 14:15:00,1538.0146855328896,1547.5163734346593,1532.9355629027784,1540.1098448855657,834.9699964073434
2025-02-01 14:30:00,1506.8393908039127,1512.9421284068887,1502.8165377483551,1511.760882701876,1940.5121117353522
2025-02-01 14:45:00,1501.243930513537,1506.1111407467945,1497.7403369821236,1504.0860559081898,467.23343083153117
2025-02-01 15:00:00,1488.9582237222357,1498.3483232703084,1490.822242727126,1489.0362961092524,9846.932333155832
2025-02-01 15:15:00,1466.894569382019,1472.962104280415,1467.8590291175622,1467.361235297618,9747.184121668546
2025-02-01 15:30:00,1459.7590378907223,1463.9079204750972,1449.4077219026578,1456.805856013759,5510.031503282873
2025-02-01 15:45:00,1456.1023661267475,1458.411726309907,1446.9392845039715,1453.8855743598974,8462.783550960921
2025-02-01 16:00:00,1469.1173752402801,1477.6256822192952,1467.8047003797233,1475.5628122664546,1429.1132975923588
2025-02-01 16:15:00,1489.697616050693,1493.267798228258,1486.918109886761,1493.6171323365675,6187.09102242099
2025-02-01 16:30:00,1476.7312382385562,1480.306042560143,1471.3237843842949,1475.3996388732005,2244.593558412067
2025-02-01 16:45:00,1479.0518860284005,1481.61139775744,1470.1395127299088,1472.3605262967858,9286.93036868303
2025-02-01 17:00:00,1463.098441803912,1465.2978151632167,1455.9217955066222,1456.1936778248773,7532.770968181791
2025-02-01 17:15:00,1436.4607635196035,1443.5358118629256,1432.3695160955933,1432.0964426947642,7425.115320131004
2025-02-01 17:30:00,1461.388772465175,1460.6610677503497,1449.8741779227444,1453.6324411598523,9869.263866310239
2025-02-01 17:45:00,1475.8964656107644,1478.2161281405747,1467.5356755236764,1469.8266997435628,4445.1140425044705
2025-02-01 18:00:00,1446.735028933259,1448.8580223613153,1434.9579770719197,1438.2010495698369,9691.489181505329
2025-02-01 18:15:00,1457.7157730201902,1460.8737630734431,1447.6378442945643,1452.4531320115466,3942.4292229582984
2025-02-01 18:30:00,1443.2880770332818,1449.9929831287823,1443.8033347692021,1450.3886311617568,4863.187834992727
2025-02-01 18:45:00,1429.4324532295007,1436.4526014895532,1427.3162036884983,1430.1725616486578,8964.41390066293
2025-02-01 19:00:00,1424.1021501168489,1425.2562198559838,1414.2001030038741,1423.1689716220517,5403.031775633239
2025-02-01 19:15:00,1415.136577822857,1419.519469687096,1404.414830028739,1416.9383421524144,2599.77210460772
2025-02-01 19:30:00,1429.6818833061122,1428.24413712829,1421.8743618004667,1426.3982789634697,3870.796955823669
2025-02-01 19:45:00,1411.6525712207765,1411.6461941012324,1400.8433602099694,1409.8772656490935,4377.571444937482
2025-02-01 20:00:00,1408.6763843889169,1411.1866593011396,1402.0822119468046,1400.9899748033959,654.0950675046403
2025-02-01 20:15:00,1408.792184923875,1412.4731992045956,1404.0425551288613,1405.2328517880303,262.77583186527875
2025-02-01 20:30:00,1393.9722491902469,1399.411737313098,1391.5775381905196,1397.0519911576862,7678.190440044662
2025-02-01 20:45:00,1392.6687972134025,1396.1830731889818,1386.5241495960768,1391.9033620617508,1210.4986788602046
2025-02-01 21:00:00,1380.674980641672,1390.3469319745668,1382.2917529001993,1383.3286303697935,6348.832753834415
2025-02-01 21:15:00,1371.1917537356019,1380.5650393069086,1367.5082920681086,1371.4616964274617,7089.728856144786
2025-02-01 21:30:00,1376.4906991698465,1382.7476454175583,1375.7828205247358,1375.4169333327316,2182.088101127053
2025-02-01 21:45:00,1383.6421245167119,1393.0264085459687,1378.4464628940254,1388.9636664828752,4454.708302488485
2025-02-01 22:00:00,1408.3299419325979,1415.150085432178,1401.1447222689908,1406.0948969395783,9008.418109287482
2025-02-01 22:15:00,1407.2522934647254,1412.9258241933446,1402.1200424953627,1408.936757889279,7277.375193601807
2025-02-01 22:30:00,1432.1246775169825,1440.7434632131115,1426.8168912981296,1434.9000648223089,3911.1627565159865
2025-02-01 22:45:00,1416.380719147866,1420.6711256060705,1411.9910914962722,1415.5738275761482,4677.396372398455
2025-02-01 23:00:00,1423.7761483903148,1435.6919421585421,1423.7474705708885,1431.8235387958157,4718.549548521971
2025-02-01 23:15:00,1419.2059890055127,1422.8553433444456,1416.1050112803798,1419.6775130642984,1950.8185363172715
2025-02-01 23:30:00,1393.712828234224,1399.8767749141068,1389.450679811244,1391.282982360615,1237.3458361171147
2025-02-01 23:45:00,1376.301380509286,1379.8315999034116,1371.783368419494,1371.0816597287337,526.1561000273107
2025-02-02 00:00:00,1372.9939676188455,1373.6860284191603,1364.9983850655108,1375.0249669451532,4469.895681104106
2025-02-02 00:15:00,1362.3036581157176,1371.8136217503497,1361.2472496564144,1367.6664447876997,1919.1290078638901
2025-02-02 00:30:00,1378.9139437834845,1380.7650498321927,1370.478157069526,1379.7089980259418,7614.454157959742
2025-02-02 00:45:00,1415.890730492458,1418.4574338787306,1407.6336486372572,1414.421371912386,1555.6331923075045
2025-02-02 01:00:00,1392.2942348590886,1391.6382932946121,1381.3933762840443,1384.9722942674605,6011.792849196688
2025-02-02 01:15:00,1394.1326838796147,1401.8247657229524,1387.6647073953177,1398.534423464392,4044.348003792398
2025-02-02 01:30:00,1390.3575802849282,1390.4710990926462,1380.4328668160504,1388.1875523213664,2989.7013745440618
2025-02-02 01:45:00,1399.3507849913651,1403.6714640897944,1390.2998617670141,1395.6453652679697,4115.565627945978
2025-02-02 02:00:00,1384.6179819438262,1394.5767604974865,1383.3722696055809,1390.2646472486715,4834.835077729278
2025-02-02 02:15:00,1381.9995889338666,1391.986453512038,1378.1272483936445,1382.7384994800448,6515.053982070601
2025-02-02 02:30:00,1367.4879752653712,1377.5618225356554,1363.4613606416638,1374.048213381686,5421.057393023494
2025-02-02 02:45:00,1350.9172728875433,1360.0474922135284,1347.7297899027358,1356.0218889551356,3775.8395370423814
2025-02-02 03:00:00,1324.1571021119616,1329.8189226411787,1322.2362756737616,1327.9791459902817,7900.077884635781
2025-02-02 03:15:00,1327.990054001676,1330.5565544050457,1323.3206476245343,1326.5132234020289,3482.5965742987446
2025-02-02 03:30:00,1340.438611565628,1342.9791475482684,1335.9746479642527,1337.2617140742575,8483.7393959679
2025-02-02 03:45:00,1318.039971708818,1320.946883813937,1309.9975399649393,1314.553420642769,3154.1155802439985
2025-02-02 04:00:00,1304.6625441463602,1309.4140862156448,1303.1921745741492,1301.6403373226906,2555.454286671171
2025-02-02 04:15:00,1322.4001023148637,1331.2954764901606,1317.7118416569188,1324.4122239398357,3532.1973297556124
2025-02-02 04:30:00,1328.5847098955087,1332.131629577808,1322.80796330434,1321.0087439958313,5351.698760248586
2025-02-02 04:45:00,1327.3455205346572,1337.1305420330918,1323.1876375300762,1332.7527716513775,8316.645619558049
2025-02-02 05:00:00,1341.6476935639466,1344.6443097931515,1331.6768001272228,1338.4089875515508,5370.736333480605
2025-02-02 05:15:00,1360.7656308216065,1370.523154891307,1360.2769529327702,1368.8879083710144,3278.0626713756824
2025-02-02 05:30:00,1378.6982439187996,1384.1100818526857,1374.0336293209605,1378.8425996071694,2617.4555226613093
2025-02-02 05:45:00,1359.0235133672845,1365.1591893742798,1356.0978724390975,1362.9559450729719,667.8605920183056
2025-02-02 06:00:00,1374.778738314849,1384.0379972588166,1375.9782864782642,1374.9725194888335,8775.927353185209
2025-02-02 06:15:00,1362.2217787001953,1365.7335548702013,1359.096060098104,1363.6701954508828,8071.367321630536
2025-02-02 06:30:00,1371.035528048643,1376.4307785401802,1369.4592332219984,1368.6289603908085,240.5612782264195
2025-02-02 06:45:00,1359.6087561471916,1366.6422362249707,1356.8002390836152,1362.043876065994,4731.756624715893
2025-02-02 07:00:00,1367.1860552607557,1368.014700309088,1360.6256433151282,1364.1775808845264,4631.041398089144
2025-02-02 07:15:00,1354.8708915540703,1356.7648131149426,1345.740015783771,1347.0527456083428,1849.8341727702293
2025-02-02 07:30:00,1357.9921040894963,1363.2850619939463,1349.6246289065093,1357.279707222098,6810.498082952315
2025-02-02 07:45:00,1342.067911897243,1348.017580285973,1339.246420723179,1339.648332629233,1510.2500422086448
2025-02-02 08:00:00,1352.1048486041723,1357.134410661932,1346.392186247775,1351.3928482188674,5616.651644466386
2025-02-02 08:15:00,1360.5679029041576,1363.7883178824789,1353.9784258560042,1354.1674830409406,5602.025885077645
2025-02-02 08:30:00,1380.0079354983661,1383.6955673198986,1370.8976606683598,1371.4696285893494,5707.697852288264
2025-02-02 08:45:00,1356.6510700916922,1367.080230099562,1353.4399535632665,1362.7915616768241,3789.8970014367897
2025-02-02 09:00:00,1372.5991720378656,1379.9645110606646,1370.6864211676063,1376.2024752042107,2363.7396819316627
2025-02-02 09:15:00,1389.3009595335939,1397.758018351903,1387.1285916640593,1396.6834468927598,5663.191490386426
2025-02-02 09:30:00,1444.9747482963528,1450.7343551571391,1437.4197080085721,1439.465612372786,8666.078493642834
2025-02-02 09:45:00,1428.5405214718849,1429.0904022186,1422.6677460045912,1425.5174850178837,4669.89953354119
2025-02-02 10:00:00,1459.0142927021047,1463.1413882084337,1454.8121383473372,1451.9210402915073,5960.459071403449
2025-02-02 10:15:00,1436.8407492210933,1440.0599845342979,1430.9929147031135,1430.6482772944923,8396.648802547248
2025-02-02 10:30:00,1446.2556636050376,1453.5912398902285,1445.573848474709,1452.0870537481446,2796.4938398798126
2025-02-02 10:45:00,1433.8146642674235,1442.025007097358,1431.0995977095236,1434.5887986730997,2612.4299970373954
2025-02-02 11:00:00,1434.2439169787654,1440.728977183109,1431.4952265792176,1437.8612864568038,1726.1136307694126
2025-02-02 11:15:00,1441.040571316833,1442.3678651027699,1433.5576685657738,1433.931847079301,7866.125450118057
2025-02-02 11:30:00,1437.7434417919148,1439.2832583260988,1433.1480223038861,1432.6624276436805,7894.147146164398
2025-02-02 11:45:00,1427.8724276247922,1438.1410332999558,1427.6187003584894,1437.616367168638,1578.313026764176
2025-02-02 12:00:00,1439.5621050425843,1447.7308119506865,1439.122815649554,1444.2944709864948,6434.1600212318635
2025-02-02 12:15:00,1441.4512103818304,1444.833398141918,1436.2790345581654,1443.1199757856161,5951.329444172535
2025-02-02 12:30:00,1438.7684473982904,1447.0518514284693,1436.1190610460756,1443.9688233873972,3086.643090449912
2025-02-02 12:45:00,1441.8845764897717,1446.8992197645073,1441.3607209703348,1443.6438767727234,1054.3984864293902
2025-02-02 13:00:00,1438.3349795863448,1445.0307865438988,1438.0545065841598,1443.8825862981143,6443.833978782771
2025-02-02 13:15:00,1464.7682078679627,1464.882830359284,1453.1545313731108,1456.547822125051,2880.2803390362174
2025-02-02 13:30:00,1452.6197329436316,1458.5066209062015,1445.8985909763892,1454.3524592392787,2014.9982844846897
2025-02-02 13:45:00,1455.9740222841044,1457.9657190440598,1449.6799269850762,1453.7669615346722,4843.140347830922
2025-02-02 14:00:00,1464.5016699287323,1469.424853410427,1461.4823656066123,1461.3835424831943,312.0045913148114
2025-02-02 14:15:00,1465.9910763106175,1467.2153305949373,1458.4334169601484,1461.7394107322555,8686.361880953273
2025-02-02 14:30:00,1452.2051570145115,1460.4074558818236,1448.9505796814365,1452.4126156418952,1347.5266694428267
2025-02-02 14:45:00,1447.1682026501392,1451.7960896958693,1440.0076570741367,1449.7163992251924,8298.161383791712
2025-02-02 15:00:00,1442.93167591093,1449.8729227117192,1440.8552369307108,1446.458294132265,3556.3501044654276
2025-02-02 15:15:00,1457.859327948336,1463.2723483434568,1456.9527043607254,1459.6622568549892,1340.570283246562
2025-02-02 15:30:00,1458.6266023016674,1465.9848015762348,1457.1923833684102,1466.9843714237243,3823.09808166296
2025-02-02 15:45:00,1472.5499709270928,1474.8149412396715,1466.4141166157576,1470.0381837681934,2503.1381219883306
2025-02-02 16:00:00,1471.4682266589493,1477.9842066298281,1471.0170822142782,1474.5318762509714,9460.797895968502
2025-02-02 16:15:00,1483.942484431757,1490.9379309357632,1478.8697169214097,1482.0602306040607,9046.333473505056
2025-02-02 16:30:00,1478.6264395898595,1486.7341438225694,1473.7219875916835,1475.256974743875,2487.044418851197
2025-02-02 16:45:00,1498.8202566401133,1507.0637370449167,1495.2161511282675,1496.0785947220386,230.71887803439574
2025-02-02 17:00:00,1473.8490703438222,1481.1570369965336,1472.1498326014996,1478.899705239054,9084.234701580835
2025-02-02 17:15:00,1486.8238142997257,1497.0932263733396,1482.9500064753795,1489.2043301405922,4012.534070881084
2025-02-02 17:30:00,1472.4214115312864,1476.7644974502418,1469.2661888856592,1474.0352736701564,8452.899142249482
2025-02-02 17:45:00,1484.3036791219708,1490.8823135454352,1478.7578880023236,1487.6363918650497,8236.247007246819
2025-02-02 18:00:00,1496.9555686927542,1502.9737000210641,1496.2025817043639,1497.4864840540306,248.9685535720448
2025-02-02 18:15:00,1527.1784506591584,1526.4158918903656,1518.6877913310495,1525.4727706678182,7999.656068716914
2025-02-02 18:30:00,1535.780255087999,1538.135604577249,1526.7918128699514,1531.5767794619476,6744.076898830183
2025-02-02 18:45:00,1549.4686086944612,1552.0291161985526,1538.756632010656,1540.5187216295537,4758.800534507657
2025-02-02 19:00:00,1544.8191022464123,1551.0861594679516,1542.2451651018748,1549.9580275814271,751.145312363678
2025-02-02 19:15:00,1555.8050783063015,1559.6880340770656,1550.9195809400783,1554.1829426207196,230.78590307736826
2025-02-02 19:30:00,1546.6448186619446,1552.5821778525801,1544.3675030738395,1549.537189628259,9913.212116986722
2025-02-02 19:45:00,1523.962258241527,1525.96338380245,1514.7597350463423,1525.6222054413552,7371.681545462708
2025-02-02 20:00:00,1554.7434009221201,1561.1299352361016,1551.0612230123052,1554.7660465147162,7805.450288981727
2025-02-02 20:15:00,1549.4620541068311,1555.8044815960627,1549.6934033726784,1556.4398775480256,2188.008048058849
2025-02-02 20:30:00,1568.9596591712377,1569.0196967848633,1558.9152190082052,1569.5998258228644,5511.634842656428
2025-02-02 20:45:00,1555.1229565360313,1556.0118637118915,1551.0710623024117,1557.2781852759085,7411.137634462858
2025-02-02 21:00:00,1563.5408854398008,1571.3958204527337,1561.5962050966523,1564.5797437368474,343.9785684053852
2025-02-02 21:15:00,1545.8558819503367,1558.396178355221,1547.4395658703193,1553.074439330282,644.6151612754124
2025-02-02 21:30:00,1537.6626911626129,1544.6410434379081,1535.4992867458152,1538.0529487892709,8715.380223501461
2025-02-02 21:45:00,1571.4413397420956,1572.5712186469482,1563.741096887722,1567.1773037481887,9637.089452619433
2025-02-02 22:00:00,1556.4609321553269,1555.360050900522,1547.954669947871,1557.038944587605,5424.117230948736
2025-02-02 22:15:00,1558.6305753901115,1565.0320516017616,1556.4510351771175,1557.5404812492873,4585.370480199979
2025-02-02 22:30:00,1561.0444194099994,1565.1446345837635,1556.8077686080894,1557.6622327854677,2740.7418012757103
2025-02-02 22:45:00,1559.233880196064,1561.5262209163604,1551.9481570068544,1558.94544550766,9478.728003233362
2025-02-02 23:00:00,1548.3574027445434,1553.3084106013123,1543.6316172267614,1549.3730598104862,1858.297693822203
2025-02-02 23:15:00,1569.070365318909,1578.9342108929497,1568.3251801287324,1569.004411142122,8124.271547453647
2025-02-02 23:30:00,1568.8670488689856,1576.138197306386,1565.7236121724764,1569.9249069592488,2419.966179009792
2025-02-02 23:45:00,1561.2661572501527,1562.73177566793,1553.1341698995554,1559.5884651190433,9065.415520174118
2025-02-03 00:00:00,1559.6176294454085,1569.3414392179864,1557.1334032606612,1564.0292436674795,2514.589164897997
2025-02-03 00:15:00,1585.8655584235287,1590.5591642555614,1576.9795479669995,1581.51945658023,6265.816335516484
2025-02-03 00:30:00,1570.1409944682284,1574.332728718072,1563.4396654323834,1564.197795413802,6749.4367924071485
2025-02-03 00:45:00,1554.2829694903505,1566.0726495986441,1556.3739997504217,1557.929348746344,3921.207942354585
2025-02-03 01:00:00,1555.038857218925,1559.4587849737832,1554.159660011868,1559.017995139666,3753.2476291088665
2025-02-03 01:15:00,1564.6489684795965,1572.9523461728254,1561.1836665484514,1569.4393319950984,3001.760498449698
2025-02-03 01:30:00,1576.8193923480287,1574.3190110211933,1569.3144957753539,1575.8733096414794,7886.684754585848
2025-02-03 01:45:00,1569.4283700433573,1575.0611798963166,1567.7020558640224,1568.317094982302,8288.876368944202
2025-02-03 02:00:00,1606.0200622308118,1609.477477427685,1599.5044139097186,1604.9064007138081,4346.164616337857
2025-02-03 02:15:00,1598.2823743750903,1602.1421925664913,1595.2998452299028,1600.0862252377212,5488.35779494423
2025-02-03 02:30:00,1618.819909665025,1627.8515473372051,1615.9933392350847,1617.2335177442255,9276.403854665867
2025-02-03 02:45:00,1607.1372626262494,1613.0278488219135,1601.2925353592584,1609.9283533219073,1866.3267490370115
2025-02-03 03:00:00,1595.1573850163343,1594.434103163798,1585.8317009903699,1594.7724726683407,5679.235660994443
2025-02-03 03:15:00,1578.5368471128054,1589.7318149378225,1577.67825719196,1583.5633161620563,7894.150078377615
2025-02-03 03:30:00,1559.686769017952,1568.535491249706,1559.4925995161059,1560.7547399925907,2200.795480855856
2025-02-03 03:45:00,1538.6814380819244,1547.9670000267859,1541.2954338650486,1540.9555673962689,979.1732807942208
2025-02-03 04:00:00,1546.9291319410838,1555.8708592895412,1547.1578195873278,1551.733676562527,6486.835997929323
2025-02-03 04:15:00,1566.043124845224,1568.3783465464917,1559.696762438043,1564.256781529529,1304.9664262362928
2025-02-03 04:30:00,1550.7061844291766,1560.1446837600083,1548.8552227775185,1555.6435377363807,3728.0136832173603
2025-02-03 04:45:00,1530.4350892439822,1535.3085904918917,1522.5657201632964,1527.2885494308405,9868.846339624273
2025-02-03 05:00:00,1520.264357868913,1523.054930497036,1511.0509338722848,1518.657288120646,7137.326850655423
2025-02-03 05:15:00,1516.6330053581262,1520.2456140990205,1509.4338058859687,1516.237901504199,7738.632178272217
2025-02-03 05:30:00,1510.5799103170325,1509.8649631180715,1502.978866522296,1502.6737539204648,1366.0197132666744
2025-02-03 05:45:00,1506.0160145622556,1510.5999879098076,1500.8630067827667,1503.4745187878214,4922.30699640559
2025-02-03 06:00:00,1505.8369547081825,1510.439476550395,1495.291798455671,1498.3379712288422,296.25626356931605
2025-02-03 06:15:00,1520.2224623639509,1527.577497605202,1514.8399754910404,1521.2512442788538,9836.533596683043
2025-02-03 06:30:00,1506.1106457793737,1513.4800869518438,1507.2176384143588,1511.4799784464212,6909.742986482141
2025-02-03 06:45:00,1489.1828228318413,1493.6409047466007,1484.9805835179204,1487.6060202085698,726.1856501986975
2025-02-03 07:00:00,1486.230396799664,1496.4319204438336,1485.5983461656408,1492.9547691285015,3312.925474771218
2025-02-03 07:15:00,1492.099391649799,1495.9857263205586,1488.5590122494737,1489.8564745463912,3661.926578601228
2025-02-03 07:30:00,1471.228295603674,1481.4559479738487,1473.696244180148,1478.0300451982127,8466.948788283733
2025-02-03 07:45:00,1484.5093328654891,1488.596517221592,1477.609375330449,1479.020513338377,4051.4269557065313
2025-02-03 08:00:00,1505.9659868397791,1508.9887661033079,1500.2364963975158,1503.9624994974927,5452.037136241319
2025-02-03 08:15:00,1501.3472553548024,1513.4905255296899,1500.5457826165516,1505.6978637270436,3962.4576658420146
2025-02-03 08:30:00,1512.8437193301256,1522.1713080145628,1511.1466432526033,1519.435950538644,9968.488860648336
2025-02-03 08:45:00,1519.6874289438974,1523.731121922971,1513.7447876435176,1513.5673492767542,6474.725190562399
2025-02-03 09:00:00,1504.5534849651608,1510.928566853,1504.953765188384,1509.650299704546,256.2586629350387
2025-02-03 09:15:00,1504.705375348307,1510.9059022189947,1496.8773612485943,1504.8405384310781,3243.8200930736243
2025-02-03 09:30:00,1477.7667637853674,1485.4896045483931,1474.7546706234482,1480.6651044799394,5062.2934174753345
2025-02-03 09:45:00,1516.5860754716296,1520.7107458290682,1510.8032969508793,1519.2976793614403,2955.5949954178823
2025-02-03 10:00:00,1512.050130844922,1515.843889122263,1504.0298210053704,1510.9430320963347,5832.80287025135
2025-02-03 10:15:00,1509.6569236356836,1512.7197068427624,1500.5189383905633,1507.6481369845706,2238.2486549184728
2025-02-03 10:30:00,1530.83797072372,1537.5754295083993,1530.1912987256383,1530.3572209315105,6532.936919989474
2025-02-03 10:45:00,1575.1141147321987,1577.9351238359736,1565.627140906121,1565.6688308558087,3040.9665732101803
2025-02-03 11:00:00,1567.4497109933807,1568.0767050319712,1559.1662431309262,1569.1889977499386,6247.279452140795
2025-02-03 11:15:00,1578.8621169559674,1583.064752645144,1573.022677565379,1576.85671390896,743.8757428880667
2025-02-03 11:30:00,1594.1653572463242,1601.9993437422945,1589.5885344945941,1599.6826402822487,808.620463049774
2025-02-03 11:45:00,1586.9962699307662,1595.2278968461112,1584.3682794692102,1588.0264611702758,9501.307186090336
2025-02-03 12:00:00,1598.1856701788395,1603.37264023868,1592.109626013303,1595.0148689889284,1697.7956755373152
2025-02-03 12:15:00,1599.1660066089887,1606.565971374515,1598.728032138211,1598.7911689538362,4832.431968034674
2025-02-03 12:30:00,1575.803528659344,1578.049037207478,1571.68127095166,1579.8026501085237,6865.567496982656
2025-02-03 12:45:00,1593.3902908668194,1596.4554926183753,1586.5787688263267,1592.7938006721024,2708.5372393669436
2025-02-03 13:00:00,1594.3734734274371,1595.4626378894977,1588.322890416504,1592.1749432372399,8607.79641997596
2025-02-03 13:15:00,1595.2162601176078,1606.0325727471984,1596.913756314479,1600.198149003273,810.499448119379
2025-02-03 13:30:00,1576.8578574009377,1584.1168454138096,1569.4945492887077,1576.5575296596148,7085.603974981114
2025-02-03 13:45:00,1584.2295053851606,1589.3579589953831,1579.3154233379437,1585.2065236733492,3978.909950344424
2025-02-03 14:00:00,1597.9024695341234,1604.6578565343584,1592.20018699147,1596.5359361839057,1871.6218506894788
2025-02-03 14:15:00,1590.426846144298,1594.4966791058143,1579.5838812028314,1586.5666993678146,6833.1377423254
2025-02-03 14:30:00,1623.5227892798903,1630.6817073530583,1622.8125317211757,1632.370106370849,1903.7424270500355
2025-02-03 14:45:00,1628.9689881066834,1634.2942497054278,1623.7260379763138,1629.4728718308304,2506.9880090405304
2025-02-03 15:00:00,1608.6418282601885,1613.6929697886653,1602.4052171191872,1604.8936486293271,2319.2629200255724
2025-02-03 15:15:00,1595.1387470276973,1602.6205705699767,1595.0818409758895,1593.7391536481555,3401.8181427073278
2025-02-03 15:30:00,1609.9605340881308,1611.832858935714,1599.9909817672522,1603.309489866649,3001.9642503446225
2025-02-03 15:45:00,1600.694749705585,1605.9070111953315,1592.6333682320274,1595.7490747768163,7906.094831322256
2025-02-03 16:00:00,1618.589728052309,1624.1632297125448,1609.6789029296117,1619.6319124634117,5012.584165543955
2025-02-03 16:15:00,1622.6132995333712,1631.1480704610206,1618.33319615906,1627.9244016883758,2152.011048625149
2025-02-03 16:30:00,1645.9867532145847,1649.1955939852458,1637.287676648816,1647.15062562013,1377.0254995338742
2025-02-03 16:45:00,1643.2232696114847,1654.9121283869001,1644.2461464449834,1651.0771066198517,8436.150355091815
2025-02-03 17:00:00,1613.4171386499893,1614.169821814648,1602.9944346404488,1610.319456577762,6681.043089479215
2025-02-03 17:15:00,1610.8129599623314,1609.81099252013,1599.4832477223815,1610.6808478077676,8872.153270685034
2025-02-03 17:30:00,1611.7537993525168,1619.1877043217294,1605.9530590722889,1616.346004346612,6744.292291202107
2025-02-03 17:45:00,1636.8914011803702,1636.8758827755632,1631.667271968444,1633.093207733769,7799.220998979894
2025-02-03 18:00:00,1620.1149559028886,1620.1705206369022,1608.9810673963093,1617.4501250915475,6066.616403379262
2025-02-03 18:15:00,1625.1996478742453,1627.273716164494,1616.282206395137,1625.1697239768273,4421.19481055332
2025-02-03 18:30:00,1642.3772438640895,1649.7464532211595,1635.3131968363782,1640.1244072010636,1136.883105383863
2025-02-03 18:45:00,1656.644138360599,1662.8498322139283,1653.7048348106111,1657.2491624411978,3812.4722561205813
2025-02-03 19:00:00,1654.516144610403,1658.8490828861445,1650.2436426336774,1657.9270069152387,6304.102471274589
2025-02-03 19:15:00,1689.5100779013856,1690.06659762581,1681.7978670269524,1689.2615409741325,7192.916237336363
2025-02-03 19:30:00,1670.2093972276523,1675.913558368658,1667.3176776263044,1669.3042674976361,2339.8200272975337
2025-02-03 19:45:00,1669.809512473314,1678.2573443216415,1670.5191743766195,1675.0186907357263,1824.645871015753
2025-02-03 20:00:00,1642.490056250228,1648.5073729079918,1638.6198061819587,1645.5989855955934,8635.457817950331
2025-02-03 20:15:00,1641.6652656666174,1641.8176587205417,1634.339322863779,1639.4630251433198,604.0288039585666
2025-02-03 20:30:00,1637.740440971737,1640.3320126921644,1632.4053379513718,1639.629580164642,8955.833504086586
2025-02-03 20:45:00,1629.437749925924,1641.1339378605396,1631.0134283740924,1631.1508755057475,4791.704662929432
2025-02-03 21:00:00,1658.647899029861,1664.3444818110386,1656.6285382509482,1661.9317809720503,2847.8306181906282
2025-02-03 21:15:00,1659.6341027085368,1665.2779385346353,1657.2023954523254,1657.2907127973533,2869.159755028605
2025-02-03 21:30:00,1657.2318671432222,1659.6728435148045,1650.1898326651271,1657.595114124059,6013.000813705421
2025-02-03 21:45:00,1671.9964882547547,1672.713532154694,1664.337025217075,1670.9050067450473,7399.276962455704
2025-02-03 22:00:00,1650.869621377834,1657.3884453559983,1644.5582411590115,1645.3061241416765,5615.303197372858
2025-02-03 22:15:00,1639.211904082339,1636.795795633374,1627.1279890482613,1631.970145577613,8114.427168685857
2025-02-03 22:30:00,1620.5922772883557,1626.3343649831422,1620.5921578075395,1623.2888257345855,2697.132599203351
2025-02-03 22:45:00,1633.9207480420382,1643.0752509602326,1630.7898023850744,1631.9517335763635,984.8578608032036
2025-02-03 23:00:00,1631.4239036904958,1642.41763014175,1629.8335950528526,1639.1191455460107,2484.7976054663345
2025-02-03 23:15:00,1662.5234948928971,1666.8612448410643,1656.8655824158473,1660.5820451264397,2672.936812086808
2025-02-03 23:30:00,1639.165717535365,1637.862979760314,1631.815776022514,1637.181286898788,2906.47474882745
2025-02-03 23:45:00,1628.5272073526116,1633.8018617513608,1624.3190996060512,1633.7599481481507,9245.05628236257
2025-02-04 00:00:00,1626.181561847797,1627.8005652559816,1617.9288689303896,1621.2340787357816,4792.525105559246
2025-02-04 00:15:00,1622.7245057288544,1630.849828414079,1625.1289525685447,1623.916818465803,4183.721953550417
2025-02-04 00:30:00,1623.5884802792832,1625.1165039104885,1619.057696094207,1626.7748514723858,7200.408071886566
2025-02-04 00:45:00,1606.0417292321622,1609.6974101585756,1603.112362682451,1608.8341799905156,1813.0832028410025
2025-02-04 01:00:00,1624.8387552892123,1630.0588523688366,1614.4137145061163,1626.060427239673,9769.387571914978
2025-02-04 01:15:00,1610.1685480018245,1609.1464186162432,1603.7753210553956,1604.1198132656816,7452.065978208489
2025-02-04 01:30:00,1625.4381670820032,1634.8001021098833,1625.9141955398304,1632.3735649744867,3191.5805596463347
2025-02-04 01:45:00,1622.0821186030182,1627.6388941194828,1616.94087969658,1627.268436353609,649.5869546352632
2025-02-04 02:00:00,1613.5978339186909,1618.8152465453202,1613.8174406029502,1614.530273498759,7989.090125727497
2025-02-04 02:15:00,1618.558010440062,1622.0361951272998,1610.3014314502298,1611.5222422193049,7629.488051744306
2025-02-04 02:30:00,1618.4639623781852,1624.6058078360613,1613.403899678129,1615.1166779197476,605.9506083678726
2025-02-04 02:45:00,1633.5670453753776,1631.7126057831254,1626.2517144864746,1633.6169367618181,9029.227887713952
2025-02-04 03:00:00,1633.0161101172396,1641.7776610803367,1634.8137009232628,1635.6250738139297,637.9027325423008
2025-02-04 03:15:00,1665.6513645690013,1666.0684694890451,1656.6156734418983,1661.0834493164089,1253.5674235371341
2025-02-04 03:30:00,1647.881513325941,1648.0221802521623,1641.5277068207852,1644.2252625312342,4342.908652630343
2025-02-04 03:45:00,1651.311820578171,1655.3632666302017,1642.614619267773,1647.8377675198526,3516.5573731198456
2025-02-04 04:00:00,1651.519000508062,1651.5235956805723,1639.2883123573565,1649.6110461840642,156.4175143471118
2025-02-04 04:15:00,1648.1754818302365,1658.3302088143969,1646.0959823258643,1648.4358999221947,7192.954371576162
2025-02-04 04:30:00,1697.0362762521088,1704.4091562464812,1692.3333673709315,1695.0618802078384,1155.303208129149
2025-02-04 04:45:00,1700.5314570763255,1703.7318370645996,1695.21325568702,1702.229983022891,8419.283039048685
2025-02-04 05:00:00,1708.1210499489875,1710.361476883388,1699.3854489540017,1708.1991888578539,6703.996170228714
2025-02-04 05:15:00,1702.8140296745887,1705.6370026308332,1694.9175813653544,1706.1502412901757,3544.6611548745836
2025-02-04 05:30:00,1693.351539450818,1693.5156998523664,1682.9117629321036,1689.0511709740272,9472.975090675316
2025-02-04 05:45:00,1693.787560369672,1699.7294918056712,1685.2804116114849,1691.0615448485273,1150.1813225692513
2025-02-04 06:00:00,1686.7090696969635,1698.1101512905118,1685.3480410002135,1693.3454220433143,2403.3108180483564
2025-02-04 06:15:00,1675.0732706355518,1674.0426037039522,1667.4270875748873,1672.7000602434082,855.9468018944801
2025-02-04 06:30:00,1677.610368785133,1685.0713856305047,1676.4700495198495,1680.750969884542,2279.119807517186
2025-02-04 06:45:00,1680.3634318921902,1681.8498561790661,1668.4019139306406,1677.6264328512432,2524.6263721604846
2025-02-04 07:00:00,1691.6006609241108,1692.9619219397498,1682.3372645579932,1683.6290655291234,7133.332312739601
2025-02-04 07:15:00,1716.2356981821006,1717.7137252221344,1706.4375039406052,1714.685775807146,142.39678927213302
2025-02-04 07:30:00,1687.4058092363243,1697.2813485114666,1683.396079405014,1687.0907352631973,5246.267194437075
2025-02-04 07:45:00,1682.124432985398,1685.8177073975958,1675.8465932746135,1677.9980089148105,1615.5714408654746
2025-02-04 08:00:00,1674.9955125980262,1685.693044900559,1674.775081346626,1675.2712111971427,6725.444363233852
2025-02-04 08:15:00,1667.784235141083,1671.8411012289148,1662.4100189369005,1663.360400505698,9639.061926682107
2025-02-04 08:30:00,1671.2225423318712,1674.2428112677887,1663.1605162954716,1662.587937492438,2347.5787414445767
2025-02-04 08:45:00,1664.018676637105,1664.0186715540278,1656.3571251163817,1655.2700651196615,1704.8309443303222
2025-02-04 09:00:00,1674.2253862426408,1675.3977611558398,1668.2140384674688,1671.5455134836393,1113.677592162758
2025-02-04 09:15:00,1649.9975075318414,1654.3536486841053,1642.7931125002408,1652.9210039569693,181.85179520731634
2025-02-04 09:30:00,1656.1749373708585,1662.1330845850684,1650.5265356474672,1655.277724317952,375.2991376192295
2025-02-04 09:45:00,1676.975703066773,1681.1007452171477,1673.468384289344,1674.0347421330878,4359.696027732003
2025-02-04 10:00:00,1671.0839868035691,1680.580459650064,1670.363662294985,1672.4568892371735,5890.650324784041
2025-02-04 10:15:00,1681.6691811878,1686.1200733591486,1677.1385171058485,1684.38801740459,6390.572769330055
2025-02-04 10:30:00,1691.4025135698716,1698.4613686856708,1683.8107795229614,1686.7138397615588,7596.862042528721
2025-02-04 10:45:00,1678.8796097916752,1682.0471701456104,1672.7400303998306,1676.2114969472257,9501.587124814272
2025-02-04 11:00:00,1670.5625054774553,1678.0685020736953,1668.0484235884176,1678.9483035428282,9909.24951759874
2025-02-04 11:15:00,1669.0347199074897,1666.936732955992,1660.757973320989,1669.096218252583,1429.4653066358444
2025-02-04 11:30:00,1633.4709928894329,1638.647314904733,1629.6142953674732,1636.1696538356455,9594.481477425683
2025-02-04 11:45:00,1668.4178047834037,1673.6757561184106,1660.988670683295,1662.1438338772298,650.6807014566766
2025-02-04 12:00:00,1656.9110894639805,1668.3629692282757,1657.0796478403774,1657.3283254076457,1476.4319275177384
2025-02-04 12:15:00,1653.19528521945,1657.0154152384641,1644.4559843650989,1654.3933705963052,1525.5312473712204
2025-02-04 12:30:00,1651.3143542924552,1656.0729615487194,1645.8457464192327,1655.892855400295,3390.917718674647
2025-02-04 12:45:00,1610.0278554100453,1615.8963684593039,1605.0110586145172,1606.8809668808622,5600.958030701055
2025-02-04 13:00:00,1616.3273285061794,1621.1690844709642,1611.6717300186508,1615.9962216574584,1703.3930604983134
2025-02-04 13:15:00,1621.0261524221735,1625.8780793151489,1615.676570448895,1623.3786119223882,2024.175239575189
2025-02-04 13:30:00,1611.5895525084609,1615.8040128415073,1605.9059558731165,1609.9694585487457,1007.9109267813433
2025-02-04 13:45:00,1615.1457913086308,1622.1816954394183,1615.3246344455397,1619.2230646789221,7291.407397612695
2025-02-04 14:00:00,1602.8623323005636,1609.1160268842782,1595.7705309651483,1604.3441434920912,3234.898035320752
2025-02-04 14:15:00,1558.2798358845043,1567.77374733341,1555.914288958638,1560.5603842334297,7202.414023504006
2025-02-04 14:30:00,1551.2735644457164,1556.3810730653304,1549.902718048376,1554.6465370880164,4844.785647545898
2025-02-04 14:45:00,1555.1800973944128,1557.922948166143,1542.5332517369181,1553.9803140954914,2729.953222426348
2025-02-04 15:00:00,1550.989998881966,1561.4983882414276,1547.5565035240988,1559.3494924011827,8615.573453898502
2025-02-04 15:15:00,1550.0681397708283,1555.4944948577963,1548.596744012142,1557.9810151521733,3675.2004200452793
2025-02-04 15:30:00,1564.9345103579547,1567.2623130046557,1556.5619150189277,1562.666745690892,4103.523759162883
2025-02-04 15:45:00,1554.9503722108948,1558.7546168235317,1551.6018290619545,1559.2633522035271,6368.403967993024
2025-02-04 16:00:00,1582.946930537624,1586.8338299379338,1576.3641788869604,1576.7720652748812,9749.05227344961
2025-02-04 16:15:00,1580.3321781813656,1579.667964779185,1572.466644715685,1579.3880390462623,6977.150515000286
2025-02-04 16:30:00,1557.0401166073004,1566.8905576428258,1557.9385271431927,1562.6115582511595,4881.97002740451
2025-02-04 16:45:00,1558.9260356366897,1567.6124209668878,1557.3922282389722,1558.7993478725484,901.3399634416803
2025-02-04 17:00:00,1568.8869762750676,1568.0530639794429,1559.3702495749149,1562.6817637536726,2352.9107784584876
2025-02-04 17:15:00,1555.773581968755,1563.6530332720458,1548.5745951492063,1555.6383929659735,3304.377391325708
2025-02-04 17:30:00,1557.9626710608045,1567.2217909850026,1555.560388379944,1558.0233899304712,181.53415380060574
2025-02-04 17:45:00,1580.972568010774,1578.3403769293388,1572.9596383825442,1579.0440279854151,333.84776252292727
2025-02-04 18:00:00,1569.8755615492216,1575.3857060242194,1565.04595936861,1567.9474864241292,4694.29360794812
2025-02-04 18:15:00,1556.554096242656,1558.1279958426162,1545.2016667492849,1553.3777069862886,1174.4354786417773
2025-02-04 18:30:00,1578.954019481786,1581.0543167543015,1572.2883378995236,1576.9846540491376,8310.85606530025
2025-02-04 18:45:00,1560.2489540698568,1565.768392504617,1553.8403559977387,1558.8568202011957,9949.024518497012
2025-02-04 19:00:00,1551.23737216108,1561.1962967904071,1550.6862709227996,1551.9240302266048,3951.122497817888
2025-02-04 19:15:00,1571.690441477506,1577.2219805111006,1568.9856864449266,1569.732891645952,1437.491000672315
2025-02-04 19:30:00,1574.349892015177,1576.9491395803996,1565.3037001617436,1568.887726428205,3210.4975173605885
2025-02-04 19:45:00,1593.7157220612007,1596.9683352131642,1586.7298317322393,1593.5194448230995,2058.9914769666725
2025-02-04 20:00:00,1611.9658309470562,1616.3599353528693,1600.9931232302044,1604.7338405031717,1583.2989681006545
2025-02-04 20:15:00,1606.5567365086251,1617.4693833492613,1606.005144985238,1607.707890030624,8803.677681115021
2025-02-04 20:30:00,1591.015024124529,1591.9200293122321,1583.5816576388665,1583.5116586348313,5174.444250049064
2025-02-04 20:45:00,1599.9193174270856,1601.4239766731077,1589.4568031917483,1591.8579784693143,4258.977762916369
2025-02-04 21:00:00,1592.051191971333,1594.7263606543697,1588.2203879393528,1594.3756041077913,3823.2218822278533
2025-02-04 21:15:00,1588.1784391044837,1589.2382371645274,1579.380714992591,1585.6754489737293,7494.532043552316
2025-02-04 21:30:00,1592.108502860088,1595.321590024648,1585.0940265289016,1597.0607361958141,7703.406957771902
2025-02-04 21:45:00,1568.7882296119105,1576.3644660786304,1569.97174505669,1573.5694776685357,4510.330952362615
2025-02-04 22:00:00,1555.9908043118776,1559.9813982626904,1550.0089810287657,1558.7888322329145,6408.376691794346
2025-02-04 22:15:00,1555.3330972498804,1556.7799056183953,1545.2685369182261,1550.069804089477,672.7566027042434
2025-02-04 22:30:00,1549.6369296991552,1549.575730908725,1544.973233565373,1545.0647048815051,7244.053937606592
2025-02-04 22:45:00,1553.1708844365853,1564.7012703677447,1550.8144688061884,1556.5259716867492,985.4463518653496
2025-02-04 23:00:00,1582.092195437539,1585.8937858807446,1578.2405118828774,1584.0866103339704,5738.781033039789
2025-02-04 23:15:00,1553.7187409698793,1559.4070491036891,1550.529683530758,1557.2416477808313,4330.344670446845
2025-02-04 23:30:00,1563.3319488639909,1568.7686503924253,1559.9292102987654,1563.1008363293968,4310.211077642495
2025-02-04 23:45:00,1558.2128949175478,1563.8807542509587,1555.8589943992101,1555.329538895546,6187.37219416363
2025-02-05 00:00:00,1552.2960640317888,1550.0284283435287,1540.8649203339291,1548.1249115692315,2441.710138477876
2025-02-05 00:15:00,1564.9693749059775,1569.4836565887906,1559.8628198851472,1569.9900669957754,1551.6743624433489
2025-02-05 00:30:00,1568.3197021104804,1572.8578908917314,1564.6385255762482,1566.7029284771656,1153.4907432422256
2025-02-05 00:45:00,1571.2048177765541,1579.5872758511673,1570.7215920506967,1571.7884200370315,8859.490959118877
2025-02-05 01:00:00,1581.4758454319544,1583.9366602021955,1571.8623040420864,1581.9889123450066,7940.901234457953
2025-02-05 01:15:00,1542.2272761471413,1549.4392761160552,1540.772453568439,1546.0668819005452,3011.2601831833945
2025-02-05 01:30:00,1531.452652968295,1540.4039273942894,1531.0489543669032,1538.8752260005451,549.9139081820351
2025-02-05 01:45:00,1542.702512015505,1546.1148668406067,1537.6661469041119,1544.0698407171515,7420.897598895752
2025-02-05 02:00:00,1510.4405155388617,1520.2001070167832,1507.175876746979,1513.4985462367613,5079.27401899633
2025-02-05 02:15:00,1519.664937693102,1517.9653776017506,1512.0483182962198,1513.3934081536595,2087.1709531633696
2025-02-05 02:30:00,1494.4599213249198,1505.879969499953,1493.2460251922141,1500.5347486556839,3163.1696913115784
2025-02-05 02:45:00,1509.473986366557,1516.0909449800813,1510.1214450487814,1509.1559737984157,4101.592437320724
2025-02-05 03:00:00,1497.2043723945958,1505.28772961952,1493.9816736280104,1499.0766870429718,7192.54180217725
2025-02-05 03:15:00,1475.9068192432285,1481.60195974948,1474.0473569783103,1475.1860680848933,7569.745460945288
2025-02-05 03:30:00,1466.5166487064696,1476.3230096137374,1464.3057964935435,1468.9011241526823,3468.836314826328
2025-02-05 03:45:00,1465.0471411968233,1465.4762017862702,1460.6783742779603,1457.9353989248184,4349.977143850787
2025-02-05 04:00:00,1481.0684564696865,1484.2291314498998,1470.6101801496447,1480.4534049500678,7489.28743310106
2025-02-05 04:15:00,1456.9717045482114,1468.8220729795175,1454.150802465931,1461.2302016635085,6918.086018068869
2025-02-05 04:30:00,1470.0943465663413,1475.6587732269288,1463.551044659076,1466.28396607696,5560.946536592723
2025-02-05 04:45:00,1465.3145490838483,1476.0268892985307,1462.9833629478296,1472.84256929915,6839.3113193843365
2025-02-05 05:00:00,1441.3283011215253,1448.6535762851888,1436.6727246142675,1439.9557996229366,9988.680323775901
2025-02-05 05:15:00,1416.3576459273113,1414.3166245649882,1409.240484047472,1411.0629764912937,8815.110135066687
2025-02-05 05:30:00,1388.2963167297207,1396.1105052311257,1384.2942470955682,1395.5597781569145,6737.3949761521735
2025-02-05 05:45:00,1383.5610989406373,1389.0347154931178,1380.6541381794577,1388.2111274669635,7549.754842467283
2025-02-05 06:00:00,1390.4853382452868,1393.0118969713883,1382.9192976180918,1389.7523472486396,3117.2665724139365
2025-02-05 06:15:00,1363.8241003159362,1375.3628479652486,1361.6970806215413,1366.133696175609,8578.768685950241
2025-02-05 06:30:00,1369.7956174187768,1376.3139289214757,1369.4431144504838,1370.4433093232792,4765.268248294403
2025-02-05 06:45:00,1362.1874365317115,1364.3923012260025,1359.662716735894,1365.3924674097132,7949.489806135655
2025-02-05 07:00:00,1373.3069435827645,1372.0193282055664,1362.592375690678,1373.4284109235064,1311.1721031380714
2025-02-05 07:15:00,1358.6734380223572,1367.989008138523,1357.9702644412712,1361.121148598245,6982.45902503223
2025-02-05 07:30:00,1362.4370843123397,1368.7825682931132,1353.9251097228635,1366.6573018388015,5606.3781501188
2025-02-05 07:45:00,1398.213892894084,1402.4086462935525,1389.778382584138,1397.463645762042,607.8044497909756
2025-02-05 08:00:00,1410.4612552489273,1412.1264431605189,1403.062560777406,1408.8656905934563,487.7631666948603
2025-02-05 08:15:00,1409.5109592030517,1408.9761434204056,1400.3175659541037,1403.5602894995093,1847.4995906731924
2025-02-05 08:30:00,1404.3153787392814,1409.0694699230794,1394.3440365730853,1405.2740726183574,624.7307629837978
2025-02-05 08:45:00,1395.2181335630216,1397.868321552791,1387.1298275775366,1397.4748992833163,5534.368670758712
2025-02-05 09:00:00,1395.0711673745977,1402.6713106851796,1392.707933929415,1402.4696083330507,2513.2345348025447
2025-02-05 09:15:00,1416.7502778458522,1420.0540837987617,1410.6392974737082,1415.9340889681953,8861.558272467262
2025-02-05 09:30:00,1417.6085284207024,1416.779984252643,1411.2399855290325,1417.3546212582296,4255.394809429646
2025-02-05 09:45:00,1409.0115602880603,1421.4163379372353,1409.0824611648934,1417.7101198447672,5097.643931970621
2025-02-05 10:00:00,1418.9523653981819,1428.8032892953092,1416.8905391453222,1416.6511748971518,4596.4623654793195
2025-02-05 10:15:00,1412.1535988491382,1411.5596266678642,1399.873056033309,1409.087979602318,7899.25548690686
2025-02-05 10:30:00,1446.735312474375,1446.6332698894416,1437.7066675050153,1439.1357448834087,4365.697489436622
2025-02-05 10:45:00,1451.3202857165654,1461.5298957332427,1450.2077324064041,1455.297645316865,7307.207737130628
2025-02-05 11:00:00,1452.962041149301,1463.1438383272655,1454.4866155101588,1462.1870551183133,4120.894162581197
2025-02-05 11:15:00,1474.587932450926,1474.7200505922317,1468.457029279767,1471.8138474799885,9698.577507124055
2025-02-05 11:30:00,1454.070317611832,1462.2013256514344,1455.9770539075575,1457.1495271121435,4907.587865150002
2025-02-05 11:45:00,1450.6410259438953,1454.8688422354046,1441.9143218325885,1447.1310755753202,4679.265228538722
2025-02-05 12:00:00,1422.3724636473185,1430.12912415963,1419.6652410639178,1423.7477185667658,7362.433634708819
2025-02-05 12:15:00,1431.7760477984687,1432.7433499208137,1424.2094197199904,1433.5012614301834,2514.2497248599857
2025-02-05 12:30:00,1429.41080846645,1432.105942294189,1423.1547753432249,1422.2080921708346,7908.515148096872
2025-02-05 12:45:00,1402.9548436353048,1410.500015701567,1402.0479579989842,1409.8256413968497,1662.4100143889223
2025-02-05 13:00:00,1397.3818922870817,1406.9198110887914,1397.3103016090147,1405.6729764697404,9110.497849534693
2025-02-05 13:15:00,1389.80271475794,1392.9459552050275,1385.6203914950336,1387.807266993404,6236.357787684223
2025-02-05 13:30:00,1408.7018162133731,1410.2091547135312,1405.502294592028,1412.4835197850732,3687.248433477685
2025-02-05 13:45:00,1422.6453698542757,1425.994300865439,1413.7933149952692,1424.6585371501556,5628.429412478314
2025-02-05 14:00:00,1397.2415476341928,1405.5751131365334,1397.5091428549629,1397.1357132871856,3365.393911259058
2025-02-05 14:15:00,1406.5023960560293,1414.1519760091767,1401.1158777250487,1413.611179109076,8378.353157095758
2025-02-05 14:30:00,1417.9664060064963,1418.2577595171147,1406.9704012858874,1413.1869386308326,7668.331933576235
2025-02-05 14:45:00,1413.868253684256,1421.587120390744,1410.7168846051777,1418.4542288920052,2220.077208380379
2025-02-05 15:00:00,1451.768663956782,1450.0659939384132,1439.5474225291794,1442.506036620956,736.7286583542333
2025-02-05 15:15:00,1455.581471395792,1457.2274900252153,1445.478641321709,1456.3521289026392,2438.579031672977
2025-02-05 15:30:00,1441.7066225009396,1443.706995962691,1432.961965663146,1440.4763407073617,2048.800930717649
2025-02-05 15:45:00,1440.1184900518404,1444.0445663362852,1434.993626637882,1441.6438213602557,5595.862951023245
2025-02-05 16:00:00,1462.8875991112784,1467.8415011033096,1458.0626249143484,1460.6018415435435,4656.48280412524
2025-02-05 16:15:00,1442.2573455770626,1447.7056453214714,1435.2728394259605,1440.6431501360864,3272.92247939441
2025-02-05 16:30:00,1432.3332374200754,1441.5612009191905,1434.734463816335,1434.6220658600614,7587.343474090344
2025-02-05 16:45:00,1434.8064409744973,1441.126898984036,1431.6203554557248,1433.6135653798808,7639.2148272497225
2025-02-05 17:00:00,1446.046295221948,1449.5100833060158,1439.2571477636968,1443.9459859193767,8955.426752112973
2025-02-05 17:15:00,1473.8118469280464,1476.8432987863143,1467.5893662264668,1475.5123155132287,3462.166116935896
2025-02-05 17:30:00,1501.7720950705082,1505.2860063403566,1494.5594392320754,1502.3407769672249,6792.758992878255
2025-02-05 17:45:00,1487.9141376656708,1494.9114267063442,1485.1223429151314,1486.1449869175137,8032.142680576707
2025-02-05 18:00:00,1474.622728195893,1482.4895496759336,1476.1021702974458,1478.0940710068887,3984.03548036701
2025-02-05 18:15:00,1490.793264085813,1496.9663568985113,1489.3262940366444,1495.69212145861,6415.959733547909
2025-02-05 18:30:00,1483.615556867487,1488.8067522056629,1481.8308503092214,1484.8610862217663,9920.166161838284
2025-02-05 18:45:00,1455.6193737179372,1458.9257792687254,1446.6839916639997,1448.4472882638995,7241.439499603383
2025-02-05 19:00:00,1457.8828331102325,1463.529594767957,1456.0242896743705,1462.2425566346685,7919.866007556989
2025-02-05 19:15:00,1469.5886126708963,1475.0077094644823,1468.9467107435264,1468.2226441726348,4371.628582318665
2025-02-05 19:30:00,1477.2370342204251,1483.9005860695318,1477.9764523349247,1483.4473259201936,1113.0441858640463
2025-02-05 19:45:00,1466.0711655598716,1472.9076449744673,1464.8365441980923,1467.0291036794488,562.2022589572719
2025-02-05 20:00:00,1488.8098337368217,1492.7777382755703,1486.8082343606898,1489.663304474484,501.69400340374455
2025-02-05 20:15:00,1506.2481185657314,1511.674727650423,1500.1502698482013,1508.4113049151508,8748.385100862486
2025-02-05 20:30:00,1508.7100896280515,1516.3184523434145,1510.0967375894274,1507.7925698442893,6565.500981276693
2025-02-05 20:45:00,1531.0455484967958,1534.4595883917702,1525.3882745281167,1533.1705361445777,2860.057281822321
2025-02-05 21:00:00,1544.026351234639,1551.413071798734,1542.1018032750233,1547.7963065501094,2373.2495077958915
2025-02-05 21:15:00,1529.1774809575247,1534.7066530560958,1526.174608184426,1526.0060985531609,9938.517619975677
2025-02-05 21:30:00,1535.2292771046139,1542.6474347063306,1532.996464266029,1536.8979627970575,4113.436665726435
2025-02-05 21:45:00,1530.502666921472,1540.2639255804008,1525.6075012651477,1533.1504162747729,4148.683310265042
2025-02-05 22:00:00,1532.2123285000805,1538.386697210352,1525.6118674394809,1533.7554898152023,2662.1591309829155
2025-02-05 22:15:00,1516.886675692697,1519.9116679098397,1510.2879384961398,1517.7785290568222,5760.269982927132
2025-02-05 22:30:00,1528.7637665066366,1531.7466786997204,1521.0411495456792,1522.6683727319582,9073.134308053033
2025-02-05 22:45:00,1518.1337868898358,1522.4328610187774,1512.088596713913,1517.435141324471,887.7139396309178
2025-02-05 23:00:00,1545.7494891614833,1550.1386010432407,1542.6153735634546,1547.1132699268503,1459.5411970391174
2025-02-05 23:15:00,1527.4234068747814,1530.2771988815127,1523.3616696947927,1526.1835762598946,5321.9926878246515
2025-02-05 23:30:00,1528.4038719957566,1529.2745250503858,1517.6218446868418,1529.4230607486384,4838.971411433589
2025-02-05 23:45:00,1519.1485325399253,1524.4313874980826,1512.6020932272506,1515.6967868178615,970.7025625828028
2025-02-06 00:00:00,1516.238635719758,1526.745759880116,1514.8508650293809,1523.9369454059342,6665.262254508517
2025-02-06 00:15:00,1526.1449171426543,1527.065429799959,1518.8907701405662,1527.4976733273431,2579.086152764531
2025-02-06 00:30:00,1532.8354531222112,1537.3186044600532,1527.8846773441724,1532.136552222204,7096.326345082296
2025-02-06 00:45:00,1523.3002519696183,1528.0551528691174,1516.4227007612099,1522.1844694365266,3241.361064173346
2025-02-06 01:00:00,1540.74465390493,1540.7226808736143,1528.8490328246749,1531.3795088971822,2204.3308990011765
2025-02-06 01:15:00,1549.7650203876892,1560.695757435653,1550.5793875033664,1557.9392861742024,3142.0857876970163
2025-02-06 01:30:00,1571.5918487588108,1575.2904346448968,1565.5568384223475,1568.9354197270204,4729.582152843327
2025-02-06 01:45:00,1571.0405128618117,1577.8676917015455,1565.567843363006,1575.080485685794,5372.263620850049
2025-02-06 02:00:00,1538.1717143564615,1547.2867391538252,1533.774134289706,1544.513462495214,7985.482117493992
2025-02-06 02:15:00,1545.5577042742577,1547.9133960082665,1538.3450798270346,1539.8088583971776,3311.187769438297
2025-02-06 02:30:00,1559.1215803134598,1556.7804568499155,1549.784102050648,1553.2201892385708,1170.2097919308555
2025-02-06 02:45:00,1544.0753255722889,1551.269184708908,1538.8434082326148,1545.667945881388,3124.6922516496284
2025-02-06 03:00:00,1568.7629493729758,1580.6924878286384,1565.7594650188298,1576.1882071214245,7556.34178473383
2025-02-06 03:15:00,1561.3414640524777,1567.5352894650175,1555.9846596361706,1558.7664718839885,838.5763528744353
2025-02-06 03:30:00,1554.0850594147275,1559.212251900169,1550.2391249566576,1553.5269891869768,7378.2637022983035
2025-02-06 03:45:00,1588.0227810009915,1592.0685797971767,1579.5476150487145,1583.9044784812286,7069.376410490313
2025-02-06 04:00:00,1582.4347290202668,1591.8371844910123,1582.951074339157,1592.1136017610659,5444.475155848241
2025-02-06 04:15:00,1585.1249744650834,1590.3455946136482,1581.7082370480973,1586.0008113107574,5690.404474482341
2025-02-06 04:30:00,1601.304861051137,1602.7655756092768,1593.1143860477719,1600.3425287722778,4232.795235662645
2025-02-06 04:45:00,1576.6454413098795,1584.8748425393073,1572.322872038934,1580.4286856875976,3693.046929770511
2025-02-06 05:00:00,1588.399035096613,1594.2828243961294,1586.2734813357713,1587.842362066138,2995.560747779115
2025-02-06 05:15:00,1594.0138030955436,1594.8556476992385,1586.1057895775132,1589.7283273024925,2406.28857472144
2025-02-06 05:30:00,1605.0460893825484,1609.2242311145765,1600.0921311388806,1609.4045456814238,5624.051486185392
2025-02-06 05:45:00,1585.3566444040378,1590.7452267506037,1583.6622621573365,1589.7846019342935,6844.9589507652745
2025-02-06 06:00:00,1580.5007992267624,1590.2436485845583,1577.1416536146096,1583.6090338514232,6339.214368092872
2025-02-06 06:15:00,1587.299428056917,1586.7834486034749,1578.2856885044773,1578.3098610731693,3823.0473642163106
2025-02-06 06:30:00,1597.5133543310121,1602.8640421693435,1594.1564963034318,1600.633557310718,4155.412350999063
2025-02-06 06:45:00,1595.8959004318274,1603.3815038865673,1595.5047067297428,1595.7967888708808,8795.549385385533
2025-02-06 07:00:00,1622.464050860332,1625.160540823708,1616.1981900263374,1621.16618808274,5537.317250329881
2025-02-06 07:15:00,1615.8095228250334,1624.5000424773027,1609.9339330587468,1619.894966217342,9967.162223907786
2025-02-06 07:30:00,1605.0588332370082,1612.273287089074,1598.8793888296798,1606.6246691352317,5552.75915885015
2025-02-06 07:45:00,1617.7131872286504,1626.6370434897876,1613.8813858165718,1617.0441816999187,4411.313647710315
2025-02-06 08:00:00,1589.1288292117533,1587.9622023797688,1583.8490244639606,1586.5353551820456,9194.959183035508
2025-02-06 08:15:00,1565.422766352369,1568.1803686381952,1562.0178472407604,1568.487686970373,3907.7977096961076
2025-02-06 08:30:00,1564.2524005104726,1563.8717373280185,1552.9216720670113,1562.0272404022485,7508.535699256507
2025-02-06 08:45:00,1559.526280235589,1562.6928666798783,1556.856818065374,1561.0730842242692,7876.377213287543
2025-02-06 09:00:00,1556.607845616978,1561.275410918918,1550.073195241267,1555.3082976918042,474.98466074529296
2025-02-06 09:15:00,1565.2603642031877,1568.055823349495,1554.4457859402225,1564.6511883494627,8849.890647234644
2025-02-06 09:30:00,1551.4394639729333,1552.7906497847064,1545.4321550438603,1551.2764281239477,2890.052299167377
2025-02-06 09:45:00,1544.3492204132638,1549.3591554844338,1538.996570863351,1541.8804542726948,3729.100241293405
2025-02-06 10:00:00,1540.4969021255856,1542.8896431956068,1536.5498334674026,1541.2289031939185,8548.410567940407
2025-02-06 10:15:00,1510.8703382602587,1517.6542532418964,1507.7392630769334,1511.5078801967702,2962.4073323682182
2025-02-06 10:30:00,1530.5352596557045,1536.7668885472665,1525.349560538609,1528.2122368694293,1466.5693309386897
2025-02-06 10:45:00,1540.3482951718656,1546.4340213113176,1534.8791407708668,1537.6375139032666,2966.2785700144127
2025-02-06 11:00:00,1559.9075292855468,1560.5769753048794,1553.7847687562382,1560.4537294200666,1323.766268044646
2025-02-06 11:15:00,1553.383588836295,1556.4224900498311,1545.0046910140697,1557.1556153386157,8297.995412431332
2025-02-06 11:30:00,1529.1524231006433,1537.6310969472927,1523.0016368842935,1527.944749425719,6547.514432320575
2025-02-06 11:45:00,1549.8000951535337,1557.8821974652035,1546.4706687765843,1558.376599147053,6415.3625213806745
2025-02-06 12:00:00,1565.4092056122925,1565.066800936799,1559.4514691983395,1560.595197995003,3579.5717823456366
2025-02-06 12:15:00,1550.0777247791198,1556.1185341785426,1545.1176530911603,1546.283289630642,150.69172797583798
2025-02-06 12:30:00,1548.7294485944367,1548.1963194668867,1542.7149085654758,1549.92101776461,7857.326262680799
2025-02-06 12:45:00,1523.0827189019437,1530.9032386733627,1521.6682108975094,1532.0821837626656,8867.70460241896
2025-02-06 13:00:00,1514.1609458440246,1513.5731402372785,1506.4438269364705,1513.0739086644821,5286.580206916053
2025-02-06 13:15:00,1493.955996186558,1496.1160679474222,1485.5989548317862,1494.4806510332592,9931.838199981154
2025-02-06 13:30:00,1473.2898544245038,1479.9007341648532,1466.4887297598766,1471.6816796875817,8275.878757676284
2025-02-06 13:45:00,1464.1995877280735,1466.4043746850534,1451.7613268909645,1462.527339249618,2694.5793972270976
2025-02-06 14:00:00,1463.5860063050354,1473.7800248587969,1461.7703353069105,1471.3802358049056,8410.438427012374
2025-02-06 14:15:00,1467.0281153462604,1478.0317789875685,1464.307784260541,1465.8043368553258,3444.8175716888277
2025-02-06 14:30:00,1430.4581146634525,1439.9950659721849,1427.283471010191,1434.778381515176,3634.9290637473164
2025-02-06 14:45:00,1399.2636430444272,1396.4373257309992,1391.9352567272606,1398.588552634418,936.1393172643882
2025-02-06 15:00:00,1390.2669549806126,1400.7632556996532,1389.4449879416798,1392.1467785465882,2098.6325906978645
2025-02-06 15:15:00,1405.4770093729744,1408.4748142856456,1399.2759066077203,1406.4888569096486,5385.24770966282
2025-02-06 15:30:00,1402.4722089769489,1407.5505669369238,1398.8462017224574,1402.2112025243864,1256.6093218337128
2025-02-06 15:45:00,1415.643778203923,1413.9212478508575,1404.1709608200695,1411.582202941868,8837.339324004375
2025-02-06 16:00:00,1406.091567889861,1408.18621649091,1393.1110341655844,1400.95941007243,4887.393034424041
2025-02-06 16:15:00,1429.7765088220158,1435.5912563180923,1428.5063939216914,1433.0874206724354,6032.779626557765
2025-02-06 16:30:00,1447.4446757120147,1446.8533554486767,1436.9412580726344,1444.0162941955316,1649.9646985630895
2025-02-06 16:45:00,1451.9376853347005,1460.1828272474932,1448.2809921657545,1457.5767406084585,6689.379760510855
2025-02-06 17:00:00,1450.0607165997394,1455.8362468787261,1448.4297504808903,1451.6804088009605,6430.18799399593
2025-02-06 17:15:00,1451.1187552286901,1462.7577752609764,1451.6915060043016,1453.5679395112925,5212.773349523394
2025-02-06 17:30:00,1467.744014806663,1474.922631641647,1465.0158307610045,1476.1019691579174,4433.628469242992
2025-02-06 17:45:00,1474.4364595620098,1480.1575671416645,1468.091621098697,1468.913951859226,4886.92255642914
2025-02-06 18:00:00,1469.452519545046,1475.104941920803,1467.7322557688897,1471.7521122362205,1524.0254556126922
2025-02-06 18:15:00,1474.2230447634304,1484.526454305016,1474.597561519426,1476.039185721687,2506.6069736108084
2025-02-06 18:30:00,1503.1126689408843,1507.4013847570066,1498.6859882890035,1506.9353142124905,920.2925985237888
2025-02-06 18:45:00,1507.493086147506,1509.8329144792867,1501.8807924492414,1502.1706363240294,5287.626621522079
2025-02-06 19:00:00,1492.238501322042,1491.2184740987802,1482.6171773939666,1485.015225690652,2143.561247349895
2025-02-06 19:15:00,1479.7763502954465,1488.245814512467,1475.4487458905705,1477.860240545257,4587.588144797661
2025-02-06 19:30:00,1490.8677851162427,1496.4460022897351,1490.1186102698662,1496.8289940430473,1225.3833648320199
2025-02-06 19:45:00,1486.4422039328526,1491.7548333393772,1478.7038737124217,1482.3688843922969,594.575929812273
2025-02-06 20:00:00,1482.5013982435848,1490.735429725386,1479.2444473888427,1479.8300157670608,1233.967111450584
2025-02-06 20:15:00,1446.5436951015886,1450.9487854345211,1442.894499179522,1447.814837937025,8155.995974586999
2025-02-06 20:30:00,1404.294956546621,1416.2581809872145,1403.4273303339296,1411.7773057330755,7352.843606384063
2025-02-06 20:45:00,1387.4588905015498,1391.893030875937,1383.7935700710339,1383.9107383193066,4026.58161252225
2025-02-06 21:00:00,1409.7883526394714,1415.4359688171671,1400.1037377173595,1412.2871554742774,7731.625045077895
2025-02-06 21:15:00,1412.3797664924257,1414.3357676279768,1403.2456599384022,1405.8592452367836,7126.342917416692
2025-02-06 21:30:00,1404.0606145119182,1407.190103955997,1395.073397960701,1399.9171270249958,7668.519244766277
2025-02-06 21:45:00,1413.7544540287938,1415.3625376728598,1403.2937349842239,1411.1875011834622,4290.91982208771
2025-02-06 22:00:00,1398.51721033774,1399.9190102190205,1388.068956180477,1395.8368402824535,6274.553560052479
2025-02-06 22:15:00,1380.2189202342568,1387.5584209108988,1378.7754160642135,1381.6627595604873,5915.8678596194095
2025-02-06 22:30:00,1403.7273134424506,1404.0938197700132,1392.5624925901661,1400.3203342136758,9059.220567758006
2025-02-06 22:45:00,1414.843613908278,1417.4476856006659,1405.483749195464,1412.4203436262032,6887.076678140919
2025-02-06 23:00:00,1401.7542232092605,1409.4793367267882,1401.6162311894068,1407.2192185000165,1655.3804183936932
2025-02-06 23:15:00,1415.6498298700876,1425.4114777757677,1414.285108340535,1417.6431887998287,1516.7121090274181
2025-02-06 23:30:00,1415.6198283923734,1422.6097564741178,1410.7134495494308,1421.1221047587371,8748.295217752086
2025-02-06 23:45:00,1423.9802151814633,1428.0500008855824,1418.1484364682678,1418.896399922831,4812.318955513641
2025-02-07 00:00:00,1400.3275808150138,1405.760291344652,1395.4304498591548,1404.5656355475785,6462.877304785108
2025-02-07 00:15:00,1396.2062689210125,1405.8361304722064,1396.3711246910943,1395.7916429142,1962.2395395259057
2025-02-07 00:30:00,1425.0994379751771,1429.8075242419925,1416.9632039270239,1418.488898682966,2768.9376545083087
2025-02-07 00:45:00,1414.7157600685757,1413.0432624883936,1404.2613417521286,1408.84741844287,3725.219624976371
2025-02-07 01:00:00,1436.1589524498986,1440.4043835172304,1434.697525087321,1440.7844257419708,8906.010622323012
2025-02-07 01:15:00,1453.2522103352032,1459.366156167821,1450.77206208529,1457.0949155493013,8629.642008430403
2025-02-07 01:30:00,1485.156810367291,1492.0247871956215,1481.4885924872822,1480.5812123908045,3320.9079025360243
2025-02-07 01:45:00,1473.1329416692404,1481.2111346711883,1471.666819679223,1473.6709015407107,7925.787776431534
2025-02-07 02:00:00,1463.3771923157376,1473.7641605251822,1463.9638251620597,1470.2293391337248,9690.773336028713
2025-02-07 02:15:00,1459.2017580099955,1462.9864314955691,1453.5666485377158,1457.3476182932798,6286.491993841251
2025-02-07 02:30:00,1437.3637950851314,1441.764180071392,1433.697811481249,1442.582916100504,8082.381876945118
2025-02-07 02:45:00,1436.791186794765,1443.6284558624545,1433.2266463568956,1434.5867894622993,5374.379438184568
2025-02-07 03:00:00,1447.9555282828107,1450.5985262293916,1439.1455045294965,1448.7827139392964,5995.270630065274
2025-02-07 03:15:00,1425.185883486781,1431.7562456070054,1420.6812830928395,1422.4820579319053,6429.593960796224
2025-02-07 03:30:00,1393.7949053969642,1401.418454006232,1391.9367524707964,1399.289359349656,3567.7760647458636
2025-02-07 03:45:00,1375.3344488635075,1384.8236757797126,1375.5681989301727,1377.4072138791971,5196.110645950722
2025-02-07 04:00:00,1386.1534971454562,1387.6598258771899,1379.0301163109718,1381.3121023033032,3671.334757794288
2025-02-07 04:15:00,1407.6808506708796,1412.6392750266755,1405.162096212554,1406.9961417449786,3576.890944509865
2025-02-07 04:30:00,1416.1538193693143,1416.483721050986,1407.1508322491884,1412.2824447327575,4081.4843902532616
2025-02-07 04:45:00,1426.0386821357952,1431.2328389303075,1421.0226817405,1427.4810250191213,4469.687446907786
2025-02-07 05:00:00,1416.9278623952755,1423.8272887358262,1409.1581873415034,1412.6569719940342,1285.860746229291
2025-02-07 05:15:00,1428.8977089958698,1432.260159039412,1418.6753537334737,1427.5948349664309,500.0929785106191
2025-02-07 05:30:00,1418.8252126826935,1423.936720050178,1411.9063206551134,1419.969448452081,3256.773965964332
2025-02-07 05:45:00,1390.2211363851009,1400.1672813397504,1387.8830648952312,1389.7021975942412,1355.875424962282
2025-02-07 06:00:00,1389.0843642939647,1392.987734465922,1388.382346225749,1393.4280279415032,7042.653599665893
2025-02-07 06:15:00,1398.3093832730128,1400.3232590310495,1389.2646714123098,1398.5592155067634,7363.452807855479
2025-02-07 06:30:00,1389.0883858080529,1394.915677904557,1386.7431350376046,1394.5394322587106,6014.258297183525
2025-02-07 06:45:00,1378.0180766542755,1379.3916284258976,1369.8389214981053,1376.0160444289495,4982.2511163048675
2025-02-07 07:00:00,1382.5866812467088,1392.5505319874721,1383.783435092477,1391.2590590686464,8509.033010633248
2025-02-07 07:15:00,1405.5138618131123,1413.472500837945,1405.3876326482223,1412.8264985642836,9155.310811894735
2025-02-07 07:30:00,1401.8165812835457,1410.460948795739,1398.7274979115625,1401.8731974113489,4138.623605310924
2025-02-07 07:45:00,1396.795000671083,1405.1421595984293,1398.5292589745168,1397.0089229290795,627.3169953322171
2025-02-07 08:00:00,1392.2043797707734,1399.265812616092,1384.8468013097008,1390.595244862069,9980.355896658288
2025-02-07 08:15:00,1379.1787293390396,1384.7528373486614,1373.3705995676187,1374.1748932859118,7495.087673372357
2025-02-07 08:30:00,1379.370984528571,1380.6196993452231,1372.0855715501084,1377.5015177332407,3393.2499693293935
2025-02-07 08:45:00,1382.5034462139647,1385.053961781226,1372.0616447040504,1379.0741571950384,7522.69024310067
2025-02-07 09:00:00,1356.6959253847442,1366.0208930112176,1353.6205021585665,1362.3373351385037,1389.7372282690474
2025-02-07 09:15:00,1371.8775427788107,1376.3237511236402,1363.4498087379577,1368.43574186475,9364.691896229098
2025-02-07 09:30:00,1352.075051715358,1356.0096714146512,1343.9917189893742,1350.638677839381,5175.018839115558
2025-02-07 09:45:00,1342.9423408901323,1349.4031957427183,1340.028851796006,1341.4268778923001,1472.2175832872815
2025-02-07 10:00:00,1347.3183596736103,1351.490636683224,1344.2004997802721,1350.159443241031,7934.865695722495
2025-02-07 10:15:00,1328.5665375985561,1339.3795810250642,1326.3097491033127,1330.886649426748,6715.375524494633
2025-02-07 10:30:00,1330.5617211188865,1342.0470784233894,1327.698277390788,1337.901065301761,4040.833419068814
2025-02-07 10:45:00,1325.71819899819,1330.4205408291543,1318.1182118327415,1321.6503425044896,8203.857645753735
2025-02-07 11:00:00,1337.562248107715,1347.1625663592329,1335.8490265833918,1340.1923873396477,4576.774986112506
2025-02-07 11:15:00,1333.2173927557901,1334.4976576701445,1324.8996082751896,1333.058748670878,4354.308299654176
2025-02-07 11:30:00,1333.9915754335661,1338.9071012882223,1327.1680839560042,1329.9497721364005,7174.762369513191
2025-02-07 11:45:00,1347.6863758533832,1356.6465692635657,1346.2514067284749,1351.5772294894962,2943.5609983458294
2025-02-07 12:00:00,1348.4555252408843,1349.2445431813037,1341.8718584127305,1342.5907039084934,4807.480370517283
2025-02-07 12:15:00,1365.770691661415,1370.6149203576206,1363.2702995811317,1372.6213275896632,3955.2197575324476
2025-02-07 12:30:00,1364.9513432039078,1366.2236290490807,1354.047650756049,1360.7814421944313,8495.098339568854
2025-02-07 12:45:00,1387.874126595603,1393.3216908772372,1382.1965303682123,1389.2908583914343,2584.7231790831697
2025-02-07 13:00:00,1390.1412897976395,1396.7228830157571,1382.493054244159,1391.4955475228523,7730.393921871369
2025-02-07 13:15:00,1393.116338542117,1399.4802797020911,1389.7037879466147,1398.5580364255711,7843.345052492543
2025-02-07 13:30:00,1388.9595738626956,1395.876391943509,1384.2323701592798,1390.480110636886,1654.990397062564
2025-02-07 13:45:00,1404.8779497084467,1407.29231585036,1394.989833863624,1403.5652011417396,2364.908042980322
2025-02-07 14:00:00,1393.9904533219164,1402.5047565519305,1391.721959524881,1399.9975973895037,8129.743230338441
2025-02-07 14:15:00,1388.642366168111,1387.0617863792986,1381.8977044903188,1383.2949634820657,7779.161789301086
2025-02-07 14:30:00,1361.7062141124982,1368.9118460284624,1360.973272671523,1364.0818814641916,9263.06283603737
2025-02-07 14:45:00,1360.168831691455,1365.359227517088,1354.3235594954792,1362.6052296220555,7539.158856370456
2025-02-07 15:00:00,1338.492557464137,1338.1210392441274,1330.781972587687,1335.270715751414,1957.0395143473381
2025-02-07 15:15:00,1311.159575176417,1309.3425520848893,1300.953360475853,1306.636219812422,793.9929459050322
2025-02-07 15:30:00,1297.4900257880329,1301.9049586327885,1293.1769388564492,1293.857322005302,1622.5304484526566
2025-02-07 15:45:00,1306.9156823779774,1317.9233919027572,1306.906556390373,1311.1626218064644,2956.5160182229833
2025-02-07 16:00:00,1318.2615010437357,1320.4479029677866,1309.0890990263283,1315.6998146469136,1634.3938151236534
2025-02-07 16:15:00,1291.583462256517,1299.7881682814063,1288.4201098856518,1299.504743931473,3570.3392481941983
2025-02-07 16:30:00,1298.7130479533591,1304.0158237037965,1294.8270609984472,1302.4594221324096,6646.735447406817
2025-02-07 16:45:00,1290.242062185512,1296.2144538267084,1290.0249171182456,1289.7833116703093,4657.261909661734
2025-02-07 17:00:00,1323.871475352701,1327.6424656287534,1317.1651268004593,1320.1315218722161,887.4662369769959
2025-02-07 17:15:00,1321.2863428329676,1322.8193596333026,1314.7337592048905,1315.7372647480884,1161.9717298838143
2025-02-07 17:30:00,1323.0365107284993,1327.7887298103872,1314.1461222621638,1316.062668690288,5664.240357574329
2025-02-07 17:45:00,1325.458896223527,1333.2513116077132,1319.9291404063947,1326.9640038132954,1665.4760693455653
2025-02-07 18:00:00,1325.999035344007,1335.4726556343996,1322.4899397485228,1327.092650131969,5647.212286565858
2025-02-07 18:15:00,1326.8412528743604,1335.9809354008698,1323.1979176545406,1328.9364909564688,3279.533152617392
2025-02-07 18:30:00,1323.9509212282078,1330.1273738608295,1321.524533723663,1323.6132581462946,9118.517297724782
2025-02-07 18:45:00,1342.4585544152953,1342.4133232530482,1332.446054935134,1340.6909318307428,7629.076226600073
2025-02-07 19:00:00,1314.498521252909,1325.3977032288994,1311.4379629913253,1318.0307833954876,1139.5184604529488
2025-02-07 19:15:00,1334.9150383602278,1338.9762662353462,1327.5497149719165,1328.038486844869,3331.618931637437
2025-02-07 19:30:00,1316.9345498695504,1319.0028090978858,1307.0220019625297,1308.6380371852233,3073.4884696179893
2025-02-07 19:45:00,1318.8704397599042,1330.1645361948872,1318.372919792912,1324.5399664302524,5729.122484183797
2025-02-07 20:00:00,1321.4538928029876,1328.4555725729886,1320.4479304125864,1323.7099290660713,7229.553459666992
2025-02-07 20:15:00,1334.6161530016052,1337.3585788562598,1328.306038279752,1328.3430529903515,5048.932877874406
2025-02-07 20:30:00,1332.862387076875,1341.3647561236635,1331.6340248225247,1331.816451506428,2351.7169038839834
2025-02-07 20:45:00,1322.769044536436,1326.9390238589224,1316.909883754146,1317.311459242691,4198.759187435408
2025-02-07 21:00:00,1317.8179066997786,1324.2215711845708,1314.750516391359,1321.3878975576217,9888.187497162126
2025-02-07 21:15:00,1331.8539970707766,1330.6104173686579,1324.2809373562916,1332.7786948630007,1234.9000910588068
2025-02-07 21:30:00,1333.5350426199632,1337.0896209847435,1330.4643831285414,1336.7999307925143,4831.017163214085
2025-02-07 21:45:00,1330.879769253366,1332.1618208780274,1321.8709211616717,1325.5004475719136,1993.055066331278
2025-02-07 22:00:00,1351.328056425721,1351.071623497213,1344.0747817965675,1349.1125683832497,7743.046837154684
2025-02-07 22:15:00,1361.2897313497417,1362.3170777175026,1354.1358507449925,1355.6457367978253,9991.039409252366
2025-02-07 22:30:00,1380.4100457142863,1389.7062034086307,1378.493356667421,1380.4037715127417,5637.551375546047
2025-02-07 22:45:00,1366.8430545466672,1370.4534538374255,1360.6288560990645,1361.256229173923,5187.915794266058
2025-02-07 23:00:00,1369.8719348997395,1370.2689345039519,1364.0037148471522,1369.304503957834,8489.427674314045
2025-02-07 23:15:00,1362.658811606777,1365.6217674502395,1352.622909190101,1357.9541136001915,4219.2814890390455
2025-02-07 23:30:00,1393.5933175635857,1398.7712103664423,1392.0876231853251,1394.4890460222155,3099.4315392383787
2025-02-07 23:45:00,1400.1944096294048,1409.8830131794716,1395.9171750840699,1399.2795067800078,5405.122935071631
2025-02-08 00:00:00,1400.3798411490739,1408.5034189596015,1402.0875583411803,1407.3929852117976,4678.01320678918
2025-02-08 00:15:00,1409.1931163001195,1415.4041912914975,1403.854679778688,1405.037071962342,6816.638005604703
2025-02-08 00:30:00,1411.9427437253958,1417.0045199605377,1408.4085106445825,1409.4156116415484,2413.5424241488313
2025-02-08 00:45:00,1370.1270053938345,1378.199769793972,1368.1617905273163,1375.2038144649991,5314.753160569181
2025-02-08 01:00:00,1367.1731240603203,1378.8568364039606,1368.3060888824418,1368.6208825286262,7857.865802479068
2025-02-08 01:15:00,1413.2770554022693,1411.441488962452,1406.3488870260014,1407.8641942229503,2510.000149443145
2025-02-08 01:30:00,1433.0402942718,1439.9355768620312,1431.771510618714,1439.2176255739494,977.8366481775965
2025-02-08 01:45:00,1460.1479468346254,1460.6443631438144,1455.013698876798,1459.3727868464841,4257.733505157494
2025-02-08 02:00:00,1428.4264792958238,1433.606856989957,1423.055171801773,1431.6013227778744,1557.8013704258758
2025-02-08 02:15:00,1441.6868804464134,1446.1847686035444,1432.8108171559272,1444.0469621433085,861.7496233802743
2025-02-08 02:30:00,1443.6409915368406,1449.9427804769175,1435.0816782080897,1442.5442205570787,6754.6859570917395
2025-02-08 02:45:00,1412.2872512570168,1413.9264171194702,1405.5343098433789,1410.8175500152474,6897.30672308057
2025-02-08 03:00:00,1412.3281574071361,1417.771637042063,1412.1425566919168,1418.031058166209,5229.302637788242
2025-02-08 03:15:00,1429.6965468625438,1427.9655475884442,1420.6130192461624,1421.4733588029117,3892.9999391470956
2025-02-08 03:30:00,1419.6038276582321,1429.3076381712458,1418.4866585078398,1426.7036560981765,4102.074068188592
2025-02-08 03:45:00,1417.2687602585825,1422.6373600526933,1409.5151780936726,1419.923537794452,1379.8831595517142
2025-02-08 04:00:00,1455.4916020697349,1458.3262976310766,1452.4756535219212,1454.6419128018092,1791.5597557770525
2025-02-08 04:15:00,1451.9608449799148,1460.4109391481534,1449.996541731313,1459.2584852517928,1462.4411776742404
2025-02-08 04:30:00,1438.8208251256212,1441.7055165253826,1433.9763915254482,1443.2886259466134,7644.524370336998
2025-02-08 04:45:00,1447.9284976842541,1453.7830317640721,1443.4579395261637,1444.6449999574447,1017.2688236472729
2025-02-08 05:00:00,1443.6747268875506,1451.1128683112138,1439.3421701930047,1446.1069867279946,9336.298452493393
2025-02-08 05:15:00,1424.1715377544526,1432.8479996542953,1421.6833323240298,1431.2019426094878,2189.380951417509
2025-02-08 05:30:00,1441.4841444091098,1439.1762012702584,1430.7581563943584,1432.684277152079,5363.431913831458
2025-02-08 05:45:00,1396.310548189492,1401.7402313651992,1389.6230807244851,1396.9149491387302,8909.62233163963
2025-02-08 06:00:00,1414.8944665957163,1421.082621432816,1406.422683513006,1410.108191192146,4154.0530203608205
2025-02-08 06:15:00,1434.659138793191,1436.8036357445728,1429.090777333939,1429.4578768437113,4043.7251460934085
2025-02-08 06:30:00,1442.8410724452397,1441.2869426991333,1432.0510028389654,1436.5466322845446,6036.45429841676
2025-02-08 06:45:00,1427.4048471207693,1433.4926227804467,1428.9447712630176,1430.278030985141,4189.064108848845
2025-02-08 07:00:00,1418.1758776936151,1425.2513380996836,1420.1246135157705,1420.26043811604,4105.426521638479
2025-02-08 07:15:00,1418.2472321561781,1427.566385413186,1416.6472210251416,1421.1535451669426,9360.23631636438
2025-02-08 07:30:00,1416.3356297276046,1420.8169491790325,1408.275585855816,1414.5000934450309,9048.968634615298
2025-02-08 07:45:00,1416.4116681601288,1423.563026204478,1413.6645934250257,1412.8574458203427,9118.005778447323
2025-02-08 08:00:00,1426.642849712336,1427.522627953129,1416.8826006445695,1421.6447287163635,4387.119373622456
2025-02-08 08:15:00,1436.9845517133017,1447.338783793894,1438.9698902446628,1439.8493754337117,8121.238279928838
2025-02-08 08:30:00,1455.8544128070644,1462.7184992620967,1452.3809627077608,1458.6845281986348,7540.07942974722
2025-02-08 08:45:00,1442.487649299749,1445.7113760417078,1437.082579533811,1443.8434377728859,319.6821249576976
2025-02-08 09:00:00,1413.699611510851,1422.6224838696917,1407.7524605717133,1415.0525733881143,4768.568764129499
2025-02-08 09:15:00,1410.990646773297,1412.5458109350716,1404.5554520979642,1404.4348753613924,1111.6944380491345
2025-02-08 09:30:00,1415.562733193418,1414.8121057987335,1403.894612112996,1410.9959352876722,9823.797925147708
2025-02-08 09:45:00,1430.2580458125517,1436.6661450982851,1424.813193946499,1432.6110896048322,5729.610352386674
2025-02-08 10:00:00,1422.0267072883341,1430.0598283305083,1416.981418173711,1423.12203686315,8844.899369964225
2025-02-08 10:15:00,1442.4669402140792,1443.6095284126238,1434.662807726634,1438.1209586426096,4840.015365227094
2025-02-08 10:30:00,1457.9840830333633,1459.1951475324493,1452.7054110950887,1454.9361688838483,4101.9971966512385
2025-02-08 10:45:00,1432.6848498475922,1440.2959254846185,1426.7456836265028,1435.5024243531873,4924.106978711356
2025-02-08 11:00:00,1439.407944545743,1445.3862718786256,1433.9029603845604,1440.2955965996798,6738.961832478652
2025-02-08 11:15:00,1404.1558416870835,1413.0998796868184,1402.198512771511,1411.0867949593753,5407.839335023646
2025-02-08 11:30:00,1406.215446381177,1408.1627485169363,1395.8259691092196,1403.078207876837,9440.680458037334
2025-02-08 11:45:00,1412.4907772405127,1414.670058008724,1406.6546971979176,1411.2633935211259,3184.3004579356943
2025-02-08 12:00:00,1427.0256544747872,1430.1414383998936,1419.7865273248387,1426.8107328752367,1269.7085955038733
2025-02-08 12:15:00,1424.1355306178943,1429.9222763435623,1419.4306497252835,1427.2043140083645,9978.91646335934
2025-02-08 12:30:00,1423.223969819439,1434.759970001778,1424.8271124864516,1427.5852676256134,8625.897843365969
2025-02-08 12:45:00,1411.075292447689,1420.8091217857325,1411.562923244852,1417.1326747998773,8956.115814896542
2025-02-08 13:00:00,1391.1960891991557,1396.6648406135346,1388.7623584077369,1388.882668900807,2320.8866304905564
2025-02-08 13:15:00,1405.6411977156095,1414.8350705720743,1404.2246670771544,1404.8750439210182,808.0329770660602
2025-02-08 13:30:00,1421.6642648667714,1428.4759418083215,1419.9271596463525,1421.0650958041708,5024.167732765856
2025-02-08 13:45:00,1420.6274029409647,1427.9336082083257,1419.9222847220842,1427.0428203763515,9124.747935149035
2025-02-08 14:00:00,1429.954506808257,1430.7688666645029,1418.4522843984996,1422.5237316151242,2238.461339888305
2025-02-08 14:15:00,1423.38670229419,1422.4362122736193,1413.755934700128,1417.782576038675,9600.681609475772
2025-02-08 14:30:00,1427.7655375725792,1428.7298764712937,1416.005376468807,1421.5241274327518,5424.537097023782
2025-02-08 14:45:00,1413.9353498941493,1424.408808104396,1410.6276086048665,1420.0495497487364,7438.286766421018
2025-02-08 15:00:00,1428.76120861908,1435.4308290280742,1425.2630637662041,1428.7705674527658,1813.8867906939502
2025-02-08 15:15:00,1396.6026823389689,1402.8945794737408,1393.1872403489542,1397.2430480151747,9901.893807826786
2025-02-08 15:30:00,1382.6188081437201,1389.9294453115613,1382.5684251039756,1380.2702695230191,3297.9547851199995
2025-02-08 15:45:00,1366.7657283484054,1371.2717804950262,1358.8492273523639,1359.9266345202113,7329.081566991703
2025-02-08 16:00:00,1371.0301611015896,1372.0671315668487,1362.9442756110216,1366.6628276605438,2259.8805737315993
2025-02-08 16:15:00,1351.9774361869556,1361.3655609722239,1350.391806596829,1350.8394630050202,2703.977079184935
2025-02-08 16:30:00,1320.1486657770397,1326.8337507231615,1316.4566897289792,1324.609089581004,1430.2095639889583
2025-02-08 16:45:00,1309.1360471377143,1317.7361322381325,1305.019428037947,1306.449023025189,8861.749955401641
2025-02-08 17:00:00,1325.7877544243686,1327.5344433026858,1316.733904648383,1318.803216477759,1270.211489052428
2025-02-08 17:15:00,1340.962626857912,1342.747781257529,1332.7741142504392,1338.9998607595323,8435.612929346671
2025-02-08 17:30:00,1372.373180951901,1376.6255027045272,1366.3602533345381,1367.9340154347672,4148.863777149098
2025-02-08 17:45:00,1366.1812139847289,1372.8917688142878,1362.0043984896517,1363.6353704089697,1583.2337212923394
2025-02-08 18:00:00,1394.6910629301494,1394.394174399228,1386.743636483633,1393.6321967473036,4697.431599994653
2025-02-08 18:15:00,1390.8672234971768,1391.7227039759705,1381.174479624118,1387.8237168763803,2422.5914334686945
2025-02-08 18:30:00,1406.149224980928,1409.9052314140781,1399.2662724354248,1404.040438451119,5852.3789657473535
2025-02-08 18:45:00,1432.0813233424537,1432.69979352309,1423.7332680289342,1427.8941770738115,4795.877270245164
2025-02-08 19:00:00,1438.9078308824255,1448.9044830728853,1434.4056386045852,1440.6355148932857,2808.115941232875
2025-02-08 19:15:00,1481.818024776411,1485.2176918244213,1477.8493582485487,1481.9780314520294,3344.9966723507528
2025-02-08 19:30:00,1463.2320199980486,1463.4435934880255,1458.3071879845577,1465.1803067029234,5516.249468825054
2025-02-08 19:45:00,1452.2557583833598,1460.0182675839587,1452.6140804905565,1456.1080083182258,5320.467248399656
2025-02-08 20:00:00,1444.5879055142818,1455.1719978250512,1444.5517464586687,1451.3903635969677,3299.2513407338397
2025-02-08 20:15:00,1438.2150224725979,1447.2218392232019,1434.915194980382,1446.3199350157695,7097.770186444874
2025-02-08 20:30:00,1458.6000557775533,1467.3976593740108,1458.3576288916993,1462.1273804923812,8124.175098440991
2025-02-08 20:45:00,1471.4430605506113,1479.332512120293,1466.6849510271034,1469.539340584893,9621.572902708172
2025-02-08 21:00:00,1458.6893910470171,1461.850530229908,1451.7398034684275,1458.1413984378487,4976.323675415818
2025-02-08 21:15:00,1449.551193886051,1450.8199541639715,1442.2466680731673,1442.7362239118397,6672.9132125517
2025-02-08 21:30:00,1433.5650645447547,1441.267084002513,1426.9118015892095,1438.3441697625003,7091.919765914105
2025-02-08 21:45:00,1430.7931629808745,1434.6244868995852,1424.835555531534,1425.9908302252197,8162.267363417654
2025-02-08 22:00:00,1426.7256212327752,1433.3708859772046,1422.3378152689322,1429.3707897270926,2505.156847991795
2025-02-08 22:15:00,1392.7468111534804,1400.0473121757695,1391.3077187664885,1396.5846899106211,5426.552847424996
2025-02-08 22:30:00,1377.8565138768581,1386.7502644546803,1376.83453698643,1384.7591109196915,5778.3599090009575
2025-02-08 22:45:00,1371.2571695806919,1379.7070747519656,1371.5955096908936,1370.795730344856,8369.030614672656
2025-02-08 23:00:00,1371.9192162228874,1373.3829799582381,1362.8741595585518,1366.0411171635,7454.5865205424925
2025-02-08 23:15:00,1358.9980668730595,1365.3115871326177,1354.6681974042078,1355.0279106410349,6977.565721185345
2025-02-08 23:30:00,1354.670389544943,1357.1536593529036,1348.5020495402664,1356.1511636523392,3924.251051888663
2025-02-08 23:45:00,1363.060501987792,1369.0764537105288,1361.8578546285717,1366.265953826436,6335.027460266276
2025-02-09 00:00:00,1362.3362008088352,1364.0313319583215,1354.9131472895433,1364.941225173218,570.0776004473096
2025-02-09 00:15:00,1348.8040997497046,1348.1295367696678,1341.949393029616,1345.9111066770724,239.46300921941042
2025-02-09 00:30:00,1360.592317509344,1367.023098133743,1356.7554001378192,1359.876243733863,6716.34327831005
2025-02-09 00:45:00,1361.939610649291,1366.1630481973293,1359.181237724516,1358.057958198612,4669.23092274547
2025-02-09 01:00:00,1401.2712722827723,1402.0908344357852,1392.4188431750338,1393.6127469207288,5592.837375318944
2025-02-09 01:15:00,1382.168449441804,1389.3225514406515,1379.0982536117567,1387.5919277083078,2051.8512920515727
2025-02-09 01:30:00,1388.6965671332957,1391.851065369599,1380.9883930404233,1385.5569988925379,5249.361593920712
2025-02-09 01:45:00,1360.3243050322017,1371.1497984395212,1361.99319233894,1367.072914481888,9621.562631674975
2025-02-09 02:00:00,1352.8082560590606,1363.5362499844352,1347.84524222278,1352.839720507534,4419.140710785819
2025-02-09 02:15:00,1335.843177033822,1338.6401621690911,1325.204046119487,1328.6539224088456,8242.855796639378
2025-02-09 02:30:00,1296.1498560804762,1302.9363876777447,1292.7638581694268,1290.9850975770992,7639.058235588019
2025-02-09 02:45:00,1295.5758032575009,1294.7771411536849,1287.879419971755,1293.1485299953554,5418.0153148804975
2025-02-09 03:00:00,1300.2283529398414,1299.4659910522253,1293.8067524919472,1295.780342806863,3745.2928728624265
2025-02-09 03:15:00,1284.4074034122536,1294.9643373778279,1283.5856590147198,1290.8401450641948,3762.14108905507
2025-02-09 03:30:00,1295.2243729492075,1301.8377610654666,1288.6919147678202,1300.1499604807161,1836.110513468118
2025-02-09 03:45:00,1297.2998927676147,1301.0146953314752,1292.034131065453,1294.835386709846,6286.91528430883
2025-02-09 04:00:00,1297.7317573931687,1304.0601071322646,1293.838857837668,1297.0529696166727,8023.726705439361
2025-02-09 04:15:00,1301.8403315226637,1300.6710033917013,1290.7977087698653,1296.3414783029168,1539.9517409248222
2025-02-09 04:30:00,1317.7624040957462,1322.8870279582186,1313.9058381384782,1320.5473580592322,3706.679407980372
2025-02-09 04:45:00,1290.8140177723187,1301.289062246554,1289.6186421622874,1298.8806049512252,9956.823796651928
2025-02-09 05:00:00,1310.990353188631,1315.4965029037958,1305.9000744076711,1309.8911229275213,7866.641186024286
2025-02-09 05:15:00,1315.0500197722195,1323.7830052939598,1314.8816056491212,1315.8606954956747,8393.90754382218
2025-02-09 05:30:00,1333.8272781336507,1338.2047339719604,1327.9089365698685,1332.1757572447154,2258.097578833074
2025-02-09 05:45:00,1349.3964069298602,1352.2815245835957,1342.4268075935422,1348.6776729430949,993.5256712218301
2025-02-09 06:00:00,1344.8209991817807,1347.6176502201076,1337.2208013066627,1345.011025542157,1715.125441577738
2025-02-09 06:15:00,1348.0265257455096,1353.2336980849027,1343.3703132469204,1349.8899179166015,7815.23960790829
2025-02-09 06:30:00,1358.9505073067985,1364.746986787071,1353.2686145000332,1353.9219670285136,8920.946890279676
2025-02-09 06:45:00,1353.4694331247233,1355.6634626749658,1345.1119027218606,1352.6832572282387,2032.344204386551
2025-02-09 07:00:00,1367.2014137696144,1370.5604028552932,1356.6964143856399,1363.99065615344,5718.4457940139755
2025-02-09 07:15:00,1379.9532503904263,1382.1740357291924,1372.6521805071086,1379.8578048988015,143.17108692258148
2025-02-09 07:30:00,1388.9612607419126,1389.9875260133742,1382.5107518984446,1386.2254545665282,2130.3080733834395
2025-02-09 07:45:00,1379.409390193845,1387.1841055294772,1379.3565975234303,1381.87865964683,223.1760123341624
2025-02-09 08:00:00,1413.7070783243935,1425.4957232891086,1411.2212334376322,1416.3752839487827,2939.2871885122204
2025-02-09 08:15:00,1431.171551121872,1439.5543841898086,1426.2024511688016,1434.3343093808862,9971.199187427446
2025-02-09 08:30:00,1428.0698069170614,1437.2729734281152,1424.4274162469462,1427.5182210201601,9525.511591268909
2025-02-09 08:45:00,1423.354642460315,1426.6028300238274,1414.9310794337212,1416.8828087882566,1084.7762131204763
2025-02-09 09:00:00,1428.6279740198995,1435.870154425366,1425.2158796965223,1429.6276726776503,4514.059675885209
2025-02-09 09:15:00,1417.4767743047348,1422.7175632802494,1414.6384109647097,1417.2391433592877,7945.462798033613
2025-02-09 09:30:00,1416.5183090019946,1417.2048786447199,1406.3161491153953,1415.6170234585627,5457.034319459279
2025-02-09 09:45:00,1384.9527514954054,1397.1429142377772,1387.0071175263613,1385.6626319822076,7892.631766925912
2025-02-09 10:00:00,1391.0726780710795,1393.5434825874402,1379.8280946390255,1384.6134079740543,9913.605628177624
2025-02-09 10:15:00,1379.8342869839285,1388.2958709201616,1380.6748706258354,1380.5489365123578,5862.857277796957
2025-02-09 10:30:00,1392.5815898432884,1396.7306928689623,1387.5357369237463,1386.8234598729755,2666.7490880438063
2025-02-09 10:45:00,1400.2971321294688,1403.0642599899186,1390.83660993597,1399.987923214415,4140.755066154181
2025-02-09 11:00:00,1380.6833093569026,1385.290117098746,1373.0772347080351,1378.1692732548145,1344.3964340866341
2025-02-09 11:15:00,1357.5840086406597,1366.5381413249636,1355.6015186235825,1363.0016748321507,965.6239344021034
2025-02-09 11:30:00,1358.1289452802807,1366.6771508026995,1355.9256547738084,1362.4775748687205,8850.65587753405
2025-02-09 11:45:00,1359.0832710202096,1365.048039967808,1352.3188576471712,1357.1763478043172,7803.4856117150275
2025-02-09 12:00:00,1352.6808058854056,1350.6365731189676,1342.2870601441764,1352.3707323980443,3700.189345495085
2025-02-09 12:15:00,1354.1099619850308,1358.4055508291774,1347.96477509642,1357.3312190218303,4324.203118106318
2025-02-09 12:30:00,1367.6262581046246,1367.8333908971842,1357.1083448761926,1363.954289904922,8622.404918478713
2025-02-09 12:45:00,1356.0686382803192,1361.6406381095178,1356.0048800956642,1363.4657752327385,125.11059740896053
2025-02-09 13:00:00,1351.6195870486706,1360.1452683131959,1351.4272299285485,1351.4077550296336,5966.249285870225
2025-02-09 13:15:00,1320.9803581433976,1329.454353144477,1319.367921539444,1324.5191593090851,228.26598272132898
2025-02-09 13:30:00,1322.46946683508,1333.256614625543,1320.1416776691465,1329.6417732308037,1788.50701637448
2025-02-09 13:45:00,1340.0291778959693,1342.9723096029559,1334.5343886659844,1336.7619126954448,9033.380524231088
2025-02-09 14:00:00,1330.2415648654953,1339.3203487711396,1327.3337091023636,1339.2552792990093,9322.989849430733
2025-02-09 14:15:00,1333.2090712528845,1336.3223713155642,1325.6931753978977,1333.6205402435203,2018.838057760885
2025-02-09 14:30:00,1341.2447196349349,1345.0518988661756,1335.2003057664808,1334.8711373339177,8519.513390438726
2025-02-09 14:45:00,1351.0156564373267,1356.4253105442751,1346.3968303103045,1355.8118455775652,2283.418440016522
2025-02-09 15:00:00,1386.3683808395222,1390.4827422445799,1380.5804071280215,1388.7024071478752,3993.6015748572504
2025-02-09 15:15:00,1364.9564430013795,1373.513417851704,1359.4427737243923,1369.1109145067262,5312.4479645946485
2025-02-09 15:30:00,1374.3540813744287,1376.1216200001588,1368.3301774944005,1375.81276843292,3032.3741064762953
2025-02-09 15:45:00,1350.6749719140423,1354.5501678000737,1344.0548292518897,1345.137758440735,6952.201144779547
2025-02-09 16:00:00,1357.5091768338089,1365.2674286586387,1356.5536998850682,1358.5103002580845,5052.967403959789
2025-02-09 16:15:00,1363.613005733891,1372.7015127686354,1363.0322802874916,1365.0878052528642,9735.723451834734
2025-02-09 16:30:00,1361.998642944511,1366.6576621728273,1352.0045917172909,1361.3908833210212,3807.140235767852
2025-02-09 16:45:00,1339.7245903466244,1342.7065351137162,1331.2626483054553,1336.1310087137913,8784.982195699848
2025-02-09 17:00:00,1340.0520959407638,1347.9214309227366,1335.000204740641,1339.1594297980594,3104.5562839420163
2025-02-09 17:15:00,1332.2623538305436,1333.1369148361684,1325.6403890997003,1326.621352927297,5462.83505963216
2025-02-09 17:30:00,1320.1378053792207,1321.2068466668536,1312.9150229269778,1314.103451840874,9968.285180810999
2025-02-09 17:45:00,1323.9879098594238,1331.8302948706316,1322.772830424123,1324.8083383345802,6133.77855865012
2025-02-09 18:00:00,1327.6260391004857,1331.079995544569,1319.4417424910907,1327.3908556011938,8892.22682456321
2025-02-09 18:15:00,1309.3371732095218,1313.2492156559076,1300.598506945565,1305.8833009419282,7277.7892594699815
2025-02-09 18:30:00,1337.0174201801974,1344.5737158946517,1329.8976937943655,1340.323716212524,5534.820700490643
2025-02-09 18:45:00,1346.4221208866963,1346.3013088022678,1336.5500188294677,1338.4944768882995,6783.642697057036
2025-02-09 19:00:00,1341.6644744156904,1349.4194146083285,1336.0173123469433,1346.6771227702752,1001.5079455991875
2025-02-09 19:15:00,1357.4521852191576,1357.226287994209,1347.3298983143966,1357.210224929472,4020.5033364053656
2025-02-09 19:30:00,1347.0184987022562,1350.150093585249,1340.6362197850247,1341.416244216621,4795.215950786969
2025-02-09 19:45:00,1356.1011978397994,1359.4549376847194,1346.856268213351,1355.7878066349579,3339.0460617303165
2025-02-09 20:00:00,1348.8689651191346,1357.2916689144924,1346.3430118137874,1346.6358282434835,8830.958956635532
2025-02-09 20:15:00,1373.994802360311,1381.2862469426263,1374.9823834009378,1377.0826288782964,7536.437576096289
2025-02-09 20:30:00,1387.324296600744,1390.0605618242575,1381.1617189943904,1384.5178026036851,1186.1772091579344
2025-02-09 20:45:00,1380.539934839126,1380.8060589656857,1370.8777255522396,1381.2803046473377,1527.2379480120387
2025-02-09 21:00:00,1398.0800760980474,1405.4699328870252,1394.687654848727,1396.938450275854,123.68845219115393
2025-02-09 21:15:00,1395.6086809401036,1402.3132874862704,1393.24191717433,1398.1200268125388,353.5944162061337
2025-02-09 21:30:00,1408.352972382789,1405.437770515956,1397.3960920937686,1407.51893695818,9672.911822251795
2025-02-09 21:45:00,1422.349962489476,1433.4109274602422,1422.0221543008088,1422.6152420693352,3046.8671042354003
2025-02-09 22:00:00,1416.9982962577428,1426.4705839274354,1416.7006190490774,1416.1521224287972,7486.53290273501
2025-02-09 22:15:00,1416.445963584072,1420.2661244810681,1407.405569294923,1411.1307219104558,7805.1811241331425
2025-02-09 22:30:00,1424.4696149504446,1432.327541683405,1422.8881341256301,1423.3542833107983,3968.4460740097243
2025-02-09 22:45:00,1427.3476123816681,1429.700144720327,1422.4810193953153,1426.2311411286123,6178.718753046496
2025-02-09 23:00:00,1418.6556121225915,1428.2778873246666,1416.5692535871199,1420.9790312137657,4492.818186100196
2025-02-09 23:15:00,1410.6888358568992,1415.0379644023014,1406.9549242103803,1405.5010005842025,975.1178233394215
2025-02-09 23:30:00,1419.38909351273,1422.337945658369,1411.964044599701,1416.8181874205723,568.2134414310013
2025-02-09 23:45:00,1400.5204283882138,1410.618075209971,1397.544630973112,1404.3873531365984,5779.896096434802
2025-02-10 00:00:00,1388.0998010494125,1395.4121447748878,1383.7429363481408,1393.3926434516295,2316.5646823179195
2025-02-10 00:15:00,1386.9382935070546,1394.7602118951354,1378.984725286734,1384.9949233661894,2098.153986267079
2025-02-10 00:30:00,1389.6071868855427,1388.983528609816,1381.214458548361,1386.6903930578508,7354.834433461493
2025-02-10 00:45:00,1388.8581951320853,1393.9159221150933,1381.8447550058863,1388.6619319727388,2802.779050332135
2025-02-10 01:00:00,1399.1532064682608,1400.899065167399,1392.8471816518775,1401.7098051760565,9527.334259376445
2025-02-10 01:15:00,1410.7569113604993,1413.174136747573,1401.4252658999176,1411.98810244013,913.4529723282039
2025-02-10 01:30:00,1399.6110473561316,1407.276777061136,1399.4299141779893,1399.0481336653775,7642.245455070087
2025-02-10 01:45:00,1408.6733003556635,1409.4722785938345,1404.479778411084,1405.9927869254627,806.0912964930991
2025-02-10 02:00:00,1408.894836436213,1414.434706923217,1403.43505460333,1408.1342003989084,5175.343351890509
2025-02-10 02:15:00,1435.2061147594036,1442.794012732246,1430.1312033374463,1436.1614448942328,225.9151208318265
2025-02-10 02:30:00,1449.8010007598423,1454.3660465387031,1445.026569904956,1454.8061688044172,1711.4638800475407
2025-02-10 02:45:00,1460.944168779037,1458.6993468162416,1453.3077301971155,1458.7827596671584,6799.998623984468
2025-02-10 03:00:00,1458.807712345772,1461.9525614344425,1447.6217182833532,1451.9464457159243,6236.629332354382
2025-02-10 03:15:00,1449.1137074052638,1450.4251174696817,1438.7517430131106,1448.5410893751991,5265.081453163691
2025-02-10 03:30:00,1460.5970420759795,1464.47655785052,1455.4477657089678,1461.3164048609867,665.9115182091563
2025-02-10 03:45:00,1456.723601008948,1461.7460693047958,1451.1533505611042,1451.3943511420864,730.3757046585243
2025-02-10 04:00:00,1438.0258145001167,1442.1320638631046,1432.8203192662493,1444.4545872227388,7480.726829741378
2025-02-10 04:15:00,1401.8359801328766,1406.9038911880873,1399.274560824858,1405.1864201070473,3709.7827264563157
2025-02-10 04:30:00,1397.644707673769,1402.062773144474,1387.7766332785986,1397.5455264319787,8712.93106889359
2025-02-10 04:45:00,1398.0165535308452,1402.939931631487,1391.7531839200117,1399.8004743625852,3111.854764307244
2025-02-10 05:00:00,1416.4137291054503,1419.406368685669,1404.723401969491,1411.3070421272241,373.8115276475409
2025-02-10 05:15:00,1437.149698677597,1443.4352129980985,1430.438208134814,1439.3806564388306,8837.838304646855
2025-02-10 05:30:00,1455.404568782319,1463.5729066731315,1456.3937651570595,1459.2565559682714,6309.108986063066
2025-02-10 05:45:00,1475.7697298490107,1483.0220284034883,1472.7142810074652,1480.960201544638,4542.744097644448
2025-02-10 06:00:00,1478.5203528122836,1476.8164308582086,1469.1754111762366,1468.9086187105986,1933.1093288508189
2025-02-10 06:15:00,1453.8434698761116,1457.5831740561932,1449.2082226489736,1458.5045874307132,490.35684688619153
2025-02-10 06:30:00,1471.4208022627636,1480.6871290484205,1469.649384531139,1478.7273781315746,7649.8367871409155
2025-02-10 06:45:00,1484.8589475122849,1485.9298287528763,1474.4315727477301,1477.8774552802986,5564.038208165512
2025-02-10 07:00:00,1474.4443020953463,1478.6254798221612,1465.357224957274,1473.5097232895996,2083.481717975449
2025-02-10 07:15:00,1488.910158270907,1487.158761143623,1477.2760370304966,1486.5092129117934,3868.4027624133046
2025-02-10 07:30:00,1488.2576518292374,1490.381472180008,1482.6042428233825,1488.8557382421493,3286.7124077618723
2025-02-10 07:45:00,1483.305876589391,1484.3903699722368,1473.1726690190794,1483.527123836399,5605.081080236139
2025-02-10 08:00:00,1483.0291471137932,1483.8738525600127,1474.0846245214054,1480.884860973949,7079.937302215563
2025-02-10 08:15:00,1471.2257964575747,1477.9598167780393,1468.2844954527864,1471.631658228067,6749.656355619751
2025-02-10 08:30:00,1485.699465532829,1487.5872225324006,1479.6765626856343,1484.8939647541824,8406.650093216904
2025-02-10 08:45:00,1487.7945717973698,1495.5279976071965,1482.794686289081,1490.874688872574,908.6031917171917
2025-02-10 09:00:00,1485.0837746875438,1487.7406659269802,1479.0542765689945,1478.4669989678455,3519.509251169581
2025-02-10 09:15:00,1483.0222114726255,1487.1096109580674,1478.2320301213276,1486.0511671106242,4075.6170875473476
2025-02-10 09:30:00,1487.3857611734077,1487.0818886303182,1477.103899677469,1480.765508138569,9337.121192633696
2025-02-10 09:45:00,1476.8917948153342,1479.4025681659277,1472.702579506872,1478.6716076229632,4452.087880851742
2025-02-10 10:00:00,1446.9672015502342,1452.7871534385272,1445.0846053659259,1450.5702696565163,1288.372379437762
2025-02-10 10:15:00,1457.3505227158114,1465.0003225425464,1455.116784887907,1460.5977504368973,916.6490233509077
2025-02-10 10:30:00,1454.7348242871617,1456.2003287700134,1450.4643912838,1458.1167297216227,5787.387127732859
2025-02-10 10:45:00,1463.7229703633911,1471.7113876175,1459.8425292367886,1472.1855422091576,4669.734229370567
2025-02-10 11:00:00,1461.2442515793643,1471.8809952812783,1459.0340813094133,1459.7930274611142,128.01854902077443
2025-02-10 11:15:00,1446.9349308249264,1450.828415033741,1444.4516182457073,1448.235508833765,878.8076387029012
2025-02-10 11:30:00,1454.2536874444527,1454.7387104116726,1449.066401517431,1448.6743047742812,2490.4731105024575
2025-02-10 11:45:00,1485.0134893045574,1495.9496901947773,1484.9376074262495,1492.9191555667412,8374.955110800947
2025-02-10 12:00:00,1492.48473978742,1500.1679986540491,1485.540399447715,1495.8479932070773,5493.646227884368
2025-02-10 12:15:00,1518.2950322193367,1516.7707347063351,1512.227202813663,1511.651463066691,6285.309679253332
2025-02-10 12:30:00,1537.9328902519183,1543.0459142646785,1531.9224471588186,1533.9911265283567,9162.881400899578
2025-02-10 12:45:00,1525.6452912259747,1529.4128193429874,1516.7977239336533,1521.9743533096735,7644.669714924314
2025-02-10 13:00:00,1508.9640237161207,1514.8682923440465,1506.941946035004,1508.7029933333315,7641.644334247784
2025-02-10 13:15:00,1514.7010631750607,1514.8061230589246,1503.4724362598909,1506.3511367243148,2410.858276991202
2025-02-10 13:30:00,1479.9903470921456,1487.4583362237993,1477.0490967592546,1480.4608541153768,964.9732612503383
2025-02-10 13:45:00,1493.3960134280596,1495.6079546469105,1488.2589554723138,1492.108963696288,1157.259715589788
2025-02-10 14:00:00,1496.7113292344288,1502.1181425454538,1493.7188318125468,1497.7577220694081,255.95864400860938
2025-02-10 14:15:00,1518.4488846786337,1518.4463565220422,1511.4031362369965,1518.2712591319855,7661.493269883005
2025-02-10 14:30:00,1531.3190838020919,1534.2995044810389,1521.2610565384641,1527.8366687837674,5092.411163608438
2025-02-10 14:45:00,1499.7167246867107,1508.6947529324455,1494.8194272690416,1499.4369408758525,5245.4544563272075
2025-02-10 15:00:00,1531.0345524483807,1534.1152308319047,1525.4470471711893,1532.2256547270533,968.71588050984
2025-02-10 15:15:00,1513.9744102740256,1517.3892332513883,1506.9823943761153,1509.9999642090654,9494.379026057546
2025-02-10 15:30:00,1517.7886162168174,1523.077654780493,1512.6528604932369,1519.6476938960334,7119.520696251847
2025-02-10 15:45:00,1531.7061555065554,1534.0549226189398,1528.142372998059,1525.8242568550017,2588.907433139816
2025-02-10 16:00:00,1518.0289192741943,1521.99791371128,1513.6165993605673,1517.209651442193,9209.1610656429
2025-02-10 16:15:00,1548.099339079888,1548.968237518945,1538.4354193086017,1546.1348505504172,7442.323862599583
2025-02-10 16:30:00,1561.0736869448444,1562.9926109497837,1556.8284234559019,1557.5476877212225,1065.2688987483375
2025-02-10 16:45:00,1556.3882182632874,1566.9912904536557,1552.7152205392265,1557.8042913677048,1641.9401716571338
2025-02-10 17:00:00,1547.9969773095208,1552.7532408790662,1544.479337548527,1546.4065049825792,6949.161098919523
2025-02-10 17:15:00,1593.6728534344622,1595.2347007079125,1583.925264949937,1593.5473984463129,9914.358233689636
2025-02-10 17:30:00,1600.6402255911098,1599.0261089526027,1592.931158075936,1591.558698085182,7885.864495429529
2025-02-10 17:45:00,1605.8521316233675,1608.0534485470087,1598.6778132452068,1603.3936181944541,414.92047383188617
2025-02-10 18:00:00,1606.012281053737,1614.7523509920043,1601.646178434247,1612.9965814547957,973.5729304584037
2025-02-10 18:15:00,1592.3211007122118,1600.7377063463516,1590.0499624697006,1596.7388592491254,9403.574929218816
2025-02-10 18:30:00,1581.3525043391428,1580.0592396664647,1573.039428102736,1577.9661709377021,9401.720739619514
2025-02-10 18:45:00,1581.5164223913296,1583.1688877998424,1573.3542930830836,1581.9619070073343,1792.4688440620932
2025-02-10 19:00:00,1573.6233871368684,1576.7173555528293,1568.156929827965,1574.736924454823,3071.2139531046214
2025-02-10 19:15:00,1562.6596777047685,1569.245427461537,1557.8768824753479,1565.4554285475747,4561.65268681478
2025-02-10 19:30:00,1559.4613321346014,1561.7310378969544,1554.933883532725,1559.7910600970356,5908.230257751253
2025-02-10 19:45:00,1552.1047201158935,1552.0491917977827,1543.4555427192263,1544.90090827265,3535.9725108860903
2025-02-10 20:00:00,1559.995398739326,1568.7715642267613,1559.3150696318455,1563.4487977504423,5603.97902454416
2025-02-10 20:15:00,1518.0821155554054,1517.258507324278,1511.9624707966034,1514.1060353535286,4015.1052705518805
2025-02-10 20:30:00,1544.6902412562322,1550.4323649240084,1541.1908956920468,1548.757975338916,6107.995482655347
2025-02-10 20:45:00,1573.569828144823,1579.300981008433,1570.6246570677329,1574.2656680656987,3680.5736688640945
2025-02-10 21:00:00,1567.7595350371219,1577.7266427714012,1567.9072442100078,1567.1833787219616,3934.0163724882295
2025-02-10 21:15:00,1583.4852507033545,1586.4453944974985,1576.4399248214725,1584.1702669607412,9566.149690806686
2025-02-10 21:30:00,1571.0716516987686,1576.6236794112972,1565.9614114613005,1568.9849105418634,1342.034657118805
2025-02-10 21:45:00,1572.2949121438878,1579.052495506823,1568.7055786342205,1570.5321435003557,2602.2208984055706
2025-02-10 22:00:00,1563.297180855876,1570.9298323490448,1557.5970888764778,1565.269685730803,3571.184809181105
2025-02-10 22:15:00,1587.0055792407493,1591.434177526035,1578.736622569206,1584.127720953902,6082.834981535977
2025-02-10 22:30:00,1574.6989356145323,1581.813292865926,1569.7594969476065,1577.3212992208425,9487.512173720623
2025-02-10 22:45:00,1591.9426013196073,1595.8230251370271,1582.2101529782424,1593.221572953953,9294.821904988252
2025-02-10 23:00:00,1594.8012196213936,1598.9567199471653,1584.7562288952615,1595.982270517497,148.1665175623175
2025-02-10 23:15:00,1601.2337554057542,1603.9236205114419,1591.4788911350001,1593.5609371518192,9119.753695128624
2025-02-10 23:30:00,1596.5688965394602,1601.0489306856507,1588.3706853291624,1593.44230304991,1885.0719865429026
2025-02-10 23:45:00,1593.7359896799137,1602.6362241305824,1590.344491986302,1600.4413926147943,6623.319173620395
2025-02-11 00:00:00,1609.555876495695,1615.061962649033,1605.8788812692535,1612.942287959088,3658.949980910766
2025-02-11 00:15:00,1614.7100379647072,1621.0564267656518,1609.6316887474625,1619.095895896029,9492.039133606679
2025-02-11 00:30:00,1627.4312767296142,1635.3206539906262,1623.0128935520322,1631.8614292139673,4306.007676587233
2025-02-11 00:45:00,1646.192386482418,1651.7388485124673,1645.389322942025,1648.8465753555668,5152.663221429282
2025-02-11 01:00:00,1617.278722667232,1629.0635034076074,1618.9038086523403,1620.4569566253397,5474.07793218683
2025-02-11 01:15:00,1632.887221031721,1637.3778700486405,1629.5579724492002,1631.5593837349804,432.4756936786091
2025-02-11 01:30:00,1599.1512069159978,1607.0500759393701,1597.5937487709127,1601.7698532502948,3890.374748907289
2025-02-11 01:45:00,1602.9878581480798,1602.6751641063204,1595.0847278926965,1599.4692207165938,4344.74081448773
2025-02-11 02:00:00,1626.6272050053365,1630.7645165635226,1618.2697836477166,1626.327839014466,2748.803910582475
2025-02-11 02:15:00,1621.5197801070774,1632.0220754064803,1622.4571458706148,1625.0241232139988,8960.645271766716
2025-02-11 02:30:00,1618.8275561786782,1631.1490802602511,1616.2092553771795,1621.2522223102114,9528.944728116852
2025-02-11 02:45:00,1622.5365855771313,1625.0277618450793,1620.091905415251,1622.0800205043834,7167.3132559378355
2025-02-11 03:00:00,1620.6722919973902,1627.0589954020943,1613.0916491145515,1623.5158242758184,1047.6305233123542
2025-02-11 03:15:00,1602.7316119637424,1608.8786625568234,1598.7322482762515,1606.278722850885,381.48052977579664
2025-02-11 03:30:00,1615.5457076955724,1617.3178105930451,1604.6798862826704,1614.1179277556523,1264.753747178429
2025-02-11 03:45:00,1608.9488743010725,1609.4805638037758,1604.4174035743122,1611.581521204407,6747.896975264571
2025-02-11 04:00:00,1605.483875791511,1608.2166243318966,1603.7116934573776,1605.471204815884,8413.897752165494
2025-02-11 04:15:00,1599.4377157264619,1609.3678525572288,1600.4872598084653,1603.8049842152886,417.0007722959307
2025-02-11 04:30:00,1611.035162587518,1616.4639951901277,1603.897936953793,1614.5620673846115,8541.286312427954
2025-02-11 04:45:00,1636.7613355215965,1643.31869540935,1630.742783391292,1639.97412541867,3431.50207685944
2025-02-11 05:00:00,1625.9340994453735,1634.5645898751209,1622.6742839747974,1622.8263322982336,4838.089263752487
2025-02-11 05:15:00,1621.706703841506,1625.5872177463723,1618.4660210091304,1623.6333599064144,5020.465727864531
2025-02-11 05:30:00,1609.289771288755,1618.8071377872916,1607.7742714761714,1615.1878485154302,9223.42614214563
2025-02-11 05:45:00,1624.8011080130366,1625.7163768293112,1616.0162887892288,1625.3760954394804,5007.066147828187
2025-02-11 06:00:00,1610.5146840102584,1611.973452251743,1602.490009569375,1605.5680482030853,2892.3192616524816
2025-02-11 06:15:00,1641.0528688708707,1641.8852770534575,1632.187176849073,1639.4212473813768,9546.908324803577
2025-02-11 06:30:00,1605.9952278392948,1610.0720938655695,1601.45293239226,1605.5461275351138,4898.109559426736
2025-02-11 06:45:00,1612.916356750018,1622.6124179901005,1609.9870474219447,1613.7527500349572,8849.051127400544
2025-02-11 07:00:00,1604.2514365558252,1604.0075671121979,1594.8353242237051,1606.4286290768655,2216.828391248422
2025-02-11 07:15:00,1625.393535703126,1631.6488198194559,1619.7042204732752,1626.376732755235,5607.8602704928835
2025-02-11 07:30:00,1623.5202219761948,1625.8105688822552,1613.5636867250319,1617.2937292830757,5581.372346167047
2025-02-11 07:45:00,1626.196023161564,1628.5597147721248,1622.7364898835444,1623.8999657161442,1639.411691178693
2025-02-11 08:00:00,1644.3729836288353,1651.2736877716761,1640.6714245878868,1650.872469644382,8246.349923066022
2025-02-11 08:15:00,1639.0949577886818,1642.2500728332304,1631.588202130538,1640.1595862378267,9949.590295022947
2025-02-11 08:30:00,1653.9801238271302,1657.2128886157493,1647.7718056126298,1653.827310395809,1757.3938827897998
2025-02-11 08:45:00,1656.285246474646,1662.2134342635493,1653.795704635446,1658.774291303105,5401.155254225617
2025-02-11 09:00:00,1686.6254761881862,1698.100686230814,1686.9455255295634,1693.2915268931708,9771.108273951948
2025-02-11 09:15:00,1702.8020957522597,1708.6492460090408,1699.847136185652,1704.466705400083,2111.829911055752
2025-02-11 09:30:00,1685.6162787676626,1690.5452265228569,1681.1981034055823,1681.8290531497437,1131.9242657150153
2025-02-11 09:45:00,1675.2861453339965,1683.1949956415278,1670.1641183475238,1679.3537142614186,4343.534112149805
2025-02-11 10:00:00,1700.5528246251888,1706.4853988263224,1696.005153418305,1697.243712610507,296.29710017887123
2025-02-11 10:15:00,1677.2380041631154,1678.746371085299,1665.138497689458,1676.939387385575,8820.076602153234
2025-02-11 10:30:00,1675.0736322835082,1683.093806953759,1669.8569500856242,1678.8262531382472,1999.331220818749
2025-02-11 10:45:00,1713.2912506998052,1714.4555419388532,1706.8371019673123,1710.0780901814962,4349.406974890632
2025-02-11 11:00:00,1687.0906026026753,1692.924933391013,1682.8390435604267,1682.2754056031242,7821.398529000196
2025-02-11 11:15:00,1678.298430395751,1681.4641793358412,1667.6636704038701,1675.7954456702782,9240.119727951054
2025-02-11 11:30:00,1678.2520673124827,1688.1009424586114,1674.955919330491,1684.6107431571959,2508.8358878616814
2025-02-11 11:45:00,1694.498920590233,1695.1751618607798,1684.0513183985668,1685.9838648208365,9862.72462221256
2025-02-11 12:00:00,1691.0263235007908,1697.3267088170007,1689.2222978703965,1699.0869091836691,5146.679333750735
2025-02-11 12:15:00,1696.9282359204462,1703.2786780559304,1693.7620132268771,1698.9836578205432,2583.3937396768642
2025-02-11 12:30:00,1684.6487509165988,1691.5480389736103,1685.435385896095,1687.4470840667436,2714.8096669362367
2025-02-11 12:45:00,1704.0744432229453,1706.580389882223,1694.5028505845532,1698.1517406770727,9749.763753532245
2025-02-11 13:00:00,1673.3503598562163,1682.9217034877045,1671.4687600345467,1680.3266732739378,3937.088687748447
2025-02-11 13:15:00,1689.4767107853297,1690.7574541405822,1683.940284753431,1683.238838709028,7073.379392436419
2025-02-11 13:30:00,1682.2847366954463,1688.4859664209898,1680.618881795981,1685.2552405686101,4467.454191335479
2025-02-11 13:45:00,1675.4120888333048,1678.632186111878,1666.15256699438,1672.3189627247787,2676.639320991615
2025-02-11 14:00:00,1644.8067956794066,1643.3751035618182,1637.788719032223,1638.707851125415,7047.2789322144945
2025-02-11 14:15:00,1631.687406120647,1634.2819547268236,1623.8761925687784,1628.9308217313694,9752.097546589417
2025-02-11 14:30:00,1616.9923381510737,1621.3318997116016,1609.449487558268,1614.1500408852078,2985.6666787099625
2025-02-11 14:45:00,1607.4731714507436,1613.1974515333318,1603.7187176379173,1605.4930843502787,8065.830777060571
2025-02-11 15:00:00,1606.142864583778,1609.5291556667128,1600.3380225485291,1605.6718293309839,7585.315682243993
2025-02-11 15:15:00,1619.169702327952,1628.4664421819668,1614.8297420165193,1625.5874547418282,2973.5855060848344
2025-02-11 15:30:00,1626.9316702364104,1636.7849934182886,1627.8511626794852,1629.4429102554445,9863.08463627858
2025-02-11 15:45:00,1639.638917715707,1649.868840799749,1639.2249054749582,1639.3223918881429,4013.248302464745
2025-02-11 16:00:00,1646.7233305095162,1649.5782120896033,1639.4117551613806,1646.9526469334292,8923.036198828668
2025-02-11 16:15:00,1626.6065579288504,1631.4252283728913,1621.9234352342705,1625.0816728488192,2252.663095734028
2025-02-11 16:30:00,1637.1849416871848,1645.9481464868534,1634.8560651740613,1638.1965420035078,6206.522065095275
2025-02-11 16:45:00,1615.7961193275826,1617.5149374121538,1608.2453782767484,1618.3754484106641,9387.139359803139
2025-02-11 17:00:00,1599.887463767071,1606.6575866094347,1595.3813431630886,1597.9751704165926,5009.842187143481
2025-02-11 17:15:00,1601.6088801624755,1609.1615056211715,1599.0654165725964,1602.0244675074405,7167.961800174577
2025-02-11 17:30:00,1601.4519229909365,1607.7766615867943,1598.0413860361245,1605.215518976361,8876.069467000005
2025-02-11 17:45:00,1586.7955958442874,1594.5607217383022,1584.0694992714914,1586.9479230387124,7981.998147917068
2025-02-11 18:00:00,1591.5624529333738,1598.6875791716345,1588.7573199331903,1595.7282262385563,5336.387161323214
2025-02-11 18:15:00,1582.3212679174292,1583.7273153802753,1578.620683246133,1586.160492262555,2754.627653702695
2025-02-11 18:30:00,1574.111480140349,1582.5867602073286,1572.5021341341899,1582.4169122876233,5174.807975841508
2025-02-11 18:45:00,1566.4995704552312,1572.2309978763235,1562.9550247219815,1563.5957394070754,761.3893115039583
2025-02-11 19:00:00,1596.8113516269605,1600.7740062063967,1591.9405238890877,1592.9380360385876,7854.904823060177
2025-02-11 19:15:00,1576.860165529982,1581.795831342703,1568.6250510184161,1569.574343927759,8335.36150451372
2025-02-11 19:30:00,1575.8575073048619,1582.5245749869887,1571.1227036802163,1581.0846266029946,5512.725580116718
2025-02-11 19:45:00,1582.7560930495877,1589.774123497349,1577.6943655431476,1579.817827721843,2838.3414429904947
2025-02-11 20:00:00,1610.1406661451317,1610.653924346168,1599.73333396252,1608.9184455711277,4384.397495372944
2025-02-11 20:15:00,1608.7760424390767,1614.5656210404036,1602.1135460962312,1604.0655786217792,8553.110310740693
2025-02-11 20:30:00,1614.409148686191,1622.8893725191106,1610.112096161323,1615.2062582558249,128.19646887877957
2025-02-11 20:45:00,1606.862479358956,1608.3987269363745,1599.4505014918966,1603.4144363643752,4775.450468990498
2025-02-11 21:00:00,1578.7344820097824,1582.0056664458702,1567.4769780183356,1577.6203499627604,3377.169357798257
2025-02-11 21:15:00,1576.829469772137,1584.0330584149594,1574.672557955103,1582.756788614229,8439.300762996892
2025-02-11 21:30:00,1578.1535713139483,1582.0894253101824,1574.1137159278812,1576.3141471976335,7920.70771859594
2025-02-11 21:45:00,1561.8203649099803,1569.4033193739897,1561.5647444923504,1567.403499463363,8518.503703931492
2025-02-11 22:00:00,1558.540527699961,1562.3955193497995,1554.8900340485359,1556.1222664557565,3083.02221885841
2025-02-11 22:15:00,1559.352655737388,1561.0325863380542,1556.1059971124616,1554.496940304629,6224.195026845829
2025-02-11 22:30:00,1557.2607605873568,1561.641368943727,1555.2841144925346,1562.3427950763362,690.7354765606683
2025-02-11 22:45:00,1580.4112468591898,1581.8431704272803,1570.3636885765998,1575.9388247063916,6386.850938525834
2025-02-11 23:00:00,1580.0495321753401,1586.5745812808902,1572.8482198011563,1580.2007463407772,6877.187337638991
2025-02-11 23:15:00,1610.080573972727,1610.554662186485,1603.7578681516925,1601.2993788616104,2996.1783462515436
2025-02-11 23:30:00,1598.7155136287408,1603.085014722604,1597.296096129565,1596.0171476862506,4789.708375210728
2025-02-11 23:45:00,1592.60447992463,1599.8466474394677,1592.1037205037685,1594.7019075951507,2197.859637768708
2025-02-12 00:00:00,1620.682202657715,1624.8839082219827,1614.9840620955451,1622.9381419033107,8446.732514556448
2025-02-12 00:15:00,1619.3497877113386,1619.2832539958426,1611.3383323037024,1615.3348157927726,3959.4083461032933
2025-02-12 00:30:00,1627.4881277990075,1635.6670838296452,1623.5905782056366,1629.9672282973122,8089.234216727808
2025-02-12 00:45:00,1617.3027224045588,1624.2612665535166,1614.4301553310609,1616.2667005222033,2274.494363120454
2025-02-12 01:00:00,1626.1045040424108,1634.6362881293078,1626.3185801165873,1628.118656965879,8984.763587656806
2025-02-12 01:15:00,1618.3631259026588,1627.410872143507,1615.137543567265,1618.5562010688593,9560.86580494384
2025-02-12 01:30:00,1606.6289691157692,1611.5665395184176,1600.7493868445422,1609.7982706005873,4901.601964177213
2025-02-12 01:45:00,1622.1239372878229,1628.1548059611378,1616.6559383604076,1620.4854488114763,7992.296391266682
2025-02-12 02:00:00,1625.7483326133865,1623.8624475645868,1617.8921753744107,1620.539130703733,6800.883422621535
2025-02-12 02:15:00,1614.87255970046,1618.7248893304138,1609.652914117493,1617.1641904865241,7481.746114265419
2025-02-12 02:30:00,1601.368891388868,1610.515784487287,1598.015287678558,1606.5745462129992,668.6529871732087
2025-02-12 02:45:00,1598.8726005352958,1597.0463076767387,1589.1665668621488,1596.2441044104812,4435.086059613079
2025-02-12 03:00:00,1588.51135734009,1594.78051607322,1584.8844030363439,1582.8144187649484,2758.0661701310964
2025-02-12 03:15:00,1594.6252605075324,1594.5917274469666,1585.3181357866272,1589.7534982138354,5248.195576703738
2025-02-12 03:30:00,1585.0434824250792,1590.011460605254,1580.3012938163015,1578.7560422042427,5523.111101430936
2025-02-12 03:45:00,1561.9469494129294,1569.9244025204725,1559.597035653231,1566.6794788799737,6417.384587852322
2025-02-12 04:00:00,1561.8375932640404,1566.1310138248662,1561.1200149400852,1564.620712192178,2217.6544858516686
2025-02-12 04:15:00,1553.692568417966,1560.2895491343784,1547.1290668974439,1550.2410831603115,4350.744115039141
2025-02-12 04:30:00,1527.9441588933241,1537.9867614359255,1527.4503909648165,1529.8416646172,6692.3778537238395
2025-02-12 04:45:00,1533.0321759282924,1535.0713988046477,1527.1706785286326,1533.6187317329425,2364.0459737512288
2025-02-12 05:00:00,1531.379754771266,1534.5810602647423,1524.687634875298,1529.0316055895169,6048.561518439122
2025-02-12 05:15:00,1533.8356365768816,1533.975412246433,1528.778167931073,1535.4537326917284,7117.02585246789
2025-02-12 05:30:00,1548.5106392155756,1547.8145072046048,1539.0978327298849,1543.9514992285458,7178.148569311991
2025-02-12 05:45:00,1528.3656295189987,1531.5266214620185,1525.6508546165767,1531.4683225179897,7910.249333416602
2025-02-12 06:00:00,1556.9314030246023,1561.846778797083,1550.5538702070069,1553.694809704876,6095.630761103349
2025-02-12 06:15:00,1547.1235427736099,1547.212368300426,1536.8658772607066,1547.1798344431297,4435.391209580729
2025-02-12 06:30:00,1535.4872233610695,1542.4149476493226,1530.2876192492567,1539.8683315432982,609.7016786144657
2025-02-12 06:45:00,1547.7174231859262,1557.987739287138,1547.8981821384089,1546.1636167783126,9977.792189362477
2025-02-12 07:00:00,1545.3583819194926,1554.9687484149358,1546.2020140653042,1550.8247072350632,6491.983237280422
2025-02-12 07:15:00,1564.2379750191408,1567.2521352311348,1559.064506869153,1561.323315306625,5838.185553275253
2025-02-12 07:30:00,1571.3690252674178,1576.4268480019898,1566.469906775711,1577.6924957190922,8694.984193015787
2025-02-12 07:45:00,1557.4226450636063,1557.795620384707,1547.2221709431612,1555.5551485434446,9675.953555589282
2025-02-12 08:00:00,1526.9733366545463,1536.154575128877,1521.6493227764229,1524.4343903261563,5113.4137775774325
2025-02-12 08:15:00,1547.2242862404175,1548.7964327180944,1540.8588467815225,1544.3364198176469,6919.673117334416
2025-02-12 08:30:00,1537.2850348032925,1538.7078736736323,1529.1035055680313,1534.6159450439654,9227.243772710122
2025-02-12 08:45:00,1498.3570021104185,1501.810099391985,1496.6205273311662,1502.5635512425865,6507.484188402351
2025-02-12 09:00:00,1506.007866270594,1510.1959790839283,1503.1951235892739,1502.9427484360092,9378.295055043658
2025-02-12 09:15:00,1515.2856530405825,1526.110509492005,1511.9422151283275,1522.8766757534597,5032.691929462896
2025-02-12 09:30:00,1530.9606239973145,1531.9612494342111,1523.9847666538817,1525.3269457138354,7761.216857154781
2025-02-12 09:45:00,1531.4137368537758,1535.8796362697203,1526.7391268287693,1537.5660578885906,8315.192189868063
2025-02-12 10:00:00,1544.4724329526941,1549.6021642377293,1538.8846228154605,1538.5733219122474,9713.614188866348
2025-02-12 10:15:00,1553.6982128837635,1558.642717479172,1547.3686093840051,1550.6404933091956,9720.376517907578
2025-02-12 10:30:00,1552.60314815248,1553.1932274496858,1545.5714741743218,1547.8748671262679,2370.166440263201
2025-02-12 10:45:00,1557.221997924739,1557.328141821572,1545.9783095970788,1551.1345626899838,9893.472549285105
2025-02-12 11:00:00,1537.4615640312604,1543.6045122136795,1529.8210443570529,1534.6127323887624,6355.872431508551
2025-02-12 11:15:00,1566.187650415127,1571.3636337927137,1564.2015264164309,1568.5040740259744,7773.825541454025
2025-02-12 11:30:00,1580.1032284807416,1588.28448946251,1582.1695727717417,1580.5584007576495,924.4862678201729
2025-02-12 11:45:00,1585.8516013170233,1596.1685032214832,1582.7474272982763,1588.528396280161,9844.34463663196
2025-02-12 12:00:00,1605.2215568500708,1611.9823887151695,1601.083128194262,1604.9882892016446,5209.688858408901
2025-02-12 12:15:00,1621.0255242109765,1626.1239244014196,1614.3011204199051,1617.2767742335163,1741.8411917965252
2025-02-12 12:30:00,1612.9423271059482,1616.513672155912,1609.539760880927,1614.7612627872388,2016.446717134247
2025-02-12 12:45:00,1621.6136922603675,1632.9813716912083,1621.722186489087,1626.0112707094752,9451.564658632
2025-02-12 13:00:00,1640.8073362013033,1645.3375710634461,1633.2168822090266,1634.7259909135544,451.6963927496139
2025-02-12 13:15:00,1650.4442448907628,1656.4015754023658,1644.965883763605,1646.7334719236742,2881.967992436256
2025-02-12 13:30:00,1651.3451410422742,1654.3417452983,1645.668298203306,1652.712238181438,5194.248656357202
2025-02-12 13:45:00,1651.9925297573127,1659.4656733207505,1647.3710576594622,1655.6778498408785,2603.267341876698
2025-02-12 14:00:00,1643.4253824704822,1645.8218808288866,1638.593500947066,1639.8586288075678,249.33131754530902
2025-02-12 14:15:00,1635.5285997766096,1640.6994303629472,1629.6863336826798,1637.6371804619616,2458.9626908429746
2025-02-12 14:30:00,1640.914377302565,1645.1669556508045,1636.0617557616213,1642.1935212614085,4630.679926439314
2025-02-12 14:45:00,1647.2100561017764,1652.0146022485453,1643.1769196564346,1647.6631024453384,8743.352506807936
2025-02-12 15:00:00,1653.5287399211775,1660.646370414045,1652.599674034468,1659.7003809605378,2856.9750395221427
2025-02-12 15:15:00,1662.565490774797,1667.8349559775324,1662.9684749343105,1670.27410278467,2438.7738360001094
2025-02-12 15:30:00,1630.5666629144332,1638.2920476143595,1628.4432833959356,1633.7546727447564,7153.372662239671
2025-02-12 15:45:00,1644.2042550837846,1652.7682172438433,1641.8780994610445,1645.3068717065025,2897.2066933326532
2025-02-12 16:00:00,1627.028319950813,1637.7356879645279,1623.4981759151642,1631.5976304397216,7333.479932451776
2025-02-12 16:15:00,1598.99593500947,1604.6503033590234,1598.9033082542844,1600.8378425039348,5436.849434064593
2025-02-12 16:30:00,1618.0910702188594,1621.598462256081,1609.7394965127176,1614.0198579940754,5298.511342891399
2025-02-12 16:45:00,1572.0249635838347,1575.0552523866754,1562.0077778121317,1564.3178424225632,7501.52606732653
2025-02-12 17:00:00,1572.8093150155632,1575.3925829983539,1567.1676005440577,1569.400988746594,4048.433095415741
2025-02-12 17:15:00,1601.245593430912,1608.1614239208084,1598.2907702987961,1606.562352511152,5055.898537157265
2025-02-12 17:30:00,1623.9835748534213,1626.4721019642966,1620.7366858163655,1619.8520130348782,3128.154435259094
2025-02-12 17:45:00,1611.9994575316316,1615.082579515775,1600.281651165536,1611.201187064342,7886.945494649871
2025-02-12 18:00:00,1600.9029342130198,1606.9385954315537,1594.848380710759,1599.8008097298768,1044.1660510535871
2025-02-12 18:15:00,1586.4383568437884,1594.5490730800457,1582.1416676795875,1582.4108534663987,7776.167438852371
2025-02-12 18:30:00,1584.625526228874,1594.6911656636005,1583.1533123174208,1583.1800469490265,167.12657437888095
2025-02-12 18:45:00,1569.263206056251,1577.3567212696084,1563.9916546339216,1571.7702418816698,5048.81282179405
2025-02-12 19:00:00,1561.479028636641,1570.6848038589885,1561.613567490924,1568.5985627882476,7969.170697673971
2025-02-12 19:15:00,1552.6606323407811,1557.2819871480724,1547.8697168570527,1551.0682068308392,116.99225392701602
2025-02-12 19:30:00,1548.5685071512478,1555.75005078713,1542.52216364606,1545.4178396880257,3981.294764196157
2025-02-12 19:45:00,1569.5691875584182,1574.5628870618982,1561.9378160895662,1566.55404209163,3038.3212976187187
2025-02-12 20:00:00,1572.8013573462558,1581.1364586287566,1570.2292965040388,1576.935243128154,8758.91984795658
2025-02-12 20:15:00,1552.3799585654338,1558.7079195645895,1547.3487767928575,1552.0119564465876,3523.702485740334
2025-02-12 20:30:00,1530.0793425563984,1530.0569268104887,1519.5904869406065,1529.5789838347519,4780.7908135421485
2025-02-12 20:45:00,1541.9900682728864,1541.6368908896306,1531.0125607921796,1537.1352918502737,9129.70829227163
2025-02-12 21:00:00,1533.4210310391086,1542.0202105554215,1532.1652575565636,1538.389738404017,4311.196512122052
2025-02-12 21:15:00,1542.2968977225983,1553.5028402296268,1539.418004070824,1545.0719602897327,8650.657256438388
2025-02-12 21:30:00,1536.8327457233042,1544.2016546954374,1533.23803839646,1540.8563285834894,6455.860076461898
2025-02-12 21:45:00,1516.1817950108648,1517.421879045088,1509.9256662549324,1511.6499335503415,865.2379583129198
2025-02-12 22:00:00,1496.8345617405084,1503.0814401036698,1495.3851760967273,1495.7122308504975,1492.003167137302
2025-02-12 22:15:00,1498.9194869388737,1506.826040251389,1499.095415191928,1503.4741549169044,3882.0148125875935
2025-02-12 22:30:00,1509.441481001042,1512.564832563354,1499.569330625976,1500.1997949241384,597.313562630185
2025-02-12 22:45:00,1488.549735426627,1490.2894515197147,1480.0236211967626,1479.9936429133286,5966.013783649501
2025-02-12 23:00:00,1483.7899847315232,1492.308155074478,1483.60331433648,1484.9581839017565,4179.724713630187
2025-02-12 23:15:00,1492.837293958404,1495.5375817383374,1487.2524771788057,1495.1369454637986,3924.3224721581187
2025-02-12 23:30:00,1465.9176266585196,1474.3026642403981,1467.1880312609885,1474.551094728461,8565.830965301711
2025-02-12 23:45:00,1453.2088969250306,1459.555964633078,1449.7351518193545,1452.3490290077134,4941.114913640891
2025-02-13 00:00:00,1469.7248206427873,1480.3873171227335,1467.0304063404642,1474.040530562423,4673.323139157522
2025-02-13 00:15:00,1444.035639448769,1452.1968529921671,1441.783103324251,1443.124688243837,3076.127970795797
2025-02-13 00:30:00,1452.58522545225,1463.7325395593841,1449.701631837383,1453.0840149511018,8304.398348344894
2025-02-13 00:45:00,1471.6910309748862,1474.8488717517955,1461.4321152491727,1464.0939904312772,1620.739857094377
2025-02-13 01:00:00,1469.5537874115514,1471.511830889905,1460.951298834611,1469.9720535232937,7029.797133790872
2025-02-13 01:15:00,1488.3901217935534,1492.7058294341198,1483.9642512533005,1490.6741131299948,4806.166024256901
2025-02-13 01:30:00,1500.5195106665938,1504.5695280041605,1492.8558833434645,1500.0826545808402,1428.7626567286916
2025-02-13 01:45:00,1487.6403198233163,1499.5341610201533,1484.4081778039845,1490.1958674522184,3809.844392528298
2025-02-13 02:00:00,1508.765027302602,1516.4786827861794,1504.3268884133768,1508.577431567117,6095.174220111356
2025-02-13 02:15:00,1485.2529380238916,1490.6394935714038,1481.0160063506055,1488.1908396115625,9435.93426801213
2025-02-13 02:30:00,1519.8590462141658,1524.474164896498,1515.3646406407975,1514.6002296199313,1644.8565115032586
2025-02-13 02:45:00,1500.4704148909398,1507.609664050959,1496.9761258555284,1500.287292291143,207.974885121561
2025-02-13 03:00:00,1507.648747021722,1514.3358764239115,1504.530061439862,1513.1298048163242,4852.629244765795
2025-02-13 03:15:00,1518.151992787413,1527.0624883982082,1514.3621676138466,1519.5835015879154,7753.28930710242
2025-02-13 03:30:00,1519.877007961551,1517.496665038812,1509.824796692639,1516.9937634365526,3345.458579636127
2025-02-13 03:45:00,1507.5118146992831,1510.7753745208133,1499.4322795351322,1509.1692894624975,9051.499175391953
2025-02-13 04:00:00,1506.0442069726605,1509.3004229672301,1498.834368721451,1501.6865396505527,1227.8701885407463
2025-02-13 04:15:00,1494.5232938617364,1500.357940361336,1487.3172872078162,1496.23940606079,6289.548875043135
2025-02-13 04:30:00,1509.4767674227637,1512.5616917707437,1503.7963546111107,1510.4130994377174,2597.8477554380192
2025-02-13 04:45:00,1514.091315681107,1525.482235086838,1512.2531950913556,1516.1985727399485,7596.997979199838
2025-02-13 05:00:00,1536.0424513411244,1541.18498396782,1530.4690644857326,1530.1068612459085,9567.880971685883
2025-02-13 05:15:00,1531.0482018315383,1535.4973023784628,1527.8227600961732,1528.5441640604897,3784.5105566344423
2025-02-13 05:30:00,1527.1742137694603,1529.9128543761271,1524.8718268124908,1526.4250991486747,769.9902714141756
2025-02-13 05:45:00,1528.5370708044734,1535.4137991074278,1527.5470942192921,1529.4322550113993,6008.184609455628
2025-02-13 06:00:00,1519.3495353825665,1530.365519987824,1517.180000347004,1526.4547363379004,9471.355939166977
2025-02-13 06:15:00,1508.652329737148,1518.0528028138617,1506.4305039899564,1508.8719908217568,5617.048111587335
2025-02-13 06:30:00,1507.8411115742583,1507.2977996293923,1501.0332702601056,1498.9572717571564,9055.502341558247
2025-02-13 06:45:00,1516.9789274516618,1516.1114171888723,1506.4411430921066,1513.8129340678586,1770.6206028901902
2025-02-13 07:00:00,1513.653897569125,1516.019957417358,1504.837875359474,1507.3553398935194,7989.789252768889
2025-02-13 07:15:00,1501.8732006605637,1505.19189576944,1494.3320350524123,1494.463614243298,6567.201159555378
2025-02-13 07:30:00,1498.1126653639635,1501.3568613539323,1491.1441857358327,1489.8530715244199,5523.913807296142
2025-02-13 07:45:00,1485.0778032368983,1486.7628937390589,1480.5582893673363,1483.990061233468,3464.024888961607
2025-02-13 08:00:00,1488.089577802936,1492.7506104535778,1483.5370891968175,1483.6910165864638,8801.53888009981
2025-02-13 08:15:00,1518.3341674475334,1519.6056338668482,1511.1013581510542,1514.532575246023,4772.589828644466
2025-02-13 08:30:00,1522.5641343250386,1521.9777293668099,1512.7414491151853,1524.4511586116053,6079.185550705132
2025-02-13 08:45:00,1521.3774023495878,1530.5176557091133,1519.8547032866406,1527.9385635250528,6674.55880962803
2025-02-13 09:00:00,1529.239050338914,1529.28171478688,1521.0910275066078,1522.0182029662465,1813.7460990121833
2025-02-13 09:15:00,1516.7774817701563,1521.8015324064152,1511.930205361767,1515.694528081412,2354.0659944303784
2025-02-13 09:30:00,1496.935115168783,1495.1230989143169,1487.7138791376276,1488.8454367823329,4272.390667682812
2025-02-13 09:45:00,1515.2799090543522,1521.527468316469,1507.9910012779937,1515.3948028347395,6347.778200161733
2025-02-13 10:00:00,1538.220780866947,1548.8258439590365,1538.868232366333,1543.7468902032856,1148.5606210127937
2025-02-13 10:15:00,1533.565236235667,1538.6957650556221,1531.9770561193586,1538.2668681794582,6076.956876545218
2025-02-13 10:30:00,1561.3724958306948,1559.9744709919896,1553.327925389591,1561.0135155929509,9114.613125955228
2025-02-13 10:45:00,1551.9723910305331,1552.7978014484152,1543.09570043323,1546.7936468764765,7105.423863172894
2025-02-13 11:00:00,1538.127758966185,1547.112641704445,1534.7003553289662,1543.960297693207,6555.332448358728
2025-02-13 11:15:00,1524.7846269666056,1533.6515599495656,1523.0773152744985,1526.0158891901142,2364.1378249061454
2025-02-13 11:30:00,1532.7593227829875,1540.5166761352589,1528.9173788238393,1538.905787945211,5365.651900443933
2025-02-13 11:45:00,1535.60506518419,1542.702232245108,1527.6349170442543,1535.513949748067,6293.1060777802095
2025-02-13 12:00:00,1570.3318693937827,1574.7195878112475,1562.796598173613,1565.8045200081526,8545.730590882933
2025-02-13 12:15:00,1578.6319691201577,1587.9137089679573,1577.090003366844,1580.6261515250828,5382.556292206057
2025-02-13 12:30:00,1576.3796666918777,1581.5221945062717,1570.6686196984874,1579.0696289659493,5568.544664097675
2025-02-13 12:45:00,1586.3881130184213,1596.605866772498,1586.3284689370587,1586.8483367208757,7805.719427439372
2025-02-13 13:00:00,1603.0374878490302,1611.9631823516265,1601.3792202329314,1607.1014304935156,6678.88779768559
2025-02-13 13:15:00,1600.133753193965,1599.4601856227964,1588.9624026381193,1596.6243372191775,4028.9777320216867
2025-02-13 13:30:00,1604.400596888355,1604.9135341756096,1599.6667870081258,1599.5135025225989,9057.815305150445
2025-02-13 13:45:00,1592.0063651925789,1602.0571054938418,1593.1699480619186,1599.9022343902343,3636.38052337042
2025-02-13 14:00:00,1616.1210728803942,1623.356957402143,1610.3465564255205,1618.1205253029007,7266.92888765664
2025-02-13 14:15:00,1582.047521222832,1584.3432716702355,1573.393839355013,1579.0781370806274,4531.283300957134
2025-02-13 14:30:00,1576.887872878754,1581.7137652572112,1574.4873935914202,1574.9142062817766,1692.4979893581099
2025-02-13 14:45:00,1554.1614621012448,1556.9650741886833,1546.8123777947521,1548.653319128349,6730.229776910027
2025-02-13 15:00:00,1548.9421356509322,1551.4172012889708,1538.9091933395716,1549.0488233822073,7135.892102306205
2025-02-13 15:15:00,1558.8473165550129,1558.1015995525534,1548.5502653712608,1552.9154579449323,5507.492402633826
2025-02-13 15:30:00,1544.664656805598,1551.5681146809113,1540.9177323664137,1548.0168993572324,2451.4447029867697
2025-02-13 15:45:00,1527.8903846373514,1535.107704841321,1526.9820686946807,1535.0377861967065,5525.489655351528
2025-02-13 16:00:00,1517.1344468271914,1522.496658731976,1511.948832271686,1515.619198244402,2061.8601056574093
2025-02-13 16:15:00,1529.5324411498723,1529.8235483676933,1523.9428533365904,1526.6003389507164,810.3063303867574
2025-02-13 16:30:00,1515.5655956205483,1521.7122475558106,1512.3843642204392,1522.9992248285048,4296.206895109666
2025-02-13 16:45:00,1495.0389033264682,1503.4892712313451,1495.3961759363578,1499.6691658701245,2011.6542364105258
2025-02-13 17:00:00,1494.2351644065154,1495.4709156450272,1487.480368569462,1490.484689281803,6573.004033127236
2025-02-13 17:15:00,1480.0038553626757,1489.1247705236988,1475.2086280345736,1483.1810591748115,7224.158202647071
2025-02-13 17:30:00,1486.2550905744638,1491.223580954576,1482.5561702620594,1482.1980335906176,8805.920417877627
2025-02-13 17:45:00,1485.3306737132657,1486.4026294459557,1475.5264623135042,1484.7780654574376,9670.079751893221
2025-02-13 18:00:00,1477.1226015635568,1483.6131973334855,1471.548093429119,1480.5420205082303,5528.857583984212
2025-02-13 18:15:00,1494.2594970105995,1499.0174572472208,1491.8726707354456,1499.5086721420694,1045.0420509884239
2025-02-13 18:30:00,1493.5327071727643,1498.1909209007988,1490.871512458409,1495.1171136682788,9748.679776361902
2025-02-13 18:45:00,1472.6546547397447,1474.40071595624,1468.5312273316374,1472.4931506527487,1379.0287467037138
2025-02-13 19:00:00,1451.405222850754,1457.1613308221547,1446.8110515899282,1451.0936323838844,5523.04277411568
2025-02-13 19:15:00,1433.0016383688796,1439.780632701239,1427.541193145292,1436.1738461743723,5147.467575391646
2025-02-13 19:30:00,1430.7370520998827,1436.2017693207397,1430.0360689245883,1435.9979324627177,5447.6907710804735
2025-02-13 19:45:00,1454.826635924456,1454.0301501187075,1447.5363440059054,1447.790688874208,8915.294766688108
2025-02-13 20:00:00,1441.733665475242,1446.5370481688938,1436.735240964734,1447.664664251906,7571.050486289137
2025-02-13 20:15:00,1455.5190934710258,1452.8747828454168,1442.958125591196,1451.7195610973124,1898.4239111761422
2025-02-13 20:30:00,1470.099749859562,1475.5216600369386,1462.2779538070756,1469.2711743440566,6435.865855893518
2025-02-13 20:45:00,1480.470332862762,1484.6054861854263,1474.2299973189981,1480.7271993505208,7282.523341048762
2025-02-13 21:00:00,1468.5605224012886,1473.0187303212047,1465.3853269545743,1470.3547405570612,8294.877967236738
2025-02-13 21:15:00,1450.0086257498997,1458.557141766012,1449.9066658749944,1457.7995826335052,8229.368242839217
2025-02-13 21:30:00,1415.6614758714986,1426.0767499856845,1412.9125622479391,1423.8486410232001,5013.997838243907
2025-02-13 21:45:00,1415.9257050148024,1422.5091343210497,1412.3971825396543,1421.1095386704624,6938.271094070197
2025-02-13 22:00:00,1435.8949751380803,1436.4433067442835,1428.27993643086,1437.892463002811,8971.360842976785
2025-02-13 22:15:00,1452.254877184312,1452.6578275572415,1446.4516870557436,1454.5223847531877,263.5359174941088
2025-02-13 22:30:00,1452.1555160832593,1454.7117919643888,1445.8255574019367,1447.0465916248486,9771.947457151073
2025-02-13 22:45:00,1429.4867543698115,1438.9499878749384,1425.6300297233531,1436.2391516973692,3324.2519665364134
2025-02-13 23:00:00,1409.500237049385,1412.0667902710009,1401.8680617417224,1403.9614676444403,4992.881924420754
2025-02-13 23:15:00,1399.6533362282505,1407.1830684127733,1398.294107599786,1408.3194979404461,5666.322818389647
2025-02-13 23:30:00,1390.2786765601936,1389.291932656823,1382.4015290221244,1388.8208003442999,7007.817167908122
2025-02-13 23:45:00,1377.0502650018955,1377.7731635200262,1370.062444018679,1379.2955181867055,8735.265223405017
2025-02-14 00:00:00,1398.4895747622193,1400.7087878814148,1392.1411899522218,1398.305372162176,8163.920874387867
2025-02-14 00:15:00,1384.261020549992,1389.397416128641,1376.7769332132475,1386.6665863706019,3263.2707924292868
2025-02-14 00:30:00,1386.0955441659548,1391.7286884926734,1380.4766139726412,1390.7145160504817,7702.4706999082
2025-02-14 00:45:00,1420.4101191332386,1421.4737756508716,1412.166435144544,1414.7215788451613,7060.993334873536
2025-02-14 01:00:00,1400.0331278774065,1409.4645116639758,1395.855017623042,1399.6225298574818,5944.7852699155765
2025-02-14 01:15:00,1404.054923166025,1411.66212074436,1401.251978772138,1404.9166130302165,3494.7004152995523
2025-02-14 01:30:00,1400.9602040710308,1407.1697015416034,1394.9038949606534,1404.4608402661868,6546.142906707381
2025-02-14 01:45:00,1407.6927449718967,1416.7558025826283,1403.8359980210016,1411.0978902563693,2964.243364512564
2025-02-14 02:00:00,1396.8029334938683,1403.7013173097216,1392.886290137204,1391.9081719304265,3120.801591217009
2025-02-14 02:15:00,1391.7289418497423,1399.3750467809725,1390.2798811230457,1390.6202409749865,317.2011948221167
2025-02-14 02:30:00,1373.4291308655233,1374.8774765979824,1364.8277551260867,1370.5154230868986,5810.311973809073
2025-02-14 02:45:00,1370.7602419505154,1376.5475908272886,1368.2044367557462,1377.640507763723,1647.3247921275545
2025-02-14 03:00:00,1375.598296538508,1380.5415856348914,1371.08925292428,1380.7323168577784,8855.585528530426
2025-02-14 03:15:00,1346.0235304420103,1349.8273505806335,1344.0692879612152,1351.300999246237,991.6353422071741
2025-02-14 03:30:00,1345.3299200266106,1350.1299433451609,1338.6800129360568,1341.6342838018431,8474.80982790928
2025-02-14 03:45:00,1308.4645518889524,1310.6250296295686,1300.635929716607,1310.8579914478903,3805.260846197823
2025-02-14 04:00:00,1312.6000904944353,1319.748725627417,1313.9546095964402,1317.1369048298502,3718.150934283896
2025-02-14 04:15:00,1287.4936149489765,1294.3598238862464,1283.1130776291127,1294.989808421747,8701.043110406094
2025-02-14 04:30:00,1287.322219827145,1295.3181513313525,1282.432366345499,1288.0833253561548,2592.1882079825064
2025-02-14 04:45:00,1280.2373580358365,1285.4377449278436,1273.8823596426341,1277.945503090224,7725.651473781779
2025-02-14 05:00:00,1248.6044948990937,1252.958902766632,1245.1976223455642,1246.5134003291212,8476.491326045782
2025-02-14 05:15:00,1238.6332843539253,1246.365956558635,1233.6111697688489,1235.2524045976065,8735.697104467346
2025-02-14 05:30:00,1236.0711542578983,1235.6718459026804,1229.1547311324284,1232.5713471523557,6960.166885948216
2025-02-14 05:45:00,1218.3098627207337,1222.3359486262145,1212.498229395398,1211.029094213535,7205.058171718913
2025-02-14 06:00:00,1220.0234376881904,1228.9249812143894,1222.4148402725384,1228.9903727340147,6106.23518061669
2025-02-14 06:15:00,1222.2876444069502,1230.6476731107364,1217.0666172060376,1227.3441457007827,8019.942785367394
2025-02-14 06:30:00,1193.4024065206852,1197.141077777957,1186.5973070691116,1190.9642499029655,558.2178033944954
2025-02-14 06:45:00,1207.0381921349037,1218.1650597179264,1207.8542851328039,1212.717608458907,7994.905543787704
2025-02-14 07:00:00,1204.3057172553738,1211.2229206651366,1204.8452786864616,1203.3408433315053,7588.98730875615
2025-02-14 07:15:00,1219.6968906094935,1225.7639844563998,1212.7503502633865,1223.0159601567602,9078.82893125409
2025-02-14 07:30:00,1206.2789871709483,1216.753038150246,1203.3705374359336,1212.4439684523563,4689.903101573632
2025-02-14 07:45:00,1205.7998748912657,1205.9282768702965,1200.1115315675913,1198.7261965271537,7094.559787474024
2025-02-14 08:00:00,1204.8667291966037,1216.2744676124112,1207.1750908561971,1213.586573393707,8825.57308622752
2025-02-14 08:15:00,1188.6692440120355,1193.8547905937555,1187.2434213882923,1192.544796240994,2867.275625792168
2025-02-14 08:30:00,1193.1720318080688,1191.5625861948054,1182.923681239382,1185.467687676561,957.7088345079111
2025-02-14 08:45:00,1183.4045203367707,1183.8144227747352,1173.8730153996864,1182.1266894300657,1474.4628757735145
2025-02-14 09:00:00,1160.8763929685194,1167.4403741526087,1157.7624467271876,1161.2606579031983,1278.9194172255216
2025-02-14 09:15:00,1179.9491491096626,1181.688176495893,1172.6735902461237,1174.4846808137331,5011.505276835744
2025-02-14 09:30:00,1191.6521207205155,1197.4258611748703,1186.9822400928479,1190.8718099968612,3870.449173606226
2025-02-14 09:45:00,1206.547941777249,1213.848177110465,1204.1927806962565,1209.627529388377,3604.7116307308283
2025-02-14 10:00:00,1179.6437457886666,1187.5937502536176,1172.9952700144565,1176.7551192050828,1672.405097388433
2025-02-14 10:15:00,1147.461647032956,1155.8904394656172,1147.0139367628785,1151.493444484448,6771.216839449107
2025-02-14 10:30:00,1144.7193411877568,1147.1801789780732,1139.5845767783562,1146.462258092681,8597.955733443943
2025-02-14 10:45:00,1139.72967351358,1140.0032846973463,1129.1726396569748,1136.4867206488268,9510.67071620205
2025-02-14 11:00:00,1108.5191681829554,1114.6585895153137,1105.3767408876631,1111.7498130303952,4420.9384015457
2025-02-14 11:15:00,1123.6656679625241,1129.6498559851034,1123.0529305561643,1128.2879137865248,4967.439681426256
2025-02-14 11:30:00,1122.3747882999382,1133.0018950170804,1122.5840851347327,1127.3156680296515,1554.0110314185708
2025-02-14 11:45:00,1113.3655004821755,1116.2696579979015,1108.828324908583,1115.927879964934,8986.876196389592
2025-02-14 12:00:00,1107.7996176661866,1117.1016427338552,1101.6520259498566,1112.5531743725958,9569.31416987224
2025-02-14 12:15:00,1106.0828016441628,1111.3614035612318,1098.5736929482014,1111.3907170995851,8917.057679337218
2025-02-14 12:30:00,1093.0835812352893,1098.0335818514743,1093.5003696569645,1096.5690187611383,1067.8623411696667
2025-02-14 12:45:00,1100.3522975134547,1101.093867338255,1092.5549091926393,1096.070264664528,5921.4277451998005
2025-02-14 13:00:00,1125.1666293522592,1126.8005117348987,1117.6044402263985,1119.2292640686942,461.0745648314053
2025-02-14 13:15:00,1120.83168020039,1129.4628625854289,1118.9400163968776,1119.3610885978417,7445.725177779161
2025-02-14 13:30:00,1133.3032511988056,1140.0909695619737,1128.713089717369,1136.6760369364847,7179.064635308527
2025-02-14 13:45:00,1124.8583677610873,1129.4431499809882,1121.1894644662134,1122.5221488207017,1964.0944025954864
2025-02-14 14:00:00,1107.8387512511035,1117.5642066458242,1107.302275357834,1109.630390607093,426.0318923574815
2025-02-14 14:15:00,1146.2838272599367,1155.287734683385,1147.4463907889992,1146.3037187287741,5650.550137946005
2025-02-14 14:30:00,1149.3325812472842,1157.804244415131,1146.2638532334438,1156.4050531556668,5971.885086369381
2025-02-14 14:45:00,1168.0423582321305,1168.2034053641396,1161.8876949234698,1170.3379563244148,909.7719753525027
2025-02-14 15:00:00,1168.5223528609504,1170.0164159672233,1158.8156358853366,1164.4425510780568,7486.32618153121
2025-02-14 15:15:00,1192.2961218797407,1197.5616433179152,1184.7348322082719,1191.2694238812012,773.842631240548
2025-02-14 15:30:00,1176.5680093303104,1179.870883438685,1169.929069947933,1178.9397392873677,6735.868120017855
2025-02-14 15:45:00,1164.938098710039,1169.2316724358552,1161.5111857280347,1164.8502516044712,9097.382889113229
2025-02-14 16:00:00,1187.0144294200118,1190.7612843077934,1177.39628856944,1185.9073576009146,540.9893401127783
2025-02-14 16:15:00,1206.370810182653,1208.3654050668683,1198.5510829122952,1204.357438572166,8745.544669166899
2025-02-14 16:30:00,1197.8944423680675,1201.0246764190972,1188.1143747220501,1194.672610549227,1064.0459008918074
2025-02-14 16:45:00,1207.8812321466692,1207.7627218805185,1196.6242045241927,1200.4788045228245,2290.9582033510037
2025-02-14 17:00:00,1218.0317852284402,1217.0429115635707,1211.200940937614,1214.0787425378082,3574.262624206188
2025-02-14 17:15:00,1234.3840910196282,1236.9432349159722,1221.9747509424947,1230.0018199580827,4575.672554460155
2025-02-14 17:30:00,1237.4292097764662,1242.975720332567,1232.8051192618436,1237.7947090592506,2749.1081847337796
2025-02-14 17:45:00,1245.3889693255846,1247.005498228563,1237.6685072519022,1241.2213740937989,8971.527422964484
2025-02-14 18:00:00,1226.1845443917632,1233.0059214120845,1221.1242478467088,1227.2724021443837,8943.457193340442
2025-02-14 18:15:00,1239.2995609073485,1243.6125975675982,1228.315365931504,1235.2411440884127,1068.473154513385
2025-02-14 18:30:00,1228.5989149157347,1229.6499383757664,1220.293538301173,1227.7608864030076,5979.420884970043
2025-02-14 18:45:00,1216.5030795679718,1220.2442086927197,1214.2049013580165,1217.0164730909955,7581.297678119492
2025-02-14 19:00:00,1227.1642023355178,1229.3867013035592,1219.965587423316,1225.167010243685,9644.064966786764
2025-02-14 19:15:00,1242.7216027154402,1239.9797399858874,1230.3289270535956,1237.1628886094866,5315.477291689263
2025-02-14 19:30:00,1263.5860517543758,1268.4017562120362,1257.2849313540632,1259.9981208656911,6464.249970832711
2025-02-14 19:45:00,1252.6531954769364,1257.82880529287,1250.9585313449445,1253.0840550200526,8849.011538700113
2025-02-14 20:00:00,1269.7987058151982,1273.0086544396074,1262.2029816392103,1262.5969716409234,7134.18115685445
2025-02-14 20:15:00,1268.8227766284313,1272.8977950925043,1266.5047148985811,1264.1973896492677,7103.107258582916
2025-02-14 20:30:00,1256.1878311088717,1261.737152403683,1251.2201710771512,1259.7502680068278,5262.746957231298
2025-02-14 20:45:00,1259.8761710830258,1259.739913276704,1249.914658686008,1257.4734870078619,9487.131544317048
2025-02-14 21:00:00,1255.1426641130574,1256.3833665256939,1246.8186776600544,1254.047197819403,5123.806253115125
2025-02-14 21:15:00,1269.3662161829643,1268.1809257671405,1260.683760143557,1264.8254538755884,7452.713477429558
2025-02-14 21:30:00,1249.5886782709485,1257.8627130888096,1245.1754635434736,1256.597426620011,8239.298124362856
2025-02-14 21:45:00,1274.4121269029265,1281.5156241116185,1266.408706731907,1278.4014707844674,3990.622267187422
2025-02-14 22:00:00,1252.7593325173818,1260.6800122838063,1253.3589835477671,1258.7627333259543,8367.753028482895
2025-02-14 22:15:00,1227.4605931843512,1238.4067492641386,1225.478033962058,1232.3839688416058,763.935888320338
2025-02-14 22:30:00,1211.5045206551124,1220.5125072643307,1210.0847217532855,1217.1425994887047,9747.95888739569
2025-02-14 22:45:00,1234.5790435057202,1243.1511615043978,1229.9555405204846,1234.9123311085555,5080.985549877913
2025-02-14 23:00:00,1250.5858981043245,1257.667860865177,1247.7749411317197,1255.4998191449267,9576.778302214721
2025-02-14 23:15:00,1247.9687032002284,1254.208122624175,1245.1458776400136,1247.7234263572507,8220.651316947577
2025-02-14 23:30:00,1260.1094115796109,1267.9391188445707,1257.3080640760145,1259.3954482455463,5583.273325260248
2025-02-14 23:45:00,1263.1130234663615,1267.3167674877845,1255.2042415500425,1264.088141731722,2519.719978796275
2025-02-15 00:00:00,1264.9610427689133,1274.894525751417,1266.2902071098338,1270.4271281593467,5715.627743429147
2025-02-15 00:15:00,1266.7607575499305,1275.4341095839775,1263.3643597114544,1262.823438969287,1613.2456388720118
2025-02-15 00:30:00,1279.0655129830411,1279.6296842641818,1274.325302706675,1279.4498783116633,398.24179779515765
2025-02-15 00:45:00,1288.7250325710188,1289.9809982587713,1281.7094149496938,1287.9507247853226,8377.300588053977
2025-02-15 01:00:00,1298.6844282764157,1298.2911097492306,1289.748586989454,1297.5119567451738,6465.150016618904
2025-02-15 01:15:00,1324.1121206848773,1326.6313606918334,1316.233725165581,1324.3111674832176,1859.7016313156153
2025-02-15 01:30:00,1330.8267398332002,1338.0759567066864,1326.2589376177102,1331.3010508482928,1996.5053554519736
2025-02-15 01:45:00,1337.6033330120194,1341.6450866417738,1331.251803484978,1335.9191197204168,5814.822311594516
2025-02-15 02:00:00,1352.418302278643,1359.9071463829923,1346.9007290782772,1352.536458622783,3190.857259387651
2025-02-15 02:15:00,1350.1151908929985,1354.2574044260664,1344.823019654891,1352.817390962957,8843.982436675395
2025-02-15 02:30:00,1353.950539621808,1356.021027361137,1345.1005043643404,1348.5455653842369,2815.5368876941398
2025-02-15 02:45:00,1346.004705346178,1349.252972320782,1335.9063297126343,1345.6345130660943,2399.099229919387
2025-02-15 03:00:00,1359.2010057831856,1362.786018301855,1357.0447803188865,1355.2045074076957,6512.098897427125
2025-02-15 03:15:00,1365.6840666933272,1376.0788943299692,1361.551031612003,1372.5097823779038,444.3041496595342
2025-02-15 03:30:00,1352.3163628539937,1360.2730393796035,1350.9699446377251,1353.5373347201125,9207.847401130466
2025-02-15 03:45:00,1371.3926925346755,1377.32438759305,1365.0397131587106,1375.8099037173647,3855.0030558440817
2025-02-15 04:00:00,1378.6351374505718,1386.8350934181829,1375.6015381514048,1384.7221673790107,5787.4029946332785
2025-02-15 04:15:00,1403.8194914623168,1409.8195033786624,1400.910150005425,1403.518775868495,3973.9594128230137
2025-02-15 04:30:00,1428.2983864573214,1425.609699753467,1416.5858898251815,1418.766542052735,6938.447897880197
2025-02-15 04:45:00,1390.1738400871357,1395.0924601643123,1382.878617418049,1391.3728809701886,8647.189835341755
2025-02-15 05:00:00,1374.171318176489,1377.2465786532805,1372.1041481615557,1372.3613301998232,5581.779355239162
2025-02-15 05:15:00,1375.9748770859046,1382.1681684492655,1368.4257978925768,1376.7658334257521,7987.655297460793
2025-02-15 05:30:00,1371.226001879274,1369.310113754807,1361.0368652625446,1370.3194023134183,8447.669813882312
2025-02-15 05:45:00,1381.7033456968472,1388.1631270071925,1379.0779253111155,1378.4602223404138,2902.5524864852014
2025-02-15 06:00:00,1394.39266837203,1395.8100464799368,1385.5491310278608,1387.1092889551478,254.11430986854117
2025-02-15 06:15:00,1407.2140469266656,1411.436950146973,1395.6892381061991,1400.1972027834013,4724.047450773685
2025-02-15 06:30:00,1395.526373384899,1399.1331218725916,1390.4416377465168,1398.9573018039023,9404.76634456021
2025-02-15 06:45:00,1392.4920179545481,1400.5280931167633,1390.1576848730328,1390.324727084874,9601.75017255323
2025-02-15 07:00:00,1386.4053391147302,1387.7903376739746,1376.2559757631113,1385.0862110573642,8261.219291811269
2025-02-15 07:15:00,1378.7515683298384,1378.3618947775533,1367.6064700873592,1379.312516996312,7699.35767630509
2025-02-15 07:30:00,1395.1009412638452,1401.290199884835,1390.11580506188,1398.0086383295065,7934.545731919653
2025-02-15 07:45:00,1393.017375252533,1399.9818671834644,1390.1039615667323,1399.627734859522,7524.48891560339
2025-02-15 08:00:00,1416.6890106901897,1424.417937218294,1413.266576159961,1421.0902589337722,1529.2460631268655
2025-02-15 08:15:00,1447.6558211538677,1450.9063241695221,1437.8137097752299,1446.042110692577,8310.832312039624
2025-02-15 08:30:00,1448.0803781814727,1450.2282047916517,1439.3929945293949,1441.266444273602,9648.61485035336
2025-02-15 08:45:00,1426.0995607050695,1430.9733460504492,1422.8178903943408,1427.111727643834,218.84081984147838
2025-02-15 09:00:00,1428.5093204710136,1428.97110384266,1417.3480609862863,1423.122279837603,4988.82100290618
2025-02-15 09:15:00,1423.4450119498188,1430.671419954182,1418.7114325038347,1426.8001621520705,2728.074027716227
2025-02-15 09:30:00,1424.630448122137,1426.1708090271413,1419.2014763287284,1419.4191345452016,4992.230929550804
2025-02-15 09:45:00,1442.1915370855834,1446.9318873395118,1437.3875821502663,1447.6980871091444,6534.21071423122
2025-02-15 10:00:00,1457.6250762596255,1463.6243055265727,1451.9119139114337,1458.4991155975897,1620.2085082552296
2025-02-15 10:15:00,1465.7403996287273,1462.7953326320771,1453.8453525524194,1463.2648624867422,277.42544869098265
2025-02-15 10:30:00,1427.80930905323,1429.931410201457,1418.1458634808548,1427.505805813843,7659.146228380143
2025-02-15 10:45:00,1463.320190550473,1467.9465285443114,1459.157016888961,1467.1298458224662,898.909324094712
2025-02-15 11:00:00,1483.51164512121,1489.8393809256136,1476.7551250997424,1480.2980087790886,9690.798805490525
2025-02-15 11:15:00,1481.5748304668002,1493.8598285202647,1481.6767251986284,1481.2545986716827,4689.605589727665
2025-02-15 11:30:00,1504.9264002480415,1506.4572048724601,1500.589615513551,1507.8867614643668,1677.462128825687
2025-02-15 11:45:00,1516.4189169875365,1517.1892212354587,1507.8391904174166,1509.6753558379564,3742.294661885622
2025-02-15 12:00:00,1506.5415682390023,1508.6730314979027,1497.3351850745555,1500.8047362578081,372.1050637396481
2025-02-15 12:15:00,1507.7926322418461,1510.6380530365675,1501.745078313557,1500.333956116457,8051.989812210531
2025-02-15 12:30:00,1512.160317936196,1509.9087678721585,1502.5947149137562,1503.3065708318518,1925.8412561813475
2025-02-15 12:45:00,1518.420678987795,1522.0718497789542,1512.152820830185,1516.6244845578356,960.1526872604431
2025-02-15 13:00:00,1523.4215021597092,1528.3998448357036,1515.609712438333,1519.4304505668695,282.63434249528643
2025-02-15 13:15:00,1500.9403152775533,1502.5277697200124,1493.7094763182326,1495.017269470604,9721.920945482445
2025-02-15 13:30:00,1494.0606212450555,1493.0967705623975,1483.1805510605357,1493.2204214481699,4284.507642103219
2025-02-15 13:45:00,1505.5825005486947,1507.6787426140397,1494.15975302753,1499.3360731933863,3797.122903990594
2025-02-15 14:00:00,1493.5656180036804,1501.4857562806262,1486.7414879697935,1496.981073565683,4823.519118368977
2025-02-15 14:15:00,1488.1327243834908,1494.7823652972857,1480.3078787203162,1489.9447200548648,2367.2784744866417
2025-02-15 14:30:00,1494.6696859445494,1495.7595449318,1487.2840842582086,1493.6285902263846,8239.13863032072
2025-02-15 14:45:00,1477.8078951999623,1483.6473629339573,1477.407871444656,1476.7072911114647,1734.8837501206926
2025-02-15 15:00:00,1464.907374629749,1465.300516668047,1456.868459351878,1458.433012096766,7289.161367299513
2025-02-15 15:15:00,1468.1216087029798,1469.2229492558358,1461.355242348439,1461.7218615642853,8538.084337448288
2025-02-15 15:30:00,1457.7830194569938,1464.2908043317184,1452.6440767375043,1456.6905421282859,8917.383704868076
2025-02-15 15:45:00,1468.2906981111767,1473.3847789822232,1468.3296335675623,1466.4400007016256,2206.4286437097944
2025-02-15 16:00:00,1457.4572437445586,1464.3094793457328,1454.1800862293294,1453.4053881562218,8083.481585457649
2025-02-15 16:15:00,1426.687991004642,1428.7768226529877,1420.1255597926909,1428.1731733445251,8431.784514893387
2025-02-15 16:30:00,1435.0125719563223,1437.3310867439552,1424.0479971269808,1426.9423987136793,8976.834664013186
2025-02-15 16:45:00,1429.9180876928936,1431.3417026911334,1418.6031028302073,1422.9535929232172,6006.073687498485
2025-02-15 17:00:00,1423.4652202550808,1428.5704945838686,1420.9321971220063,1428.6710664128914,874.0266419993154
2025-02-15 17:15:00,1413.5659297196507,1412.8740093681395,1406.7654076219094,1407.3829351420213,6918.417908981011
2025-02-15 17:30:00,1424.727104657251,1435.0095670448882,1423.595309034226,1425.254548544997,3913.1215889829764
2025-02-15 17:45:00,1430.493294447055,1435.7954301879229,1427.0219009113232,1430.0533666617964,3294.5943367770296
2025-02-15 18:00:00,1464.4397661727603,1470.1135049788948,1455.1222512665247,1463.442524405772,5007.988435735729
2025-02-15 18:15:00,1493.0140823592064,1505.1220777379528,1493.3421688565477,1495.119050028182,5292.451529962886
2025-02-15 18:30:00,1498.0786635311717,1505.988758739818,1498.624172179224,1501.3478456608013,3931.779742356295
2025-02-15 18:45:00,1501.0607663475557,1506.0390127728288,1497.4737745070665,1503.1287702466748,2787.8735571848083
2025-02-15 19:00:00,1486.4683216170693,1489.577899016184,1480.781354073279,1483.4291805273588,3809.2769865453256
2025-02-15 19:15:00,1500.3090854986826,1500.1078239545448,1491.236882783117,1493.9769378470075,7181.243623720424
2025-02-15 19:30:00,1519.0058177081485,1520.8140059841749,1508.8035233296137,1517.5972603916857,9694.999008322317
2025-02-15 19:45:00,1507.3063010514845,1510.4587792074742,1496.9749955948653,1509.070336021352,2984.1026304038674
2025-02-15 20:00:00,1522.4920584391932,1521.9883478797517,1510.6679275836734,1520.541962398834,8366.56746117136
2025-02-15 20:15:00,1524.0365708508953,1528.7151034354158,1524.029157812692,1525.7121118000905,347.23072857138266
2025-02-15 20:30:00,1520.1582828474018,1519.112578280947,1507.7259262440093,1517.027755254652,1584.4352647371252
2025-02-15 20:45:00,1513.1345524359756,1522.373181661161,1514.735104528149,1517.4602494391322,5336.318601859317
2025-02-15 21:00:00,1501.7929528991633,1504.5282801951562,1492.1901246093712,1496.4996139782952,2554.494668745386
2025-02-15 21:15:00,1502.1439680007136,1510.8541733053266,1498.3664134377534,1502.9175216525546,9534.573750305522
2025-02-15 21:30:00,1521.4603716548754,1524.7436512868821,1514.992367646582,1520.6548384555238,961.6673558102046
2025-02-15 21:45:00,1510.133502415114,1517.8901071744672,1505.544813051319,1507.140298367435,1241.8865166725632
2025-02-15 22:00:00,1543.4477802166334,1549.2193648914142,1535.8578561199656,1544.0461907614306,7112.796210764828
2025-02-15 22:15:00,1551.0925048885158,1555.269536088391,1543.6468315722982,1552.378289678016,9307.556726450037
2025-02-15 22:30:00,1569.0964087777334,1573.8144896013885,1566.2365476169866,1566.1032139699794,4617.80874833531
2025-02-15 22:45:00,1549.6227094746935,1554.8333769647484,1542.438038679252,1547.0403445298723,6863.08377235568
2025-02-15 23:00:00,1586.9741197616906,1592.541377329396,1582.3995395552645,1591.4914264161714,9637.33811910918
2025-02-15 23:15:00,1572.889247015428,1572.899525656316,1562.1097437157412,1571.409899311988,9460.63825441303
2025-02-15 23:30:00,1553.9095800825999,1564.2869290740086,1552.7422652941843,1560.4828597070414,2302.1830216349963
2025-02-15 23:45:00,1573.7167616216916,1579.07705462495,1567.4181171380023,1571.6381346027827,6655.495616563138
2025-02-16 00:00:00,1575.8023907707181,1579.4553143170926,1567.87654764499,1573.9648814569764,7208.9806831893775
2025-02-16 00:15:00,1571.3465398567887,1581.33686986995,1568.3660400701121,1577.330019756481,9291.370775114761
2025-02-16 00:30:00,1568.2555111112056,1580.3300417582661,1568.1917067218674,1573.671147884897,3527.351410797482
2025-02-16 00:45:00,1591.1931879561473,1589.887179124257,1583.915656386448,1590.723755960215,696.9293255169371
2025-02-16 01:00:00,1578.503028293877,1587.0296369968603,1578.8409617770342,1584.9633876903108,2972.2984586672665
2025-02-16 01:15:00,1590.6043250042417,1593.8156650014637,1584.4240872744845,1586.4352996174305,3833.367431004222
2025-02-16 01:30:00,1564.334581510434,1574.278966582874,1566.28851572282,1569.2030447323646,9022.387518984076
2025-02-16 01:45:00,1550.9429470488342,1553.0089371880488,1540.4286597443258,1542.3217844585392,4497.053646331808
2025-02-16 02:00:00,1554.8458591765968,1556.7343480052557,1548.498310698482,1550.7212572022736,2627.0564254922147
2025-02-16 02:15:00,1580.0829753000758,1588.089052002096,1578.5892061100274,1578.7358022564981,3998.966281777265
2025-02-16 02:30:00,1583.2846019440453,1594.8479858608107,1584.9128951458563,1589.7068840264528,4856.63060454271
2025-02-16 02:45:00,1572.021534979446,1581.101875379427,1567.6214675757149,1574.4134266390738,9391.954967026986
2025-02-16 03:00:00,1576.4480748351455,1584.6676251676815,1576.3930166317932,1577.3460675075098,7674.249637048313
2025-02-16 03:15:00,1582.9226929099805,1589.5346918114021,1583.9641017047245,1585.0808255060103,399.4140972110329
2025-02-16 03:30:00,1575.9314991758015,1575.3094243461017,1568.6373504244223,1572.011995584744,7154.377904621061
2025-02-16 03:45:00,1571.6217722299514,1579.4952850018587,1570.7433988712555,1571.190564009727,3495.3679737102484
2025-02-16 04:00:00,1555.3013293270246,1567.215052876018,1556.0942405019864,1561.7290607822817,7488.481979181373
2025-02-16 04:15:00,1570.3574877034257,1577.8721421919354,1563.8839363892118,1571.5486271679704,4747.341954855108
2025-02-16 04:30:00,1572.9659132895672,1575.5492661223404,1565.3282525028565,1565.2346066993548,8985.067894651345
2025-02-16 04:45:00,1560.8388331038748,1566.1860783423388,1559.318098506915,1563.3044409579363,7459.356914773538
2025-02-16 05:00:00,1555.2874912242671,1563.3031173812522,1551.7877452549255,1555.9792547850434,6273.598122162955
2025-02-16 05:15:00,1559.0987375423504,1568.6703099340002,1556.8986746299272,1558.1644073706368,6164.972582218021
2025-02-16 05:30:00,1551.5992370903564,1560.8769063599877,1549.3741032369064,1551.2434775959773,9775.953242877556
2025-02-16 05:45:00,1577.2037523892716,1582.0093251123938,1571.7793636172407,1578.872685722521,107.4387165861248
2025-02-16 06:00:00,1590.6860824321625,1598.136918550543,1585.3363313695554,1587.530253969015,2293.512345592962
2025-02-16 06:15:00,1584.4243837903146,1590.5742658499923,1580.4163329438982,1582.766104035656,7219.339104407861
2025-02-16 06:30:00,1548.5550900736264,1553.5462310638507,1539.8321092711108,1543.8637194253624,9842.953394676864
2025-02-16 06:45:00,1524.9884396908888,1526.9294720547616,1518.8103723725505,1526.019092015493,1844.1285400325985
2025-02-16 07:00:00,1518.822903206913,1528.201568597031,1521.4643354484174,1521.7044907020725,4098.19381052517
2025-02-16 07:15:00,1516.3064501689842,1521.8254527663103,1511.5940494876113,1513.708775005443,4609.3025072590335
2025-02-16 07:30:00,1534.186912565918,1540.1834097493793,1528.2294191057267,1532.5697404246491,506.28232188604306
2025-02-16 07:45:00,1527.553804299287,1532.5391742403665,1523.1104608047553,1525.9388907722512,6731.896311277836
2025-02-16 08:00:00,1515.212830996603,1518.4987446873217,1506.5333148597874,1514.1809188584605,9330.047382880886
2025-02-16 08:15:00,1486.7522543630453,1490.2862541360641,1479.757013073765,1485.8672015714728,7291.046042601167
2025-02-16 08:30:00,1465.948801701785,1471.314630514261,1460.1138942846183,1464.605113608647,8222.334407694048
2025-02-16 08:45:00,1470.7580481491739,1471.6816761741802,1461.611531068908,1468.6602025686327,8445.293945104204
2025-02-16 09:00:00,1464.7454087468534,1474.2123557157302,1462.482082614592,1464.6483631554672,4510.107861382735
2025-02-16 09:15:00,1453.0044462740022,1461.049262339065,1448.1974949272594,1457.204442883837,5235.788698531958
2025-02-16 09:30:00,1477.8724244552966,1480.9813656434017,1473.7628307883622,1480.9739584392246,2591.8942663267067
2025-02-16 09:45:00,1467.465086944116,1471.889593524992,1461.3975361657099,1463.8984881502709,8126.388074704829
2025-02-16 10:00:00,1457.2222574906905,1467.387491300901,1453.1411325214074,1460.5778661334923,9091.054588134544
2025-02-16 10:15:00,1470.2426757894223,1482.00372698614,1467.1218207622865,1477.6941783472664,3544.9409842631726
2025-02-16 10:30:00,1475.5190327254286,1478.243308095093,1464.4213672249707,1472.2267552899966,563.4973771249271
2025-02-16 10:45:00,1470.3128156228374,1475.2524533806336,1462.7879097845628,1469.535481652698,9271.249168329226
2025-02-16 11:00:00,1501.59647663696,1501.4441678596806,1490.9616288000877,1493.898391284303,7864.511602377141
2025-02-16 11:15:00,1476.1763053556479,1476.7450015843078,1468.2776124556976,1475.415737044451,2818.464341753009
2025-02-16 11:30:00,1473.3991039006346,1483.0185300581306,1474.4999977818795,1474.125009401769,7215.232125290841
2025-02-16 11:45:00,1496.4368841698322,1496.0359327021324,1488.2393537917628,1495.1994572268175,8757.812167133958
2025-02-16 12:00:00,1485.2014660843497,1492.0171589264169,1482.1802850136687,1486.8297680378453,2853.0897297074853
2025-02-16 12:15:00,1464.8630364050452,1466.0821953424909,1456.1289021216853,1459.617346876565,1297.6583075219262
2025-02-16 12:30:00,1462.4907993643149,1460.3373420717585,1450.1764226623545,1454.0070382829367,7134.2515634888005
2025-02-16 12:45:00,1482.3326754162545,1480.7266180365323,1470.0975703851375,1472.505977864631,5678.465738678297
2025-02-16 13:00:00,1465.2519221243285,1471.3621000730275,1461.738002840202,1469.9302920378993,5582.655934820702
2025-02-16 13:15:00,1466.6669386966867,1468.8538301860742,1460.4885997148867,1461.9559636074937,6585.2638157859055
2025-02-16 13:30:00,1443.009941548752,1454.4123643166108,1441.9449300976505,1448.8670443041888,6824.915512729851
2025-02-16 13:45:00,1458.5556284821025,1462.175640470105,1450.4765042363586,1460.4097549224784,8035.100504678575
2025-02-16 14:00:00,1450.2586137955077,1457.8125272526456,1450.1370909043997,1457.3332198419362,5855.414614216546
2025-02-16 14:15:00,1445.4872962910376,1451.5338672299524,1439.0957110677593,1449.286441739676,1666.8372731834384
2025-02-16 14:30:00,1430.1702537084957,1437.7254085607374,1430.5125920313278,1429.4105571164098,104.94862124080794
2025-02-16 14:45:00,1423.7091484311336,1430.0334151730297,1416.9678663323425,1419.791032997893,9786.324392239942
2025-02-16 15:00:00,1438.560481853216,1447.6525769168613,1438.663045033012,1442.3275626870623,3840.3530860153783
2025-02-16 15:15:00,1443.4600910470317,1444.9120282300496,1434.1072278849288,1434.5287964420993,2530.8296041908907
2025-02-16 15:30:00,1444.8865549484678,1453.4049767608412,1441.1237030058815,1451.178848240924,3303.5157361103143
2025-02-16 15:45:00,1452.5876056936595,1455.7638339478317,1447.9029070681418,1455.1086916844938,6455.063812762418
2025-02-16 16:00:00,1415.6508185409555,1420.761366281786,1414.1894527372697,1415.6308068028952,7756.141943490821
2025-02-16 16:15:00,1406.9755250026737,1416.5643267596554,1406.3507066391467,1411.5660287758083,9164.42209741265
2025-02-16 16:30:00,1416.4068479285477,1425.827574674825,1415.936041135118,1417.9001520111499,6791.506146802021
2025-02-16 16:45:00,1417.4874278073148,1418.4750351114458,1407.9241320450917,1416.847097310525,9619.95071015751
2025-02-16 17:00:00,1394.3094734729602,1400.6027524083784,1389.197563999199,1398.5675993642408,8805.292373499762
2025-02-16 17:15:00,1388.7386073485736,1394.2198180913442,1385.3140288772338,1391.1073267152083,5482.485659916915
2025-02-16 17:30:00,1381.213262458443,1388.7252885247915,1377.343649406554,1380.5060770357684,9625.83744324907
2025-02-16 17:45:00,1375.6853661819252,1382.6524840527406,1370.0687655566928,1380.984636528209,4428.5795627338985
2025-02-16 18:00:00,1379.7112290661812,1387.6771801186067,1376.298279773573,1378.705411957525,5337.711147126251
2025-02-16 18:15:00,1387.9212121980263,1396.1785161495602,1383.7931817268534,1386.2551720629317,5573.202751526234
2025-02-16 18:30:00,1368.6372152666677,1376.6438640498652,1363.5430159950163,1367.0154268018084,7951.216423460836
2025-02-16 18:45:00,1406.4302694273078,1411.8399549518042,1396.918587391686,1406.8436213324835,2323.5303247276543
2025-02-16 19:00:00,1413.3904894620812,1416.363861491714,1408.9125512791497,1409.9406883225881,7891.900395938713
2025-02-16 19:15:00,1389.971683695858,1399.412577775424,1390.6788077361878,1399.0131459720524,768.5973869216674
2025-02-16 19:30:00,1384.8984763735148,1392.9089623843843,1383.2729932812556,1383.5082906544749,7899.452429480202
2025-02-16 19:45:00,1380.4106636313118,1388.2089091577307,1378.5616099898884,1382.5035489841905,9141.853151851872
2025-02-16 20:00:00,1385.2174687235897,1386.6286349130235,1378.0927352434603,1384.636389174878,4790.889409768265
2025-02-16 20:15:00,1400.3492629336497,1403.364775068027,1389.381763544947,1393.3839110371916,8081.690872979719
2025-02-16 20:30:00,1376.010175241309,1383.8184850789798,1372.5770330527885,1379.8557025403302,1460.6721084315686
2025-02-16 20:45:00,1387.4622121810141,1394.471343445705,1385.125535028921,1388.6262793708215,3318.867358889379
2025-02-16 21:00:00,1387.8468167016324,1394.3269900799776,1384.7774640109244,1395.2720643906591,3223.0076890090268
2025-02-16 21:15:00,1415.2720073098099,1419.6853653924807,1408.521924620176,1416.9900238762998,5878.968876358792
2025-02-16 21:30:00,1402.2439474421724,1400.9445921452923,1391.4461744641058,1397.762751948934,4823.547267158889
2025-02-16 21:45:00,1395.0477930444317,1403.22223207308,1392.5317106056889,1392.1685817465038,1474.2220432259735
2025-02-16 22:00:00,1386.434264965055,1395.3013322795812,1383.162218190166,1385.1561972657669,3739.700735870489
2025-02-16 22:15:00,1360.4955147608525,1366.1268675902895,1357.4739254344565,1358.3850819928311,716.3515965330898
2025-02-16 22:30:00,1331.9946730909526,1340.4868052715044,1331.0347206908948,1337.3652745428435,6428.322661943076
2025-02-16 22:45:00,1358.4745254848915,1366.137399590142,1354.8177542433007,1353.6909986471312,1314.138798609549
2025-02-16 23:00:00,1355.39144590449,1361.7830907871814,1352.0919169576182,1359.5054548902688,1252.0874094101373
2025-02-16 23:15:00,1353.137364325788,1357.91200783482,1347.5881724394626,1347.627136195039,6237.039189558366
2025-02-16 23:30:00,1361.8027962110807,1369.2854229292834,1358.2849997901087,1365.7012877064624,4905.23017524563
2025-02-16 23:45:00,1311.2129788160703,1318.1065033423774,1307.822330771566,1310.921702112345,6471.730560405022
2025-02-17 00:00:00,1320.1618643113293,1326.8586588399392,1314.0328359353998,1322.977023616687,105.70661564593914
2025-02-17 00:15:00,1286.7596950993777,1296.281629065255,1281.9467327442064,1287.5699242645233,6843.9809033144675
2025-02-17 00:30:00,1312.22245185598,1314.7003717168332,1304.3007803981716,1308.5156258445934,595.3977755628506
2025-02-17 00:45:00,1321.378286950074,1327.0051444346802,1316.4289640770378,1323.7137951317416,3701.449283335631
2025-02-17 01:00:00,1297.9600599469572,1303.323510405536,1294.5925872222122,1305.6328394089617,3810.720286424991
2025-02-17 01:15:00,1278.705719971626,1289.0277780444235,1279.5789892831312,1279.2843936580514,4517.383283599259
2025-02-17 01:30:00,1283.169031572351,1292.8219830076812,1283.021311119724,1290.8302726910536,2632.94674541479
2025-02-17 01:45:00,1292.9231950197031,1300.4648594136852,1292.869861433354,1300.9435833224913,3481.129384622888
2025-02-17 02:00:00,1311.5623135225503,1313.0747004536688,1305.6534799684407,1306.5288553044659,6382.115324517883
2025-02-17 02:15:00,1302.9632037555352,1307.0571457665112,1292.6758656723487,1303.6062762940123,6471.8498279493915
2025-02-17 02:30:00,1304.7081511472884,1311.455333356378,1303.3487545945188,1303.4221848225593,6502.4312464640825
2025-02-17 02:45:00,1295.4706344936287,1299.7274195100688,1288.9539660908324,1297.5679774812133,5400.935641794891
2025-02-17 03:00:00,1321.6814631835052,1329.7287516241784,1320.1862368115019,1326.057428567169,7509.522369539218
2025-02-17 03:15:00,1346.5948194814055,1344.2759641403734,1335.3260425827807,1344.1459183728625,3188.470017264958
2025-02-17 03:30:00,1328.7165897414777,1338.755185491138,1328.7631808087629,1334.5685526696245,2737.7851432827756
2025-02-17 03:45:00,1309.8325477214175,1315.305841917752,1301.3921551177193,1310.7329028203626,4876.180140744635
2025-02-17 04:00:00,1298.6459622570076,1300.6277945920983,1291.5507155045523,1302.3257511585787,8894.618254997014
2025-02-17 04:15:00,1296.980373170698,1303.9464020310882,1296.0888972861576,1301.9341185884027,2354.793636332443
2025-02-17 04:30:00,1277.602190775233,1281.2017425150327,1275.6927126162263,1278.8893915791643,2681.6503253120463
2025-02-17 04:45:00,1271.49601116663,1282.4300697540532,1270.141363548319,1274.720123102198,7737.070949682883
2025-02-17 05:00:00,1277.9133115455404,1287.196759573131,1275.0107520034394,1284.5334521663813,104.87917418045724
2025-02-17 05:15:00,1292.8560847594972,1295.5025432102707,1287.331129198929,1290.2362922336922,8122.588726676475
2025-02-17 05:30:00,1287.8885108944378,1295.7791152352088,1281.6796150578107,1285.99993799831,1646.5711515853686
2025-02-17 05:45:00,1275.3724955822586,1278.0799952794732,1267.7696289232324,1271.993804560505,9791.899270413736
2025-02-17 06:00:00,1257.6431136401447,1261.4347488277472,1253.4228376094677,1254.850835243802,2983.877354333932
2025-02-17 06:15:00,1253.4286445251219,1261.7736784065376,1252.4715058084964,1259.9414247374425,8835.831139890666
2025-02-17 06:30:00,1247.3406928466795,1256.6208750774017,1247.7735800487962,1247.3977578687848,5210.050004888203
2025-02-17 06:45:00,1257.5997602469354,1261.1067138451338,1248.2280047598715,1256.1225782125314,8621.243366754135
2025-02-17 07:00:00,1240.7620573748966,1242.6514519900315,1232.7739777701872,1235.2852528336591,9775.209482617594
2025-02-17 07:15:00,1243.9969969014448,1250.04309064335,1240.9836646176093,1240.052484046328,1331.5571970392916
2025-02-17 07:30:00,1219.8055155203547,1226.8469036270524,1219.2798541231093,1224.2319100431848,557.9696255182826
2025-02-17 07:45:00,1227.7148728279535,1226.909297913659,1218.0224325751853,1224.78854825477,431.6393171944531
2025-02-17 08:00:00,1195.80266779263,1195.7526617242863,1187.8253840565003,1189.5410732257617,4519.607931740724
2025-02-17 08:15:00,1184.9292733406085,1186.0359996774719,1174.5783879240144,1178.2123188855476,3040.006308908331
2025-02-17 08:30:00,1172.2700006641658,1179.597852527845,1170.7497942477908,1171.9924195805133,2045.6601071297166
2025-02-17 08:45:00,1171.3107024347194,1178.909619366405,1169.463027236078,1173.3776308042184,7428.035674128197
2025-02-17 09:00:00,1174.5795008168768,1174.5867007127492,1169.3309670813157,1172.5184688255715,5017.6761342241725
2025-02-17 09:15:00,1172.8043873872582,1181.4577205159383,1171.5647275557683,1178.819586710053,8718.15744897343
2025-02-17 09:30:00,1168.9547324779442,1171.6646821950367,1159.8783952924948,1169.2757544379276,8136.809841515602
2025-02-17 09:45:00,1170.422183751371,1179.4253246494018,1167.174078716845,1175.429579171782,3476.8407876848364
2025-02-17 10:00:00,1201.0194448576137,1201.1547466597783,1195.8097326681475,1197.0467850108794,7222.0661153897445
2025-02-17 10:15:00,1195.190190883669,1202.820510773892,1189.7633678881823,1198.990495010819,5347.744454104729
2025-02-17 10:30:00,1183.8616667592091,1184.8131448073336,1178.393799797882,1178.4941008252297,6320.779365165058
2025-02-17 10:45:00,1162.1587889429497,1172.2026135824872,1159.8622330713767,1165.666488400575,2815.6761820445754
2025-02-17 11:00:00,1172.245769011334,1174.201852607499,1167.5275467494978,1171.696556527387,4812.628574286868
2025-02-17 11:15:00,1174.7894745763501,1181.1675103915925,1173.9804119070848,1176.8430317937127,4154.797912376468
2025-02-17 11:30:00,1176.508173533278,1180.6168645120715,1171.6243950758953,1179.7997993420754,7581.594577468211
2025-02-17 11:45:00,1182.0949166061307,1191.3045388173261,1182.498195513078,1182.3493404798708,4436.806577750439
2025-02-17 12:00:00,1184.4291118867748,1191.434049256494,1185.223968029262,1185.0904930730467,6697.8786033846945
2025-02-17 12:15:00,1195.2393906368575,1195.3795707620193,1185.8529338388184,1189.9034912765642,5675.623216141278
2025-02-17 12:30:00,1206.1780320408718,1215.4300510286846,1207.431725221784,1207.312761193569,1003.7258135453816
2025-02-17 12:45:00,1225.490851093677,1229.839901745267,1217.6657915459064,1223.6820976088563,7181.220560339484
2025-02-17 13:00:00,1248.6562726903778,1257.7635182016338,1249.9194210366893,1252.1906228516716,8757.150391901023
2025-02-17 13:15:00,1268.5883441635515,1277.2520470812133,1263.3609607251994,1268.1475074499017,9302.858104799485
2025-02-17 13:30:00,1275.0334771727814,1280.271957782437,1275.633447804894,1275.7560179030047,3475.268850427259
2025-02-17 13:45:00,1260.9677218402624,1258.5905189374232,1254.0361932199626,1253.713014788076,6674.773426263411
2025-02-17 14:00:00,1277.879163731545,1284.689281964556,1273.0261584212947,1278.3011571629452,1081.9391647029538
2025-02-17 14:15:00,1302.562200578116,1314.414994429714,1298.6626189250821,1308.2584957088457,2969.0359278566084
2025-02-17 14:30:00,1301.9242640561579,1310.3925965271214,1301.144864791596,1304.3178827781644,1242.4448350539076
2025-02-17 14:45:00,1281.9901730929585,1290.307167455554,1281.6124902314248,1284.540039415502,3592.3577647020375
2025-02-17 15:00:00,1298.4010755351765,1304.0824257661268,1292.6541505170637,1298.200378957447,1616.1876965867752
2025-02-17 15:15:00,1292.6790062650896,1300.5363292173581,1291.9862635962925,1290.7749712072873,4077.5787538436166
2025-02-17 15:30:00,1286.0508964652395,1286.1190034157858,1277.5346386595345,1278.59923511124,8703.703791013259
2025-02-17 15:45:00,1284.1888013124994,1283.960764230732,1276.1630157800153,1284.274328844331,994.5096293392871
2025-02-17 16:00:00,1317.9643365933484,1321.6127439948327,1311.7324307913568,1321.6991684297852,9604.519388687451
2025-02-17 16:15:00,1308.742508240749,1318.9972307361388,1310.121546125839,1310.594191298357,480.5043463271296
2025-02-17 16:30:00,1294.4649562275779,1300.5303996823511,1293.2407319430265,1295.7979319550022,730.2362589338975
2025-02-17 16:45:00,1283.955466832001,1294.1894369089662,1280.9964188574918,1288.388105622809,2386.1158100710923
2025-02-17 17:00:00,1292.354059530236,1296.7774817193222,1286.5477214132816,1293.2499290461105,265.65992659189664
2025-02-17 17:15:00,1301.7424511663341,1305.2360569111775,1294.148318894858,1295.9348811028162,3015.439121146276
2025-02-17 17:30:00,1313.118447582508,1320.885291283474,1310.9982134609331,1319.0350218862022,7786.169320578124
2025-02-17 17:45:00,1295.4142644535066,1307.1649388082578,1297.7744390330613,1299.4861962747589,2923.709355632945
2025-02-17 18:00:00,1291.9677382640084,1293.7558213703032,1283.3300609700286,1293.1848656837055,9450.980495150274
2025-02-17 18:15:00,1272.3751169824964,1272.084963692902,1264.8520685684562,1269.9595254326841,1248.7504665510965
2025-02-17 18:30:00,1293.7699593453597,1302.6420811733997,1293.6045242054445,1297.1505518229744,8155.874307823732
2025-02-17 18:45:00,1288.543426162568,1293.9999652546182,1288.8745019070689,1289.5424078557558,4191.370817888407
2025-02-17 19:00:00,1285.7315406577293,1288.9509965457262,1284.4295736741667,1290.4398400321938,4800.958491336048
2025-02-17 19:15:00,1300.8896449051429,1311.08488618703,1299.1539853528266,1306.2923065061873,7942.981476621638
2025-02-17 19:30:00,1271.298679996265,1278.492938201237,1267.4793616490788,1277.7735593957323,5808.118570126471
2025-02-17 19:45:00,1266.5788455382012,1273.8697168214653,1263.6326004143357,1264.8206436074775,1028.5962089431573
2025-02-17 20:00:00,1272.9785684538726,1276.597087696013,1266.0253105900777,1277.1637626806805,4916.435105508669
2025-02-17 20:15:00,1268.9882772679057,1276.975187387206,1267.2472010050278,1268.970210645493,3499.7354861856547
2025-02-17 20:30:00,1284.6922262788253,1290.25544904579,1278.8989840153897,1280.676071124981,8421.82976871131
2025-02-17 20:45:00,1280.8893089324697,1287.0526418260815,1279.3498365561502,1279.7781173135959,8675.805004518288
2025-02-17 21:00:00,1280.9353954849728,1283.371629628641,1269.8231311370207,1278.3888876972367,6243.947479538095
2025-02-17 21:15:00,1249.0348328138664,1253.2800621500128,1245.1758796784288,1251.8927669135833,7474.744406591375
2025-02-17 21:30:00,1279.511518984462,1282.3787018127477,1271.6012902756129,1279.231012036122,7676.1326156708
2025-02-17 21:45:00,1290.9594414834762,1294.7957567999267,1283.882391367427,1291.9235552827122,6772.292185128471
2025-02-17 22:00:00,1307.1681112974843,1310.1317152158917,1301.4833281530632,1305.8586103789048,255.0657870279556
2025-02-17 22:15:00,1318.430290115147,1324.343586909467,1312.822512504845,1318.7983949805605,8477.553966082616
2025-02-17 22:30:00,1304.5312098499194,1308.8322233114784,1303.2628174819786,1309.0156030483604,4750.622731195412
2025-02-17 22:45:00,1319.9446597510632,1322.2337382968828,1314.2476540636526,1314.757010046684,832.6070138852532
2025-02-17 23:00:00,1316.8528092125116,1325.6407874374236,1318.6879694500435,1316.2020154234986,2403.779218098971
2025-02-17 23:15:00,1338.4981516009877,1337.7058064169244,1327.4295316585499,1337.395535379333,6706.379728888488
2025-02-17 23:30:00,1344.9517491129125,1348.8270891949464,1340.1246369599653,1346.5793853823136,8405.221421399385
2025-02-17 23:45:00,1345.5407459974963,1349.1267444894324,1335.7903174698133,1344.0333248509132,7527.557173440543
2025-02-18 00:00:00,1334.6711988161799,1338.6037884080924,1330.2222209524377,1332.17123459924,9445.91977390484
2025-02-18 00:15:00,1334.7308095902933,1343.3048586790276,1328.801824804059,1339.1668644451472,7086.981644771647
2025-02-18 00:30:00,1305.8174105072717,1311.6676582003702,1305.4763662821229,1312.8463959387643,5896.642807898315
2025-02-18 00:45:00,1297.3563369744284,1303.5689908392233,1293.3692641152177,1293.2624495842372,1875.3974777310273
2025-02-18 01:00:00,1298.7902203907831,1300.4707551906388,1290.9742386294636,1296.0455693142123,5775.8734234167205
2025-02-18 01:15:00,1298.390161229102,1300.9521730762822,1292.247352736934,1296.9154392717348,885.8676419711963
2025-02-18 01:30:00,1271.90760444482,1283.1567057082505,1273.7370388324812,1273.314866382569,9619.270013955227
2025-02-18 01:45:00,1241.3449557733845,1245.921390668897,1236.0705149455553,1242.0887899566542,8833.488925497471
2025-02-18 02:00:00,1227.0560535644531,1231.8780608541326,1218.3308052400535,1226.3805243802376,5881.890611392684
2025-02-18 02:15:00,1240.3145464478698,1246.9183524478321,1232.9709993774268,1242.2556755409948,2427.548915988757
2025-02-18 02:30:00,1228.0398394513793,1229.941110118486,1223.4676255912102,1228.4444687468906,6147.831610821148
2025-02-18 02:45:00,1249.9651944498141,1250.9513778481742,1241.565029356163,1247.2938893217922,8151.170151773254
2025-02-18 03:00:00,1244.6615039561634,1249.687220532926,1237.3097053099782,1247.526873682714,3972.5110588093703
2025-02-18 03:15:00,1260.3423398099028,1262.1132866823827,1252.755562085868,1259.38467884963,494.82379842661635
2025-02-18 03:30:00,1253.6975304732425,1251.5339128427872,1242.2911693438532,1250.5339858729237,3679.1122609049394
2025-02-18 03:45:00,1233.2539022329097,1240.907309771043,1231.4076536223895,1235.263829460765,4041.8601653512287
2025-02-18 04:00:00,1221.0760066057162,1232.6569648481184,1218.1452283834826,1229.0349918099566,884.3974826118817
2025-02-18 04:15:00,1196.9244512728767,1199.5513915286065,1192.9791012181959,1196.8882833161858,9118.973327917745
2025-02-18 04:30:00,1199.6355254107127,1202.2784210670677,1188.9494030711373,1194.92375405096,492.1697457792071
2025-02-18 04:45:00,1172.7123263791,1178.065343082133,1165.5403358931692,1175.3408833629576,3424.7515827250904
2025-02-18 05:00:00,1185.9134946741297,1191.0938887346133,1180.5921126547555,1182.8619512000482,6191.066109609959
2025-02-18 05:15:00,1180.6774114053,1189.0078974100334,1178.9118958227436,1180.5864830104888,1714.7540987457153
2025-02-18 05:30:00,1180.3392111357507,1187.4529283033385,1175.3820222216448,1183.5402500765297,208.59832168248897
2025-02-18 05:45:00,1204.146740886116,1207.9750504466483,1200.4576694414047,1202.2641195769,2993.4250016865153
2025-02-18 06:00:00,1196.3448855988215,1197.675195921317,1192.5454845731863,1195.8595644286188,9515.955994564616
2025-02-18 06:15:00,1186.2691434683904,1186.9028038834358,1177.7371123423486,1180.2542312330215,9897.228603185758
2025-02-18 06:30:00,1192.0723591855246,1196.4871629548345,1183.3796432619786,1192.671746051934,706.6435616761723
2025-02-18 06:45:00,1165.914569171583,1172.8295095617832,1168.3878043883503,1168.9174211667466,6806.952864377192
2025-02-18 07:00:00,1161.90778461135,1168.0918085686505,1158.9600477109248,1167.6343727041992,2931.216913734136
2025-02-18 07:15:00,1179.5392888814135,1183.2562613816774,1174.0306346872974,1177.054455473978,1506.2635317819725
2025-02-18 07:30:00,1192.8806346629824,1200.577643733232,1185.6149296784474,1188.6834333995187,3844.9489462541032
2025-02-18 07:45:00,1207.012431969846,1208.4707758083232,1200.1002416793974,1200.8096552565773,6740.791428090085
2025-02-18 08:00:00,1218.9016291236546,1221.2741325760708,1214.653825237318,1217.4317248944606,9526.896627206552
2025-02-18 08:15:00,1227.1153292593578,1233.7459072442764,1224.0209473193938,1225.8147264896234,9020.646047396018
2025-02-18 08:30:00,1250.3308106830723,1253.10245158279,1243.0732220577108,1247.97381721982,396.28556660029653
2025-02-18 08:45:00,1246.489671684792,1251.6569367950956,1243.9240210108499,1251.541763221383,4156.2249819317085
2025-02-18 09:00:00,1215.1189633509923,1218.4447462574917,1205.263585567862,1212.20579423008,7278.580624054809
2025-02-18 09:15:00,1225.2082378497282,1227.6083499884178,1218.4317776866399,1221.3994904397828,3735.5712560763695
2025-02-18 09:30:00,1180.355143755301,1184.688613946149,1175.3503002722089,1177.5881193195103,3184.8719760143604
2025-02-18 09:45:00,1202.5397648368767,1207.4208582439771,1201.7874447122263,1204.0132481609903,1632.0487911154569
2025-02-18 10:00:00,1190.1130238274113,1194.3254251683124,1184.9385074427034,1194.6431269981226,9434.52589575025
2025-02-18 10:15:00,1187.838486146204,1188.8279566588076,1181.9031857299356,1184.1560542790623,953.5656362228368
2025-02-18 10:30:00,1172.6647935006274,1176.4126613235312,1166.751215961194,1171.7777111226765,4864.4535894517585
2025-02-18 10:45:00,1179.4005225228957,1184.9034114596764,1175.1633074935853,1178.5379654787387,7520.146217399355
2025-02-18 11:00:00,1193.7982529762696,1202.0977313548497,1192.4142932091459,1191.1733539049378,5088.015782193944
2025-02-18 11:15:00,1188.476747879239,1194.7096346622475,1182.2748896912572,1187.4395181573987,5140.014720056774
2025-02-18 11:30:00,1200.1857432078166,1200.527674504233,1192.8889976095238,1194.321830744065,1194.0148837117144
2025-02-18 11:45:00,1192.6966618117165,1202.0678824483618,1193.3493101167146,1200.3399668475142,3104.174331921888
2025-02-18 12:00:00,1223.128697438279,1224.9341226230847,1213.6496026948614,1220.3875684962209,5751.016932964207
2025-02-18 12:15:00,1211.0654987683176,1220.4202021986139,1207.565786078834,1216.8230553303317,7000.479520374862
2025-02-18 12:30:00,1195.2846656300276,1198.883936076671,1185.437865294391,1193.2850402095935,6402.561379845805
2025-02-18 12:45:00,1170.7104431374835,1176.4618869389292,1169.9330302362353,1175.113628615779,5450.125898958131
2025-02-18 13:00:00,1175.085245588351,1175.280893894605,1169.9443404951903,1167.7692989828881,4660.861512954713
2025-02-18 13:15:00,1163.2270960849721,1175.6657323499182,1165.2565182567134,1163.4823010371433,440.01859113074516
2025-02-18 13:30:00,1170.411307256316,1179.516828617719,1167.1813725057423,1174.982830674898,267.3168775254122
2025-02-18 13:45:00,1156.031511463245,1161.3409212604743,1149.33705184866,1153.876702985495,7541.599489489124
2025-02-18 14:00:00,1164.4789409785374,1165.6580945991489,1158.793911556753,1158.3374058441143,2210.249033355871
2025-02-18 14:15:00,1156.0368890422264,1161.8600164602922,1150.230473788306,1160.766488100212,4309.5921852244655
2025-02-18 14:30:00,1154.7463801066374,1156.288904867904,1150.756672244394,1150.82306745679,3431.84985497696
2025-02-18 14:45:00,1170.9036362180432,1169.3762516008717,1164.5433057294358,1165.9660488809052,1564.9819624158665
2025-02-18 15:00:00,1180.278085036791,1183.1868056331691,1172.4834196570732,1177.9452257768621,4402.042491329448
2025-02-18 15:15:00,1163.01257267349,1168.4442349762198,1160.0151853262378,1167.903484461344,8727.416244799517
2025-02-18 15:30:00,1140.5787027810327,1145.8149857534581,1131.934739918965,1133.152162816385,7284.103224276638
2025-02-18 15:45:00,1156.665422037764,1161.4333202416042,1146.7286146150284,1158.676132802401,3462.6725980237516
2025-02-18 16:00:00,1138.5046883183736,1148.6340347037838,1134.93058322614,1142.2700282819512,3335.9710484143275
2025-02-18 16:15:00,1149.2314604392352,1153.5333628775577,1144.003029073497,1146.707745627977,6497.020439384987
2025-02-18 16:30:00,1164.7719652472088,1163.2547539262855,1155.5878167578244,1160.599038543686,6101.077200918994
2025-02-18 16:45:00,1159.3637181877427,1169.8018153395387,1159.8208621598576,1165.8182033535581,171.8636957812048
2025-02-18 17:00:00,1162.5251409749503,1167.1997858698658,1157.552545885769,1161.030015521783,5011.657819961887
2025-02-18 17:15:00,1172.2402803660389,1175.7826172289251,1166.8689823562656,1173.1954683622344,5864.579924607047
2025-02-18 17:30:00,1193.17323386137,1194.439846737726,1186.6287990890803,1188.956741581861,2447.1262280217056
2025-02-18 17:45:00,1188.336365450391,1192.6003991505493,1185.8178682333642,1187.8438595594569,3541.1031562049557
2025-02-18 18:00:00,1172.7117804284628,1178.3763983088188,1167.838969089359,1172.224178898131,7260.753962219298
2025-02-18 18:15:00,1204.466819733672,1206.608956862143,1197.2051148429935,1204.9483411238689,8477.026868661507
2025-02-18 18:30:00,1222.1390104507543,1224.0215020197745,1214.6112050505744,1216.735030740123,6288.214049453094
2025-02-18 18:45:00,1211.8482691942468,1219.1667799729216,1206.9593498911452,1212.8872798491655,4077.897896161168
2025-02-18 19:00:00,1207.31447805769,1214.2400132735,1207.8944818026916,1215.7251931708129,3842.2826681804895
2025-02-18 19:15:00,1196.785604171573,1204.224755541789,1193.9865677493638,1197.804992022693,2317.743127935032
2025-02-18 19:30:00,1208.3827071391597,1213.6514417542733,1201.089042931003,1206.6987820991756,1215.3047293879208
2025-02-18 19:45:00,1210.0678570371344,1215.8957904512667,1204.0698106879975,1213.0656113351984,9847.285765437799
2025-02-18 20:00:00,1207.4562061931906,1213.8276167611898,1204.6343200570022,1206.9847713082768,2903.754501866862
2025-02-18 20:15:00,1220.5162055503388,1222.940138024071,1210.8594366062302,1221.5383994234764,2419.087944906693
2025-02-18 20:30:00,1188.0688768135344,1195.4375398973104,1184.8712711806888,1195.1111918874158,9190.97701925811
2025-02-18 20:45:00,1184.2685643462303,1186.9546811692094,1175.097522650407,1183.6251141566174,1450.264362436996
2025-02-18 21:00:00,1175.3092293477869,1182.6975941581202,1176.6476376567732,1179.34648326263,2801.976891570784
2025-02-18 21:15:00,1174.0427873293968,1182.2596768019923,1169.940046667714,1176.1029328459342,5278.547742720134
2025-02-18 21:30:00,1169.2829382985797,1175.0744650309932,1164.9001955086487,1168.1649489239737,6964.851791123831
2025-02-18 21:45:00,1163.9538621272256,1167.503491150817,1158.150798482998,1159.2853411610333,4456.432410476671
2025-02-18 22:00:00,1122.780869552654,1124.3715962551,1116.8173513948216,1119.0639754025012,3724.8029822026097
2025-02-18 22:15:00,1126.3122249231712,1134.5118499896034,1121.9233750303836,1128.6158553975029,2102.0621868542485
2025-02-18 22:30:00,1085.6665375391808,1091.255222838105,1083.728626744015,1089.4460791472277,2602.246249937744
2025-02-18 22:45:00,1098.0556484853134,1098.6394590713917,1091.297488797205,1093.642640764425,4777.857445783836
2025-02-18 23:00:00,1080.079119014237,1084.8597581104286,1077.7646475587767,1077.0738456156926,3595.037455441879
2025-02-18 23:15:00,1056.628426561159,1068.2180154386415,1057.3470041426178,1062.6138507765017,7621.728637815543
2025-02-18 23:30:00,1034.9284079131953,1039.8635729422235,1025.8749532555323,1035.800555427452,3980.458663536773
2025-02-18 23:45:00,1036.0005392302955,1046.1614826920813,1035.4879490083983,1041.7458830300093,4672.4796320321375
2025-02-19 00:00:00,1053.8486032998953,1052.4100750409268,1044.4704374935845,1046.805055222469,2315.8004573565527
2025-02-19 00:15:00,1048.507084195443,1057.838329641813,1047.3185715806458,1048.4449142913506,8827.66412669744
2025-02-19 00:30:00,1076.645384594575,1077.6931161542223,1069.7673380432059,1076.0898036578565,8490.625918505293
2025-02-19 00:45:00,1046.7772689105286,1046.3821636525022,1038.362732081332,1041.7114057308534,998.0209993896559
2025-02-19 01:00:00,1060.513872366382,1065.3134847645192,1054.2993983190343,1058.1665379738808,3146.7334030423817
2025-02-19 01:15:00,1061.3827016843222,1066.201453165675,1055.8712192172363,1064.1993865668637,4868.300131926592
2025-02-19 01:30:00,1065.9379074487958,1074.8256189512335,1061.7015065134708,1063.6771906875263,476.7488296092101
2025-02-19 01:45:00,1046.818670473437,1055.635990105405,1045.5747176097034,1051.989628363813,6763.477595546912
2025-02-19 02:00:00,1038.3206610891368,1038.6043087637752,1029.0663199502449,1035.5555121669224,5849.127578940898
2025-02-19 02:15:00,1018.1129215934815,1020.3165705195278,1014.585773498146,1016.5674191274653,6208.346147964074
2025-02-19 02:30:00,1014.7859398277816,1023.1417026308535,1012.9998431053583,1021.5456873259989,2747.490822238776
2025-02-19 02:45:00,1007.4077222335101,1011.3961696713221,997.0273874686919,1005.8234543015644,5559.41486260378
2025-02-19 03:00:00,977.5955813292074,979.1300244893075,970.9101448248696,977.9625254265578,5211.2086819362485
2025-02-19 03:15:00,953.4054343706329,961.2944133643807,945.9478149835574,953.1181644524327,2974.3919983000924
2025-02-19 03:30:00,964.777718027903,965.7509064603508,956.6606892971189,964.1359158926887,139.4110371151
2025-02-19 03:45:00,982.9606160004246,991.5163788505423,983.5222488302627,981.8390111273341,2771.451996675504
2025-02-19 04:00:00,987.625641252027,996.8289138835302,982.5896655169764,990.5808356156033,3986.650787792151
2025-02-19 04:15:00,1005.2915819204758,1008.8108885388282,1001.4075476869192,1000.7291283591205,2728.4360554588393
2025-02-19 04:30:00,1007.2394084257455,1006.5553795262052,1000.2466896342795,1006.6158948463163,864.0607352346368
2025-02-19 04:45:00,997.5478573161383,1006.0917820577881,999.8735408539291,1000.8916426937881,6841.440989072449
2025-02-19 05:00:00,1009.2360380509764,1010.0260299570333,1002.564734582706,1004.7391265382796,4210.857852141798
2025-02-19 05:15:00,999.7114372743573,999.2702151322136,988.9453324142295,1000.2646995976263,4850.0554441687855
2025-02-19 05:30:00,1026.4184257940556,1038.8664555287116,1027.5969968025613,1030.1867235323452,6647.012414166335
2025-02-19 05:45:00,1027.2878690390173,1037.7897220247855,1024.3409930376674,1029.5349118639679,4027.268103514704
2025-02-19 06:00:00,1030.8646415437454,1035.871230227556,1030.984294502839,1030.448089214387,3302.1490613478077
2025-02-19 06:15:00,1026.2240917263919,1035.7236360957852,1027.7726597518301,1026.0623344432342,9759.736396914466
2025-02-19 06:30:00,1041.2949117196515,1045.1216368361563,1036.0948137705718,1044.5792400024363,6450.3732870262265
2025-02-19 06:45:00,1037.0722534015088,1037.6494670576176,1028.8643095180116,1038.4721283604247,4323.442480587347
2025-02-19 07:00:00,1036.7248169924312,1036.694681007407,1028.1745919782124,1028.47039691925,6253.421447839004
2025-02-19 07:15:00,1037.6419044068462,1044.242262880456,1030.2829472883345,1036.1945878346876,7063.834705377757
2025-02-19 07:30:00,1041.444381038782,1043.953939335056,1031.4182698113148,1036.561935372755,2864.258502004286
2025-02-19 07:45:00,1007.5474274316263,1011.2150350066502,1000.794453110614,1003.3828185853278,5198.975270172123
2025-02-19 08:00:00,995.7239910187834,997.8429844958248,986.6227691510929,991.5671850283597,338.53914213876453
2025-02-19 08:15:00,971.5699087766334,971.5286865319565,966.0855213216929,967.1916120934299,678.1687237315492
2025-02-19 08:30:00,962.2198484286624,968.7673789150263,962.9689148107376,966.9791231330921,6095.265110611487
2025-02-19 08:45:00,966.5082174198789,975.6832484027742,965.1293014377222,963.9480580159026,403.0731235300826
2025-02-19 09:00:00,950.9828997694956,953.9643418054807,944.3389318312162,946.5077955213521,4100.4685900931845
2025-02-19 09:15:00,937.2589522904462,945.5239036409675,934.3816778021084,938.0435840921253,4410.609872533163
2025-02-19 09:30:00,911.7587800483778,917.0640039641931,909.9508567665249,918.738670947277,4077.946485906724
2025-02-19 09:45:00,901.7487902606881,912.1734924423598,897.1812049452363,906.6037351152171,7845.059096926127
2025-02-19 10:00:00,879.3078106205987,888.1441746224345,874.6680872527891,877.8094231991514,9955.89008152759
2025-02-19 10:15:00,894.4095241538563,896.653679965688,887.7825207295801,892.6824776345399,7073.307087377269
2025-02-19 10:30:00,896.132121398855,899.279280669022,894.3376883875823,898.8031046703303,3425.8200284579166
2025-02-19 10:45:00,894.7744048403895,898.9896954946863,892.0413159618461,891.7662483501457,2716.2934105020363
2025-02-19 11:00:00,880.0523611070687,887.1697042935365,878.6652005675662,884.09172698387,920.5529764276328
2025-02-19 11:15:00,911.717094952532,915.7291871994279,905.2379885734852,913.3665397876103,7900.702335297448
2025-02-19 11:30:00,889.127516174082,895.2126905529186,880.5218307358273,892.1095579639622,2417.326106625628
2025-02-19 11:45:00,885.593520806,894.0319063446246,879.7361599633405,885.6085014657133,8147.543129041838
2025-02-19 12:00:00,884.1910376996553,883.0186379525869,877.1473556694798,877.8787717729825,4655.69473703456
2025-02-19 12:15:00,892.2296143088136,890.5571293438805,882.5777611926438,883.6151460657069,393.86248163205045
2025-02-19 12:30:00,880.9254299540178,883.591120394342,869.4465998280946,876.12562689425,7017.523168573102
2025-02-19 12:45:00,849.19872409138,846.9093378856172,838.6153298687917,845.240133547735,151.2129964991298
2025-02-19 13:00:00,821.1279385640008,826.1627173858012,816.6392826322517,820.1176163193862,1103.873838541982
2025-02-19 13:15:00,843.9081387492034,845.2694152191038,837.364548632969,842.2830685339104,9353.897646534351
2025-02-19 13:30:00,836.6050009603721,842.5773508973218,827.1238283345663,837.7605811763499,9328.653160181704
2025-02-19 13:45:00,830.483105855427,839.5500941013903,828.0765975822628,832.9941971122494,6564.927628201817
2025-02-19 14:00:00,839.8193851615135,840.4504895670033,830.2005719308696,831.6564937726934,2909.4777884847363
2025-02-19 14:15:00,865.2501576854687,868.2412993501941,857.4953260243379,858.2450551842741,1692.8827583686218
2025-02-19 14:30:00,878.7788278019267,885.3420955622821,872.6133667764277,883.2107421686576,1628.3223976651977
2025-02-19 14:45:00,882.715714969941,892.3589761035256,882.2214258923924,883.7528292460261,7592.003353972507
2025-02-19 15:00:00,878.6554344675365,879.6984823774208,874.4890918287679,872.8026406758627,1774.9807958977074
2025-02-19 15:15:00,869.2628886180486,869.273934373496,861.7676099976745,868.6769493806321,8496.276134612976
2025-02-19 15:30:00,861.3984349000293,863.4364688649,852.4842778426075,859.8129676718781,9320.135069865735
2025-02-19 15:45:00,855.8103268622028,860.7353711707689,849.862955259834,851.2807785576845,5831.1650603923845
2025-02-19 16:00:00,858.3502671502855,858.7180990662165,846.492662717298,858.3562737740149,5146.360230806747
2025-02-19 16:15:00,854.423632896984,858.9421791857789,852.4596439470297,855.4746716577481,5298.358506111939
2025-02-19 16:30:00,871.7267028519215,877.3946194627542,867.8048503901699,869.8514341427001,5034.261072674324
2025-02-19 16:45:00,868.6687204717211,870.7740830789579,861.78310602936,868.3320653754051,5165.757090517592
2025-02-19 17:00:00,858.0217979224044,860.266841285432,851.2851606236736,855.7896394592842,8331.920835372954
2025-02-19 17:15:00,847.2062785801714,850.3808075928006,842.81644904769,848.3872614078485,1709.5140715496902
2025-02-19 17:30:00,834.2196129985891,836.4400404925842,826.3570118959528,829.5598744572079,5202.141733386377
2025-02-19 17:45:00,839.2227634962002,842.0636024516413,833.2341223512848,835.776070952206,7811.7479331938885
2025-02-19 18:00:00,818.8422472381226,823.3064409361058,814.5618380471576,825.4641965195351,4020.8520053887237
2025-02-19 18:15:00,823.6266278893773,835.5959873037817,824.1181801184572,828.7353119017891,6834.751839466768
2025-02-19 18:30:00,827.8556528226742,836.3368926381535,826.285200907482,827.1039664448128,4431.527436670893
2025-02-19 18:45:00,859.1758403470023,863.0738701013862,849.2751732855944,853.7663931562968,3088.448197784141
2025-02-19 19:00:00,842.9596559808234,846.8866905177806,833.2912928890753,844.7640231973468,446.99808336106753
2025-02-19 19:15:00,854.564959188381,859.2782779892394,853.0544638829915,855.3058495664663,5520.301897938243
2025-02-19 19:30:00,839.2875651501186,847.072501829784,837.7657688295238,838.7625440458032,5697.3549649044835
2025-02-19 19:45:00,843.5187975632039,849.7263526789742,834.9532827181032,839.7963072556225,4121.7054675971685
2025-02-19 20:00:00,827.8028613426003,834.2569284022902,823.8441982841149,833.7710221009432,1299.2458589604369
2025-02-19 20:15:00,833.98741296936,840.7029968934468,829.7453415728244,831.1670735145184,3576.774071560732
2025-02-19 20:30:00,840.5984518611181,847.7785378663009,840.7647500042723,840.7110491336675,3343.490811071668
2025-02-19 20:45:00,840.6626485390308,839.364140528698,828.8426063962062,838.0260573029485,6085.300306758395
2025-02-19 21:00:00,845.3479126267562,855.7880139604548,841.3418591197026,846.8140320733452,7299.532608394602
2025-02-19 21:15:00,825.7479666164936,830.9384877981274,820.1238518804495,822.1238073046367,8889.857646173557
2025-02-19 21:30:00,809.7606133709777,809.19098979759,801.490664607126,803.3990355438067,7201.38101901788
2025-02-19 21:45:00,823.4172109147277,831.0807692596455,820.5901053651181,822.0832780745557,465.5551835750773
2025-02-19 22:00:00,814.9004121952829,815.3777095728015,805.4900277729033,816.2890723801222,1031.332264158583
2025-02-19 22:15:00,832.8926503769378,831.9639137788997,821.9472203483169,831.0488951583269,7995.296331614423
2025-02-19 22:30:00,809.8392302908295,816.9595667287876,808.9957470089482,809.3978319622756,9392.465874664762
2025-02-19 22:45:00,803.5248540542614,809.4728666935233,801.5559589651567,807.590292790148,9585.250162854238
2025-02-19 23:00:00,798.9225714094031,808.1616408204998,798.5474801047538,806.9225765509485,3196.3915484965023
2025-02-19 23:15:00,795.489271909686,803.2932748377617,791.1071079082725,795.0150999019517,3975.114724446338
2025-02-19 23:30:00,806.32948862195,807.7525547950538,800.0741056637751,800.2867153835024,3296.8107471933313
2025-02-19 23:45:00,823.235606748112,831.0873181551264,820.8761894527825,830.7154317508729,9077.412100374884
2025-02-20 00:00:00,824.6742053705095,831.8516551399626,821.4341729885033,830.1297427366623,7716.312966104041
2025-02-20 00:15:00,797.3466240322507,801.4377041430862,788.8726626229441,790.8921247749605,265.1156329666702
2025-02-20 00:30:00,794.1826125278504,801.9475694740024,790.4904832689174,794.2310357852397,4528.949161899607
2025-02-20 00:45:00,785.4107936420899,786.6422916304979,778.1697237813087,778.8744362421975,8786.52437329007
2025-02-20 01:00:00,782.1273667466728,787.6913132551189,775.6873199536469,784.4234474901375,5899.412365651081
2025-02-20 01:15:00,793.3967052287791,796.5695760957472,783.6741635087598,790.5488921453205,8585.056397496946
2025-02-20 01:30:00,782.2837702767151,788.7536648127009,781.8133500064055,783.1289996574419,4520.313545963427
2025-02-20 01:45:00,790.6505624136196,801.7088279414144,788.5594271778883,795.5834569692898,1407.7843233129063
2025-02-20 02:00:00,798.3267547307595,797.4566969037661,787.0610797521152,794.2342485640631,3535.118853619535
2025-02-20 02:15:00,797.4507684612728,802.7090156744175,797.6184346132585,799.445957173007,4595.537368199301
2025-02-20 02:30:00,800.6826838654824,804.4216670331239,793.1428553407568,799.6558251743144,7068.188243793574
2025-02-20 02:45:00,817.1592447126575,821.3286952299691,814.2394798374881,821.8151037990756,1214.1840680544603
2025-02-20 03:00:00,809.0423343373874,817.2527204273346,805.9556874333617,810.456594776659,5264.305534240809
2025-02-20 03:15:00,812.6673627871462,812.8718451371996,802.7334010999359,812.6686308043631,5029.223653109279
2025-02-20 03:30:00,825.5851502741626,830.59128181861,825.8846337387008,823.6591410504193,4670.784238896066
2025-02-20 03:45:00,853.2091881115965,852.6281965607177,841.8146571144952,848.9487508714378,6884.731763458988
2025-02-20 04:00:00,843.5154331349437,849.9797864566253,840.5663656734961,847.3177058664832,7089.097042063359
2025-02-20 04:15:00,872.0574943102043,879.6714320460942,867.5222139384367,868.6743818485429,5076.066548124174
2025-02-20 04:30:00,864.5619443440562,873.5306791283093,863.8095664285339,871.760448209928,6965.257397569469
2025-02-20 04:45:00,873.5302050008346,880.5366168168767,869.2917135618061,879.0421157833773,1591.1183337603818
2025-02-20 05:00:00,864.7440310108872,869.3728459908984,862.9369249499133,869.6579277094838,9284.8301753936
2025-02-20 05:15:00,866.6519195783666,877.5964325220854,866.8232444235445,870.2687333881869,7646.690124849966
2025-02-20 05:30:00,880.081532245249,881.4435290004267,871.5353562520509,878.6530759545456,4266.308620290086
2025-02-20 05:45:00,859.6068932758402,857.9595095881923,851.8992393729326,857.3356093503816,6006.391519330853
2025-02-20 06:00:00,865.3019458280768,877.1059107516459,866.6496695105982,869.4177040277237,1717.2369686438105
2025-02-20 06:15:00,871.1449635408296,876.9483862431787,869.5349460652395,877.9543887814547,3132.3243265669576
2025-02-20 06:30:00,873.0548749027621,880.1041174460165,872.1375479424871,878.051790423777,2879.7637143544744
2025-02-20 06:45:00,887.8956559148825,894.3468029802054,882.1506459394717,892.4951780175528,213.57648935023738
2025-02-20 07:00:00,899.6443788685509,901.3841697555272,893.5098810364163,896.2540431940891,5871.321555955206
2025-02-20 07:15:00,892.4722571959849,894.7192481103884,884.482208088649,887.0857569586883,7889.921662358764
2025-02-20 07:30:00,905.1189516180613,911.6350567279895,901.9346618820229,902.2355399758035,1420.809259883894
2025-02-20 07:45:00,912.1963243183154,917.5061389021074,909.7294663344786,913.9553758141885,2870.763578733061
2025-02-20 08:00:00,913.2900987044039,921.1190313444329,907.313499549918,911.3471701449013,7927.315700257875
2025-02-20 08:15:00,922.6079795312726,923.7501688344148,916.7087342771106,923.015136464639,7601.3088053811225
2025-02-20 08:30:00,911.2736048194009,914.0941165533551,903.4333892682864,903.7572144008379,1872.250747199907
2025-02-20 08:45:00,911.628731745649,919.6485025654562,908.6098869394364,911.3005513719304,7897.043170885465
2025-02-20 09:00:00,912.2088817952617,921.0333958372888,913.4679134420725,917.5947886946085,1864.2511031015554
2025-02-20 09:15:00,910.0527026985934,920.60546122364,909.4733850994254,914.0741991730533,3841.4344026737813
2025-02-20 09:30:00,921.963619070505,928.917824865588,920.8090076903351,926.9458558828235,8821.239476339297
2025-02-20 09:45:00,932.2789207581811,934.7187320707146,928.3362927770243,936.2869882052355,3624.7494991093895
2025-02-20 10:00:00,916.9527808988695,927.4975620775649,913.810100786966,917.0791512332809,6552.653847809255
2025-02-20 10:15:00,934.7868380247079,933.8564207306509,923.3710220119457,933.589035374779,4614.645269084378
2025-02-20 10:30:00,901.5176060208959,906.6820515669091,897.7377621811814,899.4347032001388,3580.92090255693
2025-02-20 10:45:00,927.4646636216606,930.6845259791404,919.9165701149019,930.6010396172502,4497.600476377118
2025-02-20 11:00:00,890.2212827063191,893.2413925701903,880.0491584422261,890.147362748983,6037.3278380933225
2025-02-20 11:15:00,864.7180643493292,869.8025241277368,856.9100226648579,862.4855334905545,1330.5176714393194
2025-02-20 11:30:00,872.3673399737528,872.0632270566579,865.833256663273,871.4516303526389,2819.759126668499
2025-02-20 11:45:00,875.9727092616674,882.4659567543811,872.4469310821681,876.9096510709475,2437.348953068506
2025-02-20 12:00:00,882.5881365745084,892.3030313097424,880.7609800724124,889.094662138565,7934.547313818901
2025-02-20 12:15:00,900.8042800239185,905.6975473390883,894.9485802507553,904.0408097406906,9050.362788331504
2025-02-20 12:30:00,911.3239046920105,922.9624510494253,908.287334977905,913.1779201352578,8311.90140818527
2025-02-20 12:45:00,918.1089786918707,922.380545933594,914.2707738079541,917.12357600958,5907.764294430088
2025-02-20 13:00:00,882.7673573842719,885.9507317067936,875.2486764529383,874.3696731643688,432.10746840551883
2025-02-20 13:15:00,884.5995552940185,887.4820568871075,881.7812711788348,885.5225752671021,8357.069830558135
2025-02-20 13:30:00,881.4399792124686,880.8948026734214,874.9410513453489,879.5683434874804,8998.669751280217
2025-02-20 13:45:00,867.9996002165175,879.1721551846098,868.1706994988526,872.977091592406,7415.018329746892
2025-02-20 14:00:00,904.7961665317762,909.0636052315963,897.9037791473413,903.2070869137683,1088.0531428473146
2025-02-20 14:15:00,897.217946555068,896.503857427167,886.7370539120822,888.0631507104889,2262.339127144541
2025-02-20 14:30:00,918.0757106511289,921.1312108768236,913.3164244634152,916.9266020801716,4223.970510289806
2025-02-20 14:45:00,913.2174040254404,921.4105783243986,906.7461639444822,911.2358669912207,2792.9604215385057
2025-02-20 15:00:00,899.9324442152033,909.1332228536935,900.499479040417,907.5996699054606,2569.6835943051788
2025-02-20 15:15:00,913.2218627916063,916.4758318340273,909.7973191097827,909.9670352324225,1903.2904648774295
2025-02-20 15:30:00,914.6448747463133,922.2069930627933,911.8742767789373,917.8646030135159,3558.5758093115523
2025-02-20 15:45:00,908.2358505414343,907.5812205646602,897.6807752362241,900.7797727959013,4759.443555592383
2025-02-20 16:00:00,919.6170461455167,921.1108723737492,910.2714167327076,920.8450823135436,5451.386064329104
2025-02-20 16:15:00,927.2796871789739,925.9167939511944,917.4598634269599,923.2798788987636,9597.846335977109
2025-02-20 16:30:00,920.6021809353201,927.6518774810298,917.9932825329347,925.3664891958346,9575.687399991248
2025-02-20 16:45:00,935.048604609955,936.3618721984028,925.6580436565308,936.4216075228418,1230.9153798324814
2025-02-20 17:00:00,933.7759543332472,937.4037310029785,927.5925677708229,933.1483563781367,3111.0461166777927
2025-02-20 17:15:00,935.6145123980475,938.1271084884108,929.485481464337,929.8828314258914,9692.287049624263
2025-02-20 17:30:00,938.4098987630061,942.9820237751303,934.7731517895321,940.5407537516668,1084.190096887695
2025-02-20 17:45:00,918.1418386688753,927.9914484097328,915.2815134131483,925.4270013632583,7789.526148580525
2025-02-20 18:00:00,906.7481918311845,909.6973763613761,899.4520345189674,906.0453811297682,2874.0239891668743
2025-02-20 18:15:00,886.7783783859145,892.6466257042276,877.1431102992971,887.4328161208285,3377.399203859857
2025-02-20 18:30:00,889.694185471776,896.4229098139805,886.4279553022654,884.0868656846517,9373.961568175784
2025-02-20 18:45:00,893.0887125072859,895.3757770433466,883.5572086186769,892.6413335791051,6946.067613804884
2025-02-20 19:00:00,893.3474710583304,898.6367272676625,889.5872252174104,889.3314261420225,6063.595778483889
2025-02-20 19:15:00,908.4687517527803,916.3830148053561,906.2426667751027,914.5233970506114,233.93617197077106
2025-02-20 19:30:00,904.1306252458613,908.3470483542995,898.0523564020392,900.328943310707,7688.821765859091
2025-02-20 19:45:00,910.7275088303007,918.2983729102594,908.6617151085695,910.3416124027996,3876.987171060193
2025-02-20 20:00:00,923.1630628298002,932.8640534506969,921.1957143438963,928.0646624332253,5855.427832741485
2025-02-20 20:15:00,903.2638902172782,910.4092151521515,897.2676559616839,902.4209716851766,3051.04427485292
2025-02-20 20:30:00,920.6697659149352,923.4822501468394,914.4081894957872,917.4241032167887,164.14808905317443
2025-02-20 20:45:00,934.937768548652,942.137398246952,933.3172571715993,938.4371152706635,7904.997015409706
2025-02-20 21:00:00,952.0904006948705,961.1273267439088,951.1462679271202,956.5870115480745,5875.153859074017
2025-02-20 21:15:00,949.5556016117887,957.547020271614,946.9554190911829,951.4803439083655,9652.150084148467
2025-02-20 21:30:00,941.4568448261143,946.3766796219319,940.4603377797882,940.567053325058,4059.3992114281546
2025-02-20 21:45:00,930.6209762292415,933.7891685779593,922.4125436651537,928.9669261014571,2801.613073313999
2025-02-20 22:00:00,923.2108407009567,934.8875124512028,923.7043731344588,927.2994354556254,3777.9230521289855
2025-02-20 22:15:00,936.3499164172257,935.7144145715599,924.0664829409496,936.566829949569,5289.784291137831
2025-02-20 22:30:00,923.9583372433588,924.2739966614727,917.1912369444995,925.5902852258166,9840.98356029221
2025-02-20 22:45:00,934.6147424223212,943.6159162387274,929.0213800478391,939.1584913164036,6034.265714604902
2025-02-20 23:00:00,939.3083622365199,944.4102240273498,938.2312925181083,937.5178405013709,2383.942542768613
2025-02-20 23:15:00,950.2336697775673,952.667395254684,941.5960902743213,949.5610299901632,5198.776373038961
2025-02-20 23:30:00,950.7713466150797,956.2370515478739,946.7027732752936,944.1937307364904,6115.1907312644535
2025-02-20 23:45:00,959.9614408400947,968.8659923209102,953.4066355737078,963.698206204379,4187.109927640935
2025-02-21 00:00:00,962.6377526784108,961.3570351473123,956.8875554596012,956.3550516419174,3070.1773087748343
2025-02-21 00:15:00,963.9724886381242,967.3439789234678,955.0433037807121,966.3765886767565,2485.515648754971
2025-02-21 00:30:00,931.1962171172165,939.0035628906705,928.474214958492,940.6471531800872,2306.2999582741036
2025-02-21 00:45:00,912.3314300460794,913.4927065752057,901.472122019706,904.8647541559625,4079.7477221877307
2025-02-21 01:00:00,890.6928894935314,892.3020406402383,880.7440628591143,884.0326624478258,1946.6679572725775
2025-02-21 01:15:00,880.9564630657266,890.7241774647553,878.3476033195075,884.9099933265992,9989.429104807634
2025-02-21 01:30:00,879.6837758016595,881.1107810419433,870.6641531562784,877.8351565025132,3895.5860774402818
2025-02-21 01:45:00,891.0190224420852,893.6600608944518,883.6905265654893,885.9718675804393,9654.644691474434
2025-02-21 02:00:00,883.3898325021491,893.6374785958258,880.2459931718524,883.9754217271889,1320.2529151289816
2025-02-21 02:15:00,891.3800421365929,892.3751615194673,885.8046693833714,888.9123053324697,3876.813843569574
2025-02-21 02:30:00,905.5132325699548,906.3560062648944,895.6282460631919,897.2004241440079,9566.704601286105
2025-02-21 02:45:00,907.5463815009762,918.0034708393061,904.1989769927203,908.5245727448145,4332.817607395948
2025-02-21 03:00:00,913.7586727859766,924.3150905097385,913.177817363129,915.9399926777761,2702.040915331031
2025-02-21 03:15:00,929.4954640927799,929.9620697848554,920.1387600510296,924.657287145109,6311.135591929817
2025-02-21 03:30:00,923.5773009614654,926.4888099450391,914.7281140913578,925.6730311212632,9677.135019937534
2025-02-21 03:45:00,926.6396085934375,928.2186377185521,920.3899210235897,927.8771081725351,5470.493985564452
2025-02-21 04:00:00,906.6493365275228,908.3910069170636,898.6838061229123,905.8065919610046,999.3753585683129
2025-02-21 04:15:00,931.568433239226,934.8793691459239,920.7878111870713,932.8178022715514,9099.229061685068
2025-02-21 04:30:00,907.7648846249575,916.3387072216457,903.4222158538422,913.1086732751406,3964.295801800734
2025-02-21 04:45:00,910.8081968231181,917.7824123398525,910.1562920711339,916.828175141641,1482.2517998046262
2025-02-21 05:00:00,902.6903836517157,906.4814808661101,894.0990598701101,900.2199809458592,2695.5727034366028
2025-02-21 05:15:00,921.6156170646706,927.7455826931198,918.3631367623633,927.1900431041644,1660.6904166347067
2025-02-21 05:30:00,927.385153823322,931.2643746561828,923.7551451855442,925.3597621675046,7909.219599474595
2025-02-21 05:45:00,936.0473868273065,939.876320061775,931.7765530417589,939.8628762333569,1718.9302185422155
2025-02-21 06:00:00,943.7904096878091,950.1512562765467,934.6990382392551,938.4118389780698,4465.657862571651
2025-02-21 06:15:00,921.3814887480696,929.1880640555867,919.4201998537209,923.7324321093394,7817.399113875359
2025-02-21 06:30:00,939.0428233642702,944.375227317158,938.1329377841158,942.8985901155864,1074.6145778830512
2025-02-21 06:45:00,936.0323426617815,945.3415442318055,933.1182087796924,934.774730879966,6680.56082245705
2025-02-21 07:00:00,944.7263775669419,952.2207127225364,940.240628391237,944.4909567661663,479.6397228111578
2025-02-21 07:15:00,921.9544459446819,927.9509304275716,915.8140693920806,926.1348008746593,4962.506230755372
2025-02-21 07:30:00,924.0127695303272,928.7164317537957,923.2292840706302,922.0157434185044,3976.5970062839906
2025-02-21 07:45:00,923.26530049024,931.7943490237195,919.8869605607604,924.8785857495071,1678.6023061043702
2025-02-21 08:00:00,936.7420544663091,943.5127911105889,934.4198176091094,935.3073351963124,2353.486970349214
2025-02-21 08:15:00,958.6275723819683,964.2162379421857,950.936496443915,960.5745768274527,397.3337106360139
2025-02-21 08:30:00,957.9896042944105,959.3918772291509,947.5994275627168,954.2022633384735,6448.68193339964
2025-02-21 08:45:00,961.1563100793338,962.6905717449421,951.3555572424441,959.4633619645246,2411.417701702099
2025-02-21 09:00:00,969.5710022953306,979.4061225788265,969.7709135413468,972.0958075019648,858.6974961891824
2025-02-21 09:15:00,957.832083687493,960.8378054465755,947.3355324323098,956.5649567801578,7704.046517004676
2025-02-21 09:30:00,931.7656436811762,938.9394624655938,929.5007707141539,937.0660561587728,4198.385673069264
2025-02-21 09:45:00,943.1271212920159,949.9765868277515,938.7373582450173,948.1929972441596,7131.608068204001
2025-02-21 10:00:00,917.2665917881817,922.9172117691219,918.5350298840098,924.6150909045554,8175.3725254801975
2025-02-21 10:15:00,910.6308720967442,918.8277392131866,911.888177476504,912.5153304557847,6892.097650994813
2025-02-21 10:30:00,912.1042859452552,922.8982344109672,911.5746230729524,913.7972673206151,9378.749119546983
2025-02-21 10:45:00,890.0452948858417,898.8946966117298,888.5376488327746,896.7640717110081,7338.603109063703
2025-02-21 11:00:00,886.6103563427993,890.3785078104669,883.8984089481929,883.122439523024,5814.916414902544
2025-02-21 11:15:00,892.9269608985882,893.4335658928169,881.8285685451093,886.7975025693202,8748.549239150329
2025-02-21 11:30:00,873.685180091148,871.9873758050845,866.1565752828483,869.0724673352629,6456.945678637041
2025-02-21 11:45:00,870.6295819910611,879.5712522036133,872.0170519360112,878.984882930777,8484.799058343902
2025-02-21 12:00:00,888.0144735768544,887.4096089973889,880.3693323944921,883.0978125652855,6953.884898986128
2025-02-21 12:15:00,873.894826432126,879.029901416817,870.3393340437805,878.4073803064603,1098.2789342311444
2025-02-21 12:30:00,882.2843059384998,884.0416300486202,874.7566932797829,882.5243199760879,7478.929321085974
2025-02-21 12:45:00,867.6033917575752,876.0045420968138,863.6754646924239,865.6143954310415,420.9361829510819
2025-02-21 13:00:00,859.6444921875229,869.4541233239231,855.7464263650429,863.6697419001267,9172.353467261626
2025-02-21 13:15:00,841.2601363077472,845.7224733145222,836.7009525591641,842.3737029089261,1890.4465875398369
2025-02-21 13:30:00,843.7829800288631,847.8008321904599,835.445825651334,840.228679117482,2183.8612271009874
2025-02-21 13:45:00,850.9967213370343,858.7038042233179,846.4371963913904,849.965918853388,5827.381469729454
2025-02-21 14:00:00,863.755328828008,870.6968468667669,858.2859851153477,865.1465695893271,8071.409904419139
2025-02-21 14:15:00,865.1924592029218,870.4097761338644,858.8706389663834,868.6729529065009,1612.2870387820772
2025-02-21 14:30:00,846.3420086014632,850.4480519576239,837.7973771982369,840.3621886421759,3265.0196605847095
2025-02-21 14:45:00,843.2746790079198,848.3034928958591,842.0613320908448,843.4160422158103,3123.3084341328395
2025-02-21 15:00:00,851.6827598850492,857.5799721589325,846.7831130105683,847.2799875350445,7878.310003197325
2025-02-21 15:15:00,846.1715182136318,851.675860364665,837.6326061998218,840.9068096911043,8678.161133735528
2025-02-21 15:30:00,871.5464875561839,872.1948523823576,859.5358632028771,869.0935420863733,7453.495791325581
2025-02-21 15:45:00,845.6250813874101,853.2367489076647,842.572441531123,844.8331618524621,8990.072026553325
2025-02-21 16:00:00,821.780438245142,831.541154458574,821.0103412347777,831.1266732913058,9662.41652517634
2025-02-21 16:15:00,834.7619736934482,844.955923452838,829.4875668904672,832.5297356326895,5147.572371921615
2025-02-21 16:30:00,853.0754723450909,861.1852654930731,849.4142027851527,850.588872034884,3294.4945323448023
2025-02-21 16:45:00,856.410074125637,863.4479013700987,855.1221537124978,859.1530124780672,9171.633404941991
2025-02-21 17:00:00,844.885943139659,846.4170668306032,832.5816216826452,836.8524198682122,3421.8884230926215
2025-02-21 17:15:00,841.3509323959944,844.1749599541542,839.324180484882,843.6630574911933,3288.425050579103
2025-02-21 17:30:00,852.794729456666,854.8211672619688,844.7964866375771,851.5890788657789,617.7792067085892
2025-02-21 17:45:00,857.9236833783666,860.3636951581437,853.5477205130792,858.0221578215613,4101.941060634939
2025-02-21 18:00:00,857.0727140724853,859.6737375360152,850.6201681851461,858.3008131411076,882.4008866065261
2025-02-21 18:15:00,850.3504342244781,857.3328354906066,848.1736605697565,851.4824178076058,7426.2783511566795
2025-02-21 18:30:00,844.7097690608724,844.2056493087958,835.2141353848334,845.9141536938378,8071.016958756873
2025-02-21 18:45:00,829.6629554491881,837.4780129040165,824.8033431719206,826.688975034007,9748.239106502293
2025-02-21 19:00:00,815.6527656003767,817.3842011983418,804.2181395156174,810.556637498875,6315.670993509131
2025-02-21 19:15:00,815.2359195250672,821.460409814472,807.7337757950925,815.3089225526579,7325.136227920216
2025-02-21 19:30:00,831.7181639774058,843.6128210047985,832.4551240480198,831.6415871389092,182.01351589368699
2025-02-21 19:45:00,790.4123386919085,797.1709063807496,784.5648776496544,791.9238641985329,6923.101706433383
2025-02-21 20:00:00,785.9376182778443,790.5912803936918,779.2622846217408,786.9785430973025,845.6330193578631
2025-02-21 20:15:00,788.1231584553883,790.2419873435256,780.176528738407,786.6473309884108,1168.1257453790554
2025-02-21 20:30:00,767.4756469983698,777.405263983985,768.875818787246,769.7585090627983,4311.275891184943
2025-02-21 20:45:00,770.9339836141029,771.7383999878072,763.4352417435852,770.0240543050586,3941.3361602128916
2025-02-21 21:00:00,779.0103476677506,782.8147415433509,771.9659787383051,775.1388321639798,7380.94953681113
2025-02-21 21:15:00,769.7091947377141,773.6788268847209,760.102172187256,762.8589805944127,9885.10436471147
2025-02-21 21:30:00,744.6687348527895,753.0044146751015,741.7453319921858,751.0306234560549,4437.708422417636
2025-02-21 21:45:00,753.4147348323219,761.3112566760129,753.4801582496797,753.7466688456441,8349.89074034173
2025-02-21 22:00:00,771.783301433051,775.8115034501851,767.2961172683248,766.6573162691232,3093.9955358428865
2025-02-21 22:15:00,772.0911081824618,778.1621816421851,769.7097894099714,778.5563647424258,4725.35693797116
2025-02-21 22:30:00,773.6403513798895,779.3331722398826,765.9181895107369,769.3425025829863,6639.687609540313
2025-02-21 22:45:00,798.4646940468725,808.8190046391072,794.3033897838799,799.6831012802085,6083.419689096647
2025-02-21 23:00:00,819.8292541652916,831.5752936394771,822.2820250416678,823.772606074653,7199.070513144992
2025-02-21 23:15:00,845.8600646098026,849.7152942034539,834.9586703650074,846.6961091428898,4872.375051235791
2025-02-21 23:30:00,848.2580323460389,852.1629675134619,838.8757220026863,844.5497715237909,6353.560985849263
2025-02-21 23:45:00,828.1363200350733,835.3413206907513,825.4015822070788,831.7592341161807,744.2440549122509
2025-02-22 00:00:00,824.1138348390997,827.692931560732,817.8224324534805,824.0950201506568,1698.4085748893317
2025-02-22 00:15:00,816.3503170334452,824.076687158465,811.309143457829,817.1139974812157,9809.112938532518
2025-02-22 00:30:00,831.8398405626336,837.8234117740732,827.8835332243636,834.4259599576607,312.14158487386584
2025-02-22 00:45:00,821.616283281594,828.8411565719849,814.2309766660968,821.4079715645939,477.429088785813
2025-02-22 01:00:00,813.5890957889677,812.5258256838048,802.3843832097713,812.8403772981369,8593.963065447071
2025-02-22 01:15:00,800.204170097313,804.3946924683862,793.4986633601812,805.0829876715378,8910.854542581672
2025-02-22 01:30:00,809.5994572020693,809.5824174062217,801.1682769188568,805.3248890220945,9515.48594252115
2025-02-22 01:45:00,821.8027792887452,831.7515030144117,819.9772890553171,826.0303094856812,5391.294803319054
2025-02-22 02:00:00,839.1176497839685,845.0884256268747,835.0725838630144,845.9327579316255,2855.1889162583952
2025-02-22 02:15:00,866.6838439832104,869.4884197841559,857.4697385926135,864.8417645598786,9451.215568094898
2025-02-22 02:30:00,861.7861927083226,868.583329363506,855.1591840192649,860.6314275613679,321.7184134819155
2025-02-22 02:45:00,857.299536166217,863.4095592740998,855.8416683156987,856.2150485393831,1164.5348843858012
2025-02-22 03:00:00,834.67232795994,843.8162203593565,829.2785401951813,832.597292741805,8129.534872752366
2025-02-22 03:15:00,851.3501534148841,855.9077585536775,845.6555568576043,850.5782280451043,8325.77536541975
2025-02-22 03:30:00,820.1356495551403,826.4672887292586,811.7115870358749,815.6304080676066,3215.4960119861476
2025-02-22 03:45:00,807.9942214727731,817.8809878606444,806.4956461931413,808.2672376401623,4897.861123905359
2025-02-22 04:00:00,840.106633852845,845.9430324992815,837.3045345168372,839.7280747863176,4720.53875821952
2025-02-22 04:15:00,854.551796871243,862.7415786792184,849.8126061010798,858.7909935344794,7237.6723768525235
2025-02-22 04:30:00,850.0296283754434,853.1504532949987,847.1528206612038,852.055812402203,560.8779420859328
2025-02-22 04:45:00,854.3278177336866,853.9374519279343,843.3949163437978,851.2741054871674,1117.0217248153124
2025-02-22 05:00:00,824.0362274192278,829.34350673334,821.7227342396936,830.879134701273,1439.8435471975058
2025-02-22 05:15:00,813.2509874488903,816.6501148825407,805.5722420084899,811.2087387680274,941.7602015617815
2025-02-22 05:30:00,805.6042125003195,806.8754603983872,797.0946029087297,798.2864457556954,2709.1029273481804
2025-02-22 05:45:00,788.7097643971678,791.331366337805,785.2655309978165,783.6939927542916,3019.61179370815
2025-02-22 06:00:00,820.2953853923412,826.4321060227543,818.5185337898718,823.3773974600334,6736.142273813904
2025-02-22 06:15:00,828.491331705619,837.1298949351516,824.7896105930733,834.9922335939191,3327.662090628398
2025-02-22 06:30:00,854.97566264462,865.3942721863176,854.3824081583797,855.849688080583,9737.84072429494
2025-02-22 06:45:00,848.679731706288,855.0317773753623,847.8825120792442,851.655907510434,4041.022936546807
2025-02-22 07:00:00,865.0828266136161,871.1497108547848,859.8892750276531,865.4941188128012,8051.150464777343
2025-02-22 07:15:00,890.5842920673443,893.679447698496,883.8204103241121,888.4005138827279,7827.6664435901575
2025-02-22 07:30:00,903.1028752194595,908.4303311830757,897.7119875747771,900.1575778981718,7028.517248828682
2025-02-22 07:45:00,922.0025864201139,922.7507109683546,909.7876225481782,917.4467546801958,5899.889051725697
2025-02-22 08:00:00,926.1066499122037,933.1205422011378,920.5242098796067,930.6881645877507,5237.453741448228
2025-02-22 08:15:00,941.0080416485895,942.5434526950405,934.4059497529819,942.5611211340658,1983.9853667901625
2025-02-22 08:30:00,944.7771755487823,946.381871957409,937.8008101787038,945.9196900995611,1715.5754369495296
2025-02-22 08:45:00,933.1536214893907,934.6360326895706,927.5190383594387,935.802776038635,4080.1826317039495
2025-02-22 09:00:00,947.2016177649076,950.6673888405198,940.4665424413893,946.9001467250222,4526.969931226702
2025-02-22 09:15:00,926.3083334662872,938.3820934410128,924.0559468981573,932.5871670333997,405.0547587419037
2025-02-22 09:30:00,941.0497975374363,943.781334455672,929.1626751967552,937.9901276652766,3261.3049172765996
2025-02-22 09:45:00,958.5544980019632,963.7658030644704,952.9307552437194,960.6996316628648,8448.462624150015
2025-02-22 10:00:00,985.88976407426,990.5808753481862,979.4499958948375,986.519210848417,8726.640320575183
2025-02-22 10:15:00,995.1378432693411,1000.5833874237911,989.2344455546124,995.4094285096454,8726.213437262877
2025-02-22 10:30:00,1011.3537556849955,1014.9337477060384,1008.0669101616896,1010.5475464709843,4736.711099170277
2025-02-22 10:45:00,982.799558614887,986.8204204517183,977.5667161971143,980.4441838657467,2976.4964101204773
2025-02-22 11:00:00,980.8689505462547,979.9194754221121,972.8201379345142,976.5063793544501,1069.5123412514113
2025-02-22 11:15:00,948.879249550741,956.5804110944918,946.0542987295146,947.4286821706129,9041.397546696699
2025-02-22 11:30:00,948.2238173968543,950.8214124074781,941.0160370674032,941.0233878419133,347.0447336859955
2025-02-22 11:45:00,915.48523233476,924.8841562578388,915.2428154121417,918.0903546596678,487.3616471058168
2025-02-22 12:00:00,919.0813420699482,927.2669320701299,916.1636992276423,921.9617275223679,483.69657665183894
2025-02-22 12:15:00,931.1792089223812,935.7452243978402,926.3378571547837,938.131281463341,9684.86079673063
2025-02-22 12:30:00,954.3607931916756,955.7507965451924,945.1849223062598,949.4036929503798,8684.463069439007
2025-02-22 12:45:00,962.5273141104553,968.8232029876735,959.6621728055778,960.6627398772365,4574.912792333802
2025-02-22 13:00:00,961.7077477560973,964.0997323808289,953.1419206953126,958.7267362728121,254.03978919130725
2025-02-22 13:15:00,971.1060432836223,977.7483639269412,971.3880169868081,969.5063084270267,5769.448352448708
2025-02-22 13:30:00,975.2737814521025,978.3221720372819,968.6755298597877,977.6720208159799,9296.49370118321
2025-02-22 13:45:00,972.0442810084711,981.6946590514741,970.8727916019408,974.4241171802411,7268.989576699517
2025-02-22 14:00:00,993.4029169077232,996.4936718721908,983.5809495293662,993.2266138835092,5616.524881925664
2025-02-22 14:15:00,1007.5140408160335,1018.1030997521347,1008.0864328774854,1010.506922776328,2421.5025837860067
2025-02-22 14:30:00,1008.635921211557,1015.830532872055,1003.9225078904313,1012.2121524813768,3346.9430995239923
2025-02-22 14:45:00,1036.375584499524,1043.7797470273845,1032.4977353098286,1039.2100631233066,1099.3534512435058
2025-02-22 15:00:00,1073.9151077573028,1076.5829232498077,1068.8260221859184,1075.9485040747113,4815.216806977058
2025-02-22 15:15:00,1058.9117983842227,1064.669747854108,1052.3446194507346,1058.5265436858997,1939.1094952457775
2025-02-22 15:30:00,1053.246560096489,1051.7077506312423,1041.662071191888,1051.5643291634594,5153.56575636741
2025-02-22 15:45:00,1054.635856541588,1059.6811479612902,1047.8754227491286,1056.4668467598901,3962.4706848330975
2025-02-22 16:00:00,1054.1257725495786,1057.0998808305073,1045.646259794219,1053.6261257774643,9848.591234253567
2025-02-22 16:15:00,1043.356252811573,1048.249147836983,1039.4196600297557,1042.6206908227966,1550.1818172750977
2025-02-22 16:30:00,1047.006517012346,1055.6477467936163,1044.7923307966043,1050.2244732707268,3185.101395565665
2025-02-22 16:45:00,1065.114999442409,1077.253906036101,1064.2953424882407,1064.6255126444476,7635.027552489633
2025-02-22 17:00:00,1049.2852606471706,1051.6884652340595,1040.6555630820544,1050.370930918814,5744.017178140419
2025-02-22 17:15:00,1023.9417885202615,1028.383374031789,1017.3082658151176,1027.5364081901407,9847.18650707809
2025-02-22 17:30:00,1018.3254956897837,1022.3260111372523,1015.7791895953842,1021.1650100144666,4217.986770110486
2025-02-22 17:45:00,1016.5968101761684,1018.8067309120775,1013.1972366134692,1013.721470530082,2305.182608670593
2025-02-22 18:00:00,1026.6833231892608,1026.6732460276596,1017.0765909317172,1022.2161142311178,3670.079158998719
2025-02-22 18:15:00,1027.8190364271195,1031.3998617048635,1019.783070967161,1023.0255659023204,4571.233090342485
2025-02-22 18:30:00,1004.2471013862905,1013.8455685441,1004.6245713354708,1008.9428943119577,3699.8489630535178
2025-02-22 18:45:00,1025.7967590697695,1033.9162085021417,1023.2297566595549,1026.5574589783037,4415.611468053938
2025-02-22 19:00:00,1046.4601030249075,1052.6645135302583,1047.2124134398537,1046.962803895226,3560.736447715004
2025-02-22 19:15:00,1070.378454746099,1074.3752973346625,1060.1844304289602,1064.363414178013,458.820043782395
2025-02-22 19:30:00,1075.7771153026426,1079.8049063682377,1065.0180315171476,1069.4829144857435,6799.851874539305
2025-02-22 19:45:00,1089.7227012109106,1090.6933164465472,1078.3961631063141,1084.3042803140972,3507.1052000458635
2025-02-22 20:00:00,1096.9208784659875,1096.2240462051832,1086.1737168077257,1097.7857090158052,5943.97051102875
2025-02-22 20:15:00,1092.5160893057396,1098.7804484665517,1089.6261369637987,1094.3483828784392,5972.11524960683
2025-02-22 20:30:00,1094.0713907232869,1097.0813664580749,1087.2360169171434,1092.4055458667356,8544.625773860978
2025-02-22 20:45:00,1103.5089112735338,1107.6874022366378,1095.7161116801099,1097.401384561172,9909.590690242414
2025-02-22 21:00:00,1105.4420782157738,1115.3163505538703,1105.2917904356732,1103.520114498713,3985.92529931221
2025-02-22 21:15:00,1128.556789035513,1139.0938142598052,1128.4952206204666,1130.9523136280627,3931.5670597427725
2025-02-22 21:30:00,1136.7974775038263,1137.969408100439,1125.7046837072405,1129.324754700124,1575.8818696836568
2025-02-22 21:45:00,1125.2699689728204,1127.3259156960194,1118.180577517617,1124.3711758888376,6142.738518343551
2025-02-22 22:00:00,1130.9412378664642,1138.8128643353984,1129.551272922787,1134.7073681631125,533.8742444968142
2025-02-22 22:15:00,1152.2785711259287,1150.728545931338,1143.910663642458,1149.417584088655,1681.4037301225549
2025-02-22 22:30:00,1152.1740456809498,1156.8017240944926,1150.9625896991902,1154.6766167492774,5762.3855728911785
2025-02-22 22:45:00,1151.6409587554756,1160.510577601411,1146.3387147178155,1153.8712591200435,9204.710827306788
2025-02-22 23:00:00,1162.7670512775112,1164.7026962238745,1154.5616818715282,1156.966263682318,6794.3702593007765
2025-02-22 23:15:00,1158.72211918943,1159.161993169963,1147.3293761154555,1156.7529312877784,1405.909263765679
2025-02-22 23:30:00,1159.6713035996631,1160.666875803183,1149.3496704680747,1153.2127499381425,158.60080259581602
2025-02-22 23:45:00,1171.4098951167784,1181.773421935093,1169.7809569539127,1178.8160175462508,184.05751200842278
2025-02-23 00:00:00,1175.5272694999762,1182.4229554554051,1174.1049150540005,1177.2700924140363,4541.666066484902
2025-02-23 00:15:00,1173.8974669031625,1178.70660888275,1166.4506749247066,1168.5855695892978,1848.8556413898589
2025-02-23 00:30:00,1173.0318378917195,1176.3836737583556,1165.5232465370373,1170.3369569806678,6040.842091297265
2025-02-23 00:45:00,1172.988471454404,1178.787639116049,1167.1615114377635,1168.103082848051,1938.6749842298495
2025-02-23 01:00:00,1161.928017820052,1161.3555465955833,1155.2462632417478,1155.8923447685897,3812.9489932464016
2025-02-23 01:15:00,1179.307687015476,1181.5860942189822,1171.247799624873,1175.6271118722025,9472.952152670916
2025-02-23 01:30:00,1174.0004427103029,1183.3533434149087,1173.6563749654194,1177.8246701279115,2677.9209483607647
2025-02-23 01:45:00,1174.7293990417672,1180.4403614277112,1168.7991388179814,1169.9421733941283,3885.498276246372
2025-02-23 02:00:00,1160.0278143862668,1171.6469088960196,1157.1528909273525,1166.9335361272927,7910.817988255867
2025-02-23 02:15:00,1172.8126494978103,1178.6425964147825,1167.8700473504157,1171.0280256638284,2228.929463463884
2025-02-23 02:30:00,1178.057497677526,1184.7713397966008,1172.0925899039976,1177.781970292613,6545.161045219633
2025-02-23 02:45:00,1161.846986672169,1168.9499225604081,1159.0423092485075,1166.15399155655,1940.079007260748
2025-02-23 03:00:00,1133.247515329156,1140.1003938062906,1135.5832559084647,1134.3617852517136,4639.879412797254
2025-02-23 03:15:00,1132.6652343105732,1142.3272472597155,1132.889630334675,1137.3267388359468,5846.574620737565
2025-02-23 03:30:00,1136.1070838020119,1134.9900380978415,1126.9979570962066,1135.1041907720585,4315.900039562639
2025-02-23 03:45:00,1140.2577686869033,1147.117346321396,1136.224676280112,1146.931706514447,2060.1397997869635
2025-02-23 04:00:00,1115.1479277888295,1123.580497840143,1109.9111888705643,1120.9330939648214,2545.0689031859074
2025-02-23 04:15:00,1112.5853630378017,1113.7280839874732,1106.014964913405,1111.222989160366,917.2876815014793
2025-02-23 04:30:00,1108.3954489019272,1114.8986254110741,1103.3696573676227,1107.141096319082,4672.370269857622
2025-02-23 04:45:00,1105.3022781858515,1105.4888539041258,1095.5835515170634,1096.9527609885088,4817.472902619183
2025-02-23 05:00:00,1141.5180956081626,1146.3690060886963,1136.7979148651639,1134.6928828724444,5710.687208998838
2025-02-23 05:15:00,1159.3109555523886,1164.4021162325678,1157.5337999858416,1156.4247971018012,9744.519446044207
2025-02-23 05:30:00,1170.796140148065,1175.0229100115039,1165.506367674823,1176.4220239126932,9257.803247570135
2025-02-23 05:45:00,1171.2115148017795,1181.9879583336815,1169.492967075959,1174.685426733494,3759.6312870435713
2025-02-23 06:00:00,1170.2572583431368,1169.7435579782214,1163.0729246390467,1165.0967776370535,3807.1606260556036
2025-02-23 06:15:00,1161.9409811685189,1160.8999603261382,1156.367695336404,1161.9000115766385,5531.0986082359
2025-02-23 06:30:00,1150.0140791367396,1160.3398641031404,1146.0718061906753,1152.3800166743595,3786.439932539803
2025-02-23 06:45:00,1162.499488994252,1162.8585955798776,1152.4556260833185,1161.051214879642,5771.253364245805
2025-02-23 07:00:00,1172.8512765820487,1178.5211363536494,1166.42247311354,1176.1858788269574,7849.020553826476
2025-02-23 07:15:00,1185.6882891747755,1195.8701821131904,1181.2066300600338,1186.8410359677625,2753.4452782978356
2025-02-23 07:30:00,1195.197216464036,1201.4735293388565,1192.4732640556138,1203.1749490352584,4087.865700031206
2025-02-23 07:45:00,1199.3473182270175,1206.9779482449696,1197.6195966804821,1207.7957005864612,3982.6346896779546
2025-02-23 08:00:00,1196.8690500931043,1195.9708455313194,1187.4684910559147,1194.658944896158,3820.0867015752324
2025-02-23 08:15:00,1200.405952192869,1204.1102573545481,1194.5871118926955,1204.767423804234,7660.93351109893
2025-02-23 08:30:00,1220.536560434987,1229.382077354507,1221.8932859724694,1220.2442196278487,609.8059638699119
2025-02-23 08:45:00,1237.6165922458977,1238.0802365851237,1229.2527750121737,1232.8183717289025,6685.583328379282
2025-02-23 09:00:00,1220.3250439326823,1226.9981536243056,1216.2344125079549,1224.0275266752303,166.67197394305413
2025-02-23 09:15:00,1234.9899070975505,1240.0852879047447,1227.5336978495473,1236.034528009893,221.03008542600048
2025-02-23 09:30:00,1234.1181724434412,1241.8548417733616,1226.765213631444,1234.4643472906253,3889.1168073615418
2025-02-23 09:45:00,1239.226958934468,1245.6574911502096,1231.2825737811174,1237.8147179337325,5428.32527786099
2025-02-23 10:00:00,1241.3890415772012,1244.7070750989042,1233.8050643511144,1239.4895399036895,6539.89959611607
2025-02-23 10:15:00,1264.2675588181976,1270.122951390545,1264.357425329098,1270.7067733546073,5640.221207637711
2025-02-23 10:30:00,1279.6571025627904,1278.9651303736794,1271.8572698543899,1273.0903257006717,4545.629276759957
2025-02-23 10:45:00,1274.8664000925198,1277.9833500423422,1268.1988534754905,1271.0481021092487,5203.029408120708
2025-02-23 11:00:00,1262.637229759939,1273.01946200631,1261.5198304939463,1266.5014272942597,3637.2036074214634
2025-02-23 11:15:00,1276.7566075728948,1287.0895710838581,1277.1576660244789,1277.70308337766,8433.758358116185
2025-02-23 11:30:00,1338.1793290638661,1340.5600003727689,1331.0122003097256,1333.6187947401552,4972.8090409491215
2025-02-23 11:45:00,1332.8907494401988,1335.6082926259655,1321.3775955035321,1328.5519683935347,8581.481911283201
2025-02-23 12:00:00,1318.4605213018137,1319.0665843721142,1309.8522954287255,1320.2600820520668,6433.963949328429
2025-02-23 12:15:00,1311.166651757957,1318.2109519815187,1309.3952634999634,1314.0542186780872,9317.158733104223
2025-02-23 12:30:00,1331.395916413501,1333.8853884190337,1326.3241103023925,1329.8084077466394,7306.259870562029
2025-02-23 12:45:00,1304.5615136720703,1316.3905399933485,1304.2078122131375,1308.248720513432,3602.9654509660086
2025-02-23 13:00:00,1314.0886410607723,1316.9744157664159,1304.7640255199217,1315.0230904830107,9592.935231632538
2025-02-23 13:15:00,1299.6631829464243,1302.4786020073732,1292.6744512166417,1304.2540738871082,134.51448909724888
2025-02-23 13:30:00,1298.7008263649118,1300.2930586498296,1291.5276626249515,1295.0087442017837,3221.8796300111367
2025-02-23 13:45:00,1310.08568618275,1308.0352582089272,1301.603394960679,1304.614798149617,6970.494651828328
2025-02-23 14:00:00,1312.4161506090134,1313.879641830332,1302.9894270631112,1307.0048794324127,1894.4655700139488
2025-02-23 14:15:00,1340.3161644820461,1343.1768775974822,1330.2576063099223,1333.2078608446525,1356.868738143105
2025-02-23 14:30:00,1338.0434400466402,1342.7263055867018,1332.2761015576689,1339.6721803321645,1742.7596639908757
2025-02-23 14:45:00,1336.0332035124138,1343.2608340049887,1329.932124840015,1334.9866124527873,6758.4738006323105
2025-02-23 15:00:00,1334.594364600172,1337.3447023286483,1322.527414226232,1330.5001414230685,6754.252847747937
2025-02-23 15:15:00,1347.4344116144985,1354.674588572952,1349.0808098708458,1353.007492315294,1240.8142990744716
2025-02-23 15:30:00,1359.1114190528917,1361.9481886473297,1351.3588071357487,1357.4019975524357,2584.748495827521
2025-02-23 15:45:00,1373.7150200383653,1377.0089667566829,1367.589676761071,1369.6760053144674,9506.627031942024
2025-02-23 16:00:00,1354.3469684154663,1365.0123398620128,1351.5513062762525,1356.8661786906978,1223.3450499702244
2025-02-23 16:15:00,1351.596319032086,1361.3875328787126,1350.1540530076443,1356.7920542395434,7208.401991488881
2025-02-23 16:30:00,1374.9366154553888,1378.5629233166756,1369.6109229466422,1378.0370678073543,3359.076745957315
2025-02-23 16:45:00,1396.3653564448355,1401.5055679425625,1392.5233994701673,1392.8858668520409,5817.939453474568
2025-02-23 17:00:00,1379.5555739279564,1386.161154709591,1378.2933293219698,1380.5897591732526,6334.8223749072395
2025-02-23 17:15:00,1394.502640835646,1395.6344208827875,1382.8882871928258,1391.0815190721205,7950.997096418279
2025-02-23 17:30:00,1353.1250633489135,1360.0954081599368,1346.0753773870777,1356.3704911489901,5108.183230283648
2025-02-23 17:45:00,1342.2196524370488,1352.005110743563,1341.4810714113778,1348.8057331076443,8530.952348044653
2025-02-23 18:00:00,1346.113027045123,1351.2454433507767,1340.1110139551872,1351.2367554493997,3546.9189019281534
2025-02-23 18:15:00,1343.7068432037834,1354.3159926301278,1342.261003722996,1350.2075543934977,4012.6114187995695
2025-02-23 18:30:00,1342.8156745654803,1346.6750189062595,1340.0667296277495,1345.0771676613724,8700.476873322641
2025-02-23 18:45:00,1337.3025117758032,1344.925186767537,1329.913531775908,1332.7340609475725,6442.216483399332
2025-02-23 19:00:00,1335.7551688262788,1343.9997465849265,1334.7219427584419,1335.8515733203558,824.0153767737636
2025-02-23 19:15:00,1355.7781520355688,1365.8367302898998,1353.184399620553,1361.8387171709905,9690.899794740817
2025-02-23 19:30:00,1358.7398604404427,1367.9046148718712,1355.1854591761344,1366.4487932187883,3524.8363123066206
2025-02-23 19:45:00,1346.8577410657622,1349.0840976095699,1339.245223287926,1342.7093574555392,9611.226645023007
2025-02-23 20:00:00,1344.7272885513596,1353.086930069742,1342.0126192366931,1351.4843253562567,4306.978014233214
2025-02-23 20:15:00,1355.018225575878,1360.452321892996,1348.3815281044344,1355.635228679475,7804.294441273986
2025-02-23 20:30:00,1356.128146842379,1356.1489451199695,1349.3771673076758,1353.8807076511769,4618.005513915622
2025-02-23 20:45:00,1357.4657668948412,1360.9703168376454,1350.5388005693658,1357.4044464614362,8159.101024152943
2025-02-23 21:00:00,1349.4906603627892,1358.5784614984677,1347.3347025897383,1348.7885861622453,4543.584402251018
2025-02-23 21:15:00,1360.5736196860523,1360.10665161746,1353.7691622008865,1355.8868681096583,2290.0812095845276
2025-02-23 21:30:00,1367.1201450482542,1375.595186234517,1363.233536986793,1369.0512840029382,3548.903965325688
2025-02-23 21:45:00,1377.707208619106,1379.118772363756,1368.7162674890697,1370.258462305691,2055.496166844454
2025-02-23 22:00:00,1360.4184609854399,1360.1594463095491,1351.6705006779348,1352.6338254541022,7537.318962172289
2025-02-23 22:15:00,1375.378488158621,1374.7063161240405,1366.8022466119146,1370.9904199860275,3502.1787906958925
2025-02-23 22:30:00,1359.3317330638897,1363.2999686653868,1354.0806780255414,1360.5374466301473,3831.289960888447
2025-02-23 22:45:00,1373.0984349637777,1378.3028750473136,1366.4682424896112,1370.6086308709282,1307.229790701496
2025-02-23 23:00:00,1382.0781321075926,1385.7214189558294,1378.4666875453092,1383.1286385497706,2688.5846402174047
2025-02-23 23:15:00,1367.155469699607,1372.968983628553,1363.856156381002,1369.0697953347667,9422.798964328418
2025-02-23 23:30:00,1376.6833427727918,1388.5130331926746,1374.9037287185442,1380.704651044043,3397.804496818088
2025-02-23 23:45:00,1392.6980745330702,1403.1139134134899,1394.0057336153034,1391.4868198493616,5463.492527633882
2025-02-24 00:00:00,1401.817190101121,1411.9992796835177,1402.4345357726359,1402.1649045381105,2644.7153445885415
2025-02-24 00:15:00,1398.0176762965125,1399.2409831898422,1390.4305485473571,1396.0573948795773,1480.4829969401824
2025-02-24 00:30:00,1368.0859146412881,1370.9383762349037,1361.4552711957604,1367.6951904737327,6708.1966736104905
2025-02-24 00:45:00,1353.3967228182844,1360.044205751652,1350.1391330861372,1353.3263426490716,1018.5429851182842
2025-02-24 01:00:00,1333.962638279707,1339.6704879214076,1331.7194789848477,1337.2988854225146,9305.491098145088
2025-02-24 01:15:00,1302.5717483452333,1311.112268281016,1302.897480727258,1307.9134004402686,7020.745896328683
2025-02-24 01:30:00,1307.9311169463479,1316.3755115007395,1309.2009667609477,1313.432162862055,5228.760497556347
2025-02-24 01:45:00,1302.8398491509754,1309.6797916133144,1303.1407724240994,1309.5120969742711,1732.2539782517172
2025-02-24 02:00:00,1298.1885261232635,1300.7067268406352,1290.9985564435558,1299.6508087761592,6742.2768864146265
2025-02-24 02:15:00,1314.7714356716424,1323.97958739961,1312.6338875090782,1317.2666641352098,8107.129816414044
2025-02-24 02:30:00,1324.5118272060383,1325.2384024819576,1317.8562688028694,1321.0921983910982,7283.501575323433
2025-02-24 02:45:00,1299.5638657581524,1309.1809237963023,1300.6195862593204,1305.1828610747937,6405.264900205316
2025-02-24 03:00:00,1304.1783168689497,1313.1851433309346,1301.9765518829083,1308.7644222610302,1511.3722495671327
2025-02-24 03:15:00,1316.4505756561005,1321.363906107745,1312.2287592861042,1323.399541054963,179.1244497077637
2025-02-24 03:30:00,1301.0841498439368,1304.6458110130088,1290.8843382492098,1300.9033430331626,7939.624245641456
2025-02-24 03:45:00,1305.3667027922727,1311.3846856670586,1304.9378356620077,1313.3590372953631,9746.874164837278
2025-02-24 04:00:00,1299.729277187952,1299.9655889514975,1294.0163014899001,1295.0984717841393,7704.469614091182
2025-02-24 04:15:00,1317.1669216168339,1324.0903818758527,1314.9645586426627,1318.9479576655478,7528.677349708846
2025-02-24 04:30:00,1305.7750851249925,1310.1439248851354,1301.3003569100138,1307.7039001734283,7395.828684710918
2025-02-24 04:45:00,1335.1817429030195,1335.5916147285836,1325.0746049149639,1330.8050725310245,8295.21528380262
2025-02-24 05:00:00,1344.5509968537115,1354.6930411125456,1341.8573261957338,1347.4353162513341,1594.4551598802411
2025-02-24 05:15:00,1359.3197342492274,1357.9383521122268,1351.9635281443802,1354.8339629097736,7270.887543858978
2025-02-24 05:30:00,1348.153586026765,1351.712188276063,1344.987056261017,1353.7085898937887,9889.080842043733
2025-02-24 05:45:00,1364.3495093901083,1366.9794734288294,1356.1548432737598,1360.2738078068492,4294.679511889615
2025-02-24 06:00:00,1340.7388965556538,1344.5627156241326,1335.4251999280389,1334.9643527834478,3406.297637918209
2025-02-24 06:15:00,1354.0689671516338,1358.60932894127,1347.8479130890678,1354.439197787504,4747.920262274521
2025-02-24 06:30:00,1373.7738768953805,1374.9747700884493,1367.057545384792,1376.8052706373915,5955.017873214094
2025-02-24 06:45:00,1359.0129306701922,1368.1979047002612,1356.32978893548,1358.6802448125627,4562.587767644964
2025-02-24 07:00:00,1353.2229237066522,1359.677230964048,1354.4957333637892,1359.6938732583378,3557.063387482816
2025-02-24 07:15:00,1351.098801317003,1353.9377062426975,1342.384029990712,1350.8363583944877,4168.436028271795
2025-02-24 07:30:00,1345.17881619831,1345.4051402451582,1338.1697093911198,1340.2638868363995,894.9084714837995
2025-02-24 07:45:00,1339.4397682022286,1346.519512892666,1334.8559717118264,1337.8837189570916,1400.5146139039784
2025-02-24 08:00:00,1321.180095725838,1319.4688973670811,1311.692347931261,1313.899469230404,7674.209061917276
2025-02-24 08:15:00,1317.2279165703987,1320.1466442692772,1313.9821432985223,1317.2674666007429,4180.233566803084
2025-02-24 08:30:00,1298.0171476360126,1308.8847735540041,1297.9710630016395,1305.9510931121517,1079.22572350373
2025-02-24 08:45:00,1316.718888174323,1316.7054302328968,1307.1299300849466,1307.8615372148163,3032.542400760928
2025-02-24 09:00:00,1310.7983912523994,1319.0187656001629,1311.4550846820498,1318.5425319500664,7933.328893562532
2025-02-24 09:15:00,1287.219821605309,1288.0154623437427,1276.9967309481383,1279.8520537469433,6434.993334468866
2025-02-24 09:30:00,1276.6309801637208,1276.6928757181802,1271.7893182777002,1278.3115885291875,4820.891128210201
2025-02-24 09:45:00,1276.8883695650989,1277.7751242216186,1270.4965270816424,1277.0723302396295,8315.832931257328
2025-02-24 10:00:00,1270.3341703798612,1279.4573411913582,1266.264860364984,1273.5189328127685,7395.841765938961
2025-02-24 10:15:00,1257.2698585492944,1265.6796780475067,1256.7569222089803,1257.9457329263978,5771.452326633333
2025-02-24 10:30:00,1247.4737752209753,1254.0864443961057,1240.4975852775783,1247.1731038942335,9503.609029089568
2025-02-24 10:45:00,1250.9816931064133,1249.4513753148071,1238.9570667899463,1244.1704008360816,9987.918377466414
2025-02-24 11:00:00,1238.6889559975473,1248.7234617879815,1238.4710091891443,1247.5173249787017,5319.920607884938
2025-02-24 11:15:00,1247.9036765677433,1252.5797783196326,1239.1227361513054,1243.5936004221007,6840.037743774976
2025-02-24 11:30:00,1257.4821824253206,1265.1317796634994,1252.376668538747,1258.3211791384722,1340.4284751278187
2025-02-24 11:45:00,1290.3728754030549,1289.6341691499715,1281.7612614847803,1283.3212460117893,5006.282217052195
2025-02-24 12:00:00,1313.349025995953,1316.7891600946134,1306.7499811081732,1314.3274954228204,3694.2242540903544
2025-02-24 12:15:00,1302.787746740096,1306.8814037064308,1298.265256188791,1297.8629680239833,1381.6285289018033
2025-02-24 12:30:00,1292.0479251017068,1294.2891327299226,1282.0494586797208,1289.4137101651022,7180.734148747252
2025-02-24 12:45:00,1328.2130059464969,1329.1836622007588,1317.8418888750437,1329.08871820649,5664.251113319322
2025-02-24 13:00:00,1329.1998333122635,1332.5733098376695,1317.144581079195,1327.6469455191348,9379.80807416735
2025-02-24 13:15:00,1327.4155376953008,1331.159624170676,1319.4479534256147,1324.6179479249329,5806.132381980892
2025-02-24 13:30:00,1343.962876053507,1352.2503609489718,1341.9198855630939,1341.4789059025888,1382.9854808086968
2025-02-24 13:45:00,1337.3799456645243,1344.9002326826867,1335.8527544566066,1336.1481043039666,7340.504264699695
2025-02-24 14:00:00,1347.053433107789,1352.5732394907614,1341.3444733426143,1350.361126173528,5461.883342674731
2025-02-24 14:15:00,1331.54605790742,1337.8558900097353,1331.3462754331613,1330.735582743948,9754.52688736197
2025-02-24 14:30:00,1319.8533783553357,1327.7093649598191,1318.4376747895571,1321.8385918993056,3143.819787398555
2025-02-24 14:45:00,1331.8919148899115,1330.1644889402203,1325.237974163728,1325.3938946653218,1298.9161279772616
2025-02-24 15:00:00,1321.5813246147013,1326.992985420607,1319.0415333450085,1324.670911326976,4857.020099038336
2025-02-24 15:15:00,1345.5405039910097,1352.8513137158636,1345.8048755530879,1345.448270071702,2974.318260516728
2025-02-24 15:30:00,1335.1689794013992,1337.3819189087742,1327.6518731951035,1329.5248575353216,4008.5169410769595
2025-02-24 15:45:00,1356.9736950368952,1356.571423822992,1349.3748688645412,1349.5371150419053,3934.1838005138748
2025-02-24 16:00:00,1353.2080961583144,1354.918516549439,1344.8455150552018,1346.6995959930182,3004.8565700087024
2025-02-24 16:15:00,1332.295588728383,1341.4947328472026,1331.2420846202485,1337.2769462753365,3885.695900243899
2025-02-24 16:30:00,1360.6304786433961,1363.5363257501208,1355.7927853521653,1361.4900897426082,7717.617399270731
2025-02-24 16:45:00,1347.5318113885237,1356.2810411758685,1348.4370365150585,1346.7479215120463,9981.04241668927
2025-02-24 17:00:00,1321.4352131066105,1332.701705004596,1318.156980128051,1322.0425895681112,893.0437481791537
2025-02-24 17:15:00,1318.2548942259957,1330.1663517880254,1318.8762584030835,1320.368071251556,4133.91890044752
2025-02-24 17:30:00,1305.9544167382264,1313.7816925241793,1299.243469157008,1310.1814207525574,9330.762215578927
2025-02-24 17:45:00,1325.635601518889,1329.345449216087,1316.5138720344437,1326.1042555570214,2793.064545612998
2025-02-24 18:00:00,1312.0966868812889,1315.322169269893,1309.372174451133,1313.3423273135083,5279.645350381975
2025-02-24 18:15:00,1316.349676423679,1319.490666013994,1306.6404790515696,1317.0945003571392,1022.4308758099435
2025-02-24 18:30:00,1302.5034979507245,1306.0540543625873,1293.2663605168325,1301.7827457748378,9437.07705654083
2025-02-24 18:45:00,1285.4856710284719,1287.5768012207757,1281.5472841599685,1283.4245961613772,3095.4727675558615
2025-02-24 19:00:00,1287.9062169354872,1285.9737896509262,1275.3588177075003,1287.233569135991,9081.330380972408
2025-02-24 19:15:00,1280.875374347702,1285.8654569217306,1275.6074819343467,1277.891541785177,6250.346936803863
2025-02-24 19:30:00,1271.8402288387201,1275.374177992756,1265.886325651245,1274.143287708026,5196.231258561025
2025-02-24 19:45:00,1265.201203088248,1268.3961115480863,1259.6179106264647,1263.3231423495797,8651.667291078089
2025-02-24 20:00:00,1303.265510345254,1310.3182907402959,1303.5037245679362,1310.1704038461244,6449.265619181867
2025-02-24 20:15:00,1290.7920488442637,1293.1210975428414,1283.9681443702561,1289.8756856807872,8221.600711252715
2025-02-24 20:30:00,1295.7361442865722,1302.2387934852854,1288.4010895893816,1290.937501227908,2156.758252606606
2025-02-24 20:45:00,1271.182917133997,1277.6660096921223,1270.0245389028878,1273.8077234287896,2140.3360672042236
2025-02-24 21:00:00,1280.659800928352,1287.5462498567795,1278.5459833172117,1285.1221131614338,1223.6400175604538
2025-02-24 21:15:00,1298.917443500088,1301.9597292907467,1291.7718142157407,1292.1020816533742,2874.824222063537
2025-02-24 21:30:00,1299.3760835417365,1303.1013083468138,1294.2162840090816,1297.9519047776337,7518.9317245051925
2025-02-24 21:45:00,1299.9951456377548,1300.2961534242563,1290.352174908003,1294.6846014941573,8348.728946522691
2025-02-24 22:00:00,1313.3503556456922,1321.2433153184331,1309.6724248401192,1313.9838576496054,6310.588239284504
2025-02-24 22:15:00,1298.282827569729,1300.2952955760934,1291.856748975682,1293.143076399644,2204.0902666296397
2025-02-24 22:30:00,1303.0890357497963,1311.6641212858387,1297.2712378721903,1304.5444996987114,2623.869869842655
2025-02-24 22:45:00,1307.9971198462597,1309.4164613058767,1302.6155499311158,1310.64339129639,8970.194655983016
2025-02-24 23:00:00,1305.2688277861444,1313.820918028763,1306.1216822024935,1308.6038366117564,7347.414630156057
2025-02-24 23:15:00,1318.4750659745912,1318.731434285208,1308.3666120437438,1315.5927397095832,429.58334867063166
2025-02-24 23:30:00,1261.2900754885509,1271.1984279730093,1258.8156340044968,1259.0310616126865,4772.171030070267
2025-02-24 23:45:00,1261.783128668536,1265.0672089682691,1256.0995668351898,1264.890980367221,765.4514413151895
2025-02-25 00:00:00,1263.7765097967576,1269.8709929835964,1263.112584188016,1271.387691133747,4601.748960144707
2025-02-25 00:15:00,1276.5664355498325,1288.9485534309085,1276.7693671471065,1282.6885207816333,9923.736474681924
2025-02-25 00:30:00,1269.0787926004912,1272.0801209160604,1264.5108396775497,1264.578000228117,7330.967606851415
2025-02-25 00:45:00,1259.6057337302686,1264.8395274372538,1252.4151759650365,1256.2395960845056,5558.819619651987
2025-02-25 01:00:00,1231.0023514890922,1232.6085550145854,1218.9737397193746,1229.8720184655483,6043.079655593582
2025-02-25 01:15:00,1217.81531887225,1219.3750355726993,1211.6159257457496,1219.327601231884,3298.825132227068
2025-02-25 01:30:00,1193.918744925998,1201.382542488337,1193.5476873449097,1195.2782514981564,2306.426479084904
2025-02-25 01:45:00,1209.2684398554745,1210.2758569436362,1199.5708563142437,1203.1589761421387,4567.18878409911
2025-02-25 02:00:00,1211.4338447445828,1218.8408282476976,1210.5216536831954,1218.3401458324158,9011.337807092628
2025-02-25 02:15:00,1228.7137741858871,1231.9631523599444,1220.6960143992878,1226.9930474122223,7277.72289197937
2025-02-25 02:30:00,1211.0146257208112,1217.1268655310837,1206.432960781951,1205.0934300773652,5747.68022820663
2025-02-25 02:45:00,1229.9499381113076,1237.442835301241,1227.3619139998038,1231.7357389068047,118.81224442761848
2025-02-25 03:00:00,1218.3907490591055,1228.8619193175416,1218.9532869977784,1218.3238208477133,1072.1595859001784
2025-02-25 03:15:00,1229.0837514834855,1233.192498495643,1223.6352086488885,1226.1783164611506,7054.969845326798
2025-02-25 03:30:00,1227.5337382779467,1233.412611335134,1227.734780802166,1233.4427197369907,513.4028945113471
2025-02-25 03:45:00,1217.4906961412803,1224.9738228126382,1214.8017819039449,1219.8319324505412,1517.792258443294
2025-02-25 04:00:00,1232.092457402754,1240.8826435175624,1230.1235245013065,1231.9238291719078,5896.982102338769
2025-02-25 04:15:00,1232.0881959344977,1232.423082682452,1226.5225683550777,1233.014239045276,3527.2452867483244
2025-02-25 04:30:00,1218.9576883410457,1221.2855928803501,1206.890527914937,1215.2539236932173,3709.169749478202
2025-02-25 04:45:00,1225.9028197651776,1229.462302430469,1218.7365351858248,1218.1709321129906,4957.405077906094
2025-02-25 05:00:00,1235.4704857089346,1236.7106268134885,1227.6776134155973,1238.0989695546732,997.1005834922914
2025-02-25 05:15:00,1234.0472501399456,1245.5698550530292,1236.0151083694723,1236.8185704953219,3689.1175574052677
2025-02-25 05:30:00,1247.5175442821758,1252.2217342315275,1241.0180022982,1241.456182570183,3122.622277691817
2025-02-25 05:45:00,1220.648696304032,1230.338232930212,1216.9886628274046,1220.166766103452,2927.4150277506646
2025-02-25 06:00:00,1197.3773309065355,1200.1428363550344,1191.059898689414,1198.535454349728,8945.530318821247
2025-02-25 06:15:00,1198.5613849291015,1208.748636283361,1199.0331671826636,1199.8811091051712,7327.4914677832185
2025-02-25 06:30:00,1197.88603156543,1204.3296703005471,1196.1671820118506,1202.5061373632639,192.2515762000881
2025-02-25 06:45:00,1197.2814046002757,1199.4522426592657,1192.5889662287864,1198.191721771775,5924.499953185375
2025-02-25 07:00:00,1187.4727825107536,1193.8419469973867,1185.220530473034,1186.7186247162213,6257.959604794619
2025-02-25 07:15:00,1174.0538188827566,1174.3051433805626,1168.0896714241537,1174.980230565535,2490.6286057339366
2025-02-25 07:30:00,1189.1843935728841,1196.6492954356422,1188.959321283204,1194.7929888010415,3829.0327977756574
2025-02-25 07:45:00,1205.176519934022,1208.509897410761,1197.4835977974208,1199.1125357336343,8044.712038529868
2025-02-25 08:00:00,1204.787564204615,1212.6690622159626,1201.8427734240315,1210.7222993040457,3596.019224123079
2025-02-25 08:15:00,1198.7087080255087,1205.227965394562,1198.615211182061,1198.8865306595974,9352.863361373546
2025-02-25 08:30:00,1204.7251068301202,1209.8996312961924,1198.913141792481,1198.1709883292522,2556.023027121698
2025-02-25 08:45:00,1227.0793411062918,1231.2953177394309,1217.883085214813,1220.7190638095872,4603.3587225588935
2025-02-25 09:00:00,1238.864102651548,1242.1334518425251,1227.8994192089567,1233.0941756066513,2662.266699777729
2025-02-25 09:15:00,1226.2649045042588,1233.0212956537457,1226.8185112848523,1230.0772367687553,8648.379777084301
2025-02-25 09:30:00,1235.0098299040208,1242.7851114639336,1230.6519673480152,1235.0572365259409,5829.501062241411
2025-02-25 09:45:00,1227.612828884723,1229.3107018792612,1218.9853613467599,1227.5219586300377,8912.819139977399
2025-02-25 10:00:00,1216.3682412545884,1222.3413165994427,1213.554250005849,1220.9080184362588,1287.6845926511844
2025-02-25 10:15:00,1211.1999104534648,1217.9009769005313,1210.2947575525768,1219.3554117612994,5863.344140684538
2025-02-25 10:30:00,1230.0741558631378,1231.7638485011169,1220.6127793164258,1226.252090997485,4560.249645293819
2025-02-25 10:45:00,1210.1418170956074,1220.3053864764195,1206.15267307103,1210.1424832893874,4605.788214057402
2025-02-25 11:00:00,1225.3409268974158,1228.7180714383558,1218.4165160484465,1225.8053014556515,817.1097092860015
2025-02-25 11:15:00,1231.0796793295037,1233.087808244039,1224.3104548179588,1226.1111187076951,9314.71092719512
2025-02-25 11:30:00,1224.4834437250101,1229.022052642184,1221.5640568009528,1227.0490631825116,3689.1259835625438
2025-02-25 11:45:00,1244.0964357829491,1252.7428566689427,1243.7686646882962,1250.9347217862999,1341.0531624684363
2025-02-25 12:00:00,1230.662536428566,1238.1511706485585,1226.2349877546421,1231.50556036465,2524.5917536280685
2025-02-25 12:15:00,1233.2043668934946,1239.7845043373777,1230.5038350206387,1228.6223994965326,9027.21726635885
2025-02-25 12:30:00,1203.3456570979315,1206.362580233847,1196.767837592056,1205.0878829556584,7370.029988380785
2025-02-25 12:45:00,1188.222322433569,1190.956334860231,1178.989626223759,1182.6017855140349,2856.084080397115
2025-02-25 13:00:00,1179.3529289943908,1181.7214194025828,1172.8780127044854,1175.4590453855146,7215.65786600914
2025-02-25 13:15:00,1192.445327124033,1190.9691175586606,1183.3433641016838,1192.2733836456177,353.93019491984603
2025-02-25 13:30:00,1215.5718788443828,1217.8103285109244,1209.9661577246934,1212.4084829247583,5035.818545646666
2025-02-25 13:45:00,1208.8006946149558,1213.1123740980572,1201.2472322893639,1203.8602612754541,6699.3437703225945
2025-02-25 14:00:00,1209.2049894574445,1219.9326471184077,1208.3842219342143,1208.5378873985753,790.3800810532913
2025-02-25 14:15:00,1219.1210130216505,1227.8669487387035,1215.6222547717744,1216.0181921595176,3606.1930816542767
2025-02-25 14:30:00,1207.6351797224947,1214.6504050361373,1205.3630170181189,1211.8309742116837,9065.058561531823
2025-02-25 14:45:00,1224.0220627536173,1235.6587419714524,1222.178810502817,1227.9348734620798,2745.7322737620193
2025-02-25 15:00:00,1241.7215817888919,1242.4157009427902,1232.103946061234,1236.477156795208,3786.116472059807
2025-02-25 15:15:00,1249.5533846218302,1252.8030321270594,1238.5666998153436,1249.2455579716836,2427.6877591548305
2025-02-25 15:30:00,1238.2161138719132,1242.025033337016,1231.155298811555,1234.5437724451642,362.9069232968191
2025-02-25 15:45:00,1249.3866800542555,1254.4931008582375,1245.3067322383724,1253.8502112515903,2292.2343596328556
2025-02-25 16:00:00,1259.5505974141229,1266.7138451770138,1253.0967844897987,1264.9361544335227,2835.722354667348
2025-02-25 16:15:00,1280.1760819150602,1288.8537471441641,1276.4268667828749,1283.2879388887966,8432.964595950747
2025-02-25 16:30:00,1292.3262329005654,1296.1152049177217,1284.0944124773125,1287.6074066299402,3312.360357918702
2025-02-25 16:45:00,1302.159123524335,1311.7601017571894,1300.9139727142074,1306.9521488217365,3772.8716940388854
2025-02-25 17:00:00,1299.7655282768808,1303.775252642466,1292.5323128145735,1296.5849443910217,1885.0613733589764
2025-02-25 17:15:00,1301.3567551741407,1306.7954653727197,1297.2368138426687,1303.139999578546,9781.22630017904
2025-02-25 17:30:00,1308.6667375296595,1311.857158045612,1300.1166488166336,1302.4705436876218,1972.0192561970925
2025-02-25 17:45:00,1306.1090400958767,1311.4336283160535,1303.3698765501338,1307.2396767648443,1918.2938743518916
2025-02-25 18:00:00,1324.278013309503,1328.555105974176,1318.7581015784324,1320.4221737377525,7669.9033585452435
2025-02-25 18:15:00,1320.9990080182704,1324.0334722298262,1313.9501038383644,1319.066520335671,5039.412797879966
2025-02-25 18:30:00,1324.5957606963718,1325.345912891679,1313.7430713216636,1320.4613438546237,1316.5108056427562
2025-02-25 18:45:00,1308.311823328355,1307.246605764337,1295.8190829460214,1300.540036557163,1512.0759960093355
2025-02-25 19:00:00,1294.3064841211299,1300.352461175469,1294.7811368568289,1300.8809072814531,4163.1948505901055
2025-02-25 19:15:00,1294.6956188574422,1298.3128460284317,1284.847705746926,1287.107848571453,2985.965689118445
2025-02-25 19:30:00,1284.9624023376218,1294.7912290654049,1284.466792469697,1285.0921598263074,839.0971309796504
2025-02-25 19:45:00,1300.3671832323844,1304.6653065284142,1296.036300466603,1304.5786146391904,4503.955342914854
2025-02-25 20:00:00,1283.362895744757,1293.339290678068,1280.1992058955966,1290.1831665420611,2052.021921147284
2025-02-25 20:15:00,1282.9347176963663,1288.5684536488636,1277.0495351980455,1285.715653199633,4666.189431659871
2025-02-25 20:30:00,1281.8138371894472,1286.938971191932,1271.9710217667578,1277.2871371650524,7252.088190458503
2025-02-25 20:45:00,1272.5275237266212,1277.4529407371513,1263.9605319376117,1273.4494566186104,3552.58357081755
2025-02-25 21:00:00,1250.132730155348,1258.4782592204065,1249.9775855439036,1249.4979469679804,1379.9982341476302
2025-02-25 21:15:00,1228.886154353202,1232.386164643912,1222.8832399180317,1229.9979142764923,8464.443457603613
2025-02-25 21:30:00,1258.102217077938,1262.4366077393329,1252.0747271632856,1256.9078139426153,2156.227405117138
2025-02-25 21:45:00,1266.4351609687262,1278.690692351163,1268.200643378607,1267.766336890924,441.9249524156057
2025-02-25 22:00:00,1229.4235360355365,1228.5619675608957,1221.4795557971838,1225.0239025189367,7823.154225154796
2025-02-25 22:15:00,1202.3540411856254,1213.0634122088975,1203.171248857372,1204.6146988836756,1333.4436812765719
2025-02-25 22:30:00,1204.998224254968,1212.208498374136,1203.5103021518028,1208.4345217297143,9479.345641256848
2025-02-25 22:45:00,1196.3656781903856,1205.6423390331545,1195.0280781880713,1200.6861607086214,3932.897005475894
2025-02-25 23:00:00,1191.1155144816967,1197.5846687820813,1188.365823366027,1192.2010594700453,7847.36906383877
2025-02-25 23:15:00,1199.710691660586,1205.478810064665,1195.0607927478295,1202.1446945915834,9928.444746670442
2025-02-25 23:30:00,1238.1081105675296,1238.2342943640006,1230.456784488366,1233.028541992304,3979.374030125978
2025-02-25 23:45:00,1219.9167743101941,1225.6008336626553,1212.2392851475677,1218.295810353415,4120.406749837137
2025-02-26 00:00:00,1196.0489652650328,1205.4128846230728,1196.257800073636,1201.7148958637704,1105.0067440869193
2025-02-26 00:15:00,1187.9350012735608,1197.319619167345,1184.9509200533564,1187.8162157193951,200.13608159529105
2025-02-26 00:30:00,1184.9929904915227,1188.1347255476257,1175.478650419313,1176.136125014994,9121.672505772525
2025-02-26 00:45:00,1170.0859242099937,1176.431368075485,1166.5540839513392,1172.0038227128518,8087.285090652555
2025-02-26 01:00:00,1150.147609904495,1155.5979451427054,1141.9436385846489,1145.0632090977506,2507.1236913779508
2025-02-26 01:15:00,1186.5937970084071,1197.8399253081968,1184.8974839953203,1188.8395659935645,9583.439187679307
2025-02-26 01:30:00,1175.3385003970318,1184.073499802217,1173.2235066627075,1174.4736665559817,8098.45401497223
2025-02-26 01:45:00,1163.1349025005327,1173.0738048434785,1158.280175184213,1162.912689787531,3386.8449937266682
2025-02-26 02:00:00,1157.8909519969325,1164.8592816164494,1156.7201140255731,1165.219741893051,3354.793381624597
2025-02-26 02:15:00,1148.371404282821,1155.9767466204914,1146.289811488858,1150.718660255783,1948.6757035394758
2025-02-26 02:30:00,1145.7427700014716,1146.4375895366513,1138.1116391624842,1144.6745090838838,9501.193637157707
2025-02-26 02:45:00,1147.9784277854167,1152.4933266346882,1144.3699559909867,1151.9002509619402,8890.304673860985
2025-02-26 03:00:00,1129.956765806385,1137.399703926205,1125.5512671301701,1130.8519469606065,6764.236468722094
2025-02-26 03:15:00,1138.6580710620078,1141.8937309881303,1131.2645587725353,1140.5445211356769,5474.746996655335
2025-02-26 03:30:00,1117.653782466146,1128.1161714466245,1119.399347158748,1120.064210353885,909.5855293090577
2025-02-26 03:45:00,1129.0977192522773,1140.5601417838616,1126.514455518584,1134.4831421307342,5957.209792336641
2025-02-26 04:00:00,1121.9059314160297,1125.5499838986095,1120.1593955736396,1121.750209822959,4940.275336572614
2025-02-26 04:15:00,1129.986385974434,1130.8251367572404,1118.5323534789627,1129.3430483673885,2760.434190283124
2025-02-26 04:30:00,1131.9766001588473,1140.6849524074241,1126.4001502165656,1134.6818880963865,1340.8650180316258
2025-02-26 04:45:00,1097.7769697641468,1105.103458122224,1098.655650149432,1100.724422910252,4690.303502468728
2025-02-26 05:00:00,1140.2670166916853,1142.5078771999354,1134.0009838106498,1141.1884050473207,6846.688125297869
2025-02-26 05:15:00,1142.1989049996525,1148.2804813914322,1138.8830067989174,1145.3638121960014,4814.122335869254
2025-02-26 05:30:00,1146.801383702841,1151.3656058587605,1140.3539819640955,1143.9835253005876,5997.172859983864
2025-02-26 05:45:00,1120.2351557234254,1126.6273023548276,1116.399936492365,1119.3686747325805,8092.632552316664
2025-02-26 06:00:00,1117.1982567929701,1126.3107731874475,1113.884960201183,1121.472152832051,8811.086189174894
2025-02-26 06:15:00,1113.0296974625348,1120.4422290707705,1106.5680138985601,1110.87901294784,1748.0801721086373
2025-02-26 06:30:00,1132.0103310959744,1139.5697205298843,1126.7087554510933,1130.2130763924552,6603.3937981637255
2025-02-26 06:45:00,1132.1101745401897,1135.0034681756827,1125.5362964127414,1124.4743812370739,9596.514498557046
2025-02-26 07:00:00,1151.97700326002,1151.3111675904786,1145.0178837739693,1143.6184565498916,7235.015253222844
2025-02-26 07:15:00,1146.7872050337069,1156.86216989526,1143.4217182804878,1145.2959512686361,4646.578910297567
2025-02-26 07:30:00,1129.4508301709482,1127.1474672143572,1118.9600134903694,1124.187135696625,1597.625526347032
2025-02-26 07:45:00,1144.4773695371828,1155.7851204596461,1143.2462940719913,1153.5697127581336,5897.220397067018
2025-02-26 08:00:00,1161.8379988139295,1165.2189660199813,1152.0029679579793,1161.848840430346,6033.675222466044
2025-02-26 08:15:00,1157.6072358160097,1163.8395493216613,1155.721103808145,1159.7076556672787,4965.951928663916
2025-02-26 08:30:00,1168.4419382599394,1171.5801744491337,1157.9394109915056,1167.7733161291055,645.6023959426971
2025-02-26 08:45:00,1204.7968255695548,1208.8668118744577,1198.3848865920627,1201.5759488889594,7505.877410510485
2025-02-26 09:00:00,1194.9607754588558,1204.0050673186574,1196.7969475783757,1204.0020919902947,8012.422372960493
2025-02-26 09:15:00,1197.5198959867782,1200.504042432057,1193.2247596101909,1192.8610439835631,3383.2783759286294
2025-02-26 09:30:00,1202.2180986265935,1206.3687058698265,1196.9701161033956,1203.4887286428175,7223.6809311182005
2025-02-26 09:45:00,1211.3165925798908,1218.5281216602564,1211.9920698404483,1214.728481614621,7483.872347841562
2025-02-26 10:00:00,1217.7730581290957,1226.6237852770973,1215.6294719896084,1223.2101264441753,9399.22577525103
2025-02-26 10:15:00,1178.6021260714988,1186.2546049189502,1180.50715199873,1183.6339634762717,5070.999740229879
2025-02-26 10:30:00,1180.195971423167,1184.3104465546746,1178.3583563580223,1184.00708504881,4085.8756356796493
2025-02-26 10:45:00,1185.2550485027916,1187.2704158186702,1181.0755398533606,1181.6376690065647,4244.079834020791
2025-02-26 11:00:00,1167.4772573059295,1174.7437787308334,1159.777622921561,1167.4836065783618,280.97220218389515
2025-02-26 11:15:00,1179.7410978550413,1184.6282742521923,1172.0814640812316,1172.3031664748273,4574.966737176175
2025-02-26 11:30:00,1166.5341381957485,1176.2695370317572,1169.087270500769,1169.0993271420905,9437.657241273775
2025-02-26 11:45:00,1165.1955420967863,1168.2347374274384,1156.5496492989305,1161.0813505981223,3971.559568128893
2025-02-26 12:00:00,1131.5160210716008,1132.8940585745936,1125.7519881924934,1124.728026712049,1297.3305006094145
2025-02-26 12:15:00,1138.5453522186301,1137.295851980995,1129.2385100799218,1132.804148260744,9026.557310606197
2025-02-26 12:30:00,1142.2784615412563,1149.0974448009547,1141.707321582735,1147.2252134244645,1058.1443068069452
2025-02-26 12:45:00,1141.214598073032,1142.3502661000541,1133.2514546298573,1138.9174630957327,286.0750805003463
2025-02-26 13:00:00,1108.9839578938656,1116.5985450234616,1105.7782501435854,1115.7021723125465,3156.728257739533
2025-02-26 13:15:00,1108.8287601628506,1115.4365818464935,1108.1930930147219,1115.0990740047532,4006.90182376053
2025-02-26 13:30:00,1129.4501961148806,1140.431831979013,1131.2607137653986,1129.4824543616896,8224.184973636773
2025-02-26 13:45:00,1122.7614453599006,1128.8178969912894,1115.042697036395,1123.7849974441635,9253.930738790623
2025-02-26 14:00:00,1135.9439641240922,1141.5703886243584,1136.6461084588575,1137.748088591182,5440.402636163405
2025-02-26 14:15:00,1153.1499253267289,1154.8146417307887,1148.054071128888,1148.6500976116042,1679.690965263271
2025-02-26 14:30:00,1157.9875980465156,1165.7994874190929,1154.595675128474,1161.1276473253088,831.5567116689799
2025-02-26 14:45:00,1163.7991361212498,1172.5057360237913,1162.225809871334,1163.7119090809288,633.8408721175472
2025-02-26 15:00:00,1188.126378589419,1194.9015559406432,1187.1708792611287,1187.072056832577,7236.907918302363
2025-02-26 15:15:00,1186.8911115725336,1197.7722410811045,1188.4745645242901,1194.7261973829277,5458.353500115358
2025-02-26 15:30:00,1159.6814887716198,1166.8630839957864,1159.3218060719203,1160.0054166834373,8503.651469773225
2025-02-26 15:45:00,1149.1142134049212,1156.547300877871,1144.6717075375368,1151.6506646473795,4113.766062741095
2025-02-26 16:00:00,1157.8432262523895,1162.2322317551748,1152.9495258734091,1156.4796047784598,1693.7201803797552
2025-02-26 16:15:00,1144.9094195836137,1154.5830846841375,1144.0008042643426,1151.6570764733333,1359.4815276050488
2025-02-26 16:30:00,1130.75866987158,1136.7800798579815,1124.1541946819882,1129.5096641264533,5330.352719858263
2025-02-26 16:45:00,1107.514078865623,1109.1849587413415,1094.8734949575924,1102.441937699393,4572.550421052475
2025-02-26 17:00:00,1099.0169137772355,1100.166275580658,1091.1953281215724,1091.088346502074,6273.915457208671
2025-02-26 17:15:00,1085.7313494038601,1086.9823488829215,1078.0637819392507,1085.7252598198609,9250.903044130355
2025-02-26 17:30:00,1087.3147243859607,1096.4842973340717,1085.9965249554295,1087.6344963182542,3781.422137483156
2025-02-26 17:45:00,1079.985919143446,1081.6436099178013,1071.5034087245829,1077.832146844965,496.17331550332966
2025-02-26 18:00:00,1124.7900317728438,1126.6232461160002,1121.0489234062006,1120.7196504543424,7375.744052239913
2025-02-26 18:15:00,1123.0788043853427,1128.833308892939,1121.7936247481766,1125.9300662833173,1269.447585486286
2025-02-26 18:30:00,1134.6871679808248,1144.1279680123894,1136.864897622858,1142.0631571899064,9189.41112499005
2025-02-26 18:45:00,1128.2739629741834,1136.3946333810325,1126.795967937182,1133.5464004290998,2277.2802297363646
2025-02-26 19:00:00,1115.3967894367001,1122.4992039563954,1112.804974228538,1112.3678957420016,447.8350810763828
2025-02-26 19:15:00,1122.5217129372154,1131.0904246418656,1121.6885973599756,1131.262127018961,6896.949245254256
2025-02-26 19:30:00,1139.3822587135824,1144.38563434545,1131.6495829133396,1139.9439294928213,3520.877801981088
2025-02-26 19:45:00,1126.520211851315,1135.8385014425983,1126.1836352130972,1132.6226258969148,4725.160254551942
2025-02-26 20:00:00,1133.121385387237,1134.2347416317275,1121.0627567980637,1128.245845173261,6275.145597838695
2025-02-26 20:15:00,1130.0139186586248,1132.9922517737696,1120.6926386042694,1125.8530992558153,7561.178544032757
2025-02-26 20:30:00,1124.1516790340856,1133.8203949828794,1123.1646053161498,1131.595862451716,4125.115054532921
2025-02-26 20:45:00,1099.6456373035533,1106.2071678249295,1097.3604370463122,1104.8761358848337,7487.461355496342
2025-02-26 21:00:00,1077.7796613828057,1083.2816221254923,1071.1453993494904,1073.9305777423529,3849.4326563534505
2025-02-26 21:15:00,1062.5463182590408,1067.3917145396767,1056.641377651807,1058.7019334606127,1849.7651052201275
2025-02-26 21:30:00,1057.36767085405,1060.0960309744637,1048.8346376772813,1060.3343684202484,302.8907583115439
2025-02-26 21:45:00,1074.572735841501,1080.7111589068143,1073.201989283873,1074.006709807547,3908.2507731601495
2025-02-26 22:00:00,1084.2968941827373,1087.8766785296539,1076.930279945234,1078.3687453657094,4123.2792059258445
2025-02-26 22:15:00,1086.7609667318618,1085.9468600226935,1076.0752500286455,1081.9145236211305,4217.60177322709
2025-02-26 22:30:00,1086.8302432616467,1089.7387251087052,1078.207316443472,1085.1858446198307,4259.434545530741
2025-02-26 22:45:00,1090.2772118253774,1096.5024555224181,1088.6704305594146,1095.0451085273364,4776.655091030976
2025-02-26 23:00:00,1127.3822554886278,1127.9162992316308,1122.1342476713523,1129.659245665163,2295.8540475048344
2025-02-26 23:15:00,1124.3463514456027,1131.8741631054393,1121.6496459330267,1124.4779592471618,4467.14636409354
2025-02-26 23:30:00,1143.517511526261,1148.4484433717087,1140.2195469845506,1139.5318698399876,9187.59001211603
2025-02-26 23:45:00,1152.2506950830623,1152.3366886747524,1142.2461384742528,1147.8829890118018,7576.316212857782
2025-02-27 00:00:00,1129.0086983553788,1136.9430035387309,1124.664060199223,1132.2846408803646,2919.203558699608
2025-02-27 00:15:00,1105.6850587031247,1105.5751343585528,1097.9542040315043,1100.3682688897402,1485.2388691633234
2025-02-27 00:30:00,1103.4528413442395,1106.1141992715047,1095.533054922967,1097.72558032542,9767.356524490866
2025-02-27 00:45:00,1071.6026225624037,1079.3363607712356,1069.4450528337693,1078.870127378666,2471.9426114978646
2025-02-27 01:00:00,1080.0556843596237,1080.3234086381212,1072.5534992757043,1076.8820515751995,5644.085681802608
2025-02-27 01:15:00,1064.944020381899,1070.9792097128643,1058.769773044249,1063.4473782285027,3114.545979426379
2025-02-27 01:30:00,1082.8590360055339,1081.800614750592,1072.5215251886953,1082.7770347063047,2219.4433184237487
2025-02-27 01:45:00,1062.9981410115745,1068.5239731322188,1059.9090764937503,1062.3499539576821,3106.571905611929
2025-02-27 02:00:00,1061.5345520927713,1065.857180099962,1056.8282879920962,1057.9366057698496,8846.53002415521
2025-02-27 02:15:00,1064.3349862132661,1076.7997012252895,1065.1545798001177,1068.2580219154056,8629.35988146107
2025-02-27 02:30:00,1085.2418917339644,1092.9554508679516,1086.740251977986,1090.4119203761027,2107.379358774142
2025-02-27 02:45:00,1116.216810627562,1120.6449073317428,1112.3416594473363,1114.6709846058689,3906.333964601919
2025-02-27 03:00:00,1122.9649182236474,1126.966734299564,1113.1271009412158,1119.8468470422108,7350.175779348492
2025-02-27 03:15:00,1115.9192467036457,1125.9411800592995,1113.5441570284252,1122.961994445298,8671.120931237452
2025-02-27 03:30:00,1128.880912048739,1135.7935274953054,1124.1030610864389,1128.6447250169938,1255.9282855081085
2025-02-27 03:45:00,1112.0101893063918,1118.8212306359053,1111.2964559789664,1114.9513901540545,3350.308941703019
2025-02-27 04:00:00,1116.8256166300505,1123.934997068835,1110.1725594263878,1112.716465784593,5172.232358106572
2025-02-27 04:15:00,1098.7715032247118,1106.708522180638,1099.998004760818,1100.9932951958158,2464.70800531427
2025-02-27 04:30:00,1107.0792543980715,1114.0239464295967,1105.8713925468849,1107.951842094711,5369.949633448412
2025-02-27 04:45:00,1112.2722300273497,1116.9939615506955,1103.419742209861,1108.7158514615094,5772.173198163639
2025-02-27 05:00:00,1105.834721796247,1107.9889508683216,1097.490544022821,1106.800046525469,1180.2737824467417
2025-02-27 05:15:00,1091.9553607974472,1092.8915069316738,1081.0422272907588,1086.638862112836,8587.223428405614
2025-02-27 05:30:00,1098.5634700099638,1106.8305408246497,1097.7464103399818,1100.0654203109855,6030.42164384171
2025-02-27 05:45:00,1090.6933883063264,1092.3188353644678,1086.897908234017,1085.8555368873324,3726.3193246554624
2025-02-27 06:00:00,1085.8374527580518,1091.9178045383164,1081.4606959926296,1085.827335572955,6467.880560028839
2025-02-27 06:15:00,1070.385256452422,1071.8341920033174,1062.6924151182168,1066.3148761483806,5314.495569369569
2025-02-27 06:30:00,1081.8013163420867,1084.2343907078239,1071.2853335289026,1077.7122324283703,7942.208235708065
2025-02-27 06:45:00,1084.2297706271193,1087.2334970227462,1073.360685231278,1082.3721768419389,5695.620936883905
2025-02-27 07:00:00,1081.9919000432499,1088.314747660772,1075.4943643159204,1086.5285451116029,9345.928911990408
2025-02-27 07:15:00,1073.6727076607208,1076.1757237574986,1068.478365177497,1073.5020410845043,3880.9386594088587
2025-02-27 07:30:00,1068.6773876955592,1072.6651428993107,1065.1395610536147,1073.4121441990067,1570.3089190232504
2025-02-27 07:45:00,1071.7269265421119,1079.5510595345431,1069.6338864325937,1081.3927336658153,6920.454861441797
2025-02-27 08:00:00,1080.397398830972,1084.4090374076468,1073.5572153043395,1076.5172822043908,5754.508036221589
2025-02-27 08:15:00,1060.1274466556213,1067.9432381455133,1057.1101328046125,1066.3503752903791,1273.1391139456389
2025-02-27 08:30:00,1074.9250113971361,1081.4667797463237,1071.0615895536052,1071.9910621964323,7459.7314892488375
2025-02-27 08:45:00,1094.986991908154,1101.2791724151002,1094.708570496895,1094.3874475234716,5648.519466479157
2025-02-27 09:00:00,1097.2315832081338,1099.2698374243814,1088.9738641370895,1097.1857214848494,1084.710778413842
2025-02-27 09:15:00,1085.358630693362,1091.2591845998943,1082.3028611978245,1090.9725770267369,6806.453702594345
2025-02-27 09:30:00,1099.1958180516513,1101.0604947565798,1092.500410633527,1101.6524814294403,3386.957522936149
2025-02-27 09:45:00,1114.0597242081117,1118.3326909642412,1108.3723852408953,1107.9174013361562,5563.75747671137
2025-02-27 10:00:00,1122.8915574906723,1123.0072464685252,1115.799483505811,1116.1105763415076,2777.6935718525137
2025-02-27 10:15:00,1107.9076600720505,1112.4972487268424,1098.2486056181615,1102.3363882323883,7953.208259675521
2025-02-27 10:30:00,1096.777010546927,1098.5270510653222,1085.8569602943614,1090.7615678968893,5392.180728004517
2025-02-27 10:45:00,1110.2555623536093,1114.3901622252363,1108.4642447779781,1110.8913985149275,3079.417809721489
2025-02-27 11:00:00,1117.7758076625805,1124.7947438665144,1119.6178811272407,1126.9464646840033,1814.3686309971063
2025-02-27 11:15:00,1117.8098757055657,1126.6653367212316,1117.196382171567,1118.3511825031346,111.32648250160283
2025-02-27 11:30:00,1138.1818730761374,1144.3918179088025,1135.8495636913733,1141.224193193086,8893.938638388321
2025-02-27 11:45:00,1134.2247739920042,1136.9898517028141,1128.3237523530245,1130.5425590651732,1077.062638801094
2025-02-27 12:00:00,1150.278443764294,1161.7251474951915,1150.4865058020355,1159.1622033128785,3138.309348547606
2025-02-27 12:15:00,1155.4601668391372,1160.8713902519175,1149.1794911853494,1150.3218431292692,7889.605781779049
2025-02-27 12:30:00,1143.9884725539373,1145.926618433499,1135.4305059310639,1140.7437105131555,5131.090938443158
2025-02-27 12:45:00,1123.2667845210044,1123.3958324214389,1117.4898466703564,1117.5501185037247,853.6514971187235
2025-02-27 13:00:00,1107.3393996267932,1112.047082460389,1099.605146513118,1106.7860728823366,8322.473202904257
2025-02-27 13:15:00,1083.6244080517888,1091.6291020404376,1081.3984663919593,1084.212848987244,4119.933365465751
2025-02-27 13:30:00,1115.5332843765352,1122.620828815831,1109.773873856003,1114.27385354411,2561.953780282986
2025-02-27 13:45:00,1107.0354241431048,1116.8836855395991,1103.339974170125,1111.3174072356317,705.4533588493033
2025-02-27 14:00:00,1105.211969001366,1117.045334126107,1106.417406888571,1110.9611087720962,2931.2500020174684
2025-02-27 14:15:00,1107.4874040542113,1113.8566348109357,1104.8378117046093,1112.2416229781845,2970.985879074078
2025-02-27 14:30:00,1097.6124225613125,1101.4981577117242,1091.933777307448,1098.4528106846994,6849.994589083474
2025-02-27 14:45:00,1101.588482474289,1114.0256897964819,1100.7660006268904,1110.3311130388013,166.67437980415235
2025-02-27 15:00:00,1119.5981252466138,1118.6814816910744,1113.8226438971074,1111.0830858572258,2558.822345295624
2025-02-27 15:15:00,1104.0758277719171,1104.8756418917544,1100.1227649667387,1101.8424136139263,3380.891118446656
2025-02-27 15:30:00,1118.0698176398046,1120.7573571494024,1114.6675957579994,1121.0873591229793,1784.2064136621937
2025-02-27 15:45:00,1114.3601384401172,1120.5624366446993,1115.4065749353401,1121.9860713510068,3465.8037464532767
2025-02-27 16:00:00,1093.726439651257,1103.2584874923025,1089.3668275768348,1097.9288986219658,3261.418122955223
2025-02-27 16:15:00,1078.639156111761,1085.3345937426302,1075.325885970052,1080.0996640686953,5026.595959047406
2025-02-27 16:30:00,1082.3635473992256,1090.4491915191675,1080.5671934047195,1080.9735276159158,117.83640861280064
2025-02-27 16:45:00,1095.8888040845893,1095.1944639745034,1088.1683292064552,1095.884032179462,9122.523452908858
2025-02-27 17:00:00,1117.5307906532585,1118.0684005642174,1109.9829268678866,1109.2815124124593,3536.4972981296296
2025-02-27 17:15:00,1094.8337386296714,1106.981725448009,1093.5025210910874,1103.9789990830511,4901.465795012571
2025-02-27 17:30:00,1103.5341419556055,1110.6937696339373,1102.5826443294427,1111.7737842686522,1679.448475994553
2025-02-27 17:45:00,1085.991763699807,1092.435036997623,1078.6569373684547,1085.471888601881,2137.7596714499896
2025-02-27 18:00:00,1074.8408279978482,1076.4158067158949,1067.4851547679696,1077.6298313423274,4277.324233919305
2025-02-27 18:15:00,1054.774146025736,1059.4761853939046,1048.0802973294544,1053.5203831504398,3747.347992888894
2025-02-27 18:30:00,1054.624890334151,1054.7805132232322,1042.004990789555,1049.536953221386,9289.500979494342
2025-02-27 18:45:00,1071.349865935189,1079.2630230638763,1073.3950179113206,1071.2909353175676,5761.054169653015
2025-02-27 19:00:00,1076.6209258688193,1078.0582454117164,1069.8979419307109,1074.619307573135,571.3127937918489
2025-02-27 19:15:00,1080.8295934527396,1086.0825961337923,1079.3313666222111,1083.9599793576433,8922.33987069326
2025-02-27 19:30:00,1046.6440922262145,1056.4731590659362,1041.6852015430954,1049.1955724829463,9179.143756686413
2025-02-27 19:45:00,1044.7929849951688,1046.4688805213952,1036.3512948022972,1039.95993186762,1346.747903941919
2025-02-27 20:00:00,1026.5736976216376,1027.9248404483492,1017.9086831875286,1022.9558294486199,7746.839059406531
2025-02-27 20:15:00,1008.5200728363102,1017.5080049903389,1004.804868526844,1006.6050271899958,5799.647335168785
2025-02-27 20:30:00,987.2707890951915,984.6778371434051,980.0284818533362,978.6270275404462,139.25621048815168
2025-02-27 20:45:00,968.8787659077033,976.9091266731824,967.3658696470517,973.7138142699922,2058.5727145203336
2025-02-27 21:00:00,938.469064165046,941.7954097972508,932.8320272628532,934.5612032484509,4520.9030935921755
2025-02-27 21:15:00,927.879889716944,938.5307459455455,923.2744735816251,929.3937995758006,2556.283410311425
2025-02-27 21:30:00,950.2747954654219,952.2498499943565,942.4172882503378,944.6472950381526,5236.44250163882
2025-02-27 21:45:00,954.2249948240083,961.3471333288293,951.3550638960731,958.0806472693796,8306.085321768564
2025-02-27 22:00:00,966.8855041256842,968.3674200440663,957.3121730998505,964.3734880406363,7330.172525812081
2025-02-27 22:15:00,950.5806729830668,956.3789503698699,946.6834383733378,953.9268290925777,2856.397877629257
2025-02-27 22:30:00,953.9544244228812,959.0586565123755,950.9280269796542,949.9364969357532,7621.842345053211
2025-02-27 22:45:00,959.9197805751809,965.2922995704937,956.4415057398533,958.8127452126287,5788.077709676184
2025-02-27 23:00:00,956.864940081043,956.9135832549213,945.1985818203761,952.7185650922357,8315.369490474042
2025-02-27 23:15:00,956.9260620947671,966.0662754906332,951.4116755961861,955.6439845162565,3948.0248577725692
2025-02-27 23:30:00,952.7876050099965,955.947827263676,947.2813234858809,949.3896584788432,9672.825609276244
2025-02-27 23:45:00,958.9266150009463,966.52438059934,956.2834904257033,968.3294087306035,8837.720403237523
2025-02-28 00:00:00,982.039769622053,983.9956495570888,972.4192643130915,979.2008452298751,9728.991675155583
2025-02-28 00:15:00,982.4101872975963,990.2142637057383,978.4796512852475,978.1714877702391,5299.328532120873
2025-02-28 00:30:00,1002.4285075281714,1003.1824780677929,995.4154288493218,994.0017879884736,1643.3257862068099
2025-02-28 00:45:00,960.3875364150623,967.9691545517252,957.6036745359776,964.5432590320802,1278.9480622766146
2025-02-28 01:00:00,969.6171643045902,980.5910907334089,965.7248275460523,976.3274029647141,1638.4738740665482
2025-02-28 01:15:00,995.3686703057733,997.7897952595561,989.0160985397739,994.4589406571766,8919.473084514684
2025-02-28 01:30:00,982.6326160623674,991.528797223527,981.9132121610088,982.9525844645486,5455.945493761891
2025-02-28 01:45:00,1007.7333556643202,1014.7687078102323,1000.3732543528141,1010.7748748014833,2474.757295919616
2025-02-28 02:00:00,1037.7452395327505,1040.1129962610341,1028.229991409722,1038.1628286762902,7692.99038900328
2025-02-28 02:15:00,1043.2715198491762,1048.8646413854733,1038.2420144355597,1048.0250795505426,3168.4566958063865
2025-02-28 02:30:00,1022.7200805365187,1027.8191402407638,1016.9243992063521,1019.942984911665,8507.83982636207
2025-02-28 02:45:00,1012.7097034491571,1021.8740347777275,1008.7089586861391,1016.935092867742,5702.184676592409
2025-02-28 03:00:00,1018.9046516133271,1026.5864443042199,1018.7631484805357,1026.3909569207135,3139.2721337641146
2025-02-28 03:15:00,1040.1133161907098,1039.2108001332938,1034.2363549926852,1041.4300665950434,4924.349144997331
2025-02-28 03:30:00,1048.6266662671674,1055.134274615871,1046.0785946595938,1048.9098354284808,7684.234821144968
2025-02-28 03:45:00,1029.562097665375,1038.2844251016768,1024.3818054725562,1036.332001035767,1252.8852646746263
2025-02-28 04:00:00,1011.4262722712796,1019.0748847680205,1006.5149206158417,1007.435148583121,9409.807462884559
2025-02-28 04:15:00,996.7175331337621,1004.5538212597623,990.3022519545207,1001.0457599872491,1106.4315341292317
2025-02-28 04:30:00,1017.9639948598526,1019.9618386490843,1012.886203253276,1015.4232818251045,1314.2095967864009
2025-02-28 04:45:00,979.818454390182,986.8447756007198,979.5838276368264,983.1084853207557,1423.2940247559445
2025-02-28 05:00:00,985.6896831303478,990.6671408656381,983.9173523719734,986.3700809589717,9890.79396009224
2025-02-28 05:15:00,987.5467798650008,988.6847800376861,982.5244456408899,989.856467558652,548.5650207607506
2025-02-28 05:30:00,961.5733466018629,963.9530134629847,952.9106983384673,960.2629294062714,280.80237031093134
2025-02-28 05:45:00,948.7417829575555,952.6206375724727,941.8000356562006,944.2719076644685,9574.0619527099
2025-02-28 06:00:00,955.4500756926884,957.5921315180138,952.8952444576992,953.8218035340426,4644.786990024992
2025-02-28 06:15:00,954.9077073373688,962.2953190163162,952.0173450673716,962.0969898352821,5834.211448068409
2025-02-28 06:30:00,940.9293108217405,944.6127393452246,936.3088003844192,942.7729469788601,920.6323814737202
2025-02-28 06:45:00,954.521474966295,957.8997102616788,946.9326754053782,954.7398641149463,2312.234070200317
2025-02-28 07:00:00,957.4694488501481,966.2923122752862,959.366498097939,963.9090988362913,1042.6058968000343
2025-02-28 07:15:00,945.9070143795353,948.200517479381,936.8580494972402,946.2194199495632,5688.750186552882
2025-02-28 07:30:00,931.5030393169224,938.2047347136556,925.7519531211917,929.5362444974114,3090.450911592196
2025-02-28 07:45:00,925.2316206050975,930.7806527957102,918.1977064232804,928.9158264602456,9191.931432035026
2025-02-28 08:00:00,924.7072778686029,928.0236107245529,917.3846122836637,926.1075009980701,4033.5467537075783
2025-02-28 08:15:00,955.2826001102185,956.4956523545198,947.3078974942122,953.5684273443117,8932.213174473856
2025-02-28 08:30:00,937.2160165362484,938.3952793491059,924.5508144536551,928.1863133817026,5039.862987693266
2025-02-28 08:45:00,943.5022494677706,946.5097274125798,935.177017613561,942.808466263299,8320.421378680358
2025-02-28 09:00:00,933.982336408947,934.9231032067396,925.0443611995757,931.7849391015536,418.20048956679335
2025-02-28 09:15:00,924.8669478148171,930.5812830518842,918.856264038988,928.6628609379158,6812.44123764648
2025-02-28 09:30:00,926.3129771526592,934.1187795377651,918.1411338349545,930.4306791507581,6833.902804611184
2025-02-28 09:45:00,931.1945509834441,938.8679985161885,929.8178855657337,930.9301086929944,9359.568066904474
2025-02-28 10:00:00,920.0868456101779,929.9790595299253,917.9127205834804,926.6822792444243,4259.781728260255
2025-02-28 10:15:00,934.1337730659616,937.4246647117833,926.8193236559961,936.3673774085739,414.78233469203104
2025-02-28 10:30:00,947.0483508387746,955.1556984022867,941.77870566561,950.222152964003,9404.7588497067
2025-02-28 10:45:00,941.1986465240492,949.9046144853296,940.6423644690968,945.9257533562106,6902.344347689403
2025-02-28 11:00:00,969.744177549462,975.1670574999177,962.5104192690542,967.0135348143048,1590.41832530419
2025-02-28 11:15:00,969.9980448254545,969.1134919277661,957.2780255576703,969.5150623997021,8481.647743393089
2025-02-28 11:30:00,972.2138074084878,972.6481861755043,962.4399703574802,964.0582247756452,6463.561593197062
2025-02-28 11:45:00,946.2868491184618,955.4464335587703,941.2458191038975,948.0572473923892,6825.912654088514
2025-02-28 12:00:00,957.8694861389587,959.7167588702728,949.3796137063268,954.7435437679919,6182.9593194600275
2025-02-28 12:15:00,979.2240604786232,983.3057765680097,973.6438450683358,975.2099567158801,5562.051195164163
2025-02-28 12:30:00,976.8642929071822,979.520586048528,966.0854766901873,974.4612269442632,6771.653413827197
2025-02-28 12:45:00,964.12875843087,975.4168041032946,963.5799343893087,967.4081521663499,1992.841160309483
2025-02-28 13:00:00,973.3364991242311,973.1296625306832,963.6253791926727,967.8157221633421,3069.9670378673427
2025-02-28 13:15:00,965.294180828769,971.1700515063884,962.0311044303814,970.9404691529804,6108.20526440045
2025-02-28 13:30:00,959.649125327918,964.4019968064691,949.2354251066079,958.0513026086055,8574.699025269027
2025-02-28 13:45:00,959.4841251908109,966.7058490460112,954.9936853092521,959.480674415959,5264.7841814179465
2025-02-28 14:00:00,960.1486417649907,967.555422668435,952.8820306086573,964.798844152606,216.63793478757998
2025-02-28 14:15:00,962.499514976896,974.6015923516618,961.96376397077,970.9473274520032,9834.795106971696
2025-02-28 14:30:00,979.1010394895388,981.7012928500661,969.3823758559654,977.0859282902167,988.4568710510524
2025-02-28 14:45:00,995.1282638793379,1000.2526143586784,993.4049617264187,994.3589694533175,3213.608614554856
2025-02-28 15:00:00,994.096322820695,999.7044914955694,990.2153367502764,1000.7972051380824,4986.367562157882
2025-02-28 15:15:00,1004.9922694300615,1005.12391456166,1000.2157732353835,1002.5864956394885,4757.380623149334
2025-02-28 15:30:00,1019.385376128654,1022.2032517086234,1015.6656647579564,1015.0496385665613,1628.4190045599662
2025-02-28 15:45:00,1022.278357091644,1023.7305953294723,1015.4782025892903,1015.780584290229,4576.785674186906
2025-02-28 16:00:00,1033.5692479657534,1038.0297368091972,1025.4851822780856,1036.829756951326,3364.9850178774113
2025-02-28 16:15:00,1031.5548852828044,1038.0233318246678,1029.74385869375,1033.640674726667,4264.4044912911495
2025-02-28 16:30:00,1005.6526996578054,1015.7139184251002,1005.340968108487,1013.3500775186046,2092.7745230520777
2025-02-28 16:45:00,1019.0534736808067,1026.7217936010861,1017.3538835942846,1020.7405183366615,6988.99139468698
2025-02-28 17:00:00,1030.3475961795737,1032.6355456258075,1022.6090740921239,1023.9725280229262,3199.319527014093
2025-02-28 17:15:00,1052.0907828639308,1057.164151156777,1048.0258509438581,1049.3350200939342,8084.241811566986
2025-02-28 17:30:00,1038.6562937249382,1045.6941214788187,1034.849920106083,1045.1622213415692,2210.1492923471933
2025-02-28 17:45:00,1054.191368423687,1061.938008274313,1047.0889930920732,1055.9125063674217,3220.8216462593164
2025-02-28 18:00:00,1026.9964316193252,1032.4317483980408,1023.4765863443479,1026.5878382798235,942.2689471447383
2025-02-28 18:15:00,1026.4740932441819,1029.4440717293603,1020.1035156503162,1024.5448187876664,8642.613445639943
2025-02-28 18:30:00,1034.4762287107862,1038.5346629071314,1032.8959179801166,1038.8132507693201,5963.738612856492
2025-02-28 18:45:00,1014.6548755683966,1018.0162066139727,1006.2652554052012,1009.8289804819392,8032.665279051889
2025-02-28 19:00:00,1039.134063918905,1045.2005508563807,1033.1665479256155,1042.9225462921952,9253.48915445452
2025-02-28 19:15:00,1047.7364845723175,1049.2510533981842,1043.1102255447963,1049.711570405781,6151.135399363676
2025-02-28 19:30:00,1051.6108339628984,1054.5270259252377,1043.8239031947958,1044.9639714638306,7520.518618885665
2025-02-28 19:45:00,1050.3724944687865,1051.9069849038972,1039.9261873604246,1052.544806978295,9699.424220967652
2025-02-28 20:00:00,1063.6690448949096,1064.5288224522621,1056.8160612180636,1058.881233659304,6573.7848236075515
2025-02-28 20:15:00,1063.226186539598,1071.1858754121886,1060.8019259667349,1067.9050252033455,7857.5713403721375
2025-02-28 20:30:00,1069.6492662695778,1070.2683519135362,1059.5607782491863,1070.443793477925,5809.557862241235
2025-02-28 20:45:00,1058.696151869131,1064.28141757748,1054.8584131602554,1059.8098691583361,4704.850264367252
2025-02-28 21:00:00,1048.7860072123553,1050.761094912319,1040.181821134415,1044.1168591199237,517.2295637158336
2025-02-28 21:15:00,1062.1569296221392,1062.2326419083604,1055.728707262281,1055.1376528515857,2144.128426424791
2025-02-28 21:30:00,1088.83026811773,1091.8423583489712,1081.6883713948687,1088.9985022433084,8509.200323522155
2025-02-28 21:45:00,1085.7052971369446,1091.7126197753903,1080.7843753493037,1089.6576671879798,7911.741515321056
2025-02-28 22:00:00,1100.0801342965249,1105.4536185739776,1091.981284849842,1097.7669576579763,7690.736850290425
2025-02-28 22:15:00,1101.9767999435412,1105.6236910000546,1092.7957653646292,1103.3533984278001,7514.227044301783
2025-02-28 22:30:00,1072.2942164976607,1082.0817467474517,1069.9702732438584,1072.570683837378,2774.345408155806
2025-02-28 22:45:00,1070.5468153610907,1073.2611660123694,1063.6166437149172,1068.130115693127,5158.518075584691
2025-02-28 23:00:00,1066.2654116909744,1070.8957059457814,1057.9898158452468,1061.784986832122,7634.915162844841
2025-02-28 23:15:00,1060.5924512099352,1071.9947303176002,1057.3786740919677,1060.1717158231515,4232.73434791193
2025-02-28 23:30:00,1090.4857235696306,1093.0134497722927,1087.1100153295013,1093.0281735216963,6820.012134721729
2025-02-28 23:45:00,1094.0340191139228,1101.9437953173074,1089.6764748802755,1089.1641321591128,963.6161223939471
2025-03-01 00:00:00,1056.8073419043278,1058.4071305875154,1050.809203827396,1057.988049598902,5195.299362589213
2025-03-01 00:15:00,1059.7754383276203,1067.4682935351086,1058.5328344531413,1059.4264132690337,2143.0880272624327
2025-03-01 00:30:00,1060.9194088942916,1063.8060163454438,1054.8084401735432,1061.0266963879176,9115.710337692557
2025-03-01 00:45:00,1046.2800367205534,1052.314792392608,1039.4665692157046,1047.3235166905051,4442.418237934239
2025-03-01 01:00:00,1034.4151470310285,1044.6470290681275,1036.4588948603923,1034.4870946309068,7926.573837839266
2025-03-01 01:15:00,1012.9698032523539,1020.5245216957419,1012.4183429408115,1017.209021667504,1172.4870533737976
2025-03-01 01:30:00,989.1784814334467,997.523796918267,989.5375374450612,997.5710124635854,7463.951002747079
2025-03-01 01:45:00,1004.0151910520354,1004.7733822484109,994.0320042129284,1004.7391540872461,6767.2532404779795
2025-03-01 02:00:00,1019.1865028611858,1029.1886134648316,1015.2571771912627,1023.1719943785918,1934.5981046332079
2025-03-01 02:15:00,1005.460371665651,1012.7445930930206,1002.3088121576296,1005.246389216215,3281.9391230524648
2025-03-01 02:30:00,998.9540857544366,1006.605208833055,996.3605797189167,1003.2925244872538,4250.535812300214
2025-03-01 02:45:00,997.079250507239,996.8755530087958,989.1098116172949,997.6341478006556,1944.6411813446773
2025-03-01 03:00:00,1020.818308240519,1023.6326422696826,1012.2229874436576,1017.8443110286594,7542.460598003932
2025-03-01 03:15:00,1020.7697307614479,1022.2623469810344,1010.9232346168665,1021.9965558452843,7746.703609020694
2025-03-01 03:30:00,992.7590902780466,998.0365452967177,993.8801277614643,995.8028197365016,1834.9170165563967
2025-03-01 03:45:00,996.5823974019008,1003.9953210716931,991.3664547220216,999.2981411388175,7118.278237636063
2025-03-01 04:00:00,989.2469179208134,994.034972690203,986.0839281201798,995.3453072568662,2313.427132095339
2025-03-01 04:15:00,960.129737419649,970.4120429776482,959.8099120595778,967.9369464121876,678.171224365547
2025-03-01 04:30:00,970.463421619851,973.8460382966381,961.6996508308094,961.9326524029111,6684.908523409588
2025-03-01 04:45:00,957.1477107459395,960.6964940786294,951.6963282910144,954.4764660917419,3078.2795568063884
2025-03-01 05:00:00,955.6816353196994,958.3276856533582,951.0510185987881,953.3280220161337,4677.197820586603
2025-03-01 05:15:00,957.3753871577167,956.5322810925089,947.5721232203645,957.6364885679533,9233.67846366605
2025-03-01 05:30:00,929.6201011298105,935.2166045402244,926.1759514502517,935.3562853788285,5599.407451778082
2025-03-01 05:45:00,936.4346976935877,942.0320805485078,931.6742021136989,936.1123768839356,8156.605916391264
2025-03-01 06:00:00,919.6832494241487,927.4365621448433,917.9731007210269,926.0893740878629,3077.955793440943
2025-03-01 06:15:00,938.3804510245873,943.3824279425128,929.309779175423,931.8985065091614,9013.697564391226
2025-03-01 06:30:00,931.3052220419173,938.7685109238143,926.6160211110132,935.847873075705,9352.09194887107
2025-03-01 06:45:00,929.6111803405605,929.1278460072584,923.0870823151748,924.3019770048188,3225.322531722701
2025-03-01 07:00:00,894.1324596698985,894.3678912162003,885.262232564074,894.1974111148915,2209.9066758514286
2025-03-01 07:15:00,895.964008671826,900.3891230141747,890.1682771489903,893.542266706278,2833.494872400423
2025-03-01 07:30:00,915.7264903846614,926.5531211096707,914.5768576504789,916.0823233615571,4062.372992006888
2025-03-01 07:45:00,896.9029886434275,901.5151893627182,890.6536156042338,897.8854343961789,1470.7238901496785
2025-03-01 08:00:00,905.5129390867049,907.870517803042,899.4693466491948,906.8270536905667,6574.107679920218
2025-03-01 08:15:00,936.5797697169884,939.51469776808,926.4965958958136,934.3650130823895,3857.718469956445
2025-03-01 08:30:00,935.5163137479111,938.6743054244993,928.7534541916854,935.8175004307462,3172.6373307406416
2025-03-01 08:45:00,927.0869257636967,934.8924974863438,928.4635292438625,931.3437503552428,3038.3940754195264
2025-03-01 09:00:00,919.4857736721568,927.566127646799,914.8434283031866,921.3716572157913,5229.971654192616
2025-03-01 09:15:00,947.1252199730694,946.8625772401306,938.5660506055781,942.608194055704,3324.12494576584
2025-03-01 09:30:00,968.799003309299,975.1706871057588,968.8257141171171,970.5578341517636,3675.514667348513
2025-03-01 09:45:00,974.9884403090795,981.922132184864,968.5555268973937,979.8871417151076,4486.012116872699
2025-03-01 10:00:00,966.6180384526067,967.2696421002272,956.3008947446158,959.9047505249728,1636.7598407152364
2025-03-01 10:15:00,956.0821798403682,958.3728802260235,947.7445184215725,950.202586655461,1669.5937787603332
2025-03-01 10:30:00,936.73081807855,947.8345954139638,937.9295071451495,945.8870820610518,6335.504728198399
2025-03-01 10:45:00,953.403071575751,954.4901053993026,947.5511413556355,952.4548084818381,1690.8667274159345
2025-03-01 11:00:00,958.3966210588605,956.932733794042,948.5424748621652,954.4357867495866,4573.202902897883
2025-03-01 11:15:00,946.1485810281172,947.222823209661,939.9310590093335,944.8417842088398,8971.330179896899
2025-03-01 11:30:00,921.4294411151938,932.8284402926879,919.8789876936863,922.4822344810754,1805.6718100736182
2025-03-01 11:45:00,929.5964785454807,935.9819061996235,926.6191765438792,934.2446933040543,4569.419926272901
2025-03-01 12:00:00,959.9461380284081,959.4882864129049,951.4185922385882,959.2968329205386,6467.650239998213
2025-03-01 12:15:00,951.13792897858,949.5804827799154,943.6219532386357,950.880765853515,8686.364642211953
2025-03-01 12:30:00,969.1374096657797,975.0229480737338,965.8169378282842,975.1333042188982,5983.440459625288
2025-03-01 12:45:00,1002.3507381392736,1008.4106396700182,997.2702950335633,1004.4780500752727,3706.9296894424933
2025-03-01 13:00:00,988.6785027977243,996.6080828192412,984.060987568224,991.8792077217734,6916.5007163444525
2025-03-01 13:15:00,996.3006396062091,1006.0478450154869,995.4812332993457,997.6610443896399,7020.577572309578
2025-03-01 13:30:00,1020.6489921535655,1024.359771881286,1011.6243625089346,1015.2078307056593,6843.971770485219
2025-03-01 13:45:00,1013.3944569932738,1016.7484465565257,1001.3141889051661,1004.2382747869669,8210.043626922135
2025-03-01 14:00:00,1006.1717741381477,1008.9217646693219,997.8333390771401,1006.3867929484276,6062.225758004404
2025-03-01 14:15:00,1023.9115774063637,1027.1901162473994,1014.4958399562668,1024.6504790797492,3501.154327184353
2025-03-01 14:30:00,1052.7060575444436,1059.7809051823617,1046.5175826215213,1054.4577173530472,2971.3016514174997
2025-03-01 14:45:00,1046.941914060896,1052.4437550295456,1042.1462880910933,1045.9032982342283,210.67711162715457
2025-03-01 15:00:00,1074.479519462146,1076.5416566694835,1064.198581041279,1075.9063942279338,1428.1873800501555
2025-03-01 15:15:00,1083.3893283238892,1085.7084645998887,1076.6222742829264,1081.2574409235606,6458.701580157798
2025-03-01 15:30:00,1065.6432358369902,1075.6403252144685,1066.7499874762318,1072.8098579069158,4903.276239165241
2025-03-01 15:45:00,1061.6449519193072,1071.2294393612513,1059.6877521639392,1069.5259208016312,5189.998839101533
2025-03-01 16:00:00,1067.6624467684405,1068.3262533238903,1060.2751635132022,1062.116476979467,5546.979272759525
2025-03-01 16:15:00,1071.6760100168487,1082.434916186141,1071.6208377310775,1080.719385930948,3337.958179398167
2025-03-01 16:30:00,1081.281572681588,1085.8086690306052,1075.8817516563454,1073.1837090282784,3574.4048733148393
2025-03-01 16:45:00,1085.9558239169285,1093.8279537544643,1086.5626208161304,1089.499464915914,1433.748542408785
2025-03-01 17:00:00,1082.8978726118974,1084.3990209584888,1075.8169830429717,1084.0504814278752,7146.0522258740375
2025-03-01 17:15:00,1099.2432992441522,1103.0736254748936,1094.666701501148,1097.6918337979162,7953.503897776104
2025-03-01 17:30:00,1106.440707246601,1112.6801409008453,1098.639813370623,1105.4378790632616,167.70810999349015
2025-03-01 17:45:00,1135.3094178557537,1135.5951924531869,1124.962800299053,1126.9498857956403,1342.4736289290443
2025-03-01 18:00:00,1137.4890696380612,1142.9759744663497,1134.8018767856606,1138.8450265998115,8058.020035207061
2025-03-01 18:15:00,1124.6530858438932,1134.048860583041,1124.8336249666497,1126.0485299494787,5333.673845588978
2025-03-01 18:30:00,1134.3950852103394,1136.912008643118,1128.22601011168,1136.4882533952266,9202.850416519377
2025-03-01 18:45:00,1165.3654657269415,1168.4534781778727,1160.9789160290222,1162.234712374263,2350.1809196040053
2025-03-01 19:00:00,1164.8951462175908,1166.9198339270472,1158.287179210548,1162.8110280999385,1162.4996740850413
2025-03-01 19:15:00,1147.0413801297059,1153.9871588433987,1141.8349297258687,1151.181461826086,5358.129218222827
2025-03-01 19:30:00,1179.0590776828567,1181.024417358692,1174.1613461320733,1176.2922621949617,6951.430573669489
2025-03-01 19:45:00,1181.871358860071,1182.522439639004,1172.3894254077327,1182.611431752124,1408.7033541769042
2025-03-01 20:00:00,1188.2561930500929,1196.7860810026243,1184.1896466868059,1189.2709924773935,6420.268332733906
2025-03-01 20:15:00,1197.3077418784535,1197.2731312250178,1190.740868015224,1188.9131024246685,4113.871329501163
2025-03-01 20:30:00,1175.5213728953147,1177.72781710519,1167.9138390792243,1174.1241792811977,4783.373287221402
2025-03-01 20:45:00,1150.4733599699393,1158.3743055847647,1144.9709629229326,1150.5310416795296,2176.109995221435
2025-03-01 21:00:00,1140.3733002037989,1142.4731463154055,1133.7046923969206,1137.7886038531294,8998.50890391045
2025-03-01 21:15:00,1124.0504948122611,1134.5430628438023,1124.0166697146688,1126.6180475159226,3802.3398082670433
2025-03-01 21:30:00,1115.6694943483233,1115.3924025093986,1107.1657776551192,1118.0166452550816,657.1208850416069
2025-03-01 21:45:00,1098.4381556894,1101.6989215754893,1087.4589376468803,1090.3567276424678,2446.952950399868
2025-03-01 22:00:00,1103.4732861855168,1103.3389384135498,1093.8183650369895,1102.272913280773,7317.572951100845
2025-03-01 22:15:00,1119.2738168921808,1120.0742765913428,1112.5670307177497,1119.2618938582793,3890.178741473064
2025-03-01 22:30:00,1121.812015133181,1127.4753504367118,1114.9537498571908,1120.7075630484292,2282.3909697931995
2025-03-01 22:45:00,1128.8155349678134,1129.2453745602588,1123.9576048204437,1126.9638558488675,6322.100889367786
2025-03-01 23:00:00,1138.2760805777564,1139.1707604243918,1133.2263073363297,1133.367824079938,7740.07741416774
2025-03-01 23:15:00,1125.8173343540104,1131.8088096821634,1117.1652822243657,1126.32732027491,5272.8288752449025
2025-03-01 23:30:00,1133.0925032641574,1135.249594669452,1127.3554592802807,1134.3258179908598,8723.99584078196
2025-03-01 23:45:00,1120.131573200157,1126.3111271348826,1119.6138858988543,1125.7493545223874,880.8191268561055
2025-03-02 00:00:00,1131.2922364849624,1139.1308911287942,1129.6203689602416,1135.7668375307326,2356.146313569268
2025-03-02 00:15:00,1159.8751231969002,1165.6351461259874,1155.5234618303205,1160.9162323754165,8285.040507722075
2025-03-02 00:30:00,1171.539757521994,1171.499505122401,1159.4358611145115,1163.862102665554,1790.469640528337
2025-03-02 00:45:00,1187.8568654114276,1196.578468736969,1188.908442933208,1192.0027879019938,418.0867251208387
2025-03-02 01:00:00,1172.6210334797167,1178.569647637135,1171.0356152199906,1178.4989493732198,9545.172468903706
2025-03-02 01:15:00,1189.2588939311786,1189.3947750606999,1179.9620332604165,1181.777677045276,7264.702647156685
2025-03-02 01:30:00,1191.481984482032,1194.5164531553537,1182.4118972577623,1186.678496926999,7451.212905320775
2025-03-02 01:45:00,1188.5010017043217,1195.0643147232636,1185.4120990664119,1192.2792341346133,9333.925876472491
2025-03-02 02:00:00,1182.8179182682125,1189.3813744671352,1177.0965571209435,1184.2256071056793,5200.587898090905
2025-03-02 02:15:00,1174.9262335162086,1175.834393355012,1163.0037687516626,1168.0624399771866,8854.257415447186
2025-03-02 02:30:00,1164.9526967637516,1171.4662335176506,1162.6200647661417,1170.610224600961,139.30779231805667
2025-03-02 02:45:00,1142.0311903807471,1150.1403015880815,1142.6176944899996,1150.935051906456,9177.999056304705
2025-03-02 03:00:00,1131.8526286606598,1133.329872502258,1122.5489472785816,1128.0311671427212,4217.199469123162
2025-03-02 03:15:00,1122.3358591888114,1130.8105033622935,1119.8108087612256,1121.8165461690587,5073.531079667539
2025-03-02 03:30:00,1140.1918938748079,1145.8096570195846,1136.2883766713014,1142.8640684708007,6919.496540803227
2025-03-02 03:45:00,1144.1765263052541,1147.314628946487,1138.3254646777893,1145.5166820202044,4225.117586620378
2025-03-02 04:00:00,1132.46126155008,1135.8401501834874,1125.9586996564838,1132.7126685441683,8691.472201658638
2025-03-02 04:15:00,1138.0851446871784,1142.0270530091577,1133.202792776862,1137.4770774097547,6080.356892716469
2025-03-02 04:30:00,1111.8384042628975,1120.3444068975655,1106.7452616554497,1113.4367299711764,4387.784285708059
2025-03-02 04:45:00,1106.1080100067504,1111.4589147952859,1099.4464052976743,1106.334394642193,6827.595787326715
2025-03-02 05:00:00,1109.942520111322,1117.6666326756642,1105.8946182111529,1115.3620953880304,8203.815709518574
2025-03-02 05:15:00,1097.205846410661,1105.9283975120402,1096.067592274438,1099.1233970504932,7306.298488341428
2025-03-02 05:30:00,1082.3669067994695,1083.9857145862848,1073.911510331451,1080.7949943744147,912.5675100768412
2025-03-02 05:45:00,1079.4547971848492,1079.4009212339074,1070.7484006262512,1081.0073979270771,880.7418296640882
2025-03-02 06:00:00,1084.4519954881398,1089.7360247887066,1078.9205341398826,1086.6007605281254,3949.5130954155516
2025-03-02 06:15:00,1083.8528796724997,1093.0769812239328,1083.7590449816364,1089.9532145880557,6630.975767862461
2025-03-02 06:30:00,1093.8964507757507,1104.5202403802753,1091.3234016835297,1098.42334477211,362.9780421383831
2025-03-02 06:45:00,1083.7628180820734,1094.0876855029258,1083.476853882735,1085.780016048532,9474.414049126355
2025-03-02 07:00:00,1078.2156691270304,1077.424099628632,1071.449457728152,1074.514646570404,5826.308372658328
2025-03-02 07:15:00,1058.1493409968377,1065.5943435972479,1051.6861875951754,1053.9706309741987,261.07514308986055
2025-03-02 07:30:00,1046.5154884578283,1050.492499507026,1043.4916867477455,1051.6400516579763,2648.3526055858792
2025-03-02 07:45:00,1056.7967415133917,1058.9978234423468,1045.9901745321295,1051.0863825253157,5138.230507680595
2025-03-02 08:00:00,1066.8423807062193,1074.724456770315,1063.5442494641934,1067.83406278375,2064.9574503594117
2025-03-02 08:15:00,1064.1633993027535,1070.5042444038563,1064.0062640683827,1070.2821399884717,9073.721049488055
2025-03-02 08:30:00,1033.6551629421238,1045.2274254096872,1030.9203077575426,1038.9774397788383,4871.813534843061
2025-03-02 08:45:00,1038.0231154369128,1043.9132929146335,1031.2288765753945,1036.2105688544773,4794.354790217341
2025-03-02 09:00:00,1011.6615818657203,1017.316657446179,1008.0491956482285,1007.5831425669027,4956.987243722051
2025-03-02 09:15:00,1024.974101923705,1027.1380107993118,1016.9364594069573,1026.9958632896332,4276.048782391961
2025-03-02 09:30:00,1043.593214049438,1048.663772660675,1039.2149966267816,1040.9471744562165,4195.332651220507
2025-03-02 09:45:00,1064.5175702748072,1074.0259819260575,1061.8699686344512,1062.5107035920398,6092.321372345438
2025-03-02 10:00:00,1079.0932198583705,1083.5843373012542,1070.946933905958,1073.2326272033908,4787.07246012215
2025-03-02 10:15:00,1078.1649068445274,1083.7263278854475,1074.1623658885082,1078.659904182939,658.0119617895709
2025-03-02 10:30:00,1092.5576987843983,1094.3075996918287,1086.856595892767,1094.5686732915287,6933.807494112644
2025-03-02 10:45:00,1095.5786072026915,1099.9248368057579,1088.4849235234374,1096.9480975809706,887.7913363106287
2025-03-02 11:00:00,1078.5568895059332,1081.5639351550337,1075.0923456077326,1082.076494358455,5588.00119577819
2025-03-02 11:15:00,1071.555495357558,1073.8411539550568,1061.477498111096,1070.9503923689522,3348.310652540581
2025-03-02 11:30:00,1074.6124234963545,1080.8437989447225,1071.7556259092078,1079.3146130141938,2782.3163739880147
2025-03-02 11:45:00,1094.3698536285717,1093.1865115213413,1083.1778708358706,1090.258262137139,5390.928075590832
2025-03-02 12:00:00,1096.1297062611354,1101.8306132396258,1090.255986424708,1096.5788833711972,8289.206977075119
2025-03-02 12:15:00,1096.1723380279973,1098.437010162421,1086.5594450320582,1095.9663377774093,1172.8470855966448
2025-03-02 12:30:00,1079.4598093426102,1088.25139117162,1073.1187580765143,1081.4867961183434,4445.37046809559
2025-03-02 12:45:00,1060.0393664244177,1068.7523666551367,1059.795820460151,1063.9738878473945,7920.342429519086
2025-03-02 13:00:00,1054.3876398012226,1062.8956797053847,1048.0577553281323,1051.9962258823386,8480.052912272275
2025-03-02 13:15:00,1032.9546340109273,1039.29416642252,1030.4547590463826,1031.4122822156887,5082.169060243753
2025-03-02 13:30:00,1038.4702851255263,1039.6973347025487,1034.993228864841,1035.5494322285554,8226.043132577495
2025-03-02 13:45:00,1043.0850662599678,1050.6794108089746,1041.739477712611,1039.3007639626278,3018.718782839381
2025-03-02 14:00:00,1036.5136121213243,1038.0683201635702,1025.864205901734,1038.0350532960113,5153.203618250317
2025-03-02 14:15:00,1051.4049978026344,1053.3467599059961,1044.793004688513,1048.2928622682318,1028.120464489552
2025-03-02 14:30:00,1054.8078932690335,1056.602625014035,1043.197730105592,1050.9739790557337,3819.026089273031
2025-03-02 14:45:00,1054.348099232948,1059.4960009847582,1051.9542435228896,1051.9370318346064,9150.65918229338
2025-03-02 15:00:00,1050.601577832933,1048.491152111434,1043.52361141324,1044.8426374612252,7133.477686990322
2025-03-02 15:15:00,1036.675966439777,1037.4997394527134,1032.0798205935725,1032.3723016049098,7487.946313788621
2025-03-02 15:30:00,1026.8890637777674,1035.2091931385135,1027.1010132231308,1026.6621050558313,6854.733678552553
2025-03-02 15:45:00,1028.1042245492447,1028.5061492472573,1022.4271219978899,1021.5783916616797,3957.860064069918
2025-03-02 16:00:00,1034.7301383166273,1044.1974065771556,1030.076113768438,1036.68254449875,3787.0585968927535
2025-03-02 16:15:00,1034.549767782519,1045.7269427581864,1034.5318452695271,1037.4712407702893,3702.8747796290418
2025-03-02 16:30:00,1037.8853486534492,1042.326263897246,1030.4704611991135,1038.2207623227448,2118.0193241249854
2025-03-02 16:45:00,1053.4706468809918,1062.3851441159595,1054.7170713112976,1056.1790046707504,9517.738755781606
2025-03-02 17:00:00,1041.4106147955029,1047.2578420518332,1034.4415086157169,1034.8104711473632,4608.087227848563
2025-03-02 17:15:00,1067.46820085283,1077.8307552395688,1064.47221913588,1067.9869899461671,9247.782552980723
2025-03-02 17:30:00,1052.920779496642,1060.4820184647624,1050.322437300333,1057.6598170097975,1367.753144997513
2025-03-02 17:45:00,1042.8311767259027,1050.8744963986144,1040.818173946105,1041.3349549298584,8726.489222445172
2025-03-02 18:00:00,1055.3058851960109,1055.6839405892697,1045.1204784349356,1048.7067210777143,3846.2981248814453
2025-03-02 18:15:00,1064.5955689863847,1067.4571429062462,1061.052739711477,1060.7376882040833,8177.258278387293
2025-03-02 18:30:00,1066.8543547401653,1072.8838104831327,1067.243054048932,1067.8373602345328,746.8177924482233
2025-03-02 18:45:00,1088.6718264200938,1092.022047049461,1084.4447210701576,1091.6334210041264,8061.047080469893
2025-03-02 19:00:00,1091.651427999813,1093.8027806765258,1083.2347418857744,1082.7451577670015,8943.340469540739
2025-03-02 19:15:00,1104.528698145651,1107.2618884758986,1093.7818548635748,1102.6921967249466,4622.520882628392
2025-03-02 19:30:00,1090.431033983285,1099.0829989447031,1088.349146175862,1093.7532275104945,7296.925676033221
2025-03-02 19:45:00,1091.1049647217292,1099.2689464669475,1088.868877649997,1096.43502366793,6619.627040779567
2025-03-02 20:00:00,1067.6274380845525,1074.699981301382,1064.0908939060948,1066.168904988539,9496.332086648215
2025-03-02 20:15:00,1061.5209099648123,1064.258216096098,1054.914564138078,1061.9652135918336,1348.3846834045405
2025-03-02 20:30:00,1042.3850921638314,1050.3995054241402,1042.0011163403826,1044.840966211561,8185.89678742701
2025-03-02 20:45:00,1036.1474091640289,1040.138252307465,1031.3256790310272,1034.313538408878,9487.518132306823
2025-03-02 21:00:00,1047.7654472442823,1049.8705066927503,1043.3513570924626,1041.3491209568313,8234.034476789297
2025-03-02 21:15:00,1049.1754227488204,1057.836931623469,1050.210963498007,1056.7977342442746,2477.1546449856946
2025-03-02 21:30:00,1043.0428413289626,1054.627898968457,1041.2716031427544,1050.6193946593967,9324.531421841808
2025-03-02 21:45:00,1055.038333273364,1059.8659333888265,1050.3000850233798,1056.7614665291474,7129.530946115586
2025-03-02 22:00:00,1042.0681924808923,1041.8860644078002,1033.4596994219448,1041.1200550367425,6774.448343444129
2025-03-02 22:15:00,1042.3522136841307,1046.750462069476,1036.4425174568398,1047.709919599772,9719.122188290752
2025-03-02 22:30:00,1032.2325367514777,1036.152186603978,1026.0204111378428,1034.4176692914375,9087.966735090291
2025-03-02 22:45:00,1050.6690943744595,1051.8847889260321,1041.857476641938,1050.8644003725574,9137.489050953765
2025-03-02 23:00:00,1015.6817476194575,1023.7467742493682,1011.6125900147405,1014.2640979532904,663.0031705162615
2025-03-02 23:15:00,1007.2086557372812,1011.5999194798754,1001.233001193196,1001.4971105201337,1794.4460975371612
2025-03-02 23:30:00,1018.826461314154,1026.2835397424644,1014.6542024272844,1025.019806989306,9414.14329735227
2025-03-02 23:45:00,1017.2795439893625,1019.9829409772408,1012.862471491133,1012.4855391232295,1521.494931513616
2025-03-03 00:00:00,1004.532297135429,1007.1227606307916,994.6632253184436,1002.6895842115313,3642.4710395098245
2025-03-03 00:15:00,992.1782290345358,994.462232804188,983.8747024003412,984.5522950387866,3429.4872660492933
2025-03-03 00:30:00,990.0665398700263,1000.1605220117511,984.7428920419371,988.5061443569226,3090.383456468016
2025-03-03 00:45:00,980.2876880796889,982.8097296319958,974.8945267968559,978.9554949349805,989.094196850191
2025-03-03 01:00:00,975.5146546914148,980.4547548715325,971.7349568308051,976.9567648828174,4473.964858858485
2025-03-03 01:15:00,979.5080570829158,983.463638957167,973.598468064782,975.5221294454811,4165.647963874691
2025-03-03 01:30:00,968.416875663047,974.6745480218146,964.7693369207245,963.4262556939341,6969.0662951568365
2025-03-03 01:45:00,955.9225140335586,963.1191655478248,955.6957095723008,962.7586927251685,7650.729234717011
2025-03-03 02:00:00,940.7970857994362,946.0561660864179,935.7364960648335,936.6464654098121,3323.393752249226
2025-03-03 02:15:00,947.0116971303627,948.4380966205131,942.3827277791818,943.8398645951362,9706.182094722855
2025-03-03 02:30:00,952.651827869608,956.2969385626841,945.3333309098584,953.4041226241551,660.8723834011043
2025-03-03 02:45:00,935.1530795198702,940.4052178444776,930.5573572816393,928.9579429431973,1251.6304603455035
2025-03-03 03:00:00,911.6580294627397,917.1449469688833,910.96092567078,918.114709171985,3264.6009757762004
2025-03-03 03:15:00,922.5290093177994,931.0274881123258,924.2896303916493,927.3943196507199,5692.788754000831
2025-03-03 03:30:00,927.83430779717,933.4892478893767,918.2504451481767,925.2121895918881,9586.32943419391
2025-03-03 03:45:00,926.1758311344969,930.0112215836929,920.0365746562221,922.9063394159723,7490.1221122510115
2025-03-03 04:00:00,922.9796660951113,928.2914341443799,917.099841349866,920.5244591679781,7587.121821470591
2025-03-03 04:15:00,912.6878163220724,919.4673049088109,905.901062681488,912.2398407228816,6996.5534362838125
2025-03-03 04:30:00,929.4990919013495,934.7397346209384,922.3403635733863,924.097821434145,6858.367973944448
2025-03-03 04:45:00,900.7314877296408,903.0460696850497,894.1001201718063,897.9950031429806,9663.13182454121
2025-03-03 05:00:00,883.7911804293008,888.3754767637098,879.5584683056935,887.054139122663,1952.9820949427797
2025-03-03 05:15:00,882.379461361217,884.6009264839914,877.2027142246001,886.0819675426094,6836.071538898856
2025-03-03 05:30:00,872.3510414486551,881.5380586688153,869.6518719883205,879.409851020599,6567.40184340308
2025-03-03 05:45:00,888.6051028343909,889.5741017029687,885.0254120428394,885.2303495851229,7193.966034557303
2025-03-03 06:00:00,898.8008180803238,905.6632236914613,896.6085023194572,904.8099043416348,9120.294145089829
2025-03-03 06:15:00,879.3739141638001,886.8560356329683,877.4854717297088,877.7749350867996,6249.177221108816
2025-03-03 06:30:00,869.3032040758225,874.5118336921219,864.3653997337271,871.1527978537559,1989.7578529514808
2025-03-03 06:45:00,872.6493605884112,872.4815209010603,864.7510760364347,866.6917899637626,8125.020616859649
2025-03-03 07:00:00,849.5504765313752,856.8138760970152,847.5860923781928,849.5540183356909,7671.2588660072215
2025-03-03 07:15:00,845.6952956611336,857.875816205678,843.4281200590432,854.5236152886408,266.0004577654148
2025-03-03 07:30:00,828.9254736759052,835.4917381920765,825.306607990621,830.0706706703652,885.3564798917848
2025-03-03 07:45:00,825.3650746191954,832.8239387606275,820.4200761667563,822.5968658451396,1536.5739278154736
2025-03-03 08:00:00,838.8576279002457,841.9799280749298,833.9087004666512,838.787869917644,4962.958416381975
2025-03-03 08:15:00,817.7754994491877,821.534673262021,808.8428201488279,818.1063985368244,7262.770141858799
2025-03-03 08:30:00,818.3381733447529,826.3926495567963,815.6191770100432,817.7634366373195,4491.012786958933
2025-03-03 08:45:00,825.641481236296,833.4123513554737,822.0916643723697,831.293317146954,7491.022161048938
2025-03-03 09:00:00,812.4173340974307,815.4511651345273,802.7438977426604,805.9043459161232,3687.340733403927
2025-03-03 09:15:00,813.4004687166395,813.2204721316655,805.4153357472712,804.6809984907919,8212.084696269081
2025-03-03 09:30:00,816.9114859803764,818.1990475007226,810.4102546113705,812.8198767134089,218.32963934366114
2025-03-03 09:45:00,811.2227097927815,813.3776155635869,806.0242230906535,810.4937048318687,971.9368071947199
2025-03-03 10:00:00,816.461021945818,817.0841056753504,806.8839060841134,810.3069276593138,6386.857354924596
2025-03-03 10:15:00,813.1784465455271,816.623921312076,807.5098291674575,812.301615487825,832.6562998348256
2025-03-03 10:30:00,813.6501895227423,819.0142399700032,804.3475617879775,808.0092322666375,6559.403711395461
2025-03-03 10:45:00,820.2271334348728,823.1814411573683,814.5456857914785,824.6175162847437,1641.8405250256385
2025-03-03 11:00:00,846.2413873522996,847.7621080836755,834.2943914462998,840.9024617979338,7964.63427443368
2025-03-03 11:15:00,821.4454689722058,825.8548348466048,814.1830116835687,817.079907517037,1280.587583076321
2025-03-03 11:30:00,824.2552883471719,825.4468582529624,814.1868749502513,822.290233136289,1637.6045770562894
2025-03-03 11:45:00,800.8586213871829,804.7651357801748,797.3811016944255,800.6421988614801,3987.4744988784705
2025-03-03 12:00:00,802.9592369601437,808.2053496627442,798.2357522627616,803.0173316482037,1882.196159124816
2025-03-03 12:15:00,811.2928050503025,815.4961032637104,802.3040505490804,805.9485448060938,3370.702274167325
2025-03-03 12:30:00,814.7140580124122,815.4262075385167,806.155900588866,813.0585277909654,1236.9935414633205
2025-03-03 12:45:00,822.9055259522443,833.7465234589315,819.698275153163,830.0560117619598,7206.446285711997
2025-03-03 13:00:00,806.9373980010432,819.3080906498082,806.8698755190889,809.8852912489994,7495.751994906096
2025-03-03 13:15:00,849.8326038567038,856.0777392856078,842.9785335789416,849.5764796014289,7838.887138282146
2025-03-03 13:30:00,862.4249001752869,861.2372601876708,852.0521095239549,854.1534511452207,4126.0242442115505
2025-03-03 13:45:00,860.474621482861,866.9800214331275,855.78326502164,857.175897726948,7651.507593872372
2025-03-03 14:00:00,848.0163189772145,845.3372204705172,839.7471441702481,844.6378966787025,3852.222819562809
2025-03-03 14:15:00,842.6117759062508,848.8719478238208,839.7828678882067,848.1906258712262,7312.202269594883
2025-03-03 14:30:00,826.6841718175791,831.7290727151305,826.3881765500214,830.6306182495745,9705.994997203374
2025-03-03 14:45:00,808.3306472309556,812.3311243043252,804.215718858128,809.348882650987,8799.497514858404
2025-03-03 15:00:00,819.9938039847287,823.2331710644803,812.6602693495297,812.9703418844726,8189.051587056138
2025-03-03 15:15:00,783.165505600062,788.1615759438924,777.4282062487291,778.0596418309308,7958.511725887374
2025-03-03 15:30:00,775.0661441471176,779.9020791934964,772.0846274294822,772.6472608731362,2760.066570560498
2025-03-03 15:45:00,761.4154888701039,767.4513623003595,760.848669087714,770.0584906941991,5386.170290772902
2025-03-03 16:00:00,790.8626892695023,794.7764124605634,785.6368766971387,786.5646830749104,655.1265354914727
2025-03-03 16:15:00,792.6831356215995,800.8207516881217,787.4306737236518,794.7551967517394,3717.139731579501
2025-03-03 16:30:00,783.8735153189976,790.2256809156075,777.2876561100352,782.1990279004885,7364.276047290927
2025-03-03 16:45:00,755.1453506910169,757.4478470325514,747.5927018716053,750.908891736948,7072.10804240979
2025-03-03 17:00:00,772.9371333923011,778.0753140041683,766.1873522115617,770.6499479155631,8880.1997613692
2025-03-03 17:15:00,761.7288256149839,768.9864821978026,760.2488957172804,758.7794264882148,6248.007002348491
2025-03-03 17:30:00,794.8371892009965,798.1053258877855,789.3292691080554,791.9018214245532,8486.92885252205
2025-03-03 17:45:00,772.4004043535352,779.6778179522006,768.0043375708312,777.0121778311255,9640.335084333405
2025-03-03 18:00:00,785.8639211108714,788.6411213791813,776.5571362281947,784.6298119096166,9202.35800269438
2025-03-03 18:15:00,786.356785315762,785.7738376815782,774.8655394607935,781.4665856742171,6681.992318961395
2025-03-03 18:30:00,802.7227510479534,806.2456749850697,795.1197684137431,804.1001873250199,8154.049834864967
2025-03-03 18:45:00,795.867624005436,803.6730692533278,792.4514112561104,800.6988261578366,5963.613850870551
2025-03-03 19:00:00,804.3980097163269,811.9390023007546,798.9793825827725,808.7212829995713,2210.1012831329217
2025-03-03 19:15:00,802.2620016700539,807.1342223695356,795.8497149476065,801.0046780734672,8260.522919701878
2025-03-03 19:30:00,843.0593308258635,845.464089961332,838.2719857270544,836.2379745667544,8862.55804453127
2025-03-03 19:45:00,829.8637899493413,837.2562894849468,831.0209655998505,830.4045903109597,7248.123793199005
2025-03-03 20:00:00,819.5736933404678,822.1067494391627,812.0136090522027,814.260895136075,7932.023201009003
2025-03-03 20:15:00,797.6992350522238,798.6353946135133,790.5237939270587,791.6676269418743,2147.287802106792
2025-03-03 20:30:00,797.4117488111674,800.6912723106083,791.0298110156543,796.2518079472718,6102.613589851097
2025-03-03 20:45:00,781.4077202312264,792.146579126333,783.1265809439432,789.6227753672106,3992.1965974953546
2025-03-03 21:00:00,784.2406566381023,792.2194093925376,781.1642997470756,784.113201577262,8003.8049973884135
2025-03-03 21:15:00,795.4267846117431,802.6535113963423,794.398003358916,798.441526139446,5846.43170028901
2025-03-03 21:30:00,791.9433006767946,795.3523943238396,788.567921568234,791.1712977201744,4987.0687197822635
2025-03-03 21:45:00,788.7432838564935,794.2906199815905,779.9347893206765,785.4793297652039,4347.558172698563
2025-03-03 22:00:00,769.3374079525878,777.6667103832388,766.8496908419605,766.4351427836431,9442.44288978478
2025-03-03 22:15:00,792.1463241428991,800.9718503473516,789.4390880588517,790.8604533924671,1061.2386363479586
2025-03-03 22:30:00,810.0603641609231,811.7206655320927,799.0253575887921,806.0454678758468,9522.684130279049
2025-03-03 22:45:00,808.6353566363982,810.5706339608131,800.9607097469003,808.8071130474156,2065.480890237007
2025-03-03 23:00:00,793.7774490628282,799.2865217076624,791.1872667935652,800.7513363291611,5954.595591423919
2025-03-03 23:15:00,789.6701566252609,790.8911450084921,784.9938515886271,785.945742308783,4178.66520843676
2025-03-03 23:30:00,778.9451286564956,779.4851109429795,769.6615371902127,770.8726356363401,3109.2463487690015
2025-03-03 23:45:00,770.5471406479743,773.0743025509727,764.1599783163988,767.2055054769161,2980.944695251906
2025-03-04 00:00:00,772.9502053625237,775.0916757670991,765.0475594230986,768.0910187967861,7669.949006438865
2025-03-04 00:15:00,755.7581217028682,765.4151600770654,758.2152544005295,759.9846275638193,2186.5654571779387
2025-03-04 00:30:00,761.3580158779959,761.0058452833056,752.1008689414389,759.5482227819737,6766.096545528589
2025-03-04 00:45:00,781.1806381709854,787.3626167166148,780.7417767351881,785.4018738372245,2393.663200389025
2025-03-04 01:00:00,759.739451650819,770.1099652390959,757.7041742127716,767.465970382788,387.7012363617139
2025-03-04 01:15:00,764.0394659740463,764.5701459048569,757.4654660964612,761.6819255952273,6291.300342224921
2025-03-04 01:30:00,762.9674174197936,774.7182967668044,762.8350815682277,764.6219792975369,7239.4348402854785
2025-03-04 01:45:00,762.5412812999074,771.6115379365158,758.2328549175053,765.5667655369973,8488.946672757
2025-03-04 02:00:00,768.4665649582644,770.1719837030196,757.6563662103952,769.4793798724858,3781.4169541529095
2025-03-04 02:15:00,753.0392956034163,757.5262487449444,750.9368197299093,752.5332642950615,1725.3200827698602
2025-03-04 02:30:00,759.1170007789258,764.8984282894627,757.7819110449457,757.3483369006909,6232.984111340248
2025-03-04 02:45:00,711.1311718603125,722.1951798381491,709.9456039498282,718.7272534861426,7302.8481337547955
2025-03-04 03:00:00,722.0792429327847,728.2342980956953,720.7301055713166,728.5365198765086,2711.749825500647
2025-03-04 03:15:00,723.5722270586001,725.968477056089,718.3470852347314,721.40843911245,3007.3333107742005
2025-03-04 03:30:00,715.9165887248154,722.2663514362705,710.8123410986833,717.3938609926778,8472.272732361957
2025-03-04 03:45:00,696.1369297868295,703.3834438352005,693.7220540879158,691.8261422496363,815.991856488293
2025-03-04 04:00:00,681.7991527558025,681.1906988925615,671.2056827730544,677.3021118310639,4062.1458578779925
2025-03-04 04:15:00,671.9167957912176,674.883664694581,666.4672471783225,676.1249149995115,8554.162688338416
2025-03-04 04:30:00,683.4833371704201,683.1139111474146,675.8335939659191,680.1189417303895,7911.735073167866
2025-03-04 04:45:00,669.1792755902743,672.6839846659917,663.8606787186018,671.2359847370067,8403.970831057253
2025-03-04 05:00:00,685.4159079398783,684.375674313082,673.6870142449407,678.6923155535388,2766.356276472809
2025-03-04 05:15:00,687.6836267305379,691.5921123158907,682.3112886702912,692.9341008144371,2617.2880313012683
2025-03-04 05:30:00,666.5633221326553,675.0826322226,663.803210782201,672.0468977932965,2582.903003031469
2025-03-04 05:45:00,669.4977154144555,671.3933386570044,663.4372869445073,664.0799328908793,8900.320932287224
2025-03-04 06:00:00,658.730547131046,664.7882348669713,650.9595835140756,661.5264991985075,8809.121921885488
2025-03-04 06:15:00,636.6398263329537,645.6028210296585,634.1808121536832,641.2008325983476,7459.733881253555
2025-03-04 06:30:00,634.0160498903092,638.5880001914081,627.5410798838882,637.579969308845,1112.4115738034354
2025-03-04 06:45:00,628.4881998527133,639.3124355637693,628.940870269612,632.0534306408168,9064.314855797275
2025-03-04 07:00:00,629.5269148279758,632.5563141611016,623.8022223444015,630.886724848571,7958.235668531812
2025-03-04 07:15:00,629.113707773764,637.441462844926,623.9264588466687,633.7720430616384,7673.713324471673
2025-03-04 07:30:00,641.2692944806429,651.682038069524,638.2631243933045,648.9325972129855,940.7252273772453
2025-03-04 07:45:00,638.520573045812,649.067841574941,638.5962900288908,648.4023113152133,5318.618175573431
2025-03-04 08:00:00,634.2424305040843,641.051543368662,627.1791283020325,634.3572594174378,9065.998899257987
2025-03-04 08:15:00,624.3378997999132,628.3154026745386,617.6610796175147,617.4062482754844,8782.373238430622
2025-03-04 08:30:00,638.4437172077013,646.3784088078291,633.6369405426349,643.1644066119852,4170.716328190456
2025-03-04 08:45:00,640.9063988907897,645.9779730391103,636.7401324399189,644.6872723129258,741.295336047999
2025-03-04 09:00:00,633.9207676475389,641.7924143772667,634.6539249776747,633.151526094439,615.962312379508
2025-03-04 09:15:00,636.5078663559462,637.6808978947769,624.7149982473619,635.0777542910672,3302.665453016388
2025-03-04 09:30:00,621.6428585414258,626.2798902318035,620.4119545583114,622.3394342667923,2381.4456163001305
2025-03-04 09:45:00,597.6622233286782,599.268193866444,590.3215240521391,600.2003002173421,3457.4162908092812
2025-03-04 10:00:00,592.7944801228816,595.4370545119747,582.765559684704,592.269828678078,9021.97076257992
2025-03-04 10:15:00,584.1795797956541,595.9617914512793,584.5460968480724,584.117329207966,2661.811998726528
2025-03-04 10:30:00,564.4929938741451,562.7995532411,556.4108302169356,559.3626768314233,680.05108573607
2025-03-04 10:45:00,559.2398186890263,569.182553904547,560.1323152213333,567.4255084423811,5400.859838417549
2025-03-04 11:00:00,565.9570707607569,568.4749660202434,563.1284728838629,564.1798910588138,7281.487432491407
2025-03-04 11:15:00,565.2793999492616,569.9804230339176,560.9199604535044,565.360225413543,3294.256325243418
2025-03-04 11:30:00,568.5346492356417,573.6990615901871,566.3287589833382,571.3212738659953,1667.0235331636102
2025-03-04 11:45:00,578.4667531572206,586.5620363638308,577.4571113929144,582.5680593453295,9094.812003719231
2025-03-04 12:00:00,593.1220757600855,593.3374077902847,582.2508634187171,586.0580739646641,8550.962782427483
2025-03-04 12:15:00,586.5543527703558,588.7914109222487,580.6582164379821,586.5235394718279,6984.584023940668
2025-03-04 12:30:00,571.6021767791083,580.7120174926613,569.9316593007042,579.1869892656674,7390.007181660202
2025-03-04 12:45:00,569.6400021141524,578.6524422080856,568.7753698000624,577.5554609737794,6512.118012791817
2025-03-04 13:00:00,555.958804921281,565.2150989129133,551.9585964520755,560.2867795247407,4138.933925266781
2025-03-04 13:15:00,551.157758069077,551.5832600867018,540.0896174687887,542.9932604032474,9952.604094414786
2025-03-04 13:30:00,570.9660412173993,578.8342094247998,567.445607074843,568.2678186425651,6681.583328120279
2025-03-04 13:45:00,551.986854280156,564.1952064585389,554.352818972141,553.6418236780803,2346.0568189761807
2025-03-04 14:00:00,546.376027367435,556.7280624547647,545.3072979145222,550.1130964882727,3845.378340532651
2025-03-04 14:15:00,534.406895343602,537.8163448703563,530.0901096241441,538.6538468330663,493.3432413853156
2025-03-04 14:30:00,539.477586256228,540.5123347624568,531.6692183412304,532.5305945731369,1498.9261986179065
2025-03-04 14:45:00,545.6116784307795,543.3301117156878,536.7935491337422,536.0196770391399,3523.5316027164804
2025-03-04 15:00:00,547.8927970792139,550.1737740213571,543.057203861445,546.2971590393188,5159.523171358819
2025-03-04 15:15:00,528.2711913227776,536.0698647993843,528.950183212525,535.0481455592725,7292.433435590593
2025-03-04 15:30:00,530.0518087134618,537.6805780525559,522.5147378517255,532.7204473569378,1830.1119082183266
2025-03-04 15:45:00,534.4996711744519,539.1076680571591,529.6627358189543,531.2877064230255,5114.238921451648
2025-03-04 16:00:00,545.0578924370362,544.8117866961417,540.3818311142112,544.9390061708868,9009.524298563147
2025-03-04 16:15:00,556.8794170868424,556.3203637072253,550.4999628217089,558.0400364548565,8667.01782377736
2025-03-04 16:30:00,532.3944108809536,538.9765078244307,529.342693339518,538.272556675064,2300.559793359364
2025-03-04 16:45:00,546.3016609596739,550.9108537484112,543.0864993238376,546.7460904633815,2747.726655026843
2025-03-04 17:00:00,565.9370378679214,572.9519420228007,562.9449029876753,565.9808823439388,4054.386915672957
2025-03-04 17:15:00,564.5820810726727,572.4822128676907,561.6561610632492,566.0291056635032,2997.1308802631443
2025-03-04 17:30:00,523.76759095639,527.5467456984211,520.1138793096745,522.8483583658549,1300.9992258234977
2025-03-04 17:45:00,520.3661669861219,528.6828520617895,517.4178423237109,519.9252663031974,4180.773489522768
2025-03-04 18:00:00,527.0627702762989,538.2431373923035,523.6094321136295,532.2378548222998,3643.491275876425
2025-03-04 18:15:00,534.9704620479729,542.9474129120711,532.5841530495724,535.3642953558513,602.6648319124079
2025-03-04 18:30:00,539.2587289624863,541.9230873856504,526.3676244510555,531.8880400321688,8878.017349042042
2025-03-04 18:45:00,526.1727675401186,525.8773961998778,516.422041076628,522.8248315627627,7828.754569385922
2025-03-04 19:00:00,514.6584204390275,519.577875638069,507.5047689863402,517.6539358034883,314.6092907765286
2025-03-04 19:15:00,542.5731105245859,542.9502830638626,531.7655237367122,541.2331836934843,5156.592872777992
2025-03-04 19:30:00,526.7471199104485,535.6790991061368,522.2748986473877,531.5918292695297,5261.932166848459
2025-03-04 19:45:00,538.5082027308341,540.2017572882961,532.4263918498647,533.6507834388368,7634.044845965113
2025-03-04 20:00:00,522.9295804676694,533.8183161116297,521.9174459707765,524.8190815980345,7174.485319087021
2025-03-04 20:15:00,523.9120674275465,528.949441860385,517.6284462262679,522.9412069009725,3566.6561925583433
2025-03-04 20:30:00,515.4115957556656,526.9093843930805,515.6584714122115,521.0450405524311,4312.171814206321
2025-03-04 20:45:00,517.3593147039163,523.5248627162413,510.36726080066865,513.7639641413086,3575.358781720973
2025-03-04 21:00:00,499.9501114530741,504.53367838890216,494.59702878093685,499.4560563264252,6932.164810596402
2025-03-04 21:15:00,526.3914151300195,527.4151721011292,518.1707349967736,522.8888574556917,1215.463650941997
2025-03-04 21:30:00,522.2823919262448,523.8694815270892,518.0975119328673,522.348005316797,5673.15424079149
2025-03-04 21:45:00,532.5684122296751,542.4320431280023,532.4122627360905,536.3624122502966,1687.4750627283026
2025-03-04 22:00:00,527.2993216263272,526.7404440451103,520.4127644421053,525.6456523694395,8442.961733348187
2025-03-04 22:15:00,516.2316626334269,527.2847699157578,516.4101263380091,524.2718928977513,5683.05967957977
2025-03-04 22:30:00,546.6659406547008,546.0961933737888,535.8151406778808,544.9359076341829,6265.45260924172
2025-03-04 22:45:00,564.7035591983932,567.5373127091673,557.6945984223482,564.8218205338201,5717.443972548815
2025-03-04 23:00:00,565.0870863394106,572.2215170427385,562.3808289829607,562.6120839404064,4639.300034162195
2025-03-04 23:15:00,567.837222550497,574.4340539791066,567.3431079157814,570.7022512969494,2963.185721408191
2025-03-04 23:30:00,548.2177129581563,555.3014534393158,548.8535298470765,551.8212158018351,1296.5247758790545
2025-03-04 23:45:00,570.5696697151801,573.5854006356701,564.7857085874645,571.7812128100746,523.3592109004721
2025-03-05 00:00:00,593.5435831216978,601.9816042921324,590.2956594936778,593.3546037554753,9872.30106658209
2025-03-05 00:15:00,606.4306733664265,610.2509080076582,601.6611590037609,607.9436187342989,3333.066034850247
2025-03-05 00:30:00,618.505268165682,627.1585272530623,616.634501443347,621.5047723721844,4817.3230336110455
2025-03-05 00:45:00,647.9156426558756,648.145235411081,640.670070860457,648.274780752905,2799.5111088158455
2025-03-05 01:00:00,639.5352588374608,642.8959981313822,634.903129696974,639.7627557041069,601.109791130267
2025-03-05 01:15:00,648.280960620926,654.8889226884353,645.5738617309927,649.8256538777936,4088.7393609400287
2025-03-05 01:30:00,662.7632561203336,670.5835413610946,663.8240127411714,664.8103016760654,5851.884018166295
2025-03-05 01:45:00,668.3186917304284,671.4007986303964,661.1825077178834,667.6602979227472,4594.232669283625
2025-03-05 02:00:00,653.9840088530347,657.8459600300463,644.3324992816299,653.9483003849164,7253.839871435478
2025-03-05 02:15:00,650.1349717921088,653.1308067764378,645.9695645715206,653.2580441343034,6145.215691861377
2025-03-05 02:30:00,623.050254087509,624.5216693486894,614.2066751245585,622.5383245179344,928.0552276742677
2025-03-05 02:45:00,610.1486689071045,614.3813619378075,603.3466050854422,613.7507351638742,6442.59084585848
2025-03-05 03:00:00,592.9576264490814,594.504990865092,582.8600408802313,593.2097174049794,7006.7560386789755
2025-03-05 03:15:00,610.994522068525,610.0747276594944,603.7522451273205,604.6780304841321,1830.7204499983422
2025-03-05 03:30:00,591.0610099068185,592.6325460888928,581.3723695087863,589.4191722898936,3249.819834882435
2025-03-05 03:45:00,600.1041329885943,601.3276653931614,593.9981165401487,600.9563187158086,6191.533498095071
2025-03-05 04:00:00,595.1346556507078,601.4610115153175,588.4062480807615,599.9291588117371,2132.2432057800065
2025-03-05 04:15:00,596.0625068017733,605.9482865917333,595.769222672805,604.504174672398,1103.8736582785318
2025-03-05 04:30:00,595.2460286957372,598.0111143270481,585.5105634264821,596.4461632459216,3936.771507000816
2025-03-05 04:45:00,595.3090166271135,600.1028075301343,588.1603190763498,593.0292689457144,3131.9124108214173
2025-03-05 05:00:00,591.4782956166391,597.954955291772,588.5551958937982,593.1921448125538,9568.402396171357
2025-03-05 05:15:00,623.4630290357654,631.7035380695879,619.4865560072255,621.6508513359565,6631.517758265568
2025-03-05 05:30:00,610.7874120376046,616.3178729376015,602.8505710353314,607.7201744483845,919.8062011826706
2025-03-05 05:45:00,628.4127334449075,638.5584141572019,625.461587217704,634.9171845696321,4242.558710255892
2025-03-05 06:00:00,619.9962147353668,626.7940613065375,613.0369810804193,621.1332321670719,2069.2299162436466
2025-03-05 06:15:00,646.7802471851666,653.4010237566283,642.5205842487228,652.0202889637142,3224.0644487392183
2025-03-05 06:30:00,648.8982649510043,655.9525662858326,646.6684418866935,651.3501796498579,3140.725146303352
2025-03-05 06:45:00,670.0422426284426,673.644645482592,663.7118769809232,670.5428559727693,3238.1979877905173
2025-03-05 07:00:00,663.2901600553738,664.4539466812412,651.8809729617061,662.6254866406364,8417.232492242667
2025-03-05 07:15:00,667.1319044371038,669.3342480355595,658.7370701028608,663.730676202392,9385.666797636155
2025-03-05 07:30:00,683.2390976121427,688.6938895343137,673.5563962368568,685.8076954174351,3355.8912307732803
2025-03-05 07:45:00,674.8184471177465,686.4719984640235,673.2578686026108,683.5475302179694,8095.720015056968
2025-03-05 08:00:00,695.2437561163093,704.5711656950442,695.4954684002728,696.7222957240027,8315.209494396646
2025-03-05 08:15:00,713.9760657498834,717.584956576362,708.2559183293998,715.7299189470515,1512.9265822513873
2025-03-05 08:30:00,710.6753835855733,715.6661085910619,703.3217480248265,712.0042259367698,5987.840678151813
2025-03-05 08:45:00,706.7017273509767,716.0768300880795,707.4383384055121,707.7296189213173,5476.420228038684
2025-03-05 09:00:00,696.7264345362426,705.3658651243384,693.8756030061147,701.0583933064786,2525.049490342563
2025-03-05 09:15:00,684.2150039071058,690.3855304193014,681.550888316875,691.6670765903597,8050.4379311724515
2025-03-05 09:30:00,704.2040177524647,711.5625206991077,699.4248843693754,704.6167783483177,7466.549436322317
2025-03-05 09:45:00,685.6402602202835,695.8029441102326,686.0895023059052,688.1447408654263,5410.545794044446
2025-03-05 10:00:00,681.670288973442,690.0326228625213,680.9446296513727,684.8952385527137,4420.106540431001
2025-03-05 10:15:00,652.2534654107662,651.9750553403496,644.1900522808102,648.3279933480275,6276.53287584843
2025-03-05 10:30:00,651.2527107943912,657.0467047338549,643.5720533117528,646.5520185029086,3878.9073231116963
2025-03-05 10:45:00,629.7884498399059,633.5550747280504,622.5185465187209,623.111032570568,2740.5908783265354
2025-03-05 11:00:00,613.2914791298441,622.5566766756187,613.2236538288264,619.1088486837755,4562.130806106805
2025-03-05 11:15:00,612.6919035718967,619.9500012468471,611.9223424726003,611.6983905762289,7950.297788001549
2025-03-05 11:30:00,621.6126713423168,624.7681506332978,614.5532177183717,616.0597593493976,680.2166992045919
2025-03-05 11:45:00,633.7811965624326,643.1734840876703,634.310784777676,637.4089199015765,9763.681006471621
2025-03-05 12:00:00,638.1870853510195,639.7459826696336,627.7326225875852,633.9905903494567,3257.08550132713
2025-03-05 12:15:00,651.5008919373965,656.8145567169147,648.9489697935653,655.2148686797183,1265.3040298966475
2025-03-05 12:30:00,646.5775071451783,652.8842792851856,640.2490280180142,646.6232136676931,9065.24915489131
2025-03-05 12:45:00,662.9657376325001,667.1194613298585,657.8850570331495,667.9702634209706,3780.047791047405
2025-03-05 13:00:00,675.8489890416145,683.1419610246535,671.4555601014351,674.6683934210521,559.7311953083573
2025-03-05 13:15:00,660.0741475611319,658.7306866388914,653.7770719704806,653.0126099196053,2908.4139215140844
2025-03-05 13:30:00,631.053532946902,640.332272097924,629.3660864202628,639.2371472989729,4294.551949671101
2025-03-05 13:45:00,649.2256417825438,650.1625587372494,637.2529104463403,642.5098848212828,523.7765000488757
2025-03-05 14:00:00,619.2635099787927,625.7872817704592,618.7653002850033,618.4261368436071,4503.758100699724
2025-03-05 14:15:00,619.9867210457792,622.0803956446368,610.8985122479271,620.4430568404196,9988.701413985189
2025-03-05 14:30:00,597.7322282324882,601.4055564136639,590.1346393122949,593.9834836946749,4860.639374209223
2025-03-05 14:45:00,584.2797540493024,593.9014572411253,583.5800880671612,586.3285483516439,3926.030217332071
2025-03-05 15:00:00,582.71355322528,593.6219556343252,580.6945188013117,584.3886036513652,7727.812120114331
2025-03-05 15:15:00,598.4887508169388,598.7376010074341,593.6011730619471,593.9797675011878,2007.8550316893775
2025-03-05 15:30:00,576.180272927463,585.3938982806758,571.3231965188169,579.9985557829021,8542.342472115486
2025-03-05 15:45:00,596.1266808050185,598.5398329435502,587.6119663071116,590.8448907596278,8557.268748507833
2025-03-05 16:00:00,600.7958376293753,603.8788823048363,594.924885026421,595.3392195859797,1866.1082471368754
2025-03-05 16:15:00,594.7280506823959,596.8992422976681,582.1272809774127,585.3208684531863,3983.426442568303
2025-03-05 16:30:00,621.2822133870328,626.0936632112723,613.7742588680844,624.1018045704493,8396.343932566984
2025-03-05 16:45:00,636.1775092786406,638.990789729571,628.8359205358691,628.2747787786401,2068.9101299667855
2025-03-05 17:00:00,672.4367482407531,676.2657119500167,666.4643587035388,669.1673973190975,8510.561031174459
2025-03-05 17:15:00,676.0179427428827,684.395692504557,672.1690383108743,674.3748943643487,9137.963440546258
2025-03-05 17:30:00,661.5999542484168,666.460951605286,658.4059898367326,664.90950554685,9361.756753866193
2025-03-05 17:45:00,655.47786998969,659.4104445725368,648.223011720025,651.75786480355,3867.369620382512
2025-03-05 18:00:00,673.275837872012,677.9153687197271,667.0112463214899,672.5719329935029,1580.7211183695565
2025-03-05 18:15:00,683.1117333087045,687.1855725509437,676.6350413501293,681.4572704142245,831.665691083793
2025-03-05 18:30:00,680.6131914247994,690.8358388238813,680.2116822700725,687.5601759609272,4836.920265387734
2025-03-05 18:45:00,679.0477152693373,685.1035416864897,670.4084246016728,682.3181775643664,6030.467982095703
2025-03-05 19:00:00,648.2273961150539,653.7291667049174,645.386445007252,648.1496138738247,1502.4676366230724
2025-03-05 19:15:00,649.1695581238585,654.2352356889136,643.8060552089563,645.9990269523475,2186.7018051126415
2025-03-05 19:30:00,671.7972317219586,682.7482201423617,671.1776179846732,673.9594724644453,821.7222341729602
2025-03-05 19:45:00,661.2090763415813,665.6872871668406,656.4197882211672,663.3288692666388,3996.3462492046847
2025-03-05 20:00:00,663.509164471494,666.2002233454215,656.0417395450919,658.2986426574462,4746.47039407152
2025-03-05 20:15:00,677.824529693517,685.1333327465558,675.422285986413,683.5705744283889,4383.221285498333
2025-03-05 20:30:00,669.2909902797711,678.9333846240665,666.6543642279707,672.9997227807543,413.434030633298
2025-03-05 20:45:00,671.5768797493783,675.1682102447619,664.389102218475,669.3855357459512,990.1229954747008
2025-03-05 21:00:00,638.0903768305105,637.802252223659,629.1242014680696,633.6730629813883,8616.88722290872
2025-03-05 21:15:00,631.554195406402,633.9448913785827,623.7365964728904,627.0717502760393,6260.145664026858
2025-03-05 21:30:00,612.0116781470974,620.7058068777483,611.8392775963389,616.3420426974653,3188.6483175565077
2025-03-05 21:45:00,601.7354475243017,606.366245607497,601.3250892016752,602.9069287281802,9273.166455563049
2025-03-05 22:00:00,601.2432295064325,604.74768603161,595.8674673579524,597.3501061513248,7867.266204327383
2025-03-05 22:15:00,591.4171986979393,594.6156225583652,582.4468070277859,591.9269774962205,8860.049708661369
2025-03-05 22:30:00,556.7499598242587,563.772642208049,554.2972537986718,558.1710887541525,581.2196546133252
2025-03-05 22:45:00,561.2796951593156,568.3447551373179,562.1765981453619,565.3212011261019,9808.519016422713
2025-03-05 23:00:00,584.4353411184093,590.7360334714521,579.4364923417812,585.8099205573259,3354.2175289732468
2025-03-05 23:15:00,602.8095389976883,609.3540165747913,603.5675906744918,604.9170005310385,1820.1449746893868
2025-03-05 23:30:00,597.0883584551088,608.0879338016032,595.3770563240995,602.9166895177865,5687.726618054312
2025-03-05 23:45:00,587.7476070512508,592.4506245905064,583.2706029174918,584.8038147309735,3964.602131044613
2025-03-06 00:00:00,588.9495866572624,595.6997571601402,590.5484189000156,592.6804052566338,8842.21147248334
2025-03-06 00:15:00,585.8656286052375,585.9003991496008,576.8391578221618,583.8746025941564,2769.638672551549
2025-03-06 00:30:00,587.080862439929,589.1965641462953,578.254750182387,582.9191784260108,1331.664266404258
2025-03-06 00:45:00,572.1312376118219,575.976818497068,562.3972801656826,570.4334316791135,1728.2406226456837
2025-03-06 01:00:00,579.4990708000187,581.9709199392088,570.8870737271407,578.6855372518894,9931.270217454856
2025-03-06 01:15:00,620.0555615882429,621.0536721518323,610.124031703609,614.0932390898884,9822.865116680474
2025-03-06 01:30:00,596.9129757193253,602.3832355398049,592.5191606835326,594.7581572913352,1071.3923989286134
2025-03-06 01:45:00,612.0174925953081,616.4872645325676,601.275432315402,613.4993977852299,2016.41621466397
2025-03-06 02:00:00,614.6098215434679,622.4368917093751,610.5310974397225,617.0926325020982,6926.433326072473
2025-03-06 02:15:00,649.7755526003948,650.9991931591281,639.9090721356508,645.9075792984413,7059.564287677971
2025-03-06 02:30:00,653.2724693727876,660.4347735789493,651.0815912518032,651.0416807601108,4292.749328542666
2025-03-06 02:45:00,657.2648984056834,665.193981607493,652.8680897355055,657.1178800170338,2397.5129824606856
2025-03-06 03:00:00,681.989554683349,688.2794676109679,680.6226519216071,688.9869553069803,3982.702579562435
2025-03-06 03:15:00,680.5666706571458,684.0767013786686,678.0878363118856,683.1099952670222,9666.300209151359
2025-03-06 03:30:00,692.0888842901749,702.5963978677346,691.5184357830243,693.4387872465028,3577.4746346047414
2025-03-06 03:45:00,718.191274561581,725.0142191056315,715.88050987394,716.4667036490528,6700.689529856505
2025-03-06 04:00:00,717.8429313187215,728.0139766748639,714.9284986615523,725.8233795628998,2768.2302650490024
2025-03-06 04:15:00,708.7694124853698,714.8318957431312,705.6498758913926,713.7902738929344,8954.31204540565
2025-03-06 04:30:00,704.200013060753,714.3473599110994,703.7849985003246,706.492443400215,2032.1268477114863
2025-03-06 04:45:00,705.8912219178418,716.5149695033715,704.9673956405213,712.5535527847064,6483.844740788123
2025-03-06 05:00:00,713.0292730660287,719.7274152649741,707.456640219056,710.0391991027714,981.1234711785039
2025-03-06 05:15:00,733.6184231183064,741.9168426975233,728.6383241203283,738.4616946416108,1918.8344898544044
2025-03-06 05:30:00,728.083225202455,728.8144185881906,722.4835069047091,721.4362726862793,7165.435572883415
2025-03-06 05:45:00,740.8360663934385,745.0224058855459,734.2554167604036,744.8754918711466,1800.6437848298006
2025-03-06 06:00:00,721.2249706074203,730.5434067034314,722.9197059535974,725.8901940672251,4141.3966040001305
2025-03-06 06:15:00,750.3364815519676,751.7980677713608,743.5790983985366,751.7610389830239,4296.058990176269
2025-03-06 06:30:00,741.2071284655099,745.3363924972602,736.2686833753653,738.5481108105296,3837.4543496458427
2025-03-06 06:45:00,756.0029004953195,762.7976213202224,748.8237559204533,754.9888090636656,8944.927442770017
2025-03-06 07:00:00,766.0493660694184,770.8287470974718,764.2170429484904,770.3535620682635,579.2275717779501
2025-03-06 07:15:00,762.181938081293,765.3587396719975,756.6249820090237,756.0043868563347,5734.015288461223
2025-03-06 07:30:00,789.458754157137,788.6940022555777,783.0698550777429,783.4000717509118,7428.241741916434
2025-03-06 07:45:00,799.1311198980343,798.0327323468136,788.2645776619603,793.8880391557944,5425.850295165867
2025-03-06 08:00:00,804.9977350110971,807.6765032835802,802.369290056559,804.768923140141,1326.8178489414124
2025-03-06 08:15:00,795.4245280450626,798.3715193431632,787.6466220697257,799.4890675281047,1586.2804142487018
2025-03-06 08:30:00,831.6094211872696,834.1441348706854,822.6295062149936,833.0269901153501,8134.1499912824775
2025-03-06 08:45:00,825.844328470076,827.5670978570548,818.5654318244871,826.5221403040139,358.38183719692813
2025-03-06 09:00:00,840.6516403498573,843.608861989765,834.9845002573867,839.9763938433026,5852.873844351503
2025-03-06 09:15:00,824.5410553193283,824.0848953680094,817.0166055609988,826.4382091310148,4071.9880395429004
2025-03-06 09:30:00,810.9785639939403,812.6417517711633,802.7198185423979,810.983178660738,2771.9042280692424
2025-03-06 09:45:00,804.3691765958123,807.5253902471663,797.6678540673328,802.3790921090293,5000.618173476817
2025-03-06 10:00:00,812.0186078471827,818.3834611780045,803.5631512479086,812.3042530647477,9320.010757145674
2025-03-06 10:15:00,819.9755676382496,822.5996619147467,813.3701274204044,815.3031581013533,5944.481077096612
2025-03-06 10:30:00,808.6472509092177,810.9700818406026,802.1037792095531,810.0829096498185,5875.30298210019
2025-03-06 10:45:00,767.7398995360269,768.918272713231,759.5386864920575,759.5676693240066,5840.186141571301
2025-03-06 11:00:00,761.0212860351108,771.888246181432,758.4220195642304,761.0451857933895,3081.5594800860968
2025-03-06 11:15:00,778.0317191215572,783.2042661191537,776.9988661805792,781.705949121543,2197.637694306104
2025-03-06 11:30:00,786.9459544195126,796.6785291761254,786.2232986637154,789.9926196440896,9167.05608569854
2025-03-06 11:45:00,804.9099443403001,809.9169886589322,798.1557187998827,799.479979249989,8837.77942580555
2025-03-06 12:00:00,823.7081435240403,821.4033021943326,811.860006960039,819.5275855679882,1476.3307219265491
2025-03-06 12:15:00,813.3587159287391,821.4735879067301,812.03379696272,816.2135255675383,3420.796491412635
2025-03-06 12:30:00,805.2060769396599,808.490627400411,800.0851240653287,806.692219081702,309.7734976587666
2025-03-06 12:45:00,796.2281212540354,807.9421004241079,793.6337416192908,804.6200738616142,9896.774157433296
2025-03-06 13:00:00,776.1108068616868,781.0515784285782,771.8955707915821,773.1736847733674,6012.695562089771
2025-03-06 13:15:00,771.861377581931,776.2790137907732,767.999297883079,777.1832057371169,8856.881631233926
2025-03-06 13:30:00,772.9670711391361,780.2924821705257,770.1415622816612,773.2620154536098,1224.114068742946
2025-03-06 13:45:00,779.4224842672778,781.5576055689683,768.8314663899688,770.6757114086242,2914.813048528159
2025-03-06 14:00:00,794.7304309459421,798.2850453427989,790.7793229967896,793.4188675087164,488.0491716295254
2025-03-06 14:15:00,797.0852645137802,803.9437929487846,791.1509976320161,801.4684069225492,1969.974120486217
2025-03-06 14:30:00,812.0980341775552,817.8233787564229,810.4938588847212,812.8311416930636,935.2557792416767
2025-03-06 14:45:00,837.0783676969168,839.8382647679924,829.1712409124384,832.7416142658803,4115.004153467282
2025-03-06 15:00:00,848.6129924427231,854.3370574069381,849.5386626428426,855.370780577193,7237.587372700941
2025-03-06 15:15:00,815.6100792077657,827.5253386460455,817.725067276938,817.7096605009923,4101.282118523914
2025-03-06 15:30:00,806.5831463415008,812.7102712426932,800.0568881774184,804.8292465170235,7411.485252438132
2025-03-06 15:45:00,829.6483045255602,830.581927116636,818.7950194749006,824.3355177904484,8335.522250273285
2025-03-06 16:00:00,834.3485014680174,844.3495360189959,832.2044922049926,836.0762435062884,5827.768464587777
2025-03-06 16:15:00,841.1375508309674,845.9628436381589,835.4530893826859,844.9374681726002,3049.7129058833834
2025-03-06 16:30:00,819.7296461404467,819.9680095391259,814.2040001758259,820.1712991606348,688.8971878198074
2025-03-06 16:45:00,815.1598302257635,819.1121335303968,805.1106548591712,811.75918251303,3353.9507566994757
2025-03-06 17:00:00,806.4906559890669,808.7191136661337,802.7465606498134,801.4367492495671,542.3292087107332
2025-03-06 17:15:00,792.340817140184,801.6975171821531,789.9320008141183,792.1861127879564,9914.394840923767
2025-03-06 17:30:00,790.009076418067,800.1166344027479,791.137854857248,796.191511329188,338.1439149400383
2025-03-06 17:45:00,796.5003612000233,802.0545824970233,792.4832270529197,792.1067598641015,4034.057348915226
2025-03-06 18:00:00,773.1641850324895,783.6762301749873,773.4806830334486,782.6536335473124,6898.336470017089
2025-03-06 18:15:00,772.296370038929,776.4365250228461,764.6092244906001,775.1624022189577,4251.896180226392
2025-03-06 18:30:00,775.6676656899064,783.2912710504925,774.4039440630104,781.0974298695531,1589.2211898644066
2025-03-06 18:45:00,752.2194730128261,762.4304283041477,751.2983402011853,756.1390762143421,6340.19522938814
2025-03-06 19:00:00,744.8667932672437,747.6922266884008,737.9729517683592,748.244770474011,710.3214838544795
2025-03-06 19:15:00,735.4056180482886,743.6926007821941,735.7792984952293,733.6577563926259,9019.869959146174
2025-03-06 19:30:00,739.1181915856056,742.9255575283681,733.7634494237367,736.9840326577731,9427.947818317869
2025-03-06 19:45:00,751.3147235999415,754.1268592682479,747.3686686343563,750.1557476735861,6924.285562142237
2025-03-06 20:00:00,767.0161838064533,771.7844037074495,758.9761664446578,760.1439170389069,2150.75300347476
2025-03-06 20:15:00,771.0335264749815,772.2941519631127,767.3985713038733,767.6737818930418,7392.462199665486
2025-03-06 20:30:00,776.7822022868537,783.7613741066938,774.419002577521,783.7349051930074,7514.382029715337
2025-03-06 20:45:00,774.8601648225665,778.3797892956379,768.0574315219328,774.4273510360279,6297.037577087596
2025-03-06 21:00:00,783.3611488216526,788.6772658514077,772.988837110068,776.448811651161,4502.268726907312
2025-03-06 21:15:00,778.8181019968224,784.7426687911453,777.8807719379174,781.4568461032397,5916.468944058359
2025-03-06 21:30:00,777.8774548076482,778.4788658003488,770.0408382390301,774.7074685836479,4128.303718235364
2025-03-06 21:45:00,738.1324908069226,739.5824102071485,729.1760176381133,733.3114985237868,389.3618805902605
2025-03-06 22:00:00,734.3938393739859,738.5399214856676,730.2163731025813,734.7774759992143,3420.213793569792
2025-03-06 22:15:00,726.7916026128318,726.9739146631451,720.0554595761269,723.7567646466437,839.3448968302954
2025-03-06 22:30:00,725.2878332619413,737.2729536865098,724.122876013143,729.574006213045,7568.17824107067
2025-03-06 22:45:00,730.6194924797602,739.7440752251163,725.8366798364667,735.0960553782949,1694.9865971741083
2025-03-06 23:00:00,723.1582277549209,725.6723080275488,719.4469723700015,724.4489277269884,6987.000792651755
2025-03-06 23:15:00,724.9878016569223,736.8758701108136,726.4434839998825,731.6903101951217,6709.412790694844
2025-03-06 23:30:00,741.5408565391541,745.9778958748848,732.2125260719342,737.1343783034044,2059.665101886934
2025-03-06 23:45:00,733.2572521368797,741.0078514540998,734.7245804705151,735.9895924424311,5816.961314929063
2025-03-07 00:00:00,743.3144430451902,750.9468772282232,738.8610980197049,740.939778624806,1935.312440739604
2025-03-07 00:15:00,724.459017555516,729.7219104568022,714.9528193285257,726.2465678973405,8681.186751288145
2025-03-07 00:30:00,707.654696594096,709.2373390397438,697.2398078035035,699.9752035924797,1953.1681631123504
2025-03-07 00:45:00,703.8324923705362,710.4454127617017,701.6691592680342,707.0115781133094,8783.60776641422
2025-03-07 01:00:00,710.1220059107495,712.8186637249888,701.4640684617034,711.0801278222539,1994.7107362092217
2025-03-07 01:15:00,701.7197252274188,705.4346825069758,694.1783811414815,704.98279599076,8066.897314351929
2025-03-07 01:30:00,707.8233372438498,712.5766320393606,703.5735810253453,710.1412385473761,953.6219076571872
2025-03-07 01:45:00,705.4294798738367,710.4717273898684,698.8565287979393,709.0278040899104,7613.608324577404
2025-03-07 02:00:00,703.2542126207168,713.5832714399795,703.1457038717048,704.5137612909256,203.3586689876983
2025-03-07 02:15:00,704.0726841963757,711.9373943153021,703.4381708814216,713.327295890503,7492.654680310004
2025-03-07 02:30:00,704.4890668511377,706.2967075345517,696.6284759855218,700.3729186812974,5506.438721113518
2025-03-07 02:45:00,685.7425318500286,687.6903635236945,680.1403154330665,677.4032293260536,6039.741342898319
2025-03-07 03:00:00,689.1736194871552,690.6422673690604,677.4779318036454,683.5418384639919,3610.81500012863
2025-03-07 03:15:00,691.6565985913469,702.3568082250719,691.9632054655722,697.8877906864136,1079.6314384450309
2025-03-07 03:30:00,681.3071995553794,684.4882413145605,673.3549230888091,678.1847870444013,216.71885880537627
2025-03-07 03:45:00,676.9839468079424,684.6938956026783,679.8742679098694,680.2575071986504,738.7710368422903
2025-03-07 04:00:00,706.1542765461026,707.0108829763226,694.7346930316324,703.9063918871835,9179.275027839622
2025-03-07 04:15:00,688.4571286015316,686.6755852787039,677.444223491662,685.6053908596192,7778.222372758335
2025-03-07 04:30:00,706.6635252800794,710.6181084972586,697.1668371320162,699.9791103195397,8496.28137318563
2025-03-07 04:45:00,695.023628029063,696.0504598909284,685.5057742713007,691.4961318062676,6067.936467418694
2025-03-07 05:00:00,682.3253692538228,684.8651077567732,677.0673926875618,682.6810504834424,9534.826476340239
2025-03-07 05:15:00,669.629740364722,677.7068968589175,669.893472036569,671.8185072916615,1934.5746346977642
2025-03-07 05:30:00,684.6526980057743,687.3588022457459,673.023154072069,682.1469732654678,782.820504595907
2025-03-07 05:45:00,674.7044520612758,684.7115609743606,671.0435173991269,681.5448929473051,9682.788890759926
2025-03-07 06:00:00,654.9198264585506,666.4113230287122,654.5509919730225,654.822558071148,9738.099065259781
2025-03-07 06:15:00,645.8508297561149,648.0323023405089,635.3134778489821,646.8872460960748,5891.056235296636
2025-03-07 06:30:00,656.5020880335272,661.7305983804395,653.6793049192497,653.9319839068756,2518.386749714986
2025-03-07 06:45:00,667.6957259613455,674.9852039432074,662.3184542648506,664.7196547740679,816.756771284644
2025-03-07 07:00:00,670.2422582386765,677.0981376901583,663.7792486079219,675.2823708890128,3708.5007276847678
2025-03-07 07:15:00,650.4504835573508,657.9595403458906,651.4618438568993,659.7008096711918,7032.848315964253
2025-03-07 07:30:00,678.2366701509388,683.6183380976869,669.9893823477993,677.8470614519434,7986.624009395124
2025-03-07 07:45:00,706.1593390912955,711.7826311439144,704.0305826408354,704.5207885424583,9348.104155945925
2025-03-07 08:00:00,708.2951588507241,706.3656488669782,696.323757363784,699.7094592112896,7687.008785278624
2025-03-07 08:15:00,694.936338473378,700.429711697453,687.8075796989723,691.2393583062961,8183.693841029234
2025-03-07 08:30:00,673.8369338168172,679.0227049728996,671.1040544151131,677.1033338662668,8307.641134798558
2025-03-07 08:45:00,661.7494865126455,671.0783131065298,661.045883347254,661.0722453073091,1209.420023973919
2025-03-07 09:00:00,715.9543879125704,718.2824157127578,711.5826064317214,718.8164967715362,5283.646183864661
2025-03-07 09:15:00,692.5838992901093,698.5133611308016,689.3661632624627,694.245850468945,740.1587686914302
2025-03-07 09:30:00,673.0139096344628,680.5196571878848,667.2102143373439,675.824183559591,5416.559298087679
2025-03-07 09:45:00,688.2059304400017,692.2936614680843,682.7096929045528,683.6815321916391,9653.167430745429
2025-03-07 10:00:00,679.7636493810479,679.8222959693014,669.9844751489287,672.278366211387,1481.318697333993
2025-03-07 10:15:00,663.2861446925835,667.8245958675826,658.8646463572452,660.0981403105335,7448.585701647366
2025-03-07 10:30:00,674.4227735808138,672.3588083314861,666.6264191330604,672.3864768219739,6269.086199454326
2025-03-07 10:45:00,653.7605245717289,653.2981734681209,641.9283296024139,648.7067124708216,4669.9991824866775
2025-03-07 11:00:00,650.0865309025245,655.8705832911812,648.8234113342711,653.3325062336511,6577.380452693386
2025-03-07 11:15:00,648.9634914930366,649.9430561794505,638.7932038477406,648.74247947126,8507.34124390184
2025-03-07 11:30:00,654.9897523773595,661.6438382022525,652.4309257578145,653.3206164110469,3213.901323504355
2025-03-07 11:45:00,665.4347999254012,665.2052060511363,659.7920453311909,665.1296938926405,4177.28856667802
2025-03-07 12:00:00,650.5294062756692,649.9506891778561,644.090009746833,642.1094227277014,6323.698118410117
2025-03-07 12:15:00,625.4096055884295,626.5785446929718,618.9917543292546,621.8010770113574,5638.137121559817
2025-03-07 12:30:00,620.6554911866036,627.772779046327,617.0759939734638,622.2937854700799,6379.89124960352
2025-03-07 12:45:00,616.2275631152011,624.9522960531126,615.1671039979983,614.5392852930388,6149.913489500571
2025-03-07 13:00:00,629.0530161739521,629.5828986731275,620.9750183327927,625.8574767573584,5804.545194372872
2025-03-07 13:15:00,614.3269929661828,617.0069055564226,606.0763685126262,613.2401585768877,2063.619380222178
2025-03-07 13:30:00,603.8673412095914,611.3646198869153,603.2130139043163,604.2633844453026,8812.942105557466
2025-03-07 13:45:00,593.7873827759971,601.1173306306666,593.4724741874296,599.312699336193,1685.4599982806305
2025-03-07 14:00:00,584.089820840948,594.6259805273799,585.1161808441407,585.8597044890494,409.2007338922479
2025-03-07 14:15:00,611.4072885223782,618.1914323496142,608.4046149277067,612.1189654726163,995.2770104336133
2025-03-07 14:30:00,608.6471650209799,612.1720790319513,599.0590180902763,601.0645636831547,3673.554300225216
2025-03-07 14:45:00,584.421305633897,589.9046750057668,580.317663529033,588.2277282918054,2734.532533760112
2025-03-07 15:00:00,576.7337266255888,582.0222822536084,567.2061971564937,577.6047652869547,9502.68607436806
2025-03-07 15:15:00,560.253228538562,568.1680020062826,553.8785327361464,565.7384684964434,7997.594196966937
2025-03-07 15:30:00,566.6318927664202,576.0267458717304,567.745929742979,567.5925515605261,4648.484827695544
2025-03-07 15:45:00,566.5336535849433,565.5835294229016,555.0804989358995,563.4329255978072,4713.142118618246
2025-03-07 16:00:00,555.2216487331932,559.945369694863,553.9798299483708,551.9872572832965,7960.9883981414705
2025-03-07 16:15:00,557.4491227209668,567.7841407939779,558.7569405338297,559.6569311984475,2228.4956782303516
2025-03-07 16:30:00,550.9721155156603,555.5252480436045,548.4655270611586,552.351922576864,1547.903920293209
2025-03-07 16:45:00,580.0098405796599,579.5172407839293,573.294442791208,580.6469660302546,4052.033463490163
2025-03-07 17:00:00,567.230156816376,571.6953089329548,562.3092749800753,564.84913944214,3794.9808230119293
2025-03-07 17:15:00,584.9993324127718,588.6112904454147,580.466341770044,587.3095439981189,4856.985403521199
2025-03-07 17:30:00,624.1092992061552,631.8167661844501,625.0359103976091,624.1668603966141,7822.458333065469
2025-03-07 17:45:00,631.1754000028776,629.2773237067018,623.1579751898739,629.6722547697542,6994.920520149731
2025-03-07 18:00:00,625.5090714320063,630.718169846079,620.8168633164504,628.0735789677015,2406.567180739546
2025-03-07 18:15:00,614.6989406204557,618.2029145546966,612.4249058562347,615.9854138117927,3726.7423745216133
2025-03-07 18:30:00,606.0622787539827,613.349702801195,606.3378146585273,608.0668512593484,6736.032077460776
2025-03-07 18:45:00,613.5609519928094,622.9075217370176,611.8194892665426,611.8900217092153,4546.920659824349
2025-03-07 19:00:00,608.0550339565839,616.3291660184815,603.5938487582475,609.5664838259617,7048.570418512763
2025-03-07 19:15:00,634.2203170437032,641.0888147776795,628.6312677751976,638.3607380674708,9260.091798253523
2025-03-07 19:30:00,660.1507500389167,661.7174993367599,656.5761548279565,656.0728794882085,6251.165537142441
2025-03-07 19:45:00,669.4987855995212,672.1793704141699,659.3299589797265,668.6467907420295,4751.71958840201
2025-03-07 20:00:00,668.9752140323336,673.9634196526686,662.7084068429361,671.3915199803503,5376.207340157955
2025-03-07 20:15:00,683.5850756515965,689.942515359303,680.81047300466,683.6540999113586,9971.542687187906
2025-03-07 20:30:00,693.253320841278,701.1863550762423,690.507487548366,694.024704108297,2654.9527899696745
2025-03-07 20:45:00,717.5527405013487,720.5843828259245,709.1223268959905,714.7590428427923,3173.978498699137
2025-03-07 21:00:00,713.1276756142234,716.0420151128094,703.9675960938919,714.3489907323446,4675.608172019022
2025-03-07 21:15:00,704.3121869255376,712.0868393530686,701.5499211080927,712.2254952368203,8930.160586296939
2025-03-07 21:30:00,690.0642757168856,696.4093260770688,690.6767600844958,695.3374928793073,4089.9420730073266
2025-03-07 21:45:00,702.3371901885308,700.6592297864107,690.6033442197092,700.1953983661318,6803.3346112607205
2025-03-07 22:00:00,675.0549296756419,672.9255302370027,662.5948745382872,671.8584761417195,8614.477215147928
2025-03-07 22:15:00,661.9190259544995,663.1555619558238,656.0936900594592,664.6007944743235,2928.018326073182
2025-03-07 22:30:00,652.494683263792,652.8832129157778,645.377905528322,651.8760439909487,9588.504042128847
2025-03-07 22:45:00,652.750305723345,663.8814169400383,654.3786230545412,661.3105261239295,649.0156871820523
2025-03-07 23:00:00,661.4004800639251,670.7719387808116,660.3066013268511,667.8644282293591,2820.4888328219226
2025-03-07 23:15:00,697.7973917510038,703.4750161200393,693.8625178974685,700.1251887158588,6310.884370464896
2025-03-07 23:30:00,688.1752316288554,691.42247689852,678.5925465432914,688.465030860016,4661.84502949833
2025-03-07 23:45:00,691.340680708524,692.2726916527945,683.5782668817244,685.2861804685575,9585.852432130045
2025-03-08 00:00:00,679.4400529583218,684.9486721803514,675.7813215776645,675.2595594021249,7849.219370589932
2025-03-08 00:15:00,672.7228807249562,680.9612140840293,669.8064329475096,676.4485807392422,2358.555259084152
2025-03-08 00:30:00,689.8114108071753,691.7478827176972,677.7421308780516,680.8027429923648,8816.76166753411
2025-03-08 00:45:00,703.9747263761816,711.0482628927072,705.3085007664396,713.7193636139092,9954.870819534699
2025-03-08 01:00:00,708.4458488678993,710.7836442662976,703.5470037563133,709.4989382196047,4857.941958493388
2025-03-08 01:15:00,700.5552077949524,707.8054845849381,697.1438023710859,702.0267599306857,8418.186693992884
2025-03-08 01:30:00,723.5553264818623,729.6307170263849,719.6472080625913,717.2176531538224,385.30467645608695
2025-03-08 01:45:00,715.5219897138995,717.1885396843053,708.7845053433795,713.5884725877586,5613.856667422834
2025-03-08 02:00:00,673.3864900833765,674.7376133534182,667.4764808760658,672.8088419201584,2146.1205413370835
2025-03-08 02:15:00,684.2942022398003,683.8954529044596,677.3679773535894,678.9599904039338,8155.747214820199
2025-03-08 02:30:00,674.1283359347553,676.5740932313169,666.2048577151435,673.1632219394104,6686.625923510478
2025-03-08 02:45:00,692.2520938069772,697.084114980161,687.5540515931673,692.4110917465702,2324.478070801772
2025-03-08 03:00:00,692.4812467439208,703.9089576800386,689.7874438293102,692.4299445316506,9947.357471809626
2025-03-08 03:15:00,688.8174402226756,695.9897360719211,690.5252378434095,695.0356046036959,2527.8812499991895
2025-03-08 03:30:00,678.4874156340971,684.4894414489514,674.7957201996348,681.4579190571393,6922.869150552241
2025-03-08 03:45:00,687.9862989024157,690.0404921273383,683.0869163361521,685.2400772668833,7188.214808748153
2025-03-08 04:00:00,688.2829741503202,696.6522337492873,685.78642250973,696.6533730984055,3766.0331035265135
2025-03-08 04:15:00,709.6404232369028,722.0747520363849,709.8813535146644,711.7697707045546,2204.108215201315
2025-03-08 04:30:00,710.4677135479761,714.5430052562368,707.6648377087059,710.2497909772516,6283.294554759694
2025-03-08 04:45:00,709.626529648994,717.8199840542276,707.5089021916987,711.4110660630978,1312.498027258693
2025-03-08 05:00:00,737.0119989558513,742.3087017108458,732.0056692958048,736.025286116729,6508.315272719911
2025-03-08 05:15:00,704.3917098538477,711.5183921868231,704.6370858837493,704.7637959245337,4088.4328060830403
2025-03-08 05:30:00,706.462290404687,710.627818695723,701.7406373589744,701.7038416837797,4774.918023171905
2025-03-08 05:45:00,691.7190345835761,693.7044076138292,688.0424268487545,689.3353655825274,1487.7309234496663
2025-03-08 06:00:00,699.3672181522094,705.4676330130767,694.5575957137826,697.8395152305063,4579.423463744759
2025-03-08 06:15:00,707.9691646967316,717.9991030592365,708.4734643276421,709.2897488701974,9487.383318761902
2025-03-08 06:30:00,743.3186074821477,749.8449050241927,740.8607767923974,747.8970249408471,4978.82157236421
2025-03-08 06:45:00,735.1685056228237,737.744157557103,730.3216990044971,737.4801277907702,4070.4235906736017
2025-03-08 07:00:00,748.935475050689,753.5395135044816,743.3843481950262,745.5383655951264,4093.526669003706
2025-03-08 07:15:00,760.3546051177532,764.6384617267967,754.2292868181834,762.5161611079716,1540.3081628525815
2025-03-08 07:30:00,737.6330456663353,745.1853467444208,735.2860032409393,742.2153617717757,5765.462025487277
2025-03-08 07:45:00,693.5903631651216,700.4656588546504,690.9453729790978,697.2121849075023,482.2469362876298
2025-03-08 08:00:00,683.454633519767,683.3973379229442,671.6015878416979,680.6869606005196,7971.677260681766
2025-03-08 08:15:00,701.2297205201652,701.5910659162278,694.9375903006826,698.7362154093845,9709.581826629345
2025-03-08 08:30:00,679.5973184233019,690.7175037902088,676.7355848402551,680.7727487407334,5514.108398491052
2025-03-08 08:45:00,660.0432933892117,659.926301095052,651.8561114692266,658.6553610298944,9101.850502543615
2025-03-08 09:00:00,649.7279828120862,660.3889476090936,650.7183760902419,656.2463305106675,931.8339679594137
2025-03-08 09:15:00,645.9076151004583,645.7314964632525,634.0581414754284,639.9888198743487,8673.215966639344
2025-03-08 09:30:00,641.4734413712529,648.8964090975727,636.8083331665096,647.2628183360114,4369.314712524882
2025-03-08 09:45:00,631.7993768076908,636.9438500224304,627.5391377614367,629.007629542531,5058.82244430719
2025-03-08 10:00:00,663.9716335840673,666.9232716170844,653.0808611918949,657.5356598919968,6793.772595048302
2025-03-08 10:15:00,658.0244092514479,662.6933798761567,653.7991668512618,660.9530725852504,4953.411903919208
2025-03-08 10:30:00,672.8605281073231,674.2552934915369,664.72212890347,667.9202771618008,5831.620083081189
2025-03-08 10:45:00,664.3441787723918,664.0426873874171,657.933246555596,658.078016818701,9747.982612739017
2025-03-08 11:00:00,660.0042002098536,659.081000748311,651.6155428931609,658.7659230464442,1937.0044339803344
2025-03-08 11:15:00,647.2651519858218,651.3377988962476,643.4694281886037,644.1786828688804,1093.216549466168
2025-03-08 11:30:00,638.0822099858984,647.0459381693727,635.8335333655534,641.6402660862493,8272.540864713206
2025-03-08 11:45:00,653.9028943831044,654.7010359744239,646.4794749561314,646.9166549513512,6963.436274511309
2025-03-08 12:00:00,662.8068493140711,673.6223491188548,659.1938334178745,668.5714875091192,805.5369150832892
2025-03-08 12:15:00,666.9437801579596,665.8134386696573,656.5253478482892,660.0564768485258,9283.497681656105
2025-03-08 12:30:00,653.6444064607772,663.090490173903,650.2347088003817,650.2988993431151,4599.407067415317
2025-03-08 12:45:00,670.497242542227,672.1738749480348,659.3812529682934,667.9596060997869,6740.360965421361
2025-03-08 13:00:00,681.0991234587051,681.7683129608384,671.0981106474292,681.898784184477,9663.800246129857
2025-03-08 13:15:00,694.8022975144663,697.4969673007835,689.1165794264973,690.2280581028332,8986.726231804889
2025-03-08 13:30:00,679.449174328061,684.6199825415529,671.6504997768769,675.957721623103,9772.451374273141
2025-03-08 13:45:00,682.1413799673292,683.4462786034281,673.5457633097755,677.8421850593701,1132.3429971016965
2025-03-08 14:00:00,666.9575648766291,676.9082209182083,665.0953169856815,675.7647904238148,7959.592375319127
2025-03-08 14:15:00,674.4818609736185,682.2876466871785,668.4133439048777,675.4308041517315,9320.750975719513
2025-03-08 14:30:00,676.7880671582926,678.232856141993,670.8497372404337,678.0326909538757,3249.5002098528903
2025-03-08 14:45:00,668.0653755366473,674.6185777964237,667.0870627703038,669.3861299155875,8826.591297821704
2025-03-08 15:00:00,671.6234527434323,678.8368306856331,668.5771852192458,680.1196608385023,6109.071974311213
2025-03-08 15:15:00,702.061849877059,704.3451485247188,696.6471129009352,705.086269152386,6622.202567650174
2025-03-08 15:30:00,678.746625865848,688.1577271505854,675.9115949127007,680.8741063263967,3791.095076562502
2025-03-08 15:45:00,708.2486037132933,712.8974453844384,700.1010734487727,708.4332396897654,9884.619890287422
2025-03-08 16:00:00,692.9208498536475,698.8357019301346,688.7087298117174,692.1451207235887,2168.8412711100345
2025-03-08 16:15:00,658.0156649304321,664.2290832343633,657.1841507212707,656.5327688632653,7621.559229391348
2025-03-08 16:30:00,632.9914551461632,640.0234877350841,629.0153984793288,638.5400510569077,5980.475413950366
2025-03-08 16:45:00,633.4404266427379,640.21433427425,634.6174150120364,636.8116483105807,9970.2049526949
2025-03-08 17:00:00,619.7874098108563,627.4590808451892,617.3798768116765,624.6113413353115,3750.547132232905
2025-03-08 17:15:00,620.8949609959176,618.6005985303008,611.776293534343,619.1506951637389,2618.2820015222014
2025-03-08 17:30:00,586.7099684402928,589.8092732781936,583.2409497586356,589.2905975652135,654.4241866998428
2025-03-08 17:45:00,578.9868243312015,590.932434874012,577.5266361511059,584.432349199241,345.1488601562779
2025-03-08 18:00:00,588.8943858867199,589.028276629146,580.4714848606524,591.7102390297377,5504.292507431827
2025-03-08 18:15:00,588.6890569382232,590.9508926782293,579.5833846972539,590.2315891683089,8915.548355444222
2025-03-08 18:30:00,578.6288519495278,585.3271234659622,574.4861546770293,583.8945200149184,9299.114824143498
2025-03-08 18:45:00,576.6333189807206,584.6956968683545,578.8403366702655,582.8630832635229,2904.235172735823
2025-03-08 19:00:00,587.3650141768169,595.6717519235173,583.3802249519402,590.9929276597818,8208.030421605203
2025-03-08 19:15:00,587.7720767203931,592.6397957445247,580.0841393096125,584.0001399437401,4180.039686358952
2025-03-08 19:30:00,611.810681658076,613.4904255050914,604.4409926706325,615.2760163129849,4879.14811244857
2025-03-08 19:45:00,630.9465094152062,633.084236848107,623.0385139547416,628.2624600453048,3216.7740439309996
2025-03-08 20:00:00,640.2031232810695,640.5354861785133,630.5867856726323,632.3141501446777,5561.588235512261
2025-03-08 20:15:00,678.5467642156101,680.2587416257473,672.545326246372,680.0466532748175,5042.520505534118
2025-03-08 20:30:00,676.5043768768978,680.5009777948777,669.3667291944233,677.8705327271184,9712.78012908953
2025-03-08 20:45:00,663.4486706533286,666.7494378748576,659.1283348701955,661.6409930245566,3637.472553176659
2025-03-08 21:00:00,683.6760862891567,690.3021867847939,680.0690583931714,685.7437673050676,221.90269436311834
2025-03-08 21:15:00,684.4114303175063,687.3478997345433,676.4356339867087,685.5809300654872,2714.2696432173498
2025-03-08 21:30:00,701.2920390341777,706.615056113504,694.4435095871303,704.1879890669354,9579.93670416725
2025-03-08 21:45:00,684.5205540315678,689.8772640142174,682.2797464799772,684.4553106854357,1957.752665271353
2025-03-08 22:00:00,672.8703277291272,675.7213137689143,668.1772708746623,666.3565947020675,3240.4695321439417
2025-03-08 22:15:00,661.2518151666123,668.3001506528797,661.5490789343633,663.0560995541481,9324.053135988264
2025-03-08 22:30:00,663.6328758792977,675.5443581583818,660.3788877984307,672.5366475322514,4880.949227693236
2025-03-08 22:45:00,657.5131315629402,664.5175289079006,659.4243004415481,661.3022988944848,9064.806414880351
2025-03-08 23:00:00,660.1407912265673,663.3374251038871,652.0453094667591,657.2496886734248,8896.511634003136
2025-03-08 23:15:00,663.0641207536752,668.9241023412438,653.7126298630521,659.4138058648474,1155.2421776250824
2025-03-08 23:30:00,658.2136267209502,664.3374298630673,654.7278603528919,661.1890960931396,7172.051394569881
2025-03-08 23:45:00,660.3864247772854,662.4621178912065,655.7852460011985,663.6735657361967,9743.046410082532
2025-03-09 00:00:00,646.5377439724326,654.6008965073859,644.325611660182,648.7939813869007,1591.6843132810682
2025-03-09 00:15:00,646.7312606804402,653.1289124735246,645.6888462605407,649.31099968292,4738.583968218601
2025-03-09 00:30:00,605.4768555908691,611.1346864370865,602.7593078200433,605.7137812779999,969.1414431065821
2025-03-09 00:45:00,623.5931379067779,624.1609973247976,618.0600296169788,621.9373531360185,5924.55679452521
2025-03-09 01:00:00,616.1245092637331,616.6771366828477,604.1875561433716,614.5276795919061,2748.945271270479
2025-03-09 01:15:00,615.6669719317366,619.856374826942,612.6294317053239,619.97588831192,1267.8994974110717
2025-03-09 01:30:00,625.3765610345341,635.0593912997925,621.0250080473874,625.5607705920355,2638.2856399997613
2025-03-09 01:45:00,633.6946678707917,635.0442303142306,628.4252545514684,630.131025322733,9375.110518387713
2025-03-09 02:00:00,625.8836549696301,635.4814182934557,623.4650642350363,625.8183676467669,6858.965807268798
2025-03-09 02:15:00,624.8301643246226,632.9849105759532,619.3912090825416,624.8065227449895,5334.2276464016895
2025-03-09 02:30:00,616.5605040424248,622.0298628206647,610.8707946499989,618.6452660482928,9259.783292015154
2025-03-09 02:45:00,621.6523142915227,626.9656023544326,616.5853006046949,615.7004155970936,8382.393672326769
2025-03-09 03:00:00,609.477210395199,613.7675024203506,603.5746030177456,614.8229981189451,9535.012719093329
2025-03-09 03:15:00,589.7316562872273,597.5872912471461,586.3555404883836,588.3467925433736,2676.464932104736
2025-03-09 03:30:00,556.9584503787174,563.2794411865144,555.2946025283061,558.2537610861258,7244.0052431938775
2025-03-09 03:45:00,549.2829909341121,555.5146560693258,547.7878652783183,549.0192350586794,765.5067385195267
2025-03-09 04:00:00,546.0586818252492,549.1198731741082,541.0260655789081,550.4365119141193,7422.26143965458
2025-03-09 04:15:00,553.9390033785368,554.3265352118522,548.739480728446,556.1670411994696,4713.91793236186
2025-03-09 04:30:00,545.9659849072646,550.1894270396494,539.1054100221554,542.1273506030722,697.0607906278623
2025-03-09 04:45:00,516.8461138054337,525.734477059671,515.8869234031929,517.4602448749063,7591.060577222027
2025-03-09 05:00:00,527.6938471277108,535.7257148417688,524.1159686119596,528.0233162331346,699.6952211622144
2025-03-09 05:15:00,523.4144222163568,533.4203160464766,522.9917383304387,523.959169096052,3980.1582686234915
2025-03-09 05:30:00,513.2242877283555,521.835749192627,508.7797600392866,516.948537615463,3821.5091278398404
2025-03-09 05:45:00,528.4391691236984,531.8448418691919,520.4211323168385,524.5282850396038,5703.1542592891765
2025-03-09 06:00:00,512.35290047878,519.406176171035,512.3142146176799,512.7451268121829,4774.100972825828
2025-03-09 06:15:00,533.4953528943515,537.6189919674941,529.8359371138417,536.8745733304289,8441.72563086445
2025-03-09 06:30:00,508.94251156629434,513.8397439008498,505.6707605648034,505.8441054420135,2076.631553321481
2025-03-09 06:45:00,497.6132300012288,506.66692259215375,494.4640856538889,497.5176095941982,1536.7108770989582
2025-03-09 07:00:00,483.68030991171975,493.8740538547322,481.6135818027477,488.1860440814225,999.1278600777954
2025-03-09 07:15:00,481.7179459033879,481.8392307407439,470.9967701711108,475.71086212155086,2688.4319781266345
2025-03-09 07:30:00,479.78798237848133,482.1042750046849,474.67964906723137,473.006683566979,1774.8422257047414
2025-03-09 07:45:00,495.8046494705287,499.0438071679648,489.02585158043615,496.50642944608416,8194.273523561551
2025-03-09 08:00:00,485.9579559816366,487.79111630363394,477.5975324639273,478.3505120151792,9518.744195050935
2025-03-09 08:15:00,488.78984693427714,490.41103579401766,483.15561738768145,483.5117852743619,5941.665594899205
2025-03-09 08:30:00,506.21574144476193,512.4449995754505,497.7538606846867,501.04281726607024,1357.6704985056224
2025-03-09 08:45:00,484.08341510253797,495.476181107791,484.27878017236907,492.7200040951941,3316.7250098720006
2025-03-09 09:00:00,471.7677723950639,478.0431312565913,472.1415655999854,475.64573340412835,5268.382050309717
2025-03-09 09:15:00,466.3998249686468,464.50308626597405,454.92417026700383,457.91543808301304,1307.5802175333963
2025-03-09 09:30:00,460.9466025783685,462.15506563403056,451.8550163878373,462.0818892015919,906.0409120450717
2025-03-09 09:45:00,478.6425511716598,490.30531199193274,478.8376070820684,477.86622930625606,2398.913955857955
2025-03-09 10:00:00,477.627095356437,487.1749741274073,476.09434250318174,477.86465371507114,7767.589528855166
2025-03-09 10:15:00,516.4392720669778,518.9892072739563,503.611722861366,509.3744870265954,6947.268748197582
2025-03-09 10:30:00,519.4069566469146,518.0118359541876,509.08856528367073,517.4768503978624,3249.4890749682277
2025-03-09 10:45:00,534.5237186549052,539.3049158327013,531.3778082087914,535.4330982479328,8928.92318642908
2025-03-09 11:00:00,508.49084648121755,508.6319597092118,502.6941365617417,508.40542487900075,2950.376561750727
2025-03-09 11:15:00,538.7279119648779,537.7189476689969,528.5877785141091,531.1547345198348,5748.340934628718
2025-03-09 11:30:00,530.3021885593129,539.2955395605397,525.0183840319675,528.5123434818273,3903.709681283072
2025-03-09 11:45:00,537.3459433707513,537.2959783855229,530.7488650424749,532.400060068274,4745.835605278
2025-03-09 12:00:00,532.118330373309,536.9407759147771,530.063872022334,537.0120288747707,3540.1476290323226
2025-03-09 12:15:00,541.1796263419433,543.0546318112783,532.1644460784815,538.0803229576148,3554.347256104805
2025-03-09 12:30:00,549.7772471148476,550.3026025322762,540.3678683414867,549.0425928712506,149.96359904589758
2025-03-09 12:45:00,555.3863839685865,555.8255057056069,544.2185168148519,547.5097754210566,8530.024037686177
2025-03-09 13:00:00,567.3298758584597,575.66816143287,562.0627741603757,569.1215090992321,8716.57469711837
2025-03-09 13:15:00,573.7114129642514,583.7557569670558,571.2673223288394,576.9354876384691,8729.725350851371
2025-03-09 13:30:00,576.7233894469243,575.275939875431,569.6020202215379,574.2999999333264,6069.375385477408
2025-03-09 13:45:00,596.3574904236835,600.7256439401517,588.5492172985341,591.7592575957824,4258.339804114355
2025-03-09 14:00:00,586.0329704143737,596.8203561629803,584.421310759716,589.6225625391316,4185.983941497856
2025-03-09 14:15:00,597.7040571885578,603.5983524019763,594.7977891089557,600.5007121028484,1030.8218654233146
2025-03-09 14:30:00,601.1992177741179,604.615177498602,595.1523953139202,600.7125502411715,4490.4863613194175
2025-03-09 14:45:00,598.4185074776752,600.2275807276527,592.7601367331945,599.4879335565067,6111.829305570866
2025-03-09 15:00:00,564.1946607013306,569.1498124900826,556.9857937275646,564.3701610989405,3735.713248645823
2025-03-09 15:15:00,567.1186731885975,568.6679549342302,560.8333830570831,560.7576463519275,413.31352374164135
2025-03-09 15:30:00,575.9356037445705,583.3592104331387,571.8706873326183,573.9418668153264,7448.631398305118
2025-03-09 15:45:00,564.6738449569727,572.4939281266901,567.458132837228,574.4629287814739,4106.409542662929
2025-03-09 16:00:00,551.7901843524061,556.9781950379852,544.8552650944351,555.7269130304526,443.98441239060196
2025-03-09 16:15:00,569.619636396757,569.2243475935561,559.747368738319,561.8746050795493,8499.96732502498
2025-03-09 16:30:00,565.5512891296714,568.2882244181229,562.0443664613537,565.7877540271527,2277.7448395320203
2025-03-09 16:45:00,593.6321957399743,595.546602070912,585.570785343189,593.2811105578369,4699.2469458923415
2025-03-09 17:00:00,624.4312406405465,629.0821973023603,621.7287002821835,631.2038402963944,4262.8251210760955
2025-03-09 17:15:00,628.9357501152942,629.5617037225117,622.4496478116986,625.3188134945734,9979.387390820631
2025-03-09 17:30:00,628.171019268495,625.4670043792823,616.3312753809123,622.4363874643813,7804.875800342517
2025-03-09 17:45:00,631.9524662180925,638.3386209629444,626.722358783573,635.4478303384282,4838.016160766082
2025-03-09 18:00:00,631.0502015603594,637.5433963057923,625.5388744907394,633.1955448883728,4314.245095283757
2025-03-09 18:15:00,644.2506007756037,651.4399519623615,638.6545391202579,645.8622212358155,9017.71587989133
2025-03-09 18:30:00,652.4011706447902,656.6180907177367,650.6813187992485,655.0359369443192,9161.991781143013
2025-03-09 18:45:00,654.508975330157,661.6217469036472,654.9182903506432,654.516195705045,1433.9285984510516
2025-03-09 19:00:00,652.5640110495785,661.5373459815823,651.7839990223855,655.4946701029222,4483.248487109805
2025-03-09 19:15:00,672.1841238212226,678.8811629054313,674.6265369232073,673.4108246559209,258.3933369106701
2025-03-09 19:30:00,698.3983246747301,703.932646127801,695.056417710645,698.714359634911,7452.6412078189815
2025-03-09 19:45:00,699.4880465653122,709.7413165460306,700.4190693666295,704.7618355480056,3612.814972589855
2025-03-09 20:00:00,702.6967152944769,703.5787052071964,693.1747119466378,702.8662821979151,3814.881966316175
2025-03-09 20:15:00,691.5088494382394,694.444331005271,678.8393109296454,683.2664418488314,2217.1820416530386
2025-03-09 20:30:00,670.055418030297,676.9610144912284,671.2864045953459,669.9102354113629,5595.84942417188
2025-03-09 20:45:00,695.7610599895817,703.4886117491886,694.9951796562469,697.7362483513965,8448.970865465983
2025-03-09 21:00:00,687.07853916247,694.0558216132414,688.4550791116106,693.5202077020313,7983.069260444681
2025-03-09 21:15:00,692.982835093992,696.9994119036808,689.9033537896048,696.1027508131311,8561.89859978767
2025-03-09 21:30:00,680.6790361292531,691.6698374103912,681.832140800636,687.159706117535,5556.7672448220965
2025-03-09 21:45:00,672.0089811960412,682.5557006874286,673.0058607047131,675.2765818454928,8379.117276269591
2025-03-09 22:00:00,704.565001099454,704.6811939567009,695.0779720738153,703.63308394297,4631.413069530565
2025-03-09 22:15:00,698.2358287594751,703.8257262521088,697.467610332697,699.5355600461203,9236.588081195176
2025-03-09 22:30:00,695.5764857154794,696.9366028940834,684.5541473115806,687.5934756383701,1012.6143735095067
2025-03-09 22:45:00,676.7641761214104,683.2797595203461,673.4076680257365,677.1442270471597,8378.335733491182
2025-03-09 23:00:00,690.0953716302618,692.1660587141344,686.1604550625516,690.5827315723341,4899.0557359443665
2025-03-09 23:15:00,657.6632113761408,659.6226650686403,649.5364405218777,652.7348716684027,9029.765293040813
2025-03-09 23:30:00,642.8140376121622,650.4080426298233,640.1921175544654,643.6914084812244,7463.890234633483
2025-03-09 23:45:00,622.5017828176223,623.6800317016646,615.9309561375009,623.2643116050554,8637.050886748277
2025-03-10 00:00:00,611.1173734525104,616.7017560641142,601.9345619940871,604.644760254542,6907.8688659145555
2025-03-10 00:15:00,607.548649847327,608.3655925253264,600.1696951216808,607.0035761555717,9092.12520420068
2025-03-10 00:30:00,610.6457546996357,617.2133837644778,612.4621417547196,618.4307207365987,2119.6293531452548
2025-03-10 00:45:00,624.856785826693,629.7494325467785,621.8008459275101,629.0787284553511,7334.540339653738
2025-03-10 01:00:00,650.7839604950581,658.0194973855772,648.4346455734674,652.6762161817865,6117.290163603418
2025-03-10 01:15:00,658.740610073177,666.4390930222922,660.039263759212,665.831320876836,4880.2939365032
2025-03-10 01:30:00,628.4111093155938,627.9902881303834,619.7044639748568,624.9724932900364,9243.079547912745
2025-03-10 01:45:00,636.4984616198822,641.0734046417648,632.1989356518425,637.4923961294859,3520.295965565235
2025-03-10 02:00:00,643.7962689933214,646.5383513530311,639.0266555626342,644.4198689935005,4573.298687893805
2025-03-10 02:15:00,648.1300142326184,650.3596136509468,637.0422345328067,640.1390965197727,5867.760559090612
2025-03-10 02:30:00,645.0739654856657,649.0182157784524,638.4787462503193,644.1143905507769,4517.91000121606
2025-03-10 02:45:00,649.3392814793733,650.1848056827637,642.8512615721592,642.9645382520432,691.2767927971327
2025-03-10 03:00:00,664.0313044854661,663.6187688759319,652.4227280819424,658.849011763105,6046.192946754572
2025-03-10 03:15:00,670.759534600244,675.029741306299,661.8163978938129,663.751693859271,7009.30588230516
2025-03-10 03:30:00,688.4264044947003,692.6931230184086,686.0997361199494,687.7668446750569,2095.1456023955625
2025-03-10 03:45:00,701.278307267998,705.5154630034846,691.7487531920331,698.7036326732831,3666.3819527204
2025-03-10 04:00:00,715.6155676635397,717.8549424021177,705.395969602842,708.7807422047041,2941.458796317467
2025-03-10 04:15:00,705.3665786004381,714.6908751522901,705.8935337442048,706.6980931903339,197.8579083413561
2025-03-10 04:30:00,713.0064331879918,715.2831248887416,707.7207800610046,708.5817463518162,6563.9789839882715
2025-03-10 04:45:00,694.1005089371861,702.6540314025223,692.443101167948,692.8636447750905,1233.8412487608334
2025-03-10 05:00:00,690.3281148186268,696.9896452535899,685.558890484918,692.3034730245143,4257.427554238374
2025-03-10 05:15:00,678.3367603666869,684.5812037643401,676.9455940730597,682.0248277859527,4983.94238418298
2025-03-10 05:30:00,649.0895747836756,656.9126922835763,645.8040467765841,648.4619769470868,2216.7359355750923
2025-03-10 05:45:00,621.7650722011822,630.6058577520085,617.7908582440741,621.4333681756862,4221.558752942966
2025-03-10 06:00:00,629.0888503045696,636.5088896200277,626.8151401243796,629.2730726752123,4928.329459229327
2025-03-10 06:15:00,627.1468326598033,631.8055683834709,623.3287402785623,629.2472181746139,2188.369393489419
2025-03-10 06:30:00,620.0497201320452,618.1181781207466,608.1762709075037,615.4087014898364,6620.592464033243
2025-03-10 06:45:00,605.9965872026204,608.5180290562819,596.2110537468494,597.7914485175996,6423.322830387453
2025-03-10 07:00:00,593.5988218066765,598.4116589147626,588.6580375063097,596.7152196983038,7727.729469782381
2025-03-10 07:15:00,572.5954494242549,580.1398538148069,572.2972234131161,572.9574638389674,1216.395317061357
2025-03-10 07:30:00,556.8716180379093,556.7796441220578,551.4929209537733,551.0374157049405,2920.2289858108197
2025-03-10 07:45:00,546.5920228024901,555.0647403609761,544.068309847664,546.0748607658777,4950.0469788983255
2025-03-10 08:00:00,510.2211185422462,517.792473495928,510.03133484933375,512.4230287354289,4416.076441410929
2025-03-10 08:15:00,501.6819363583572,511.21653945083386,503.54094146933556,504.0546366709583,2003.1377694235778
2025-03-10 08:30:00,470.0102938500648,473.9725332359528,463.87304943305634,469.4615316069156,7409.853771253276
2025-03-10 08:45:00,462.76554602962744,471.04049360177396,461.8758665381253,470.53201816091826,8191.848305019624
2025-03-10 09:00:00,462.20965815901803,463.12617355650525,456.07568917072473,454.5880108900398,3869.473061638653
2025-03-10 09:15:00,455.8665025372592,458.7709444635563,444.61572018092767,451.2848810999124,3433.838842664203
2025-03-10 09:30:00,434.1876668722037,440.75955891042037,428.5985060675307,436.0563102067444,2377.5303658553016
2025-03-10 09:45:00,430.93218218649116,434.67673054488716,423.2184813334778,425.7713672131098,2092.135945950598
2025-03-10 10:00:00,407.72421962037737,411.8537200687244,403.8889204435195,406.8016161775479,7221.733489051122
2025-03-10 10:15:00,393.20065627522166,403.88376350326655,394.9386159429551,399.5402503823899,8740.14290907907
2025-03-10 10:30:00,396.8946647461258,398.9066874461957,394.39095917574656,397.2083597781213,8365.596715423588
2025-03-10 10:45:00,390.9869728577199,392.59670362883423,379.6649283517214,386.4095665579371,923.0520311559311
2025-03-10 11:00:00,371.18377492478976,378.3887980058354,369.29071926461046,375.98833974317216,7780.687148455285
2025-03-10 11:15:00,388.3712147410964,388.3387205712374,380.2447635062973,386.7913257500379,9853.409869570267
2025-03-10 11:30:00,376.358271727729,378.7024150854677,368.6876446736456,380.99761943055114,7078.831979228003
2025-03-10 11:45:00,344.4036978935032,351.8962364200196,343.07219152312877,347.698495680863,8983.116377000306
2025-03-10 12:00:00,337.17094275077847,344.88933204123316,334.1515188712967,339.45105736310256,4509.195338018933
2025-03-10 12:15:00,335.94938749025863,342.6228817844294,335.04973739792206,338.2468388913887,9750.447640721039
2025-03-10 12:30:00,333.6035263364957,341.0532482843477,329.01236070256334,332.65595061374466,984.4380970087738
2025-03-10 12:45:00,334.15615553854013,336.54388461785857,329.69222360453875,334.3304825330738,2469.6383029150093
2025-03-10 13:00:00,347.45045069870037,355.44169212412834,344.4700671015406,346.2316568262846,7259.167116298721
2025-03-10 13:15:00,342.37185305610177,350.72949975259485,337.3934659484515,343.3354245004676,4446.158246234257
2025-03-10 13:30:00,364.5803095241785,368.60630736560654,357.6462787536149,361.1549805822498,4163.868028049194
2025-03-10 13:45:00,366.75071638042135,375.73944719176984,368.02248354167597,367.3213313339999,5110.87818351306
2025-03-10 14:00:00,359.4201480546933,363.7145273079794,358.2138581301401,361.7127947388411,2362.502807086321
2025-03-10 14:15:00,373.2265288474504,372.33005540891116,363.3517088094304,365.20241700099643,3060.6420546134227
2025-03-10 14:30:00,394.1946528278461,399.45057644382314,384.80809130605263,395.61964358378106,3083.1253967932334
2025-03-10 14:45:00,397.00527947784474,397.8044322557051,390.2494501588422,390.5727092355321,1102.1048526511709
2025-03-10 15:00:00,406.3047045351623,409.7357844956367,394.69509676486103,403.9464145767705,1285.9142971365313
2025-03-10 15:15:00,388.4906667257296,394.99908521404507,384.68864524530443,388.3734688701327,4770.078102623325
2025-03-10 15:30:00,363.9165750807855,371.69420476336825,364.6625369803973,368.0149015165921,1052.2730079625271
2025-03-10 15:45:00,360.986113175332,365.3800600652469,351.87493460014514,356.8475835435905,5846.938980528782
2025-03-10 16:00:00,349.43363538765374,357.48563108523376,346.34565250852114,347.48734520538727,8024.117772533594
2025-03-10 16:15:00,345.1689908652694,353.78271957679664,340.7246953489561,344.86887282278565,4245.720195529179
2025-03-10 16:30:00,349.01707365164907,347.1780888362226,341.2879039952289,341.22062265470674,6273.442482858469
2025-03-10 16:45:00,345.9314039399867,349.65522206665065,338.34456240538816,341.29659533897353,8161.918290209927
2025-03-10 17:00:00,360.8114421085613,368.36521630319896,358.39802467536094,358.7714087842611,7338.9002186916405
2025-03-10 17:15:00,344.4787926967919,347.78271457739845,333.3389773799407,340.55773390045465,5553.270050830289
2025-03-10 17:30:00,318.14697694684577,322.61294758533893,313.6127560910907,319.969700625611,2851.499772863339
2025-03-10 17:45:00,321.63108401755255,330.19362148913655,317.06875189345243,324.4540296911748,2246.273062023233
2025-03-10 18:00:00,334.0470980665714,336.8603307682221,331.01487388016346,334.15254408963455,8354.113027461935
2025-03-10 18:15:00,311.5218684090918,316.8372294111951,306.2739811127544,315.3938517589574,3050.90949944028
2025-03-10 18:30:00,305.24842726635455,306.25424044599623,294.90221629022557,301.3392975254273,2082.224964368088
2025-03-10 18:45:00,320.7228865560216,329.81239989630194,318.9248111696204,327.3524672015327,3043.5906010466415
2025-03-10 19:00:00,309.7935764970358,314.13465053435016,302.40000708693503,312.59556425946664,7395.948842601535
2025-03-10 19:15:00,303.8249405644714,306.1249535919579,298.3690616933129,308.6674435818843,6825.235247555963
2025-03-10 19:30:00,295.30304327438307,299.8811216200913,287.436323683066,290.0702407200248,3046.6998512919326
2025-03-10 19:45:00,302.617167635706,311.04801144910016,297.91680690039755,304.3602923796655,1843.8715124435494
2025-03-10 20:00:00,321.226011023541,329.0606812497145,320.72450034482046,324.82595815362345,4309.201051152176
2025-03-10 20:15:00,335.10236387436686,343.59646172974396,337.0797151568296,342.01073956181926,7806.552628144318
2025-03-10 20:30:00,335.4206264129316,339.5839381187285,326.80593188287406,337.22845462895833,8170.874043083083
2025-03-10 20:45:00,319.1607829894797,324.01184737417503,314.37343628797294,318.0438741738254,7016.311127166973
2025-03-10 21:00:00,333.79027454951733,341.2360397549639,331.3340648651283,337.37033822236054,5283.25682789658
2025-03-10 21:15:00,332.43891338562304,330.7312090717779,323.1352493439406,328.4331151905292,3602.993113385194
2025-03-10 21:30:00,336.3092479499884,347.93568175025143,334.73954901564167,342.05085735609464,1916.0174109911957
2025-03-10 21:45:00,356.0745716901896,357.3213612872956,350.33219609032017,351.81296855125834,5344.622933553159
2025-03-10 22:00:00,323.3094229196039,329.7759884824872,318.6590338624823,321.1785524952611,7872.729690745036
2025-03-10 22:15:00,342.9067978854306,343.4903962834922,335.0569050896745,337.88250518248736,5881.756015557416
2025-03-10 22:30:00,349.99379548556715,357.28824782625554,349.87901323169604,356.1571499594987,310.12778028228126
2025-03-10 22:45:00,341.80413018420484,349.42475964022293,338.0475215177997,344.6431773367963,1779.0388536476019
2025-03-10 23:00:00,340.7906062661577,340.274857026455,329.37966655845355,335.6494508684291,1830.8279880844298
2025-03-10 23:15:00,326.4888865327017,330.83411364440707,318.9187830162882,323.17139365757566,7474.954715045701
2025-03-10 23:30:00,334.95940473180036,343.7394984547361,333.05599290376745,337.12036758240527,8180.108742986067
2025-03-10 23:45:00,336.1592443420052,347.18562884088436,337.9479209248789,343.3523540516586,862.0741422641368
2025-03-11 00:00:00,341.6296532410818,348.53474848636006,338.6062021810183,342.3057178399969,7757.347218107741
2025-03-11 00:15:00,355.66060177958605,362.69665588660814,349.99683104582084,353.3014958142948,4330.0800671831275
2025-03-11 00:30:00,367.7226652907773,372.6988752402521,363.62336986853546,367.9141409063996,8624.928299869689
2025-03-11 00:45:00,356.97351289459203,360.2174114753645,346.6995385636363,349.9380098879829,1537.4586356248162
2025-03-11 01:00:00,391.44991981805293,392.800798065884,381.7948458331389,384.569480942732,3856.5746732334674
2025-03-11 01:15:00,373.09665224170044,377.5692675362497,366.62902813842925,370.4374725628336,298.42473271028086
2025-03-11 01:30:00,370.22463276709675,379.86890611128655,370.67718823415584,372.6996671946419,5692.36351624933
2025-03-11 01:45:00,382.53662906646287,382.86815717281723,372.19947875823465,376.5415506205848,8173.612790222542
2025-03-11 02:00:00,378.8513081009363,387.8178575320743,377.8771752124012,379.8906447634707,8739.890321982457
2025-03-11 02:15:00,406.2872021232704,408.8246729141551,402.4098875848242,409.0534196224413,2382.172145988347
2025-03-11 02:30:00,403.46306160394613,413.6831960867873,403.7235075285361,405.47496275523764,6210.444017680535
2025-03-11 02:45:00,437.45251311816145,441.2062965976314,434.4939253798336,434.7127484270149,9643.353449061966
2025-03-11 03:00:00,425.2825938695445,426.10994245792926,418.67388975332597,419.20359648063555,3738.836478342349
2025-03-11 03:15:00,411.00056595726767,418.46672312120427,409.4089150381868,416.820555206596,7848.007092710627
2025-03-11 03:30:00,426.16415469989965,434.00564951290363,426.7015752174446,430.7641726355119,3850.9391505786457
2025-03-11 03:45:00,424.9150336896343,425.90760820444683,415.81823380659824,415.388775625897,345.7612390949794
2025-03-11 04:00:00,414.4109806533283,419.46698479050383,409.1461604036964,419.97587035171927,8551.553484201184
2025-03-11 04:15:00,412.54063121544806,421.1605418009648,409.4113997545092,412.99968039445145,1309.6867928744573
2025-03-11 04:30:00,399.44737555505526,405.52750712892333,396.4952368745822,399.63795790610834,5261.985521970747
2025-03-11 04:45:00,407.93027452989367,410.33482295232096,402.78934549270093,407.16350061099865,6260.894033303402
2025-03-11 05:00:00,395.02104811889706,393.4368593491405,385.0457525017187,395.1885745124737,4853.117307617476
2025-03-11 05:15:00,383.7212387017488,395.30873438718714,380.8009599405874,384.0915429978252,7876.204758369867
2025-03-11 05:30:00,372.8505111753475,376.05222884517644,368.7195528769333,373.5253502166038,689.9562546729456
2025-03-11 05:45:00,371.80400391500166,373.8753848123471,363.95778004642364,369.5331439244806,5540.998932774783
2025-03-11 06:00:00,353.09122772521124,359.05563714144876,348.44840930852314,350.50204434234547,2358.388263958266
2025-03-11 06:15:00,369.69515495166667,377.1902173333715,370.56559782448653,369.70587520671813,4301.916718390103
2025-03-11 06:30:00,396.7566283010817,403.124082687827,392.0436981769743,397.79812222622286,6589.1237182507
2025-03-11 06:45:00,378.25415811820386,384.02885667568387,373.7347116849718,384.4964691672823,6586.659174793397
2025-03-11 07:00:00,388.1469290140005,394.7334470330502,387.0715566845321,391.6025644558864,6752.0043255859455
2025-03-11 07:15:00,409.2741208238448,415.97969581610005,409.23053100799007,413.81981886121787,4771.875483482785
2025-03-11 07:30:00,371.37016676586296,379.68177428151296,367.9306388648372,378.5657566101408,4794.168199608198
2025-03-11 07:45:00,371.98774947426745,377.7562118531875,368.4549307648754,374.43674316060964,5991.95793967069
2025-03-11 08:00:00,353.85967486831356,359.59893765002397,354.1878583125341,356.05784554686375,4167.4959570479605
2025-03-11 08:15:00,397.22878143509314,397.9185886795717,387.77239241190176,397.9505528999675,845.9593800428855
2025-03-11 08:30:00,395.56974296916076,406.6467199883453,394.01933012955203,400.6279643222743,8183.834327458247
2025-03-11 08:45:00,376.9819438888392,380.783630926087,374.57442870835985,376.72229609778793,2379.5689932901214
2025-03-11 09:00:00,351.469414313224,358.17482111961266,351.87271582582565,350.51090340049666,9301.30339565657
2025-03-11 09:15:00,350.12198632563616,360.76305779520493,349.13163749842965,351.5342146131344,9631.771571190551
2025-03-11 09:30:00,370.83167718757244,376.1151767399271,369.0591189887649,367.8072152044617,6884.577867316967
2025-03-11 09:45:00,402.5248768308305,406.0981193066731,395.3320654462884,399.9159439972923,6047.482591628837
2025-03-11 10:00:00,393.7329803904672,397.30565710625945,386.3192591587948,391.9682012577019,4976.2723839072705
2025-03-11 10:15:00,355.6981219620799,363.33325552912754,348.96727188314475,357.6551918968009,6477.4316962041985
2025-03-11 10:30:00,365.9688290824372,373.9348368771445,361.52553043990406,364.9894344812244,2268.6309863096035
2025-03-11 10:45:00,354.3016425773699,357.01775327456244,347.01153510894915,347.72965310237305,8044.951839786221
2025-03-11 11:00:00,341.46103361877425,341.7449535023228,332.47781692286105,339.45925278946453,2216.6553668008064
2025-03-11 11:15:00,355.9728918244042,356.2946340078943,346.39515699446537,355.5972157883516,4645.227327691523
2025-03-11 11:30:00,332.56159800676664,333.3875254591118,321.12827731442667,325.4399877153029,6170.408587063591
2025-03-11 11:45:00,322.00703153068156,325.5717946777547,314.93697696600736,320.5754066404744,5390.997856224914
2025-03-11 12:00:00,331.2650367740344,341.690885883095,329.2032383180102,329.40446182015216,9231.441570793351
2025-03-11 12:15:00,313.11482612643886,322.45890929714665,311.97269167216353,317.10111336009555,3260.080048824997
2025-03-11 12:30:00,309.26892133850475,318.35017313526237,306.3749736051236,311.62176641839346,658.0270868341761
2025-03-11 12:45:00,294.9438894417639,304.9514770025881,290.29866140235083,300.7566883586077,8625.894622183388
2025-03-11 13:00:00,283.5782490116392,284.4275112023276,271.48693353641903,283.8378680065843,1188.035943400514
2025-03-11 13:15:00,262.96559584284955,267.61327241997213,255.5684373666353,264.09277047659856,9746.26716822885
2025-03-11 13:30:00,277.2033574291644,279.43862278570873,268.1072276906149,267.7059209844952,8665.08608495484
2025-03-11 13:45:00,294.60048622609753,302.8926139998289,288.3347103038293,300.2028804153599,8237.56201030084
2025-03-11 14:00:00,315.97917103589344,321.20954621423544,312.7471434444143,311.66857424982135,7855.142486990975
2025-03-11 14:15:00,310.52900885116946,314.0897844599275,306.2040081298231,314.54403986885166,1286.673164540382
2025-03-11 14:30:00,311.53202098890466,323.3181261744576,309.28798433147807,311.9297509385414,8770.393211800574
2025-03-11 14:45:00,331.33382375592265,331.642235569877,319.9231293725888,324.37400297058014,9179.715009770924
2025-03-11 15:00:00,321.8327839737123,329.72855522118203,318.9827757797691,323.9847990522841,6309.223600321252
2025-03-11 15:15:00,340.28429271571554,351.7339070256394,338.60837973864994,349.08489894360247,5486.467344164139
2025-03-11 15:30:00,368.9670043196557,370.25317094454954,358.5790224144816,365.89093541035805,9960.71224572621
2025-03-11 15:45:00,360.7407237914283,363.28676018224525,350.09992007150953,361.6565866266073,3751.6367139361705
2025-03-11 16:00:00,370.10368878262165,373.7840316177729,360.2430870517639,372.7835303294231,4288.76017198838
2025-03-11 16:15:00,391.234644967979,398.99562785992345,391.60323712353596,396.7710176994143,7514.366025311908
2025-03-11 16:30:00,402.9544863895994,414.335871941195,404.8685034645586,407.6945863586011,2524.5423667749997
2025-03-11 16:45:00,403.02778811637893,409.1200462628939,396.26353144644906,404.62864203424533,6499.371872896557
2025-03-11 17:00:00,389.3780660337012,391.68280198544517,385.3406492424809,390.77974507539403,8614.900590723808
2025-03-11 17:15:00,374.8070110210677,378.24295527802855,368.724977023988,372.88506149305005,1182.1969060463928
2025-03-11 17:30:00,374.9714980895825,385.311348162559,370.1615278050836,382.66283520030936,2503.957557804987
2025-03-11 17:45:00,366.43916132055915,372.14336754124747,357.488578630341,366.550674712051,9749.200469755175
2025-03-11 18:00:00,354.6687866359292,363.01733081536844,356.1441046686818,360.1915497670832,1774.983193919177
2025-03-11 18:15:00,341.7241967886526,346.672808830775,334.69103635719534,340.96458430090405,7698.128716950993
2025-03-11 18:30:00,337.98305703988956,345.98353450940016,331.282596151164,343.2210476514066,8995.20998019808
2025-03-11 18:45:00,348.02389198814546,349.5656083240475,336.93995608498506,344.69851276420377,9259.4004848877
2025-03-11 19:00:00,329.8438028861878,331.45345347374814,323.51741120598325,328.5305242458497,6065.439825458996
2025-03-11 19:15:00,335.59632761820404,340.5025336427748,334.2313143466451,334.91784683171255,790.8330308885
2025-03-11 19:30:00,336.4754373959588,344.19722883762955,333.03608604974534,333.04556116662246,2458.4367086881675
2025-03-11 19:45:00,354.4533625362747,356.78958408323126,345.84709395609843,352.3724837107307,4674.293050086108
2025-03-11 20:00:00,344.5852086867822,347.75019664878556,333.91087481597526,337.94650352017703,3947.562202303918
2025-03-11 20:15:00,327.3396579944413,331.95658065625645,319.84009950023477,323.4860915584617,8584.429900516257
2025-03-11 20:30:00,345.2718277721573,351.4030950273577,342.4440814511447,341.7144002961238,5871.238403030547
2025-03-11 20:45:00,349.20620395751524,352.82282151186917,342.25556224960565,344.51242550349167,6173.2511433515265
2025-03-11 21:00:00,356.10949129008947,368.4076343973598,355.2515312211694,358.2373877140932,1397.0703435174921
2025-03-11 21:15:00,394.7057320344859,402.79547971592467,389.2025843335917,397.53460046490994,6085.999424165401
2025-03-11 21:30:00,402.558665675484,405.64401288887484,394.2595184751904,397.1434031958171,7416.750199621211
2025-03-11 21:45:00,395.0081009960951,399.8532076140238,390.21086954602674,393.14712977039295,7862.378782165649
2025-03-11 22:00:00,392.1721542202311,397.8566346241929,385.16377854725994,387.17870669013666,8383.260596499762
2025-03-11 22:15:00,392.42729145968116,397.3316353665604,384.8877177813396,389.0445382351863,6081.283245265013
2025-03-11 22:30:00,416.5562623307334,425.20025949361127,415.30198711144436,421.5236915746546,3971.043805504888
2025-03-11 22:45:00,431.28957160392054,432.3011818105491,422.0449417187749,426.8020984910182,3301.7051662066297
2025-03-11 23:00:00,451.6428853403255,452.0377587750278,444.7109480718708,452.8880888236515,1897.5714838603637
2025-03-11 23:15:00,471.90392248515843,482.24809930832856,466.8331697899974,476.9430630234507,442.9917962084511
2025-03-11 23:30:00,475.6797923196537,483.69539805786155,471.2130436320721,478.14974033290093,672.2622252787536
2025-03-11 23:45:00,491.51233919880167,492.35079574885776,484.62898210939983,485.5288930346007,5530.22785699786
2025-03-12 00:00:00,518.070924170207,521.2360131145408,512.4452073503153,513.9217377587772,6692.934610936878
2025-03-12 00:15:00,517.3387859408735,524.9701901584914,517.4247770876655,524.4614543126953,1911.6263352926208
2025-03-12 00:30:00,542.3816013985698,544.2903691868189,533.8861638792039,532.7662163871662,5802.309725363112
2025-03-12 00:45:00,542.4810672970144,549.4170741341641,536.6031591214379,537.8729047523466,1252.6203151819657
2025-03-12 01:00:00,553.2255664860118,564.174325379055,551.7308027831775,559.1118806821107,1278.7585044553737
2025-03-12 01:15:00,546.1813814726435,551.6978926000952,543.5134197021627,550.3854601489116,7648.310882570478
2025-03-12 01:30:00,549.1395279156967,547.1055481272832,536.8756638638392,542.1501453618855,1906.526023819739
2025-03-12 01:45:00,525.142969305532,527.5665508481849,516.0658670405686,519.4724983940383,3483.8153386323643
2025-03-12 02:00:00,504.73307762354364,509.72765890301343,498.0936785352779,498.0112633571179,378.6966435788395
2025-03-12 02:15:00,486.1265657173269,487.4794362208916,479.9155567229882,486.89828537053046,8704.136053389962
2025-03-12 02:30:00,492.3453248275842,498.89991695611906,487.9982799706284,489.3447275755677,2817.2088655060024
2025-03-12 02:45:00,475.907765626976,478.82678633850026,472.91058514273766,470.9811229999834,5658.234220191037
2025-03-12 03:00:00,504.2825163710308,510.40693111567,496.05169958294454,501.6567949386192,7500.508539839337
2025-03-12 03:15:00,493.2494519926185,500.0613372708808,491.33525715431483,497.9231466222518,1692.9955382516528
2025-03-12 03:30:00,481.2306746980326,482.3321682603437,471.6689386951378,478.07887849608124,1525.0555526822027
2025-03-12 03:45:00,458.9986731226398,462.34408868947304,453.4115668584532,456.5051491734478,1576.0877209921643
2025-03-12 04:00:00,451.7313305847422,457.25307068830335,451.15621784177387,451.8920588327844,8528.528545636895
2025-03-12 04:15:00,460.9952364094444,465.241403148822,450.64123698972634,457.4092719732996,3165.6628740847095
2025-03-12 04:30:00,485.6371804824576,483.3053992069219,477.88508222771395,480.0590897221276,1739.6726826498166
2025-03-12 04:45:00,471.54228605760466,476.2802343454914,468.81803198792085,467.9023509838338,4332.571989597014
2025-03-12 05:00:00,457.42713239040677,466.16239194382393,457.2209609181672,463.42148077934746,2846.5527798726703
2025-03-12 05:15:00,454.47548637638295,460.05824291942804,454.23901970601946,459.9169711647716,2666.002024769842
2025-03-12 05:30:00,467.6546411296234,477.0391621296131,462.0005966581031,472.7148365162567,8804.34967584874
2025-03-12 05:45:00,477.3611922668393,476.41954497217756,468.67290962554887,469.73918187737365,4755.724453437231
2025-03-12 06:00:00,497.6147029678364,507.29166507342137,494.97739412820755,504.5401194067729,9888.41184720701
2025-03-12 06:15:00,498.00082754020156,498.78335579519364,493.01934225456,493.01286583375133,7429.073872635154
2025-03-12 06:30:00,473.3951116971673,484.2490181813064,472.6949673594329,476.73627932253873,7819.09740531252
2025-03-12 06:45:00,483.26092299845635,487.0414186107329,477.1586353356177,486.9617543487744,6843.432772371969
2025-03-12 07:00:00,465.0627771122454,472.7303318120154,461.95563363314795,471.8867096380059,728.6203601533524
2025-03-12 07:15:00,469.4264724959363,477.1173305481882,465.68546410147985,468.7925100926959,8511.551409560236
2025-03-12 07:30:00,461.86678100746536,466.7742024826663,460.7273637336282,464.60609852235564,4103.5365827551905
2025-03-12 07:45:00,447.0655520277833,455.4930815378829,441.6488302677066,447.7339201981958,1709.9005279691632
2025-03-12 08:00:00,442.75433305860076,445.6996841131332,434.09781191902897,445.7140511284524,849.2026986422004
2025-03-12 08:15:00,456.67458171677856,462.57880227967075,457.17604347228144,461.7732984235591,5154.203428654224
2025-03-12 08:30:00,460.97542553501484,462.17288036569585,453.85284180232475,464.08786145370453,6929.334118035863
2025-03-12 08:45:00,468.91035011390346,475.89832952536545,462.24420241314044,469.6429759169824,1642.125120733109
2025-03-12 09:00:00,484.0638280122307,485.0274202972657,474.93454529432023,480.60032135034857,155.86081731268646
2025-03-12 09:15:00,462.2944171251835,468.7053596329654,457.08945115151073,464.10754751706116,2519.040183121638
2025-03-12 09:30:00,451.0300023283236,457.33301444944203,445.77175209098345,454.78074831530785,2722.507690787106
2025-03-12 09:45:00,448.11183242276985,458.735168365935,447.89543449716007,450.1228205656831,3795.914027795215
2025-03-12 10:00:00,487.65061415211744,489.6933316585928,484.94028824129,489.69539634452605,3245.822055609904
2025-03-12 10:15:00,494.2067858343516,501.2473057743911,495.8129518890761,496.4516081455738,9712.220372336122
2025-03-12 10:30:00,511.3707554542578,516.6541828888885,510.8901531984831,511.8781746338756,7353.170317730703
2025-03-12 10:45:00,533.069005918613,539.503202980302,527.2597739369603,532.3624780156609,9854.785889921888
2025-03-12 11:00:00,534.8612179042207,536.8712722796503,528.4565328622978,529.9883559398786,9447.590446698538
2025-03-12 11:15:00,547.0851819291041,549.0799190264321,539.5926000800906,544.9767305238952,5285.537320894988
2025-03-12 11:30:00,542.5633335347052,546.4420936285866,538.2724923488078,543.6081765820227,7480.386630901034
2025-03-12 11:45:00,533.3979461728427,543.5093645269028,530.954538948337,539.0370348487099,1743.4456678520737
2025-03-12 12:00:00,547.822704473177,550.5494874476818,539.2287799913285,540.6135694057101,902.8627288533355
2025-03-12 12:15:00,559.1541301821583,565.4626116468364,552.970733608523,557.210635547782,3328.833436070401
2025-03-12 12:30:00,554.0002803253685,564.0302885305096,552.4377633967069,553.5727634811675,9179.567364310105
2025-03-12 12:45:00,542.9310694416339,553.3317087921708,537.7945936639267,547.1471336140105,1997.8213448230767
2025-03-12 13:00:00,561.1404610739519,565.0903517271433,552.6939464159747,564.3389425602684,6762.581381770294
2025-03-12 13:15:00,545.5643963738006,547.5552130571515,540.0180455120852,539.0654705403822,8976.613120084385
2025-03-12 13:30:00,519.8902587010091,526.7638847304972,515.0779887953026,522.8721317641537,3684.3753516989773
2025-03-12 13:45:00,539.6505150546883,543.0526993868357,532.8986980767721,541.0682802274486,7621.99173920636
2025-03-12 14:00:00,547.1570245243258,554.1328327703025,544.6081615832076,553.1030327063181,9010.083667541652
2025-03-12 14:15:00,543.2111060608006,544.4273165062095,530.6172692776356,536.530038312647,7518.865640976556
2025-03-12 14:30:00,534.6440262724739,542.6917220795923,529.4636994144871,541.1249167145116,5045.3878827629
2025-03-12 14:45:00,540.3949449078191,548.43305249451,536.4832075651314,547.5775520988842,146.09632112058705
2025-03-12 15:00:00,546.4577689045695,546.7633461996361,539.1292926740084,548.7432904498421,4407.154826946819
2025-03-12 15:15:00,549.2935316241795,557.3237244484482,547.458730600511,548.2901188007481,7490.940873624745
2025-03-12 15:30:00,548.7425489208748,557.852932629183,544.1729456741639,547.5199145501514,3775.740161764061
2025-03-12 15:45:00,522.5267617410836,524.8033924346761,515.7235690072761,521.0752304911737,5597.916552958536
2025-03-12 16:00:00,530.7140285101792,533.7714673589234,526.0012864489964,533.3358554522747,214.26773232724852
2025-03-12 16:15:00,534.0519865484521,542.7243563241758,531.9931096595693,540.3603313302708,4894.235103376427
2025-03-12 16:30:00,521.5947202127777,525.2652047657323,512.6353408870502,522.3769663473823,3545.11149175875
2025-03-12 16:45:00,527.3976497708417,536.0490992882593,526.0300496580874,531.459056147309,9042.911024386498
2025-03-12 17:00:00,548.597061922227,555.0525319420278,541.3069458444012,546.5993038375449,6812.495509374088
2025-03-12 17:15:00,524.7152511075318,531.0659939039886,523.5870502495488,524.8283187315549,3095.7915591580213
2025-03-12 17:30:00,533.7384671348395,536.7257321286626,526.199487572988,534.0508861286826,9099.752661450257
2025-03-12 17:45:00,524.1573469474504,530.369539300586,522.1777186318004,529.2492449203805,7292.749846209508
2025-03-12 18:00:00,504.24445619999614,512.7224762400166,502.10046812635187,506.04753047650075,7906.235076695937
2025-03-12 18:15:00,525.0851670627569,525.8500823249094,514.5989163446118,523.9129123854918,3535.7997343121606
2025-03-12 18:30:00,517.9709461027446,520.3038224044185,507.8136168242658,510.56992160112384,238.89024802998756
2025-03-12 18:45:00,492.7172625401886,496.90620349924325,485.01495159964816,491.0137212225974,8765.812965700316
2025-03-12 19:00:00,455.1254549863038,462.7424878879991,452.7799267829764,452.86048517918954,8488.25230501036
2025-03-12 19:15:00,474.95048961574236,474.511637078045,466.53102679116074,467.5917070742104,4138.897524652754
2025-03-12 19:30:00,491.9719884908467,499.9487071269677,491.02184429623344,495.20102834871057,1421.1467795286337
2025-03-12 19:45:00,489.7037369269265,497.1888648933583,484.7906756199282,495.4527900750325,108.75535990386032
2025-03-12 20:00:00,481.1830444715496,487.2958598045775,476.59638306679153,482.74392599874665,6835.927108732174
2025-03-12 20:15:00,469.5862037501076,468.5336055254236,463.0757147141089,465.3008201574835,3333.0840208685186
2025-03-12 20:30:00,458.2243611332127,462.65387685346354,452.1290152657016,458.94785826354,3424.5366860292015
2025-03-12 20:45:00,465.7982715387392,470.48632004134623,457.9265577548844,462.1464527879637,9699.410316535312
2025-03-12 21:00:00,470.9597098600679,469.4186144003927,460.6790359248968,467.1574471369792,1269.5294948480105
2025-03-12 21:15:00,472.11339397602353,478.82573825657556,469.1015017956303,473.94746822260987,1125.8763902333208
2025-03-12 21:30:00,479.56460748343574,488.03738357985213,476.21731981491433,478.71655494532195,4693.848260593388
2025-03-12 21:45:00,500.89722099216493,510.3358087447515,503.0045488456152,501.960680096372,1536.8481586137545
2025-03-12 22:00:00,512.2446027994159,519.6241752455782,507.5382007930921,514.7504044711541,7495.097618929452
2025-03-12 22:15:00,516.2099473654312,516.7616835755699,508.5443394573092,513.2357684180587,3991.6497029853335
2025-03-12 22:30:00,510.09777979286804,510.035823416199,502.72108096693825,509.2213182285701,6373.111231502372
2025-03-12 22:45:00,518.6146301924197,517.5924677016799,508.21160896069,515.4249797255379,5042.002361141819
2025-03-12 23:00:00,514.2351665185165,522.3358831412835,511.3199555634481,518.1942609247479,9595.3605210638
2025-03-12 23:15:00,526.2572505432064,530.3583933291952,521.8311551432843,524.9891648990691,7933.930772901178
2025-03-12 23:30:00,517.2487322226865,525.3553192975556,512.8742510318152,522.3811325933616,9698.036000049224
2025-03-12 23:45:00,520.7215800487695,522.8129931101402,508.5654319117955,520.8071443730365,1654.9278878140963
2025-03-13 00:00:00,528.6988018997099,532.6619385051243,523.5316775883808,528.2799550163735,8609.377346423487
2025-03-13 00:15:00,488.41964957066136,497.5095139996423,487.17746002165825,488.9481403944053,9308.515806423102
2025-03-13 00:30:00,479.7016942738576,479.56595908607073,471.81521475305425,472.921393195224,4991.895216796607
2025-03-13 00:45:00,458.7216801673193,469.41324264238705,457.6088860018334,457.11733803893736,7717.249163239574
2025-03-13 01:00:00,467.5338492648768,468.1554733706504,456.9289326426205,461.4263974345957,7274.518128100104
2025-03-13 01:15:00,468.9337473726636,480.10964955324323,471.78645585514914,475.15273560901875,7133.060084560891
2025-03-13 01:30:00,493.27240714122524,499.22098686525044,487.18464754044084,491.69871030465936,6274.932846415284
2025-03-13 01:45:00,483.78569662091803,488.8812843041188,481.92266899707073,483.36024106868337,636.5025591839365
2025-03-13 02:00:00,473.09065001670467,478.1847173794334,466.42853822548165,473.51358145978105,7797.472138748453
2025-03-13 02:15:00,498.82111675449295,503.25587823003315,495.27911811971535,498.9728249581555,5595.248633624445
2025-03-13 02:30:00,512.3034932191717,514.6010027688193,506.06720870340473,506.6199930646099,7374.236381560244
2025-03-13 02:45:00,513.7983626784405,517.1353937253166,508.2277271221967,516.056188884683,7336.405364411854
2025-03-13 03:00:00,503.952202052228,513.545897999625,503.6732861418739,504.65518972242893,7066.777438864058
2025-03-13 03:15:00,526.1105648843846,531.2078894220913,523.5692028240925,533.5972995062103,7701.509430235086
2025-03-13 03:30:00,533.4320655736146,533.7640796255619,524.8796496596789,528.9603721516779,5907.106968639688
2025-03-13 03:45:00,518.5341222609319,521.8779600567631,515.1537446801054,519.2654845823353,9846.865673032493
2025-03-13 04:00:00,515.4058916272428,518.9228201384639,506.54946651514354,516.7741584786182,7595.448866491081
2025-03-13 04:15:00,510.9371703193164,511.7186046442697,498.813461303767,505.9506190484945,3598.4856151649246
2025-03-13 04:30:00,504.4472381450452,507.34802715091115,493.55043375600127,501.6762923573196,9044.446529203216
2025-03-13 04:45:00,507.44902071762914,511.41013633934284,499.4042529445172,506.0288659092676,7628.284955617002
2025-03-13 05:00:00,480.61825408460896,482.6636300488306,475.9205219268298,477.526448844913,5423.542735435776
2025-03-13 05:15:00,479.7045591821399,487.4853876651797,479.2809330541885,486.24611736504636,8780.516732782009
2025-03-13 05:30:00,472.5298448673095,477.87394660513354,469.39662120812795,474.1170790164428,6379.6404131709005
2025-03-13 05:45:00,459.63858698524086,461.47252249134493,455.0485638899384,458.11539166219075,4143.406580599145
2025-03-13 06:00:00,469.7236658539936,471.00442394181164,464.66324677325133,465.0210259841994,6470.626880101776
2025-03-13 06:15:00,486.00489798754967,492.9713312710242,484.689794407758,493.6167014809638,9247.651804280467
2025-03-13 06:30:00,490.63131056802933,497.3973360500213,486.11728722319145,493.6857297299916,4745.3998355373515
2025-03-13 06:45:00,492.26073729923075,498.8114403951819,489.1821232030681,493.5220835556773,4481.369768563713
2025-03-13 07:00:00,498.15714320492947,499.9174811735586,490.05690658532694,497.51866368839626,7415.805768177734
2025-03-13 07:15:00,524.2222507801307,524.9153687064704,516.3067025915785,523.9403945365868,1890.9667798854377
2025-03-13 07:30:00,541.7780405997959,544.773624991439,538.4524900443905,544.6026053327639,7188.436584086048
2025-03-13 07:45:00,528.6026828308179,535.093497095865,525.2467963890459,527.3541866119346,3866.0273248940116
2025-03-13 08:00:00,525.1952353999777,535.9309696280626,520.4852427140488,531.2078583218054,2488.589834535803
2025-03-13 08:15:00,518.3333699515931,521.0539816710289,510.43789214062025,511.58622604199456,2608.8996638900726
2025-03-13 08:30:00,526.1640848723522,526.3468354112092,521.9051322897434,528.5929415312188,854.1072284867736
2025-03-13 08:45:00,553.0784264202118,562.8721192611508,553.7456818416047,552.8511531765118,9424.543380235997
2025-03-13 09:00:00,554.0574348044529,560.8391624052323,552.1652986980497,557.6727591774916,210.68486824755624
2025-03-13 09:15:00,584.2537366877584,588.3467475685364,577.2298905657757,579.0959722173567,138.48949356007887
2025-03-13 09:30:00,586.9412441568417,592.4586220411954,582.6330329283359,592.6686675239933,2846.3148636395317
2025-03-13 09:45:00,604.6501859319001,609.2587248325661,601.884865873528,601.2941869898029,763.7319976411917
2025-03-13 10:00:00,595.8744703451433,598.5007971126838,588.7633677786861,591.0361006176092,6706.043936078082
2025-03-13 10:15:00,581.9695914070385,586.6016562598531,576.1814577117239,580.6386543345241,6478.735815935372
2025-03-13 10:30:00,592.3594416564437,603.1017436260927,591.1143226183179,598.5544035648824,5937.144449527204
2025-03-13 10:45:00,609.4195472502252,615.2261367124752,602.5068863612964,606.3314361957403,4490.442691570443
2025-03-13 11:00:00,614.7997325953535,615.7335189057892,610.2561793789665,609.2639614509832,2179.6958338265654
2025-03-13 11:15:00,607.8396545675681,618.3925091468659,608.2073838787397,615.857721092681,9805.93731688366
2025-03-13 11:30:00,616.9722313509677,619.6480698959984,610.8904426814363,621.8249307934874,2171.2449150063535
2025-03-13 11:45:00,619.0017384162892,617.8271577486456,606.7125474120858,617.9261244244639,1329.6536056973503
2025-03-13 12:00:00,628.5772345416659,635.2524201941796,623.9557541044686,630.4169748079768,8012.8972781628645
2025-03-13 12:15:00,617.0013524833204,619.7334781554255,609.5716874385311,614.9411945980919,4372.458916367036
2025-03-13 12:30:00,602.3270340557785,604.424591350843,598.6514626309353,597.7434967070553,5569.680477083367
2025-03-13 12:45:00,598.3689403920562,601.6602146020879,592.8074530559662,603.447742776342,201.5634467746063
2025-03-13 13:00:00,603.5983808650949,603.0326347121743,596.0078531381145,598.4954572969909,6887.447168507505
2025-03-13 13:15:00,602.0249056171514,600.6748369833967,592.0088212399335,596.2279013521975,5967.093714155171
2025-03-13 13:30:00,590.7204502162449,601.4970429633539,588.5218670732788,592.8723784469406,3707.972043083714
2025-03-13 13:45:00,585.598606866093,595.1482689295099,586.2753303627745,587.1250149238613,7070.547951416993
2025-03-13 14:00:00,600.6764611865934,599.2388904692195,592.6882511797421,599.4524964718615,4842.9275222727065
2025-03-13 14:15:00,621.9484038791443,621.5422056572763,612.7223109618183,616.3279043366142,4541.718590426794
2025-03-13 14:30:00,610.8545790792804,614.4513706690651,605.4684997718684,608.1686661456583,1045.6652978373263
2025-03-13 14:45:00,632.3536482669128,634.4700003243561,622.8644790327046,626.4293480738929,2355.0505078791775
2025-03-13 15:00:00,623.4599022812266,623.2919327515598,617.3564031691324,622.4162901682687,6689.182236352656
2025-03-13 15:15:00,604.8417178457369,604.9592561380562,598.9734902055659,601.5342397979575,6529.389424899823
2025-03-13 15:30:00,615.2666541974094,620.4670539317677,612.7986390316403,620.7633541122228,5422.91730693031
2025-03-13 15:45:00,648.3991830779129,656.6288555014505,647.980266916114,650.8808704901161,6034.903197843069
2025-03-13 16:00:00,672.4838175135746,676.188840702361,667.29678178934,674.2345183769891,4950.83001004792
2025-03-13 16:15:00,684.0275851120174,688.0948170721504,676.6466304602775,682.5793835751003,2347.9260652501603
2025-03-13 16:30:00,716.1282718270901,715.8283188976845,710.1129450603206,709.4117724914465,6073.476789358071
2025-03-13 16:45:00,709.5609763467758,714.1570773619412,707.0755598349739,714.2583021224746,3530.8047846924787
2025-03-13 17:00:00,694.7341169300543,696.3175416748269,684.8335022131619,689.2747033823763,6839.908944170551
2025-03-13 17:15:00,679.2519786975226,684.7670669823511,672.2262396154065,676.7726130109904,4894.547640853301
2025-03-13 17:30:00,702.5254914885833,705.8917313895532,700.0525899030563,702.154595310797,4056.731269821961
2025-03-13 17:45:00,684.4188443546157,686.4078296617921,676.9311437293802,683.0419205976171,1200.357380018048
2025-03-13 18:00:00,677.6666828471047,683.0426193185289,676.6497379529654,683.756356295237,487.4320199509007
2025-03-13 18:15:00,670.3716689477362,680.9459547185887,671.5707455338418,670.8089364214433,4087.391188041148
2025-03-13 18:30:00,683.0246948473613,684.5532311999342,673.2647333097689,678.3386058874743,6556.66047211433
2025-03-13 18:45:00,645.3306564485399,653.4370046850978,641.0321170159183,651.0576004286821,9741.636309062402
2025-03-13 19:00:00,621.8361118464472,629.9706567274926,619.2854458569768,622.6539210427048,9467.73676588475
2025-03-13 19:15:00,623.8839074993183,624.0389224237812,619.097962754094,617.7314333845628,4524.124777890747
2025-03-13 19:30:00,600.0665581141801,606.8295544034191,598.068374722413,601.7433763133497,7854.81036352299
2025-03-13 19:45:00,590.0050934862458,589.6067091816461,579.9111706470909,584.8429553802614,9807.581734160158
2025-03-13 20:00:00,591.3150145661158,599.3552474817666,589.2080824278581,590.9483922516573,9709.061121859284
2025-03-13 20:15:00,605.2310686608718,609.9891258691918,601.748745248813,608.8734778754026,259.8092271341288
2025-03-13 20:30:00,594.5018799616221,601.0975020962686,593.4569893933763,601.2306506693229,9814.80711590993
2025-03-13 20:45:00,612.0842580408012,623.2252430116082,612.695065258017,616.8226570624922,8272.93793281724
2025-03-13 21:00:00,617.4050172999366,622.2044514268092,615.6509999918912,617.3791992609862,4964.486284688201
2025-03-13 21:15:00,612.8329955382086,618.0020389983893,608.5355356266432,612.8895066631366,799.6363442695427
2025-03-13 21:30:00,622.0376060434305,621.1702761874905,614.5152690517175,622.0667790501302,3994.6159109896485
2025-03-13 21:45:00,633.5077361100579,641.6203174894201,630.5040650485532,639.4621312374701,4898.876797127764
2025-03-13 22:00:00,645.1017929328426,653.6684060533138,644.6828864948047,647.8656895856678,264.24166097334137
2025-03-13 22:15:00,639.4870031984792,647.1508471294621,631.9081305928145,641.9243632102095,6101.768239014044
2025-03-13 22:30:00,613.695105759403,624.8524990439164,612.2065373510759,612.8008800331191,8598.767080579222
2025-03-13 22:45:00,605.36688087982,614.6236136481781,607.1685964538385,606.2132303492705,615.6747505101206
2025-03-13 23:00:00,615.0545279315112,619.9199466466822,612.78780231311,613.3959709499476,4926.240216444771
2025-03-13 23:15:00,595.1961159481472,600.5657241125308,593.8699295626578,592.3890567101938,1038.0774844380298
2025-03-13 23:30:00,590.9781818430922,595.6009271853359,582.9613850723682,585.2866593752634,729.3557559824527
2025-03-13 23:45:00,587.7711885282196,592.4009433995793,582.7037619105334,591.7675982121766,2460.172811798908
2025-03-14 00:00:00,598.6722011368054,606.3399625278313,594.9559609437131,596.9627631949706,7774.346557886304
2025-03-14 00:15:00,599.1654878266279,605.0219366756298,595.1322282954939,597.1525518618529,4360.777551364673
2025-03-14 00:30:00,613.5395896376574,621.4871274128138,611.0273128991888,616.1548667563051,5860.7462395942275
2025-03-14 00:45:00,588.706508232965,589.8533701495251,580.3813043969284,583.4621580397256,2316.435943934672
2025-03-14 01:00:00,577.2853009099224,583.1074486472222,569.4851833020384,580.0810851895608,4936.262122109299
2025-03-14 01:15:00,579.7782895206352,584.9508829463556,572.4555351605962,576.1333367917956,467.8101274403156
2025-03-14 01:30:00,572.6589563491094,576.1231706705614,568.2017158861166,570.1723305338974,3891.6065812334377
2025-03-14 01:45:00,580.1930609788576,585.1679480707592,577.4239205242062,584.4987625941985,1184.6082067262532
2025-03-14 02:00:00,597.4260599395905,602.8174346004079,589.3007176477406,590.3423124362715,6751.016060216239
2025-03-14 02:15:00,592.4124995692484,597.4752530213487,582.5604234477835,593.9122858528197,8771.532808919379
2025-03-14 02:30:00,581.8933833954471,587.7098962638835,576.2813715494843,584.509740738279,1778.0928941436837
2025-03-14 02:45:00,584.9465532391888,590.2358333031522,581.1589010456146,587.6857934922023,5821.556584051162
2025-03-14 03:00:00,601.460170274817,610.1985865845172,598.0462148606665,603.6520762563895,2542.589244134178
2025-03-14 03:15:00,611.9780529657215,619.3301630373833,608.6742254380155,609.3423229620677,6719.445692291041
2025-03-14 03:30:00,628.8264575238481,635.097791509486,627.1924015251245,631.4890594354903,6191.008666463612
2025-03-14 03:45:00,601.1225251647725,602.3914301405448,594.5509920215467,598.9174916282242,4502.2337915792705
2025-03-14 04:00:00,575.7425964348582,582.0863390452004,572.0301854223537,578.1692397460712,7723.507899496014
2025-03-14 04:15:00,574.3389126308346,580.435651107684,571.8568466122799,573.8563309670808,9238.390089605378
2025-03-14 04:30:00,578.9489310129278,578.3384984065596,567.0770261508509,573.7774442129366,6575.334671943544
2025-03-14 04:45:00,566.1164269306533,574.4561824712964,563.4265831653704,566.0859381242102,5734.489858651732
2025-03-14 05:00:00,592.2052385635689,593.8624917958866,585.7852013634657,590.9385820539196,4303.307691906938
2025-03-14 05:15:00,616.124591955869,624.36493597006,615.2469138795614,616.5317116164485,3600.6447488758504
2025-03-14 05:30:00,618.8062024796926,623.0907510386805,615.2703847968658,622.2293942457925,759.0812842173626
2025-03-14 05:45:00,593.4540238537535,599.2062203324742,589.6995457636289,601.2507531391851,8422.1104797784
2025-03-14 06:00:00,589.0072549909544,595.557580943209,588.6353327478811,589.7822193015733,1974.172332598625
2025-03-14 06:15:00,589.9088878826025,593.9409957442147,586.0431219523052,584.7144478543937,4072.340807687389
2025-03-14 06:30:00,591.5453893192939,590.6688222337121,579.9543302183828,587.4066164313538,9736.514901624356
2025-03-14 06:45:00,570.5113958188887,577.8295030244619,568.810393294391,571.4704644905275,5114.014745984003
2025-03-14 07:00:00,574.8602240522931,576.7145113125623,564.0350392934334,568.2892629465589,8173.743818977598
2025-03-14 07:15:00,578.8008885447936,582.3371038927312,573.3093373501722,574.5952037773565,6902.002838917209
2025-03-14 07:30:00,582.3018724161378,591.3285453716522,583.1966042969553,587.8561173902709,4954.145367083401
2025-03-14 07:45:00,614.0266670055247,615.316342493079,603.5125894931025,610.7422629007201,717.8457143198763
2025-03-14 08:00:00,616.2959275249576,622.9663158684617,611.357461287006,613.6079306823455,6801.202959078244
2025-03-14 08:15:00,617.6993982434687,620.2628065104388,606.1429965896069,615.4329974690941,3868.4447511527565
2025-03-14 08:30:00,626.6549028226291,634.982755315836,620.1764759380685,627.8749852428554,9354.368576398312
2025-03-14 08:45:00,608.263528840235,615.2635332328816,605.8361592254363,615.3475481262916,3225.417392022678
2025-03-14 09:00:00,614.390148449859,618.8968443589641,610.6719293669635,609.6267738298109,4282.791481318065
2025-03-14 09:15:00,599.9335310392712,608.9656306487246,595.8750498856373,599.6620283544748,3685.8701124508234
2025-03-14 09:30:00,593.2319631796469,596.9307078310832,585.9148577712509,585.3694832065959,8168.681545816832
2025-03-14 09:45:00,604.7764231019663,614.77893820629,604.0136559226004,606.2529613548165,9867.19136615963
2025-03-14 10:00:00,598.9606684678055,604.1842510396784,593.1284951798501,595.4338482109906,973.1846441098106
2025-03-14 10:15:00,589.5173329761832,594.3208905906447,582.3915450890702,583.870443017964,939.9669945213398
2025-03-14 10:30:00,557.4853471324226,566.7709151284047,559.9161745966242,563.7234507994931,2610.9827878025935
2025-03-14 10:45:00,562.7922667540922,571.0285934125368,564.1124338564624,566.4801501384154,9958.118949002728
2025-03-14 11:00:00,568.9294202950175,575.8358173627331,567.9585498594188,573.9289945937246,7614.890232250179
2025-03-14 11:15:00,581.0763855652617,588.1210637821137,572.676043643886,584.8042080489021,8303.027064271582
2025-03-14 11:30:00,575.2328794260522,578.4637964875931,566.6596872745182,574.5122673608839,1369.0066739131407
2025-03-14 11:45:00,540.8832941193724,546.0085662594498,533.9888472592625,543.1797939153537,3623.662984897453
2025-03-14 12:00:00,542.9593324630696,545.080187980858,538.2602356596377,543.4043700558506,8926.838892603499
2025-03-14 12:15:00,548.6680518127885,550.8655394106864,538.6642976428867,544.1312526010976,3051.1554661123573
2025-03-14 12:30:00,547.3290749950772,547.7774514061098,542.6927050780066,549.9418965365717,8316.311979906664
2025-03-14 12:45:00,535.6228705997411,539.3308708681012,530.5574504304515,531.4219920470639,8129.867904129274
2025-03-14 13:00:00,520.5853861136052,528.2778702712862,515.4510281565528,520.1386280668164,2616.9112313432142
2025-03-14 13:15:00,513.1165934012539,516.3963201797952,509.07393508788823,510.5236163726633,2820.4374680048772
2025-03-14 13:30:00,528.1594313141422,532.4500241414916,521.3436643747058,531.5244265261515,5643.275355267047
2025-03-14 13:45:00,524.4043362700677,527.5042768409727,520.2115979129934,527.6503739934176,4272.208417759148
2025-03-14 14:00:00,525.7503253870435,535.6348178251201,523.8676430451038,528.2073990787895,7912.1529887470915
2025-03-14 14:15:00,508.57844696665165,512.6765201512361,498.3428607621543,503.0449603946323,1844.0825393364348
2025-03-14 14:30:00,492.0627949835244,502.41065136969877,493.67679824127543,497.7709454355574,4563.892992540041
2025-03-14 14:45:00,498.4531158604866,502.3277827057375,489.0209045998615,500.34075550430407,108.12663880401686
2025-03-14 15:00:00,476.7662684484342,480.38864081744924,470.3887593720171,474.1648483481401,8506.287735964712
2025-03-14 15:15:00,505.68941271088977,505.54728304034944,495.52312444003513,504.73051810341366,7336.409488648042
2025-03-14 15:30:00,520.2276645374955,524.91777909103,513.5377185330266,518.7418202675345,734.3287429337192
2025-03-14 15:45:00,536.437509524409,535.8801872083603,528.5229510126351,532.7774897343056,1080.3343580996236
2025-03-14 16:00:00,540.8927933844267,548.9360702719193,539.1283548281052,538.9186557146575,5235.825855938137
2025-03-14 16:15:00,547.6803896786748,549.7759498564989,542.5989589959007,548.6506811055,6966.291657713813
2025-03-14 16:30:00,586.057278849319,584.3845923221899,574.0479249207871,579.179183148258,9794.107375372287
2025-03-14 16:45:00,565.1848733505204,575.3565792964922,562.9688276925,566.101455869228,8757.452283773893
2025-03-14 17:00:00,580.3336192721506,579.372659687973,571.2531948199095,574.8341039558313,6126.907295509075
2025-03-14 17:15:00,589.7638183118645,600.9442032304197,586.5259327878916,590.1403965123353,2278.110086330021
2025-03-14 17:30:00,589.9717107011763,590.6811833673047,580.3159390523508,586.8959512513959,4052.1605317833305
2025-03-14 17:45:00,570.3177206399295,575.205178169077,560.8662634408836,569.3933627232225,417.90665807671803
2025-03-14 18:00:00,577.5371751457743,579.8765689393442,568.8191172334004,574.0145224019689,6303.363410391164
2025-03-14 18:15:00,586.4295623247352,588.3590044526002,577.665976313504,578.3818088103944,1990.1013149467421
2025-03-14 18:30:00,567.6066279886592,565.6007655941527,559.9281363080515,560.3409056446992,1635.4643202949985
2025-03-14 18:45:00,552.7186654211944,556.2486414608475,545.9839152117512,548.1738405463501,9441.158465347178
2025-03-14 19:00:00,543.7162278751028,545.8361939132581,534.7106469786288,534.450947335042,5214.962084392834
2025-03-14 19:15:00,534.2845538751103,538.9253281106799,526.7776940499386,528.7116221726741,2033.2862640324508
2025-03-14 19:30:00,537.1882187144545,543.1075803529716,532.1552770957522,534.1620883371778,2624.5574139372548
2025-03-14 19:45:00,518.495414817207,528.5297708754816,519.0044624194908,518.423330450609,7889.893535970316
2025-03-14 20:00:00,526.5217374191477,534.2540505154959,519.4881737330844,522.2132316633409,6721.721707746028
2025-03-14 20:15:00,519.1000437398828,523.815045423846,514.1661462881466,523.9690769382049,8184.259651536362
2025-03-14 20:30:00,505.30108363118836,509.3142778383314,496.7443473858968,503.4279814706003,3810.0086008290664
2025-03-14 20:45:00,468.3036729397906,471.2354316710351,462.6566744717723,466.2993739718798,436.36969265786576
2025-03-14 21:00:00,467.47659361447876,469.26455474505144,460.3139926116473,466.75436250663097,205.5956731279876
2025-03-14 21:15:00,449.52482461346983,453.9679396867322,446.3126469755713,448.4761338607215,2366.1724368310483
2025-03-14 21:30:00,435.539103959642,442.0742137964681,431.7226268857543,441.8713658195727,8653.10228697872
2025-03-14 21:45:00,421.88725272654057,425.0292545698161,415.7923270778464,424.23648524363387,5864.176320874726
2025-03-14 22:00:00,423.83517363487175,428.6582953960131,420.57053202086047,420.252190673119,8585.199876414525
2025-03-14 22:15:00,437.53513793059534,444.39074371111104,434.7843030675174,441.94183709151133,6562.873791920357
2025-03-14 22:30:00,429.2594013548188,427.9653135488534,422.6223729464318,423.08158113636836,6396.785110972069
2025-03-14 22:45:00,432.9974792547394,434.9553146538144,426.2735612516759,425.3069518266946,2589.423009426698
2025-03-14 23:00:00,416.2024354325925,422.4619547649625,414.8795364320568,421.770783641784,1762.6544970577138
2025-03-14 23:15:00,438.70960240268516,438.76923496207394,426.59993189078824,436.0221686905799,7577.674154326491
2025-03-14 23:30:00,425.11712558655796,428.17740557503316,421.37047924597147,427.1411173943448,1795.826101109167
2025-03-14 23:45:00,435.1170585776396,441.0342987921236,432.6394841819628,434.75377225128284,5059.213846067562
2025-03-15 00:00:00,430.9950548338061,436.4653811305462,427.5603588985596,428.5567734200657,8156.311773618847
2025-03-15 00:15:00,429.2562347832187,430.525394955176,417.6891466418879,427.3928677659514,6386.190453966049
2025-03-15 00:30:00,422.4879482795911,423.9658883706231,413.88359118257,421.4629380874117,7734.0274877438
2025-03-15 00:45:00,423.3652262714352,428.15643077116704,416.1010615703118,425.3653142900756,6524.560777515926
2025-03-15 01:00:00,418.8547091736906,427.2506316879791,415.66571310752323,417.88483301017334,5222.771452913474
2025-03-15 01:15:00,413.761993857929,422.79286228726284,413.6514789223666,417.2868516025855,1960.4167098807452
2025-03-15 01:30:00,398.3968583398036,404.30824774776994,394.8232993937397,402.1291585181641,1614.4836660226422
2025-03-15 01:45:00,421.3253030794862,424.7605572178286,414.81533692880856,419.82937563730326,7388.920099817578
2025-03-15 02:00:00,443.85139663069515,451.352029460683,439.6309766116416,445.01019667061314,619.1068521696884
2025-03-15 02:15:00,438.07920818792945,447.69742756014546,439.5362494207854,442.2885890975461,6799.119896954645
2025-03-15 02:30:00,465.0580407686209,465.9939082717677,459.69937281838486,464.36862675327416,4988.775482382395
2025-03-15 02:45:00,476.6805271089309,481.65152079020794,469.07717373607016,472.18362289648786,4932.01380739083
2025-03-15 03:00:00,490.5612193960687,497.67589861236365,484.6012209017138,495.69183624146143,2991.8469659332254
2025-03-15 03:15:00,498.55132153532406,502.32731056026563,497.6362514634633,498.9199102706881,3975.372017301052
2025-03-15 03:30:00,490.1896617744848,498.45656189777566,488.55032829629175,485.8212236660644,3710.5415917339437
2025-03-15 03:45:00,480.48176110050446,482.6789126243012,474.51435888041686,476.09545090945903,4563.643893825613
2025-03-15 04:00:00,452.5323214590149,456.8775521483976,452.38840859320567,455.66297253765947,2327.2137793280476
2025-03-15 04:15:00,457.2981379444315,464.1676362117158,455.58407684888766,461.51751220922205,2605.8281783197535
2025-03-15 04:30:00,480.9493933468481,480.0785977856947,470.7260152885111,476.99268956342155,3978.636106035226
2025-03-15 04:45:00,468.3963737260169,470.6987704978624,457.21957580589907,462.1982593405814,6435.735227680625
2025-03-15 05:00:00,481.8649619794659,485.7920310839705,478.7472311441535,478.6158338178455,9851.133604979164
2025-03-15 05:15:00,509.0341036335982,516.4239850360862,508.28908979614306,513.8877466092928,5856.464545971784
2025-03-15 05:30:00,510.49119132649304,516.2039153105209,507.9510261169156,509.7149900858545,8645.76824457864
2025-03-15 05:45:00,488.98342432010276,499.3312510150025,487.0540660773232,494.4613730384807,976.9971095081045
2025-03-15 06:00:00,490.13635937908833,497.2581293553724,481.56297381874384,489.6091991343103,1780.6571268658313
2025-03-15 06:15:00,515.1196370503789,524.6739126891556,511.68069546308834,516.5572697374357,9995.229599464154
2025-03-15 06:30:00,507.3884033803816,518.0630479051231,504.18904895977363,510.7353522783521,4759.809067825294
2025-03-15 06:45:00,508.4565950548356,515.9808701490631,504.3079536149931,504.3060116067424,3345.26684903274
2025-03-15 07:00:00,502.0520060872182,507.4137968186497,496.27359874085084,505.618576154355,5554.664374745681
2025-03-15 07:15:00,503.5525394965015,507.3998723907813,494.94374267483994,505.49457642113657,8970.68111863576
2025-03-15 07:30:00,497.2349625741865,499.7115019772209,489.0292221557102,492.28432331763895,6007.461173050597
2025-03-15 07:45:00,505.3739461104149,516.5312344211425,505.7235089195373,508.8332692967884,738.2093797479556
2025-03-15 08:00:00,523.1104282418559,527.9728679963225,516.7438691040893,522.6474308269552,1072.3482909015836
2025-03-15 08:15:00,518.5061126637277,525.3859202532022,512.7313417460327,518.6689507594722,8469.72466293096
2025-03-15 08:30:00,519.0749245296141,520.6848420493344,508.4238120356594,512.607643792338,9595.89526241209
2025-03-15 08:45:00,507.18558775759476,508.61293986363563,499.63257681979013,509.56439643268106,7887.772040487622
2025-03-15 09:00:00,500.68293748411685,513.37010967359,500.19092381305273,510.04243845646323,8030.480784039427
2025-03-15 09:15:00,494.1062053282179,500.9114182695924,493.02873730305254,501.238672717465,1647.611337122773
2025-03-15 09:30:00,510.1802230303454,510.11839095376394,504.9861851247152,505.20822052660884,8168.678734112587
2025-03-15 09:45:00,498.4645447239838,506.84119823657346,492.85320327711247,499.97328050718085,6694.210740962935
2025-03-15 10:00:00,496.5745389003937,500.1985947050875,490.31758397502995,495.0075668637883,1569.9157766063913
2025-03-15 10:15:00,508.4152260645158,512.6732418530796,506.01790700775706,510.6581246457359,6025.285952409555
2025-03-15 10:30:00,524.1836841568393,527.431522750057,513.9678014576033,522.0254749506119,4742.137929637364
2025-03-15 10:45:00,500.6312807171809,501.9843288396198,496.26086640152374,495.96542269891097,5428.5047820211885
2025-03-15 11:00:00,507.0359812468016,506.9476310856291,500.07609376578426,499.52507478023523,4102.8962880296585
2025-03-15 11:15:00,506.2485953281494,504.9630221364099,497.7137842291407,500.5206470779753,9111.916818105012
2025-03-15 11:30:00,502.3598673011893,500.29870519247123,492.8557028578742,494.9642361490036,2694.7000885345146
2025-03-15 11:45:00,523.5508641131114,526.3822040904797,516.1403037072755,521.5751245579715,4087.573989004043
2025-03-15 12:00:00,529.745931842053,530.3804766275875,524.4179925386618,526.0525520212642,3002.8966493685643
2025-03-15 12:15:00,508.636800828428,511.37296935210117,505.6549806356528,505.33694558535865,3223.1069902706213
2025-03-15 12:30:00,520.9103743591112,530.8400242368165,521.9947714077041,525.7707904488668,9193.935770750413
2025-03-15 12:45:00,526.0477101757695,529.0686471511283,518.2014799762974,516.7373609493748,2944.2595804009816
2025-03-15 13:00:00,510.2120890011605,508.73713606511944,504.4959578227981,502.9917876474666,3728.4869485146064
2025-03-15 13:15:00,502.9614670543129,511.6690353341233,504.1191495448053,507.25850518777,5516.857486021408
2025-03-15 13:30:00,512.7948616697696,516.2671352233705,503.45591050483426,511.45869022140164,1578.9506002102016
2025-03-15 13:45:00,508.51106369047505,508.7042424624845,501.5989696206436,505.816294853631,5273.986859343886
2025-03-15 14:00:00,503.43784987647604,511.28984691830846,499.73007965237326,505.8868576786607,7319.423875586849
2025-03-15 14:15:00,498.5455858680635,506.73280776417494,493.50496128101264,496.13005944287005,5163.989238916959
2025-03-15 14:30:00,504.3071000380972,506.05171548317355,496.4369138376351,498.03729643957223,3113.9118071469443
2025-03-15 14:45:00,533.9642368655138,533.1463842435173,523.1200055739397,524.7481700230418,995.7757473505569
2025-03-15 15:00:00,546.6880628303619,553.6374495718698,540.4509880616954,548.2869115336711,9915.253528868323
2025-03-15 15:15:00,520.8805383482706,527.066468753608,519.0845872396574,526.8036927308353,317.36061299999807
2025-03-15 15:30:00,540.693944058084,550.0356285002503,540.2295060455076,547.1765519985337,5425.102685477148
2025-03-15 15:45:00,529.4446901735425,532.4318315496874,519.2943191995668,524.2652943447499,2284.274334607914
2025-03-15 16:00:00,535.6410990556468,537.8714901043397,533.4213326163086,537.8691889187044,7811.790258354227
2025-03-15 16:15:00,560.8257461605782,562.8390292493567,549.7107713366676,558.4893722566777,4006.915287997412
2025-03-15 16:30:00,553.4906911977782,563.6133966977848,550.357672007494,553.7834335215165,6842.936550165452
2025-03-15 16:45:00,574.6557442316422,573.5449438581629,566.7183972392213,575.0270666917141,8643.445209147514
2025-03-15 17:00:00,573.424893212217,581.2385321083713,572.7006946988488,572.9451655899974,3907.411768190493
2025-03-15 17:15:00,572.7389631820914,572.3659857604613,563.5661467496387,565.7828397444919,814.5478680121316
2025-03-15 17:30:00,576.1128452794501,579.4985502507775,568.1442753221378,570.7437985632437,2367.4529183974882
2025-03-15 17:45:00,572.4327296990957,576.0570604623898,564.1811807768115,573.430794615846,3617.267017309905
2025-03-15 18:00:00,562.8728301589954,567.3019966378058,554.3717180194348,562.2222815341449,4526.175200322798
2025-03-15 18:15:00,580.942255222725,591.9859578519108,580.9538368592973,580.9659110004243,5178.338018359733
2025-03-15 18:30:00,587.8531344774173,591.1128059891296,580.0851222335057,582.3695754371099,404.4620568779607
2025-03-15 18:45:00,592.7815891731324,604.130088091556,592.3131036694623,597.133572870666,8117.951335860145
2025-03-15 19:00:00,613.5549252973807,616.4076517989503,607.1772217460112,608.5302706326744,2251.107954831242
2025-03-15 19:15:00,612.8811779638767,620.8562910798479,612.9026162380658,611.9040754488946,3871.8045188770266
2025-03-15 19:30:00,601.1359696762514,604.2924824741818,594.2299836989127,595.788474682292,9936.168913271124
2025-03-15 19:45:00,599.0434947914738,610.7255471600558,598.1730898466237,605.3510452475238,5242.694206278309
2025-03-15 20:00:00,582.8456908137634,591.2058086024715,580.2401063939813,590.7192139694023,1643.824498590785
2025-03-15 20:15:00,571.0146207465451,582.1231645850005,571.3902975116177,573.6636311386422,2844.0850759949044
2025-03-15 20:30:00,564.4084361859362,568.5322424599806,553.8533253367776,557.9667207521376,1346.5012128594349
2025-03-15 20:45:00,551.9432213808336,561.2955947184655,550.041303938395,558.2187756862927,1665.5753465720293
2025-03-15 21:00:00,554.9196560911797,557.9467771491721,552.4548661025816,551.5223109915826,2351.5636232207107
2025-03-15 21:15:00,566.896508686851,567.1017709774057,558.7723412298554,564.6143605082078,3173.4186641714828
2025-03-15 21:30:00,580.8702845974567,585.9670800618861,574.0733069261606,574.5605634865639,8895.507453878885
2025-03-15 21:45:00,576.8414127549487,580.6597726869302,575.191886025964,580.7690349271306,3093.523453060307
2025-03-15 22:00:00,591.3705311658691,593.6410016794797,584.4023827491731,590.9235332503127,2609.3213969419267
2025-03-15 22:15:00,609.6222498442311,613.9549882647751,601.331921108693,603.2746889492647,6368.632174578942
2025-03-15 22:30:00,645.0522908443777,649.6707481099203,637.8840503240915,644.2518958670988,3851.408094108189
2025-03-15 22:45:00,614.0480547323401,622.8371531314741,609.281507466835,615.809620413951,7251.839693187914
2025-03-15 23:00:00,597.1711313154213,606.2138681130291,594.7725853809507,603.2702801128096,9553.551975309121
2025-03-15 23:15:00,581.4578229198329,589.1950403438782,581.8834914148247,585.9204101642417,8243.240218197556
2025-03-15 23:30:00,580.4034805677622,586.7244224332912,574.0701263505937,576.7579197782733,4841.331386636461
2025-03-15 23:45:00,559.9793282300351,567.2424125578639,554.337339683317,563.8390432277605,9231.747464150016
2025-03-16 00:00:00,568.1832932043327,575.7052876751254,566.7022852498985,569.7456595560833,9638.975879572155
2025-03-16 00:15:00,554.0840083903513,559.2430795359816,548.4316524529326,557.5555396043305,469.71302796345975
2025-03-16 00:30:00,556.7668938433255,558.7559780597338,545.441602226484,549.4918074054315,9313.17395532096
2025-03-16 00:45:00,557.8432125121578,561.627929964804,548.7747389154276,552.2103727815497,2873.1187822604275
2025-03-16 01:00:00,554.027930221812,560.9065311271872,552.4745726317259,561.1014156594698,6770.969881648415
2025-03-16 01:15:00,554.3589285241544,561.6677691527658,547.78435148497,550.9422974641113,788.8116467715045
2025-03-16 01:30:00,536.2130266481712,540.6821658795657,533.4048721415968,540.0283402826497,8047.263146136409
2025-03-16 01:45:00,557.4523852369333,565.7929373462302,555.4711994682082,556.7253478623606,6841.576490747082
2025-03-16 02:00:00,582.8517063316353,584.5700466620933,576.0914915886433,578.5596591569799,878.3927974699238
2025-03-16 02:15:00,578.9785286599664,582.9165407644917,572.7643648713095,573.6197876496439,8400.664879106112
2025-03-16 02:30:00,594.2837582982214,594.9630120367575,585.9430680238455,591.0443666841898,8645.353003781622
2025-03-16 02:45:00,577.4620681077425,587.5103263085571,578.0026130244011,586.6176133646577,9291.471400806016
2025-03-16 03:00:00,611.5969901745138,612.721786022569,603.166518141643,611.2539993506929,7424.623119668783
2025-03-16 03:15:00,622.9329035585819,626.6715486938041,615.8396471106414,623.6481876873993,5196.229947312043
2025-03-16 03:30:00,601.6117055499287,608.5950375770468,596.7201341268949,599.5631763557288,737.6282772664213
2025-03-16 03:45:00,604.7484830927317,609.2211549982295,600.5470865718149,603.816681361898,7644.958720342721
2025-03-16 04:00:00,622.0073061394673,624.8440446154968,610.8551784506226,613.9773194174236,2860.701147985636
2025-03-16 04:15:00,611.6067853463111,618.517691758545,607.1433184653291,613.2243967489779,8499.999734556044
2025-03-16 04:30:00,617.1771630387325,621.4291579989498,609.6460819057768,612.8707589828394,4995.617905260973
2025-03-16 04:45:00,620.827634040176,622.4409196286117,612.4243959388043,614.1894451069613,1427.6426041117384
2025-03-16 05:00:00,621.0674110836334,622.5826238331285,616.2621168700844,618.7497081465912,8858.786457894737
2025-03-16 05:15:00,626.2146076395669,634.485898743191,625.4484764670401,626.3244727645264,9105.435508336013
2025-03-16 05:30:00,614.0305914255845,624.6191525376944,610.9792200558882,616.2215187734594,7223.607880028326
2025-03-16 05:45:00,600.8541261861807,607.9470506462958,595.1044105473798,598.4137811073037,4918.64262170661
2025-03-16 06:00:00,618.444685871936,620.6347595137896,608.1472445129729,612.356495972172,6246.9151963345175
2025-03-16 06:15:00,615.983217403124,614.2945901685587,604.261593682712,612.9635962392862,3316.7737844399476
2025-03-16 06:30:00,592.4870738349651,598.3024915607085,584.4450100825047,587.2605507439237,1831.1043936222559
2025-03-16 06:45:00,583.3979446049618,589.5561758457195,581.8916678912483,589.853665336369,7872.565641827199
2025-03-16 07:00:00,582.5253237512613,585.6922381728385,573.721793887762,579.5052796013805,9019.428044122464
2025-03-16 07:15:00,577.8060120358572,585.7848641589663,577.0733137143634,582.4408432223203,1410.8118777308973
2025-03-16 07:30:00,608.158840857387,611.659616038594,599.3959906332616,604.5679346164901,2942.0358893026805
2025-03-16 07:45:00,578.1642261186905,586.0925785868703,575.3756251186894,581.9110892739535,1589.5941935994683
2025-03-16 08:00:00,555.7662948967543,554.7695318927146,545.7884925396621,554.1625633584497,1770.5009710259828
2025-03-16 08:15:00,557.3352609812808,563.3122967652995,553.6321411659413,557.9178645658801,9386.969454938446
2025-03-16 08:30:00,573.0701957743184,571.6034667100189,563.6874808678446,568.3224174663043,7803.4848737884595
2025-03-16 08:45:00,545.4316195012774,548.828411595544,536.581006828704,540.3842865791487,5802.18584852274
2025-03-16 09:00:00,551.7073315712056,554.83519065756,541.8023950856349,552.4507410073842,7521.452840127266
2025-03-16 09:15:00,548.8663704776969,552.5222499550902,541.0841806256173,549.3673900690793,919.646609049046
2025-03-16 09:30:00,568.3938836552934,571.5140958762754,561.6215239578546,567.3357030755615,4056.317272028696
2025-03-16 09:45:00,574.6805951105988,583.3989325152504,574.3899949701937,581.6541725899107,9453.972295636535
2025-03-16 10:00:00,591.3464179800026,594.7319786997454,587.7878679037794,594.2800607092299,5508.6561508380055
2025-03-16 10:15:00,587.0813907387816,594.3812407437597,580.9278401008631,590.8809120569417,4017.174689095285
2025-03-16 10:30:00,587.5606918049012,597.0168699375131,585.6894030732157,590.6053626233156,4547.013307348684
2025-03-16 10:45:00,554.7326207402248,557.9387705719663,550.1701443175181,553.9426943429479,677.2826079443801
2025-03-16 11:00:00,586.2577180908971,590.5126952070747,577.1939268428245,578.4530408848839,6524.717802470312
2025-03-16 11:15:00,572.6855629113613,578.9014600687974,569.9884361322113,572.3031821244181,3796.7515726181405
2025-03-16 11:30:00,585.2955096539544,587.9205144837248,580.8137297421421,587.3198055945608,9467.308032010083
2025-03-16 11:45:00,567.0752300694483,571.4410880265425,562.2377184587368,570.1038425927461,5400.566384144395
2025-03-16 12:00:00,565.5496317370928,577.8113470543583,562.1926145686791,566.8700189443708,5829.841546764882
2025-03-16 12:15:00,567.3391344372742,576.9205949551235,561.9814717051565,565.6758982600275,4256.112822001405
2025-03-16 12:30:00,557.0629682033289,565.7242359430961,557.4468938595019,556.5726966447628,6886.423838172943
2025-03-16 12:45:00,541.199152418062,544.4787939750126,534.3407274360491,537.5809682897939,6683.338897872856
2025-03-16 13:00:00,547.4436675322747,548.8917511880783,535.5928014247552,537.8653011091035,5724.032297531701
2025-03-16 13:15:00,534.4742052411673,539.2193308321507,527.6361357401956,530.4674205725146,1862.9759487305628
2025-03-16 13:30:00,519.6753605517212,523.4371777239736,508.505704019219,517.0633454417946,9127.10653456968
2025-03-16 13:45:00,504.04132486117015,515.7662659034299,503.2158406620654,512.1001257383223,184.75620832657017
2025-03-16 14:00:00,495.13137656453944,497.09340951025143,484.60771393414086,487.02741678607146,5349.01914478996
2025-03-16 14:15:00,494.7770689881608,503.679456652738,494.0938398130979,499.11131601834813,5646.458102721095
2025-03-16 14:30:00,491.39947043958745,492.90800722930163,480.55109672926,487.96034109684865,3868.6286936760025
2025-03-16 14:45:00,492.2695523597916,495.9971874159492,485.77555967858746,486.076844939639,5587.616757207558
2025-03-16 15:00:00,507.0645027971358,509.48191462834757,495.02797472621256,502.21795716828103,8123.466323798233
2025-03-16 15:15:00,486.08204289804263,493.02650091808016,482.22607766296596,487.2947953663417,450.91652445610663
2025-03-16 15:30:00,477.64738934792126,483.40593276971094,474.5173523109776,473.21000406867415,1977.8170131455252
2025-03-16 15:45:00,477.3377730109437,484.3693220767297,475.87502232549343,477.8802121941192,7781.220335384136
2025-03-16 16:00:00,465.8163089312278,469.10683520433605,460.46375596945757,466.05967029304867,925.6213865194952
2025-03-16 16:15:00,459.86081052081585,460.2470532471771,451.53732136305285,460.73943210408015,606.7685095243734
2025-03-16 16:30:00,452.42360410732203,457.7770056372002,444.94289837207185,452.5132135885873,4251.89373780061
2025-03-16 16:45:00,473.01944697341884,480.88361263072227,469.79739153925925,477.1461798266291,7416.239586165314
2025-03-16 17:00:00,500.1198661225879,499.9606290697842,490.9511052222185,500.7897714638988,9931.192753037081
2025-03-16 17:15:00,488.493816749774,494.80989791855313,479.6783356372089,484.8673314544122,6410.1792808494
2025-03-16 17:30:00,475.3749943105359,476.0169870617429,465.5426573619326,467.02088949251964,5946.535321548704
2025-03-16 17:45:00,484.02157822244664,491.942903391776,483.4447194931501,490.2084044131439,279.3147180818852
2025-03-16 18:00:00,502.31387743875,503.9470256944447,495.00641814035737,502.24829598624274,8018.2391480999095
2025-03-16 18:15:00,481.2899815327106,492.0027931876174,481.7213204778241,486.0298952162451,4752.5467827488455
2025-03-16 18:30:00,478.26166747527657,487.09640162733155,477.45253158046677,482.2272772969472,9947.10285092495
2025-03-16 18:45:00,496.40229898641195,505.13373393107383,493.3209167157201,497.64576312690275,7507.097860572539
2025-03-16 19:00:00,505.1900424779453,507.3731451089693,499.1624919068106,507.3065146753739,5279.692553873321
2025-03-16 19:15:00,529.4190797819446,537.6278884214809,525.7872938043031,526.7597356600478,6164.324837419315
2025-03-16 19:30:00,553.3386550933654,553.504904628657,540.9465502388408,547.016530117582,6894.662193578907
2025-03-16 19:45:00,564.1160380996295,569.6337746243421,560.313152593407,560.6034080179018,5263.251177293986
2025-03-16 20:00:00,569.6328915469722,580.8002912446468,568.9200466305143,574.5220557489099,3422.390054248812
2025-03-16 20:15:00,557.2997946873353,561.7732016064375,554.5363605372587,553.1917046357742,6328.4413466228725
2025-03-16 20:30:00,560.2702481777173,564.3233513120359,554.6191934352969,563.6427299768919,9961.231717259056
2025-03-16 20:45:00,564.5959514220774,565.0810189595941,557.0715964346698,562.5407134023807,9673.580731886183
2025-03-16 21:00:00,564.829734266406,567.9197897576024,562.4384970383678,561.9240419285574,2122.845506881903
2025-03-16 21:15:00,588.7570733197989,592.6595173174288,583.9272583517925,585.7578081667577,285.7319564320252
2025-03-16 21:30:00,628.108572559949,628.5634596717114,619.1887805564261,628.744146847331,9254.280856172456
2025-03-16 21:45:00,623.4606057068065,627.2032123828943,622.0302983416327,623.7727459947959,6640.054209643173
2025-03-16 22:00:00,612.1601531664642,613.5731189775494,608.2003559769802,607.1975972628059,8978.747509735183
2025-03-16 22:15:00,607.4398446225815,615.2205731686456,601.3194167590387,608.1903079185803,9772.310439542516
2025-03-16 22:30:00,606.5521750236643,614.2340116941781,605.2161306891014,604.9334300893042,2104.8785803386954
2025-03-16 22:45:00,623.5243312589829,630.1664439029888,618.7827348993723,621.5728603878486,4686.250285532175
2025-03-16 23:00:00,604.9026811288642,610.8282030984344,605.9387021724484,611.7837768988292,4642.527787096237
2025-03-16 23:15:00,559.3263432444209,564.0243080078505,557.0634172805293,564.5269496572112,5701.8561518243705
2025-03-16 23:30:00,567.1037992852821,577.822944872592,567.7740907626251,571.7003476888964,4747.998700486174
2025-03-16 23:45:00,564.2740565718358,572.5501677412599,563.0035020645877,569.8305719961235,8272.19233876887
2025-03-17 00:00:00,576.0603759622217,581.8349912757068,573.1684261689015,583.1580752193549,2104.65525380425
2025-03-17 00:15:00,578.6085918863903,580.540879478053,570.7031135635676,573.7834830945404,9108.415116559825
2025-03-17 00:30:00,568.6911328377388,573.9111568655239,565.0504846775208,565.5224104199268,4511.877451484265
2025-03-17 00:45:00,587.4517127747898,594.6464102162913,580.6857823846167,587.1878123222141,6240.818724710794
2025-03-17 01:00:00,597.6129108604251,601.3814923780265,589.4244328152325,592.9999111290324,2475.548255991371
2025-03-17 01:15:00,574.8972073209995,585.6799575391861,573.0955502557778,577.666414050153,7032.406058548132
2025-03-17 01:30:00,572.3691738861274,581.463895838931,574.1035809129988,576.2406812256089,1723.0442354908369
2025-03-17 01:45:00,584.2576286708129,585.5542940471241,574.485218956428,578.6482831198825,3230.5389949950572
2025-03-17 02:00:00,590.9674669208556,599.546363597972,590.6061021398435,597.4705317608199,2802.6926619386095
2025-03-17 02:15:00,573.3076022868186,576.7513466029618,561.9046621662302,572.1010116453226,1672.2766141016707
2025-03-17 02:30:00,599.0297117733744,607.9817555652522,595.4628745685981,597.8453614951746,8392.621873176
2025-03-17 02:45:00,607.5352208163781,612.949024808167,605.5425201678396,606.979313200907,8069.839751916653
2025-03-17 03:00:00,598.1677951053507,596.4892965419245,591.952260089277,592.9491460709313,979.3171109371443
2025-03-17 03:15:00,570.0437642608495,574.9052525491303,568.9768056068177,572.7936255373544,6915.268365217421
2025-03-17 03:30:00,586.3151947628869,590.4842463699937,577.2899927776433,577.8685188264907,1684.1133901758228
2025-03-17 03:45:00,595.4732980713372,606.3743359884542,597.1438784783288,602.4536166002335,6955.427622306747
2025-03-17 04:00:00,604.524130908589,616.4923695088813,603.00669896265,606.3562744200957,8909.278309853116
2025-03-17 04:15:00,612.4885323065431,622.0213977908834,610.8095274819971,616.478225704238,7926.145746049288
2025-03-17 04:30:00,604.7730530465476,613.661050510859,601.7240248217809,607.9268723388983,1193.308356980941
2025-03-17 04:45:00,599.6814492195873,608.282520474591,596.630009088703,604.2256400207543,375.5076105239856
2025-03-17 05:00:00,607.0137026537927,616.464094078558,607.7495779231565,613.868559197001,4367.4205830712945
2025-03-17 05:15:00,591.5621850028531,599.4703924889757,593.7861211271919,599.2349830195147,8501.764838204046
2025-03-17 05:30:00,597.7675112503163,602.6367297635364,595.0448729168187,597.4197617565677,3401.0187196433403
2025-03-17 05:45:00,594.6624791152038,597.9702967812702,592.725550281328,595.0771374424061,3769.094690446999
2025-03-17 06:00:00,596.8799676260751,607.2339371091638,596.7416264951634,604.3793368410289,4748.569298082059
2025-03-17 06:15:00,605.9238493857632,609.6848791656719,596.8538817811026,602.0152295564625,7628.2738793539
2025-03-17 06:30:00,585.7860489317752,590.2835345117759,582.4645586411681,591.3413748971961,362.69453585312783
2025-03-17 06:45:00,594.4361354930106,600.5100472511831,585.7831705655041,597.0309424867012,5638.751776221565
2025-03-17 07:00:00,620.1920419610192,628.4903436722697,616.2596836972394,615.8840761979475,6404.499817854774
2025-03-17 07:15:00,602.1741365597393,609.3307373947924,601.7059031005443,605.2143130660322,6235.360262527232
2025-03-17 07:30:00,599.4534489501242,600.0146507187549,593.5136486518351,600.3273646884007,8784.15329273163
2025-03-17 07:45:00,610.9246111503226,617.4917513019298,606.3142260332027,609.847640817664,8453.31444629806
2025-03-17 08:00:00,603.3789088492583,609.3753054049097,599.067492954389,605.412286123777,9323.708605329904
2025-03-17 08:15:00,639.598061409328,644.9798972679845,631.9372972184314,637.0880996617869,9048.43662244634
2025-03-17 08:30:00,624.7537669718657,626.6854557667176,618.3220362565273,624.4221933918249,7574.330572048743
2025-03-17 08:45:00,599.5648270513394,608.0223741613256,594.6807629077554,596.9480337157704,3984.565168881353
2025-03-17 09:00:00,601.5930734294727,610.9254092928493,598.7283615943716,604.0957888844837,6219.071170859147
2025-03-17 09:15:00,602.8118917461422,606.2075408525832,595.7587052596264,603.4002317685753,5523.9729653136965
2025-03-17 09:30:00,611.4586814898355,620.3289469943481,611.731160624665,618.4386209714202,7895.040103554618
2025-03-17 09:45:00,629.7164100485496,637.2270744287034,625.1698559667592,634.8349552398994,4940.06417118513
2025-03-17 10:00:00,608.1894911170671,614.5119260783794,605.0798586735327,603.9153452826457,1466.5537891222878
2025-03-17 10:15:00,615.5290162817562,620.7584688054856,608.0636270656303,611.0371176468766,582.5378508006661
2025-03-17 10:30:00,608.954461754105,611.0526326785043,602.7028819562225,606.0485223055871,3864.950660144443
2025-03-17 10:45:00,603.4746190678115,603.32395939134,597.3997843554896,599.4611337194299,8348.6964696362
2025-03-17 11:00:00,609.3304904956615,611.9950005956277,604.7745097099515,604.6868082461675,8794.8885474669
2025-03-17 11:15:00,598.9715792831249,602.8235849048168,593.0609546294133,592.3806987287966,3883.7358050798207
2025-03-17 11:30:00,586.7763245989532,586.3126237766289,575.6728243451191,586.2954179121467,6252.113086730758
2025-03-17 11:45:00,579.7212665267716,581.4393235129212,570.6614470535695,576.5604184564975,1802.9923529332582
2025-03-17 12:00:00,599.331681726512,609.1258675972363,594.4251339193249,600.9501390305769,683.9511998211956
2025-03-17 12:15:00,597.2467016789943,600.6426027141748,587.2988787502964,599.8945735340277,4327.965480982324
2025-03-17 12:30:00,580.7600830133899,583.1199631536163,569.5137027313478,580.349900316415,2304.716415009012
2025-03-17 12:45:00,580.1539969169502,581.7914802807541,570.3975126458681,581.8205912933291,4535.576742521852
2025-03-17 13:00:00,573.4789046306145,576.0392081677206,566.7852475094303,574.9088814327075,7544.838649877107
2025-03-17 13:15:00,562.474313465942,566.9285135704203,557.6321488852815,566.1974540054507,3546.1480608967495
2025-03-17 13:30:00,576.0212097607733,576.4735331906212,567.2274695935436,573.7304170666393,1645.2595257586943
2025-03-17 13:45:00,565.7966601453057,570.2518014468104,561.2855431294686,570.5017790150584,1351.6151322613237
2025-03-17 14:00:00,536.6546232580789,534.233878916973,524.3139467254687,533.0711192320812,3227.724222792085
2025-03-17 14:15:00,566.0517636089584,570.145500890281,558.1576593043545,565.59213734506,4499.952787701662
2025-03-17 14:30:00,595.9284763119214,601.3460338577208,593.7870683859392,593.9375404389066,6855.297374788173
2025-03-17 14:45:00,610.7894342666193,615.5235900258422,608.9371281633645,610.7942578093389,8344.322397015583
2025-03-17 15:00:00,582.2593722425204,591.1958434777747,579.0463009030491,582.267659678292,7328.488715378115
2025-03-17 15:15:00,617.0727610528704,622.3953571203572,615.8652416322604,623.4526270264721,7377.035189493844
2025-03-17 15:30:00,588.4751764947171,587.3166111950659,579.4674294729756,583.1242468302389,2188.79965637647
2025-03-17 15:45:00,587.9970863066853,592.9924212534072,577.8442637667184,581.1800400193363,9354.57793379665
2025-03-17 16:00:00,595.3813702957152,601.6644813621987,591.6952673644626,597.3834180890668,4837.132004384033
2025-03-17 16:15:00,614.122465786868,618.3132710694636,605.9840783018035,617.2910596947686,5909.2647171341605
2025-03-17 16:30:00,605.0448651358848,608.6083364862869,596.004394317253,603.7973586328164,6955.842458414494
2025-03-17 16:45:00,623.453732709091,632.7708363483348,621.9822169779593,626.010921956975,2218.2311002340293
2025-03-17 17:00:00,618.6581398579457,616.9881007796383,608.5107748452865,616.8805487958676,7735.322672354825
2025-03-17 17:15:00,601.3113079938252,606.2149997745106,594.7515509193942,604.0324206735542,9888.047153126612
2025-03-17 17:30:00,611.3775849401803,611.0341975720621,604.5289995403022,605.2473974680594,2924.234919335194
2025-03-17 17:45:00,621.7714908195095,623.4590077128711,610.2445858929178,617.2092317176698,555.9954283185909
2025-03-17 18:00:00,639.0922704345919,642.167545642484,631.7883760787291,640.706997418282,6860.832122289163
2025-03-17 18:15:00,658.6261530634357,663.6324914412216,650.6368400383383,662.2521311263364,2957.491903682008
2025-03-17 18:30:00,644.541189530314,655.3023995735884,643.8615363318421,644.09812874915,8324.546900025929
2025-03-17 18:45:00,657.5040521692133,663.273018142443,651.2469722333007,655.8832903511016,6269.840213118194
2025-03-17 19:00:00,625.1540366306028,628.1553743974513,613.7347707940638,625.9827247021012,2800.418719325153
2025-03-17 19:15:00,641.583704142079,643.9926459002295,638.7286995366275,644.7055913576532,7848.835451915962
2025-03-17 19:30:00,653.5287910461636,657.685465744058,650.1782075815222,657.6572519078749,2171.8508710506885
2025-03-17 19:45:00,649.6848823414391,656.6971276023968,649.1591738677741,648.8355574782584,3688.3783709543704
2025-03-17 20:00:00,646.6819899112955,649.7397249129925,636.3763527165868,645.0444587158726,1760.2756182617013
2025-03-17 20:15:00,642.9914103136593,653.265833991985,644.0325297630143,646.7610873329942,488.5178197066029
2025-03-17 20:30:00,613.4942242624113,623.9393957058583,610.3824289040456,619.6917192121906,5658.872653013823
2025-03-17 20:45:00,624.4418761634819,626.5918028986978,613.6357505726573,621.4748437658612,2446.2135012073563
2025-03-17 21:00:00,618.0218807532858,620.6542495457047,611.1875756229341,615.6970434264101,4677.643334250861
2025-03-17 21:15:00,639.5226169455632,648.3090288180348,634.7529334804187,639.1069690016512,5887.825473842574
2025-03-17 21:30:00,644.9710621294005,644.5593983390238,632.8335429263354,643.0868051557011,9627.06667387203
2025-03-17 21:45:00,642.5349195017365,647.8598542007423,640.0110482988367,638.323799817136,8394.36963942202
2025-03-17 22:00:00,635.3507926336986,642.7773742106929,635.392028583665,643.1495049835057,2455.23606162003
2025-03-17 22:15:00,637.0862885164876,646.4923830999974,638.5229861499046,645.1601581279178,2595.9483362768487
2025-03-17 22:30:00,649.4973747883764,655.0980003600711,640.8962792695769,649.8532301105279,8591.057576943362
2025-03-17 22:45:00,650.2205255709531,650.2735720924421,639.7419413948372,648.0743470301601,8788.68718389606
2025-03-17 23:00:00,656.8543604323477,663.7743398143874,651.7466019111424,663.1038111643321,8421.643800721808
2025-03-17 23:15:00,635.1840944006876,642.9872681361898,629.7846533370797,641.3713163050197,1438.3121263424466
2025-03-17 23:30:00,642.6001188983433,645.9540131374624,636.9505390198634,639.7608156626601,5628.021661457955
2025-03-17 23:45:00,645.3972959428324,647.6746997913688,641.0362796258875,646.2161808291955,5565.9060691741815
2025-03-18 00:00:00,666.6099402241281,669.5324560965116,656.1360427851989,665.2355064528371,8413.483105927091
2025-03-18 00:15:00,650.5128199632583,649.8457263082906,639.2294506471667,643.9545431254211,3287.5528846962866
2025-03-18 00:30:00,626.3513556849293,630.484771751717,618.7318735899378,626.6761793827258,9579.594311559871
2025-03-18 00:45:00,646.6590976888696,651.3739745018958,640.4677750425274,646.4840898645512,7725.422628449904
2025-03-18 01:00:00,613.458437283051,617.7685783755259,608.7383448326482,610.796124062584,1116.8688455356637
2025-03-18 01:15:00,607.8320547120654,617.1163515902871,606.935948184649,608.7270545153974,9970.232401527357
2025-03-18 01:30:00,599.9822513012087,611.5531369156648,601.9667481546893,603.8709087060098,440.4334208065872
2025-03-18 01:45:00,622.9257431259248,630.4480585093186,618.3275563816493,622.6578718742193,7702.748443259826
2025-03-18 02:00:00,651.7775498835798,652.2745846784179,644.6462285545136,653.6583386726048,2873.5428306564386
2025-03-18 02:15:00,640.1246636223701,649.9389257220731,636.7304395186749,642.6579529292089,8825.378649473274
2025-03-18 02:30:00,638.5680628349708,640.5071960420132,634.6994423363333,641.1570841742623,9304.901994780123
2025-03-18 02:45:00,647.3306475054194,655.9530377866413,643.7092133023398,651.8767694081643,3805.5951339419566
2025-03-18 03:00:00,664.6011853675923,672.9638878793254,662.8451329545003,665.0391028825211,1738.821584190365
2025-03-18 03:15:00,682.6574013389125,687.0044439172538,679.1891421319945,678.037965068152,9341.401249446017
2025-03-18 03:30:00,677.7199464123606,687.5119926809689,673.8995738129282,680.5305859465013,8837.334993404464
2025-03-18 03:45:00,661.1643313962774,669.1486334863905,655.6425873116104,665.1364629760002,9104.190940007438
2025-03-18 04:00:00,731.3357876038052,735.5209981345099,727.5519093450753,726.1615259914261,4955.042113681286
2025-03-18 04:15:00,712.3664063405224,723.7930700668396,710.7776433667127,716.7935417805064,7566.403348668691
2025-03-18 04:30:00,712.9266675037871,722.8804897309271,713.1805496008874,714.9626886042809,922.7973073860421
2025-03-18 04:45:00,722.1964722811954,726.9573626716493,716.6584388996597,723.6045200159488,6775.2806009615815
2025-03-18 05:00:00,726.2805083202267,729.9567187866941,720.286700084545,728.4746640119306,9458.146407733839
2025-03-18 05:15:00,723.5714385440989,728.9013263953796,720.7755259272799,726.1258467259951,8194.436427634078
2025-03-18 05:30:00,716.1028440668837,717.9506317854027,708.3600431083689,714.9659679173934,8106.068800484593
2025-03-18 05:45:00,696.1304741720451,700.9984116671586,692.3226732420716,692.4016645583454,302.38314190427803
2025-03-18 06:00:00,677.2303734320739,682.1050596249241,674.2389169402348,681.6874481020773,7762.974302749374
2025-03-18 06:15:00,695.108931695538,694.5288664247031,687.0555861239677,696.808849284576,1600.2128935690437
2025-03-18 06:30:00,666.3087352209466,672.7776378679571,662.2953823825757,664.6057554741117,4309.9112457993715
2025-03-18 06:45:00,643.7202653397625,653.8644819047247,644.7324913050612,651.8345394076086,6328.147875418237
2025-03-18 07:00:00,648.4743898528775,654.7555490631075,644.7425641218937,648.4321071321026,8211.251223452084
2025-03-18 07:15:00,622.934259766542,629.9004772951611,622.6130924229515,627.9017139832852,2431.7996921517283
2025-03-18 07:30:00,639.4641658082701,648.4216830738635,640.5293535228834,641.9935775803219,5658.721778857964
2025-03-18 07:45:00,632.4727511813767,638.7038442078616,628.0036240914299,635.7393270845217,5911.809050043196
2025-03-18 08:00:00,613.2064110507604,621.6301714949012,608.1290018035901,610.5516688239047,6509.261399159571
2025-03-18 08:15:00,594.950558731371,597.8003191263041,591.327249927934,598.2869416147286,7305.55154725568
2025-03-18 08:30:00,577.7934623000017,588.1977238148739,578.1649645630075,584.3673708807223,5621.80151912476
2025-03-18 08:45:00,606.3027453023802,615.6617308534258,605.6524876038197,608.6649943620776,9684.787717332567
2025-03-18 09:00:00,603.4234424556902,609.9757842623317,600.02952823484,602.9160382218002,2182.726132945372
2025-03-18 09:15:00,607.8459697521434,618.8734304747807,607.1059990113013,610.8253681318206,862.4041062092135
2025-03-18 09:30:00,604.3517262543289,611.2806398691563,598.9006971730157,605.26293484347,5972.628164866137
2025-03-18 09:45:00,591.618533855166,601.5590099564388,587.0508959084369,599.1824450676884,4963.769730067605
2025-03-18 10:00:00,571.1937815235652,577.394274064688,569.728031015395,577.0331605446473,5666.751534065261
2025-03-18 10:15:00,591.5189622536415,601.1419711403908,590.5703330353458,600.2726644570032,6039.00060094171
2025-03-18 10:30:00,633.8016681201119,635.6240087914518,626.0813950829107,629.5581030413186,7554.781543926993
2025-03-18 10:45:00,624.2815084629912,628.1101978768523,614.6986635780474,619.2444423216352,3477.7331179790444
2025-03-18 11:00:00,624.903629412079,630.4777071192339,618.6564389685778,619.3270977571046,5834.884943348105
2025-03-18 11:15:00,614.7670660839933,619.4816621509086,612.5226920208968,616.478327126326,9139.028439312162
2025-03-18 11:30:00,636.851199775741,640.6686457646798,631.7253092766671,638.2663996600487,8574.376936917475
2025-03-18 11:45:00,661.9305425962854,659.6893687088659,652.3581187269604,654.502397955265,7944.71149311612
2025-03-18 12:00:00,657.7266306869835,662.690522232934,652.9747504053403,655.1730808169461,1043.6214612049407
2025-03-18 12:15:00,643.2348924071496,649.1819590865913,637.255084607452,645.5263086683995,9895.251202602392
2025-03-18 12:30:00,648.8381371454835,652.049072310472,643.9428838509593,649.3574624640637,8473.293282249633
2025-03-18 12:45:00,631.4630463883831,640.132899952302,631.7780397234507,633.2242723590775,8591.15592917983
2025-03-18 13:00:00,625.7563768650216,629.0720664478276,621.9263454129207,622.5288041492049,9119.357623482847
2025-03-18 13:15:00,634.9010198392114,633.6066715481588,626.6632597770098,629.3277917946899,5856.271516218317
2025-03-18 13:30:00,637.303465577228,645.4475394183243,631.09078336212,635.3390661447821,8253.615486250932
2025-03-18 13:45:00,627.5845037357045,630.7688676743904,620.6717333083517,623.738490429276,4137.986209980706
2025-03-18 14:00:00,590.0164211317474,594.5635350337919,588.4973301880945,594.7100577723838,4744.84243378928
2025-03-18 14:15:00,583.18138423161,583.8325361191706,573.9835170570616,576.02005518641,2623.710772156898
2025-03-18 14:30:00,602.2183392138683,603.0006864962716,595.0348731160852,598.525907884602,4020.3841327621885
2025-03-18 14:45:00,596.1826228442247,604.6032799762489,593.5824836593804,603.5154142029244,9691.667084649443
2025-03-18 15:00:00,599.2218088241074,606.3044566173039,598.117532123842,598.5336023579999,3011.027564311971
2025-03-18 15:15:00,573.4034886536435,584.0662140672259,569.3555841348157,576.1222132412302,7597.51446856412
2025-03-18 15:30:00,581.4399713882901,586.4139109170683,578.8777457199907,583.8456512646567,3112.621624799259
2025-03-18 15:45:00,595.010348035641,598.0514866374359,591.3411442805234,592.7953757228086,9509.018850346842
2025-03-18 16:00:00,622.1210725366244,625.9691196919595,613.196794947752,621.9450941416708,4030.5637356590173
2025-03-18 16:15:00,615.6679444753494,626.3494345484723,611.1488729223823,623.369603691722,9529.372943522367
2025-03-18 16:30:00,645.1942646413119,650.5753828805063,639.6104099593451,640.2659275477708,9577.143336183088
2025-03-18 16:45:00,636.264060627454,640.9034899207619,628.5169609503417,635.6105371674752,8170.064180802331
2025-03-18 17:00:00,660.4113019157544,666.7226024133146,658.0654157831598,664.640161512763,3680.8333442456997
2025-03-18 17:15:00,655.5239195135589,661.778927311463,652.5350007115686,654.8416981704185,2261.871086433145
2025-03-18 17:30:00,664.5613286876543,670.3461934441146,659.7189457953046,662.0829381069092,5991.444285906171
2025-03-18 17:45:00,660.8527614396854,664.9223402143004,655.9647207001138,665.9053659458806,8515.527460374935
2025-03-18 18:00:00,643.097788404141,646.6394835528826,633.4225873054909,637.2212327632003,2394.117458837547
2025-03-18 18:15:00,634.5774282743778,635.1655087818745,627.4820674158711,628.5620835021007,4433.082279408538
2025-03-18 18:30:00,641.9895722820849,650.6984360999626,640.3628284089538,642.8513467655378,4340.929590996091
2025-03-18 18:45:00,669.9578189094123,671.723988650864,660.4914554434939,668.7779723376482,5896.39182966668
2025-03-18 19:00:00,655.39606538182,662.81648461355,655.940825941269,654.9703231807522,9708.858448259003
2025-03-18 19:15:00,640.8973565512143,652.6693808918591,642.072644039317,646.3718350536092,6813.922740868233
2025-03-18 19:30:00,620.9245741095874,627.8672060973547,620.4135594928152,621.4408594547838,6453.948103141666
2025-03-18 19:45:00,613.6839931769885,616.0590020978069,606.0543552529284,618.5747676792657,899.34800482216
2025-03-18 20:00:00,590.5233985641713,595.5636505499994,585.8959607045372,596.4464983890896,8371.437250284242
2025-03-18 20:15:00,593.7097882824983,597.6514063486906,591.965447452708,598.1641685652427,3977.9762579009553
2025-03-18 20:30:00,601.6806580028425,611.7397252566301,600.7750531885644,606.3668277400711,7624.216455617378
2025-03-18 20:45:00,612.2663018406013,613.2798702958252,607.7580350870143,613.1155300888227,9657.662943381803
2025-03-18 21:00:00,610.8211830769925,615.2501017419207,604.2113150368297,612.3410476652025,2968.4433712930236
2025-03-18 21:15:00,624.5439692666118,628.5675815126759,618.2437315864386,622.5923680927642,2409.0510459331126
2025-03-18 21:30:00,615.1694252549511,625.6856515950582,615.8144097163008,622.2376615380601,6813.211742522612
2025-03-18 21:45:00,636.6819424175914,636.7999723400239,630.7330181521834,630.1575373577048,7004.826950221438
2025-03-18 22:00:00,633.7779960464038,637.1156142462335,628.4074041414053,627.3797217597382,1290.6983702241184
2025-03-18 22:15:00,643.266476949278,650.6026597507638,640.7919579365922,650.6053593243328,2887.1053751747386
2025-03-18 22:30:00,650.3597192646889,656.515327022393,641.0805601206779,650.4758650723377,2764.4582640838767
2025-03-18 22:45:00,659.9843114640493,664.2847084807548,653.2376805270704,654.4501399400915,6181.139064241898
2025-03-18 23:00:00,667.6102639036401,667.0628981188737,658.4301876118909,663.1413205096703,4527.151019120754
2025-03-18 23:15:00,654.7586403393549,654.8874269800577,648.6619777603435,650.8604010353437,625.6152811500749
2025-03-18 23:30:00,636.4810116172497,640.813115187282,628.7797432688428,635.3738025946458,2975.356318361411
2025-03-18 23:45:00,609.1827549030331,616.1126075653351,605.6973024896207,615.5680060561791,3445.6013720511655
2025-03-19 00:00:00,656.0188399232856,663.323593467739,654.9871415582679,664.2060125676376,351.69552733908415
2025-03-19 00:15:00,644.3548946487497,653.5883505848226,644.4541456534951,649.0694556993774,9002.654530443291
2025-03-19 00:30:00,660.211960581896,665.9495445976908,652.9409312162661,655.2893167970649,2013.3620081646138
2025-03-19 00:45:00,666.0391253881921,671.6720592223579,659.8568145952765,662.3098983739154,1095.3908392369897
2025-03-19 01:00:00,702.7265470524833,706.6366322108656,697.9346665152196,701.8828992719766,6182.6427230512545
2025-03-19 01:15:00,710.7037445991257,721.8172851167528,712.2059593812669,713.448030735112,6374.722225516475
2025-03-19 01:30:00,709.1248812744811,715.2101504589095,702.8073329200553,707.6631793866251,3535.256530758743
2025-03-19 01:45:00,717.6029878400268,726.6484657768009,716.9191877716908,719.005961211466,200.42613762410954
2025-03-19 02:00:00,742.5778060159982,742.7352886980726,730.8586982479264,742.0046628002281,5716.946100866773
2025-03-19 02:15:00,752.0897836841822,760.2410362373554,754.0269475915474,756.0352118015895,9577.060439189812
2025-03-19 02:30:00,752.1520525242272,753.3474788582126,748.1274194483321,756.1366154819384,9796.623458318196
2025-03-19 02:45:00,747.3772283850509,753.6713177699504,744.8843286377321,748.695210430853,5489.848847949949
2025-03-19 03:00:00,758.5118332067117,765.9703077696668,759.7543394200081,762.93707171508,5541.803634821248
2025-03-19 03:15:00,764.181621841736,764.7038855738854,755.3356085464455,766.9210365532906,8766.653463411107
2025-03-19 03:30:00,792.510742728173,798.072496148876,787.0183265381168,794.5869496212288,2201.275581152152
2025-03-19 03:45:00,769.7384045152727,775.4878006852382,766.9999344724927,774.2976711982365,9209.207269832552
2025-03-19 04:00:00,765.5615364550168,770.2431896191299,761.2787732589887,761.7955960791122,8598.74265568647
2025-03-19 04:15:00,760.5038210810858,768.6047435372661,758.4419135255267,763.8140716244728,6122.65261247041
2025-03-19 04:30:00,762.9730262798911,768.4223225761214,754.5277768822214,760.4270632295684,3165.060304528821
2025-03-19 04:45:00,792.870887492666,792.1331423901717,781.9171575203466,785.1508148934163,3464.1156414916613
2025-03-19 05:00:00,783.4964531134476,789.1383319136961,781.7840770055537,782.8599565548668,4390.897387410278
2025-03-19 05:15:00,791.507341034517,793.6851015318007,781.7918750070659,792.2927208119362,9680.003801007291
2025-03-19 05:30:00,798.9760785680213,802.5158100693865,791.7667033989319,798.7178409045658,7226.468297654703
2025-03-19 05:45:00,786.8883870851474,788.0585086911489,780.0457349316678,782.4570403540386,7529.919477057378
2025-03-19 06:00:00,787.1236356245698,797.6349580378374,787.9931984447603,787.6649425704148,1392.164970934003
2025-03-19 06:15:00,805.004897104613,808.2710012977574,797.8495189547162,807.3016325712928,8832.429639785416
2025-03-19 06:30:00,814.5389954596812,820.5324413101716,805.1694990506351,814.3243379429961,2309.444612337012
2025-03-19 06:45:00,814.5332873710344,822.3806311604167,811.0336471186946,819.2481694849367,9364.16969112276
2025-03-19 07:00:00,802.2640835032059,805.6328334144492,791.3103024329471,798.0082402464104,1033.032188689276
2025-03-19 07:15:00,829.0615787776363,830.3737414785433,821.4605561842701,826.8460388666141,8713.58064675539
2025-03-19 07:30:00,848.5880908376387,850.5980082618283,840.602164727602,849.7379971250514,2007.858530689015
2025-03-19 07:45:00,828.990177074335,833.7169809388079,822.912477457936,828.2601996171653,8845.652919385295
2025-03-19 08:00:00,843.709458649156,851.419343649592,841.336348839581,844.4559088850767,3444.5910776753094
2025-03-19 08:15:00,863.3081283132385,866.2255056147523,851.9323505871953,858.8036770978458,3838.9279952867437
2025-03-19 08:30:00,832.1683337091683,841.8135935193407,828.9934933299068,834.1409346568894,5842.962265138482
2025-03-19 08:45:00,833.7402343006215,839.2190957136917,830.3229907972751,831.7661848552588,9740.904146236158
2025-03-19 09:00:00,858.6462984760689,859.8661968143126,851.2898451336374,854.6937017406859,8261.154614878917
2025-03-19 09:15:00,896.3472262426986,905.8920162794625,893.1988728840204,899.8247244192777,2331.102599741861
2025-03-19 09:30:00,909.1145488439347,912.8143222253179,902.033298503749,907.7671891607766,9059.006303156588
2025-03-19 09:45:00,901.4734770741693,910.1451128893624,901.0464187684601,900.719445969036,6159.629972122615
2025-03-19 10:00:00,943.3899120319729,947.5754219133383,936.0641384330488,941.4278006213801,1928.638832778117
2025-03-19 10:15:00,964.1294804847075,966.0920861599185,956.8150439596698,963.1473091130052,871.6357100116362
2025-03-19 10:30:00,955.4978171045998,954.2209601879363,943.6886465475606,948.2875939996412,9039.241750064908
2025-03-19 10:45:00,922.9415132172347,926.9023242830045,916.1098945321255,926.2415030412801,1197.7404768952592
2025-03-19 11:00:00,915.0152893963402,918.1348722447469,907.8856654193605,912.2604981551026,7756.248334935847
2025-03-19 11:15:00,874.2910998125479,878.1562878354523,870.9719920337619,874.5196353040799,8804.111247953957
2025-03-19 11:30:00,883.821948138202,893.3045032575045,880.6274494730496,883.5655919709296,4612.836154177125
2025-03-19 11:45:00,877.4960150953888,884.1731435019701,873.5250120758643,877.0255702346727,4165.477097103942
2025-03-19 12:00:00,887.6238235347968,897.1719935304181,884.4121399804511,887.6906406021129,9009.769525126832
2025-03-19 12:15:00,914.3676547315465,919.3806563176063,910.3267641433786,910.091414684551,8526.686922717126
2025-03-19 12:30:00,892.6287142556647,897.9282400582642,887.953099830067,890.1281476856577,2246.296465731086
2025-03-19 12:45:00,907.7437715286782,914.5039874339326,900.6632079921296,912.2514672993806,3464.2989696924997
2025-03-19 13:00:00,881.4917382474066,882.6764524719313,873.2954506748147,882.2121762152633,508.3909687613092
2025-03-19 13:15:00,884.9194245056085,891.2965940443148,884.1016372467452,889.829630745611,5831.432042263534
2025-03-19 13:30:00,892.7460106375321,894.6569504365443,885.1266677559803,889.4414273603928,2850.1586176074284
2025-03-19 13:45:00,882.5874804157372,888.2514807742997,875.7580576783605,876.7726664145263,5459.5607661828235
2025-03-19 14:00:00,873.8684290334851,877.9077410010756,863.7740762626047,867.2450819498243,9759.054121310277
2025-03-19 14:15:00,886.4685863441885,894.5405009088787,879.65390114374,891.1331830009816,1507.630294340162
2025-03-19 14:30:00,872.9070691609693,880.3827115500206,871.2994979143211,876.9782061247514,4773.046514740379
2025-03-19 14:45:00,890.9747442731677,889.9487984232342,882.2952436151957,891.4932756828481,8482.447878070856
2025-03-19 15:00:00,881.9650714698575,892.2035297778456,877.4052143915783,880.3770405261942,1488.20066147838
2025-03-19 15:15:00,887.3759972825861,885.499547776065,877.8543302093942,879.4256601349972,6662.584748450921
2025-03-19 15:30:00,867.9772055123104,877.6346570960632,867.223652441191,868.0113984733196,7552.226611726794
2025-03-19 15:45:00,879.926118242654,888.0114647664635,879.6589929759303,885.0398325427875,1434.5845118237353
2025-03-19 16:00:00,868.7563893717272,879.4669179768812,869.5602779645583,874.7704944737145,2690.432042617911
2025-03-19 16:15:00,875.0221068087446,880.2706184035243,865.147733428316,875.1906176277475,5500.214563809852
2025-03-19 16:30:00,864.6145387492217,863.468452826637,852.5769005557637,858.1338553311847,8498.047145302453
2025-03-19 16:45:00,852.7493654119845,858.4768511592791,850.4167781251258,859.2748168725891,7241.553031265154
2025-03-19 17:00:00,880.6046660200013,881.94639592296,870.7297540521266,878.9110449715771,3246.454816642895
2025-03-19 17:15:00,876.3103324464846,883.6039547542117,870.7334216182646,880.2093236167908,5977.690749812737
2025-03-19 17:30:00,882.9557686584765,891.7329431202759,879.8775905218426,884.3924678277065,6609.683816796362
2025-03-19 17:45:00,898.7456776393061,901.5616954736493,892.5093018798551,898.294121849375,2791.688148305355
2025-03-19 18:00:00,894.3402292752631,894.1055211584352,884.7162710103103,888.9771078548151,4566.948547247402
2025-03-19 18:15:00,923.5511854588897,922.7136678582809,913.7165105174306,919.3902929612708,7823.531836110861
2025-03-19 18:30:00,920.4395220193364,926.9695279411915,917.5618850450011,924.7915656961046,240.3892624003471
2025-03-19 18:45:00,937.832713882389,949.5089947260085,935.3564952707775,943.324632362034,1385.928502288718
2025-03-19 19:00:00,953.651466227737,954.3814765054819,946.3303569658777,952.8298217825127,9349.151105271529
2025-03-19 19:15:00,950.9660989265119,957.1603500608293,946.0410806977211,952.6105018359674,9387.609580960405
2025-03-19 19:30:00,941.756020000339,946.8960050837953,937.6431152317892,942.1717942743473,5642.16108408232
2025-03-19 19:45:00,924.8434239471603,929.8744441237998,919.2191747526347,921.8512308956923,9713.668295176216
2025-03-19 20:00:00,907.2820074277281,910.8091541084792,901.9940884972465,910.0454707520548,7590.92382667418
2025-03-19 20:15:00,896.492798832419,900.8911009804518,888.8588463112128,890.425698687994,6068.422189653527
2025-03-19 20:30:00,898.66324799118,900.6019642759585,891.1756689489067,893.2796804312237,1396.725850482903
2025-03-19 20:45:00,913.4865188880615,911.2380070340777,905.3687121305286,906.0916673681375,1853.130407696602
2025-03-19 21:00:00,920.9884928293654,928.8245474037626,918.4338202302612,922.9623945073909,5614.64602161707
2025-03-19 21:15:00,916.1095257791925,920.1760211416357,907.4481884038311,913.9222243333393,1591.3667887942806
2025-03-19 21:30:00,904.4380386374712,915.8437539903016,904.7057783498786,905.5609519199738,3580.693910834565
2025-03-19 21:45:00,907.5559176419295,908.0004550905948,899.6216252277252,901.1087264718932,5146.254328992591
2025-03-19 22:00:00,932.6835792889937,934.7008918465639,922.4410599100487,925.3493741320478,2523.7870045021814
2025-03-19 22:15:00,950.7437325905222,954.7718937783715,944.0547191362975,953.8298651659901,7147.233507506068
2025-03-19 22:30:00,919.7070650138435,927.8964891647882,918.0725140568892,921.6244497981746,5210.906716768193
2025-03-19 22:45:00,927.1581430964944,935.8718691506665,925.1625801560863,926.3216262091637,3508.104181979723
2025-03-19 23:00:00,920.312267162116,920.8367486770546,911.8579351033391,911.4821615024335,9745.752124375796
2025-03-19 23:15:00,930.9768772646303,937.1048849068397,923.9941888581072,927.1641754741827,8030.593535089602
2025-03-19 23:30:00,928.3440912731976,939.3750163151269,928.0917782239907,928.298346149553,8957.822872604514
2025-03-19 23:45:00,904.9888502050759,912.4420604622169,900.706330482599,909.187975850297,2752.22741230354
2025-03-20 00:00:00,905.9117716373889,912.7834501477173,902.1549078908408,901.6613484698258,4294.102625887318
2025-03-20 00:15:00,914.1498394530954,917.9896473828227,908.28099779881,914.8056586758719,5478.239143739189
2025-03-20 00:30:00,895.5966904586488,907.2137143896613,894.3605660867879,902.6331183636071,9096.56248897443
2025-03-20 00:45:00,895.7114572082168,901.6472432343176,892.444039608489,899.1029164551355,3698.0902274393884
2025-03-20 01:00:00,864.0672671548102,869.7840597927773,858.6945788464064,866.5004150296287,5685.822855773563
2025-03-20 01:15:00,856.4122125364933,860.1985691925597,854.6904135848288,859.3229520603263,8625.049533393645
2025-03-20 01:30:00,847.6569192518052,858.9607074820623,848.0241431839479,855.1429068916531,2997.331207825225
2025-03-20 01:45:00,852.0799150719043,851.8268083948973,844.7045486579054,842.7161261858554,645.1701983082373
2025-03-20 02:00:00,850.0085242581389,851.3064295273816,842.3129185797017,846.0923171478569,1798.7339119260657
2025-03-20 02:15:00,842.0767217820455,852.261694454484,838.482979089507,839.9402507031771,3343.0796082212764
2025-03-20 02:30:00,808.9715382199695,811.1506821473953,797.1048305353896,802.3202557721319,1595.9256831179428
2025-03-20 02:45:00,787.5812768910573,798.1005528613338,784.3692574044279,790.5924241760515,8953.488078088541
2025-03-20 03:00:00,757.073422468592,764.0632915269701,753.60948275189,755.5032198699605,4264.478707114692
2025-03-20 03:15:00,767.0672188070232,773.9913138134265,762.1289812397413,770.5756277565025,7228.069462240569
2025-03-20 03:30:00,751.0211351525908,762.0463522690039,752.7414548598722,757.2933662709886,8506.394994131813
2025-03-20 03:45:00,744.5687699806828,747.1902012401791,735.0301024157096,735.9559177786861,4424.3859652074425
2025-03-20 04:00:00,723.4356243463169,723.9224230225882,716.1033377997398,719.6321803492701,6724.30305636363
2025-03-20 04:15:00,720.6905195952756,721.3679460275774,715.3285269018153,714.1199672023682,8380.399111192266
2025-03-20 04:30:00,709.5182810652934,713.7431467893498,703.6925750270168,709.0371035105188,355.3133174117849
2025-03-20 04:45:00,696.0122070023374,701.5488062554084,695.3741586141487,700.9782090227459,8523.923512414942
2025-03-20 05:00:00,694.4085436317221,700.6786799367867,691.4363145901038,695.353156755946,5507.976867301833
2025-03-20 05:15:00,715.1841580759035,724.0590037564126,712.675821622404,721.5691876990795,5309.282107394043
2025-03-20 05:30:00,720.5193078316294,719.903795411662,708.6653313259026,718.9879981805617,866.8113713464917
2025-03-20 05:45:00,717.6524250304201,729.4662198822139,718.8523834021289,718.4511281174267,330.7067760787826
2025-03-20 06:00:00,752.0320818779339,759.1311797150955,751.6479730766604,752.5663364824702,3477.165336856241
2025-03-20 06:15:00,781.9866840047621,784.466557283471,776.3510167388195,779.5832232340746,3354.713568829512
2025-03-20 06:30:00,759.6738393128229,768.9274558588248,758.06222465462,760.5882331273139,356.5578493210714
2025-03-20 06:45:00,777.7081212775835,783.6933088201561,769.3031073058942,777.6687683814927,5277.306128907369
2025-03-20 07:00:00,775.4853587402126,779.4538383062876,765.6011974801288,775.7391390185152,4228.958200791754
2025-03-20 07:15:00,767.8067959970347,771.8413640626496,759.6901662696469,765.2263593628923,9104.598606009282
2025-03-20 07:30:00,764.423728106552,771.8192327037267,761.9994452356914,763.0124885241004,6469.246353706783
2025-03-20 07:45:00,752.4750322812586,761.339711244228,749.4976217377508,751.9299331012153,3448.2846914891525
2025-03-20 08:00:00,743.4331891707217,742.922863571367,735.9262599717871,738.5173743010463,2767.9707001654115
2025-03-20 08:15:00,745.7014320720829,750.6660214590255,738.9937289047632,740.561463307417,5509.335437462929
2025-03-20 08:30:00,732.7307492037359,735.0769464299437,722.222602205964,729.1722047043637,7906.004734579239
2025-03-20 08:45:00,755.772006810563,760.4686412521606,753.3467962512166,760.6919171869507,8909.020898110839
2025-03-20 09:00:00,741.1926804255226,746.8632514231668,740.6091723156313,739.5089251637137,7505.402722217712
2025-03-20 09:15:00,764.4318795111046,767.4869530197507,758.0347431776645,764.3825508067724,3595.9426682486614
2025-03-20 09:30:00,736.5827236769417,740.6462028371641,731.9444527187416,736.3505760243194,9047.08609645783
2025-03-20 09:45:00,733.8976725697969,736.668424707036,723.7960771054873,729.9512027518383,5979.8643269941285
2025-03-20 10:00:00,721.2215581459418,722.8266276961594,712.5068295699181,719.1188712363813,4193.638772314027
2025-03-20 10:15:00,730.4004453554224,730.4057744905439,720.5557392518365,727.6210941614069,7520.187819188939
2025-03-20 10:30:00,739.278299280227,747.1760418959109,736.4026753343771,744.1804543756103,9539.122087312055
2025-03-20 10:45:00,727.8107263806169,729.1506048859003,722.7255898332155,723.6265048826626,1272.9169324172674
2025-03-20 11:00:00,721.8162389252874,726.0406544550017,714.7678925725213,722.3394619718081,1142.4614059153569
2025-03-20 11:15:00,715.72685772392,720.9494590602708,709.2232523785889,717.7216384455353,5544.963679044521
2025-03-20 11:30:00,736.7277818004115,746.8322373622481,736.6106855091047,740.6451683304813,9574.277642535148
2025-03-20 11:45:00,754.2021168801416,755.8472211330351,748.650562145987,747.653179167997,8965.293516590025
2025-03-20 12:00:00,746.5139960976624,749.5918984657388,738.658413155852,748.4308461729358,7477.674388610998
2025-03-20 12:15:00,713.6487458671418,724.1938416144708,713.0981940900697,722.3106602568188,7811.149264544406
2025-03-20 12:30:00,701.3522043808537,711.1791752363154,702.6569101164085,706.3506185857775,3246.667165282041
2025-03-20 12:45:00,709.96130382986,710.652185440641,701.4254348729366,705.3956987360336,8256.945672359187
2025-03-20 13:00:00,708.1372462808824,708.9052826004147,701.3183605574134,710.3888518276303,6591.644520443024
2025-03-20 13:15:00,712.6126993011704,717.3241444502864,711.5886202424574,714.0525607884058,1540.1075622014598
2025-03-20 13:30:00,720.8292380756101,726.4464250280259,717.5006172805404,718.7326716811949,8533.865400795927
2025-03-20 13:45:00,731.9066262112317,732.8928568018049,721.6581966556162,725.8308834234407,5723.0585738716945
2025-03-20 14:00:00,742.264992436288,752.4614186758042,741.7855867385567,745.7540736922107,3956.6509862643848
2025-03-20 14:15:00,766.6373032118967,765.5072051367907,759.5259629153652,765.3668563843748,8850.036211524746
2025-03-20 14:30:00,755.224865209343,759.4471150711623,746.5199837100628,756.2852851992499,3717.7545970242954
2025-03-20 14:45:00,755.092909942395,762.7833914317084,750.4922454522911,752.8533023762889,9861.177188480888
2025-03-20 15:00:00,760.3967767403147,764.2884101424387,752.637132494172,761.137051655916,4681.451713454988
2025-03-20 15:15:00,750.709716468948,750.2287274489628,740.1385085016001,745.2432487925814,8768.264311494486
2025-03-20 15:30:00,770.1573794687928,775.9431444233982,765.690045357324,768.7256731644198,1754.4422809983187
2025-03-20 15:45:00,765.6931313842298,775.2399512011832,764.5116860925583,766.5652943563243,8766.581949892654
2025-03-20 16:00:00,745.8021992895476,753.9306543203091,746.6186523378897,752.0994393392573,3550.1065036066075
2025-03-20 16:15:00,750.2155503964523,757.1906866995845,746.2367486169868,755.3865765665969,3161.4105732451853
2025-03-20 16:30:00,785.9287902767433,792.4431263515105,779.7059036586975,786.6420580680024,7130.095964401878
2025-03-20 16:45:00,788.2353784474675,792.7588016571733,786.0321626216048,790.1028261083605,8645.053030348172
2025-03-20 17:00:00,795.8718439532635,796.58058360564,787.1827319277776,792.7483331918606,3704.768638361125
2025-03-20 17:15:00,783.9310520364197,793.0668449863413,783.8894157563599,782.2284191563585,8930.067978302275
2025-03-20 17:30:00,805.5995592952771,811.202036842312,802.1407468709416,803.861990529319,8766.035086976155
2025-03-20 17:45:00,819.5413693741277,827.3610193973608,813.5354988187216,822.8541366781096,3574.3676864861623
2025-03-20 18:00:00,816.9126334686256,820.0258716829261,808.2000424722418,812.4903356714726,1619.93803865238
2025-03-20 18:15:00,821.8326921092851,824.8431043977729,814.0566804325412,820.0063855766097,2284.211407361151
2025-03-20 18:30:00,812.359535306409,817.6174670122734,811.5485500562139,809.9014464246588,6217.366644749785
2025-03-20 18:45:00,809.6080479879698,809.3753805077174,800.8920793242281,809.1566190801809,4237.371535444751
2025-03-20 19:00:00,780.9260216420188,785.2085712065222,777.9076805047027,776.908561603852,5204.203709965989
2025-03-20 19:15:00,788.8113658889607,799.6577507712385,785.6593076558411,790.422481673169,3855.228880072646
2025-03-20 19:30:00,788.2746664686914,796.8376876969362,783.5731581366346,785.0952384520249,8216.226259740393
2025-03-20 19:45:00,820.0651950029613,824.6336886437708,815.1678369626652,818.4475877977343,1685.703080143267
2025-03-20 20:00:00,813.15027629834,821.3876071789967,809.5244549546428,813.9001553709194,8915.036242223969
2025-03-20 20:15:00,811.439647011779,811.2844695124799,804.1603992743665,808.0248217407843,8462.224244210449
2025-03-20 20:30:00,849.5561502146126,855.7962192344089,844.8052353980854,852.8201550915746,3338.8659897528637
2025-03-20 20:45:00,825.4924803542408,833.7423594321338,822.7180801118201,828.0499537766211,1694.9909372689037
2025-03-20 21:00:00,812.8206081327572,821.1008975481435,811.5121343806939,811.1021215535424,5158.7906592356085
2025-03-20 21:15:00,811.2590106633899,820.1720170411677,809.839021406624,817.3785659997761,6939.384042950585
2025-03-20 21:30:00,825.3369006400823,827.1608665668613,814.3593897250829,817.952435411852,9735.505753259782
2025-03-20 21:45:00,835.9674479978094,846.8774082912405,833.1918249969015,838.4868802328199,7656.693164860064
2025-03-20 22:00:00,849.0122374301221,851.2760995944535,842.4513416580622,844.9067908463445,7283.3050271342845
2025-03-20 22:15:00,819.191295364528,822.141769465574,816.517054232955,821.805452964662,9131.091533263418
2025-03-20 22:30:00,826.7735337425698,836.5696027359201,823.7285791574511,826.9633035453019,3847.709880630944
2025-03-20 22:45:00,814.8318767927511,825.3621596428108,811.2799277343564,818.0152158636417,941.5571819414362
2025-03-20 23:00:00,843.2314059296582,852.5799868839687,841.657497997852,850.4953030544823,1158.2206841149655
2025-03-20 23:15:00,858.9608569802399,862.6907544717426,850.8330695174067,853.0148319456987,2928.956990090382
2025-03-20 23:30:00,867.101786238322,871.5916700862497,861.4405945134603,861.174664510893,9101.577391336934
2025-03-20 23:45:00,854.8663303171003,859.0697078296773,847.9569595066929,853.7015246431639,2257.39980033058
2025-03-21 00:00:00,843.4377200255341,850.933659766759,844.9198452681712,850.8576540063932,1727.87616583039
2025-03-21 00:15:00,866.2115744607197,867.8900373793814,860.037304997085,863.5767647960075,6651.562707902613
2025-03-21 00:30:00,843.4987264320652,849.2859050328578,845.1338880003076,848.4916169456859,9253.391069050967
2025-03-21 00:45:00,854.9192143620068,859.7491063999382,853.3392569165615,851.0681138136727,4505.2708134019385
2025-03-21 01:00:00,826.3673227015419,836.4698881211267,825.0608884939442,824.3913695723136,8311.11325966028
2025-03-21 01:15:00,842.986495613664,849.8219966616906,836.0193877069503,843.5522703093426,9678.666799987488
2025-03-21 01:30:00,816.7676408429367,823.9074534374212,816.8483777415971,822.2147077476158,901.9891999900116
2025-03-21 01:45:00,837.0656777595262,836.6535619975512,825.9876233202517,830.5233035899796,8182.980800733039
2025-03-21 02:00:00,825.3561129452876,836.4237848271013,825.9766767835678,829.6918897903491,4871.248345301961
2025-03-21 02:15:00,820.703231835627,821.4502807700878,814.5202105112689,822.7518135426609,4102.425790894556
2025-03-21 02:30:00,839.0023768348517,839.866625253153,833.6834315253384,837.95447173371,5961.08690444335
2025-03-21 02:45:00,815.8069588711045,826.7983837154762,814.730736762872,818.2783035195296,4914.148357279465
2025-03-21 03:00:00,829.2574763937738,838.8271598895215,825.795998355012,830.5731827153792,5300.460775995118
2025-03-21 03:15:00,842.7117647057737,840.5413827084118,830.7586780806764,837.8042112978158,9289.918996876071
2025-03-21 03:30:00,840.4122192563668,839.0018158945873,830.4103582802585,835.5136754370905,6741.448708908642
2025-03-21 03:45:00,834.4323262552504,840.6347632815472,830.7024460453,833.6065087989267,1382.721849594064
2025-03-21 04:00:00,842.1269617315303,852.3807585586788,838.6367742123938,843.1561165030045,6171.647470793961
2025-03-21 04:15:00,851.7106080810559,859.4217675216305,849.0559448650004,854.9432708313747,7679.171716286669
2025-03-21 04:30:00,845.9057903974098,856.8459383506497,842.0255817605514,850.2102545612561,6789.9096940733125
2025-03-21 04:45:00,850.4040778107766,860.0553613526351,850.889972073345,851.4937900219528,1225.789619861663
2025-03-21 05:00:00,828.1197557407136,838.2382595320961,828.4319639421875,837.2379838921069,5846.396791466529
2025-03-21 05:15:00,836.0800673926885,843.3030535761995,834.9556967388997,844.7594475622172,3768.18018868772
2025-03-21 05:30:00,847.7076882967879,851.2263957198267,841.313195375991,845.1192430342743,4149.237661360509
2025-03-21 05:45:00,842.3343018210562,848.0426539830572,833.1976840408014,843.132140949156,3861.7152507901055
2025-03-21 06:00:00,855.4997618655455,861.5617719052356,851.4360105586201,857.9849478866083,8637.134177649576
2025-03-21 06:15:00,849.2852809430908,855.8926661716887,847.505140868235,851.0988261091455,6008.581040470247
2025-03-21 06:30:00,853.5686573375369,854.8234175178376,846.7269555724693,854.0187363979643,8643.526165077335
2025-03-21 06:45:00,834.5890923329599,840.5685024165534,827.0228515391136,832.8898422415592,1242.242982614353
2025-03-21 07:00:00,824.5999315728742,830.708722019519,819.8934149092315,826.305034092467,1053.1194155544754
2025-03-21 07:15:00,825.1133744785319,827.8676348667663,817.681591193908,823.8741723259254,3324.890915458867
2025-03-21 07:30:00,844.4706613358027,843.7914607801185,835.7995706791053,838.2704586262614,1741.238815261095
2025-03-21 07:45:00,858.5821794786522,865.5432437877477,851.7359060267704,860.1110186995311,4391.870885874808
2025-03-21 08:00:00,843.2804377221878,843.1809777307913,838.3825042459097,840.8235183107787,1244.7409836728957
2025-03-21 08:15:00,854.092497609099,861.5169799371271,850.1627817574873,858.4388143094372,8108.830208801195
2025-03-21 08:30:00,859.785548089408,864.6193691146302,855.1502389627882,857.9558264537518,7647.0814006572255
2025-03-21 08:45:00,840.6779782981085,847.1008551048534,833.8118675484598,839.0493136898992,319.2186926067877
2025-03-21 09:00:00,831.2111218281943,839.8860083867789,831.8848776392815,836.6574339297615,5684.56170584802
2025-03-21 09:15:00,839.3153198301103,842.7932141796075,832.7021591590226,841.1831171595679,4138.711334848073
2025-03-21 09:30:00,857.0864145356159,867.1586164969568,857.2679995893048,862.7803947306897,928.4875498239786
2025-03-21 09:45:00,835.0094543267603,844.2142537378867,828.894986052508,834.2709956462454,6324.4504939088
2025-03-21 10:00:00,838.5276299704037,839.3055779221912,828.8938850566062,837.5824076340048,721.6931663082052
2025-03-21 10:15:00,817.381006124791,825.2348593818308,809.5547518412518,819.2596853617001,7442.872449137195
2025-03-21 10:30:00,790.6854271570869,798.7877756706002,792.740286412897,800.0365230601377,6012.029542089522
2025-03-21 10:45:00,805.6031713779868,811.2529928969307,796.4557444826349,802.4534630945842,3154.844887944346
2025-03-21 11:00:00,814.3782372816173,818.6419995639566,812.6546426513053,820.5604179412652,2114.77428091785
2025-03-21 11:15:00,806.6538402709658,811.9997005773444,796.1764265906667,805.0891890668181,1888.993189798137
2025-03-21 11:30:00,782.6653856063194,791.7914745713354,781.5045733516492,787.5008319780795,7603.82036539699
2025-03-21 11:45:00,807.5794367173689,807.4200105771928,801.3408909190114,800.8939635257224,9508.066496015277
2025-03-21 12:00:00,810.8100836781039,810.951256537067,800.9972073003627,812.1185884209788,6638.747427983163
2025-03-21 12:15:00,812.9997485888927,813.7346514344523,805.8328870289422,814.1124545218089,3171.789823684704
2025-03-21 12:30:00,825.8512688517594,828.751447041029,819.2313691559106,822.9723756530275,9434.889328063202
2025-03-21 12:45:00,784.1437080707932,790.1740625943196,780.3040538123714,788.4553720881844,6845.070822155252
2025-03-21 13:00:00,779.5693667588728,780.1036794233097,771.2009708514826,775.7988235612245,9357.769513015715
2025-03-21 13:15:00,786.28610454048,796.2885055961647,785.0224789962681,785.2775987570839,1364.0853735791254
2025-03-21 13:30:00,808.6086189156038,806.7235017233562,798.8751304014395,801.4753297177265,7519.221254742438
2025-03-21 13:45:00,827.476317912544,833.3541789364667,824.6226688583321,826.3158632130334,9243.843014178507
2025-03-21 14:00:00,841.2568173190059,846.6805199478714,835.5004191208014,844.0025914630131,9927.045020673484
2025-03-21 14:15:00,837.6095238054646,841.4446666637756,834.8589033020685,837.2733843736876,6746.228230448193
2025-03-21 14:30:00,856.6678992365546,857.4141712780607,850.3062073369107,852.70192137149,7998.911587558983
2025-03-21 14:45:00,848.6258047758471,858.2700614639941,846.4749175132614,849.705829907317,8235.87895484794
2025-03-21 15:00:00,856.362081821341,859.040223498717,847.868654172871,851.8461743922168,8152.058065853379
2025-03-21 15:15:00,847.9488954768605,856.419477147376,846.8864605144062,851.7842116426131,657.8038258764705
2025-03-21 15:30:00,859.6453780690323,870.6059158703298,857.6583524922956,861.446182625718,1762.0604629738762
2025-03-21 15:45:00,875.0115380947085,882.3709970544255,871.9106651627864,883.3840965054795,6034.651065043339
2025-03-21 16:00:00,873.1253739126122,880.093067423356,872.4387091329962,873.4500096826205,5444.043576052375
2025-03-21 16:15:00,852.4373814538914,856.7703541502193,847.0211453927234,858.2992491216087,1250.24243368038
2025-03-21 16:30:00,855.3815811398041,859.3421658139661,850.083759420439,852.6692326898876,6464.240949157619
2025-03-21 16:45:00,883.8938779576899,889.4086481293235,880.9749092494134,878.7908683220859,5248.649275992313
2025-03-21 17:00:00,904.7228956445522,907.713636261599,898.078055323422,902.809368573793,9709.051746095674
2025-03-21 17:15:00,888.1537753781171,893.7947964062299,884.1107908742445,892.8522022288829,9504.300544295384
2025-03-21 17:30:00,871.6459702546582,877.5631377355526,867.675983667022,871.3183797006564,3221.889067278858
2025-03-21 17:45:00,861.9783078531954,869.4838765524823,861.9214476224873,862.1962962027833,8358.914485182406
2025-03-21 18:00:00,869.4093177664626,868.6667524937253,863.7394234905576,864.7673181971286,2608.0335540901706
2025-03-21 18:15:00,876.4824689822741,878.0345120797039,866.6151365626753,873.0144146994058,9164.999764756674
2025-03-21 18:30:00,875.2369655250321,880.9696086486032,868.0920862712975,875.7460945880712,3003.9744960038174
2025-03-21 18:45:00,856.061751445763,859.3153093244478,850.00730498741,855.3569022941717,5073.784184884959
2025-03-21 19:00:00,862.5267056859637,865.0750090214781,857.830404209389,858.9939365964084,3192.6257217426364
2025-03-21 19:15:00,858.8738204390023,863.4547461809409,850.5738597258384,853.2353159546192,4534.320414143792
2025-03-21 19:30:00,892.2509234306248,889.7972956901465,881.2674285231057,887.3708811507106,6651.075564540272
2025-03-21 19:45:00,878.6448428519453,883.7295444993623,870.4360303954569,878.914349023891,891.7949144371901
2025-03-21 20:00:00,877.9943340417306,883.3705352619622,873.1204092304921,875.3209199905988,8852.322563111802
2025-03-21 20:15:00,883.2298211955618,891.6429041591828,880.2008141134439,890.1930159104768,9221.662035693571
2025-03-21 20:30:00,882.0802092738082,883.7229039699245,872.6824526098544,878.2878013941446,7863.991536057649
2025-03-21 20:45:00,864.587365894552,868.5433494375739,857.3916085850921,866.9210019056289,9850.038201397965
2025-03-21 21:00:00,832.383780600912,835.4387284384679,826.0893998537676,828.1331982493562,3778.07845266939
2025-03-21 21:15:00,854.1883514155743,853.3033652102304,844.6776340774983,855.6709324408024,8184.379730483283
2025-03-21 21:30:00,841.962376874614,850.6601160031454,836.6743764392968,844.4451661140195,6025.2683176707915
2025-03-21 21:45:00,843.8863352447072,853.9400044811504,841.1823654495741,843.1294442698589,617.1242326128267
2025-03-21 22:00:00,842.65650163953,850.2788323553796,842.6967959275466,845.2316899792913,5702.541204215373
2025-03-21 22:15:00,844.7363970642509,848.411505155351,838.5172673052407,844.8566298108626,5105.406947706327
2025-03-21 22:30:00,848.6066439152343,849.9669612082527,838.7980587106407,841.7382449682624,4866.067807847617
2025-03-21 22:45:00,817.7232150132892,825.8764284540839,816.9521087174932,820.818325756942,2463.6338378781675
2025-03-21 23:00:00,826.1780712495396,831.8486637683992,822.1016578016582,825.8496599293835,5335.131638834722
2025-03-21 23:15:00,832.6530735983547,839.4676904246634,829.3267238283883,834.8085189392825,323.8094251065104
2025-03-21 23:30:00,845.3959473163598,845.1406230437047,836.6613600687554,843.22132693845,6307.539476255194
2025-03-21 23:45:00,829.8846410954628,834.7303326583284,824.6128882347783,826.9612694967465,6150.8662373156985
2025-03-22 00:00:00,807.7960793817746,813.9741544785174,807.0554469859615,814.5450918428105,6298.856760217887
2025-03-22 00:15:00,802.7449070402993,810.1645772824702,803.0585880907779,805.5347282411876,6443.267956804861
2025-03-22 00:30:00,784.6471141067907,795.0698832243039,780.7997511296261,783.7445961456895,5234.674438837524
2025-03-22 00:45:00,801.2396107576452,802.4859153494739,792.6379439373186,798.0739118683714,1653.6146532172058
2025-03-22 01:00:00,833.9318373782132,840.3491304702906,829.0198110077059,840.451432970924,2839.141281102011
2025-03-22 01:15:00,855.3805925299198,864.236009685961,851.0366759427609,853.5834250202118,6564.4259656505965
2025-03-22 01:30:00,877.0257170396249,882.8476983220967,867.8444073286304,878.4774456547221,5830.851943137057
2025-03-22 01:45:00,857.9716727110249,867.4784015163201,858.4391506177778,860.5592206686935,1900.7320071441045
2025-03-22 02:00:00,840.2277191982818,846.9439162442828,839.590941415943,847.3543770005709,3477.4354817589765
2025-03-22 02:15:00,838.1222772151846,840.6652766943924,830.6848096162444,837.5350806087182,7475.692289809996
2025-03-22 02:30:00,840.4899243608119,841.657041217704,828.3649992641505,834.05101471124,7600.249327981419
2025-03-22 02:45:00,825.5267081102098,828.6978879916225,821.7543040478769,825.1642147420366,7810.019858112111
2025-03-22 03:00:00,858.9662037522186,858.6176381519813,847.5989492581473,856.2184380462767,1953.821776967791
2025-03-22 03:15:00,872.1824492500757,873.1870052256614,868.3031657847624,875.1711787071723,6267.173453164842
2025-03-22 03:30:00,880.4780943274837,887.2065817255478,878.3076775278819,885.6947284302477,6449.615460398884
2025-03-22 03:45:00,868.2095935211513,866.9778954016722,859.1250750552197,861.0047231796183,4434.820235395643
2025-03-22 04:00:00,876.1183699795528,884.6320805420636,877.2351038377394,877.9681500017532,2422.0926373576276
2025-03-22 04:15:00,857.303546751994,865.2162791753503,853.9772787587398,860.4389043412334,1958.2026440050265
2025-03-22 04:30:00,857.678382234941,866.2261228925838,855.7197166467848,861.4969660015337,9454.468351942802
2025-03-22 04:45:00,876.7858676649558,877.9796326762757,867.02386422901,876.9015834038526,194.20177182612775
2025-03-22 05:00:00,918.1080566454219,918.538879639591,912.0845084362301,917.6113141301214,3872.368780420047
2025-03-22 05:15:00,913.181147667742,916.2200654254136,905.6914598985678,910.8908050682279,1354.5703928713172
2025-03-22 05:30:00,906.2676308012965,914.2910997670484,899.0397657075437,902.0484827640365,7080.4018323408145
2025-03-22 05:45:00,909.3741383988802,913.3224066030522,904.5387463644095,906.5090188968389,1573.6797129411352
2025-03-22 06:00:00,928.4456637522927,934.2949901134626,925.5451587845832,924.4522028436182,2983.1606100414997
2025-03-22 06:15:00,946.3826000823037,950.9981323140489,941.4671800557575,947.1740819844538,4800.701895548122
2025-03-22 06:30:00,944.0821723198485,948.315033067627,940.476752605,941.9248380766596,146.49072602050254
2025-03-22 06:45:00,944.2138500539245,955.9204250839047,940.8418992707661,943.2565989100628,2959.871260715039
2025-03-22 07:00:00,948.1439942022945,958.2546754062628,946.4551301032142,946.61341824098,2511.570288192483
2025-03-22 07:15:00,960.9722657295307,960.868427282858,952.51425800199,952.3606142494458,4814.474334829211
2025-03-22 07:30:00,964.4850234969174,964.7964467899477,956.3377967039648,960.7365774048112,5899.0674770213045
2025-03-22 07:45:00,935.2722564198584,942.2003395978122,932.5844096302103,936.2950413385412,1499.4291888922291
2025-03-22 08:00:00,929.438250877637,935.4751092309339,928.6667241090497,935.7773884413316,3680.516280297242
2025-03-22 08:15:00,928.2020550186159,939.2030207973121,926.1160982100798,928.6366299875906,6100.4140276195885
2025-03-22 08:30:00,943.8252628770698,948.8613486881177,937.360476080846,944.2773179044158,6151.083151752961
2025-03-22 08:45:00,966.0035326953289,971.0088687494073,962.0124154447665,963.140419199025,6606.593877934598
2025-03-22 09:00:00,972.0443329225789,972.9932909812079,962.3512556646967,970.5066052997315,1541.1887075109066
2025-03-22 09:15:00,949.9658028348817,954.4676885968471,942.5829109630183,951.1119722911578,6722.213298894303
2025-03-22 09:30:00,930.2206702195357,941.6188606661883,931.4231563600487,935.1312523403959,8062.996960975107
2025-03-22 09:45:00,925.9288184612419,933.9493716502741,921.936502948008,925.18389820794,5755.007115891778
2025-03-22 10:00:00,947.989896750396,949.0749654859725,939.5162927646212,947.9463492901795,7521.539147520453
2025-03-22 10:15:00,987.498050777529,990.9803195052955,978.837720812909,991.069284269318,9693.214639978454
2025-03-22 10:30:00,980.5731926710769,983.5373189789824,971.8469220036276,977.7997117255783,5476.807440961091
2025-03-22 10:45:00,1017.7413635436948,1022.0857203693096,1015.7160574217254,1020.7191835536046,9216.639646086323
2025-03-22 11:00:00,987.0024212366359,994.4773636233383,981.6982103832844,984.226570832318,6517.2081043717235
2025-03-22 11:15:00,1006.4993242183261,1014.5304118644091,1001.5402909741813,1011.1669118486296,7932.0675173259715
2025-03-22 11:30:00,1049.511247443349,1054.8092335016534,1048.1783505045103,1049.319989423574,8616.32372517306
2025-03-22 11:45:00,1045.2753645941114,1048.3318766560133,1032.713537144423,1036.507023424196,7813.790286852552
2025-03-22 12:00:00,1038.073066522546,1044.2212555728354,1032.8935334901048,1044.5969222382414,2880.088423476186
2025-03-22 12:15:00,1025.1162142572443,1028.423336969646,1019.3499247331549,1030.7792664894062,299.71793777116955
2025-03-22 12:30:00,1005.3185041035085,1013.6157562866938,1005.7196840172186,1011.95672316765,917.0616163343369
2025-03-22 12:45:00,1022.9758956228795,1023.7039948787934,1016.0817307732959,1023.6167988869397,684.8733168390191
2025-03-22 13:00:00,1011.1436808710051,1010.9455575451614,1002.0766088195344,1008.0378069675629,6739.060946536063
2025-03-22 13:15:00,1023.9709904876916,1025.7320246486222,1016.5465186974232,1021.9995067719469,3509.4073645122958
2025-03-22 13:30:00,1034.866306681579,1033.0686703538106,1027.2768173632448,1030.0269930300383,7039.539946494779
2025-03-22 13:45:00,1051.204040310991,1052.5182929301939,1044.1922200185104,1049.07756331695,1833.0550622697378
2025-03-22 14:00:00,1019.5551898366563,1028.537458975709,1021.5789176862029,1020.2074567053002,4849.34838963816
2025-03-22 14:15:00,1069.8866793468474,1077.4041235963753,1069.9653085563082,1073.280779893174,7160.7746563621295
2025-03-22 14:30:00,1064.712192082266,1071.8572766035406,1059.148882415135,1068.5933569650388,4821.155954569998
2025-03-22 14:45:00,1063.2287645542579,1066.720957596038,1056.1717796567095,1061.5030484318856,2185.4953197866557
2025-03-22 15:00:00,1053.8527005520905,1059.259667949331,1049.404938115429,1054.2531069229549,679.3238928378879
2025-03-22 15:15:00,1064.2697728876053,1071.458093782123,1059.7274276336036,1065.6285604798795,3569.360225697893
2025-03-22 15:30:00,1080.32607105605,1079.120216393393,1070.3847238838403,1078.8665837638891,6223.931153405493
2025-03-22 15:45:00,1047.2666243198405,1045.9811051987574,1040.1488541555213,1045.2571432643176,6416.99478906676
2025-03-22 16:00:00,1055.076632684607,1062.4941448748334,1048.20227137158,1060.455277560968,6613.992442808204
2025-03-22 16:15:00,1063.130008039111,1071.9561904473799,1060.466501657119,1059.5888218899045,8093.534854301952
2025-03-22 16:30:00,1069.4724366012392,1071.1605483908522,1062.7547020792056,1070.8479127871328,914.1584952809318
2025-03-22 16:45:00,1066.9365490097903,1068.8651380428175,1059.8988447260983,1062.8497991179688,1206.737266353923
2025-03-22 17:00:00,1051.2474674757939,1058.2375937979677,1046.4123736019603,1050.5605382669974,4313.024073148409
2025-03-22 17:15:00,1055.087967388059,1054.3436632987389,1049.4101310184503,1046.9288746580216,8176.278766828293
2025-03-22 17:30:00,1064.9869334669215,1073.000397114307,1061.1073688198626,1070.4762571938218,5365.3783911746705
2025-03-22 17:45:00,1080.0094044937741,1085.805772728157,1076.9652952633726,1082.296605051116,100.51215350350007
2025-03-22 18:00:00,1064.803194173897,1073.9073607673588,1060.4940033186176,1065.052955734001,6938.466394460987
2025-03-22 18:15:00,1076.7545593137957,1086.804562658871,1075.5256637150756,1076.731768646001,5815.287395586976
2025-03-22 18:30:00,1098.6794660654843,1107.4561095763634,1099.0376295394608,1101.5535929168716,4042.5717680901976
2025-03-22 18:45:00,1115.3888088782069,1124.214776053221,1115.5349188938974,1115.1491058887063,7083.8787637281275
2025-03-22 19:00:00,1121.7423225984403,1130.2482305178503,1120.2669876863094,1126.4667546521457,111.79090748160367
2025-03-22 19:15:00,1121.2000156451998,1127.2519038645255,1117.3073323477302,1121.9850412115966,5300.907914904208
2025-03-22 19:30:00,1116.068400539713,1117.7687387925741,1108.5350310989859,1117.0893697049146,5601.589018970026
2025-03-22 19:45:00,1134.878804920304,1137.7316740212507,1126.036496491013,1134.9140521289137,5617.467677243771
2025-03-22 20:00:00,1133.2041449463786,1139.5619047022394,1127.306708027023,1132.7406457689572,640.1726398332042
2025-03-22 20:15:00,1137.4840682416536,1147.8243961310432,1135.8739242504803,1141.214166656097,6469.413944399182
2025-03-22 20:30:00,1156.1829301751736,1155.1444986881525,1148.9284795737683,1148.72291215839,6110.67265642792
2025-03-22 20:45:00,1140.9113716506936,1150.0931242724428,1138.4974682631496,1144.0283573619981,9498.943382601234
2025-03-22 21:00:00,1157.368770152378,1159.319712505375,1149.5215802874181,1161.4063975956697,3118.944813952656
2025-03-22 21:15:00,1142.0783291724429,1154.1890126576934,1142.4941393115173,1150.9181590526932,7872.512099552659
2025-03-22 21:30:00,1131.3311220662392,1130.4032798356684,1122.2255193050332,1125.920708383236,8240.241468553264
2025-03-22 21:45:00,1156.7838065968813,1159.8955298386427,1145.8717593641434,1149.3137239469474,4311.4960060494395
2025-03-22 22:00:00,1154.030967576474,1164.1637746533274,1152.2229312263787,1160.2404298787665,3056.300875947228
2025-03-22 22:15:00,1175.1260896799865,1180.8402277524226,1171.6610331230422,1172.2170065068415,9563.7550894087
2025-03-22 22:30:00,1182.9093082615161,1187.806768349316,1179.045349883323,1189.8659749158223,3758.9010982065356
2025-03-22 22:45:00,1203.3325857274074,1209.686091330376,1196.5057255699442,1203.120350591773,6572.995437056192
2025-03-22 23:00:00,1204.1105529063,1208.086764501488,1199.7987420579018,1202.1933222027224,4125.901278635991
2025-03-22 23:15:00,1188.1907749918796,1195.2560310406989,1181.290748688543,1191.2924110916247,8679.09278563379
2025-03-22 23:30:00,1166.6983531350631,1177.1728632549246,1166.0967776722478,1167.3829367612002,4486.97184159108
2025-03-22 23:45:00,1161.3724539235461,1168.8726898652867,1158.6704827885342,1159.042421808232,3414.204272086386
2025-03-23 00:00:00,1165.2998098621922,1174.892463307378,1166.2509668064358,1167.8072091000818,4819.203262988477
2025-03-23 00:15:00,1183.6248103430967,1186.6708944612863,1175.1341683438618,1184.4467719989439,9643.434824526099
2025-03-23 00:30:00,1156.4926238403243,1158.4034703307923,1148.7052339064276,1160.867370101869,8869.200480377898
2025-03-23 00:45:00,1141.3570669675605,1146.9858452194615,1134.7170940778967,1136.1162561008014,4432.293248837619
2025-03-23 01:00:00,1139.0756418320161,1142.542447063527,1134.986656972924,1137.0572093216936,8477.254656864372
2025-03-23 01:15:00,1147.528028773758,1153.3392329756673,1139.8456650385872,1149.0235262488156,6182.3081707234
2025-03-23 01:30:00,1148.48200687619,1152.783787134212,1143.3096631352175,1154.522924746875,5824.134782394553
2025-03-23 01:45:00,1166.1908897876572,1167.5236672849928,1156.6379524536253,1160.5422951547396,3495.0452300255397
2025-03-23 02:00:00,1157.3167327837434,1159.2847480877492,1149.8133737052976,1157.0583170685693,7516.819211605717
2025-03-23 02:15:00,1173.7581018160681,1177.4776009774066,1166.0318785557872,1167.1024622982634,1153.7555924773299
2025-03-23 02:30:00,1182.0747474277955,1180.9784443574329,1174.1061074460858,1178.8216085069262,227.83348272832194
2025-03-23 02:45:00,1212.1281423494036,1216.7456082313456,1208.7974685910767,1212.1322830251438,4366.750515401886
2025-03-23 03:00:00,1222.465819385116,1224.6211362237486,1216.1139812972935,1222.4324400154587,6029.880788249132
2025-03-23 03:15:00,1209.7333404250553,1220.2211928927666,1208.1551520325377,1214.9136561483624,8587.761133256476
2025-03-23 03:30:00,1207.8883474708966,1218.5260031199732,1205.4416960953226,1207.8060218380901,7868.0913583034135
2025-03-23 03:45:00,1231.0880709456476,1237.005280651904,1228.925756615937,1235.3199564723784,1030.4947819642914
2025-03-23 04:00:00,1248.069406570437,1253.4350040868017,1242.4117518292046,1253.0917608623326,3299.7856325935027
2025-03-23 04:15:00,1219.460439985409,1222.1256913631653,1213.159769054871,1220.459469813826,8127.4729978286805
2025-03-23 04:30:00,1234.6820598343438,1237.6664141166261,1229.9372561605458,1238.0745009588393,5030.451969064659
2025-03-23 04:45:00,1225.8387399021005,1224.9941302916413,1214.2083891808875,1221.6415791893644,7479.980831002658
2025-03-23 05:00:00,1205.2054603502688,1205.8493733786493,1198.140756754264,1199.9735968137022,5707.291510453786
2025-03-23 05:15:00,1196.1181546910689,1203.195094946533,1198.8416716880765,1200.8427601368717,9872.874907927795
2025-03-23 05:30:00,1177.142251570102,1186.4432531758591,1175.7358826838354,1179.8376819284813,3652.94938915106
2025-03-23 05:45:00,1169.467347265767,1176.7044374703698,1171.4658946465809,1172.756522523433,775.4053741058125
2025-03-23 06:00:00,1156.9569562517963,1160.9677548150091,1152.5923605056032,1155.4678429994926,7790.902075251732
2025-03-23 06:15:00,1154.817042826015,1161.792460154908,1149.150644385314,1156.71773066178,1823.7321713085182
2025-03-23 06:30:00,1150.0430040293988,1155.6885202549806,1146.1595476595721,1152.2347141887842,9904.458450734592
2025-03-23 06:45:00,1153.0767502621425,1159.4992904536534,1151.5855482476477,1155.5137322939302,4459.433413290444
2025-03-23 07:00:00,1175.9855331248984,1175.9448798520093,1168.3059737562837,1173.2512225449814,9875.51219407212
2025-03-23 07:15:00,1177.1985629631329,1183.3179450078696,1177.4945829270507,1179.420275416976,9141.20186657367
2025-03-23 07:30:00,1141.2771053568413,1149.723600282,1138.7460527638398,1141.4848398014617,5044.830046186224
2025-03-23 07:45:00,1142.066005745474,1149.4534694910212,1138.2265994355485,1145.031750081218,1084.6387402111936
2025-03-23 08:00:00,1143.7580182563167,1141.4144209372407,1131.5688275671537,1141.6883762702291,4825.384568866993
2025-03-23 08:15:00,1122.6935334662319,1132.3242900775947,1120.9626853335988,1121.951604179229,3718.909295557669
2025-03-23 08:30:00,1137.573096507007,1138.4450316490436,1130.4249131768595,1137.3774611949475,7294.618612609319
2025-03-23 08:45:00,1096.1817810233135,1101.3992528599408,1094.1926103332091,1099.7798245729048,496.81371039730806
2025-03-23 09:00:00,1116.8249907101538,1123.3568175082623,1114.330745568083,1116.3186809111887,6963.875841261457
2025-03-23 09:15:00,1114.9243957954668,1121.039057903935,1113.886381204307,1118.013356978253,8941.141318136217
2025-03-23 09:30:00,1097.5992208177174,1105.339855500985,1094.634640716419,1101.7956081362984,6988.064330408815
2025-03-23 09:45:00,1096.2721991476346,1105.580252660953,1094.274939160514,1101.7585849590118,1444.5234464555529
2025-03-23 10:00:00,1077.803030116043,1082.7771449330048,1071.2984640811846,1079.1391249870876,1737.4009741519617
2025-03-23 10:15:00,1097.6490758669147,1098.3795896502174,1089.0904581996183,1096.8811605320889,3651.5355387820446
2025-03-23 10:30:00,1105.4438808418197,1110.3712231888255,1101.9434640342363,1105.4221759473833,5676.631025208005
2025-03-23 10:45:00,1103.667511092621,1109.6640942730062,1100.3018575712076,1111.5256960847819,8172.811261610837
2025-03-23 11:00:00,1125.6313723987828,1130.6559178944783,1120.0679573262312,1128.8645956853868,3989.357623032507
2025-03-23 11:15:00,1107.5083503091598,1112.2319587332977,1105.9965937373702,1104.3361888773675,2435.1542744155017
2025-03-23 11:30:00,1118.6339236414444,1123.1678426748074,1112.280550328808,1114.489309067979,2610.4900505823516
2025-03-23 11:45:00,1110.3767033651402,1117.8326248504502,1109.6943969971571,1110.6991538196944,3771.7917182616475
2025-03-23 12:00:00,1114.4587050144717,1118.0253848094949,1108.579126024684,1111.415664227433,4153.747455307102
2025-03-23 12:15:00,1129.2288364683852,1131.8348439602698,1119.7765343853873,1124.1920725618393,8564.489969835173
2025-03-23 12:30:00,1106.0726623572748,1116.8611894830372,1106.6981087911754,1108.9314284584032,7514.1323808900515
2025-03-23 12:45:00,1093.3299046212542,1098.0847596299004,1087.597218268376,1095.9040651507937,3636.2227050267184
2025-03-23 13:00:00,1046.0153587759667,1058.7435272203793,1046.1422046685107,1048.5148451260197,7670.977826922211
2025-03-23 13:15:00,1080.1258428412218,1080.9311508525366,1072.4074634225963,1078.5223697915249,7497.034229734098
2025-03-23 13:30:00,1062.7823049422439,1072.532368788404,1061.5045543059339,1066.6417640652774,4341.9073069174265
2025-03-23 13:45:00,1048.2602614277919,1057.0340379827835,1047.2068444988695,1051.195588954549,675.6977997097954
2025-03-23 14:00:00,1082.980346630921,1082.8266045562018,1075.715698735837,1081.3818896901105,4413.05525063949
2025-03-23 14:15:00,1065.7479677325687,1066.4675386731756,1056.3649717188907,1060.0486369463797,6024.513166168965
2025-03-23 14:30:00,1041.2606525700517,1050.7464149011964,1041.9082552187797,1043.1169124425162,6904.935295902511
2025-03-23 14:45:00,1052.1687528491793,1060.0502439223749,1049.1042258809568,1060.565402426123,4660.980247750402
2025-03-23 15:00:00,1066.4913499604882,1070.8847466605928,1064.9513984033513,1067.8996881731946,9123.717720980645
2025-03-23 15:15:00,1068.4564822725288,1071.5715897161292,1059.7022075976765,1061.7773251748179,6961.128860257369
2025-03-23 15:30:00,1055.4551387548504,1061.1591303292848,1051.3286754484668,1059.3976520010801,9410.628206823996
2025-03-23 15:45:00,1067.5464524408976,1073.4752774896958,1063.854831766612,1072.071668514459,4348.0276261271565
2025-03-23 16:00:00,1083.0675433065298,1088.790182985249,1078.2914788717753,1086.3437919964074,3810.5492376891084
2025-03-23 16:15:00,1092.4301859615896,1095.2258097119898,1081.2647974995368,1091.9834646646873,4913.876369586496
2025-03-23 16:30:00,1063.1402603445863,1062.2122919743376,1053.2239457774547,1056.4525732407626,162.875050932948
2025-03-23 16:45:00,1080.9811601565066,1083.6672485830309,1068.487738678119,1080.268224701202,3207.4188210353605
2025-03-23 17:00:00,1083.8282294348144,1084.187589370731,1077.0521059004259,1077.0021255497313,3739.9240402622513
2025-03-23 17:15:00,1078.2440848587237,1083.1682030387017,1071.1783447583546,1081.4667772614685,8314.961732053473
2025-03-23 17:30:00,1069.7452762059565,1074.930071176861,1068.060825001267,1074.6360035185696,1574.3707034228814
2025-03-23 17:45:00,1055.4060720766959,1060.6424507196093,1046.620611308173,1049.5005775949624,1783.4219612219651
2025-03-23 18:00:00,1036.990822869064,1039.7547838949213,1033.575919792081,1036.6392771897179,1482.3809359592076
2025-03-23 18:15:00,1025.722201068119,1026.312377171713,1015.2450214873165,1018.849415961182,8807.957163220188
2025-03-23 18:30:00,1051.4874654688358,1063.894559807985,1050.9728174275808,1060.0367841443103,8181.529472463107
2025-03-23 18:45:00,1049.2509255283826,1050.017536008935,1044.3476482317978,1042.9822753824753,1477.881413433652
2025-03-23 19:00:00,1045.1193364511673,1046.5969540717128,1034.9066599868886,1043.9666660105581,7677.491452327121
2025-03-23 19:15:00,1061.8404042315171,1061.8646925890205,1052.8884026495655,1064.254280912262,3744.4219015048493
2025-03-23 19:30:00,1055.614686786725,1064.2830326424826,1051.539711758464,1057.724447427369,808.1709002073245
2025-03-23 19:45:00,1102.4669419469676,1103.624078529259,1092.9908925698714,1098.139115545072,7447.408017029991
2025-03-23 20:00:00,1096.091752076655,1103.8670047822136,1094.2430870170992,1098.6912874002512,4400.124743922678
2025-03-23 20:15:00,1098.3378030187034,1100.4704301112174,1090.2035857479775,1096.8504918206104,9881.932592647117
2025-03-23 20:30:00,1108.222373699597,1112.5734255427967,1104.3018817896345,1109.9796521529945,2382.09750658057
2025-03-23 20:45:00,1136.3791367908832,1135.3381846095517,1128.6939797239643,1136.4562059709128,2199.8077690238733
2025-03-23 21:00:00,1123.2651026435326,1128.862963247503,1118.728973909252,1127.7886558984142,4153.088039323286
2025-03-23 21:15:00,1119.4297210940929,1126.7759347549668,1121.8781117733377,1120.386936949704,9200.19230562423
2025-03-23 21:30:00,1146.8441063068426,1148.1451864487697,1137.6308739663289,1145.3405501551695,2111.7617485318624
2025-03-23 21:45:00,1138.7365331765188,1141.374075746248,1131.1539790914296,1136.1690933213297,553.0662709633527
2025-03-23 22:00:00,1183.46694082194,1183.217186091094,1175.8965712941026,1183.4740189935112,9925.88039340964
2025-03-23 22:15:00,1155.4944652608706,1160.4638326705863,1152.6959181724621,1152.0833167902879,7006.022725720198
2025-03-23 22:30:00,1168.82609739302,1171.9053188811713,1162.711748417582,1163.425728610583,5474.798176312336
2025-03-23 22:45:00,1141.286890606075,1144.0241218607464,1134.9396174376996,1140.0245245290773,2350.167091452282
2025-03-23 23:00:00,1147.2021690639776,1151.6588049278573,1141.3839797351209,1144.055375109092,7210.314773565549
2025-03-23 23:15:00,1150.1872845759915,1159.6165614664412,1146.8325891746501,1156.8012959780774,6631.896859149102
2025-03-23 23:30:00,1161.5684522038177,1169.5559259963218,1162.4337934476425,1166.1131646623937,4969.000103993864
2025-03-23 23:45:00,1130.418331988548,1136.5039764785975,1127.0688189253788,1129.8346778058124,4984.351542361568
2025-03-24 00:00:00,1131.2762454987671,1130.4576104717555,1122.6742767530013,1127.606752695419,9770.535458911458
2025-03-24 00:15:00,1133.284417447093,1136.2445031965394,1123.578494937002,1129.3458327936914,2314.9356139900815
2025-03-24 00:30:00,1142.8343426393933,1154.6599238433164,1140.8397804630993,1149.7546388820942,4866.828153659654
2025-03-24 00:45:00,1154.4815572763002,1155.5934325348403,1144.447579886815,1154.514053779661,5762.518346534609
2025-03-24 01:00:00,1190.8617666485463,1192.4649496953134,1182.0384595416895,1188.695279908605,3814.0046410207574
2025-03-24 01:15:00,1190.2347662062477,1190.9971969830935,1181.0201043023885,1189.1114831701352,7091.059104616972
2025-03-24 01:30:00,1184.9594091916827,1186.7841283899827,1175.4621252267807,1184.7284138648756,2325.2383623734268
2025-03-24 01:45:00,1179.8480117302222,1185.7047559928023,1175.4164417566988,1185.959584463836,4499.378598799884
2025-03-24 02:00:00,1187.2095427159757,1190.848232821212,1182.0818956228243,1191.2028888732993,8459.413344827146
2025-03-24 02:15:00,1165.578399418173,1169.6212470788912,1156.5609875295165,1160.6706086633121,187.15271668199975
2025-03-24 02:30:00,1175.5336583018905,1174.2613230943816,1167.1587943893678,1169.2982911485835,8877.139102276598
2025-03-24 02:45:00,1166.4503873842752,1172.1150620159344,1161.4266129074565,1165.3900698310276,3278.223492158569
2025-03-24 03:00:00,1171.6276174897737,1176.094679751779,1170.19668980578,1168.500353081824,860.6624467913173
2025-03-24 03:15:00,1181.2275547619092,1185.6393996526479,1172.8203247731508,1181.3634169706168,4549.822270528255
2025-03-24 03:30:00,1174.8781895073676,1182.888517702646,1174.1369534624778,1179.5637589179619,6633.692929069787
2025-03-24 03:45:00,1186.7745902110587,1188.5657259126463,1181.1228809560105,1186.669279004367,1855.554749034298
2025-03-24 04:00:00,1182.674841667143,1182.9325134683809,1173.67592183143,1183.703955341875,3617.031560061336
2025-03-24 04:15:00,1178.1145334598243,1179.8008989539028,1167.7163254847342,1170.0819185803982,7555.0725313497505
2025-03-24 04:30:00,1210.4038934795296,1212.8791950192576,1205.8145221252782,1208.9991797089765,8444.884158972347
2025-03-24 04:45:00,1216.199511967509,1223.4545924100355,1216.939644376121,1223.7230937265842,9060.436806095458
2025-03-24 05:00:00,1198.261578579376,1201.5763160679085,1189.3960702169238,1195.9183822935215,3720.9729182772926
2025-03-24 05:15:00,1159.8317349788692,1167.4303497827696,1156.775196762143,1159.2183260596048,1514.3290177749625
2025-03-24 05:30:00,1171.490000717871,1178.3582872746906,1168.5696910665374,1174.682131875181,2229.0343543650783
2025-03-24 05:45:00,1169.3899221180502,1173.5224078430294,1162.9064788892847,1173.11318927866,6977.1075502851245
2025-03-24 06:00:00,1195.1443130824923,1205.8139067535121,1191.657633314515,1193.1492501799019,859.2765706414516
2025-03-24 06:15:00,1177.4067479485484,1187.4611027902292,1177.1285988619773,1184.6904082237213,3033.6376233384553
2025-03-24 06:30:00,1173.4736686873055,1173.2785026109284,1166.7131669625621,1175.6471268391324,3382.586850753281
2025-03-24 06:45:00,1169.3641071394493,1172.6204529856484,1165.7415546541695,1169.3507615760632,6633.074797239948
2025-03-24 07:00:00,1156.4783352176653,1161.2885799637554,1149.8085198311674,1153.4221222664303,5658.739959629707
2025-03-24 07:15:00,1169.2821464793958,1174.8363147257057,1163.6718096815584,1168.2842526859376,9642.150817439351
2025-03-24 07:30:00,1157.4993220653014,1164.4110413729084,1154.410183285911,1153.238194519742,9619.11940508909
2025-03-24 07:45:00,1154.0834499738714,1155.047096954421,1145.9746254574504,1152.6626441429194,3460.723288999616
2025-03-24 08:00:00,1145.5543914847965,1154.2733592115467,1145.0670023506789,1152.1185865701116,1009.3108895509077
2025-03-24 08:15:00,1158.0667939195164,1166.1095862528996,1153.8691739132476,1165.374813285692,4538.993774289544
2025-03-24 08:30:00,1156.266983837286,1163.5116176449733,1148.30299405178,1156.4579824529058,5645.9169102575315
2025-03-24 08:45:00,1132.3755146863505,1138.6804749406976,1126.7324114566259,1129.93918326639,184.72478979618973
2025-03-24 09:00:00,1146.5727692574867,1150.8609381196432,1138.8166035598422,1151.0453429494626,5006.116820796515
2025-03-24 09:15:00,1150.3766804263919,1148.226090287743,1139.320387694131,1148.3127689177825,7844.195406720326
2025-03-24 09:30:00,1126.1394604272907,1130.3714906963505,1120.8865953411091,1126.9544669074735,2652.0065671426705
2025-03-24 09:45:00,1098.0335589265483,1102.7428993863439,1093.297189539143,1099.5968424829675,3510.3916324589727
2025-03-24 10:00:00,1104.6590189685871,1108.0951572332917,1097.936865995306,1106.5118232757197,8271.323985838619
2025-03-24 10:15:00,1110.4530014142163,1116.413863380795,1106.952156042954,1111.9027094548333,2776.0183027656585
2025-03-24 10:30:00,1116.2476088851383,1121.363180376134,1108.7953001018022,1113.2661497132572,925.4749938675545
2025-03-24 10:45:00,1138.044358292962,1144.49723545589,1135.0965449765426,1142.2179810963273,1687.1016932614903
2025-03-24 11:00:00,1117.3332148658496,1120.5445635140115,1110.207824568874,1120.634952085277,2863.1808761119996
2025-03-24 11:15:00,1142.9835464528717,1146.3749461254142,1135.5497639684993,1136.2165096991514,3473.857423470836
2025-03-24 11:30:00,1124.7653354021359,1128.4174652668828,1121.3419838090658,1126.8473823298834,2454.854427431421
2025-03-24 11:45:00,1132.177015293645,1130.7696218839524,1120.8717885366996,1131.3735011990457,1653.085450437528
2025-03-24 12:00:00,1138.8224646532178,1140.3288393738135,1127.9399170714635,1130.9020434776205,4668.3703497056795
2025-03-24 12:15:00,1132.4939951847823,1139.076169496771,1132.060376025491,1132.4065139395914,4991.045511145746
2025-03-24 12:30:00,1137.2467734727206,1147.5525183433592,1136.6464604459477,1143.4742136203529,3899.297700570946
2025-03-24 12:45:00,1146.769072784552,1151.6017342824139,1141.2451084437785,1140.529898168046,647.5245707841582
2025-03-24 13:00:00,1145.5407192422792,1157.894589900806,1145.5031440965954,1149.4604198112859,370.0024110056668
2025-03-24 13:15:00,1177.676095386391,1176.1859768964366,1170.98860793874,1171.6313657867063,3679.6664063851767
2025-03-24 13:30:00,1179.0147023649329,1179.8882161495787,1172.2322669280175,1180.1440164654966,869.4246787845238
2025-03-24 13:45:00,1174.6930396008995,1175.706471320814,1166.0876735498853,1175.2017669560807,8133.619124398803
2025-03-24 14:00:00,1167.1063576643771,1170.5836396539378,1162.0225397521522,1166.5797052255223,5426.777869853189
2025-03-24 14:15:00,1178.0984056794546,1185.9042300374304,1180.4723123572278,1187.6731626946405,964.7309014831704
2025-03-24 14:30:00,1189.8710974584894,1192.651554265105,1182.3260632180777,1189.6724802423519,3981.070349263552
2025-03-24 14:45:00,1201.216801661292,1202.4946310601224,1189.3465062312898,1193.4797000574483,1056.9145382290371
2025-03-24 15:00:00,1183.1906278763838,1185.8411189354395,1178.8265282493242,1177.309851222316,3564.70352100267
2025-03-24 15:15:00,1183.6892480393844,1187.142257054499,1181.1808125375878,1185.1081054640708,1367.7925978884907
2025-03-24 15:30:00,1184.5168324230956,1194.7707893113834,1182.9447445443436,1187.8643003830684,5730.137518092457
2025-03-24 15:45:00,1199.7235048304492,1202.257557660967,1191.7280004900715,1201.4754999884938,9006.82702773119
2025-03-24 16:00:00,1193.1627467834555,1200.3997817955837,1195.1287221613143,1197.1254408370592,5188.81680456862
2025-03-24 16:15:00,1200.1618831689611,1209.2893586374357,1201.0511989690433,1209.5219192430063,931.2070098240699
2025-03-24 16:30:00,1210.6709195171259,1212.1549503494289,1203.2284753491504,1206.2991114441102,4138.370804125041
2025-03-24 16:45:00,1212.5578632821787,1222.2088433692209,1213.1619065915543,1221.401215491234,1078.6705406229462
2025-03-24 17:00:00,1204.112637823575,1202.048915123673,1192.8529293632753,1201.3571776835074,8770.351148321906
2025-03-24 17:15:00,1200.8728603657244,1208.156377204622,1197.709235836057,1204.001758032738,2014.9204687184777
2025-03-24 17:30:00,1230.7702054580957,1234.01406074838,1219.7744765355476,1228.7780070745337,8335.32054062394
2025-03-24 17:45:00,1245.4479236375869,1247.8254327400762,1236.398585234604,1242.0287010216794,932.6058302012359
2025-03-24 18:00:00,1224.173803854475,1225.986157638409,1215.0828571956622,1219.8404399342573,4546.2105935909385
2025-03-24 18:15:00,1209.4653445018412,1217.0099989343585,1206.8632702271666,1211.1269266601894,1064.864314835233
2025-03-24 18:30:00,1191.9010352650964,1199.2636841960054,1191.5066181487714,1198.188116500837,820.4093814100522
2025-03-24 18:45:00,1195.6885520055782,1198.0247232528332,1186.0110594107368,1195.9406516629324,2085.008147019297
2025-03-24 19:00:00,1177.6214517299313,1185.5487933816125,1173.8997922911988,1183.4506274215062,7420.838692520524
2025-03-24 19:15:00,1182.0835651047023,1189.0002135492853,1177.9674798127382,1181.91350563035,7783.884902681393
2025-03-24 19:30:00,1197.1786171692322,1203.715105111265,1195.2422478425647,1202.9302789692415,2356.6710102554434
2025-03-24 19:45:00,1207.0266536813233,1216.8555781381401,1206.7786283621817,1207.6626462557515,5661.804244853052
2025-03-24 20:00:00,1207.1604193089133,1214.5811983007227,1204.6792291328127,1212.8181391251167,6130.869664575176
2025-03-24 20:15:00,1203.1180773383687,1206.1192140094338,1194.535722968031,1194.18040781833,3685.100681600997
2025-03-24 20:30:00,1179.2448797160648,1179.9817819027228,1168.674106282503,1177.1074401750916,8831.866046248459
2025-03-24 20:45:00,1175.5138521014455,1183.5955881896027,1170.4393343307122,1180.5752842816123,8670.91277825242
2025-03-24 21:00:00,1173.4757048842798,1176.7670709622835,1167.1295334736274,1171.4867144449415,530.060380536752
2025-03-24 21:15:00,1158.5066103748557,1168.5079850499717,1156.1646229939333,1162.8863003481356,9186.908746818177
2025-03-24 21:30:00,1146.6276963737828,1155.0009859392178,1148.01752210501,1147.831943056049,9056.130389513552
2025-03-24 21:45:00,1160.1732312903134,1166.5184207843868,1157.0508317718588,1163.6209726797294,2017.6133201235543
2025-03-24 22:00:00,1151.9595514261862,1162.3570827663395,1148.9760985274734,1159.959235896194,7693.377036423146
2025-03-24 22:15:00,1152.0984803455588,1162.5700538918024,1153.049719330022,1151.8959719869365,1573.4541848464148
2025-03-24 22:30:00,1132.5555436629015,1132.6185862936518,1125.2734571386352,1130.5641875695014,1971.4075813912903
2025-03-24 22:45:00,1110.893770790987,1119.0381481273678,1105.6682735369006,1107.1830552644115,7966.846853266368
2025-03-24 23:00:00,1107.6612237009383,1117.5365283172907,1107.6508102991877,1117.1987265761916,1079.854080762605
2025-03-24 23:15:00,1107.2689961293368,1113.796380440737,1103.5242779247035,1113.7423018119503,5430.124905407422
2025-03-24 23:30:00,1116.1966825739726,1125.303695819098,1116.3421556165567,1120.0517611017167,596.7763645583385
2025-03-24 23:45:00,1083.4099802040867,1084.1830363712404,1074.9124438796348,1082.7864818237565,6213.642640966833
2025-03-25 00:00:00,1085.5245090961132,1092.9933559287963,1080.2938688188553,1088.9677168333876,4296.3686681384
2025-03-25 00:15:00,1083.1024751007717,1083.4182291975076,1071.4018363526793,1077.9942437153284,6477.699184535644
2025-03-25 00:30:00,1095.0495315135452,1096.620498768203,1090.082907929885,1093.5900349269216,5428.565502114304
2025-03-25 00:45:00,1091.6002953531763,1096.6847445384142,1087.721592769397,1092.4150836413432,7552.083150042519
2025-03-25 01:00:00,1133.3552998370635,1139.365636397476,1131.0745759455388,1132.1093248311013,7905.721095143736
2025-03-25 01:15:00,1129.4980184539156,1139.373800146991,1127.1659420135804,1134.0339188649732,1921.9362765520025
2025-03-25 01:30:00,1125.1036045530102,1128.2722516090566,1115.7021612878455,1116.6276293232236,5621.875073066781
2025-03-25 01:45:00,1132.1624802502508,1141.596330447627,1132.2458978254501,1130.13289259354,2008.242907381031
2025-03-25 02:00:00,1118.971549665047,1124.7769957312887,1112.3594378945663,1119.1515470690463,3865.203608693651
2025-03-25 02:15:00,1108.812342091501,1111.220044259012,1099.8853825778535,1103.2867878082145,9806.546339156479
2025-03-25 02:30:00,1084.8759490647135,1086.2082620165531,1074.2029225599138,1078.0228273787461,1675.8905225038293
2025-03-25 02:45:00,1078.4023551694258,1082.1708620553864,1072.5555946477905,1082.0725897723858,2882.6737981661686
2025-03-25 03:00:00,1073.4668308358068,1080.756847212822,1073.6672135717045,1080.6339262087915,7379.0392055327275
2025-03-25 03:15:00,1065.4748240970175,1069.6059150756612,1059.7488962386522,1064.46356596967,3007.5610763667896
2025-03-25 03:30:00,1056.3415704454485,1061.3896585500686,1051.8767485685084,1059.7199818804654,8798.139090131208
2025-03-25 03:45:00,1031.7283146178843,1042.7075797390517,1030.7804470615026,1035.4168766401451,3245.260946547726
2025-03-25 04:00:00,1039.1144214659882,1042.9105912384287,1031.803968480787,1038.9857706273483,2251.936457645487
2025-03-25 04:15:00,1026.4684892751957,1036.9354021152565,1024.907681555353,1031.9228010763163,7977.857173094987
2025-03-25 04:30:00,1045.7147292083064,1045.3798188269188,1034.8305911455277,1039.7266306303336,6986.702179945825
2025-03-25 04:45:00,1048.8473830116834,1051.9596479388451,1039.0504507392677,1046.2972974085453,1957.7783281333911
2025-03-25 05:00:00,1036.5419656118836,1039.6592333032268,1030.2828588963298,1033.0652832062297,9672.110795294944
2025-03-25 05:15:00,1045.6768648751486,1050.0457196401346,1040.4424156494094,1046.4071162451949,3123.1837178247047
2025-03-25 05:30:00,1059.8010420289113,1062.9086505042592,1054.041239441844,1057.705500219273,9741.814062839123
2025-03-25 05:45:00,1103.3274615038126,1109.6572594910026,1100.6860057113358,1108.7863711966493,8291.912788434194
2025-03-25 06:00:00,1139.1148321300066,1137.768278884742,1131.0321549324,1138.9714359808481,7582.272795243327
2025-03-25 06:15:00,1143.1301837910032,1141.6174206047212,1134.4922233620928,1143.4951927516595,5029.001672530967
2025-03-25 06:30:00,1110.8881943742365,1115.1910254930547,1108.8052507140621,1114.2633787734892,9807.059089235787
2025-03-25 06:45:00,1070.6413004493322,1080.2121875715686,1067.5629349743526,1075.050231350006,8177.30001047949
2025-03-25 07:00:00,1095.3381077895376,1099.9272280207367,1088.340367219586,1089.1936644936552,3229.6168236047997
2025-03-25 07:15:00,1109.9698376587612,1114.490612009346,1102.0398896633728,1106.002199709403,1407.909514533711
2025-03-25 07:30:00,1099.7723295332955,1108.7798168481174,1097.4501934557354,1101.908048646035,6837.223096434939
2025-03-25 07:45:00,1109.7219320054985,1112.4128327122019,1104.6105832247695,1112.0216671478825,5882.0887034421585
2025-03-25 08:00:00,1123.3576478522702,1130.56597768441,1116.7033412556443,1121.0550672917748,9227.93415141478
2025-03-25 08:15:00,1119.2215270815666,1120.595392981919,1111.574115827412,1111.269784282911,1428.8497151007834
2025-03-25 08:30:00,1112.1210108576486,1122.5193956832882,1109.1351437200678,1119.1164483246919,3752.2204540319717
2025-03-25 08:45:00,1118.4319857974604,1121.438012852539,1110.9665642686446,1113.5083963622858,1973.2844669149001
2025-03-25 09:00:00,1116.2716541499744,1117.227586436029,1110.0988279939197,1113.955990546372,1509.9961809283727
2025-03-25 09:15:00,1135.3178021979852,1138.0300085915485,1131.0596574715432,1136.4393549684673,5276.2989569884685
2025-03-25 09:30:00,1135.8246658185612,1140.7549768811275,1129.7673037391671,1134.8826176510972,8931.14844409146
2025-03-25 09:45:00,1130.7765098333603,1131.8062796300396,1124.6078304109465,1131.471216381415,1703.1458544513569
2025-03-25 10:00:00,1117.0382212153518,1115.3790081465665,1109.1422914322113,1115.1495117758052,7766.684129608814
2025-03-25 10:15:00,1119.48417345142,1124.0404804354919,1117.7738702324511,1117.9360621193405,1147.1839613514753
2025-03-25 10:30:00,1122.8822739421719,1131.20241070158,1120.577304943657,1121.2987988457317,4113.476331341218
2025-03-25 10:45:00,1131.0201764327387,1141.3166261120703,1127.0889266890872,1132.2931492341231,9153.700063077118
2025-03-25 11:00:00,1137.0444219930525,1139.9591027834174,1127.5860313199375,1137.3290638225008,8524.882422626773
2025-03-25 11:15:00,1132.6280429147319,1134.7664764488125,1125.896994294073,1128.3751446705076,3544.6978408829773
2025-03-25 11:30:00,1131.5200830256254,1132.7372314007569,1121.7452609219515,1122.997451590458,3837.139334647937
2025-03-25 11:45:00,1114.5704845118305,1118.509131191973,1107.2224356806653,1113.8949117621153,5605.308102853512
2025-03-25 12:00:00,1107.2897517007837,1115.7456498102752,1104.2000412528537,1107.0839792917923,4696.4928306496995
2025-03-25 12:15:00,1102.0869370208543,1102.1321260428467,1096.3572402927296,1103.2040995515674,9125.262679161922
2025-03-25 12:30:00,1082.8559854497191,1083.8289171653994,1075.7882447909778,1083.261975212093,2455.1631068502425
2025-03-25 12:45:00,1108.341876469865,1112.222254861703,1102.7101376737562,1111.9359110931337,4890.529504569559
2025-03-25 13:00:00,1130.1032092902865,1133.0994242968943,1124.8549679811167,1124.75804262986,8130.219289182715
2025-03-25 13:15:00,1136.0220574529642,1142.4370043858946,1135.0608013113808,1139.777158863531,3933.5661145206827
2025-03-25 13:30:00,1152.310635967085,1155.173606292752,1145.8708971958554,1157.5685455948305,9762.154803435187
2025-03-25 13:45:00,1146.6294419710573,1146.0507157083493,1141.1905440978096,1145.9249357523393,4196.098895015681
2025-03-25 14:00:00,1158.9803028978538,1156.445114550623,1149.5262051803195,1156.2967182181278,492.08765233792565
2025-03-25 14:15:00,1161.8180360245353,1163.4083745710489,1151.673559954618,1161.2743895237866,6704.8574035229
2025-03-25 14:30:00,1160.759357648863,1164.8217537972419,1153.7056084396893,1158.9994873395135,7255.06819755346
2025-03-25 14:45:00,1153.6353486841235,1160.4956797193654,1154.64511737669,1156.2898349283928,5799.586040734693
2025-03-25 15:00:00,1149.5144349579296,1160.9720990001997,1150.4394370893863,1150.9603176503508,7732.846777353788
2025-03-25 15:15:00,1099.409585193352,1100.781962718569,1095.803862860815,1097.6274083428577,4699.300594606522
2025-03-25 15:30:00,1101.2027371205254,1108.8848358119753,1099.1929986262446,1100.956886611602,9994.996724350913
2025-03-25 15:45:00,1110.284533986089,1115.1246758270177,1106.7103224123546,1113.7863502359999,954.705257593852
2025-03-25 16:00:00,1107.6809465145411,1118.9077346037056,1108.9459960952152,1106.6646302235783,8579.795879294845
2025-03-25 16:15:00,1117.3915655172684,1122.4639032034836,1112.8566296778645,1116.625133681377,1416.2586021851046
2025-03-25 16:30:00,1126.3231319818635,1137.4190027675559,1124.2923756061628,1126.407369111593,4869.096118672217
2025-03-25 16:45:00,1127.5058521290714,1129.3753779612907,1120.1687738353194,1118.4810132237,3184.2207461791927
2025-03-25 17:00:00,1106.182145629114,1115.5161330302615,1104.627688028749,1105.2761052646824,2919.2335224609137
2025-03-25 17:15:00,1146.3029383559815,1149.9596260040423,1139.0174600353257,1149.5050738027558,494.0359550234197
2025-03-25 17:30:00,1133.4637171553388,1140.526497098788,1135.245047695082,1141.568759019997,7217.250841977305
2025-03-25 17:45:00,1151.2360885002954,1152.7720008825784,1145.4390444247501,1144.8786208057913,8395.497023437521
2025-03-25 18:00:00,1148.3653894355148,1150.4643152193069,1142.6494408248989,1149.1098333133393,807.3182243245838
2025-03-25 18:15:00,1144.177089195514,1152.9302392195498,1139.9156180139219,1142.6351635841197,1133.2453551350945
2025-03-25 18:30:00,1142.1270650876288,1146.1536471463246,1140.263677357958,1141.3938996595077,8234.862841560735
2025-03-25 18:45:00,1159.6986683307514,1165.9064739757814,1155.9422797203183,1157.7551298273602,625.6716936643787
2025-03-25 19:00:00,1153.1759789473135,1156.1069555217903,1148.5968316125757,1154.7724408952972,150.556291892659
2025-03-25 19:15:00,1169.0072058539167,1169.6754843746876,1160.4614776676754,1163.0675900865285,5397.416115594664
2025-03-25 19:30:00,1201.6833000902504,1207.3611538917078,1195.5903373208923,1196.992495032278,5385.015917527602
2025-03-25 19:45:00,1203.391504078812,1212.017246282288,1198.4141467007712,1209.2258163552297,5520.866827691419
2025-03-25 20:00:00,1235.600545975053,1242.6160919948668,1229.1041832773346,1231.423675724252,5781.084926866909
2025-03-25 20:15:00,1277.5286131062624,1281.1452446925339,1273.7421787445671,1275.203972543024,3843.1258148361794
2025-03-25 20:30:00,1271.5113133371924,1280.033756373599,1268.8847771628084,1277.2624699090077,9726.629323992196
2025-03-25 20:45:00,1269.8448187708962,1272.7906567496168,1261.498160812727,1265.16657739788,2204.731836828429
2025-03-25 21:00:00,1251.0545546497362,1249.522709794377,1242.7393215215159,1246.9837710624954,918.3862143783424
2025-03-25 21:15:00,1237.4526529643313,1243.7851849676463,1234.773529517994,1235.8914021141884,8498.20126519239
2025-03-25 21:30:00,1245.908384665526,1252.3879747745407,1242.2589125276284,1244.073078350692,9746.496258523972
2025-03-25 21:45:00,1240.9587466779465,1245.9827012684234,1234.9204571310265,1245.1297682957702,7419.638158040856
2025-03-25 22:00:00,1248.3700351201105,1255.9792805485358,1240.948656708615,1252.2047258806488,4847.560402843401
2025-03-25 22:15:00,1239.489126828583,1245.2419708011707,1232.1254495061703,1243.2531500643126,9467.324476938276
2025-03-25 22:30:00,1209.8669988882648,1219.4544151083355,1207.0531065141242,1213.3506092408547,7246.632358241976
2025-03-25 22:45:00,1188.851766870264,1189.7328052340947,1181.411663134163,1189.3597030751291,2023.1895156814758
2025-03-25 23:00:00,1198.7666508930836,1205.876261266072,1195.8526379982163,1206.6739148793224,2070.6311249866894
2025-03-25 23:15:00,1250.9910375036345,1250.3461446017468,1243.7072266939388,1248.894281288083,682.1043506226157
2025-03-25 23:30:00,1232.1597728980526,1235.0820990565837,1221.9433388458106,1230.0445777784932,5849.928349201391
2025-03-25 23:45:00,1249.849764682399,1258.4233977336355,1245.0699526123747,1251.742465897229,9486.995147250791
2025-03-26 00:00:00,1266.0541551679457,1271.2421297000108,1261.4187187063246,1269.9027562840313,6213.541644561664
2025-03-26 00:15:00,1274.5739134706575,1277.6145512643766,1267.0769688831906,1265.2338355565198,8651.946580546737
2025-03-26 00:30:00,1253.766990986584,1258.4411129493494,1250.4121887789577,1249.243705063926,8641.475412090776
2025-03-26 00:45:00,1223.8773271132723,1223.2195218339673,1214.7918803400582,1225.3860706941512,3222.911774220649
2025-03-26 01:00:00,1228.7274141696548,1237.7631039209512,1226.2049270541036,1236.6787544122906,8937.109106471853
2025-03-26 01:15:00,1221.4147059801567,1224.3965806449087,1214.8260482717308,1219.8952712104372,9887.96097964131
2025-03-26 01:30:00,1227.6683692788147,1228.431146985453,1220.2089106989233,1225.7401562500063,4503.067299115584
2025-03-26 01:45:00,1218.6406746282844,1217.599654699055,1211.741153484298,1213.4626130589847,1130.5421391283946
2025-03-26 02:00:00,1221.9207091612873,1225.4949472640558,1212.8483255961305,1215.2535677059516,4853.890124783855
2025-03-26 02:15:00,1240.7471869069416,1245.847651784186,1233.3111798996638,1240.0541099085128,4507.448736351194
2025-03-26 02:30:00,1242.6602701370148,1250.3788514350188,1240.2065439757714,1243.6888916789303,3045.7054920635865
2025-03-26 02:45:00,1266.088083041742,1270.4857225844933,1262.7955598346798,1268.9959725796007,5927.2963722091345
2025-03-26 03:00:00,1250.4189258951087,1255.514008183596,1247.9088732913965,1252.2500557844487,8259.065294917646
2025-03-26 03:15:00,1245.7469466713924,1253.3877037901439,1243.983275671822,1251.3164276855955,2075.277068932941
2025-03-26 03:30:00,1261.3021790794076,1263.8391190625493,1251.5082743423332,1255.7924193696124,253.92431154193775
2025-03-26 03:45:00,1254.065372343991,1256.1572226995331,1246.2457802062054,1252.730080523258,8351.369930497724
2025-03-26 04:00:00,1231.6792321479036,1238.1842064632285,1229.8572911567803,1236.919654147636,9805.837558300906
2025-03-26 04:15:00,1205.003269763637,1211.6035146193499,1200.4224235518582,1208.0433240221473,9814.653573029087
2025-03-26 04:30:00,1192.8643682089214,1201.6653348414065,1192.074477058989,1199.3682323764124,1102.4266512673466
2025-03-26 04:45:00,1199.058569646438,1199.987396456391,1192.0648652254054,1197.6136815528228,1972.0392014134898
2025-03-26 05:00:00,1185.3711929031972,1196.2724105469927,1181.263095407783,1193.0869280666495,7564.569213080348
2025-03-26 05:15:00,1200.209024618219,1205.5500078908663,1192.8468784869726,1197.0614193663453,9024.107575680135
2025-03-26 05:30:00,1194.6936479548071,1199.2443077823466,1190.2860650984424,1195.8508187567888,7872.588479293471
2025-03-26 05:45:00,1197.8250248944264,1198.904590455921,1190.2054639808557,1191.2262619154612,4558.521410943897
2025-03-26 06:00:00,1212.6945170723418,1212.749012734249,1207.2154620450178,1212.1018917065542,4438.361260492925
2025-03-26 06:15:00,1226.3723423833471,1229.754403341897,1219.649616731337,1227.194807781152,381.523461701262
2025-03-26 06:30:00,1215.9800398867735,1215.7725837680441,1204.611217254866,1213.9146314043996,5102.869721417558
2025-03-26 06:45:00,1200.2185207969894,1209.979890816488,1199.3103985249372,1205.7356636352945,8651.573405331586
2025-03-26 07:00:00,1209.725245806053,1215.8884961548224,1204.3219611112575,1216.555232852033,2731.425755741534
2025-03-26 07:15:00,1205.4919881518215,1206.6678452728222,1196.8738150381525,1207.3730854433377,1297.8216659048146
2025-03-26 07:30:00,1175.055278640686,1182.604959442778,1170.998980525266,1176.5558847929822,1733.2577151427586
2025-03-26 07:45:00,1188.779281308821,1187.241603429506,1178.73160190673,1179.6489034548126,7303.331307302656
2025-03-26 08:00:00,1146.6049839339928,1153.4909101520832,1148.3581066447477,1149.040016083431,5037.397351920743
2025-03-26 08:15:00,1168.657436639059,1178.5634133529122,1168.9411742645354,1176.0380636881823,3656.083668844032
2025-03-26 08:30:00,1163.3548578796253,1172.8437109165561,1159.7270902257274,1168.6020673704923,3249.109874006101
2025-03-26 08:45:00,1146.8878750021397,1145.509894201719,1136.414301836488,1146.544015665429,8688.108262452184
2025-03-26 09:00:00,1155.2684375835452,1160.024384816769,1149.4244371801374,1157.264322484556,2932.567911903346
2025-03-26 09:15:00,1152.1563769518493,1159.1259138995517,1146.8211784791465,1153.8861549443207,205.47634084228494
2025-03-26 09:30:00,1143.184407687919,1143.1232402598005,1133.1179310799657,1137.1042277081463,7690.8594165309905
2025-03-26 09:45:00,1135.717482887776,1138.6074415954201,1127.0705884648373,1136.535062404153,6216.75446261399
2025-03-26 10:00:00,1130.7304810991122,1136.7356681044525,1122.9053450560943,1124.3981916538446,9127.313987781508
2025-03-26 10:15:00,1134.7277092823942,1144.547882386682,1128.9583763279873,1137.5453260458864,7113.825504060736
2025-03-26 10:30:00,1139.4424674717006,1142.62098478213,1134.041045140172,1134.9771235437227,597.0025731796186
2025-03-26 10:45:00,1159.45247041494,1159.9164172804599,1152.8835553681931,1158.9183442039018,3806.145771361296
2025-03-26 11:00:00,1166.3732960194993,1169.986388896306,1157.819844474595,1163.699838200622,5146.827484173769
2025-03-26 11:15:00,1185.2043451120353,1186.102930659472,1177.314047601395,1177.4866995389289,6937.034708454678
2025-03-26 11:30:00,1177.4612629417138,1177.455175680023,1168.7642034239673,1177.6728257517834,1421.293275098213
2025-03-26 11:45:00,1193.8115995130406,1199.3965132736134,1191.6154766826426,1198.3634804153378,3629.411858940487
2025-03-26 12:00:00,1197.7604251747075,1199.5745478946433,1193.3950027764379,1196.3654334970888,3788.722353673799
2025-03-26 12:15:00,1209.4841415084422,1213.567098282915,1205.456146989034,1214.3821560129313,8063.305427038869
2025-03-26 12:30:00,1225.3987979088286,1229.2216470842654,1219.8786147602739,1218.7807730301847,9170.69691445319
2025-03-26 12:45:00,1235.9211391023582,1238.9013217284726,1226.5395321170358,1231.7234490894589,9886.653368029296
2025-03-26 13:00:00,1247.454638576715,1250.0402164379711,1242.0591440126254,1241.414828148265,2866.915826641508
2025-03-26 13:15:00,1250.0131004318619,1256.6358550728305,1251.1277037457917,1253.8646390155293,9162.640351099028
2025-03-26 13:30:00,1232.5483584984306,1243.4643323510702,1233.934444214299,1233.5925978727064,1573.3467692782376
2025-03-26 13:45:00,1228.0358785022963,1230.4447141544752,1219.368862348746,1222.241317507107,9713.765306110121
2025-03-26 14:00:00,1246.390406942362,1253.2291171732363,1241.5020191922356,1244.5251349843675,1018.0760250905453
2025-03-26 14:15:00,1240.1598337552514,1245.870603258021,1234.3965076644342,1241.4765313766632,1276.9817700623714
2025-03-26 14:30:00,1233.2033022177402,1238.6192239887164,1223.8688498836598,1228.5921380213053,4179.115864627302
2025-03-26 14:45:00,1247.4101969687936,1250.621675852059,1237.3389263325264,1247.512278476922,3021.016352545096
2025-03-26 15:00:00,1257.1042921608664,1264.2412453413324,1255.668600923604,1255.9456584198479,8555.528056516363
2025-03-26 15:15:00,1296.3535883428353,1299.2065354776282,1287.819175927418,1294.996771470364,827.3084945133586
2025-03-26 15:30:00,1311.675145072671,1314.1551129042457,1301.8183098402353,1304.319358210377,6026.097898251473
2025-03-26 15:45:00,1301.8244901107298,1305.2941371689571,1294.4971921558608,1305.2425530165276,5504.999808702775
2025-03-26 16:00:00,1305.5119652534975,1310.3731955131452,1301.8443260267509,1303.625072104245,906.9490987036135
2025-03-26 16:15:00,1287.3912303333145,1296.542925408111,1282.3498416283321,1288.348634378741,7022.930132464104
2025-03-26 16:30:00,1298.760170512646,1310.86221115717,1298.4927247873113,1308.3077851824235,1862.8896457221015
2025-03-26 16:45:00,1311.9668306129026,1317.6943390788406,1307.8458629849295,1307.4925726663434,3757.7401582630328
2025-03-26 17:00:00,1289.2450335591543,1299.1160415441725,1287.038524468285,1287.4478712336331,7871.6881550345215
2025-03-26 17:15:00,1288.4877048629091,1289.0277628548129,1281.1333646012463,1285.8801214556158,2177.6925363623363
2025-03-26 17:30:00,1298.0548888935623,1305.5122804955097,1295.2276339390282,1293.561497207473,7221.137825623866
2025-03-26 17:45:00,1284.2774317930484,1286.467398863845,1278.3994496858734,1286.3413446429424,7983.575705010874
2025-03-26 18:00:00,1265.5473787512572,1274.1763580103702,1262.7476966987053,1272.4073393196213,5081.9384467171185
2025-03-26 18:15:00,1287.3985851329353,1288.880854723023,1276.3926121342013,1285.4539120390834,9106.879325869048
2025-03-26 18:30:00,1302.7907290338737,1304.7604222024465,1293.719887401136,1296.9241989954135,3828.994526624443
2025-03-26 18:45:00,1307.9845244948715,1317.129062601109,1307.5987047745894,1315.6805515318308,2514.328948118869
2025-03-26 19:00:00,1310.3604563741792,1314.0810956763032,1300.7533568936437,1305.6638701802124,8046.536990100259
2025-03-26 19:15:00,1314.492344188735,1321.411138996688,1312.3966688348241,1321.7113492962792,2447.4193994177017
2025-03-26 19:30:00,1343.018192653639,1350.0244375499888,1342.3791140475694,1346.2152694124618,6115.17898341337
2025-03-26 19:45:00,1346.272034675617,1350.9361340734047,1341.3154670740416,1350.1445807491557,7850.962394204908
2025-03-26 20:00:00,1364.804052326898,1374.1579639262352,1365.1234909471611,1363.359247454131,6469.205303298948
2025-03-26 20:15:00,1378.9165257558325,1385.3848772798406,1380.8519130212972,1380.3706020268116,8459.28988868838
2025-03-26 20:30:00,1413.044957051797,1413.0188798986826,1404.5966665481355,1415.5620700497375,5684.6502654888045
2025-03-26 20:45:00,1421.5840212212988,1426.398181594638,1416.0083037150139,1421.469631335838,6235.734657616358
2025-03-26 21:00:00,1439.37702171092,1440.2748618268176,1429.4559970998425,1432.2951893384666,1610.1509622959134
2025-03-26 21:15:00,1445.904957452041,1450.001167825672,1442.6662220286885,1451.6383720841848,1005.2314905124111
2025-03-26 21:30:00,1443.5210140230029,1450.3028789424516,1439.143618685642,1445.3069440940187,1136.5688971600034
2025-03-26 21:45:00,1435.6559590356314,1444.9074213896918,1429.9059620801268,1437.798022115905,298.32057686450594
2025-03-26 22:00:00,1437.2451685150734,1440.8408116102266,1429.7698796552656,1438.8962143713616,8926.482771011977
2025-03-26 22:15:00,1394.425138509229,1397.7151020598571,1384.8612983021326,1390.3942406542535,704.4302082706381
2025-03-26 22:30:00,1392.911838279385,1405.4907110260963,1390.6954596655519,1398.763666304432,8218.62060724166
2025-03-26 22:45:00,1393.7915102891411,1399.4629532265326,1390.236560872528,1395.263071856407,7851.824436407899
2025-03-26 23:00:00,1384.1920391267818,1395.3406657849132,1384.7358009369623,1391.2289500381112,1451.6518283909297
2025-03-26 23:15:00,1361.862796371373,1363.7976556867827,1353.396436356032,1361.5127608174357,5009.481490238723
2025-03-26 23:30:00,1358.173824871979,1361.8277169240532,1350.3819717071908,1360.6645046434764,9320.48100195677
2025-03-26 23:45:00,1343.9370663451166,1345.030023201879,1336.4035330983425,1337.9652052843321,9603.368369789954
2025-03-27 00:00:00,1334.2954398301792,1337.5871256799203,1326.8912360154025,1338.6075575251866,4035.213845883711
2025-03-27 00:15:00,1356.298120216443,1359.3964636834348,1350.2181689423935,1356.2244684363197,122.1134399932704
2025-03-27 00:30:00,1339.922243105635,1350.0680265873034,1339.7709324439265,1345.382345201664,4311.427048987636
2025-03-27 00:45:00,1320.1718477564486,1327.2375179656347,1314.7325908849982,1327.2814333847182,6793.8895740227745
2025-03-27 01:00:00,1332.08864850938,1334.6176677258518,1324.3464507556498,1330.5098722630205,8629.659015523619
2025-03-27 01:15:00,1332.8129120976205,1334.8840978212263,1327.791054184091,1327.3887931372135,5452.550524964064
2025-03-27 01:30:00,1346.06714763785,1346.242650765606,1338.5999145857115,1345.939912880835,4234.663115816001
2025-03-27 01:45:00,1353.587797765059,1359.726716177801,1348.4064443027235,1348.8340826537283,6410.033257700314
2025-03-27 02:00:00,1350.8104076202565,1348.9556968931681,1338.1411486260604,1343.4034662719532,7703.114690069128
2025-03-27 02:15:00,1352.064170727913,1354.285293258149,1349.8406047905269,1354.2315483347586,9373.480322947124
2025-03-27 02:30:00,1329.862806399258,1329.6868586279177,1323.9120084738902,1325.6484639272815,5989.577253653879
2025-03-27 02:45:00,1362.240111240478,1369.9865861602266,1358.3181835858322,1359.0035816995235,4595.767608194498
2025-03-27 03:00:00,1330.8555696710318,1342.740435113856,1331.8338948960052,1340.3684586943525,1826.4487533357938
2025-03-27 03:15:00,1334.0231248827965,1334.7544266141856,1322.812361036939,1328.2342791621566,5257.4217549284795
2025-03-27 03:30:00,1342.289808090838,1342.4519248176994,1336.8561586514993,1343.7882968875992,3348.975067244174
2025-03-27 03:45:00,1329.0187581608097,1339.239665345159,1330.5973084046288,1329.1616444607328,6597.3486709701465
2025-03-27 04:00:00,1319.2607471945282,1325.5705825584373,1312.1537616988835,1316.0050300743565,5958.205936214342
2025-03-27 04:15:00,1330.4503877680945,1339.0984012217468,1330.3784727779198,1331.9448973060996,9886.018912587564
2025-03-27 04:30:00,1352.8088536585067,1359.9114589333371,1347.6516757687014,1351.5315501210666,5356.533457161481
2025-03-27 04:45:00,1355.9513563959758,1367.3529342721542,1353.6341987606695,1364.0443550453022,7585.242198020258
2025-03-27 05:00:00,1346.128795630229,1352.698028084555,1346.8948881006825,1350.1085869246378,7492.636642912627
2025-03-27 05:15:00,1333.4639918799119,1344.472324420092,1332.5772256730406,1336.1819237447544,7012.551091204865
2025-03-27 05:30:00,1331.877089255696,1340.3019491236591,1327.5548127429183,1337.6501031407793,4685.2901438790295
2025-03-27 05:45:00,1313.6469715305907,1321.8280438727097,1309.9984378284867,1312.839462636743,1998.6757432667785
2025-03-27 06:00:00,1313.940775579982,1317.9841730613496,1307.682020845018,1314.293310986995,624.4446619155524
2025-03-27 06:15:00,1310.6061000078832,1317.4892437587077,1307.7882646520275,1314.2926706121636,8479.249222752027
2025-03-27 06:30:00,1326.210645321694,1335.9969513934525,1326.2741244984456,1331.3044604018755,9474.069564480027
2025-03-27 06:45:00,1359.890227492688,1371.5586448819547,1358.832117080611,1365.5331341766102,1183.2837867112119
2025-03-27 07:00:00,1369.621500274409,1369.700110728183,1362.1277273082098,1363.6975984972778,2458.804682240668
2025-03-27 07:15:00,1347.0385962373516,1346.5801307339725,1337.3946153192833,1339.6916205929954,1127.8449997501068
2025-03-27 07:30:00,1353.3522878184867,1360.5410416578536,1346.1841268435455,1349.7900411257126,9138.908276970024
2025-03-27 07:45:00,1364.312889273077,1367.3761502945556,1360.50131920757,1361.4470702213803,359.98544950778916
2025-03-27 08:00:00,1354.0474230848579,1356.6769042635467,1346.1593426846791,1352.7438288183273,2492.2499679525176
2025-03-27 08:15:00,1356.8333706813282,1362.8041345143195,1350.6389245558662,1353.0377451687823,1679.3785796794293
2025-03-27 08:30:00,1349.0170226475127,1356.2347003537652,1347.2055681543861,1357.6791821127858,3269.967007015109
2025-03-27 08:45:00,1347.6033832789165,1357.4340425859075,1348.1884182151985,1347.8935456442139,5031.760441819801
2025-03-27 09:00:00,1373.09340055129,1372.4543805916758,1362.5502775198045,1366.94743402312,2816.686376058082
2025-03-27 09:15:00,1366.2699478874813,1372.5344946411801,1365.8269142125364,1370.8641819852144,9455.62718622586
2025-03-27 09:30:00,1381.4080306744145,1384.0725747041877,1373.4627360422207,1377.623979466497,3745.658081578426
2025-03-27 09:45:00,1352.9899400120019,1361.7314152921097,1355.3681028754138,1360.3819460375537,3165.445374603209
2025-03-27 10:00:00,1345.4728520620822,1348.048656046752,1337.4214412389927,1337.8374009520592,2542.9036863137803
2025-03-27 10:15:00,1359.5910442656102,1362.7468903331783,1354.9015815172816,1359.3476119013014,5279.031993360081
2025-03-27 10:30:00,1349.5044773791458,1357.7817341963296,1348.6938509957217,1352.8011877240156,6598.152893407588
2025-03-27 10:45:00,1366.9791477640515,1367.5858276006206,1360.4712503532153,1367.504437149306,1885.0162967376539
2025-03-27 11:00:00,1374.1282261785284,1379.705918428924,1365.8823195675948,1372.9003304192277,4475.097353257738
2025-03-27 11:15:00,1380.5207622155167,1388.4518846209285,1379.7431777385905,1387.3682006230542,2668.729693497684
2025-03-27 11:30:00,1403.396011129622,1411.189004540288,1403.304306381434,1402.9842202552702,3149.8332434408785
2025-03-27 11:45:00,1413.876354352101,1419.244030837685,1410.1567205887516,1413.5956986155452,2670.452996555325
2025-03-27 12:00:00,1441.1619067946883,1447.4221293368282,1440.8499407976285,1446.6554667180842,9421.217038671815
2025-03-27 12:15:00,1429.0991256238872,1437.3074822283804,1427.3752867479202,1429.164470823137,9409.500319545908
2025-03-27 12:30:00,1425.0344041225976,1433.4919928067236,1424.7866498923365,1427.620558173477,7276.177278177988
2025-03-27 12:45:00,1461.4334580119048,1463.237061214388,1454.0551221782137,1452.8752022314084,5349.772648756767
2025-03-27 13:00:00,1465.4784807766764,1469.8172455224346,1462.604089979682,1471.4578559672113,4998.875103298452
2025-03-27 13:15:00,1446.3007808139673,1448.984929953074,1442.5067298566412,1448.186144034878,4719.125822221237
2025-03-27 13:30:00,1440.1520166707137,1445.376092320187,1436.03542818561,1439.6158488900455,7340.111071220095
2025-03-27 13:45:00,1438.2303841877756,1440.3951871411482,1428.078682333051,1436.6578778084443,609.7808573069805
2025-03-27 14:00:00,1443.7299119637642,1441.6150753455993,1432.0257205673336,1438.3029936642954,1411.945363795295
2025-03-27 14:15:00,1437.4629132519324,1443.8060603026895,1433.0486904795657,1441.1385451027256,8303.96245331858
2025-03-27 14:30:00,1442.0369868804253,1444.6230830727422,1433.5434123259063,1444.4142715697428,4645.571052404309
2025-03-27 14:45:00,1415.0790270621999,1420.8209341635777,1411.2296452134813,1422.184232873633,7563.459464096356
2025-03-27 15:00:00,1422.4501259245362,1424.9647589097324,1412.8548362127933,1418.752594988689,8710.0903209583
2025-03-27 15:15:00,1416.1224091607141,1415.0467832569566,1407.410630140871,1410.2858475300936,8143.386712093367
2025-03-27 15:30:00,1411.5288851473078,1416.6253115715272,1406.8649069169094,1410.7288313270642,4914.0295070733155
2025-03-27 15:45:00,1403.4818007768358,1412.341076612323,1398.313799775345,1403.7064771191417,3545.259720969869
2025-03-27 16:00:00,1389.077386492913,1398.3722959184825,1388.0306247719486,1388.8529960253209,2013.5733352168982
2025-03-27 16:15:00,1390.9071238144688,1393.1556283117532,1386.3383227619404,1387.4587683857887,8628.602887040548
2025-03-27 16:30:00,1387.9206743390298,1390.2030323276313,1382.0118348394685,1384.3396295106095,406.8018667049754
2025-03-27 16:45:00,1347.8096499168876,1357.2084832353257,1346.2086563436274,1353.7794175890822,4019.9540358329623
2025-03-27 17:00:00,1351.8309188609812,1354.2086530569989,1345.064423868649,1352.7769878045683,3207.703458181603
2025-03-27 17:15:00,1344.18893361978,1348.3105047426961,1336.1236376257723,1344.5841554236422,5016.833830221565
2025-03-27 17:30:00,1348.1164679697024,1358.9461548614413,1344.9248905888787,1346.7425999633012,2035.6296322662852
2025-03-27 17:45:00,1371.4706518276473,1373.2758193047694,1362.8438244988174,1367.0861628813882,9291.45289759376
2025-03-27 18:00:00,1369.5292357721175,1376.7753351784459,1362.2815948054167,1373.6303756298612,7785.076996169664
2025-03-27 18:15:00,1378.9851631330298,1383.4944369146626,1373.6863811443275,1381.2856084151622,8257.525134203996
2025-03-27 18:30:00,1365.6751008543101,1372.4022508887335,1362.0019482608634,1361.1964848721861,4793.77597903429
2025-03-27 18:45:00,1365.003913028026,1376.8633076344825,1363.8328066027448,1365.8890031048952,9783.48574741306
2025-03-27 19:00:00,1368.6768253033308,1369.1844258839265,1359.1753109269787,1368.5652706073865,8118.086151114291
2025-03-27 19:15:00,1349.6450967701253,1361.7245120209686,1347.6738837322237,1351.205971303301,1763.0072072598832
2025-03-27 19:30:00,1359.2159052437132,1361.811938915198,1357.330081598927,1360.1950876353783,2820.485676317122
2025-03-27 19:45:00,1377.9655401431355,1384.063767295715,1375.614276780369,1382.1595987368335,2101.7680704941176
2025-03-27 20:00:00,1394.49929875433,1402.1128881103327,1391.1879760099393,1402.493676705563,4694.633130306338
2025-03-27 20:15:00,1382.6031651576359,1386.8144153258322,1374.912346557482,1381.2146923633493,4159.94525068576
2025-03-27 20:30:00,1385.2177883547545,1383.9279827674359,1375.8623414001754,1381.836980360142,8610.810087261672
2025-03-27 20:45:00,1389.263600729421,1391.0614957920404,1384.6030627769153,1383.1055679672825,3082.8143992932573
2025-03-27 21:00:00,1363.5760438210332,1373.502783497689,1361.1338026121462,1368.0925596720883,7695.353792012518
2025-03-27 21:15:00,1374.459740034803,1378.849083078931,1366.8411247771078,1367.9265525251978,3712.3782666172883
2025-03-27 21:30:00,1371.2405343914695,1375.215112302628,1365.6959440148066,1373.4997974920777,4207.744433125131
2025-03-27 21:45:00,1365.8800589310008,1366.0221550584777,1358.4547750353822,1360.1983719384127,925.1930542255884
2025-03-27 22:00:00,1339.8383636915405,1346.206809695251,1336.1043389857039,1342.2201290796675,8162.5226348663755
2025-03-27 22:15:00,1326.1447645022674,1329.7952772678534,1319.051009520261,1319.05710842061,7959.168323794274
2025-03-27 22:30:00,1317.5133914251417,1319.6347348264437,1306.7506502247809,1312.1745989930748,8191.285646754022
2025-03-27 22:45:00,1321.7429325150752,1334.3055957951972,1323.869345838774,1327.0626675569667,7944.640099513601
2025-03-27 23:00:00,1328.0217908210677,1333.3584553601352,1322.0718506787184,1330.658203642362,5267.895008724751
2025-03-27 23:15:00,1314.347032582643,1321.793259043942,1307.9214554301825,1318.3948165331303,6850.3080037985255
2025-03-27 23:30:00,1302.8400214593464,1306.7502051240458,1297.9073528413505,1301.676074447024,1808.3153689083715
2025-03-27 23:45:00,1286.603644742866,1288.4146968738792,1278.482471261863,1283.2866808671354,3177.9368491962296
2025-03-28 00:00:00,1278.4851451357101,1278.4735786711917,1271.076377025875,1271.5138563930216,1805.3818879698802
2025-03-28 00:15:00,1298.1452855157913,1304.2846035383468,1296.7047646175345,1299.3471929889724,4756.164157421165
2025-03-28 00:30:00,1312.813637326602,1313.8748412006655,1303.0792302398836,1307.4835442028996,6906.514437080329
2025-03-28 00:45:00,1301.285329609087,1308.8519338774952,1301.0418103740828,1303.18541702799,8563.200929140316
2025-03-28 01:00:00,1300.0416618560694,1304.589753443489,1294.7005369232384,1301.2099605075603,6110.840495177101
2025-03-28 01:15:00,1301.9834088731593,1307.7679473375886,1295.6565508541883,1299.2704233408867,765.2548477795516
2025-03-28 01:30:00,1288.1015313875807,1290.8703733502032,1278.8868080288953,1283.6391004076077,9064.556225268889
2025-03-28 01:45:00,1293.5791050463017,1300.650628109411,1292.6347829248157,1298.5650946834046,1772.1952805502483
2025-03-28 02:00:00,1287.4607688224994,1291.7803534723541,1281.3190793799456,1287.1519719514417,9754.73535556466
2025-03-28 02:15:00,1298.8997714003187,1297.8012645315825,1290.8357896269704,1294.6120342748607,2792.440248872096
2025-03-28 02:30:00,1275.837554040635,1278.835474713595,1266.2452318094051,1269.4027624194243,8410.40722159449
2025-03-28 02:45:00,1269.4918741222498,1271.6248847292777,1262.4352490033657,1270.2628125294464,3597.7992174059304
2025-03-28 03:00:00,1276.7334937207304,1279.0800758986397,1271.288888696199,1278.0394482788565,2847.1008939231247
2025-03-28 03:15:00,1260.4015862164852,1264.2690131658196,1255.9650259333596,1254.5179681597501,782.8732566773593
2025-03-28 03:30:00,1259.3343069230036,1266.2953035730718,1255.1780328808172,1263.9568567898298,3310.039688646067
2025-03-28 03:45:00,1254.1300686571149,1262.9658248445696,1255.954075143167,1255.7404696340263,9737.457038684403
2025-03-28 04:00:00,1241.3367401963676,1252.3745590531896,1241.810350397722,1248.6159476791331,211.4697347318264
2025-03-28 04:15:00,1257.1054081401537,1258.486800988585,1247.9883005949098,1257.1949042741805,7218.086499069824
2025-03-28 04:30:00,1263.0210622518402,1266.1121363546724,1255.6987515231187,1261.3320019527544,5635.076612789163
2025-03-28 04:45:00,1257.8755090480581,1263.0633438710965,1253.4562520108984,1259.564863700074,6392.506452383347
2025-03-28 05:00:00,1275.342107905605,1281.8361622332088,1270.6639770164895,1272.4781637916165,8901.699890222997
2025-03-28 05:15:00,1280.7841209403311,1290.16653988804,1280.1537056760096,1284.8949768744594,7324.136775300582
2025-03-28 05:30:00,1292.211554036417,1295.561289078948,1287.2268708666306,1293.4994508586515,3805.6525101593693
2025-03-28 05:45:00,1271.061757192252,1281.6524384815295,1266.6857602605303,1268.967175843258,342.6273951311845
2025-03-28 06:00:00,1253.098299858964,1261.169488761659,1251.2619415999727,1256.2697492015855,2379.8026271516483
2025-03-28 06:15:00,1265.6292938690935,1272.087979478919,1258.8184294974537,1263.6396328569674,8837.346466435882
2025-03-28 06:30:00,1261.0707388114427,1268.0023997267178,1262.071187277346,1264.666581951627,3230.6326281168185
2025-03-28 06:45:00,1253.829001990005,1259.0320441897602,1245.420158229185,1247.3936725213975,868.4666330618219
2025-03-28 07:00:00,1263.138184958455,1269.6711706148117,1262.406402195388,1265.2110295593648,2040.3490350177578
2025-03-28 07:15:00,1261.0583054696865,1268.9654272633054,1259.169190074125,1261.9331610505399,9681.062833911685
2025-03-28 07:30:00,1291.6949003092936,1295.4855296863805,1289.1717248488487,1295.0407614247158,7283.822516888486
2025-03-28 07:45:00,1282.5730995581334,1291.0943202134092,1277.1412777203338,1287.319892899606,9512.32993139485
2025-03-28 08:00:00,1272.4586017642537,1278.809464108698,1273.63781628857,1279.6319851852923,3696.2613780435186
2025-03-28 08:15:00,1296.7609536922525,1300.0158479831869,1288.0620780948316,1299.0746713470546,1546.5986185635786
2025-03-28 08:30:00,1325.2418343385357,1332.1020734369815,1325.754742849495,1326.4881979716506,8539.583265782716
2025-03-28 08:45:00,1325.5388141388992,1323.7531328793532,1318.559077764982,1322.8544265310748,7720.510882086533
2025-03-28 09:00:00,1323.471024665717,1327.6937251658596,1317.3015659883094,1320.814938637471,9981.573428723905
2025-03-28 09:15:00,1301.8003349854844,1313.9577752301504,1298.2329638101676,1310.3164022849578,9728.397103219877
2025-03-28 09:30:00,1301.576793711583,1303.9901043507352,1293.0063993494277,1295.5019139081883,6672.215067522653
2025-03-28 09:45:00,1301.7214701279559,1313.6299192997292,1303.035090633451,1310.2110343021666,8841.01745102021
2025-03-28 10:00:00,1290.0178220740672,1299.2443976077066,1288.6174257797713,1290.2582815790279,5069.631830102183
2025-03-28 10:15:00,1302.1738672027793,1309.2191481318162,1296.3091308273313,1298.7774772603652,6434.6792617953615
2025-03-28 10:30:00,1315.334358474898,1324.007721278422,1313.0334218927621,1319.6563241669753,3901.445930172534
2025-03-28 10:45:00,1310.3759731989617,1313.6963124429521,1300.1203952878664,1308.3569244380603,3655.07848178446
2025-03-28 11:00:00,1311.5474605769775,1313.2177435378842,1302.2028144006442,1306.510615589231,262.09589539121924
2025-03-28 11:15:00,1307.7001596469977,1314.681250865134,1308.1001793158205,1308.2343225428306,5069.625980666787
2025-03-28 11:30:00,1323.9105575919166,1324.521927973692,1317.1498288074993,1317.013152762003,1742.5128914974691
2025-03-28 11:45:00,1316.7761963588214,1324.6232754204227,1315.6198961418424,1316.198896799223,491.3938463383859
2025-03-28 12:00:00,1337.2683448002626,1336.7262911249702,1328.0698476518924,1329.5523843877454,2625.756718850602
2025-03-28 12:15:00,1333.676792194386,1342.2576931660992,1330.2523337024547,1333.4728555381496,7766.427329666363
2025-03-28 12:30:00,1324.5396578751984,1332.9845377562044,1321.4082387511191,1328.4068325219212,5206.099530230225
2025-03-28 12:45:00,1308.1562837595607,1314.4877541469907,1303.6060355008253,1311.31115789323,5051.82465472777
2025-03-28 13:00:00,1323.0285881827886,1327.2519103225522,1317.0856199603847,1323.137471014952,2205.6763631022254
2025-03-28 13:15:00,1318.6670087213733,1327.1157955563515,1317.4846492084175,1318.5351556400904,6070.712211721118
2025-03-28 13:30:00,1310.7290553028583,1319.9724486798489,1305.1959135031448,1308.0632193526383,9928.078217309152
2025-03-28 13:45:00,1316.0304500680445,1322.0366571605225,1311.1539485397261,1316.9553059612006,3862.873595929348
2025-03-28 14:00:00,1320.3498404699792,1324.4855298403031,1314.0519034099661,1316.8977161325784,6958.577366606803
2025-03-28 14:15:00,1295.9803089893944,1302.9522687815484,1295.8083786685304,1296.593496522755,4654.034965201149
2025-03-28 14:30:00,1296.130907684755,1297.2277397662288,1289.5677810438585,1287.7757798039195,7465.269864039578
2025-03-28 14:45:00,1270.9433925026233,1277.9075146748094,1268.9996329485703,1269.8346681021167,1610.8833454953779
2025-03-28 15:00:00,1293.0655923166642,1293.4320277581833,1287.3803613819434,1286.281399356444,405.6689528454849
2025-03-28 15:15:00,1293.07741383514,1293.7957935323448,1284.9154910791156,1286.756767784912,3694.0851028311963
2025-03-28 15:30:00,1291.5148405426498,1291.9820715100664,1280.5034882906757,1282.6561362239313,5950.186255995859
2025-03-28 15:45:00,1289.1054408816483,1298.6386376564496,1287.1983216567996,1293.4962448286492,253.85263993233653
2025-03-28 16:00:00,1272.2787454393547,1278.637842863851,1272.4906904328218,1279.5484187077416,8385.414308839576
2025-03-28 16:15:00,1272.545743337905,1280.9430154093322,1272.6022301187152,1273.724633567161,4527.5867615631205
2025-03-28 16:30:00,1269.482978688452,1272.4636814914388,1258.495631326645,1267.1564170929794,1209.1745616220435
2025-03-28 16:45:00,1278.2572499628675,1280.9486909264144,1270.965974506763,1275.430418406951,932.1769163102151
2025-03-28 17:00:00,1295.3452304090556,1298.290794266669,1292.7173259646445,1291.8123879505897,6929.39370085029
2025-03-28 17:15:00,1294.853780094597,1297.2960282151187,1286.6313653748252,1295.9741633375293,3034.803104135227
2025-03-28 17:30:00,1293.5256437480807,1301.226859531662,1290.581237966022,1291.6706844322143,629.128018795685
2025-03-28 17:45:00,1298.4457182045523,1303.154436988722,1289.8485519195597,1292.1954044431163,8747.734879103615
2025-03-28 18:00:00,1292.5514046890792,1291.8895372649567,1286.6292956009238,1289.0207137484358,9049.78124237236
2025-03-28 18:15:00,1304.5612641609207,1306.9201505593335,1300.8676927647605,1308.6438163610262,2098.0564383728183
2025-03-28 18:30:00,1292.1346559182557,1302.6881732368427,1293.5246905883944,1296.7779303912014,7151.547708481277
2025-03-28 18:45:00,1274.0948812858023,1280.201346963603,1270.2454102608804,1274.6495245001581,9079.764945267661
2025-03-28 19:00:00,1284.4907031188457,1286.9315741743294,1274.5845130038554,1283.2388842609323,2274.2158895955354
2025-03-28 19:15:00,1273.088336100138,1282.68431911397,1273.7255165467698,1275.1422486219114,2020.5586689906331
2025-03-28 19:30:00,1272.3683598325586,1271.7417074513644,1263.3081266587692,1265.704985332682,8422.672512304647
2025-03-28 19:45:00,1286.9387286965461,1289.4853232471648,1279.3763581425294,1286.722024490228,1059.9638637378184
2025-03-28 20:00:00,1291.6949919055692,1292.7449339006725,1284.667157904242,1283.3251246098089,308.1277436293901
2025-03-28 20:15:00,1312.7366046676896,1315.6878986421582,1302.5437414491587,1312.404719002304,4914.174381198766
2025-03-28 20:30:00,1298.968315632299,1296.8839819214493,1287.345884249246,1295.4007494944626,8495.423442234749
2025-03-28 20:45:00,1290.6151550737704,1295.6447516553094,1281.8728456071549,1285.9118848485125,6015.89049540237
2025-03-28 21:00:00,1279.6392932304084,1283.3197405837425,1273.4229224985527,1276.2955846951145,2120.8901311317604
2025-03-28 21:15:00,1287.733337895795,1292.0798418672546,1284.1929082335907,1287.969692854404,5836.766652948465
2025-03-28 21:30:00,1277.4941828574447,1281.9314177931074,1273.200432129392,1275.6262895340562,8490.874376270676
2025-03-28 21:45:00,1270.6236891631056,1271.4954660081914,1266.0813998866038,1271.155188757501,2655.548726362392
2025-03-28 22:00:00,1261.4563230690742,1264.5840301580827,1256.3513958505157,1262.5955227929726,8824.52274160819
2025-03-28 22:15:00,1264.343508925462,1269.722734747139,1262.360951651481,1268.6420070194138,9724.95191135467
2025-03-28 22:30:00,1276.9068496847378,1278.979906718135,1270.4475044870612,1270.8814391099743,3544.14195969127
2025-03-28 22:45:00,1299.1991200302748,1309.0329779950673,1296.4662448529664,1306.9062410441188,1781.7110352102125
2025-03-28 23:00:00,1277.6756128257496,1284.2088374335406,1279.6435272916858,1284.4179397628143,2512.4253049145404
2025-03-28 23:15:00,1278.7407329672335,1286.311627274244,1276.4970678276088,1285.363640384868,8074.380572561504
2025-03-28 23:30:00,1258.5766747043474,1266.8759761828305,1255.807352054038,1254.7165541888721,2402.7478684953594
2025-03-28 23:45:00,1264.8518094017045,1271.8244568779446,1259.1365212048345,1264.586898844452,6426.631772059934
2025-03-29 00:00:00,1269.8638624848027,1268.7626033157085,1257.7736940992322,1261.4231193668707,5051.409627191141
2025-03-29 00:15:00,1247.8587423917181,1251.2731941630914,1241.6724624165706,1249.7135707120137,6150.785239075944
2025-03-29 00:30:00,1227.1841719330505,1226.4336607644723,1216.7659084125096,1226.358149209865,398.3988147411133
2025-03-29 00:45:00,1235.7086202314401,1238.807732341005,1227.2921049429165,1232.3257718648183,8861.548646271796
2025-03-29 01:00:00,1221.4338509865079,1225.6086100932264,1215.5173843998912,1216.5619417780094,7437.839994269147
2025-03-29 01:15:00,1228.0445792983405,1238.9040953121676,1224.3774411347856,1228.2943510034493,6387.505587760307
2025-03-29 01:30:00,1226.4833893844748,1227.8533325647652,1214.7802799471322,1222.5968144732858,790.883764426878
2025-03-29 01:45:00,1240.8079109638472,1246.1277512570061,1235.5669523570918,1237.6562651980912,7176.834438364736
2025-03-29 02:00:00,1230.1680159758978,1228.7474751606062,1223.0109016452002,1224.3921316666376,7116.4735653273165
2025-03-29 02:15:00,1220.1186000573878,1221.823581535195,1209.1909964945514,1215.5298153037236,358.5451732914286
2025-03-29 02:30:00,1196.1922576330442,1204.3620150981171,1193.0695078172569,1198.812458712059,8009.607589182924
2025-03-29 02:45:00,1212.4489375411886,1213.431496198861,1202.8660069741477,1207.584949900154,7394.5912870693965
2025-03-29 03:00:00,1222.338713578959,1223.6163602781892,1210.8314696311832,1217.4217691644521,3604.677444992126
2025-03-29 03:15:00,1228.3869112283583,1234.2176030953526,1223.060284387321,1222.2024478523808,5542.246290378444
2025-03-29 03:30:00,1226.1575424752318,1227.9899701103882,1220.3161003090318,1225.749834940662,5301.763989459928
2025-03-29 03:45:00,1241.4346247321835,1246.8443632398405,1235.3294964941472,1239.935187592731,5750.535440680741
2025-03-29 04:00:00,1210.0764767296073,1217.9146561703344,1207.7533206534229,1217.0942376535218,6984.153480902119
2025-03-29 04:15:00,1208.3838000437918,1215.1065344931533,1200.409286512948,1210.40623485293,3044.704452664942
2025-03-29 04:30:00,1214.9515743010334,1219.326329754066,1213.2087436231768,1210.9793489726253,9967.794532081509
2025-03-29 04:45:00,1198.8996708478883,1206.193199536895,1192.7240963282914,1198.964769385585,8334.397698482264
2025-03-29 05:00:00,1201.612859568773,1207.14778377095,1193.1093734587453,1202.0534431424933,7832.303910952583
2025-03-29 05:15:00,1203.694143397651,1202.229625891261,1195.048557342578,1196.0574272510141,6068.08069833994
2025-03-29 05:30:00,1201.487735615087,1206.6882648805724,1198.1386433712419,1198.661686442448,5978.808959855136
2025-03-29 05:45:00,1200.3330850228149,1212.194708235171,1198.8574721892974,1209.242974306681,9338.916119209889
2025-03-29 06:00:00,1224.6634885072717,1234.2849834851204,1223.6758753856109,1222.1758729643793,6418.100634773382
2025-03-29 06:15:00,1212.0750430071387,1216.809849446988,1209.1183309686394,1212.8150899006664,8636.635679490319
2025-03-29 06:30:00,1224.0986178355065,1225.6284386316602,1217.2887486877487,1218.891070997048,7288.259811585991
2025-03-29 06:45:00,1233.1107093359237,1240.6904306109523,1230.302772028927,1232.3972418453327,3352.350506138383
2025-03-29 07:00:00,1238.6468027719807,1245.5699373285947,1235.442421090093,1237.577469567091,4387.9026298457775
2025-03-29 07:15:00,1249.4040706518665,1252.6072271601388,1242.826187376611,1251.6804453934183,6024.193257017783
2025-03-29 07:30:00,1267.6613571966625,1269.8697927781745,1263.2577392733024,1269.9542921805353,9006.598542277137
2025-03-29 07:45:00,1265.5858725696849,1274.0839208234843,1265.9162317084836,1269.1458897874236,5895.152153020503
2025-03-29 08:00:00,1266.161518654034,1269.7535547338243,1260.3824001214439,1268.1514962624892,977.7975037387071
2025-03-29 08:15:00,1264.060321990512,1271.680690732931,1259.4641914953595,1264.1394310655623,1866.6361193238147
2025-03-29 08:30:00,1279.9293507239922,1284.5941926619385,1269.8877972114087,1274.8300172123782,787.5262538640791
2025-03-29 08:45:00,1271.07801954626,1271.8813050128506,1259.6871628415627,1262.9723347105155,8481.002552081804
2025-03-29 09:00:00,1256.4667485771313,1263.486089926555,1258.1626374647976,1266.1742090835282,4613.350448260399
2025-03-29 09:15:00,1248.576896712566,1257.290431572647,1248.0294148850571,1253.7612112411075,8701.435441126958
2025-03-29 09:30:00,1248.1521342109238,1251.2653299058004,1240.640116041589,1250.8264890122748,809.8135894790873
2025-03-29 09:45:00,1240.0204929195015,1247.694318173753,1242.2482994536458,1243.2763258720936,4856.335588722172
2025-03-29 10:00:00,1255.0216671726964,1254.830020951096,1246.7607916681388,1256.2750466098787,640.000978511211
2025-03-29 10:15:00,1216.089613422105,1218.288343414191,1205.8763819840228,1214.8195084406539,6971.782465671251
2025-03-29 10:30:00,1197.8452211553424,1202.4932417399546,1188.8923394049875,1200.0893211009125,2982.2584616088584
2025-03-29 10:45:00,1162.63349478357,1166.1009713827996,1157.9566733813163,1162.4555287411465,9006.501753746088
2025-03-29 11:00:00,1171.576158403975,1171.5236546096921,1161.979180070681,1167.792323970551,2855.3351611005046
2025-03-29 11:15:00,1182.029119867322,1185.9759813130179,1173.6471537858479,1175.7088019062967,1367.1861044118168
2025-03-29 11:30:00,1187.4324585652523,1189.8425283841184,1175.126069975339,1178.5943175460382,6889.849453511718
2025-03-29 11:45:00,1170.4815484164335,1181.7754320159606,1172.1942802640563,1170.1092130911345,4984.8144077485385
2025-03-29 12:00:00,1194.9529403631636,1200.1729326250208,1188.4764196272495,1196.0120022181668,636.009652557819
2025-03-29 12:15:00,1206.4234261188146,1211.541003794546,1201.2852671415103,1207.247089985443,2521.865468852501
2025-03-29 12:30:00,1215.9563071767172,1221.325524006517,1211.6679770970993,1210.4884565591046,2663.4346091266443
2025-03-29 12:45:00,1202.2029486877466,1211.4392987770834,1198.2437084918813,1209.019145717278,112.83272116279122
2025-03-29 13:00:00,1242.3819263360538,1245.1964064197143,1236.629830639014,1241.7646104063724,7556.655472921374
2025-03-29 13:15:00,1229.1536972437812,1232.1676433346645,1223.3569979515275,1229.8034129449372,9985.438731022241
2025-03-29 13:30:00,1244.670885666469,1251.5102856913063,1240.0090026355263,1245.9707620008953,8334.680233836914
2025-03-29 13:45:00,1239.125162743299,1246.5966412923249,1240.7848793621408,1241.2512962361338,5274.470773507331
2025-03-29 14:00:00,1250.045541431794,1255.388818809956,1246.5945733317176,1253.636772262169,8330.664324573396
2025-03-29 14:15:00,1253.2519843524283,1260.8151898732547,1251.8532838686974,1254.5893958950835,3533.6726244238457
2025-03-29 14:30:00,1240.3160852458889,1245.109152504978,1239.0687204496037,1245.2616738371196,494.1376500250513
2025-03-29 14:45:00,1223.7288569689395,1235.0174336912369,1222.8568800075961,1224.367104602014,4047.3380364675886
2025-03-29 15:00:00,1222.3622223635177,1228.9112971357094,1218.274995422793,1224.215586765222,8110.044976914877
2025-03-29 15:15:00,1241.7039125944625,1250.8596442240532,1236.2015583692012,1239.7398264864341,2351.352917561252
2025-03-29 15:30:00,1233.5072705377086,1231.2380354693485,1221.7010420929867,1224.7249303945298,2071.4582204552617
2025-03-29 15:45:00,1251.2294430939864,1254.4391391538845,1238.8046563323671,1251.395156837495,9089.441398007908
2025-03-29 16:00:00,1249.4859533671568,1248.9960807399586,1243.7980933963595,1247.0423357900465,7747.906277412189
2025-03-29 16:15:00,1255.129730863341,1264.6775457553938,1252.8789246809465,1257.7433185052525,7290.523434376698
2025-03-29 16:30:00,1252.6259933812794,1261.1395487260334,1254.01108484821,1260.7743488867811,5877.862647561119
2025-03-29 16:45:00,1256.027482316327,1262.9464677057763,1256.6521060445086,1255.7028047305896,2195.3376313865024
2025-03-29 17:00:00,1234.5378076219238,1238.3610339798556,1232.3477770142883,1238.4346753665618,2570.45514599702
2025-03-29 17:15:00,1247.9422936566007,1255.7463397082233,1241.7213053820528,1243.7023228317735,6602.087194006807
2025-03-29 17:30:00,1250.6078257682318,1250.5729175606089,1243.234114035187,1247.1372413450113,9457.895321676428
2025-03-29 17:45:00,1262.8206309321804,1268.5780502728664,1262.5524298015687,1266.8658725021542,8307.502170428912
2025-03-29 18:00:00,1251.0275736753058,1250.401516892896,1243.1131445611575,1247.4926715115691,823.1351822389418
2025-03-29 18:15:00,1274.6859542916893,1277.8422335093117,1271.4071367877164,1271.8204560857093,2808.297194470837
2025-03-29 18:30:00,1259.6504055010237,1267.2029282060885,1260.9675025998995,1268.9778043055087,7169.12347726563
2025-03-29 18:45:00,1268.918053689113,1271.8376503972956,1265.6172639742604,1270.2868071649393,368.2772785253561
2025-03-29 19:00:00,1288.3162568093471,1294.613152749942,1284.4416371697498,1287.594991421416,1826.179509379163
2025-03-29 19:15:00,1282.2287148469356,1285.8551295465502,1275.860031218996,1280.6278950736182,1688.2254452761733
2025-03-29 19:30:00,1279.9036533524536,1278.5974794378885,1268.649244634409,1278.0430973070188,1226.6857437220563
2025-03-29 19:45:00,1248.1479841914197,1256.5677752300826,1243.2822735220984,1246.6936860148703,9348.15917342741
2025-03-29 20:00:00,1242.138092188345,1252.1912804586416,1242.1353406015114,1243.2934041142678,1551.548141465456
2025-03-29 20:15:00,1251.9566685790076,1250.7994036824343,1244.2653719222562,1243.8872447820406,2348.897706958583
2025-03-29 20:30:00,1262.1747110423946,1260.930229710411,1251.1343109105094,1259.7170526628754,4666.6878561491085
2025-03-29 20:45:00,1231.684605749855,1238.2152678541047,1232.6579327333743,1234.0802975795002,4882.342607216543
2025-03-29 21:00:00,1234.0239148582712,1242.0139260665433,1234.8184187519514,1234.848190513036,4051.191920254358
2025-03-29 21:15:00,1244.607214601076,1252.3979272109539,1242.3715641576453,1244.8331175097805,3232.2094605186253
2025-03-29 21:30:00,1244.4965598504662,1249.6869073878315,1238.5333447715875,1240.1445392871674,2133.0355543063224
2025-03-29 21:45:00,1240.6277310216158,1242.266241086073,1233.2866244854927,1238.1609542770339,7277.596622067456
2025-03-29 22:00:00,1249.9770433233246,1251.66223250406,1246.6164066568679,1248.475629648321,6479.733691181263
2025-03-29 22:15:00,1247.5185483215503,1250.3805444317895,1240.6190130214334,1245.5303812134227,5248.499698095863
2025-03-29 22:30:00,1230.0055728660127,1235.2868929322287,1228.976961565246,1235.1310980849264,3370.7927473313116
2025-03-29 22:45:00,1223.171966534017,1232.4190861492334,1217.8721789149497,1225.5438286328713,9827.648877620806
2025-03-29 23:00:00,1224.9756507430486,1230.298603080847,1216.0866190188858,1222.778959155174,5112.128490370254
2025-03-29 23:15:00,1226.019010917761,1226.1095065989914,1215.6727208784164,1225.5093344127267,3237.3580711657387
2025-03-29 23:30:00,1198.8777957427285,1208.905714093049,1195.3875991938583,1204.831323209936,3293.7287911457797
2025-03-29 23:45:00,1194.7835497202645,1205.9925083374224,1194.3079447235925,1194.515452557075,8757.012554837804
2025-03-30 00:00:00,1196.4049521211507,1204.1549211488257,1191.446572356251,1193.4607497373504,6497.440102861177
2025-03-30 00:15:00,1206.588610360278,1209.0591973253286,1195.999413167055,1206.760624833482,742.8725450598606
2025-03-30 00:30:00,1191.7954417148335,1198.9818594069782,1190.356192316135,1192.4163356257761,8409.634132645102
2025-03-30 00:45:00,1166.787343390817,1173.2684757843194,1165.4468427740896,1172.9739537406347,6772.124235585865
2025-03-30 01:00:00,1167.5292720080806,1174.8868980122272,1165.0591859676226,1167.2700656201216,4745.291170858664
2025-03-30 01:15:00,1181.4130362539402,1189.3170992620144,1176.397615975101,1180.4669048296405,9116.004514921822
2025-03-30 01:30:00,1180.0799008473293,1189.0650090898616,1182.2474350315458,1182.099297034556,666.1566882184171
2025-03-30 01:45:00,1178.9951124077738,1181.5926203148576,1172.3198156589615,1177.2923755886864,2004.6222587410032
2025-03-30 02:00:00,1162.3133079144397,1160.1412536261255,1151.434846762998,1157.3870540421242,6756.739626698068
2025-03-30 02:15:00,1162.0181093358815,1170.6219563129996,1159.6884487285784,1162.3038431865102,8833.288313962827
2025-03-30 02:30:00,1172.6032597564383,1179.2793062153917,1168.1377195542375,1174.2896739532764,9747.63886666401
2025-03-30 02:45:00,1163.8308638659612,1168.0505947981758,1156.1676119914603,1168.3281428108364,806.7994010546948
2025-03-30 03:00:00,1153.0756075912034,1159.156861531342,1146.521694789238,1153.1157824598974,2693.175834970145
2025-03-30 03:15:00,1131.8807645732124,1143.941792216121,1130.9416083794783,1132.7987270582748,9895.115896449404
2025-03-30 03:30:00,1145.5938569117507,1156.1951551600937,1145.8649611624123,1152.0978147844219,868.641724260256
2025-03-30 03:45:00,1122.029738355299,1128.8795295385455,1122.5375721702035,1129.0836128820724,1390.85373727885
2025-03-30 04:00:00,1142.9985151744645,1150.6242334113133,1139.7887085084917,1140.380549280736,3681.143466996778
2025-03-30 04:15:00,1146.9146135492635,1156.3273955633317,1142.7435390125888,1149.6566972013459,2084.7426932277494
2025-03-30 04:30:00,1129.4770126414485,1135.3774129340936,1130.853546547105,1135.7789796802374,3272.468594283962
2025-03-30 04:45:00,1152.346693768388,1156.1062174549359,1148.9749461602441,1157.417244010198,2935.3108012881858
2025-03-30 05:00:00,1174.9602565810421,1178.7128079079057,1169.4409005090558,1176.2655213793537,4620.274086474406
2025-03-30 05:15:00,1187.4139833688394,1190.2002834359766,1178.350785416827,1187.3883469232442,3678.6530440155934
2025-03-30 05:30:00,1188.093953034389,1193.1618681812402,1181.3603013019565,1181.0920338591682,2092.5123795608706
2025-03-30 05:45:00,1182.039018109524,1186.683880118746,1179.5974379415104,1186.684056956824,6406.636329047008
2025-03-30 06:00:00,1182.4807366409318,1190.346110426302,1179.3270208150714,1184.1600242352797,7263.4333567261
2025-03-30 06:15:00,1203.3432963106732,1203.4490730191337,1193.1941458284593,1198.7408728416035,7379.119746536526
2025-03-30 06:30:00,1205.0229401870836,1207.593331476638,1200.7543821936667,1200.90603473325,5287.3934870177
2025-03-30 06:45:00,1207.2966368148227,1210.9968298647207,1199.43159831819,1208.2427318081516,4516.674011471418
2025-03-30 07:00:00,1186.522548588367,1196.8397627379127,1182.6826858073573,1192.0524470437078,4083.8421021526106
2025-03-30 07:15:00,1194.3609287200984,1198.67496303716,1185.5362938034634,1188.2288564404973,5370.254882858006
2025-03-30 07:30:00,1217.1418497754698,1220.6286509724387,1211.6901606323172,1216.202397684476,7697.15822162119
2025-03-30 07:45:00,1207.652615438188,1218.330373847002,1205.8851701887465,1215.815347790465,6124.126848588688
2025-03-30 08:00:00,1202.8321024616694,1206.1335980238214,1196.9372953010418,1201.2209273916496,4523.145464066963
2025-03-30 08:15:00,1188.2526674742305,1198.7511258104344,1190.236059055509,1190.0062891066987,5493.935217564019
2025-03-30 08:30:00,1198.2545470135185,1204.3873845182911,1194.7416275264509,1196.786830152274,914.904731704486
2025-03-30 08:45:00,1194.808182992265,1199.3883864984657,1188.1124559021102,1191.5836217838462,7624.561243820409
2025-03-30 09:00:00,1192.7155495844281,1201.335830953256,1188.8501544700218,1195.211472749477,4404.929529154131
2025-03-30 09:15:00,1189.9145790424645,1193.8550984514936,1184.6599402180302,1188.2844009496655,5237.364329154562
2025-03-30 09:30:00,1191.5491281557463,1195.5676356088657,1183.733325984508,1183.519605360665,1858.6311056258357
2025-03-30 09:45:00,1200.7361792971974,1208.946931888472,1195.282749782682,1207.0137089231214,1608.9930281023724
2025-03-30 10:00:00,1185.7060266868284,1190.3309924686325,1177.76414915213,1186.5176835908278,5064.8017657295695
2025-03-30 10:15:00,1188.8922658452932,1195.9046021287093,1182.6122471957697,1194.3258511304177,1765.677167827392
2025-03-30 10:30:00,1186.2022154156837,1193.2963619885595,1182.4505110612836,1185.899165991619,9545.133066801549
2025-03-30 10:45:00,1174.8983360794753,1186.5017576435885,1172.5049502062627,1176.7870206042676,510.4335049126342
2025-03-30 11:00:00,1177.9699827440156,1184.8883769847873,1173.2113732633845,1180.5077617466557,8879.194629666743
2025-03-30 11:15:00,1192.8432686683498,1200.993827425941,1190.8793353245242,1197.2737234814972,681.8343802536414
2025-03-30 11:30:00,1200.6869263374667,1211.9469233380323,1201.131542231824,1206.8935612771654,3083.8484338422986
2025-03-30 11:45:00,1187.295419152976,1192.4707908492492,1181.312330987462,1191.26063939689,3750.4071736533783
2025-03-30 12:00:00,1194.5831527860691,1192.489862066908,1183.4717345332838,1194.2883931201875,5323.502468198094
2025-03-30 12:15:00,1192.6536060665624,1198.0040469304006,1189.2788724639368,1192.2790191644556,8254.046534331188
2025-03-30 12:30:00,1170.5509653436036,1180.2773847075061,1171.411836817531,1171.5145034317766,1820.8353301635432
2025-03-30 12:45:00,1155.4770966271922,1163.6689611379634,1154.1469809645305,1156.6783457476342,4704.53355223016
2025-03-30 13:00:00,1159.0111400000162,1160.3677743959147,1153.2630655129356,1156.6178261456887,1592.7479600915672
2025-03-30 13:15:00,1149.9234550547778,1159.7546713023569,1148.8222781953843,1156.0292504502827,6984.219512133155
2025-03-30 13:30:00,1152.7806436177536,1157.6185608238484,1152.3975603067329,1151.3022568572126,2317.977155876606
2025-03-30 13:45:00,1166.1749299139535,1171.115873470249,1161.6427434026423,1160.8872263509484,6598.095316965474
2025-03-30 14:00:00,1179.546742510736,1182.7074003395653,1175.6059086618761,1182.1634285919395,4939.624779912628
2025-03-30 14:15:00,1156.7435053642575,1166.2277954591407,1152.43891965874,1158.0568646242857,5685.813614502872
2025-03-30 14:30:00,1140.2771087390206,1145.0325901208155,1134.1449682687874,1135.3904910241556,476.66891054157406
2025-03-30 14:45:00,1132.4281284726985,1140.310478283985,1128.2643516607206,1129.6932956775915,529.7479114132561
2025-03-30 15:00:00,1106.7912811498452,1107.1140182209924,1096.0990536490995,1101.368063582834,660.7675472469232
2025-03-30 15:15:00,1097.944417472386,1099.878875239556,1087.9167604528902,1090.3066932633171,9371.314366754437
2025-03-30 15:30:00,1110.1081606972675,1120.9401603528713,1108.4585334963704,1110.6958079387307,2892.993979113278
2025-03-30 15:45:00,1089.3055206487409,1093.6520986972776,1079.5504402698864,1082.7712097789927,1985.8564321028443
2025-03-30 16:00:00,1092.903751901704,1095.4606564256685,1086.0517086416073,1095.6978834926156,6769.144438535992
2025-03-30 16:15:00,1070.5755593658996,1076.3195640873835,1063.8307111053898,1070.4885613468352,8549.947249581373
2025-03-30 16:30:00,1057.036798425569,1058.6359092014666,1045.5590022526537,1053.1189819949489,5017.2673909800305
2025-03-30 16:45:00,1054.455240239018,1052.0059043799997,1045.8806542768768,1053.1378024706391,5541.781600401907
2025-03-30 17:00:00,1045.1710179415766,1049.5869941900326,1038.0431815503912,1039.5751220259638,4579.645584523482
2025-03-30 17:15:00,1024.0987324253563,1035.6707083411109,1021.1455605653409,1029.2176752125772,5395.12363404296
2025-03-30 17:30:00,1045.4089828256292,1050.3120405844695,1037.2850149042852,1046.3073779049653,4162.405859386166
2025-03-30 17:45:00,1040.653770367299,1041.130648693799,1034.0345904882452,1038.1949323853034,9818.473911155392
2025-03-30 18:00:00,1028.6144163324823,1033.6462386359503,1022.564735708066,1030.6246193699346,1945.478171008668
2025-03-30 18:15:00,1019.7094410214828,1025.656930329861,1012.6701482089609,1018.4183931989204,6765.268161673124
2025-03-30 18:30:00,1029.1853439926692,1027.0964837737113,1021.5254253000824,1019.9439041633407,5948.133180993057
2025-03-30 18:45:00,1045.1081440267922,1043.2048311355406,1038.1346364925246,1042.1723858959,4784.0489147109765
2025-03-30 19:00:00,1041.716569208262,1046.395011068615,1035.4629654750238,1037.8214235313974,6962.031417781335
2025-03-30 19:15:00,1063.1612784988113,1065.4872125651777,1058.6354585654715,1057.849340093498,2172.9733999462505
2025-03-30 19:30:00,1041.9560344878732,1042.944473839518,1032.056080316526,1037.9406280991423,2412.6006081602254
2025-03-30 19:45:00,1023.7833249179282,1025.1370866997947,1015.1399872985813,1024.167849453966,5772.905279215674
2025-03-30 20:00:00,1054.3624042815377,1057.970739095275,1048.065224687303,1055.7607953816594,7986.441573578112
2025-03-30 20:15:00,1025.2148558672122,1023.5622465857274,1015.9944656764113,1020.5342309746366,4118.308066279493
2025-03-30 20:30:00,1022.7097076565781,1033.4975170115479,1019.0295261815713,1027.2123597569662,4375.8154972816
2025-03-30 20:45:00,1027.855685179954,1029.8075610296369,1023.2628206120519,1027.4011527125444,7718.053367120894
2025-03-30 21:00:00,1008.6707123237309,1015.8260969753184,1004.8936998515221,1009.2720613901072,9879.439182284274
2025-03-30 21:15:00,980.3256522152478,988.8923253377773,978.1431851516329,984.347272034417,6643.161985879313
2025-03-30 21:30:00,997.8046540931429,1004.4483800750002,991.327080305603,996.9829421630831,8663.948312115272
2025-03-30 21:45:00,998.9906305599089,1003.552074055076,993.5234859917412,999.0802192429633,3006.5927655823175
2025-03-30 22:00:00,1012.355729718955,1014.8768365351959,1004.9404810458267,1004.8920400068482,1610.9805678662872
2025-03-30 22:15:00,1017.1472531652142,1025.3134306674283,1014.0456824493272,1014.4222960626169,6503.7336478562
2025-03-30 22:30:00,1039.0777750319805,1040.8370933748472,1029.1721938659455,1030.9261608974546,7288.491295407917
2025-03-30 22:45:00,1040.8757618828824,1043.6201143405021,1033.8526316241666,1039.6152870495498,641.5783829449209
2025-03-30 23:00:00,1032.9315300479452,1037.8330539069982,1027.5537945973176,1031.3758098756994,5594.673789933741
2025-03-30 23:15:00,1024.9743224213169,1025.2640817296767,1019.4319797732376,1018.4796807755467,6551.878565013041
2025-03-30 23:30:00,1041.8152654179476,1044.2518613270784,1032.7623103503843,1038.7493928957651,8577.79882496325
2025-03-30 23:45:00,1037.0699206773756,1045.5735349491326,1035.0583920090269,1038.327025995176,5399.623662300732
2025-03-31 00:00:00,1025.6444072545569,1031.9686453908146,1023.757041892883,1027.6381771550732,1452.594032417089
2025-03-31 00:15:00,1030.2658783322129,1041.22907646262,1028.6114455678426,1032.332190966977,1107.2836886047357
2025-03-31 00:30:00,1060.0171110316169,1060.5945693721535,1049.9368388718606,1054.6746792032723,7547.041020877681
2025-03-31 00:45:00,1062.731318174938,1066.511034115866,1058.3198238488824,1066.4891196982687,2268.0296555177433
2025-03-31 01:00:00,1058.065871836463,1066.4817773968532,1055.6571754911738,1058.6908334651218,244.57654870269837
2025-03-31 01:15:00,1073.151655837643,1077.2193763148678,1067.7917087974906,1077.0087123115313,9602.287209683076
2025-03-31 01:30:00,1083.8071214348547,1083.7830268438215,1075.7632668989258,1074.2817904225406,1331.3707442951545
2025-03-31 01:45:00,1070.6367828949299,1073.308296868634,1064.1267408393207,1067.440216877282,3674.0256137844044
2025-03-31 02:00:00,1056.8399046567515,1060.038486289342,1051.4131448044873,1061.6939607941824,8479.47056347243
2025-03-31 02:15:00,1052.5897967890019,1059.6263962311027,1051.8201283628075,1054.8757182843262,6624.251832516019
2025-03-31 02:30:00,1046.099844739581,1053.8184438095825,1045.2294121392695,1048.7888018068325,5756.507098474862
2025-03-31 02:45:00,1060.9385448457354,1062.1468996964454,1052.4559848194465,1061.4458685517018,7220.205626605595
2025-03-31 03:00:00,1054.7577801633074,1061.4365821729275,1052.1662310430659,1058.6340741026866,926.4013676594575
2025-03-31 03:15:00,1069.04233448138,1078.0824541548986,1068.8008012473144,1073.1055869031397,2171.805551355453
2025-03-31 03:30:00,1091.1528670745283,1091.8489533117747,1083.16793476847,1087.549525354225,9261.478759698546
2025-03-31 03:45:00,1103.5641429735838,1102.8811805076668,1091.8064088382446,1097.302070764414,9113.347227630886
2025-03-31 04:00:00,1100.6303629742708,1107.8368886248825,1098.7137085658549,1107.7597115218443,9388.285873209521
2025-03-31 04:15:00,1094.271822571079,1101.2715778748939,1095.7482150879307,1100.6031670291243,3095.651995034468
2025-03-31 04:30:00,1096.270692728966,1101.8745727898695,1088.496210929382,1098.3692093057261,7564.481124698634
2025-03-31 04:45:00,1075.0699161037332,1074.2561172300875,1064.25809492005,1073.7261842330463,1277.0704243724167
2025-03-31 05:00:00,1088.397493625458,1092.079018264891,1083.7779279073245,1083.8894273783114,6806.87515495705
2025-03-31 05:15:00,1087.4610720879582,1093.748553357642,1081.6170561250879,1083.6005367886773,3267.0777348835713
2025-03-31 05:30:00,1114.1547309571883,1123.3773733513935,1113.1112895897154,1121.0316642645041,4873.994712191016
2025-03-31 05:45:00,1107.639304875718,1114.8870892653663,1104.5042731491951,1111.1523347533505,8590.344499301815
2025-03-31 06:00:00,1068.2238099787432,1071.130050544978,1064.2768522281367,1062.3952266300282,4827.730578133642
2025-03-31 06:15:00,1079.1138230812214,1084.9483919612044,1071.2913166448845,1081.6651161219659,8670.103438220041
2025-03-31 06:30:00,1048.7303488448106,1058.0408294107733,1048.1253083051083,1046.9989877591265,5941.757406871766
2025-03-31 06:45:00,1065.617194978732,1066.9763516470023,1059.3051691828484,1060.215622822642,2842.9782647845727
2025-03-31 07:00:00,1063.408985487302,1067.3047371177777,1055.055634129093,1056.5262154149577,3483.6685588235496
2025-03-31 07:15:00,1073.6529079109525,1074.6140661295342,1066.7207130656673,1073.8301919441171,8045.11917842915
2025-03-31 07:30:00,1074.8982802474652,1080.1746977669588,1069.8405689863077,1069.1799906147824,2778.869471102187
2025-03-31 07:45:00,1074.4517562748242,1075.884310114497,1068.8218893713185,1069.532047048357,7046.117328421141
2025-03-31 08:00:00,1062.7931219516079,1073.7864207207795,1059.7486552331789,1062.398831635545,494.81356325334815
2025-03-31 08:15:00,1083.5420224954846,1087.652917790663,1081.5411293512636,1083.9342273783318,9998.311790283597
2025-03-31 08:30:00,1073.6396832041157,1078.3080389199274,1072.1705198210987,1080.6334644984831,4872.128665360755
2025-03-31 08:45:00,1066.3750672393207,1071.572180742851,1065.2078362218263,1072.7257799074994,6457.9582835197225
2025-03-31 09:00:00,1077.0164784809476,1075.5862162556052,1068.1706565189863,1076.7122434961063,2800.9480442091403
2025-03-31 09:15:00,1068.3871640295706,1069.0774138779038,1061.0260407011651,1071.2908566178542,110.74960693398054
2025-03-31 09:30:00,1086.2258793416033,1097.8135413033722,1087.2960712978988,1093.0033722431501,7275.925389361884
2025-03-31 09:45:00,1113.232732021904,1115.7332080468675,1103.9950945162254,1109.7756917844122,9269.42015544074
2025-03-31 10:00:00,1111.5048585427364,1110.44609943344,1103.9144834437857,1103.5369861574654,149.9360049493803
2025-03-31 10:15:00,1083.2008445612255,1090.4933815911108,1082.8123497740473,1090.4985285015111,8773.481917473178
2025-03-31 10:30:00,1059.7715525463404,1065.7118743587814,1055.6123310937621,1058.0580469605861,4167.409360480669
2025-03-31 10:45:00,1068.2355588785833,1072.0031448429916,1057.5904330732264,1066.053562218326,6069.652642598094
2025-03-31 11:00:00,1058.4028640407355,1065.980341528524,1055.783997067087,1063.4835266134896,9718.109647817742
2025-03-31 11:15:00,1089.1001057854317,1090.9625081000352,1079.542983178243,1088.081608701798,4829.185774346817
2025-03-31 11:30:00,1108.5608710583053,1107.014559184901,1098.9835519450312,1102.4260480565474,3586.376304836798
2025-03-31 11:45:00,1098.2250016514345,1104.4727302075648,1093.2584939470328,1101.256688751815,9098.834364224238
2025-03-31 12:00:00,1090.8229915086654,1094.0927246985518,1088.8634186022587,1096.6584314009913,7482.380735605514
2025-03-31 12:15:00,1108.9597794534484,1118.3053170777096,1106.9843341466712,1112.6395680520886,6916.784344529633
2025-03-31 12:30:00,1130.7739347308077,1135.8225849483679,1126.3493989591047,1129.381975149219,3931.321517846882
2025-03-31 12:45:00,1146.2156119379574,1150.6178686474952,1139.4184082083605,1147.5608085968156,4923.385208852567
2025-03-31 13:00:00,1146.006540067613,1152.329505083833,1143.0573718156484,1149.761761248747,6691.404047312001
2025-03-31 13:15:00,1157.4753678751765,1156.8567422402596,1149.2171704614773,1149.4882208012127,1549.443762553972
2025-03-31 13:30:00,1166.7589294117593,1168.8263648745867,1154.9099881850454,1162.1099203388198,2593.951410031078
2025-03-31 13:45:00,1151.6757892594103,1160.7774365032426,1149.4501468199653,1150.3211387131196,4203.718078682049
2025-03-31 14:00:00,1174.1079015524842,1173.7892018007458,1163.901380672697,1166.5765011463573,9471.01011050976
2025-03-31 14:15:00,1180.4967531169352,1180.161488490272,1170.230779326132,1173.3638943253338,9148.437299175845
2025-03-31 14:30:00,1168.2218678573079,1175.397373234231,1170.0028176854928,1173.569537732985,6586.97563463822
2025-03-31 14:45:00,1190.8687915694165,1189.672287184392,1182.057640289074,1182.7515933911582,7269.916977029386
2025-03-31 15:00:00,1193.3524332647205,1196.4261461121562,1184.8992153430604,1195.0297556060102,8547.664632764954
2025-03-31 15:15:00,1176.9070188205924,1178.3510974000128,1170.748133996661,1171.3700501365126,5814.73363025811
2025-03-31 15:30:00,1176.4913935656707,1185.9181908751775,1171.3395463023955,1183.8688671599336,379.32058044442584
2025-03-31 15:45:00,1148.1096930286437,1154.139419142961,1146.2195406778796,1148.6575753812397,3159.4772375014704
2025-03-31 16:00:00,1135.4374126607584,1137.013351893019,1132.0064445366265,1135.4485446809094,7890.057513105563
2025-03-31 16:15:00,1125.536556168285,1127.8961681864512,1115.6519681936288,1125.282483478878,4680.575905138849
2025-03-31 16:30:00,1134.8707720640691,1137.3917256425943,1123.454028913684,1135.5275442562277,4055.910264688637
2025-03-31 16:45:00,1120.6902061836458,1128.8642988596553,1120.2450108246235,1124.2304902519593,5488.176343246013
2025-03-31 17:00:00,1123.0425887160857,1129.3992503787786,1122.3148386008345,1128.520617811036,9427.827214438708
2025-03-31 17:15:00,1127.8467307991114,1130.1444774156914,1119.7293123399322,1127.4119622206945,1769.378262814982
2025-03-31 17:30:00,1111.6777203658414,1112.8985960425725,1105.9741226503809,1111.6727806627796,2812.51422357118
2025-03-31 17:45:00,1124.5218256985008,1125.9386366378344,1117.7575231249498,1117.6064300438331,9339.450809658767
2025-03-31 18:00:00,1127.3586793807976,1127.3878920943864,1121.7217894599125,1123.659785371511,5667.309019664008
2025-03-31 18:15:00,1136.7007944376528,1141.5452707106515,1130.5186693168077,1132.2082297626705,6102.312992596374
2025-03-31 18:30:00,1155.7529712737246,1164.9618229976224,1153.024386520197,1164.5570518702473,9352.073761771693
2025-03-31 18:45:00,1164.2386964819152,1167.5353610867521,1159.833176971383,1159.6406733100587,3846.7469750939613
2025-03-31 19:00:00,1171.0645826310315,1179.4659199942232,1171.0935064075095,1178.830120143294,7977.740370875458
2025-03-31 19:15:00,1176.029051249257,1179.939836754475,1165.735181232678,1171.379307728718,1502.301158371584
2025-03-31 19:30:00,1172.7635262564545,1184.1024202046463,1169.3094755750415,1173.429836705484,2313.7934463614174
2025-03-31 19:45:00,1182.1566545856651,1185.2863618322729,1170.3744855253653,1182.145333493741,3075.777072591979
2025-03-31 20:00:00,1197.6428941168297,1197.1662238745052,1190.2811291478781,1197.0981783462246,8219.73469421982
2025-03-31 20:15:00,1180.3126884524559,1183.8761123571478,1173.7486932302925,1183.3927693619598,3838.8888678520216
2025-03-31 20:30:00,1183.8938132191831,1187.5774342310883,1177.2378526727002,1183.716334244322,722.6100661335108
2025-03-31 20:45:00,1198.520823519793,1205.1764249027303,1191.7570194193322,1198.1362928746946,483.79860657582134
2025-03-31 21:00:00,1173.3077644832197,1181.059916697857,1166.5793608209754,1171.3214985075078,6612.051391088764
2025-03-31 21:15:00,1159.0089187783663,1162.1670260316253,1152.8781277797107,1160.814078924887,6883.369544957
2025-03-31 21:30:00,1155.1455734551637,1159.589253181033,1149.166050624317,1151.9514214683286,4212.002060236777
2025-03-31 21:45:00,1153.1718800004458,1163.6237354859536,1152.1974896749282,1153.9182378116031,4010.205594792794
2025-03-31 22:00:00,1143.8842508654614,1149.3622327335809,1139.6610808847904,1151.7971359384226,9011.275414195425
2025-03-31 22:15:00,1163.3656142271818,1171.0288755071228,1159.758105634418,1163.2217680336123,9731.22266473788
2025-03-31 22:30:00,1159.556785059479,1167.2537630923546,1161.2351129625492,1160.015163249651,2777.4843097775115
2025-03-31 22:45:00,1178.418061740398,1183.6681374932978,1174.0718739830977,1184.9475930473845,5361.54108997478
2025-03-31 23:00:00,1147.870752395405,1148.7123173172713,1141.1914127736736,1144.902625251219,4330.302206705652
2025-03-31 23:15:00,1152.0761383096044,1158.4407828577075,1149.1765527532289,1148.1257597887343,614.4109147748916
2025-03-31 23:30:00,1157.3144939905733,1164.9529394983294,1154.019146566975,1163.2231417064659,5164.089197731319
2025-03-31 23:45:00,1188.3816320632914,1193.3195255959854,1178.28218683618,1182.2190159269023,1678.3579626800406
2025-04-01 00:00:00,1165.239093388162,1169.4144370053477,1158.743941457052,1164.8017750085787,4720.576606580305
2025-04-01 00:15:00,1156.8199416584573,1165.3383968521528,1153.3063524367951,1164.208703666503,6501.4353532235555
2025-04-01 00:30:00,1175.2908028095371,1186.5302383153403,1175.0700945151104,1182.1409489778896,5315.491831742797
2025-04-01 00:45:00,1168.8874479394826,1174.7408855196243,1160.1558669171047,1168.108724654912,4754.511728725086
2025-04-01 01:00:00,1190.8857346751372,1195.9395166426746,1183.3433295785053,1188.2834147155831,6214.849878114609
2025-04-01 01:15:00,1204.714395530399,1209.4429837993112,1196.9741905193584,1206.7180642033043,2012.3831550195512
2025-04-01 01:30:00,1198.5893871656817,1199.6309401099625,1187.7168804163139,1196.1439286581306,2830.553393021524
2025-04-01 01:45:00,1163.5945690162232,1170.1880276890665,1157.6547919975671,1163.7876577258926,6826.144381130062
2025-04-01 02:00:00,1193.3811760009746,1200.7209293215064,1185.9327852150066,1195.4296256251869,4767.707163923307
2025-04-01 02:15:00,1189.6749385340404,1192.2372076781344,1179.9088712730893,1182.5602296303382,4659.670204766668
2025-04-01 02:30:00,1197.17494185384,1203.0811795313964,1195.044844752506,1202.053205548441,3439.525262369486
2025-04-01 02:45:00,1205.3519655322834,1211.423428628671,1198.367341577414,1204.412369099958,248.74415316954068
2025-04-01 03:00:00,1191.1556566848114,1192.178738615964,1181.9851230492548,1183.8386743798114,6992.561746651996
2025-04-01 03:15:00,1232.8491362840573,1242.329464028889,1233.699497164466,1231.234316143513,7137.229307105297
2025-04-01 03:30:00,1232.3349038040958,1234.0032487301494,1221.678775160907,1229.5561762772911,1896.4355880465193
2025-04-01 03:45:00,1238.343661058234,1241.6292808999829,1229.2564861504463,1231.8150000655285,7703.851065889434
2025-04-01 04:00:00,1243.312576533711,1250.1241819146446,1234.8410078037111,1240.926324229716,488.2585934240935
2025-04-01 04:15:00,1227.0684919268779,1225.8945887136522,1219.0162370233625,1217.7565533122195,343.6466860658531
2025-04-01 04:30:00,1216.8462969532109,1219.3938596089674,1212.2182782991422,1222.1118224964384,8853.454724423475
2025-04-01 04:45:00,1222.1006597554892,1223.414724350732,1211.5459764525745,1213.7154320664677,7233.550373800697
2025-04-01 05:00:00,1221.2963056736023,1229.9356084245449,1218.3543016524557,1225.9127965750313,5558.56536826384
2025-04-01 05:15:00,1245.8090727679933,1245.7884660589807,1236.1096155200623,1246.0997229099619,1643.3943002004971
2025-04-01 05:30:00,1235.2486148104388,1236.4593459799394,1226.7325244036992,1235.6543417388145,5890.167230374905
2025-04-01 05:45:00,1206.8110038964348,1218.456906985752,1208.8707567521822,1215.8036802249758,7550.058507790649
2025-04-01 06:00:00,1197.9274475166837,1198.0855866679901,1187.6605454199605,1193.0185800760976,9036.75537217907
2025-04-01 06:15:00,1185.1018825056335,1190.59223910281,1179.986223184306,1184.650253193983,2306.487610857256
2025-04-01 06:30:00,1200.985994768026,1203.0329307384325,1189.9057714336209,1196.6381399400782,1248.6345533107146
2025-04-01 06:45:00,1205.9794305223945,1206.7167022495937,1198.330628393124,1203.9167070830663,9745.490717201397
2025-04-01 07:00:00,1210.885764777441,1220.1707537831148,1210.0484168566056,1217.2581575112874,7445.492808622351
2025-04-01 07:15:00,1231.2967023077877,1235.6560392549316,1222.0911909280485,1225.2405165481064,5018.51014460434
2025-04-01 07:30:00,1242.1694744642289,1248.9127094316232,1241.098175859042,1242.0503983916078,238.66174754712432
2025-04-01 07:45:00,1223.314198300655,1226.2389681096818,1215.475675678135,1219.4911097595093,3980.007701651658
2025-04-01 08:00:00,1200.849883622565,1206.5323395031364,1197.170272466761,1203.3065434424118,799.1165270367864
2025-04-01 08:15:00,1216.3940928345608,1223.394080707657,1212.772935659599,1217.42672971352,7732.891728687999
2025-04-01 08:30:00,1222.4755054610446,1228.7661876568316,1219.0620307041047,1216.6754057438782,5927.975417295691
2025-04-01 08:45:00,1205.2853859671159,1212.9747789232467,1204.6345163716041,1205.228399100992,533.8529852146137
2025-04-01 09:00:00,1238.3876888074026,1243.8341082179397,1230.8239912282356,1236.3852827576052,2259.2670962778852
2025-04-01 09:15:00,1216.020879721097,1227.735318077326,1213.7858213550958,1219.8712122194363,1049.4046940243425
2025-04-01 09:30:00,1190.4264693214848,1195.3166542794804,1183.7234184421484,1194.4049853894462,9709.916941254694
2025-04-01 09:45:00,1213.307054133733,1223.0400072359953,1213.8825627626939,1222.982504902317,1204.1596826282905
2025-04-01 10:00:00,1221.8087380816917,1225.4295729433175,1212.8247086776441,1222.2027893626773,3291.699577421943
2025-04-01 10:15:00,1204.9552944749962,1211.2265382429184,1199.161073914476,1201.7982653089628,5907.148358308488
2025-04-01 10:30:00,1232.8953345794307,1238.6078747754887,1225.4005263709923,1233.8020621008243,6902.097353611604
2025-04-01 10:45:00,1256.5860617321016,1260.8090656741024,1250.302150754582,1248.8711941062245,6668.933846452967
2025-04-01 11:00:00,1266.369006198053,1274.1093021641345,1263.2785823295858,1271.88307257668,349.32427243462223
2025-04-01 11:15:00,1281.7107697563142,1283.068795554382,1272.3190904337102,1277.4787369301016,9475.457943619745
2025-04-01 11:30:00,1276.1891756559535,1285.965439421044,1273.1973496049873,1277.7879373725402,1617.8021992264612
2025-04-01 11:45:00,1269.6324499459704,1272.3121120794235,1259.2253370810872,1262.6409910673121,8108.929878923425
2025-04-01 12:00:00,1250.5222426844398,1254.0632926193086,1242.2024230766294,1248.0514059866425,2104.6487566062942
2025-04-01 12:15:00,1253.2011154989696,1261.7779099621332,1247.9431026754553,1257.6131465041447,1775.6116127849552
2025-04-01 12:30:00,1232.05090485249,1240.8495698040174,1227.263110950023,1234.5486754852207,8089.5349864126165
2025-04-01 12:45:00,1241.4017890579087,1247.4725500379557,1240.0266512774976,1246.7900751554948,2810.475268197843
2025-04-01 13:00:00,1259.1405887537373,1266.3741592827714,1255.684790451075,1257.6708356285733,4397.387529842604
2025-04-01 13:15:00,1258.768446047083,1267.423467184649,1257.2105851176614,1263.9473073255467,492.0247281423238
2025-04-01 13:30:00,1256.4103562448963,1265.276829381722,1255.4978459466734,1263.5462324119735,7909.851894108893
2025-04-01 13:45:00,1229.7735724152476,1237.5516988801157,1227.586622852665,1233.2678321444012,6595.5248534858165
2025-04-01 14:00:00,1229.8598950865169,1239.9792964011056,1229.3130365302122,1235.0561117423492,1608.8769088718352
2025-04-01 14:15:00,1229.7330534816592,1235.2333334131654,1228.5250898157271,1229.4968890511122,6049.093709789163
2025-04-01 14:30:00,1220.1631120336142,1230.494192982616,1220.122855941636,1225.4341901023154,4010.1642455473957
2025-04-01 14:45:00,1206.3785284044022,1205.7995202036386,1196.6319279573597,1199.91865606635,8198.165097425901
2025-04-01 15:00:00,1207.6184142672207,1205.9600043172504,1198.268791290122,1208.566264468159,2756.595379788269
2025-04-01 15:15:00,1195.9200910579364,1196.723042742278,1186.1993326759055,1190.584929531303,7198.607901892323
2025-04-01 15:30:00,1215.4319187072037,1223.6693036329652,1214.50303055796,1218.6236811236888,4622.373448150831
2025-04-01 15:45:00,1231.5809064100024,1232.495953892449,1225.76496986397,1224.739420072493,915.9752685208786
2025-04-01 16:00:00,1232.8174486508576,1235.32199950505,1226.8733626963458,1228.8012338661813,4707.840922256579
2025-04-01 16:15:00,1221.177654792684,1230.1473634773126,1218.507726532181,1225.7461541557136,1242.5442359027465
2025-04-01 16:30:00,1227.9149195289697,1235.9845277137274,1226.0129511330379,1224.243408081841,1502.7639329358094
2025-04-01 16:45:00,1224.3526143743763,1224.1819504003115,1215.0539055276433,1217.2786237938078,259.77894246994816
2025-04-01 17:00:00,1213.4089161112502,1219.420464415194,1205.0381480923802,1210.432050681791,6533.988540042915
2025-04-01 17:15:00,1208.5706848462662,1215.0687932394376,1209.6590231237608,1211.1704170658938,2660.979140284061
2025-04-01 17:30:00,1205.129552192406,1209.6106136633002,1196.8458722397415,1201.396020106376,9732.646454129112
2025-04-01 17:45:00,1185.506915967624,1195.407362890166,1181.2779265098645,1187.3745464786546,4774.469420308192
2025-04-01 18:00:00,1191.3047879637168,1197.7796877975386,1187.986210765256,1195.6460708144627,6622.882321499528
2025-04-01 18:15:00,1190.9376335499253,1198.4248371490476,1190.2126212413464,1195.6250362363378,9828.77822615177
2025-04-01 18:30:00,1184.0410383175006,1194.2294903191555,1180.3057489795888,1182.137377879044,3402.420944380061
2025-04-01 18:45:00,1172.232156216488,1179.4645084817585,1169.207884333701,1177.6258170050344,461.0348639522797
2025-04-01 19:00:00,1149.4997121388024,1153.331049315233,1146.197400176865,1145.4750994985588,688.7147639668723
2025-04-01 19:15:00,1145.042866899229,1149.77534048867,1143.6647689255724,1146.1524447164354,2773.5891604800954
2025-04-01 19:30:00,1139.9062032071386,1144.2439492167375,1132.755198607681,1137.529684020594,2594.2249310742177
2025-04-01 19:45:00,1150.430495896087,1153.5791322655487,1142.864653147975,1154.069916314086,2214.8900721407626
2025-04-01 20:00:00,1156.9088303567385,1162.3374250798374,1151.8848849929102,1159.174496486704,5042.411274193876
2025-04-01 20:15:00,1152.8425330779746,1157.1564907911024,1150.0036964178896,1148.6962605457963,6547.789254214229
2025-04-01 20:30:00,1171.597639863042,1172.155744056655,1166.2020025453307,1170.4028449034206,3400.7547545768
2025-04-01 20:45:00,1175.053968679463,1180.3040255214228,1165.687932776752,1169.462817924637,8545.513393587804
2025-04-01 21:00:00,1162.148410931474,1168.593076759777,1155.7793829836485,1165.9267577148094,399.4527810779982
2025-04-01 21:15:00,1173.4881174641891,1178.9251610689917,1169.9669686942846,1173.6758342738035,8616.438641669847
2025-04-01 21:30:00,1172.4984972370396,1180.325844094835,1171.0285106738313,1177.7334922350326,5002.902660044476
2025-04-01 21:45:00,1160.2727726774017,1170.0603369919531,1162.8496304764967,1162.201771332286,9531.176342310368
2025-04-01 22:00:00,1178.1726129799868,1182.7927826441605,1174.672338747598,1175.0965142718105,2294.9360232227573
2025-04-01 22:15:00,1182.0701231101418,1192.9653874315047,1182.2431951640128,1187.774532734396,5887.259525845595
2025-04-01 22:30:00,1186.6223376963455,1191.6348291763434,1183.1493029900064,1187.6363650713315,4498.740291765903
2025-04-01 22:45:00,1160.723975650752,1169.8654805626243,1154.7600237609117,1164.03293100091,5894.565286018952
2025-04-01 23:00:00,1190.9086007364217,1194.5373812815478,1185.3809426450987,1186.7271706869276,1013.870412739677
2025-04-01 23:15:00,1165.9282170999536,1167.6572025159114,1156.8355105274272,1165.2409191964603,1494.9253665941806
2025-04-01 23:30:00,1172.6303685140572,1180.517655958523,1167.2415975293902,1168.019855426429,4352.393016338311
2025-04-01 23:45:00,1153.632413310299,1155.630945154426,1148.2855632846513,1155.692217052969,1797.7607170612673
2025-04-02 00:00:00,1165.7599996240585,1170.4659740060026,1163.5580680030632,1170.2517415892394,2783.806252511559
2025-04-02 00:15:00,1192.4507221287995,1195.3029532463154,1186.405910910976,1195.4993109084141,5630.905184727445
2025-04-02 00:30:00,1173.0766616600802,1178.7721078386685,1168.5275663995346,1168.401936505461,4805.512235717052
2025-04-02 00:45:00,1180.1830854672867,1182.2660446975035,1173.3208022854974,1174.6546140070582,1772.4880092599371
2025-04-02 01:00:00,1167.936169322269,1173.741633761648,1168.3258084892143,1172.7907770568872,6568.7855837600755
2025-04-02 01:15:00,1185.9011829734434,1193.742271298934,1182.46684671987,1182.435869204983,9468.741014897834
2025-04-02 01:30:00,1173.5278357513114,1178.1481580960767,1169.4958803982163,1177.5043761631728,5621.192743738452
2025-04-02 01:45:00,1174.7429634719208,1177.3772238135937,1165.871286373263,1172.854460999657,7271.021119631422
2025-04-02 02:00:00,1159.2228351023698,1164.6686958412558,1151.0184761057455,1154.654605624453,4800.87434148902
2025-04-02 02:15:00,1154.5025140010682,1157.2330271631902,1144.7310057083764,1153.551054800688,7159.630159190293
2025-04-02 02:30:00,1144.2461473505832,1151.261590916719,1142.1362258600243,1146.2983674364596,2679.1681647179485
2025-04-02 02:45:00,1179.9178191632652,1186.0010473020977,1176.0764090101413,1182.0294189367037,2515.717542485173
2025-04-02 03:00:00,1175.6199536574723,1176.8795609201804,1166.666499970747,1179.1982051676891,3599.575682956233
2025-04-02 03:15:00,1187.0459536247138,1190.3195265210259,1181.9641098271443,1187.6276278005837,5294.73848335187
2025-04-02 03:30:00,1204.4968768505303,1209.286084891658,1199.3887971280174,1199.8608993493035,4289.24215999608
2025-04-02 03:45:00,1191.1853886443603,1193.6158200309771,1183.8872355896515,1190.6494855341327,7703.427643484802
2025-04-02 04:00:00,1213.0649280765965,1217.5178063811818,1207.9967196605407,1209.1452556232402,3258.9292447303847
2025-04-02 04:15:00,1239.8579176958847,1244.152623292296,1234.1716753323453,1245.7489950908043,6629.805913902497
2025-04-02 04:30:00,1217.8793974113803,1229.1444272462807,1214.7558431542418,1226.1404913243512,7718.209772570618
2025-04-02 04:45:00,1229.9523607842466,1235.0294377086832,1222.7384448770347,1223.3119795817508,565.9957481113175
2025-04-02 05:00:00,1232.09450693882,1237.8937240772195,1231.5057462159905,1230.6356849223653,1295.4029935271997
2025-04-02 05:15:00,1243.691361853162,1245.2894740744093,1238.632387608129,1239.9778087075329,7322.311211285993
2025-04-02 05:30:00,1234.448271376675,1242.0402829459808,1230.9802988465317,1239.3681483895402,9659.221721518184
2025-04-02 05:45:00,1228.7143207933839,1229.0280972691755,1222.5811334906718,1223.5656379170512,9505.934646307005
2025-04-02 06:00:00,1214.6196468192693,1221.2367583643866,1209.3791480485017,1212.3566280436976,9106.023596381272
2025-04-02 06:15:00,1238.3214610457285,1242.0893361052238,1233.7017194722857,1239.0288232426294,6095.323347660058
2025-04-02 06:30:00,1245.8198842006364,1256.9145583621114,1247.239714226455,1247.5613979146285,6164.6388347341635
2025-04-02 06:45:00,1257.9408630272997,1264.31776149872,1252.409259908856,1259.8570223921151,1933.3169187578744
2025-04-02 07:00:00,1250.0326942325858,1250.995151568562,1245.005978533118,1251.9648477340097,7251.982216623825
2025-04-02 07:15:00,1262.9817356626972,1271.7218637329634,1261.1142254046135,1268.7542754981894,4191.536794668818
2025-04-02 07:30:00,1274.437722688724,1277.7123990587004,1266.2222790278981,1275.2087858025686,1106.3492948528917
2025-04-02 07:45:00,1281.4536775580143,1286.3533372780353,1274.2560865455557,1277.1404568695282,2991.7398745946953
2025-04-02 08:00:00,1271.0906118382154,1280.1955431912131,1271.151313556798,1268.8323624393952,911.6862873549012
2025-04-02 08:15:00,1281.2848184793606,1285.3826186650417,1275.3255594059374,1277.4164988744337,6917.332382180063
2025-04-02 08:30:00,1292.6869472610128,1292.6333244676343,1280.6567282192786,1285.7542409266775,741.7908068553107
2025-04-02 08:45:00,1270.0152709578008,1280.10766197975,1269.1872774370763,1275.7596784745174,4472.205476455173
2025-04-02 09:00:00,1288.3436397367004,1296.0342646777247,1285.043543571256,1289.731466603911,1494.7973203539202
2025-04-02 09:15:00,1291.3888254764775,1302.424260373977,1289.0812205901495,1297.4754503014308,1059.2359939816517
2025-04-02 09:30:00,1298.3126397153,1306.9661316243448,1299.5401164377488,1299.9497775105046,6319.333737555829
2025-04-02 09:45:00,1311.7961432561326,1314.823362604274,1305.7438875213727,1308.2787262177715,8477.003436956024
2025-04-02 10:00:00,1324.575399942127,1326.3679169894842,1317.9535664289472,1316.9899237190841,599.4910689201469
2025-04-02 10:15:00,1311.8485654113888,1311.1398523107448,1301.6719751965488,1309.3726889526577,1949.0779733137354
2025-04-02 10:30:00,1307.406421213647,1312.3096265501385,1302.6047847510426,1305.2357237057815,5031.302395917528
2025-04-02 10:45:00,1312.3706327693471,1312.885327554687,1301.5153254292682,1312.389196600041,6535.058153603165
2025-04-02 11:00:00,1320.9565795102928,1325.2879950168958,1315.2514118900494,1319.2402272276192,8407.959924857658
2025-04-02 11:15:00,1316.3659491129497,1319.2659606045438,1310.4217329318003,1318.0699902238568,114.33689930843971
2025-04-02 11:30:00,1343.3196065660818,1352.5948288333016,1343.548120270066,1349.3368146202406,911.4487105705557
2025-04-02 11:45:00,1365.7207520878703,1375.4393521527782,1363.4522398205338,1368.0456218818613,3857.1813968968263
2025-04-02 12:00:00,1343.9886392025346,1347.297338966299,1336.3191124497982,1334.590173989035,1953.5598764744063
2025-04-02 12:15:00,1366.7364074768468,1378.4061176408586,1368.3762769789842,1367.6888333870252,4679.772518578981
2025-04-02 12:30:00,1369.9880935506997,1372.65456235208,1362.1621559153755,1367.538782578416,8326.573785371567
2025-04-02 12:45:00,1363.7940971818787,1371.4739475494116,1361.7992077351985,1363.7810952070718,7602.529051612842
2025-04-02 13:00:00,1342.869761763517,1347.004784710737,1338.3748606243955,1345.42040169463,7403.100984555175
2025-04-02 13:15:00,1324.8177582157011,1332.601343469818,1322.848545460098,1330.2986222506618,6512.640132209498
2025-04-02 13:30:00,1323.1315678365931,1321.3698859469537,1316.4437384251546,1314.6042161150992,1939.4273325859572
2025-04-02 13:45:00,1323.9106005456672,1325.0560315353803,1316.2802422938646,1315.6270908271272,5847.212919570107
2025-04-02 14:00:00,1312.2025565396402,1316.833506925625,1308.533365184856,1308.7640014320116,4190.495153673318
2025-04-02 14:15:00,1306.978038892393,1309.8594475888522,1299.3533735457552,1301.6622754239686,4064.5580794744365
2025-04-02 14:30:00,1310.0874330571419,1317.736509451648,1308.0743772125034,1308.9774869621597,8377.648375839937
2025-04-02 14:45:00,1321.6806043270165,1323.833171925922,1315.4139560209821,1323.8419347183008,5990.447095314979
2025-04-02 15:00:00,1320.8891976414616,1324.0880601429435,1315.4354945227515,1317.6859752614307,583.2042479117515
2025-04-02 15:15:00,1316.9833287803428,1323.4133319446858,1317.8500960610372,1321.7849824084863,9449.403139457287
2025-04-02 15:30:00,1326.2559481872568,1334.783059360906,1322.7699624936952,1326.2248237998754,9952.272811345814
2025-04-02 15:45:00,1315.5695253157185,1324.8321532228674,1315.867725838407,1324.499166370983,8472.465868232744
2025-04-02 16:00:00,1322.8577687438296,1333.076616453766,1320.288722705295,1328.4709509373763,7591.587004179708
2025-04-02 16:15:00,1346.9799923777025,1348.607326023946,1338.2731803176787,1341.1761639264253,8050.798853392755
2025-04-02 16:30:00,1345.234255403885,1355.9739999502006,1344.6681888986318,1349.9908083822293,531.16233379538
2025-04-02 16:45:00,1346.3385211514474,1348.0315184441142,1341.1708220689993,1345.3690956663588,3875.1047369633893
2025-04-02 17:00:00,1336.2716098891003,1346.4078485938724,1336.3163635792953,1334.013249336217,4692.224213404532
2025-04-02 17:15:00,1332.1635931388867,1338.6495388888682,1329.2780800807816,1336.8608917975534,7498.462455938556
2025-04-02 17:30:00,1350.0303845622852,1357.5236053196215,1344.2168709640785,1347.6902466303331,5131.6271816645685
2025-04-02 17:45:00,1353.8903851389914,1352.6961349896544,1345.0502707793876,1347.5053230450612,4459.6633386070325
2025-04-02 18:00:00,1350.7768508013457,1352.3882513704928,1339.8026887776034,1346.635207602525,4505.9581459090805
2025-04-02 18:15:00,1362.869772025614,1370.2906716719813,1363.2384220542287,1365.3792270258732,7514.833842763015
2025-04-02 18:30:00,1369.3604347617181,1376.9601874184418,1366.624905215596,1376.391189551879,9484.56507515881
2025-04-02 18:45:00,1352.9314795887817,1361.850428796224,1353.2398839457146,1357.8736677303366,9963.377412052827
2025-04-02 19:00:00,1361.9127714844644,1363.4631415152337,1355.4709585429448,1355.2222240285562,6550.559764403606
2025-04-02 19:15:00,1346.112985859894,1354.4564105386987,1346.3097131514803,1350.066113606839,1291.9585250735133
2025-04-02 19:30:00,1331.3970379751527,1335.7154737067135,1321.7896778908707,1329.083707745831,1513.077951911359
2025-04-02 19:45:00,1320.7994483969305,1332.5400300704227,1319.2946651661016,1320.4308359209401,6551.164052844709
2025-04-02 20:00:00,1298.7129376315252,1307.2983912246739,1297.239808398062,1296.7404608540248,6540.188502028827
2025-04-02 20:15:00,1281.1064161530726,1287.899000518101,1280.9802056717954,1283.9523248751468,1866.8188562099385
2025-04-02 20:30:00,1282.9354531589108,1283.6117786158572,1275.8156817522529,1278.6432595275871,7288.721029533721
2025-04-02 20:45:00,1259.3239440934328,1266.959402398541,1261.2556556533389,1259.462650523009,6464.580582530119
2025-04-02 21:00:00,1248.9176339171793,1255.9495142383917,1246.952010767001,1256.325848105057,243.71641727836953
2025-04-02 21:15:00,1243.9023315964603,1249.1371909140553,1242.5856035536424,1249.9463010653844,9802.338643796498
2025-04-02 21:30:00,1263.9986532761932,1270.7347107062296,1263.832876485297,1261.9072247143351,6059.714506814157
2025-04-02 21:45:00,1275.6800306984999,1278.117426988105,1268.978639849759,1279.5284518212588,9857.279332558535
2025-04-02 22:00:00,1284.1462325587797,1288.6644171240237,1275.0274373084821,1282.391664091166,1039.4217085835294
2025-04-02 22:15:00,1249.2794843075574,1254.7509654073626,1249.0350050477068,1250.194597759058,6828.541790385774
2025-04-02 22:30:00,1245.8485774977783,1255.640736289813,1248.6785989487648,1252.1471658648154,9558.09333686284
2025-04-02 22:45:00,1253.5461243732075,1263.53675414978,1248.983021878631,1256.5333657785186,2491.313128267013
2025-04-02 23:00:00,1267.8846050616664,1275.3564665254469,1265.550041756518,1268.3344615157223,5615.518867070021
2025-04-02 23:15:00,1282.0592641519522,1282.7725284571673,1276.886468128917,1276.143476898841,7102.579781736574
2025-04-02 23:30:00,1295.1367854832927,1301.3604799073069,1291.362960017983,1302.1727495184703,8306.192758834277
2025-04-02 23:45:00,1281.6649579099792,1280.709482655806,1269.4220420903316,1273.1731988047127,6364.196588899541
2025-04-03 00:00:00,1263.750219130117,1267.7167086245918,1257.7599451143856,1263.6816079183957,3005.8789391776922
2025-04-03 00:15:00,1278.529652371826,1282.5280693212185,1275.646623902517,1275.603860881308,9185.789686240401
2025-04-03 00:30:00,1260.276881055367,1270.4272909385186,1257.497292693251,1259.701147925651,7475.556043341006
2025-04-03 00:45:00,1278.5539735355865,1282.5477860371398,1268.7534157212692,1274.0071512980085,4365.018939285396
2025-04-03 01:00:00,1289.431265819274,1293.0796513952062,1286.1766294111012,1291.9608062145412,4727.107574076685
2025-04-03 01:15:00,1306.5937462044621,1307.9222138834195,1301.795438365966,1301.9359596231095,9203.88729729592
2025-04-03 01:30:00,1317.8059613511969,1319.8244822258077,1308.4528382921176,1316.7293680113116,2336.0798843747684
2025-04-03 01:45:00,1318.4112850330134,1327.9881424863943,1318.518259208568,1323.8311257089858,3013.471734455068
2025-04-03 02:00:00,1341.9224594812529,1344.243823686241,1335.2247520905305,1338.7559134045532,6986.878136365837
2025-04-03 02:15:00,1344.0760433883183,1351.4402532216407,1346.2659915533363,1345.0068205436623,7356.8466190896315
2025-04-03 02:30:00,1339.7054954991804,1347.8227265864805,1338.3487560698397,1345.4289482259237,1745.5205411393345
2025-04-03 02:45:00,1351.4747337726767,1360.6480739726464,1351.516360954979,1350.7321314851538,4752.713222597331
2025-04-03 03:00:00,1355.331817072739,1360.2106010900807,1354.9892614450284,1356.2944724742258,6116.036117889287
2025-04-03 03:15:00,1357.4640139471926,1362.6230616062603,1354.372610693267,1358.1284526943484,4215.437558184565
2025-04-03 03:30:00,1365.7939063255155,1367.8574412666044,1359.5190743476358,1359.0096015746446,8553.454365303589
2025-04-03 03:45:00,1352.7668770549933,1353.7509129833397,1346.6274719434484,1347.2678702771439,1691.694371605877
2025-04-03 04:00:00,1357.2766692299645,1358.8396513846387,1353.3225457090853,1351.5542945110992,3239.5026826976687
2025-04-03 04:15:00,1367.8241343771438,1370.7147548974644,1364.313077622709,1371.8636874951553,6150.723810920618
2025-04-03 04:30:00,1372.8786548626194,1375.646896370911,1360.8694774528683,1371.2795570874275,7031.816203520719
2025-04-03 04:45:00,1367.0692044619732,1371.053171033696,1357.7153126847124,1359.9846369122663,9352.55126830156
2025-04-03 05:00:00,1370.0762250535647,1372.3642401879235,1362.6014514897643,1367.5320744872206,1197.6518258085987
2025-04-03 05:15:00,1355.20556203506,1358.7061469963655,1348.2787095060598,1349.369669801437,3032.2325069427015
2025-04-03 05:30:00,1351.5902596744809,1354.9911312903987,1341.2261900678377,1352.2544965827394,5004.87158168281
2025-04-03 05:45:00,1335.5300408990802,1343.6313536297464,1332.905750681826,1343.3932005907827,2675.8953900997926
2025-04-03 06:00:00,1315.5418745949873,1318.1479027298867,1312.9628940199475,1313.8185180456414,4945.575687503199
2025-04-03 06:15:00,1300.6622185248632,1310.7506426922214,1298.7832943249505,1302.142565269263,4014.8303461514593
2025-04-03 06:30:00,1303.7054432295415,1308.258538391847,1296.5715912302978,1301.9106430805798,8347.512364326607
2025-04-03 06:45:00,1307.5366969447887,1310.5168581320943,1298.7078186011581,1298.38246989987,6395.065081572894
2025-04-03 07:00:00,1306.0497643013482,1314.348488823533,1302.1757857593043,1306.2390751033804,4138.831378113557
2025-04-03 07:15:00,1283.5318132938125,1289.287430899221,1278.171432715829,1280.9605347773602,9583.04789983503
2025-04-03 07:30:00,1295.5378505532333,1295.6536875432464,1288.2022918089024,1292.142665903072,1599.5507152766415
2025-04-03 07:45:00,1298.5892976005598,1306.4267194691108,1295.5112396623756,1297.33060360475,6930.445962788525
2025-04-03 08:00:00,1309.6784181062196,1318.2250403215724,1309.2149897011604,1311.2047406642862,4337.674570209033
2025-04-03 08:15:00,1312.6765742417326,1317.1570648966774,1308.958664542242,1312.2949401333303,7087.716389040886
2025-04-03 08:30:00,1315.985903626716,1314.9603321564496,1309.1620408692027,1312.2512745803938,844.6661053312781
2025-04-03 08:45:00,1318.543738683205,1318.5118394459741,1307.880008121839,1317.7469872979468,6446.762525941431
2025-04-03 09:00:00,1327.315822611627,1328.7194500196285,1320.2985736666387,1318.7804396653066,2808.1671491638713
2025-04-03 09:15:00,1327.3951063718205,1336.8170193817843,1325.3360862414813,1326.6823601911435,3109.343938036114
2025-04-03 09:30:00,1342.9710495901475,1350.205384665852,1336.089089625713,1345.5397429757638,4557.396296440955
2025-04-03 09:45:00,1349.598796331922,1355.1614855053645,1342.1220176568252,1346.237329371952,1907.3007312149587
2025-04-03 10:00:00,1367.2088602570172,1372.9590597908887,1365.893147470173,1366.9279757926483,5199.08259627824
2025-04-03 10:15:00,1380.0995970906224,1389.1879659331785,1376.974000854529,1378.957316643313,4633.5407289255545
2025-04-03 10:30:00,1393.4368097046165,1400.034079754679,1391.5625555787478,1392.4598217722055,3245.511408865808
2025-04-03 10:45:00,1406.239838226185,1410.0016699513533,1403.5658720955441,1407.8137434981754,121.53221205838423
2025-04-03 11:00:00,1371.901436213229,1383.5510883498418,1369.1729543673553,1379.7198413075362,5740.782920050447
2025-04-03 11:15:00,1372.0118199295828,1375.457440043395,1364.8671113933472,1371.4151555266321,9839.44682371822
2025-04-03 11:30:00,1365.9696991215512,1372.6545818443751,1361.16991314108,1369.9671673424602,4897.010070410482
2025-04-03 11:45:00,1379.9308879066136,1383.6953129131552,1372.5892281818433,1379.0810403909782,1436.3252053322958
2025-04-03 12:00:00,1395.1875859155743,1396.4256412677375,1390.110531830761,1394.6532083897466,538.5466358093215
2025-04-03 12:15:00,1403.2487946026722,1413.2585078884324,1401.007328193148,1411.3315384579425,4728.689876440302
2025-04-03 12:30:00,1414.320938118682,1414.949868085354,1404.5012132799598,1407.180429512211,9586.734784914088
2025-04-03 12:45:00,1408.7174428782996,1410.228697161747,1399.138271261951,1408.9982752358237,498.472294964092
2025-04-03 13:00:00,1384.583368875157,1390.087344910909,1380.5051980925434,1383.8466600429153,947.2053819314293
2025-04-03 13:15:00,1381.6444184715765,1383.8558247355766,1373.6267187784426,1380.5170205753275,7540.777265730931
2025-04-03 13:30:00,1362.1790423457091,1364.987777461472,1352.7298026647854,1353.9667761791225,861.829558868419
2025-04-03 13:45:00,1365.1520143349692,1371.8004449200985,1359.6582967498769,1368.236735586101,300.00206122644704
2025-04-03 14:00:00,1371.5931922193502,1375.7918813447295,1364.297708088319,1371.0896664253476,140.14001295761605
2025-04-03 14:15:00,1348.094672073885,1353.5222749480179,1344.7820532153191,1345.0252838166573,1232.364113289215
2025-04-03 14:30:00,1349.4029845733612,1360.600748132943,1351.328965070616,1353.7393987878404,1967.46059116209
2025-04-03 14:45:00,1365.8192133639757,1373.5770960784894,1364.4628818057506,1363.7807262952567,1062.7783011240422
2025-04-03 15:00:00,1366.4480560721418,1369.244758180767,1358.0690633998372,1362.8222805123728,6710.240594821352
2025-04-03 15:15:00,1360.8055594582256,1358.7415442884376,1354.2182678056743,1353.393463675754,524.220364440376
2025-04-03 15:30:00,1372.6648971755897,1385.1607054883189,1369.4851209151002,1377.3988700395985,4182.942678889124
2025-04-03 15:45:00,1356.9295376205462,1361.520219075569,1351.4830708497689,1353.4356165718139,8879.505506416253
2025-04-03 16:00:00,1362.317010270772,1360.0339747803362,1353.6384303730247,1357.7175334358824,2724.8567740044646
2025-04-03 16:15:00,1370.1881981983577,1373.9124923449276,1364.8988991503081,1371.5659427655564,8180.425577028594
2025-04-03 16:30:00,1353.886677574992,1359.3786058048652,1348.4419795420426,1360.170807366199,9912.02529418037
2025-04-03 16:45:00,1346.7246299061155,1354.235374277242,1346.6119985809828,1346.9591485728176,7158.253582136501
2025-04-03 17:00:00,1337.4596401739554,1337.698410656977,1329.5542791766009,1329.8942291308501,2172.8902733026407
2025-04-03 17:15:00,1337.4719002244708,1336.0473239033474,1326.677801131629,1333.6388596018535,9452.347443582923
2025-04-03 17:30:00,1334.1273702596618,1332.0534429203094,1324.7378002939151,1329.1714929547406,3276.835888016794
2025-04-03 17:45:00,1314.1339115479298,1322.5425666125234,1307.9354874444898,1315.1174488308213,5721.981824213904
2025-04-03 18:00:00,1321.9498180999071,1326.0371368422939,1317.9164281174114,1321.1555351916572,7450.965979194103
2025-04-03 18:15:00,1311.1994043671898,1318.111355888178,1306.273033249635,1309.4916621791356,759.6195323479967
2025-04-03 18:30:00,1335.2448463081535,1334.0029074285324,1326.7478845424325,1334.3217557984292,5851.871334445095
2025-04-03 18:45:00,1348.104370214891,1348.3955056381203,1343.1993062707265,1340.892039551946,2746.6200681175783
2025-04-03 19:00:00,1329.926764723268,1333.486710503572,1324.4046619735,1331.2197566571522,1922.555646109262
2025-04-03 19:15:00,1319.6009950624716,1330.422313475582,1319.7775261074532,1321.7331599356685,1221.0659725001049
2025-04-03 19:30:00,1328.597597272251,1330.2759947961742,1322.071759623174,1326.2741487714873,662.6848897881549
2025-04-03 19:45:00,1322.7855008763208,1323.3480333768387,1313.9021452136733,1315.7196383741868,3259.932380930826
2025-04-03 20:00:00,1354.3013327372953,1355.519122643516,1345.724873709419,1357.5436001528522,3211.0905141153344
2025-04-03 20:15:00,1355.4878426616954,1362.5343815507317,1351.4819018044223,1356.8340034341843,6299.8849635279585
2025-04-03 20:30:00,1342.6392930791349,1352.629610845823,1344.1080578905262,1347.5972693463677,9380.112147496002
2025-04-03 20:45:00,1351.7798211100649,1358.7678453440985,1347.1434713999372,1348.9557970777616,5727.53336407335
2025-04-03 21:00:00,1352.141141039533,1353.8488389964023,1342.7977853728157,1351.5044829501494,3981.1968274828387
2025-04-03 21:15:00,1347.70233186537,1352.1347573269213,1341.3900694525664,1342.9586894028412,4492.787983235377
2025-04-03 21:30:00,1359.7875631537788,1367.402346749968,1359.8692598303182,1362.2643046935277,480.82185340965486
2025-04-03 21:45:00,1364.756679236073,1370.4497665157692,1360.2009538803427,1360.3806835385365,1560.3148189871774
2025-04-03 22:00:00,1354.1263637112509,1358.8674798407503,1351.9272059334194,1353.760847272894,4173.166095782401
2025-04-03 22:15:00,1373.0259975394276,1376.3855609110458,1364.7444663857204,1374.9322937765405,3517.7677619818937
2025-04-03 22:30:00,1377.1605756133197,1382.239571655852,1370.0675631926968,1382.1897133428574,1227.884116924788
2025-04-03 22:45:00,1398.4207231451433,1403.7638453838736,1393.456172103664,1398.412609393656,9737.017227091532
2025-04-03 23:00:00,1388.7509424738,1392.4745280629688,1384.1191612155328,1392.209429227438,3805.8925787854464
2025-04-03 23:15:00,1396.217813958337,1399.9820321846905,1388.1988644741627,1394.9915067682307,5258.731402220879
2025-04-03 23:30:00,1416.5256944149212,1421.0838354435332,1409.953724999218,1411.089238418628,7470.4854827802565
2025-04-03 23:45:00,1418.0037668179457,1422.6052880857849,1411.3683449364335,1419.0166148943144,4467.566924919418
2025-04-04 00:00:00,1414.6645905270911,1417.8001858983114,1406.2186145506664,1408.571240536049,3334.5295481433136
2025-04-04 00:15:00,1430.0036297451968,1437.9815908761077,1425.3891285503694,1433.6075889184565,8383.534606457264
2025-04-04 00:30:00,1431.2995273489703,1437.347762092339,1428.419579018221,1437.1642416788509,2166.8373288488747
2025-04-04 00:45:00,1430.5863356416278,1438.5017138578994,1430.249508562343,1437.8794008502082,2527.8573751321333
2025-04-04 01:00:00,1427.2043159167179,1424.640531136018,1418.8832137913457,1418.935647130244,1217.6064743580844
2025-04-04 01:15:00,1398.2969413941614,1408.0134932753738,1393.3997452132085,1396.063384279012,9481.783407091298
2025-04-04 01:30:00,1382.1192249433207,1389.2578677389865,1375.535677189471,1385.0107848303455,229.83325862960208
2025-04-04 01:45:00,1386.6179496368006,1393.094123037279,1386.2571969997525,1392.3418810513613,7283.283595455478
2025-04-04 02:00:00,1387.2522160934063,1394.6230478361188,1387.1534979725336,1387.6145017789554,9356.087236683887
2025-04-04 02:15:00,1376.6850394610617,1383.0853843358677,1377.1027927712132,1378.8999620456357,6128.445247158449
2025-04-04 02:30:00,1363.7329084594282,1366.1409007335183,1357.578247594043,1364.6667810191725,2510.447383986281
2025-04-04 02:45:00,1345.2354747957522,1352.1085667122513,1345.1691101284212,1351.110491437717,4934.565516231514
2025-04-04 03:00:00,1343.9276215493867,1345.6356900238386,1336.9114850067378,1346.451423708153,8669.043596532063
2025-04-04 03:15:00,1342.2776839734772,1349.2774434846256,1340.5903800001115,1344.1162665980594,4415.7749818140965
2025-04-04 03:30:00,1333.5341742316289,1336.146956564838,1325.2720445421044,1330.1532083446234,5685.336591611241
2025-04-04 03:45:00,1318.4484284179139,1321.6813321465445,1309.8328358582005,1318.4269409994201,249.85653196331893
2025-04-04 04:00:00,1339.8844140147978,1344.6989618082355,1336.44564911758,1336.485709372301,369.9834322905237
2025-04-04 04:15:00,1334.8866803574742,1338.826383555292,1328.4800022199422,1335.8940138047144,5067.035149189018
2025-04-04 04:30:00,1318.1686685149298,1326.7214465929362,1315.0927514205362,1318.9476766522146,172.4390426953655
2025-04-04 04:45:00,1330.6671067132966,1339.2167757562495,1330.6209249787591,1330.6614817445022,9273.27483908813
2025-04-04 05:00:00,1352.8555781042355,1356.7661119358866,1347.090270896537,1357.1960084474704,8014.1354759675505
2025-04-04 05:15:00,1357.6853001764239,1362.257794129443,1355.5194459213576,1355.5016482930098,1616.6990991976902
2025-04-04 05:30:00,1368.067937128355,1370.9165330882358,1359.4911558586225,1363.1872301837898,1447.2365507492812
2025-04-04 05:45:00,1350.345446103399,1353.8789749123796,1344.4849563328246,1345.0117348840192,6477.921527753072
2025-04-04 06:00:00,1357.66714126528,1361.1598058910738,1349.5299546341716,1358.6712188781798,3151.6974203420746
2025-04-04 06:15:00,1353.6214857868972,1359.3740044171002,1350.905252726604,1351.0088003476735,1777.1703038591381
2025-04-04 06:30:00,1354.2034644769392,1360.1545050272712,1349.9232908591173,1358.3310227319216,8609.66183808111
2025-04-04 06:45:00,1344.1941239126745,1349.803870029517,1338.8867203682344,1348.4414884817572,5547.306404006289
2025-04-04 07:00:00,1360.7196065563112,1364.7152929955232,1358.9114771647623,1359.8508384681793,5052.844904589692
2025-04-04 07:15:00,1352.4796952193083,1356.178358753836,1348.956970918218,1349.273549411985,736.3290308457362
2025-04-04 07:30:00,1353.5495126466853,1364.9897226850842,1354.9181751852007,1354.9144873543985,5179.820985178775
2025-04-04 07:45:00,1380.7053848999956,1378.3109433866261,1372.3069350033188,1379.8024425589754,4649.952711032051
2025-04-04 08:00:00,1385.435085752305,1391.9345771871972,1382.4284869961934,1387.7158508355833,1037.3977492378826
2025-04-04 08:15:00,1382.7456881437763,1388.518612311067,1377.5380471757237,1377.104069438586,1171.203300350576
2025-04-04 08:30:00,1371.0782525533598,1377.4564791865507,1366.4024660185175,1367.097137851978,7332.588498339316
2025-04-04 08:45:00,1367.4721361842733,1368.9930665833472,1358.057116224862,1367.4392498808384,1494.9037309521916
2025-04-04 09:00:00,1371.5953646234384,1373.737953133067,1361.2143767551631,1372.2997715280426,3415.099759056667
2025-04-04 09:15:00,1364.390818440743,1371.1724278484048,1362.7594250672703,1370.784905477558,9515.171813674639
2025-04-04 09:30:00,1401.3851226553604,1408.6762538734208,1397.5661968582017,1400.5278961183653,7365.011223318376
2025-04-04 09:45:00,1401.752635591249,1409.9873440716235,1400.7057790188678,1405.6751138478194,1378.7438616727268
2025-04-04 10:00:00,1406.0939300063123,1410.1343763283442,1395.3936080981582,1400.2393498398958,8843.693916471606
2025-04-04 10:15:00,1399.6726295950673,1403.621007506185,1396.3558253318206,1394.053505192494,3040.782176973347
2025-04-04 10:30:00,1391.9576984411842,1398.2617315594575,1389.8376689313734,1397.542138661534,4851.645206690951
2025-04-04 10:45:00,1398.5185666449868,1406.4329514284457,1397.8609611855165,1402.9044589577934,1376.3441821257038
2025-04-04 11:00:00,1418.4296979080798,1422.358098542859,1411.7552957469013,1416.105722567155,4664.659586168019
2025-04-04 11:15:00,1420.3695071639722,1427.239176489641,1419.4746791532466,1421.5861207513815,1475.108425279422
2025-04-04 11:30:00,1421.2576102068622,1425.0522112591666,1417.5177860990582,1416.2429443562555,9492.277554997325
2025-04-04 11:45:00,1393.2337975966682,1398.880873220615,1389.9562557851027,1397.1187484418908,8060.337998503753
2025-04-04 12:00:00,1393.8774084635675,1395.2903431141756,1388.505024594728,1397.1352750324377,5922.825771758058
2025-04-04 12:15:00,1396.92270151807,1398.404678534578,1385.3797844522746,1392.1921678282922,816.1330214685565
2025-04-04 12:30:00,1398.2464727781623,1404.3177247749272,1396.0990771459637,1403.8272908801773,1599.356552632617
2025-04-04 12:45:00,1387.596753920086,1389.8081582884806,1380.595952313318,1391.999237406538,9185.407838767289
2025-04-04 13:00:00,1406.4248291522513,1412.7578520499746,1405.0514673995078,1403.092113067318,8730.08436261981
2025-04-04 13:15:00,1407.7373662884308,1412.1888220142785,1398.434425033342,1405.1430966577414,5141.191079990874
2025-04-04 13:30:00,1416.7322840448483,1418.065493152869,1407.0183404819443,1413.2071248593602,9416.694999230447
2025-04-04 13:45:00,1435.1985416977036,1444.1007717795703,1430.7939339201412,1440.9595750064022,9162.331750786432
2025-04-04 14:00:00,1447.7920117281167,1450.6157107423896,1441.4487670384792,1443.0178440468721,4930.80865980224
2025-04-04 14:15:00,1456.2645737746132,1457.7185936494625,1448.9881301399373,1449.3464296400787,9358.001115300913
2025-04-04 14:30:00,1455.541716693053,1463.659162392288,1454.1521485869093,1455.478902124651,5790.171147520484
2025-04-04 14:45:00,1457.428727717696,1461.8915848344463,1448.8351109576975,1452.5644142449428,3620.1865214960417
2025-04-04 15:00:00,1457.2540234616533,1462.4225386129447,1452.616687085711,1460.188926714176,9606.439192268612
2025-04-04 15:15:00,1457.6199461112055,1458.4807475788728,1447.431191091463,1452.8732049181895,1317.0135299740093
2025-04-04 15:30:00,1434.4289466832372,1439.9337870061174,1431.2913950745797,1435.096827679635,4598.99300855005
2025-04-04 15:45:00,1422.7196973177631,1430.8933576916872,1417.904498916142,1425.2256291486626,104.74276801053496
2025-04-04 16:00:00,1425.661783320014,1429.7294362270034,1415.6552920480701,1423.6563221019976,2732.7754088421066
2025-04-04 16:15:00,1424.3317748169734,1433.5360879594784,1424.6099840976983,1428.0767160611056,1010.2846769305334
2025-04-04 16:30:00,1438.3028418258546,1446.1818509665807,1437.2561323629905,1443.974637901164,7318.697842337915
2025-04-04 16:45:00,1446.1762176928123,1455.0976213049653,1447.989720180808,1447.8031154814494,1231.210316815894
2025-04-04 17:00:00,1455.045995833748,1465.276525061778,1450.743297279368,1463.1480876117998,9964.81118760832
2025-04-04 17:15:00,1469.0367431492073,1479.4061691781446,1465.8998110556997,1467.2083625235089,4137.381084103851
2025-04-04 17:30:00,1461.6745643564327,1469.9994512089565,1457.792521665814,1464.439252404285,5257.002284684166
2025-04-04 17:45:00,1471.2638907405599,1474.1339588728488,1466.5218913123776,1476.9426292538353,7100.5964042667965
2025-04-04 18:00:00,1442.9124463101593,1447.1587601649526,1439.9035182503937,1446.3479179439255,4882.586092119125
2025-04-04 18:15:00,1451.7116638477064,1452.727743452701,1445.099989141693,1452.6243907336905,8962.522059338617
2025-04-04 18:30:00,1436.618774592944,1439.4359121258396,1429.0566859097212,1433.7770146522855,6093.382959644309
2025-04-04 18:45:00,1450.4308869422064,1448.9532802537392,1439.8138363974053,1448.1015075004182,5051.014478827514
2025-04-04 19:00:00,1423.8881696288877,1429.3006433576304,1415.5586991432542,1423.9499723021493,4031.567525888509
2025-04-04 19:15:00,1422.1222454959586,1422.4668565978418,1412.1251412455174,1417.5877919746674,4049.9793027356495
2025-04-04 19:30:00,1438.3703533913517,1439.2576580088166,1431.048754284914,1429.2255297472532,3143.6374271306536
2025-04-04 19:45:00,1433.8365163020267,1434.7757266259737,1422.934219894282,1424.8653426871979,486.9123457677364
2025-04-04 20:00:00,1444.828090387682,1450.7879700839844,1440.986129098733,1448.2756170276484,7504.482259403548
2025-04-04 20:15:00,1453.7761590628475,1461.0140539831455,1448.3417489446601,1455.8106799657592,6517.924525951159
2025-04-04 20:30:00,1413.435538677335,1416.5345353808095,1407.479859123077,1413.120535933781,8718.922247656883
2025-04-04 20:45:00,1405.8985132069952,1409.9650338774602,1396.4256834903192,1401.8279729141807,5550.923605137346
2025-04-04 21:00:00,1398.6539108913212,1404.8839949697403,1396.8003540674654,1402.5510988996232,8515.66342095968
2025-04-04 21:15:00,1406.0136202576427,1416.277147916434,1404.851517036015,1410.4688923885192,3420.2077523348303
2025-04-04 21:30:00,1414.363883773668,1424.748043739081,1411.4432593942233,1415.8141780887513,5681.9086050925935
2025-04-04 21:45:00,1418.2434669021568,1418.0132365905554,1409.4601465594478,1410.6395351577319,7048.691818654595
2025-04-04 22:00:00,1433.2906790434356,1441.4805605324598,1429.3436354189423,1437.5240290751303,1010.0236884543453
2025-04-04 22:15:00,1454.5002047906723,1462.4168321155082,1450.1485976758738,1457.4752167706133,856.2317129158973
2025-04-04 22:30:00,1461.7337340481686,1465.5125007124109,1452.409245508169,1458.6206915630066,6438.771992933454
2025-04-04 22:45:00,1450.8735581280791,1454.955777689832,1444.4313544660697,1452.2217451386948,9914.555249483137
2025-04-04 23:00:00,1472.596292289584,1474.0766253593029,1465.8642500349367,1468.6482809649422,7425.233261138701
2025-04-04 23:15:00,1458.3632065830404,1463.4922951369074,1454.5238221861468,1454.2275153199132,8949.636519298543
2025-04-04 23:30:00,1465.4471932403028,1463.4190679684377,1455.0016242306028,1463.1579703511186,704.8479378734655
2025-04-04 23:45:00,1446.719557022028,1453.522654607673,1448.3658175051044,1449.598287932976,5958.797277808819
2025-04-05 00:00:00,1446.5207711205728,1449.4146543073239,1443.4893046917791,1443.7608481779164,5063.739393787919
2025-04-05 00:15:00,1455.8586436957903,1466.033917686496,1455.5569586303075,1461.602580440753,291.9449261699468
2025-04-05 00:30:00,1461.7213466097237,1467.5467656829123,1462.6980969825368,1466.9263220569865,4580.464852003704
2025-04-05 00:45:00,1447.7494897519173,1445.6224317342096,1439.8991893119983,1448.072475415156,3902.8813207305966
2025-04-05 01:00:00,1466.0774139259913,1469.8967052357673,1460.516879707729,1463.439063484322,8682.263299527649
2025-04-05 01:15:00,1480.512536411639,1482.730817342161,1474.6768321735617,1485.3219520170214,5573.267948482534
2025-04-05 01:30:00,1474.9388329703254,1478.803418365329,1468.3994622121636,1470.0999888895765,3775.67988474652
2025-04-05 01:45:00,1458.2571938126987,1466.6597025524309,1458.0965240641408,1455.738762051356,527.1015428736908
2025-04-05 02:00:00,1429.6273473608387,1430.1085670282864,1423.652414332203,1430.3872359721358,4606.321463082631
2025-04-05 02:15:00,1417.0961276755938,1425.076360262363,1414.4312921432247,1426.0657433304784,5173.322115874792
2025-04-05 02:30:00,1428.97505856003,1431.9140763764628,1421.868768962432,1427.9688473769247,3213.186894762414
2025-04-05 02:45:00,1437.6871711592166,1445.3087463652694,1436.6231919193567,1440.169136229678,5061.561522769466
2025-04-05 03:00:00,1413.9708813989678,1418.8719114809742,1411.2777597301779,1418.959180255427,4464.476890149266
2025-04-05 03:15:00,1403.40900436523,1410.3454764528294,1399.3853238988831,1405.4798683633558,8955.407666316665
2025-04-05 03:30:00,1425.1294626876129,1428.691514184714,1418.3760257395686,1423.3184008554088,6462.328477053875
2025-04-05 03:45:00,1425.9904706504667,1436.4904105600451,1424.5633839024663,1432.2536356755368,1981.136616497313
2025-04-05 04:00:00,1421.56634111244,1429.8588902119393,1418.5892153832567,1424.5157243139347,1057.7664125171627
2025-04-05 04:15:00,1412.1174746026502,1418.5654210380162,1412.707837119345,1419.9603267277391,9162.047239652433
2025-04-05 04:30:00,1411.5765437169173,1417.7610944409435,1406.6582624004664,1415.5800227007269,2662.1882092555447
2025-04-05 04:45:00,1430.7746172571321,1441.8972301791666,1428.1546945576276,1431.547255963701,2347.9432731313195
2025-04-05 05:00:00,1443.825538930537,1450.122539845291,1440.204355384129,1443.7388308307884,4869.53529854678
2025-04-05 05:15:00,1435.7023491262114,1443.229692350841,1432.905053269812,1445.3758110751428,260.5875655637655
2025-04-05 05:30:00,1431.8797528169766,1438.3177041348872,1429.6190970972307,1432.7398810414074,9787.779272499349
2025-04-05 05:45:00,1426.369943597478,1430.4863924814504,1422.5997103571226,1423.4267279885125,9012.234466094831
2025-04-05 06:00:00,1417.4432844483895,1422.6885702627592,1416.347775748048,1415.8860961485484,2319.628037143512
2025-04-05 06:15:00,1423.5011572238632,1425.6599511465572,1416.854012391736,1421.9722582714428,4741.973063864908
2025-04-05 06:30:00,1436.167356033407,1436.447411445651,1425.2149784765072,1432.9044423860516,1506.297313745431
2025-04-05 06:45:00,1445.9068848413372,1451.0366631085092,1441.584087972284,1443.662106446959,4980.990683180389
2025-04-05 07:00:00,1430.3591507732513,1435.152133997089,1426.786196030354,1434.2430712627379,6094.817529070013
2025-04-05 07:15:00,1457.8839409198724,1464.933975848146,1449.9296410615189,1456.7652819502623,9354.46397004495
2025-04-05 07:30:00,1470.3468694214898,1472.0737759714582,1462.1894807459878,1471.4118784729237,8369.023831105198
2025-04-05 07:45:00,1478.6146261338833,1478.9040821080766,1471.031787680286,1480.1363950580358,263.41943777459096
2025-04-05 08:00:00,1468.7755523305698,1475.130855376971,1464.0215241487972,1474.1280831050515,3173.9630980892734
2025-04-05 08:15:00,1467.7095361339598,1475.2900736708443,1467.2396744183538,1471.0561808593961,446.85014523708145
2025-04-05 08:30:00,1470.1280926357913,1475.4853585407332,1468.8738363228126,1470.2160343543949,2667.767933537589
2025-04-05 08:45:00,1478.9792027412477,1481.3018622513628,1474.3671096277812,1476.0223072587255,9080.322057998712
2025-04-05 09:00:00,1475.8247451215786,1480.7399369362954,1471.124954546544,1474.8648556704302,3191.7592100404904
2025-04-05 09:15:00,1477.236444538096,1483.5831345180516,1469.7592898322207,1473.7898305789204,2474.5439399876927
2025-04-05 09:30:00,1483.2444412711004,1487.8653074191534,1476.8783115210435,1477.3150326131495,4933.51032845972
2025-04-05 09:45:00,1472.948575190896,1470.6580935696834,1462.7278677168335,1467.5461079297938,7468.816050936674
2025-04-05 10:00:00,1457.6400673076098,1459.5037958729959,1446.7591905257418,1452.0270578223308,3410.418735211211
2025-04-05 10:15:00,1425.0342484817484,1429.1317659578874,1419.068725231639,1430.1162192308213,7160.018737121202
2025-04-05 10:30:00,1414.4344480859738,1425.6929521324296,1415.2281888646721,1420.7226293202582,7180.045979348565
2025-04-05 10:45:00,1441.857199825665,1444.7592120407683,1429.7417602561684,1436.666872705611,9368.39323057132
2025-04-05 11:00:00,1431.9615934494032,1439.7450607647522,1433.1753691989975,1434.0392748575896,6709.516631376007
2025-04-05 11:15:00,1434.0470977752034,1440.1353378459744,1430.7435364479668,1438.8778473024781,4114.808070845696
2025-04-05 11:30:00,1418.1686792209055,1426.209544260709,1412.8279963077607,1417.4613706555156,783.3249889059662
2025-04-05 11:45:00,1415.8605652171843,1423.6920516012992,1412.8552407023146,1411.7262278205528,3488.0532066541914
2025-04-05 12:00:00,1409.0428753278718,1411.8760639377047,1404.078738311095,1409.3361558643464,3156.461653031261
2025-04-05 12:15:00,1413.511262205275,1419.891765904283,1408.5247505089617,1416.5913099451234,1122.964708641708
2025-04-05 12:30:00,1420.1762546994453,1427.203394752437,1419.6379225415317,1429.2710633285046,2228.9133781475125
2025-04-05 12:45:00,1437.7574508824264,1442.0639773647858,1430.2752752835906,1435.7309568857747,7730.787720903152
2025-04-05 13:00:00,1458.64899783208,1467.185128668752,1453.6856448501849,1461.532319818303,4435.537292575859
2025-04-05 13:15:00,1463.1168344378707,1470.1158144644276,1462.6206628821624,1466.807605039759,4502.196895572735
2025-04-05 13:30:00,1478.0392228965059,1480.9488726220038,1468.8310628581264,1472.3604661909503,3724.4188136330486
2025-04-05 13:45:00,1484.0697874568957,1481.9387867950961,1475.158874274872,1478.4904965139651,9973.9046342431
2025-04-05 14:00:00,1484.0730817359497,1496.679493055215,1484.1495934918078,1492.8787483973272,4484.154595079622
2025-04-05 14:15:00,1475.9444699538076,1479.077317896887,1468.6402743822855,1478.877578530914,2254.049081458257
2025-04-05 14:30:00,1463.1066601934176,1467.4267735396713,1462.4240257037388,1467.1493636068803,4871.6400212321305
2025-04-05 14:45:00,1478.1627817351655,1483.1539880097844,1470.476659050004,1480.692082270199,838.8647115847779
2025-04-05 15:00:00,1470.1764051966559,1476.8511648423926,1465.4627202236293,1467.1095709341569,3345.0100982030513
2025-04-05 15:15:00,1495.2517550041534,1496.4206843770166,1488.0446556093616,1492.4255749589584,9463.891633654363
2025-04-05 15:30:00,1498.7295808377507,1499.2363859331394,1488.7685748267866,1491.7355638118581,1918.5178910269062
2025-04-05 15:45:00,1488.4828175423527,1497.4483194761692,1482.4916285519805,1493.7236374996291,6588.090542008848
2025-04-05 16:00:00,1473.2036401883904,1476.8828037032104,1467.0816943036673,1466.719370013229,6735.733955753358
2025-04-05 16:15:00,1498.9152250123218,1499.3041081365063,1493.8081536153431,1493.306123188687,7665.842872943813
2025-04-05 16:30:00,1475.0223259399422,1480.226256120603,1468.3607800418233,1471.73838230358,1051.6627256643621
2025-04-05 16:45:00,1500.0248749820837,1505.1660800952027,1498.953402250426,1501.9835627632442,1663.3509101290135
2025-04-05 17:00:00,1536.5600734025004,1540.243624802441,1533.889844955058,1534.3822156871563,6723.900989502522
2025-04-05 17:15:00,1543.7419388121577,1543.0490219576466,1536.742718379963,1539.8263004270764,4877.72488747807
2025-04-05 17:30:00,1536.8527493312447,1543.0176726033405,1536.0917512591045,1539.9036914394956,2788.794691440491
2025-04-05 17:45:00,1562.133177615997,1568.0712610673054,1559.619933489432,1567.3278163266643,5057.357422105575
2025-04-05 18:00:00,1583.523599112485,1584.2380295058135,1578.4246754032263,1578.4201159512247,1140.7791546356627
2025-04-05 18:15:00,1585.4983996769745,1589.4528531825515,1581.3759682606963,1582.9048393013124,7360.148683643029
2025-04-05 18:30:00,1600.9651718924692,1606.3605714141045,1598.8048016771304,1604.4743104681324,6756.783460365707
2025-04-05 18:45:00,1605.3882155666608,1612.9986283517123,1602.7133107595812,1606.5485171247378,1941.2739487187139
2025-04-05 19:00:00,1603.123301403131,1604.6584832712215,1595.3519311897453,1596.7542629128075,6527.269202534956
2025-04-05 19:15:00,1596.7973836524839,1606.3959536659042,1595.8344761797111,1605.4550852994116,3591.435390396067
2025-04-05 19:30:00,1577.8022228908108,1587.1810842502382,1576.8082327374339,1581.7891037248623,8314.94169156212
2025-04-05 19:45:00,1571.641825194348,1577.0659562278834,1568.6627028443613,1575.2133489244393,8030.91774284658
2025-04-05 20:00:00,1571.0667720299787,1574.1507170846312,1567.3448123820745,1576.3967616275952,1603.8212836904668
2025-04-05 20:15:00,1568.9339655319448,1572.3025386394681,1558.283586105512,1565.8537059478786,8180.755695537788
2025-04-05 20:30:00,1548.8898310799773,1550.916577223292,1541.4679615129664,1548.489454404566,8461.021274045337
2025-04-05 20:45:00,1514.4931784647647,1521.223367322923,1508.3468249419193,1516.2318090961382,4502.579712949569
2025-04-05 21:00:00,1513.0892492865382,1520.9725368843947,1511.818931272546,1514.7926095678727,7289.050623107471
2025-04-05 21:15:00,1523.434265950554,1527.8930504744408,1520.48008450215,1519.284350136641,7964.655191907968
2025-04-05 21:30:00,1539.097364310626,1546.783346389492,1537.5381523350216,1535.3901465787376,850.379318480451
2025-04-05 21:45:00,1521.9585817186658,1531.1634938518532,1522.8222821286672,1529.066247134132,8294.4526797583
2025-04-05 22:00:00,1568.4325729452905,1570.2190039349043,1563.4765532654737,1562.800395578439,7726.845580975733
2025-04-05 22:15:00,1579.9617678183454,1589.4190408120883,1576.2398509682305,1585.2474550007187,2332.7487029654158
2025-04-05 22:30:00,1591.251856703531,1593.462004702555,1581.7797968273217,1585.0663616341635,6313.777834916669
2025-04-05 22:45:00,1579.3985855654169,1584.2224758787963,1574.7494006151342,1575.4471504176638,2718.313408343062
2025-04-05 23:00:00,1576.4842251142147,1582.6826922879404,1571.615583724061,1584.09034283351,6601.980782566105
2025-04-05 23:15:00,1573.4826961355207,1577.2632567070511,1562.4659863751538,1574.7496937985895,7662.212346611705
2025-04-05 23:30:00,1535.7709878304618,1537.3337669814337,1531.9302650909292,1533.287308823736,1355.1395133129847
2025-04-05 23:45:00,1497.5693732045586,1496.6475359110734,1488.1106614772268,1498.3799083006672,3726.995129150655
2025-04-06 00:00:00,1483.4031722403436,1493.5599874956558,1483.933208285827,1488.4732395015938,1023.8275064742396
2025-04-06 00:15:00,1480.5577114617154,1486.2890310406285,1480.708845358736,1487.152146335949,8498.298321305983
2025-04-06 00:30:00,1476.963798772054,1483.3989704581707,1471.428658886117,1474.4433239581244,1701.6583756053474
2025-04-06 00:45:00,1478.2443647277807,1484.5952663517187,1473.3847322792246,1473.4093110362749,9032.116307422919
2025-04-06 01:00:00,1480.5235110617343,1486.4243174868668,1477.4324037938707,1481.1025418309698,1799.9216436165398
2025-04-06 01:15:00,1474.300683290973,1484.9487029950099,1470.1819373729375,1482.5271125534189,9159.804187572721
2025-04-06 01:30:00,1473.6159023474563,1477.8161764055455,1471.8507236495852,1478.472906404574,6002.471659197243
2025-04-06 01:45:00,1451.2757009701838,1458.942635500031,1450.8740793826826,1459.8741898134945,1867.7315646468342
2025-04-06 02:00:00,1470.3170796864013,1475.8783980915423,1464.0847214113512,1467.0064719928387,1533.566307184906
2025-04-06 02:15:00,1481.2858818039258,1489.4709353762742,1480.7519388909948,1482.6398899429992,499.4566187916901
2025-04-06 02:30:00,1483.532813501468,1493.1034202788205,1478.1225705650463,1481.803558742693,2936.299153914651
2025-04-06 02:45:00,1473.4512520721391,1482.6178805606467,1470.5406316431192,1478.0093093539806,3720.1789727399255
2025-04-06 03:00:00,1479.5892803360807,1482.4484152429277,1476.4599792391712,1480.2938194091341,7591.375230407804
2025-04-06 03:15:00,1455.4272097765963,1456.6451331936148,1450.162166375265,1451.140348946164,8988.432420095683
2025-04-06 03:30:00,1448.1605535997403,1458.1869227680804,1444.8161565387095,1453.9141073669869,8367.177819796132
2025-04-06 03:45:00,1430.0916965065207,1442.3512360585319,1430.798011685118,1434.1256392900784,5161.943661461286
2025-04-06 04:00:00,1443.9034269891665,1449.5228132793518,1434.0920427258252,1438.228403168688,7311.607518577402
2025-04-06 04:15:00,1438.8488128189124,1447.8995637242767,1434.5225904535932,1439.3777502677344,2817.3142163061293
2025-04-06 04:30:00,1443.5380328589958,1449.7806470046755,1440.6446546993493,1443.1230719666958,4742.589520915346
2025-04-06 04:45:00,1463.1669431915766,1470.3311664081427,1459.2099883864196,1461.896809717938,1981.528965323026
2025-04-06 05:00:00,1478.0489536742994,1485.059028622349,1472.9100583620655,1476.6220517703975,2119.8383986290223
2025-04-06 05:15:00,1475.7229320193328,1476.1880392744786,1466.7903661943712,1470.6908699016449,740.9600697068748
2025-04-06 05:30:00,1489.8603241707206,1488.988457319113,1479.530666130199,1486.1443476953546,2742.000515937032
2025-04-06 05:45:00,1488.2164604174222,1488.8429636194228,1483.902662048891,1490.6000480399623,5005.225848777112
2025-04-06 06:00:00,1473.798486320183,1477.9577590762494,1470.6133624396014,1472.981622399672,8641.579894358696
2025-04-06 06:15:00,1502.2418986306955,1507.0781270341165,1496.8560596849295,1502.598813604712,7062.4483037066975
2025-04-06 06:30:00,1528.461277568439,1526.7471080630746,1519.634082234869,1522.687347955054,5389.633769063662
2025-04-06 06:45:00,1529.7977665172714,1536.428160699002,1529.765857003758,1537.0931901050449,3957.1520813577195
2025-04-06 07:00:00,1546.8411128899354,1550.2937614304371,1543.3299163058032,1544.129719619967,7768.88668870682
2025-04-06 07:15:00,1554.9749514791838,1562.6049830120835,1551.7478465549093,1552.302808627358,5238.947660395458
2025-04-06 07:30:00,1571.1448230866672,1572.646641176838,1564.7921450984518,1564.6885264924267,9351.23219352297
2025-04-06 07:45:00,1575.6774026391315,1575.387279687647,1564.1391311389218,1576.5969301944406,5362.288555782094
2025-04-06 08:00:00,1573.6200119291589,1583.2867435884464,1576.1133266051681,1579.1425151219812,6761.433250097835
2025-04-06 08:15:00,1594.7493431790306,1595.2982704423646,1585.1029661006764,1591.369923295531,7775.125077312516
2025-04-06 08:30:00,1608.4441034271754,1607.1712551288415,1598.81116582506,1601.9621911736037,4443.876434935252
2025-04-06 08:45:00,1595.4861660828228,1601.4115423802996,1590.3018785258475,1592.740350088219,3844.117991617374
2025-04-06 09:00:00,1597.5560220905622,1596.857708654052,1588.5396033818295,1594.393518208811,1799.7722684376176
2025-04-06 09:15:00,1551.2927369539764,1560.264889842659,1547.700977642518,1554.9553306472378,4492.308862599392
2025-04-06 09:30:00,1563.4746290429975,1563.9021524352074,1553.7499250402082,1558.494506508246,9295.601301473562
2025-04-06 09:45:00,1558.103802781165,1563.9852943848136,1550.0677768632318,1561.2018380379504,1439.0299541584625
2025-04-06 10:00:00,1550.5846933181726,1556.8656674823017,1548.5871786469806,1553.9962988052828,7422.254641214374
2025-04-06 10:15:00,1527.0400320429912,1529.0900313160166,1521.6277287362695,1527.2574923431453,4466.104655397384
2025-04-06 10:30:00,1537.2209311324245,1540.0182021127416,1530.2736473594252,1541.079332748819,1407.080373584947
2025-04-06 10:45:00,1544.5172481041814,1545.5865559507567,1535.241323732121,1540.2410290471953,624.8241216183924
2025-04-06 11:00:00,1538.8342445461187,1545.4366508835815,1534.9186956812484,1537.4676538489323,4692.395440966701
2025-04-06 11:15:00,1548.222546954951,1553.593213233327,1545.4119308739287,1548.4815999254604,4635.472518140423
2025-04-06 11:30:00,1576.2397677312385,1577.7480037561395,1564.6473825096791,1566.330509844351,1554.2452018347756
2025-04-06 11:45:00,1541.6638558329182,1541.2953479411935,1529.5588717213163,1539.5146307987968,7898.106870863346
2025-04-06 12:00:00,1555.710843244591,1564.580040123226,1552.435959765327,1557.4248590437771,5137.160025611401
2025-04-06 12:15:00,1540.4567417691512,1541.9438668881166,1531.7787437259065,1538.2031719633671,7628.845301128402
2025-04-06 12:30:00,1539.5805563144577,1544.9091419377594,1537.2112997770462,1540.8987711404043,9111.546569007882
2025-04-06 12:45:00,1538.9823696520493,1543.5343701900056,1533.5789297365823,1536.1539181163866,8062.7524916973925
2025-04-06 13:00:00,1525.8149743055465,1533.2048034158336,1526.013637285842,1527.3645285113928,481.12152938297555
2025-04-06 13:15:00,1535.08646565564,1540.1424877277088,1531.2245642316325,1538.5182665807508,574.8305675984049
2025-04-06 13:30:00,1532.7858337472544,1540.777977147336,1533.8730329110954,1537.7688485312633,9815.3211291441
2025-04-06 13:45:00,1533.2272266483355,1533.7068017728916,1523.906088637686,1531.7210042847591,2714.968233219844
2025-04-06 14:00:00,1519.8153820024993,1519.3811265440563,1514.4425135574243,1518.198464662477,5816.004885173334
2025-04-06 14:15:00,1512.09272522307,1520.1985964935823,1510.018040621706,1507.9613449786539,3518.056025001209
2025-04-06 14:30:00,1550.1479136654125,1555.279180173336,1548.2265113213234,1548.2281446028394,2631.4830320052192
2025-04-06 14:45:00,1540.7139383472115,1545.343877805047,1531.750084328563,1536.7909261443988,8754.309919098645
2025-04-06 15:00:00,1534.78290578672,1538.2934689183762,1524.8156490986216,1536.347325706788,3851.084687400422
2025-04-06 15:15:00,1533.6677795297007,1540.1999303348935,1525.1087025092206,1533.631809547215,309.71409551107956
2025-04-06 15:30:00,1532.2173415849793,1538.2775264470267,1525.5986869055457,1534.1633992903978,7438.390829095489
2025-04-06 15:45:00,1486.047885511704,1495.916397715203,1484.1435151390363,1491.1946179463625,2471.717432929603
2025-04-06 16:00:00,1490.4003285302351,1492.1341646650321,1483.4716714454587,1482.395786347015,7989.709488551849
2025-04-06 16:15:00,1472.6509686673405,1479.9455639000478,1470.3793323043485,1471.0181523740907,7227.31458290581
2025-04-06 16:30:00,1484.6693536010469,1491.79006698929,1481.7576115090058,1484.135472416699,740.3829686884866
2025-04-06 16:45:00,1491.8816965169203,1495.5729042673865,1486.2201994172779,1487.2966527825008,5139.470237771646
2025-04-06 17:00:00,1506.6322931506054,1511.9883199928481,1502.162554147534,1511.2376776549368,5939.529946644952
2025-04-06 17:15:00,1519.5723379703138,1524.965989436482,1517.793304039194,1517.8880813427843,2282.9299157108962
2025-04-06 17:30:00,1507.3487163711086,1515.0299093572635,1504.1058378436942,1506.9723000345966,7869.284098530675
2025-04-06 17:45:00,1532.1325120799575,1531.862043083639,1524.1866049362513,1523.7607374606516,9440.252885158192
2025-04-06 18:00:00,1525.9041498984059,1538.420918866415,1524.0884287468177,1527.0626287171401,379.56705427177246
2025-04-06 18:15:00,1529.7358793012338,1538.2173287372905,1523.547591501944,1531.1627834408903,5708.204161194401
2025-04-06 18:30:00,1503.719942286283,1513.435393065631,1502.0982537018022,1507.463009639171,5106.773562092431
2025-04-06 18:45:00,1517.6097190943692,1519.240086056525,1505.1315010413557,1512.1509082079162,7803.7338350218715
2025-04-06 19:00:00,1520.623113157833,1525.2391019817458,1517.2215332005574,1521.1556099698098,2972.8441702274185
2025-04-06 19:15:00,1515.0085516609558,1519.0078135535234,1511.2406528884146,1520.9375723090266,3440.5894013640145
2025-04-06 19:30:00,1495.3223090028364,1505.449136456453,1495.6797531901332,1499.9958187874429,546.4806575079594
2025-04-06 19:45:00,1496.055899830552,1498.675888637627,1489.5912988972964,1490.9063492389892,2999.5916368229214
2025-04-06 20:00:00,1512.3076874127394,1510.8787787303022,1506.704760034632,1508.4811674968964,7529.644447580399
2025-04-06 20:15:00,1519.468254565252,1520.1703277261186,1514.5282903528357,1520.2369803628044,2956.1534405501466
2025-04-06 20:30:00,1495.5188566741135,1504.7116085251741,1493.009135736322,1495.5209133152653,4080.8575719611936
2025-04-06 20:45:00,1497.333954719981,1505.3436903261609,1493.306053862538,1503.8976050877334,5649.989489350971
2025-04-06 21:00:00,1492.016347253451,1492.4035229136744,1482.3114322020965,1485.177540525387,1881.5708278090565
2025-04-06 21:15:00,1500.8643495393767,1503.0732767940256,1491.2954564217252,1500.2017535557577,7883.553969653028
2025-04-06 21:30:00,1482.9533820570723,1488.4563306671112,1479.3906973470462,1485.2517453299436,3193.9074107477973
2025-04-06 21:45:00,1454.4756001052083,1461.9540912581135,1452.501273963041,1461.8702493911235,3400.044716006316
2025-04-06 22:00:00,1449.7405717268032,1455.9827328408699,1450.4520537073754,1449.1809439218123,9552.304271952713
2025-04-06 22:15:00,1482.2873423548356,1482.6613789972948,1472.2818472661627,1474.410088973757,9145.242939385556
2025-04-06 22:30:00,1467.5218904588455,1470.2076808497893,1459.567808004895,1465.427991449297,2911.831988370593
2025-04-06 22:45:00,1446.0009986152916,1454.627313355972,1441.6498182934129,1452.699835048123,4607.093156610389
2025-04-06 23:00:00,1444.494239169395,1451.3032531154972,1441.7774741779704,1449.5861236433857,3993.730830023852
2025-04-06 23:15:00,1442.4755565529306,1446.4375882024067,1435.5809514134714,1441.5155856056656,2487.365333642778
2025-04-06 23:30:00,1437.9207332360515,1445.704331129111,1433.295868808722,1436.0518345969062,3506.057482493807
2025-04-06 23:45:00,1438.3265577259638,1441.9062442083841,1436.2966534738207,1438.7452193339827,8208.531303427168
2025-04-07 00:00:00,1408.5493628041384,1417.4763972152464,1407.4215095785821,1411.531362290283,8190.196848325617
2025-04-07 00:15:00,1394.5568601387918,1395.1633442048044,1385.4269504142098,1393.6931205564354,2496.944657738244
2025-04-07 00:30:00,1389.507364290888,1393.0116166654884,1381.826550775591,1388.3334695354533,3003.1955149788982
2025-04-07 00:45:00,1395.5068841428965,1397.4976896094363,1390.1645267411564,1396.1297047372284,4674.169163148414
2025-04-07 01:00:00,1390.7869707510135,1396.3981180927833,1386.3447093847453,1390.876084833758,7721.580625431213
2025-04-07 01:15:00,1394.62763498625,1400.9709387099572,1390.6302801183654,1393.1144074599765,8790.486716410749
2025-04-07 01:30:00,1404.038062369217,1407.2568318979297,1395.378310645745,1397.940822270446,9327.041017315085
2025-04-07 01:45:00,1391.1704961493967,1395.9942055598121,1387.1919602135904,1389.1625526361506,196.58875661063064
2025-04-07 02:00:00,1372.0207361043335,1381.656232339454,1370.6822015104085,1376.5232855069974,8549.790043154808
2025-04-07 02:15:00,1360.034972643959,1362.6433277198837,1353.131133675803,1355.161517250118,6297.622539335395
2025-04-07 02:30:00,1363.8270886272403,1367.5922398879081,1356.541764310052,1359.8207690799902,7692.986540215371
2025-04-07 02:45:00,1388.6649864331703,1389.2301844385324,1381.4778331031393,1386.2757267145294,9606.72367646199
2025-04-07 03:00:00,1415.5520751297636,1420.9332562395898,1413.900958299283,1414.0388543879517,7872.02899040776
2025-04-07 03:15:00,1456.5448293334532,1464.086915382391,1452.9159766331627,1462.944480836394,4044.998487536971
2025-04-07 03:30:00,1468.6741993308583,1471.8273309474152,1463.1514045320766,1463.7301071096822,1098.9044553971219
2025-04-07 03:45:00,1459.8593733524158,1467.13723934928,1458.2530512520354,1458.775946639586,2439.388937302091
2025-04-07 04:00:00,1471.2703504041312,1480.9876001575421,1466.6354538254845,1477.5944358497777,7496.815054627941
2025-04-07 04:15:00,1462.3538201683375,1462.261156531482,1452.0314642918297,1460.1513939658669,4034.0460269200844
2025-04-07 04:30:00,1458.1381605340077,1465.6022644123477,1453.497510808838,1466.0796480633142,1617.2103301213087
2025-04-07 04:45:00,1454.5863144794998,1465.0509318398983,1453.286885415579,1460.8297210974579,3107.278473857959
2025-04-07 05:00:00,1456.839297405359,1462.6063378186223,1454.301210803489,1455.4404786516448,4525.034075844834
2025-04-07 05:15:00,1468.1394937380105,1475.166773141684,1467.7202631032299,1467.250364889823,9177.358343714566
2025-04-07 05:30:00,1452.3684306126338,1461.2748852085545,1449.5177666584939,1457.2986826627694,5961.44763913868
2025-04-07 05:45:00,1449.120017758656,1458.575896799413,1448.937741663257,1455.1029267735132,5335.233796795145
2025-04-07 06:00:00,1456.6406517041282,1463.1203361497599,1451.3314082385828,1460.6877373335687,1836.122914422303
2025-04-07 06:15:00,1459.607431162081,1465.8004745450728,1454.4997428967995,1461.5021199544406,4952.678837999543
2025-04-07 06:30:00,1476.9725706164265,1477.78383021594,1466.5510033627813,1476.794780975949,829.8132877095524
2025-04-07 06:45:00,1505.018518296059,1510.3438596134733,1499.6452211517785,1499.6660635227154,6774.388435106267
2025-04-07 07:00:00,1520.1890399421168,1523.184962634665,1514.9196667313645,1523.2088067945883,1592.6686619060997
2025-04-07 07:15:00,1535.693533186556,1540.9171298294675,1532.1254506366413,1539.1771084356178,3522.573950030671
2025-04-07 07:30:00,1550.7214083712595,1557.88230552786,1545.6754165886052,1553.29470218466,7069.2198720992665
2025-04-07 07:45:00,1518.0875765854853,1528.067806553671,1515.983691803681,1522.7325397128716,3815.2412841355194
2025-04-07 08:00:00,1514.6986825467936,1521.2613920110628,1507.5336698089639,1515.2273949447524,5350.945718690162
2025-04-07 08:15:00,1520.5996507494535,1524.0123525818256,1514.2429894182642,1519.0895534368424,1510.8171698780893
2025-04-07 08:30:00,1518.919424740275,1528.517789398101,1518.8808456005654,1518.58848561898,8426.52087256148
2025-04-07 08:45:00,1522.2798042686386,1531.5033241859426,1521.5891647028143,1526.6282213778122,5653.212016042354
2025-04-07 09:00:00,1498.1768068089232,1507.7491242687388,1496.6209179490675,1505.471996094008,8777.439290116426
2025-04-07 09:15:00,1504.6918536050578,1512.0905938810174,1506.15855223615,1512.6142791082393,4484.754392559805
2025-04-07 09:30:00,1511.9234169569595,1515.188549909341,1506.6340797529242,1507.7008239537165,6760.334204091851
2025-04-07 09:45:00,1487.0901961263075,1492.169100206881,1482.3015016484153,1487.8843949588043,8489.966804585803
2025-04-07 10:00:00,1458.6651815554349,1459.2181332626676,1450.2169842562396,1453.52686071586,116.49991523548267
2025-04-07 10:15:00,1445.265210068786,1448.170273181195,1435.908597080532,1445.4154711229614,5053.611527067225
2025-04-07 10:30:00,1427.591662274125,1435.985293559703,1427.346851316871,1431.546758334814,4877.453589994995
2025-04-07 10:45:00,1433.7002365665141,1436.9587851766184,1425.2826379756302,1431.1303493849248,8199.867495879324
2025-04-07 11:00:00,1433.0135425643118,1434.548928495483,1424.7176993603007,1424.7074194384345,3789.342962420858
2025-04-07 11:15:00,1426.6211315059309,1428.1048087918875,1420.8903452036375,1421.4924407342978,8065.328020649759
2025-04-07 11:30:00,1442.3149726307604,1443.3771312675337,1435.412255307748,1442.1484192019748,4997.375652330686
2025-04-07 11:45:00,1456.686391668461,1465.1676438944396,1450.7528430771204,1460.4530894293555,7890.1936451172005
2025-04-07 12:00:00,1460.9878822830374,1462.9713164202542,1453.0514389770397,1457.2752074074122,4103.587719841573
2025-04-07 12:15:00,1486.1292383138757,1488.4029281011856,1477.038303435431,1488.2154019876075,3655.6616263892865
2025-04-07 12:30:00,1491.5544068123309,1497.923371039515,1485.6815727630383,1494.8178702617338,9798.897172208382
2025-04-07 12:45:00,1495.8208830487351,1502.1019652056657,1492.020467140381,1493.7974055099355,3802.9745778251304
2025-04-07 13:00:00,1514.816276565343,1518.8024542907956,1503.3197174059978,1512.9156728466946,1647.4381095244275
2025-04-07 13:15:00,1506.629601360572,1514.8968237674408,1504.212775683953,1506.4278385057114,8265.272179703405
2025-04-07 13:30:00,1535.491265556244,1541.294054875367,1532.7371756359764,1533.5727868630286,5595.472908304171
2025-04-07 13:45:00,1547.6487995085365,1553.510397933135,1548.7369110835969,1555.6577039199485,1183.4333248550586
2025-04-07 14:00:00,1550.4145131268206,1558.142499047108,1550.0866639301041,1550.3960252902802,496.6155638050648
2025-04-07 14:15:00,1561.8114671448247,1564.663409226788,1552.4408893982545,1559.7314671785755,3220.855962461107
2025-04-07 14:30:00,1546.1989920631645,1552.475092572648,1545.7091288771285,1547.9385206417041,1247.6771686948105
2025-04-07 14:45:00,1552.7819890436706,1558.1092944104603,1547.0903690338318,1557.876051430761,2483.0302701408814
2025-04-07 15:00:00,1546.5080974138475,1547.669051104128,1537.117617957932,1538.226577067649,946.4301533987497
2025-04-07 15:15:00,1567.9332161930608,1573.8489896926967,1562.4913298680524,1569.7049298794743,9872.590481872723
2025-04-07 15:30:00,1578.9070850561234,1578.6102639203687,1570.2863404664672,1578.8751056288268,5363.979645349263
2025-04-07 15:45:00,1565.7417639579965,1570.93546092501,1561.9710374861152,1566.9563129610572,1663.1284723982822
2025-04-07 16:00:00,1551.1260744145588,1558.1083309031837,1547.801546129083,1556.481544835203,5601.805620022376
2025-04-07 16:15:00,1561.8285822315972,1564.654603509126,1558.7054133259735,1566.2660308559264,720.1732273604337
2025-04-07 16:30:00,1554.6989355677615,1558.7369781240143,1551.8879714552565,1553.201205600796,5954.638993026683
2025-04-07 16:45:00,1539.3957136832635,1541.3530049493409,1529.3213965404373,1533.9993643077269,8353.694320705014
2025-04-07 17:00:00,1536.985027390101,1538.0168655132377,1530.2815492143461,1534.681970242155,7553.439897143068
2025-04-07 17:15:00,1527.448722191958,1531.657501475393,1521.6168750352176,1526.7007479508275,5187.557044978344
2025-04-07 17:30:00,1535.6903983530585,1545.2134271287562,1533.3601050799134,1535.2424865782807,6091.996619831339
2025-04-07 17:45:00,1575.7567448885643,1581.159346607862,1572.7289857421058,1579.6641756235667,7547.299454457992
2025-04-07 18:00:00,1572.4032492262365,1579.5439612353027,1570.7750255759304,1570.2701494997468,5733.233146239083
2025-04-07 18:15:00,1576.350385183962,1574.3345052727814,1567.1525457657872,1570.1254603830932,8601.740700980381
2025-04-07 18:30:00,1546.3419542482336,1553.6130182317268,1546.6008048969647,1549.0392271456226,3505.6796256351713
2025-04-07 18:45:00,1582.5478081237547,1586.9759023146953,1578.9334861522748,1578.4575675275332,7403.295558594739
2025-04-07 19:00:00,1592.5316269285515,1596.6795556248994,1584.6362173144241,1584.2774948968113,6938.2158468939415
2025-04-07 19:15:00,1586.0659508914018,1585.328077756773,1576.3216288468495,1577.0659166119024,3834.6571567476535
2025-04-07 19:30:00,1580.6142610684765,1579.7646016970334,1569.7086927013618,1573.9162168932448,3846.521357313637
2025-04-07 19:45:00,1578.1754357548296,1584.5975003776925,1573.7852624499499,1575.5268887562347,2206.1211955163385
2025-04-07 20:00:00,1584.8156936126734,1591.924117211074,1585.4927001669644,1585.4396996795006,7908.859983140073
2025-04-07 20:15:00,1595.7308425417157,1600.643569159042,1592.9124153418709,1601.381109514042,2179.434380052639
2025-04-07 20:30:00,1597.7270144259076,1603.1814841316143,1596.256668032471,1604.0876361019207,570.1254571576509
2025-04-07 20:45:00,1584.783783802379,1591.1123601288857,1585.1478806370192,1589.7671114494174,4879.646174731443
2025-04-07 21:00:00,1611.9397636498352,1621.3978199884186,1606.617706131461,1613.3506510232492,1032.5290344969535
2025-04-07 21:15:00,1629.2311023833136,1634.7390025830991,1622.732696473875,1629.7761508854283,2325.944668537944
2025-04-07 21:30:00,1646.7588441841458,1656.2563223823943,1646.1710634044862,1652.6576201865723,5300.650162629666
2025-04-07 21:45:00,1678.9657566628923,1686.9760189790634,1672.5675769616691,1677.2984870551027,4786.019100123326
2025-04-07 22:00:00,1655.16529459415,1660.7657111052074,1650.7700408271821,1652.4772201563349,2071.417195597809
2025-04-07 22:15:00,1658.5045693207098,1657.6957739725096,1653.1178324234156,1656.462641468549,4444.8876136754225
2025-04-07 22:30:00,1666.4912263256556,1672.842869981362,1662.0712491662389,1671.9476706504877,6810.261544974873
2025-04-07 22:45:00,1668.7736784377935,1676.3683352846904,1663.8674341550395,1667.3935117341289,9828.02123866392
2025-04-07 23:00:00,1672.283608608216,1673.8980230061295,1663.9288135135334,1667.920848387676,5732.010566398985
2025-04-07 23:15:00,1675.1184678191507,1679.7135283620664,1671.5618367171485,1681.8540849964484,5795.495060804519
2025-04-07 23:30:00,1663.9312639352922,1664.9917951032633,1653.8581733971596,1657.166565333212,6710.228047161804
2025-04-07 23:45:00,1684.5788846860312,1688.355720048202,1676.494280126312,1678.2685752223317,4833.999587732499
2025-04-08 00:00:00,1677.3023832687195,1681.6850623140608,1671.358644391528,1673.1585910081847,8863.651230263618
2025-04-08 00:15:00,1683.3162504619415,1690.0203756416795,1680.4905549015716,1681.1357270734966,1934.0300087514906
2025-04-08 00:30:00,1687.7819898472865,1689.4357926799685,1678.4741249993997,1687.2366550050908,3580.253172026042
2025-04-08 00:45:00,1643.051939869651,1649.30506205597,1639.2351460782977,1649.6571952408985,9787.428598866572
2025-04-08 01:00:00,1642.9651480843913,1647.9827827443937,1636.7176615351113,1640.6947679697646,873.617300694948
2025-04-08 01:15:00,1624.0091246613629,1626.8236721014607,1617.3260745678806,1618.5752747017668,2765.9399182019633
2025-04-08 01:30:00,1625.7799735981039,1631.2097802693334,1624.3468212803907,1631.5991540095715,6443.691681517122
2025-04-08 01:45:00,1640.8704636945704,1647.7668461496855,1638.5233014236012,1645.5859216215042,1061.47512975271
2025-04-08 02:00:00,1636.867420834131,1647.5765200902174,1636.3399219115574,1639.411047145758,6820.6412299552385
2025-04-08 02:15:00,1643.901597658397,1653.2529353228992,1642.8928093797692,1647.070548566594,147.3208606455043
2025-04-08 02:30:00,1657.2729487685044,1656.2472058187109,1650.2598604976617,1647.977944980283,7314.409746142204
2025-04-08 02:45:00,1633.332430885609,1640.3145667241854,1633.0665541959734,1640.189920844657,9403.949647728332
2025-04-08 03:00:00,1632.9367163656243,1638.1882839556345,1629.5154796388924,1631.9517739861747,8883.22174505972
2025-04-08 03:15:00,1623.1130799739692,1629.7059241074928,1620.2672773600348,1626.1515276126293,2101.932190760937
2025-04-08 03:30:00,1617.2341813006294,1625.0857988195578,1616.3075740091142,1615.2111231083218,4113.777553914862
2025-04-08 03:45:00,1622.556759180255,1625.7617008897228,1619.1273300634648,1623.045249077172,4212.083522210552
2025-04-08 04:00:00,1630.3668411990793,1639.4662635124346,1626.8405392696463,1628.5551248475776,4162.331112410495
2025-04-08 04:15:00,1617.5610206180743,1625.1447137880268,1613.6290014926244,1623.5202656635634,5289.47191172202
2025-04-08 04:30:00,1642.9750056443897,1648.3208572331,1638.8454273119353,1645.2991696929723,5907.109790588106
2025-04-08 04:45:00,1634.8860891742218,1635.8475530371054,1628.843457635867,1631.19809242488,1007.5813091323819
2025-04-08 05:00:00,1640.6166591594995,1646.6520818793088,1639.363537616206,1638.9707880526237,8354.854544279027
2025-04-08 05:15:00,1637.4072449797504,1641.1502838220586,1632.0138961462628,1635.853310415594,8790.983538116116
2025-04-08 05:30:00,1622.1186762536056,1631.3610087863317,1620.1644722076296,1620.014027894634,4933.489633896137
2025-04-08 05:45:00,1651.0231581235503,1659.5307178714345,1651.927973825,1660.219885657971,7311.749497612322
2025-04-08 06:00:00,1667.4743435828889,1673.569215831246,1667.2962274683498,1674.7573567417494,3692.921759073523
2025-04-08 06:15:00,1676.006026376345,1681.0716810533982,1670.9061215190497,1675.6261498446577,2744.3498122700207
2025-04-08 06:30:00,1663.3681917129602,1674.8360183521497,1659.6947018498759,1663.8616650621939,5661.984124835168
2025-04-08 06:45:00,1651.5438902638873,1655.7226870166019,1640.3057716091316,1646.90212678737,7386.661395922044
2025-04-08 07:00:00,1653.6939556041657,1662.3881338929716,1651.1450925152626,1654.4698319581566,7749.0666179935315
2025-04-08 07:15:00,1628.902959371763,1636.165335249978,1625.5583577560212,1633.926894585005,2471.6412434385597
2025-04-08 07:30:00,1660.173010121224,1666.1314050917736,1655.3385435758303,1659.498452314888,893.4781660447711
2025-04-08 07:45:00,1640.365172317178,1646.9695608607028,1638.7820799916951,1641.1191110706304,3969.1171267533337
2025-04-08 08:00:00,1660.2440968348014,1664.933164554303,1657.7491602132427,1658.4748251207475,2869.862848813874
2025-04-08 08:15:00,1656.3228360878493,1655.626696596331,1648.1754409268924,1651.9079161817385,517.4391040768484
2025-04-08 08:30:00,1625.930498086576,1626.628995974216,1617.6206451248795,1622.8564135087297,4969.685417636159
2025-04-08 08:45:00,1636.4197390239665,1642.1409782374913,1634.070444176039,1635.7730364921813,1843.9858857570568
2025-04-08 09:00:00,1651.5893999635773,1659.280279985237,1652.545211758898,1652.8904828332527,8907.460111229473
2025-04-08 09:15:00,1696.9744691178437,1702.3208762369143,1688.805417227258,1692.3270847953409,5683.750471303173
2025-04-08 09:30:00,1711.1188168938702,1716.82604101817,1707.9014105790582,1708.5632341796347,169.77680613225434
2025-04-08 09:45:00,1686.8465657170711,1692.171745290826,1686.5145217586062,1693.8158322302634,1251.2715980565808
2025-04-08 10:00:00,1687.7601460097437,1690.8397990897984,1680.601004672805,1688.263972181653,2552.143399198647
2025-04-08 10:15:00,1672.037777842229,1681.4060125154863,1668.821058870802,1678.139248869088,7465.83402415211
2025-04-08 10:30:00,1680.190261518963,1684.8146509456576,1674.6057134169123,1679.3823966020425,5405.755310309176
2025-04-08 10:45:00,1684.697624935377,1693.5903415842304,1685.7568220687854,1685.0289188115814,6825.844390232164
2025-04-08 11:00:00,1667.5515055449425,1673.0740088266552,1664.950176210924,1672.6425851039835,3055.3946883560247
2025-04-08 11:15:00,1676.80478519489,1677.7921416528188,1669.7851709767044,1673.7496797806161,4412.082181649119
2025-04-08 11:30:00,1663.1848368091282,1669.1130180704974,1660.784582626743,1665.6661395337078,4779.438963082782
2025-04-08 11:45:00,1634.2735615851582,1642.5593750512448,1634.0587575689437,1639.00354964157,1480.117331707684
2025-04-08 12:00:00,1648.504097271309,1652.2771484184002,1643.9344517369232,1647.4926312829677,383.2538791646681
2025-04-08 12:15:00,1664.4000699573176,1670.0715549609417,1656.547711447417,1659.837205895414,9174.935298895409
2025-04-08 12:30:00,1667.6887435043027,1671.4815410262315,1664.8229750549056,1668.6492843477793,7213.810108313381
2025-04-08 12:45:00,1646.6220470755472,1647.7686407838828,1639.1326611017182,1644.6403055849437,1351.2866184156355
2025-04-08 13:00:00,1665.1956596836314,1669.6091346513222,1655.7639922746303,1659.4807574453123,128.10929816902456
2025-04-08 13:15:00,1673.0558180144415,1680.4204423621527,1669.8785607637212,1675.9816666901527,1515.4291329950345
2025-04-08 13:30:00,1684.658219612305,1688.7972718354126,1677.9117365936606,1684.2020265750148,2703.7752051223342
2025-04-08 13:45:00,1670.1768820200257,1676.7865675822632,1672.1453384441227,1675.6884108825466,9023.787443597777
2025-04-08 14:00:00,1688.3197305969202,1689.3459387080522,1680.3437803003271,1687.0957138517447,1168.1303464140578
2025-04-08 14:15:00,1680.6436702817641,1679.4785076586495,1668.565512523774,1674.703283745225,7346.56268212281
2025-04-08 14:30:00,1668.8468500763317,1674.5001109463694,1664.2103700151927,1667.9643553846029,4609.195445746782
2025-04-08 14:45:00,1668.6746031659127,1677.5335173412113,1663.6886531177104,1666.0190128740314,8165.243334631729
2025-04-08 15:00:00,1663.9070056663766,1668.349952103309,1654.970236659456,1665.4962598854834,673.2773463785477
2025-04-08 15:15:00,1655.9556039679321,1660.5550610418395,1650.618799789392,1653.8861115743778,6285.782954615776
2025-04-08 15:30:00,1619.4945368416738,1626.1606117116723,1616.3407415282936,1624.4091563468037,8428.043638212554
2025-04-08 15:45:00,1630.523006682643,1639.4212100465074,1626.9609566096237,1633.9685502664552,2098.756989721578
2025-04-08 16:00:00,1640.359361129486,1648.8221767565947,1640.5267230926945,1646.7086121643,5543.503895750803
2025-04-08 16:15:00,1646.4293161472335,1655.0726616697405,1646.5104722702733,1648.2742717581552,5494.171698137196
2025-04-08 16:30:00,1658.4984916746598,1659.535755428051,1646.740894374068,1654.0208334958777,3178.995101439241
2025-04-08 16:45:00,1641.8798151648896,1647.0202346590745,1635.1449355513796,1639.7876924823931,5922.806922119696
2025-04-08 17:00:00,1636.8741818347276,1639.8429424479389,1624.6237393617562,1629.616210573068,8957.418329621132
2025-04-08 17:15:00,1634.0046748737445,1643.9011784436768,1633.8495559793935,1641.8568683229398,3194.6958291314
2025-04-08 17:30:00,1632.7664377762044,1633.5209125893743,1623.2364797617838,1627.4296685694248,9020.684267214881
2025-04-08 17:45:00,1608.9724550756248,1616.429658877385,1606.1061096341555,1613.777087671389,3649.751486217582
2025-04-08 18:00:00,1610.4767892066238,1617.5434605271546,1606.672307353043,1613.935405745007,4253.4929203900565
2025-04-08 18:15:00,1607.8136881321707,1618.7996700641645,1607.0093538520034,1607.3428318927272,2738.0788942816243
2025-04-08 18:30:00,1612.256332429185,1613.575480665715,1606.1745120881499,1606.8940002310978,407.98748101486734
2025-04-08 18:45:00,1602.8786477810859,1613.840130912266,1603.637057213039,1606.0372550189509,627.2139411136528
2025-04-08 19:00:00,1602.7529651589498,1606.363115453199,1593.581487187698,1600.4211267425328,7985.438099861396
2025-04-08 19:15:00,1591.2784301251234,1595.1800755013817,1589.5656670696428,1589.9625293664858,5254.091637348936
2025-04-08 19:30:00,1609.1375059951051,1608.3752088167164,1596.868711400198,1608.9979131155383,7406.74810908164
2025-04-08 19:45:00,1610.3930619370592,1612.7541581763508,1603.9576694702484,1611.4787141822808,8065.764408564989
2025-04-08 20:00:00,1613.0479471799683,1613.613552253045,1601.1605506182245,1605.9931979408657,4804.745749371761
2025-04-08 20:15:00,1604.8358226190915,1610.7977693708308,1604.7087922654696,1603.01534311531,4268.427533323941
2025-04-08 20:30:00,1598.2040676745528,1610.1742018808359,1594.7498349214432,1599.5867726231993,5378.101533199055
2025-04-08 20:45:00,1608.7973553419681,1616.6321266141547,1608.572749759998,1615.298155114948,3406.070454042089
2025-04-08 21:00:00,1621.0689876231406,1621.2974703361535,1612.7653116058927,1620.2228186674142,255.51542479386902
2025-04-08 21:15:00,1603.677491967363,1613.2191257692232,1602.8488500263877,1606.387522590665,4130.346904279735
2025-04-08 21:30:00,1623.6825924671098,1628.2157031620814,1617.7956626085913,1628.8999578456808,8432.74294829152
2025-04-08 21:45:00,1606.2764940343015,1609.9005757901443,1600.1399264412457,1609.7860886606702,3149.769503434577
2025-04-08 22:00:00,1596.3255423050853,1596.431505650602,1586.9391427328146,1589.065365136015,9114.971513173521
2025-04-08 22:15:00,1613.3640794655953,1617.2866300434619,1603.2067575808148,1614.3026040624052,1953.6097798985354
2025-04-08 22:30:00,1612.4817627903403,1612.8769756036756,1604.3372094378976,1610.8103148337364,400.6866294220895
2025-04-08 22:45:00,1595.8066379334807,1594.9185490343723,1588.84623058396,1590.2186159121081,4987.039445228409
2025-04-08 23:00:00,1582.132045881294,1587.4187734324842,1578.0727980217682,1585.8069124717001,4779.43552658839
2025-04-08 23:15:00,1610.7625308007514,1621.652685928195,1607.4386243042395,1614.9479982027674,7741.768709483318
2025-04-08 23:30:00,1647.3328432911562,1651.7338869921011,1642.08600223527,1650.4290814201015,5367.417995535074
2025-04-08 23:45:00,1641.1191943089082,1649.6589572149542,1639.531882265379,1640.6596567985766,3782.1675551583685
2025-04-09 00:00:00,1640.8346096388004,1641.6248606142394,1632.9879971908492,1631.798746740249,4091.979161955682
2025-04-09 00:15:00,1618.3171205861727,1618.1133395754464,1607.726570782432,1613.7312148814385,2920.0434808178243
2025-04-09 00:30:00,1589.6862043661597,1598.6322402004043,1589.3306993097508,1588.6888401946978,2574.336768839799
2025-04-09 00:45:00,1582.868954859204,1584.8118085696221,1577.8245985574263,1582.3102102616635,2164.2478576379094
2025-04-09 01:00:00,1550.7088021985935,1556.4945583702524,1543.5500355532013,1548.5461891645855,1094.2611686544167
2025-04-09 01:15:00,1532.3544687175101,1543.893267471326,1530.2931884146788,1537.4615865397457,8341.144457254924
2025-04-09 01:30:00,1546.4016897000438,1556.7579670542414,1546.8570948835493,1548.9784713693134,9363.77990304569
2025-04-09 01:45:00,1535.0854831327993,1536.2769571561448,1526.352622564365,1528.014642344623,2148.0605523624854
2025-04-09 02:00:00,1530.8176987682227,1537.4257089992404,1523.2098848959272,1533.2414044784598,2012.7375551937712
2025-04-09 02:15:00,1570.0352597138847,1573.9506478910296,1561.8816318130123,1562.9019232009025,7722.559769776331
2025-04-09 02:30:00,1572.356365589749,1579.8773464950002,1574.494576072958,1575.4776552576334,8188.1500318170265
2025-04-09 02:45:00,1542.8732327059283,1552.886223515107,1538.8924344141105,1543.9670902527457,7381.18578346522
2025-04-09 03:00:00,1553.880562719727,1554.7672807968177,1545.9004576496745,1549.5710033949472,4757.133893826904
2025-04-09 03:15:00,1544.6873867776742,1552.9680237251819,1543.574632492957,1544.2259090236644,3876.6956186874113
2025-04-09 03:30:00,1536.7547632572112,1544.7669911287599,1532.7630524902067,1539.9378752466414,1529.615998126203
2025-04-09 03:45:00,1518.162787536796,1524.2399755378767,1518.5961260254412,1525.2894757765725,9419.49991170427
2025-04-09 04:00:00,1523.0164109075872,1523.496621516286,1515.3252398538475,1515.3999203141989,163.5789466346535
2025-04-09 04:15:00,1506.1703440723265,1515.4621099414694,1503.1912920710956,1508.0201491513008,6845.58826676407
2025-04-09 04:30:00,1510.8676140906218,1512.6614181365258,1499.4968172737013,1505.777896507363,5262.393976823223
2025-04-09 04:45:00,1487.532359536441,1491.623992102285,1485.2303089582533,1489.2149303191381,5674.242964543953
2025-04-09 05:00:00,1471.1992213933213,1476.2457840054385,1465.705201774927,1467.069587571105,6790.2417921974975
2025-04-09 05:15:00,1460.0358836224307,1463.5565623893594,1455.0825988048907,1458.3517729612374,1340.3228893054038
2025-04-09 05:30:00,1455.2928461716394,1463.7391713021889,1452.1035487000045,1454.1453547760966,3243.975462669086
2025-04-09 05:45:00,1433.9317299535335,1442.000582500328,1432.476460282361,1435.4363581070331,1611.2289301015228
2025-04-09 06:00:00,1427.4748839428357,1430.9753853784282,1419.3088542117212,1422.4168289386523,1109.4066491173357
2025-04-09 06:15:00,1445.7149637543444,1445.8950583615074,1440.6716029336349,1441.0000973653569,3079.5817055038056
2025-04-09 06:30:00,1425.1480927539733,1427.7415784223829,1416.8159512534464,1417.4581389515097,9411.117647283741
2025-04-09 06:45:00,1430.5281995501066,1436.8847592782822,1425.4982223897982,1431.3560821255016,4288.52909124322
2025-04-09 07:00:00,1432.92250347146,1443.8880270586076,1432.7507882412467,1432.259434107004,2334.604257188763
2025-04-09 07:15:00,1431.402174441029,1435.7520673369086,1424.3185281627364,1425.2674425381797,4044.395464091682
2025-04-09 07:30:00,1431.9843096383324,1430.4024003547718,1420.3416942067108,1426.0209514631117,3352.0288830521267
2025-04-09 07:45:00,1430.30125289753,1439.4070701699536,1425.272068887827,1435.5824074572474,1403.1519279328907
2025-04-09 08:00:00,1410.1808823604342,1419.6185714822839,1409.0599740416749,1412.4401646766341,2372.957119148088
2025-04-09 08:15:00,1422.1148014801956,1428.1173025598005,1420.6716801133048,1425.4317860638441,5183.264140910033
2025-04-09 08:30:00,1433.1198642981985,1436.7634932777526,1425.358740179753,1428.7656733952242,3318.6689604034063
2025-04-09 08:45:00,1402.4869365916218,1404.2627102255117,1395.7577408495574,1400.7577836689711,5584.143798392729
2025-04-09 09:00:00,1381.618135483113,1387.3577567131151,1372.81362456708,1376.250057423841,8940.605507422617
2025-04-09 09:15:00,1376.4479306791097,1380.1719385845424,1373.7152525754332,1374.4120510912642,6999.211809796856
2025-04-09 09:30:00,1394.4168101646492,1394.7160444503695,1388.7900512889853,1386.5296388080542,4339.984073761112
2025-04-09 09:45:00,1398.602871427009,1399.8102918175593,1391.8582797080308,1399.5082855615024,5251.66596751783
2025-04-09 10:00:00,1394.9646108620173,1399.235769136057,1388.9376036615681,1395.1699744146779,1987.235065677332
2025-04-09 10:15:00,1414.0770810988429,1413.8671573685554,1408.1753923340398,1408.73525634938,2070.0708354082317
2025-04-09 10:30:00,1432.0310612036344,1436.2004904392309,1420.9329748130422,1430.3588693339632,937.3308374345453
2025-04-09 10:45:00,1423.4905117631595,1423.2377087097702,1413.1281380562782,1418.460256619879,9176.0132200306
2025-04-09 11:00:00,1423.9833359433349,1427.814006939904,1416.0638315213182,1419.707877289551,9520.594957945843
2025-04-09 11:15:00,1420.3805788094028,1427.286217606265,1416.6605258752973,1415.6610847653599,4402.923151973366
2025-04-09 11:30:00,1415.7517087620474,1416.2182583113588,1409.0330887620446,1407.2845988585484,8888.5504401662
2025-04-09 11:45:00,1398.3829971315186,1399.5261873556046,1389.8384321074163,1395.2933809510746,5263.535212711545
2025-04-09 12:00:00,1403.1339708112764,1408.8272285191051,1398.1879874451886,1399.402352243103,565.8110995446673
2025-04-09 12:15:00,1412.273532128311,1409.5453701208346,1403.3074653852923,1412.297988679822,3654.858685094641
2025-04-09 12:30:00,1417.4329517201004,1428.377229472794,1419.1148892384679,1422.7955403955498,1053.723836129107
2025-04-09 12:45:00,1413.6532775043324,1422.5961967456042,1413.5811425077475,1418.8703936514084,324.0564554710817
2025-04-09 13:00:00,1417.5045186320353,1423.5042342997779,1412.5807294941008,1413.39361503652,1537.1500996355144
2025-04-09 13:15:00,1415.6923541539566,1422.6598166025383,1410.9377818145933,1419.392270973979,494.6422076941452
2025-04-09 13:30:00,1419.1898431845061,1423.3977166216177,1414.9991202372748,1422.1764809034933,5772.685807867993
2025-04-09 13:45:00,1422.3490493356144,1423.4863479049636,1415.9881178388816,1418.437426394905,7794.38714388745
2025-04-09 14:00:00,1419.763101860035,1427.6173488273896,1416.004403245069,1418.9799148882096,9180.14313660244
2025-04-09 14:15:00,1424.229505002281,1426.2658173577254,1416.8022844057698,1423.8366133567108,1756.6562478173585
2025-04-09 14:30:00,1437.332036655267,1448.7648923163683,1436.7668129228612,1441.075515819917,4364.979947584713
2025-04-09 14:45:00,1438.6289275709466,1447.1218081744705,1435.0001300113424,1444.4286335499432,7235.829773887832
2025-04-09 15:00:00,1457.8673495856613,1462.403902081096,1451.2973048799615,1451.0079563621885,5374.855905806968
2025-04-09 15:15:00,1427.5961814535344,1434.779550637402,1425.0914118523167,1430.3347107383477,6819.815104682065
2025-04-09 15:30:00,1435.4208445636846,1435.4506991595104,1427.7534832041345,1432.1077563647996,666.2724825106221
2025-04-09 15:45:00,1400.894600398819,1410.494962584844,1399.0308401777208,1408.4685763208915,8973.231149624553
2025-04-09 16:00:00,1407.8110309581746,1411.1246047372476,1403.155184409033,1407.2969706337083,483.86724073098065
2025-04-09 16:15:00,1383.5979802778447,1388.285349862386,1376.20342334442,1384.114007257174,1206.0295602655324
2025-04-09 16:30:00,1352.5957727758066,1361.3611514035958,1352.1132475043783,1361.6664523392317,8760.590578813786
2025-04-09 16:45:00,1334.287591212386,1342.2303304242328,1327.015423725151,1337.2192757418154,4030.6143114275324
2025-04-09 17:00:00,1327.7393833991607,1338.11658354485,1326.1037496605989,1332.7213006010525,4025.1520023597623
2025-04-09 17:15:00,1300.6672196670029,1310.0328228999458,1300.3324929177973,1309.384628591384,488.84901319987824
2025-04-09 17:30:00,1321.4575053533224,1329.1632910016035,1320.8437941111074,1320.7187267130187,903.6497416348303
2025-04-09 17:45:00,1319.425637327761,1324.4499145810937,1314.3050598352636,1319.2574983767747,7409.79089205694
2025-04-09 18:00:00,1314.0955805277601,1316.6349386474662,1304.0842991252966,1314.9103366127256,1022.827048121587
2025-04-09 18:15:00,1299.5080474255187,1301.743595051776,1291.2702385752593,1296.4770137752084,5790.836847652315
2025-04-09 18:30:00,1290.4812460248575,1299.6665651412839,1286.9358642489883,1296.4735291250095,9572.891783880446
2025-04-09 18:45:00,1289.6458284923353,1295.0526623373073,1285.9442395058154,1292.7964122027777,1334.286365214378
2025-04-09 19:00:00,1283.882205472929,1288.0655351204098,1276.433471676704,1282.3019480579837,5800.8614371016765
2025-04-09 19:15:00,1287.3393953363786,1289.1597841807047,1279.4035166273852,1281.4901209340699,614.9662803191759
2025-04-09 19:30:00,1272.256857940661,1273.802682126032,1263.746446215264,1271.4726486969187,4187.555400313994
2025-04-09 19:45:00,1265.00843262058,1269.699806203981,1261.7300584637026,1269.0511894460685,4994.485820392873
2025-04-09 20:00:00,1257.3630131680736,1265.6704836185806,1259.9054125796386,1266.1623015309733,1808.310613726726
2025-04-09 20:15:00,1240.0498476353775,1249.043463582961,1235.8534784509527,1243.7675398117462,8215.577705609681
2025-04-09 20:30:00,1224.5105489366813,1232.650859524051,1219.6749826431071,1221.1425895567038,7371.90501216501
2025-04-09 20:45:00,1246.2739712457515,1249.5128996583683,1236.944472499948,1240.326383738461,2896.731275342388
2025-04-09 21:00:00,1263.0067803982524,1266.1449630442844,1257.0918464083943,1260.9562889055242,305.114331016434
2025-04-09 21:15:00,1280.1253348779499,1284.9272870863545,1276.4786653919425,1276.7407124462056,4941.732093275071
2025-04-09 21:30:00,1293.5248061582415,1295.8309586683067,1287.3381631148836,1286.3804426573906,7499.0106153096385
2025-04-09 21:45:00,1289.7878289721666,1292.5033186882304,1281.9791944644678,1291.2747922951376,6996.724763581095
2025-04-09 22:00:00,1289.6836650355938,1290.256444945708,1281.1523357568933,1286.0399376614835,5021.117668641361
2025-04-09 22:15:00,1286.9837130459305,1287.2648559566544,1280.2428628881305,1284.037716533118,5108.616780519983
2025-04-09 22:30:00,1284.763631262825,1285.6262055312823,1279.5528332695726,1280.1242911026438,5083.1724896556425
2025-04-09 22:45:00,1283.4355866438516,1290.444686536073,1277.9157678924473,1289.6006049435573,4775.290984589071
2025-04-09 23:00:00,1291.1470096540713,1296.4664758386277,1291.0993696237304,1290.7183169814411,8769.391667468239
2025-04-09 23:15:00,1276.350367526621,1279.8585186732353,1270.58939454347,1277.0391529468272,8742.691687802473
2025-04-09 23:30:00,1288.213056443649,1292.9801806252156,1281.9340211810754,1289.6148925098478,785.5860671280665
2025-04-09 23:45:00,1284.5401742604922,1295.1935098604586,1281.8310614994418,1287.6380299379728,8985.101665742528
2025-04-10 00:00:00,1293.9820902456484,1299.6440291864903,1290.846238668315,1298.7333165019238,3668.1350407885056
2025-04-10 00:15:00,1318.7375121010189,1321.4552555756904,1313.566115663377,1315.8424344495843,7415.553252053965
2025-04-10 00:30:00,1302.6226018063578,1304.4617229149667,1297.6280291170128,1304.4497249919352,5252.507448441692
2025-04-10 00:45:00,1280.0974687085134,1283.9124348425592,1278.878572959681,1283.785439131945,3679.433829099838
2025-04-10 01:00:00,1278.1016260585252,1288.862593362074,1277.5982345767382,1278.7908311708468,6424.792890236569
2025-04-10 01:15:00,1269.6105333558685,1279.5941432853272,1270.6184247071901,1270.1258210200142,2188.306564902797
2025-04-10 01:30:00,1296.8289817256436,1304.7376651693555,1298.4798554273282,1305.64181186736,8539.60418400519
2025-04-10 01:45:00,1293.757500069127,1295.1110181355032,1284.6816847073585,1289.7926862449754,8171.200703095574
2025-04-10 02:00:00,1278.679751967742,1282.7579805336336,1276.1286474549645,1277.9046085035272,3969.171246149427
2025-04-10 02:15:00,1274.44277626814,1280.0433816893262,1266.3845109190559,1272.6575532697516,2523.361039625563
2025-04-10 02:30:00,1272.22721183542,1274.7145313504864,1261.7773184617247,1272.0241390117849,2695.24357872519
2025-04-10 02:45:00,1283.4486632643484,1293.6708103452238,1283.5817598198028,1290.460661368662,2791.238050801717
2025-04-10 03:00:00,1319.6207489689725,1323.3470045575052,1312.6433163195932,1318.0544277640574,3535.4809668454996
2025-04-10 03:15:00,1303.570368799002,1312.280872355248,1304.7822044440338,1310.4470646594593,4014.9486564566855
2025-04-10 03:30:00,1319.5267326230482,1323.3635600084485,1312.9626395649693,1314.1270487996023,6330.31116302126
2025-04-10 03:45:00,1292.925708051316,1299.3692800322299,1288.8017131586637,1293.6632758090766,5529.62661849005
2025-04-10 04:00:00,1321.6609013900638,1327.5619178815796,1318.4004452662343,1328.5643724769143,6631.3102399449745
2025-04-10 04:15:00,1332.3147401503857,1343.9086948629451,1329.3268003589642,1334.7966939251219,3099.200718127825
2025-04-10 04:30:00,1327.7096937406016,1333.9219474861184,1323.9002215475427,1331.3091585003467,6812.320900503097
2025-04-10 04:45:00,1359.8132688954,1358.96025318315,1353.5905725083123,1352.360369667977,5368.256798640014
2025-04-10 05:00:00,1353.9224572074763,1358.4156333045669,1343.595018214434,1352.206333978546,6698.905685469797
2025-04-10 05:15:00,1371.1237450052215,1375.5492263230203,1368.1624966051547,1377.196040306222,4887.3326641334625
2025-04-10 05:30:00,1340.4389819322423,1345.6625314728863,1339.6368483211304,1340.1905286947501,7038.194151352424
2025-04-10 05:45:00,1330.488545830525,1337.3783817179785,1330.9475026607158,1334.0716853054694,4206.396935684745
2025-04-10 06:00:00,1337.972734982869,1347.8122622800006,1337.072551753009,1347.116464601763,9616.30916479704
2025-04-10 06:15:00,1350.1177854810242,1355.6828007353424,1343.3197185415759,1352.8737063419867,8618.889180755163
2025-04-10 06:30:00,1349.7536495654565,1350.5911076029247,1340.8948606817182,1351.7016762491014,1097.826523481405
2025-04-10 06:45:00,1315.3978340377937,1325.4055730541938,1317.7016460956409,1320.1160630798652,7526.394604937853
2025-04-10 07:00:00,1316.02374054664,1326.2113269530396,1313.9643850309822,1321.971371824158,9223.236633456192
2025-04-10 07:15:00,1319.4228755509844,1324.021013137568,1312.9560776363576,1320.1275287494552,5903.336562957378
2025-04-10 07:30:00,1297.5374265426092,1304.1957621552742,1293.1595306878946,1294.7516381890534,584.4869982056425
2025-04-10 07:45:00,1295.1907217105345,1299.2326073725426,1289.0244090016986,1297.3645591884535,2398.8767973707772
2025-04-10 08:00:00,1306.9600727876352,1310.8824029550217,1306.5677339929941,1304.193018407201,5101.237574166176
2025-04-10 08:15:00,1314.0039590064077,1314.6207766124344,1301.6639678420738,1308.0449785106325,4420.395519685925
2025-04-10 08:30:00,1310.2921602305764,1311.8462147937114,1306.1570667905837,1308.398763233064,5499.881606702383
2025-04-10 08:45:00,1299.9054175752583,1310.7430726900766,1297.5472896582753,1301.8290555557876,2514.8450264053586
2025-04-10 09:00:00,1291.5450874374037,1294.1466782916955,1281.2189771069893,1289.8900919916505,2793.229888838884
2025-04-10 09:15:00,1291.4640667476672,1290.877194159307,1283.4177106633715,1282.4117499816446,404.6858962559784
2025-04-10 09:30:00,1274.8967213070634,1280.2709258524358,1273.947284310748,1275.5966539769693,6236.8138932523825
2025-04-10 09:45:00,1273.2838841084388,1284.3344259126834,1275.8449901004476,1282.3413922751645,9948.961339551624
2025-04-10 10:00:00,1282.8344160953693,1291.9157772440358,1284.5774476074039,1285.3616737883292,3896.649459002259
2025-04-10 10:15:00,1281.4119527245334,1292.543395951171,1280.3804137870904,1284.0027179821543,9049.920702350293
2025-04-10 10:30:00,1280.946123776231,1282.1900542541173,1272.1810622446515,1276.2677841881243,9218.541297175401
2025-04-10 10:45:00,1290.6441276043847,1301.0366242144685,1291.7606244156732,1291.9347758501538,1953.4098954197084
2025-04-10 11:00:00,1295.124920706047,1302.854579170367,1288.7249260706037,1291.7158032279622,9265.966727384484
2025-04-10 11:15:00,1294.6988427315302,1300.9824620086574,1291.2197595630746,1293.7695626665507,1618.7798380071513
2025-04-10 11:30:00,1308.534486648023,1310.9065888936047,1297.9577430074582,1299.4737492221457,390.40195784532546
2025-04-10 11:45:00,1307.0816376847974,1307.9572102357279,1295.3373044222976,1299.745766442812,9087.862618497435
2025-04-10 12:00:00,1290.6298625766465,1295.854717132058,1286.0606951329091,1296.3696342331991,7183.606995075621
2025-04-10 12:15:00,1301.234924868921,1305.0862339674275,1294.0237535052033,1296.8953737563274,5803.662274202067
2025-04-10 12:30:00,1293.5037918665691,1298.4797313906633,1288.0143507694656,1294.3942431858275,5136.027561574669
2025-04-10 12:45:00,1306.1719756175612,1304.9166920060509,1296.1084859406274,1302.373958329104,5174.887050301137
2025-04-10 13:00:00,1284.1732319137939,1291.7841527545283,1281.5738238317601,1284.1022366426043,3694.459466299707
2025-04-10 13:15:00,1278.519463613851,1288.8718778775603,1275.2619389187373,1277.9713267303728,1780.6185977315329
2025-04-10 13:30:00,1278.6042000914322,1284.554311465743,1276.6388237080507,1284.8932283082072,1819.4131889417122
2025-04-10 13:45:00,1253.3368955167093,1253.1260669641954,1241.483946653939,1244.180228324452,4669.4428101268995
2025-04-10 14:00:00,1246.6738300926663,1249.2466034998365,1244.323901154391,1243.886234435285,7483.847722147814
2025-04-10 14:15:00,1263.3842181143834,1264.5160651545762,1256.1961169546032,1255.2427129314967,3566.9115238213676
2025-04-10 14:30:00,1252.6786060208692,1257.7429440117603,1246.366533541079,1249.3736330376444,2923.08932527453
2025-04-10 14:45:00,1262.3834183220233,1266.2260670097498,1253.0970471345415,1262.7750546135776,1705.6661522571167
2025-04-10 15:00:00,1240.6777043382538,1246.6746831865607,1239.3209401592594,1239.8083318127035,5380.426757722578
2025-04-10 15:15:00,1227.7294237343942,1236.476870347266,1224.3675896286,1231.6315457203114,140.20324539175152
2025-04-10 15:30:00,1225.6077831585994,1231.6649692312963,1218.4680102168156,1220.7370000278058,355.0845394615651
2025-04-10 15:45:00,1223.1018838531083,1233.0273417680187,1219.71829404249,1222.7072379754861,7421.8012655988205
2025-04-10 16:00:00,1243.729854672417,1252.2208722315236,1242.0053372162843,1249.1433304815218,4265.760065199828
2025-04-10 16:15:00,1234.3840715732574,1235.2421580385042,1226.8885692561962,1233.7363357373945,3656.7174737961204
2025-04-10 16:30:00,1231.3370032412279,1239.3200556666586,1233.5117795814017,1238.0079364337748,9320.703845967171
2025-04-10 16:45:00,1244.0088861323252,1249.789574490727,1239.7287242132861,1248.4844255991065,291.440488613712
2025-04-10 17:00:00,1225.823265819475,1233.8765753305847,1226.3648332272712,1227.1918117891933,1327.3553070902428
2025-04-10 17:15:00,1234.5089605110484,1236.0662117292834,1225.2855974192341,1233.9541552141632,412.2631575877254
2025-04-10 17:30:00,1216.8690832134093,1221.045731481692,1210.703951794705,1211.5920221793583,2038.3468368972076
2025-04-10 17:45:00,1216.0675577728546,1221.8213095951214,1207.419085544461,1217.1091412946191,604.6614371210635
2025-04-10 18:00:00,1216.8867371470837,1218.6223184912894,1212.8743956964972,1213.2030340359997,8487.815221323672
2025-04-10 18:15:00,1221.21364188183,1223.5522513769133,1210.804969034143,1213.637693781456,8485.953343892781
2025-04-10 18:30:00,1218.0214461568542,1227.474741862616,1213.9180494412394,1216.1065720762351,2522.8076520006884
2025-04-10 18:45:00,1207.5203038649893,1212.2033801176697,1201.4812966632946,1204.151830532179,7285.404034156251
2025-04-10 19:00:00,1224.2217283663244,1229.7297059248897,1219.9189664237263,1225.1781032170907,9024.07887641191
2025-04-10 19:15:00,1263.5744188432404,1271.8515836164677,1264.230634553685,1261.879220169878,6798.436339962167
2025-04-10 19:30:00,1271.9111182139166,1271.487154372155,1265.8993769950464,1273.7721510157717,841.1364351931838
2025-04-10 19:45:00,1271.403268828587,1275.879220667358,1266.3582938050602,1273.7067843501263,4531.308682912939
2025-04-10 20:00:00,1261.8285806760941,1264.4056904243087,1256.7459871707144,1258.4035807627563,5802.205071388953
2025-04-10 20:15:00,1281.802592894688,1285.1811554781636,1274.8665946620042,1282.5574877590411,8936.615412946428
2025-04-10 20:30:00,1265.4466057246577,1274.5646347897393,1261.4430977761983,1269.2650706005156,2881.723807634909
2025-04-10 20:45:00,1271.3842924374844,1279.7495448165237,1268.5784921751124,1278.2004771507497,8067.726518511034
2025-04-10 21:00:00,1288.2160812771147,1285.477713513537,1275.733703121007,1284.7535855603476,8112.493471991733
2025-04-10 21:15:00,1291.891326781364,1294.5655621552405,1283.5843161592122,1283.9020583653044,5114.813246483513
2025-04-10 21:30:00,1292.144746648053,1295.7240816271287,1280.710737484959,1288.9533942233888,5167.556408942524
2025-04-10 21:45:00,1302.1798350358558,1308.5373392270985,1298.6879380342643,1307.3127226458557,8816.309385425131
2025-04-10 22:00:00,1271.934366575091,1274.401152402522,1267.148494566211,1271.823896124339,181.99607335955633
2025-04-10 22:15:00,1289.507938796387,1294.5310779247593,1286.004090478864,1288.7319809673531,4874.1664477386075
2025-04-10 22:30:00,1284.2545426596184,1290.7058881555377,1280.4178933714663,1283.2842313142842,2967.427603625439
2025-04-10 22:45:00,1266.6732551551772,1273.8392928717765,1267.2419459114362,1267.4040433371795,2864.7529593123245
2025-04-10 23:00:00,1252.0341691837948,1260.8799580950558,1251.44623103632,1249.747090624963,3493.798635600718
2025-04-10 23:15:00,1235.2496064992615,1242.5800775358025,1230.898754271629,1234.6239617126032,2697.176577010143
2025-04-10 23:30:00,1232.8280064034668,1240.4119896744342,1227.0719699849383,1237.8680146162303,5138.925854931607
2025-04-10 23:45:00,1252.146464465831,1254.161833179286,1247.6087384104844,1252.8342183419945,558.0611791505177
2025-04-11 00:00:00,1258.0677976553418,1261.8578779619104,1253.1364872559916,1251.529477319201,1996.0812799839887
2025-04-11 00:15:00,1272.8166000709355,1276.1059359952571,1267.4960130293305,1271.8200856610483,6166.372111426073
2025-04-11 00:30:00,1319.1486330147627,1323.2675319318182,1312.265828953858,1316.4273397273855,6489.177911950409
2025-04-11 00:45:00,1330.1268229349228,1336.7078383755374,1330.8191439739828,1334.2411319188598,7386.316593558768
2025-04-11 01:00:00,1337.4191070494328,1339.803467463718,1329.9404273777125,1334.1538070978909,4634.28662541507
2025-04-11 01:15:00,1351.359257022506,1354.631926881819,1344.8405548469036,1352.5922978512097,5197.667600753753
2025-04-11 01:30:00,1348.5156341034142,1354.692570385628,1342.4245051648127,1353.319261766182,6351.729853309388
2025-04-11 01:45:00,1362.5479657986082,1372.420109864372,1359.6741303870926,1360.6110778882448,8614.862413176605
2025-04-11 02:00:00,1371.0449989553601,1371.8535607054864,1360.521038081565,1370.9750662904798,833.1562283494252
2025-04-11 02:15:00,1354.9890517494207,1357.8773027031086,1349.996378867498,1356.7273555747295,4353.5615312264545
2025-04-11 02:30:00,1326.3971159613616,1326.1940794912637,1317.165986263285,1325.171603192603,5485.17047687738
2025-04-11 02:45:00,1318.4635121125104,1326.0843984199066,1315.8015743281255,1322.1265401222313,5089.925045860757
2025-04-11 03:00:00,1324.1417643433472,1327.0764223172444,1320.6795265831795,1325.6945815253746,7976.672850229503
2025-04-11 03:15:00,1310.3305418681007,1315.259516072284,1307.9174311599684,1312.253464112572,8255.415656670379
2025-04-11 03:30:00,1307.1287819352037,1315.6577142811213,1304.6986185393337,1311.5353994969194,3831.549066066807
2025-04-11 03:45:00,1291.773124748774,1298.3939550355942,1287.8894868741156,1290.5049508537522,1136.5837505747188
2025-04-11 04:00:00,1292.1512424568243,1295.2646431226856,1283.1692321751652,1288.8643197457534,5492.635020729864
2025-04-11 04:15:00,1269.623005239643,1276.963567988939,1271.5325144503324,1278.2141800321594,6929.435159258377
2025-04-11 04:30:00,1262.0215000776057,1269.1467114116176,1259.2851175950689,1271.5282264780833,8055.127748067818
2025-04-11 04:45:00,1240.5094772736873,1250.2390583999186,1237.956917725991,1246.6286002455802,9450.438755224533
2025-04-11 05:00:00,1213.050614580354,1221.882498179577,1211.3341017589853,1212.744615284848,5506.9246699704245
2025-04-11 05:15:00,1182.5485497662773,1187.0674090556622,1181.410732001732,1185.2467527086362,2063.545659844174
2025-04-11 05:30:00,1162.04699079627,1166.0352746359822,1153.5717750407255,1158.138529799083,5673.964872105223
2025-04-11 05:45:00,1160.951549056329,1167.2754514307771,1156.9308188298319,1158.4655388512194,4843.429094717921
2025-04-11 06:00:00,1176.6665228335578,1185.9538923757977,1173.8680875955986,1183.4845639436355,4385.149349753217
2025-04-11 06:15:00,1222.4506671810966,1222.3629698783093,1211.592059419349,1215.2271320889276,9661.577077138902
2025-04-11 06:30:00,1195.245840827576,1205.8775470174014,1194.0773134849546,1195.9463198188687,3195.3676068543446
2025-04-11 06:45:00,1198.1606531413252,1202.7354767281781,1191.4373344932403,1199.9987824660107,247.83919839948715
2025-04-11 07:00:00,1199.2940850217312,1211.5992736817739,1199.0012221671382,1203.2704566727448,4918.806400152982
2025-04-11 07:15:00,1219.5903238223789,1219.2024299056352,1212.5148911035217,1217.2579971958583,2706.3455526712432
2025-04-11 07:30:00,1211.8169080404566,1219.6818930189224,1210.3530959152024,1210.7549475413687,5825.178439348019
2025-04-11 07:45:00,1198.4404579862608,1200.6319132282156,1188.519855870466,1194.3661181925231,7120.509860169896
2025-04-11 08:00:00,1190.0206258895976,1196.341475868365,1186.3978803116484,1196.0318334343992,8030.264254737882
2025-04-11 08:15:00,1159.0243107773852,1158.9372710634,1150.4996369409914,1157.2082079958743,6662.17390784871
2025-04-11 08:30:00,1156.6446288589834,1157.492052611595,1146.7149934726788,1157.0054101168917,2880.6930205098497
2025-04-11 08:45:00,1158.7510972993064,1161.8007616296245,1150.073743855845,1151.1347070895968,8365.40207462486
2025-04-11 09:00:00,1145.8831918875023,1155.233529882391,1148.8254552254652,1151.5690175304007,306.40489564978805
2025-04-11 09:15:00,1131.0877897543266,1138.3128450224444,1133.66122450233,1134.5192737235263,8792.37241012373
2025-04-11 09:30:00,1127.1462586572043,1136.89768850433,1122.0913757111275,1125.2099250424874,4584.400016626136
2025-04-11 09:45:00,1163.6847101285907,1170.1354092996098,1160.2349652755383,1166.75206129681,6837.21289520271
2025-04-11 10:00:00,1154.4223433065774,1158.9899460728375,1148.9127262903596,1156.7001443900747,4234.010914549952
2025-04-11 10:15:00,1182.3091068623955,1188.400932243055,1173.9458891015072,1180.2558786138522,707.3743973867608
2025-04-11 10:30:00,1172.2394492460062,1176.0836100503368,1166.7188802117223,1171.238377855543,1830.4808386811394
2025-04-11 10:45:00,1181.6989601751793,1192.0118994940062,1181.2466367645816,1184.368744823566,7905.667333367174
2025-04-11 11:00:00,1185.3525554031319,1188.4294640759806,1179.383318926802,1180.878055116518,6414.415823427516
2025-04-11 11:15:00,1155.5199584629734,1159.8707056259182,1145.7988259581753,1154.3202121265904,6413.71834816783
2025-04-11 11:30:00,1162.2379445356132,1171.2122100608779,1161.6494798444016,1163.6224430383645,8428.600433946502
2025-04-11 11:45:00,1171.3586896562695,1175.6255829452627,1169.7480789649005,1169.4790765162202,7683.505751848789
2025-04-11 12:00:00,1172.9385397339968,1176.6118413862657,1165.6937498474226,1169.6593462234177,9235.952273371608
2025-04-11 12:15:00,1166.719443378638,1164.651299779275,1157.932351920507,1159.4549315907702,9015.644023202007
2025-04-11 12:30:00,1146.1166616298813,1153.854611530306,1141.8168704323953,1148.2558564023825,8192.49031108005
2025-04-11 12:45:00,1136.4255125249192,1142.1680576618087,1127.7328287143766,1137.66274091722,2575.2452434343386
2025-04-11 13:00:00,1117.2402559743125,1117.5388861869908,1107.989429319816,1111.615761882978,6129.643696338216
2025-04-11 13:15:00,1119.0502897046197,1130.858517827669,1116.945433515315,1123.897372835576,6734.207918115093
2025-04-11 13:30:00,1148.3975573027603,1149.1615249294487,1140.4600039638387,1147.4950105196692,9191.183635646545
2025-04-11 13:45:00,1141.415360415356,1148.1587647752237,1139.6604465036994,1143.331434186559,4860.051410761777
2025-04-11 14:00:00,1150.8860709489863,1154.4329699107664,1146.0260509873478,1148.1102212839141,8359.747043641328
2025-04-11 14:15:00,1119.328705344481,1127.5117930611796,1115.2671857354574,1120.8274451410655,922.535925948121
2025-04-11 14:30:00,1125.498763311969,1133.9159433540892,1126.2531639190215,1126.7489179586753,469.7923351578587
2025-04-11 14:45:00,1144.481562945983,1152.080820297747,1137.7321575718956,1140.3560586788985,5236.5319598335345
2025-04-11 15:00:00,1162.5034755970155,1163.6445512550388,1154.8659752874637,1159.8582678570835,2908.2013298782263
2025-04-11 15:15:00,1191.2763648690236,1197.3634702795423,1191.3503742059215,1191.9475159965991,6440.247389403527
2025-04-11 15:30:00,1204.7202718398655,1203.7700165379313,1194.3352431649464,1206.5433698072154,6755.028741816332
2025-04-11 15:45:00,1206.4352162701337,1206.868020639208,1194.6632328312517,1204.2314296356355,8901.514923632973
2025-04-11 16:00:00,1197.5783666666098,1200.972716771794,1189.8167836495704,1191.8023936522773,6780.507997578789
2025-04-11 16:15:00,1199.9130844323502,1201.9167046793812,1190.0303115452834,1192.0622879026187,9608.165511595145
2025-04-11 16:30:00,1208.54651009747,1218.35374310897,1205.9721728900117,1211.4920048659237,4688.0111166443085
2025-04-11 16:45:00,1225.6888259530494,1233.6528769136457,1224.1916343009245,1229.1484358622076,4947.5483942021065
2025-04-11 17:00:00,1228.8586335106997,1232.056277233285,1217.4808192006817,1224.0832922361344,1116.3563657383093
2025-04-11 17:15:00,1202.1436222445457,1212.5075245238036,1199.2051032739892,1201.0043687652023,2180.3073562255677
2025-04-11 17:30:00,1192.8726940581826,1197.1566510172938,1187.6099955294014,1188.0826431752787,6985.288902735366
2025-04-11 17:45:00,1158.5331911996805,1165.5532558956124,1156.671675913656,1165.5135920327343,1679.0502731388033
2025-04-11 18:00:00,1136.5844525657412,1147.6686336810562,1137.917465737372,1142.1797664580563,9422.57778180027
2025-04-11 18:15:00,1154.298287346766,1161.0256115542702,1147.4768241114195,1155.070884686631,669.737489087822
2025-04-11 18:30:00,1176.4322506577175,1186.0314159040868,1173.953674418826,1174.7930562420322,8577.666738313743
2025-04-11 18:45:00,1176.9376351446056,1185.6557484237003,1176.7691515709996,1177.020223072491,1945.6844218698855
2025-04-11 19:00:00,1177.5388564250463,1183.321781560261,1171.2762154568632,1177.6022501033283,2554.2024322189286
2025-04-11 19:15:00,1178.4336727229163,1184.4522531028829,1173.618582129644,1174.899768523102,5839.642760316142
2025-04-11 19:30:00,1148.418372370305,1158.1608203099734,1148.6443753138362,1150.7944568579094,8124.325210507293
2025-04-11 19:45:00,1139.0830004742095,1137.895793585413,1128.1186746253184,1134.4944567362072,5646.575977034199
2025-04-11 20:00:00,1130.5182431509427,1141.5005181213703,1133.3453791615548,1133.290011363144,771.7284020036358
2025-04-11 20:15:00,1154.2643348791785,1158.0296273294255,1152.7121373001532,1153.1391109787332,9925.929733981113
2025-04-11 20:30:00,1160.6966909155317,1160.7924742315104,1153.879880833688,1156.2043379574407,7304.143878377928
2025-04-11 20:45:00,1152.8230824313985,1163.261767226895,1151.0904501388784,1157.5608645948153,7850.4683941314615
2025-04-11 21:00:00,1154.2401960276463,1166.3791307183733,1154.159098781654,1156.1910628010096,7027.381015519199
2025-04-11 21:15:00,1154.1734646720406,1158.7911019038559,1147.8862796396893,1155.6575605055593,9440.829146306893
2025-04-11 21:30:00,1148.3757873026248,1154.11925540643,1142.512386970647,1148.9023980986478,785.888626726712
2025-04-11 21:45:00,1127.507673759251,1133.4506062426346,1122.7737752228707,1121.7261763353465,702.319183975484
2025-04-11 22:00:00,1136.879087348119,1145.5166609337584,1133.803147808394,1140.604718151496,7644.8176104203185
2025-04-11 22:15:00,1150.6198382680238,1159.7898415564944,1146.850043166069,1154.479256879303,9365.58583531251
2025-04-11 22:30:00,1135.8790634167192,1139.5132826246245,1129.3542749021594,1134.532855681562,7498.742279172616
2025-04-11 22:45:00,1117.40815437326,1121.9535159255543,1111.928193673886,1110.9662631840185,3968.729433721584
2025-04-11 23:00:00,1141.7080972638876,1141.896374588719,1133.1042656656907,1140.7243978725796,627.9430052184188
2025-04-11 23:15:00,1172.2994351194175,1177.902866258911,1167.8511624219511,1173.042166669915,1765.0218832570129
2025-04-11 23:30:00,1169.2425684313187,1168.3791819437124,1159.016432118978,1161.3939092915011,9008.975473172772
2025-04-11 23:45:00,1158.8694074596178,1164.7299345103975,1151.8777999069812,1163.0191607223442,9155.32637391122
2025-04-12 00:00:00,1142.6499877850647,1144.266343663681,1135.5693175660597,1138.1209511193151,5227.411222426122
2025-04-12 00:15:00,1148.6328083119852,1154.0139846972866,1145.792019465221,1152.8162035057612,9089.897979442623
2025-04-12 00:30:00,1159.642084832455,1171.8209929064515,1159.2037224913693,1163.5945581183046,3317.7045594606875
2025-04-12 00:45:00,1189.1422976681165,1192.4531054421052,1183.31848551928,1185.8548573641385,6750.5720694245765
2025-04-12 01:00:00,1216.7868281744225,1219.1550893298245,1213.9646239795354,1218.7282155236326,7721.819064548257
2025-04-12 01:15:00,1203.5593955605184,1210.1930002505585,1200.9650295299582,1209.9404261579457,6039.855566724592
2025-04-12 01:30:00,1211.2639463082176,1223.0980511954237,1213.0047697614189,1219.0901960489125,2464.7324176113107
2025-04-12 01:45:00,1212.6498959912515,1214.2205399762142,1206.5281896297374,1212.1208533801741,5872.620058586978
2025-04-12 02:00:00,1223.106949152256,1224.5265304621162,1214.2940347365745,1218.5207833530465,6289.916168083767
2025-04-12 02:15:00,1220.614814579318,1229.0532329702266,1216.5619572902654,1216.8009327882614,7462.3622007305885
2025-04-12 02:30:00,1225.281567146013,1230.2636153689948,1217.252246975476,1219.235655890782,2611.8535247134164
2025-04-12 02:45:00,1210.7726279782512,1218.7673346760366,1207.705149882616,1207.3339568394067,4248.388008260029
2025-04-12 03:00:00,1217.171803273843,1219.9668029901154,1212.6890189257779,1213.6188926732834,8891.604974296475
2025-04-12 03:15:00,1222.2629584232593,1223.491434055916,1215.7207543981574,1217.2124073434911,735.6471880528657
2025-04-12 03:30:00,1218.0282823478467,1227.7596427894616,1215.468719268039,1216.4281298171677,450.96425295723213
2025-04-12 03:45:00,1233.332703419988,1237.765800683201,1228.0764677337845,1232.7430833725089,6456.01965514516
2025-04-12 04:00:00,1253.5173476739678,1254.3706559166685,1240.7540652508096,1251.5336163020024,6384.197868735361
2025-04-12 04:15:00,1245.645319168023,1252.9629543719275,1238.5950206977886,1243.8355479536517,9785.423641869991
2025-04-12 04:30:00,1231.7810035015482,1240.738455416897,1228.0627092068503,1232.4921733634103,433.9623822640426
2025-04-12 04:45:00,1234.4074864966362,1239.7264535497823,1227.6163222474165,1233.5805696871712,5215.299231798026
2025-04-12 05:00:00,1237.4016704763271,1240.9696967166815,1229.06949645253,1233.3362068490915,6681.485161671717
2025-04-12 05:15:00,1232.8831067642884,1236.6471769876935,1226.0627251645765,1230.149652735995,6148.756933084134
2025-04-12 05:30:00,1228.6909885759464,1236.1289725077056,1229.313433678328,1230.5827774770528,7554.9254208285765
2025-04-12 05:45:00,1242.6507768422507,1250.9689638860643,1238.3533752660685,1244.821381735172,2223.1296546916874
2025-04-12 06:00:00,1254.592421148594,1259.6813722250124,1249.3107838966312,1259.1841020036572,2514.37230978278
2025-04-12 06:15:00,1264.4435696353457,1267.799376495907,1255.4661835889235,1264.8741692403237,998.5121529242099
2025-04-12 06:30:00,1248.1080948115964,1257.6133109194727,1244.0683519165827,1250.4428744334275,779.0838218719657
2025-04-12 06:45:00,1245.452761345206,1252.0493098540326,1244.1009579000704,1248.3169961360288,7805.8871779196925
2025-04-12 07:00:00,1261.594558748188,1269.8582777684906,1259.5459904327852,1268.9128432294556,544.70714409471
2025-04-12 07:15:00,1277.7037303494624,1287.1516693515032,1276.57428181988,1284.8834934566823,7410.392807952352
2025-04-12 07:30:00,1241.9693847631354,1243.8267919410794,1231.373393152154,1241.4488370067418,7074.1713112751295
2025-04-12 07:45:00,1221.6751481411568,1229.7397977723058,1218.2705067536872,1220.0140038738339,6591.7380651851045
2025-04-12 08:00:00,1228.11471561225,1229.7766052364416,1217.1109574328736,1223.9575021454443,3777.279094246096
2025-04-12 08:15:00,1202.6708304687677,1210.428062498899,1203.7022160440288,1210.3112296629836,7254.301017717274
2025-04-12 08:30:00,1200.0089292680425,1211.6203788204284,1200.5245982992612,1207.6595299814958,7803.493060820604
2025-04-12 08:45:00,1208.900562992524,1215.271240646026,1210.2639059419482,1217.2571777607836,7962.912735797377
2025-04-12 09:00:00,1220.3118040623297,1225.601793712408,1215.1171504870433,1227.3138095872919,4449.076655951528
2025-04-12 09:15:00,1215.442952803271,1219.6717579689139,1209.638054322819,1213.8916187107839,6362.846962920372
2025-04-12 09:30:00,1200.8107858384924,1206.445197975248,1197.8576485537535,1203.3517616282356,7289.674002986724
2025-04-12 09:45:00,1223.7038610604914,1229.3120243736337,1220.2283394201518,1226.9239864083622,5679.146863394631
2025-04-12 10:00:00,1228.2088724934436,1232.1886447512031,1219.0525883189018,1226.669274057785,517.5593039138289
2025-04-12 10:15:00,1230.0720350186446,1239.9169616661654,1227.9695954619178,1231.4489192070607,8061.739854188392
2025-04-12 10:30:00,1249.60650154268,1252.7647403011601,1238.0746828543636,1244.3968327768732,3936.6977002066665
2025-04-12 10:45:00,1222.5196133015816,1230.5927808699528,1216.457963658197,1226.4671421877545,9261.334610655316
2025-04-12 11:00:00,1222.6919339128192,1227.3714942706076,1216.6379693470537,1224.2218599905304,6580.946100582547
2025-04-12 11:15:00,1241.3107663050032,1245.461290789954,1235.2151538030907,1239.7255127777498,3836.7857626737505
2025-04-12 11:30:00,1223.461657294233,1225.4257759653224,1218.2709313369112,1219.5619620642622,9684.03893083478
2025-04-12 11:45:00,1225.4950331238954,1231.2649824488947,1220.6570786495292,1223.5044813328866,2492.035634161577
2025-04-12 12:00:00,1230.9467619332158,1229.571457357884,1223.765374931947,1229.7872498074546,1880.1039482036053
2025-04-12 12:15:00,1216.0187188250652,1216.6166026169997,1207.8388404453474,1210.5968500354395,3139.0164377513524
2025-04-12 12:30:00,1192.800284651729,1197.2985617346337,1191.6008738644912,1196.6190955382033,1064.9124682072797
2025-04-12 12:45:00,1166.762417819697,1178.4770669286358,1169.166586718515,1170.5310748467325,1287.6678718033702
2025-04-12 13:00:00,1163.20636578602,1166.4073847203977,1157.125644827865,1160.6628261291107,172.67018581001713
2025-04-12 13:15:00,1164.5728936852981,1166.6203675582815,1159.1030594989843,1166.159077666036,7222.972777078023
2025-04-12 13:30:00,1141.709095290989,1147.410744524176,1140.1361191590006,1143.1752564405353,5822.736166456623
2025-04-12 13:45:00,1140.642432004514,1146.3986752625997,1139.231525974063,1139.4437630547732,1977.6536838828792
2025-04-12 14:00:00,1139.8011618792634,1150.4830037304198,1135.2662473819807,1138.6915957913009,8541.96042083451
2025-04-12 14:15:00,1128.7649025186138,1130.634961534462,1121.746653415207,1125.1207961508483,2560.267727909589
2025-04-12 14:30:00,1094.5549026279239,1104.3771852907937,1092.8146191232545,1098.2367243407384,2986.264541095077
2025-04-12 14:45:00,1104.5420409504538,1114.8292063253489,1105.0181172699097,1105.4017259861268,4142.250076196267
2025-04-12 15:00:00,1106.5300392555714,1110.69307944694,1104.2011406108322,1109.5303294524545,9658.222075339623
2025-04-12 15:15:00,1083.338030472246,1087.157499677098,1075.85312496326,1077.4410609865747,5255.875836767944
2025-04-12 15:30:00,1068.458532741547,1067.6226023484262,1061.9592800411335,1062.8334826662601,7738.513778354701
2025-04-12 15:45:00,1076.0766256873408,1078.3161308406015,1066.5866596354062,1075.0427839851038,9572.098886857908
2025-04-12 16:00:00,1069.8900378965443,1076.648634188183,1068.359451555951,1067.734718967333,3333.8990400328717
2025-04-12 16:15:00,1042.6287774622353,1045.8968061825778,1032.3848357623237,1041.6011102513553,4779.204734085774
2025-04-12 16:30:00,1040.7612917049582,1051.173115049139,1038.9752784860611,1044.3959698381454,6786.290270413009
2025-04-12 16:45:00,1045.7476142045748,1052.9687354887678,1041.717591351461,1048.4198719380222,9590.563957090859
2025-04-12 17:00:00,1016.5642004326179,1017.735759037117,1006.015767473937,1011.7630233544144,4260.083330032073
2025-04-12 17:15:00,983.6938695179452,989.8007489160136,979.3148359095567,981.4460106505641,714.2486204902702
2025-04-12 17:30:00,984.4396005318254,990.3969403330562,981.92950303315,980.943972776513,2800.7070117525473
2025-04-12 17:45:00,1007.8414771570908,1015.738028895252,1005.6317314917958,1010.04925846408,1339.8915906858572
2025-04-12 18:00:00,1011.2037312700019,1015.5561702680728,1008.5335909042793,1009.2906429140571,1398.4730710780934
2025-04-12 18:15:00,1026.104673675352,1028.8373055262857,1019.4696310485533,1029.3997024030346,578.0413077574283
2025-04-12 18:30:00,1018.1732250076427,1021.7652408143399,1011.6745860963061,1011.3356026613214,5342.348090905017
2025-04-12 18:45:00,1019.8169416271757,1023.867536852869,1016.2074695745598,1013.799618039916,7856.691339003599
2025-04-12 19:00:00,1032.313777336915,1033.142787507603,1022.8815524216498,1027.606215638678,2832.4288638664107
2025-04-12 19:15:00,1042.4558326871354,1052.4313219401538,1043.1871789185313,1044.2032639690458,456.21647076180443
2025-04-12 19:30:00,1068.7390318579635,1077.6227404986435,1066.8217100791383,1070.5362906383814,7041.194532570892
2025-04-12 19:45:00,1080.462807195422,1081.0406588396095,1069.9086549170129,1072.1948265482727,5347.082128290324
2025-04-12 20:00:00,1097.712388939723,1103.5518070806156,1088.697616828988,1095.0106623598062,2576.3552338974014
2025-04-12 20:15:00,1079.463665577705,1089.8114108127513,1074.3979582395364,1078.4518415343668,4105.792182533947
2025-04-12 20:30:00,1084.201441198427,1083.3999614345557,1076.0273528766527,1081.1008891701852,4606.8853315519345
2025-04-12 20:45:00,1067.6766520030435,1075.7855050359512,1063.1670827495668,1067.6359720358994,7951.274008513786
2025-04-12 21:00:00,1067.6257734135263,1069.5343187415347,1060.0300894489035,1063.6330629195595,4605.33412283414
2025-04-12 21:15:00,1043.3311939673263,1051.1379224668383,1039.808394757709,1040.8622544137938,9274.699635533128
2025-04-12 21:30:00,1047.477783448504,1046.7239898756197,1037.452175197918,1043.9053821330622,1936.1710522118556
2025-04-12 21:45:00,1027.8316091577913,1040.2770479535027,1026.4479959939936,1031.2498082918623,9159.872558117115
2025-04-12 22:00:00,1036.016753824763,1038.342828186506,1030.5702288284292,1032.5083203831744,681.1179355799754
2025-04-12 22:15:00,1035.821790885929,1041.0252843225503,1031.212508704979,1030.7152378545698,8121.90295730864
2025-04-12 22:30:00,1018.2785892814334,1025.5032037489714,1015.8814558972211,1019.9062129058847,5038.559917204494
2025-04-12 22:45:00,1027.3155270140023,1029.9138910133502,1022.6256060252799,1031.181891982757,2350.3887085541696
2025-04-12 23:00:00,1030.1487533235597,1029.835471923973,1021.7270976469626,1022.7537152427763,8504.542123929736
2025-04-12 23:15:00,1045.3811042885,1047.7505463797834,1034.7117180008875,1044.6179018646478,2701.3157168807843
2025-04-12 23:30:00,1045.8818844549417,1050.0230780321615,1040.285553850139,1045.0046136282601,170.2086247130653
2025-04-12 23:45:00,1067.354154131926,1072.477466353231,1063.5016770368318,1063.3344972170187,5977.708327172923
2025-04-13 00:00:00,1055.6418399163153,1057.6186075540822,1049.17884766131,1053.5962507967035,3720.084369109036
2025-04-13 00:15:00,1012.4314433374851,1022.5457760690056,1009.3565076305791,1016.6919861354654,4346.944695490242
2025-04-13 00:30:00,1040.3350492387528,1048.8760447428983,1040.1170028632728,1048.8725180974084,3321.3978850434733
2025-04-13 00:45:00,1044.86599568982,1053.642644815606,1040.2349906073566,1049.5747150121294,7119.569948979712
2025-04-13 01:00:00,1042.924974502804,1050.93639289881,1036.355348590659,1045.33385254418,8922.245978368224
2025-04-13 01:15:00,1047.0738860884662,1052.322406786315,1039.9917360519505,1048.710185249808,4308.335426799642
2025-04-13 01:30:00,1072.06012118233,1072.9905483986,1062.197306877242,1063.9421064401504,1591.6215434755977
2025-04-13 01:45:00,1056.88497413254,1063.6450024000578,1055.2245102310096,1054.2517986407013,8562.730110143735
2025-04-13 02:00:00,1055.729068058013,1061.4662963239098,1048.9001854745156,1058.083328462084,6649.601438114274
2025-04-13 02:15:00,1061.3990616484043,1066.8786122292058,1060.5674596327244,1058.7365116485882,9017.86167590723
2025-04-13 02:30:00,1060.215363255316,1065.2319273088858,1055.832601294999,1061.516121007448,2325.405932753183
2025-04-13 02:45:00,1078.2834652414406,1085.4283762496875,1074.5270884512129,1078.2205216398759,1322.1030861811828
2025-04-13 03:00:00,1073.4258257276956,1077.8370464377026,1073.1959080738984,1073.171398236414,4112.241284448171
2025-04-13 03:15:00,1064.00727625731,1063.1776832254288,1056.486483600203,1057.969208049711,7052.582471041558
2025-04-13 03:30:00,1059.3482564983126,1058.9522657438279,1050.2658729037455,1058.2689008373336,994.4392262407397
2025-04-13 03:45:00,1066.1979433511485,1066.4299574430797,1060.041741239136,1058.878783134363,3598.9360367676145
2025-04-13 04:00:00,1056.4298832381787,1063.540923223632,1053.8530565230628,1052.9289560797226,9146.403001813414
2025-04-13 04:15:00,1061.9003260146221,1070.403661015324,1060.031634680287,1062.6465328364643,2999.326713180416
2025-04-13 04:30:00,1047.5456113218443,1051.32985880105,1043.3853879726055,1049.1349981830872,2976.865275620579
2025-04-13 04:45:00,1052.8387747257354,1058.5306059623153,1048.3003700217396,1054.4858031428116,9841.626929778511
2025-04-13 05:00:00,1065.8466687857037,1073.2886492336174,1061.4087649663709,1066.2782177667746,6943.783720101315
2025-04-13 05:15:00,1076.918007244372,1077.6350815901314,1068.8635468444293,1077.5431687818336,3681.9438823116784
2025-04-13 05:30:00,1076.6431277779955,1085.568338696256,1076.4967582911004,1078.5114461106627,9282.498733024244
2025-04-13 05:45:00,1065.0615345444967,1067.6472621545684,1057.9229860624168,1059.3714620801204,8194.375217740198
2025-04-13 06:00:00,1094.9464895059787,1095.174169358657,1089.4133291493108,1096.3551683969938,9908.121458512096
2025-04-13 06:15:00,1084.2471654656263,1091.2200394035337,1085.7567184400314,1085.1753416586903,6569.614622734575
2025-04-13 06:30:00,1083.0377525699919,1084.577983854243,1072.671269383446,1081.1851817611623,3584.300131339597
2025-04-13 06:45:00,1069.0081570507675,1076.5987347607077,1067.7492103084182,1072.693871682654,8901.486424390832
2025-04-13 07:00:00,1098.6713964837336,1103.4730711529528,1095.1389635290834,1100.3954147587476,8279.540961408344
2025-04-13 07:15:00,1097.9762847281609,1108.0622950533966,1098.3475219479371,1103.4491520160504,7863.806331497129
2025-04-13 07:30:00,1104.059004753641,1110.9135558201451,1101.359561512632,1105.1993459933447,6864.865315756633
2025-04-13 07:45:00,1109.1118003981803,1112.4545434470751,1098.3454277551737,1106.549400025414,3527.087518879218
2025-04-13 08:00:00,1105.783994867621,1111.6531706204596,1102.3071900548578,1104.2122675405603,5156.789623128203
2025-04-13 08:15:00,1110.0209138144264,1120.7323429986195,1112.1227795035982,1109.5100545966127,2037.191789165746
2025-04-13 08:30:00,1087.492770670595,1092.4525249284493,1081.8616320708566,1089.6147452844684,4002.987984993673
2025-04-13 08:45:00,1083.5264173854525,1090.8485161014344,1079.72971077304,1082.0719590627994,420.7520923544603
2025-04-13 09:00:00,1081.457530415858,1087.314057710318,1080.2762410778803,1083.6613734479379,6828.357137487663
2025-04-13 09:15:00,1101.2450772343382,1100.973843709786,1095.5987568476169,1101.3774522951405,181.10674223851552
2025-04-13 09:30:00,1128.4389001260488,1126.5276283456187,1121.2163620649212,1122.90402819601,4292.1072009996415
2025-04-13 09:45:00,1122.045267162379,1127.6969163205522,1121.3489865494691,1128.5396195886692,2008.1186229918512
2025-04-13 10:00:00,1119.414808586922,1127.3951953026806,1119.7608462900673,1120.9869182224163,2140.251461914024
2025-04-13 10:15:00,1116.0932175927032,1117.178985901327,1106.534180246318,1114.0055118610846,9449.951060750596
2025-04-13 10:30:00,1116.145982373982,1116.7671362477042,1107.124249230294,1110.2793594929733,3929.5856169698113
2025-04-13 10:45:00,1112.6010695618031,1119.8704795030224,1114.1441200193306,1117.613870488266,3866.978545801964
2025-04-13 11:00:00,1101.486616623564,1108.1793593548769,1101.1622880995606,1102.2187515054763,7980.14271237221
2025-04-13 11:15:00,1122.4063305026025,1124.4021434749898,1114.268289995108,1114.4617812205868,229.27159243335694
2025-04-13 11:30:00,1122.1746997240896,1121.1812763054097,1115.5270095992053,1120.6771238042236,8679.187416291308
2025-04-13 11:45:00,1138.3664688482374,1145.1938753662723,1134.8702715205845,1135.2948849650143,6440.147579739237
2025-04-13 12:00:00,1128.2601484836605,1135.8683725734525,1121.8065097178087,1133.954060617652,7850.452166752931
2025-04-13 12:15:00,1105.9905778742852,1110.412128586809,1101.0329790288686,1099.8289466257906,209.40075767973772
2025-04-13 12:30:00,1109.1695026893383,1114.1616240503427,1108.2499564468155,1111.809310341874,2681.904166286007
2025-04-13 12:45:00,1112.1507040959484,1120.5414514678273,1107.8728700451143,1115.535375582532,8946.302568859943
2025-04-13 13:00:00,1123.860271893384,1134.2973202027702,1125.939806645686,1129.5201844680616,294.8500192373865
2025-04-13 13:15:00,1130.428974511159,1138.3263404670683,1127.3820844883942,1129.2117294219736,8730.250569516758
2025-04-13 13:30:00,1142.497185422425,1152.5206894186852,1140.6054548235406,1142.181898301367,5849.7679126809535
2025-04-13 13:45:00,1152.107407253585,1153.0855532206183,1143.9733239888894,1151.0184110085734,8547.654704877443
2025-04-13 14:00:00,1153.3642032327618,1155.1942641866735,1144.8283191282694,1155.7193608031273,9081.650476881488
2025-04-13 14:15:00,1138.9053358458757,1149.4097018311363,1139.8087618397972,1142.052421456006,5632.772093690943
2025-04-13 14:30:00,1138.6481189555404,1143.9790924743702,1135.394970114492,1138.5730453375838,9493.383896437655
2025-04-13 14:45:00,1135.2473916076956,1133.6737436182452,1125.6532504275337,1132.4519987176675,6656.837494663532
2025-04-13 15:00:00,1137.578529237434,1146.3236150072637,1134.3839895877254,1136.7300566031745,7070.900138100982
2025-04-13 15:15:00,1140.1528466587342,1143.5962199876037,1134.6641249084869,1144.4740762257632,5048.651878934726
2025-04-13 15:30:00,1164.824359102377,1168.683669240268,1161.3438529376529,1162.3664262606471,4538.200786508402
2025-04-13 15:45:00,1145.271942044134,1154.8290236465848,1142.4567465040247,1147.9016915469704,6240.022364119104
2025-04-13 16:00:00,1161.2711693238173,1165.888306325295,1159.7564857845057,1158.3071140350387,6028.681245985549
2025-04-13 16:15:00,1148.3183546420175,1156.45908064937,1144.205951319958,1149.1173804292796,867.1766001498004
2025-04-13 16:30:00,1136.3727249225485,1143.8428111966373,1134.220415702164,1134.3907303865635,5675.584773236788
2025-04-13 16:45:00,1120.0688211897138,1126.4370791703761,1117.980732925362,1128.1246544412902,9670.656064547067
2025-04-13 17:00:00,1151.6802070889444,1156.3567478680598,1148.0376889736413,1150.4860106603835,5160.327647465428
2025-04-13 17:15:00,1153.242961400084,1154.6847829551457,1149.8012102415728,1155.9094822934894,418.5688532372337
2025-04-13 17:30:00,1178.4925319614488,1188.2476748448182,1176.2768206074463,1182.5146206686045,464.5328049810702
2025-04-13 17:45:00,1193.0624164340277,1201.9212381758891,1191.2130421668735,1194.0479114199563,3042.261486856741
2025-04-13 18:00:00,1173.5065728769848,1181.375428310486,1174.901488133469,1181.1545045320647,1033.2120729616868
2025-04-13 18:15:00,1165.6197021524638,1172.1419527619958,1162.7010306452823,1168.462272226669,4652.560430915561
2025-04-13 18:30:00,1130.7304997260237,1136.7579461620865,1122.397169797578,1133.592625702291,9721.585456364513
2025-04-13 18:45:00,1116.7783945645203,1123.4297346610822,1115.0877702042778,1117.796718615236,7013.461973583416
2025-04-13 19:00:00,1133.2943321128594,1140.3485967791373,1131.8441693111563,1135.753959350289,4825.570512761572
2025-04-13 19:15:00,1156.3361308172346,1159.3432368845702,1149.6113891131715,1152.5933517305575,2577.5331846365216
2025-04-13 19:30:00,1147.1491857601036,1147.0133999250838,1137.258247215861,1146.252378190677,940.2995441058142
2025-04-13 19:45:00,1123.4509494072497,1129.8320796992496,1118.2472169738699,1122.8471283507904,9474.564934333646
2025-04-13 20:00:00,1142.4570844665382,1141.9766178565192,1130.9297472192882,1133.9220999534064,6507.6151185576055
2025-04-13 20:15:00,1157.7570463435736,1164.00263458216,1155.061351891282,1158.7698737878227,6977.077418137155
2025-04-13 20:30:00,1145.2190515034465,1148.5572834695786,1139.237912213556,1146.3233189364528,2909.096218381009
2025-04-13 20:45:00,1114.0417058488272,1121.595610839501,1110.8748408339313,1118.078345115572,404.30643837915056
2025-04-13 21:00:00,1097.5601127022635,1105.780628932367,1095.8955666485272,1097.0843444564787,4536.420410487222
2025-04-13 21:15:00,1105.923561513694,1106.0438066240297,1096.9924222038603,1105.5621929854412,398.0189179726245
2025-04-13 21:30:00,1103.7508180758075,1115.5463192962525,1101.8797677287475,1105.0372199161645,909.4134542856659
2025-04-13 21:45:00,1113.8674645411716,1125.7643031537204,1110.7884172537724,1118.6846471060396,493.165317550321
2025-04-13 22:00:00,1104.8822870197612,1104.3369149119424,1098.3493669043307,1104.8567214630482,8998.262023241761
2025-04-13 22:15:00,1108.1464532409302,1117.3599790762032,1106.830847012215,1110.2409633723428,6757.213310684945
2025-04-13 22:30:00,1112.0388530053297,1117.4999710655788,1106.3832973033393,1112.517023549535,4164.037460196465
2025-04-13 22:45:00,1106.7051514888942,1109.7835512532947,1100.099070050359,1108.2249966430848,4384.95282218435
2025-04-13 23:00:00,1118.2243582380788,1116.290078527002,1105.9411503830288,1109.2343202984948,3372.790936818307
2025-04-13 23:15:00,1106.3400846155225,1115.3857691637413,1101.7906836790305,1111.101773089383,265.38181006041054
2025-04-13 23:30:00,1097.4239057145548,1099.8472078647042,1089.7952883291657,1098.0079131244488,9661.230639050307
2025-04-13 23:45:00,1100.354811375908,1106.1798267898112,1094.0048084777466,1100.0525541566774,2695.177447702552
2025-04-14 00:00:00,1117.2364382080598,1121.0109656873403,1109.6524202687008,1116.7924941694712,1350.9743006825286
2025-04-14 00:15:00,1138.5149118947425,1142.0540676471535,1132.8562796455653,1140.4163513889341,4048.251952141655
2025-04-14 00:30:00,1133.792035312183,1144.9146959640793,1129.7937184357136,1135.1636827292666,4815.115113955112
2025-04-14 00:45:00,1135.6326204938734,1138.99813236992,1127.9692645441214,1132.7669777547635,6806.700133697274
2025-04-14 01:00:00,1097.8351693389345,1097.7925742602154,1090.0364640495668,1099.8034442824776,4369.50573760082
2025-04-14 01:15:00,1074.8712229696778,1080.5214271853886,1069.7931567559003,1071.6125921585635,2453.486462824612
2025-04-14 01:30:00,1048.0576653802275,1059.952852144478,1044.781166983286,1053.2784096272378,2019.4742385772897
2025-04-14 01:45:00,1075.7993254140426,1084.6866712527108,1070.4887125474047,1077.304249638725,2172.3792628127985
2025-04-14 02:00:00,1098.0312491285704,1102.880323271013,1089.3755788824344,1091.764762309282,9429.867022539007
2025-04-14 02:15:00,1094.8790669920716,1103.4581238533874,1095.7694250409377,1101.0900421357906,3218.20070919384
2025-04-14 02:30:00,1092.0969919188592,1094.557480715118,1081.20112310582,1092.323505510126,4770.139259380135
2025-04-14 02:45:00,1099.8107104872388,1100.9931097568528,1088.910951622468,1091.4180757339489,2469.210471198401
2025-04-14 03:00:00,1079.1742298455333,1086.8973852926322,1077.278263410031,1081.8533310691464,7001.732282060251
2025-04-14 03:15:00,1086.3375484139558,1090.1154172480828,1080.9414416140949,1082.3911443795541,4366.412410733766
2025-04-14 03:30:00,1076.5618362221649,1080.1143265315388,1072.4072054477012,1080.9148414605274,234.01901622911595
2025-04-14 03:45:00,1070.6636677354238,1076.7243537987542,1069.3560555187885,1070.1560208383444,4731.553940051109
2025-04-14 04:00:00,1068.6113641074933,1077.7496000862443,1065.0633286860543,1073.954706513019,8232.084372112437
2025-04-14 04:15:00,1066.3513327695323,1071.7692331747758,1063.2552945592,1066.262203153529,4976.199875855572
2025-04-14 04:30:00,1078.3983499306596,1081.34955580357,1071.266132476129,1075.2333212875963,9568.606317929001
2025-04-14 04:45:00,1051.4025764210992,1059.2162329284938,1047.1219407148435,1051.618387219746,7844.5056260358315
2025-04-14 05:00:00,1066.0323919684004,1067.4289398471835,1055.792761799525,1061.7729040283411,4396.223841802511
2025-04-14 05:15:00,1051.5300965449608,1058.686257426209,1050.8929364808405,1054.4057820627884,2070.2993582065483
2025-04-14 05:30:00,1073.3665284026654,1078.149630128224,1068.6489937906397,1075.0664233887442,4038.2283615992305
2025-04-14 05:45:00,1040.5928448486166,1046.356534062937,1033.939180677337,1039.3014815510949,9379.997089661469
2025-04-14 06:00:00,1048.173715169821,1046.9926152152098,1038.2199724036147,1044.5402529256723,1343.6884467049686
2025-04-14 06:15:00,1067.0164138296484,1075.3008454500355,1063.9566200839977,1072.6826791216388,3653.479648044412
2025-04-14 06:30:00,1076.1161602536235,1084.9936082699312,1074.1084052957005,1078.1329486164677,4005.0165533598847
2025-04-14 06:45:00,1079.2579493310238,1086.5044892831963,1080.468381728516,1086.6578935424088,6564.781215922359
2025-04-14 07:00:00,1077.9368100977426,1084.9402375735249,1071.3990258549152,1075.433308603672,296.5462026429649
2025-04-14 07:15:00,1076.6112201539281,1081.1321193230299,1071.4498735326345,1082.0857387162866,9631.021463122546
2025-04-14 07:30:00,1065.908386953493,1074.0814103475327,1064.7837485408613,1072.4731967543692,998.5815944960052
2025-04-14 07:45:00,1071.1554948689932,1075.0997708783805,1067.7669990823,1068.9241896738224,9486.547404845114
2025-04-14 08:00:00,1084.0816295474503,1090.2990437951405,1082.3095414572763,1082.326664806379,2400.5780954193942
2025-04-14 08:15:00,1084.5909282922955,1089.1996612647185,1080.8234747705503,1082.355871129866,5155.5309824787655
2025-04-14 08:30:00,1109.2583062243698,1114.6655982719697,1105.353551803732,1106.534328298447,4932.296291876633
2025-04-14 08:45:00,1126.29709757774,1128.073452166854,1117.094620883486,1127.9512004149833,934.0152775838884
2025-04-14 09:00:00,1104.5253967343424,1107.9486262107941,1102.8805075920125,1109.127286607384,6972.041538139597
2025-04-14 09:15:00,1117.5674251420005,1118.3308455538372,1107.6617767030132,1114.3988196584298,9530.642081711012
2025-04-14 09:30:00,1099.365231023134,1099.9757594038267,1088.45926413234,1093.2029864134197,1667.1616219888897
2025-04-14 09:45:00,1080.1215751848956,1084.3254797200855,1073.6401734278404,1079.71563244696,8586.093844808991
2025-04-14 10:00:00,1077.899521660652,1082.547053118157,1071.8686095448359,1077.906840583828,8972.887137824468
2025-04-14 10:15:00,1066.5958250686165,1066.9349114784425,1058.3812438186112,1062.9594193750233,5800.223187145374
2025-04-14 10:30:00,1079.1102916233185,1084.4033479990187,1076.8098950865772,1086.7107371726834,425.01567610618855
2025-04-14 10:45:00,1072.3419781874268,1081.5817066653583,1069.5912138745962,1069.918058716202,9859.749405540295
2025-04-14 11:00:00,1104.1347755347879,1108.9180596723768,1093.9321139941062,1100.4739755474532,4575.434928867903
2025-04-14 11:15:00,1120.7066950307021,1127.5950404136145,1119.1172133515229,1120.223324777241,6540.83709692091
2025-04-14 11:30:00,1134.3728057594187,1141.0656574093048,1136.5957154975656,1142.8982526493423,5177.318667041735
2025-04-14 11:45:00,1135.2422147289415,1139.1430356842416,1129.0991898371585,1129.1722485444038,5902.384865634321
2025-04-14 12:00:00,1146.2646795958665,1151.796835577294,1137.2295004690664,1149.6168048225984,7698.3958049396915
2025-04-14 12:15:00,1135.2836653785703,1140.0341707107414,1127.3496250357916,1130.3672287648953,1420.9159034486565
2025-04-14 12:30:00,1099.5431470955311,1106.6382601853513,1094.6368236602125,1102.3011632641083,6900.346779316506
2025-04-14 12:45:00,1098.8441576857804,1108.6797222209595,1096.1206995484065,1101.8121771645594,323.33461473546697
2025-04-14 13:00:00,1112.8565570958835,1124.9889324079095,1114.8117450274626,1116.3514914049138,669.2069426300977
2025-04-14 13:15:00,1111.4804499296624,1121.1000834793215,1109.8015712280715,1112.0216013136794,9225.618987541779
2025-04-14 13:30:00,1117.6218998038607,1127.1304136985007,1115.9427485878812,1116.394371921483,9732.857988231908
2025-04-14 13:45:00,1125.6735597071558,1136.3429388554796,1123.392345165573,1127.3722247834019,487.3826296041797
2025-04-14 14:00:00,1117.5680427366528,1119.669905594628,1113.5924082646984,1118.109843563026,1992.9407490190545
2025-04-14 14:15:00,1108.5291846469477,1115.2073202371585,1106.941041190045,1109.2579441399691,8225.014612801973
2025-04-14 14:30:00,1123.6781487503927,1129.4575262053459,1116.1408855469108,1127.480098484634,7399.739422681757
2025-04-14 14:45:00,1110.8996883662155,1114.7067234971398,1103.0734531606715,1106.9224298714696,3896.668440251427
2025-04-14 15:00:00,1107.4391744190618,1114.9192093405375,1105.0475588844697,1107.8948592196462,1238.4302043978662
2025-04-14 15:15:00,1124.7788427468129,1129.7848120398032,1116.87266599619,1125.4971984158767,9417.65803566474
2025-04-14 15:30:00,1100.0248877454408,1102.7340525034201,1094.1390232778613,1102.4096639294148,6557.923300877616
2025-04-14 15:45:00,1115.7550417147695,1119.0250213214977,1105.7959136011818,1110.6375186626794,238.13027015590689
2025-04-14 16:00:00,1103.057548417539,1106.2331567473502,1098.90298816712,1100.9782841038912,6824.540051083446
2025-04-14 16:15:00,1106.794879935659,1116.5600791576824,1103.802288832463,1106.8478013033919,6703.408682875695
2025-04-14 16:30:00,1120.9144594142567,1126.2647333690784,1114.2781830169251,1117.9175449869676,3798.3469127384265
2025-04-14 16:45:00,1116.422703592931,1124.7627961597125,1111.857538153621,1115.0983328672296,7070.710309026821
2025-04-14 17:00:00,1151.1231203401635,1154.76938975382,1147.6300882239282,1146.211168616729,9025.786707539866
2025-04-14 17:15:00,1166.7119452950653,1167.6347821129832,1159.8029469176613,1169.4367901640194,6451.999716711236
2025-04-14 17:30:00,1153.5899183494905,1162.1720113372498,1148.3423790728323,1159.222157169927,7175.578753325013
2025-04-14 17:45:00,1143.1090876907947,1148.809381586439,1138.6338599882474,1147.9905143463102,9060.541746837627
2025-04-14 18:00:00,1138.2656651238958,1144.497934593626,1135.870876197875,1145.0104571398767,6893.185246947652
2025-04-14 18:15:00,1118.8463192871786,1126.8989212329263,1116.376204139413,1117.6844325303152,2703.4203718323306
2025-04-14 18:30:00,1136.083030656548,1139.2491271425365,1131.0574102997762,1132.9513068494853,1384.9283355870757
2025-04-14 18:45:00,1128.66360365678,1137.6441469212052,1128.3874865121336,1132.8419401176905,6306.727658683272
2025-04-14 19:00:00,1133.2028090715794,1135.4949557700606,1123.0989772957719,1131.9385893433653,4054.8518619905963
2025-04-14 19:15:00,1161.2742374149666,1162.2661761459015,1153.3858606605104,1156.5053556080825,978.7834249134942
2025-04-14 19:30:00,1155.6844834210265,1166.584823953664,1153.9602634555188,1155.386644110876,4245.928581456386
2025-04-14 19:45:00,1156.3518462750048,1156.8232484359323,1149.9194035231424,1150.2943067309673,2517.8377274488344
2025-04-14 20:00:00,1130.9607801397187,1143.127033081845,1131.0997027516084,1137.8203390396723,1555.382029435744
2025-04-14 20:15:00,1146.2539045789251,1153.4901908505296,1146.2160870079717,1149.5579091688976,936.892275193239
2025-04-14 20:30:00,1143.3646517720124,1147.92153018304,1133.1879827217567,1143.9695556881697,458.3872091757
2025-04-14 20:45:00,1148.1653565963488,1159.5597914284147,1144.5142813529062,1153.6231711085911,3436.8229172998635
2025-04-14 21:00:00,1143.2378476129077,1149.507623854056,1138.3677857466103,1145.5355615147246,8193.581384020079
2025-04-14 21:15:00,1131.4221073512786,1137.5979644319036,1122.8805590156044,1129.2963576348682,1468.4549348391595
2025-04-14 21:30:00,1119.4895847077212,1122.1818464431144,1111.95952077414,1119.2416241665119,7461.546652855404
2025-04-14 21:45:00,1104.2084373204873,1109.8469734097728,1095.70994113519,1103.7148378520276,9286.358187045402
2025-04-14 22:00:00,1104.9377106014063,1116.9055245295413,1104.4847132964007,1108.7791121647315,4652.07073110317
2025-04-14 22:15:00,1112.6840801969656,1119.2058600796931,1109.4131284205862,1111.0174297126762,3561.7259597154525
2025-04-14 22:30:00,1106.6685366536328,1107.3451445086223,1097.5816979607062,1107.7358008732895,4162.1466875244805
2025-04-14 22:45:00,1081.330814281974,1086.4724068964401,1076.4500455779921,1080.8155522824363,5917.821508031698
2025-04-14 23:00:00,1079.4465122039906,1086.9382873998377,1074.6276834111097,1075.9387929204208,8921.242147849423
2025-04-14 23:15:00,1059.0287744238028,1057.509243971908,1051.6043884961416,1050.6189917742379,8380.646648593083
2025-04-14 23:30:00,1053.2512126587505,1056.3357014099975,1049.3501666709124,1054.488679731943,2160.810124030375
2025-04-14 23:45:00,1056.6760887105613,1054.7191966582257,1050.2182911823393,1048.9801727704344,5474.470124901728
2025-04-15 00:00:00,1042.9588199979853,1054.0856164306806,1040.5747768003625,1043.2329868652198,7173.411226917212
2025-04-15 00:15:00,1048.3191325754608,1060.4877878623668,1049.639174330158,1051.3362520971882,1545.0455324224251
2025-04-15 00:30:00,1066.0499326903775,1067.166590613847,1055.8053272526286,1059.803210768792,3366.2334594688823
2025-04-15 00:45:00,1082.3912293950602,1082.8368774293554,1077.2769574529916,1075.7251919863909,2338.629058194987
2025-04-15 01:00:00,1097.992567444732,1099.951580415945,1088.5063157893264,1097.9868505385114,714.078330627384
2025-04-15 01:15:00,1099.6660558929707,1106.6495795118956,1094.2544107757058,1096.7207971060752,5661.417702411757
2025-04-15 01:30:00,1120.030034567639,1121.4199281424449,1112.4709710169109,1116.8011000998763,5213.810404115013
2025-04-15 01:45:00,1115.1709846588453,1117.8243837161006,1105.9565949542957,1109.7252526051095,938.3290836760391
2025-04-15 02:00:00,1133.486654305315,1134.9624419285487,1127.0324519639523,1132.1618962717548,3111.0579751171163
2025-04-15 02:15:00,1140.5449929366778,1143.1509932109086,1138.48637829509,1140.9123175000495,5301.9251075129205
2025-04-15 02:30:00,1137.7160062937492,1142.841925369184,1132.2229943932641,1136.0389477477609,7555.237890962587
2025-04-15 02:45:00,1143.771926631558,1142.0526913599244,1135.5433415443783,1137.9179650931217,6402.261797149392
2025-04-15 03:00:00,1144.9668503740195,1151.9256269659882,1143.8747708698197,1144.3640592697504,6024.173884878946
2025-04-15 03:15:00,1158.720636589651,1162.309053263577,1156.1178514445903,1153.8967521173647,9789.746721611782
2025-04-15 03:30:00,1154.306820745163,1162.0132439038969,1152.5223533807978,1154.530055121338,8658.404806177932
2025-04-15 03:45:00,1163.9484940463792,1169.3847225200088,1156.9745781686486,1161.8230963864203,2074.6596172361883
2025-04-15 04:00:00,1165.640337378943,1172.556993075622,1161.353058735631,1169.4815521627108,7077.628202519725
2025-04-15 04:15:00,1176.212335982841,1177.7853169336965,1170.4176223004808,1175.658615293552,3972.020733770103
2025-04-15 04:30:00,1166.169053466524,1172.9694707226922,1158.725370393127,1167.5932204417618,3709.9772715209083
2025-04-15 04:45:00,1168.1696596407394,1171.5091771726488,1162.1292787480925,1161.9139953220567,4219.876130823047
2025-04-15 05:00:00,1181.2772563477859,1186.825885063251,1176.9211200650846,1177.127489131396,9773.08642689876
2025-04-15 05:15:00,1131.7122618463407,1140.333600707347,1131.8538241527376,1132.3511541245034,5424.003353533505
2025-04-15 05:30:00,1144.2125541491787,1148.9637000841453,1142.3905022083568,1144.2953789626822,8384.088332141187
2025-04-15 05:45:00,1143.4500536497424,1148.5977279793376,1139.3954826705803,1145.6685703092942,2718.053798222762
2025-04-15 06:00:00,1160.3031492808755,1165.7597661968787,1155.5117185361166,1160.853670180878,7186.622483463015
2025-04-15 06:15:00,1144.350312011906,1150.2228573660213,1141.4080596347742,1149.793677856462,5680.811173139141
2025-04-15 06:30:00,1153.286501400637,1160.4701697886912,1149.3057918716233,1158.92187725669,2785.76417695998
2025-04-15 06:45:00,1182.0794119354393,1182.4651221568342,1171.6401879831121,1175.8380056778599,8172.453516465287
2025-04-15 07:00:00,1183.0550691650915,1188.6510168665961,1180.616907669582,1184.4828950464453,1992.5576867997934
2025-04-15 07:15:00,1196.4504851814233,1201.8954463029256,1189.961242219491,1194.7276051069834,7751.779090425536
2025-04-15 07:30:00,1183.1057231944174,1190.91502802197,1178.0330973126247,1181.3575739718615,840.7993713135459
2025-04-15 07:45:00,1203.7527611584812,1210.2215570642304,1200.7869978807305,1204.3475511752256,6546.119154684759
2025-04-15 08:00:00,1204.4159965631486,1206.5959709901026,1194.3865826734275,1203.5777913257994,4380.136796568596
2025-04-15 08:15:00,1205.1318050710229,1204.458657150169,1194.9998122997906,1198.0130739117853,4344.376474703265
2025-04-15 08:30:00,1196.371660050993,1196.753667741745,1188.9492179612625,1194.5522570311607,6224.855703716061
2025-04-15 08:45:00,1173.278630418762,1179.062631866913,1167.3137507727715,1174.2736489139907,5195.376271203804
2025-04-15 09:00:00,1176.6482594334411,1180.043096685446,1173.1385630620925,1174.9071642719812,2748.0609603790426
2025-04-15 09:15:00,1167.5205419070153,1172.6113433767177,1162.254676055261,1166.8631540341294,2539.4419683115666
2025-04-15 09:30:00,1149.7068350530103,1157.7627155940136,1146.1561068599842,1153.7467622955724,9100.127598882955
2025-04-15 09:45:00,1153.5025699565235,1156.0494561206096,1149.3865727140555,1156.8220464987826,2853.6003414770444
2025-04-15 10:00:00,1145.9022902540862,1152.9865546744943,1139.4688720010868,1150.3214443192653,1979.503254586113
2025-04-15 10:15:00,1154.6437158326771,1167.4503143773431,1155.7223929908641,1158.700847697135,7829.4452446432515
2025-04-15 10:30:00,1168.0151368541888,1176.2101267902256,1166.8304107374336,1167.1512747243887,3799.8317952568173
2025-04-15 10:45:00,1152.7862011081568,1153.3323813485974,1145.3459077722976,1148.3479752731137,950.5307523845383
2025-04-15 11:00:00,1127.2485911232961,1136.593349563414,1124.9741781638986,1127.8622439057426,6729.435974245023
2025-04-15 11:15:00,1140.1449491723167,1144.6013652859242,1129.2095555537326,1141.8077869083454,9725.223903267924
2025-04-15 11:30:00,1126.4704433700383,1137.4699002491564,1126.7537241516325,1126.6267058340857,304.7712733766392
2025-04-15 11:45:00,1144.2449381354647,1153.0410790148528,1140.9746891190287,1142.680178738471,2612.1155322553313
2025-04-15 12:00:00,1112.7288731148553,1119.6798338581086,1110.2039849255011,1114.517813664441,4913.668312937007
2025-04-15 12:15:00,1092.0059223030316,1100.1994632024846,1085.6202897183637,1096.3775687251573,2173.7012851639747
2025-04-15 12:30:00,1079.23153618777,1083.470911687326,1075.2051034595231,1080.3533879170564,6723.7487758698535
2025-04-15 12:45:00,1080.1883448646408,1085.8354249511658,1075.12020281041,1087.4384987882831,1341.1671807095006
2025-04-15 13:00:00,1071.7460373256738,1084.4399574634767,1068.897586829653,1077.6497250070413,6005.728399891784
2025-04-15 13:15:00,1094.5190749001497,1103.0153607373666,1093.685378516242,1097.4101317251063,6476.892039880769
2025-04-15 13:30:00,1093.8067217330452,1101.8621810480615,1086.2525661695756,1090.9625818388183,5152.229192136732
2025-04-15 13:45:00,1093.79760772414,1099.6221093717086,1092.7770801937247,1092.809326409982,9804.769677807488
2025-04-15 14:00:00,1084.5247404329314,1084.7209594299013,1077.2207010001084,1077.0589153841472,6904.836348364901
2025-04-15 14:15:00,1116.3685397758084,1127.126793571505,1112.6925092016083,1121.835248491613,8457.680583473677
2025-04-15 14:30:00,1111.8123710421269,1117.5680718675078,1108.1959684775682,1113.10848333335,7587.392725573305
2025-04-15 14:45:00,1105.284434803454,1110.3444900673892,1100.1222231421877,1103.8591641980213,8696.196912639354
2025-04-15 15:00:00,1106.2508259444107,1114.4440154846382,1100.235507188273,1111.201368893147,2790.304167930207
2025-04-15 15:15:00,1125.5443056789345,1137.8499742464446,1124.2569670327305,1129.011143322096,3783.9702092671164
2025-04-15 15:30:00,1116.7760151937084,1125.2843710177701,1115.487439914641,1121.2756697577538,1005.954456995271
2025-04-15 15:45:00,1131.888998641284,1134.7124480740883,1127.9603520815076,1130.8650341479954,3728.07947086663
2025-04-15 16:00:00,1139.0340048176824,1141.133381957565,1131.2760173533657,1134.9910317775987,6808.555384404484
2025-04-15 16:15:00,1140.6416028217611,1145.1435897460385,1131.9595677009158,1143.9449222053556,8724.858664905942
2025-04-15 16:30:00,1137.695539049319,1143.07533012619,1132.7014408666791,1133.2950235293308,1795.626363230556
2025-04-15 16:45:00,1133.3023032862015,1142.0957459740769,1128.9024255337204,1135.2471239529161,6868.958247209804
2025-04-15 17:00:00,1135.142189774317,1136.7018887014863,1131.8927476230322,1132.7595810985713,4639.288034296182
2025-04-15 17:15:00,1113.5401506451503,1114.450527196106,1104.7513007442208,1113.206629883601,3321.5086615206524
2025-04-15 17:30:00,1111.6126569493922,1116.7796641805273,1103.9082497124073,1110.740430697445,3666.95667713513
2025-04-15 17:45:00,1143.3113906936933,1146.5889943233658,1138.7578060113444,1148.3836597735294,2969.903743182821
2025-04-15 18:00:00,1107.0880442154225,1116.7161894100984,1100.8401715955877,1110.4028024213142,9472.84132339825
2025-04-15 18:15:00,1082.4703722855984,1088.3347106344852,1076.9255459001276,1078.8682133728519,2774.753713775971
2025-04-15 18:30:00,1079.2758820013637,1079.896353789078,1070.1003978540086,1077.7798612520214,1235.9601215784555
2025-04-15 18:45:00,1070.7075251503936,1078.6001993493135,1069.554034088663,1069.9891197612474,2502.550008491796
2025-04-15 19:00:00,1092.6606560973257,1094.3329964531647,1080.2929187313928,1086.198178811431,8808.462423343077
2025-04-15 19:15:00,1111.6960481379663,1112.251929781488,1103.9159724451908,1113.343433551298,5690.406427421404
2025-04-15 19:30:00,1107.5820399848426,1112.9709739824862,1106.5005623025902,1106.584841726959,938.8604136497925
2025-04-15 19:45:00,1131.9897673005516,1134.4619018244894,1124.3022866377773,1129.66673644817,9775.64183463256
2025-04-15 20:00:00,1110.3265248342836,1113.6923818604669,1104.0444019624742,1105.8186884265208,7029.726355893163
2025-04-15 20:15:00,1090.9481529961658,1092.988382973374,1085.8895941884387,1087.0843838407181,6989.979594016718
2025-04-15 20:30:00,1071.7532710348848,1078.2157179286169,1066.512083521006,1071.5717828064253,4397.970005780582
2025-04-15 20:45:00,1059.723047575094,1066.549635235161,1056.464734716076,1060.4444644912185,1986.586840661414
2025-04-15 21:00:00,1028.4598250390857,1035.2172082554512,1030.834276391181,1029.2577206152682,7359.107192333002
2025-04-15 21:15:00,1042.8747542581625,1044.9762450680746,1035.4212258634655,1037.8038886408585,3835.885815535816
2025-04-15 21:30:00,1029.0716438162526,1038.266887377724,1023.2652840940141,1034.4922820492977,9594.891124753365
2025-04-15 21:45:00,1030.7474523808316,1036.0951733334437,1025.7576440071443,1029.0259269314017,1529.5477483068933
2025-04-15 22:00:00,1052.4119180627335,1061.6793764979227,1050.4053981001537,1050.8149375085356,9531.217795143848
2025-04-15 22:15:00,1026.4981502174849,1035.8166438624744,1023.1469698686692,1033.2678790359346,2591.35698864713
2025-04-15 22:30:00,1044.2258466060414,1049.5000953199285,1036.6491977404305,1043.5180201018136,8513.17893685814
2025-04-15 22:45:00,1025.3953464317603,1034.0666280715852,1023.2899038684095,1023.6849405714634,6511.17076531892
2025-04-15 23:00:00,1039.7427634632315,1042.8993487940625,1031.3428915688144,1033.2081352026246,8185.609386397235
2025-04-15 23:15:00,1038.0472787334293,1044.530184802946,1034.5807506514316,1043.0223766266827,9670.761536397633
2025-04-15 23:30:00,1044.5183738167777,1051.2399091687114,1038.7803573144763,1043.2083356530602,2956.993910421282
2025-04-15 23:45:00,1041.360956505931,1041.257660938748,1031.4363651840558,1037.494120956473,3515.41993114884
2025-04-16 00:00:00,1040.8987125226763,1046.1675696264194,1032.3356688447009,1034.6475979091279,1435.9607795649727
2025-04-16 00:15:00,1041.4285148148751,1045.7646260447284,1034.2788701042641,1041.1761133856285,7670.8132421426035
2025-04-16 00:30:00,1036.289309931759,1038.360124413417,1032.4312474961334,1037.1999954040946,8522.876470559488
2025-04-16 00:45:00,1043.92891230386,1046.3697642142627,1037.879444283903,1040.6531099032939,1085.148935337741
2025-04-16 01:00:00,1040.2813526720063,1048.4894166317113,1035.8391870584398,1047.0428522900127,4776.632085451805
2025-04-16 01:15:00,1032.7195604210717,1038.9574807039091,1026.855772502935,1030.058663651865,8630.0108804577
2025-04-16 01:30:00,1016.7460704003053,1025.1558358448312,1012.0770156141573,1016.3256453663668,6393.517492411001
2025-04-16 01:45:00,1016.7049153189937,1020.1933377942104,1012.8262583416249,1016.5876972823896,1888.0104966363526
2025-04-16 02:00:00,996.0339652979045,997.8108558899836,990.1450164104878,992.1282065082278,4160.950476208214
2025-04-16 02:15:00,966.9733817023133,977.901019431767,969.3567662364628,970.580506003559,4933.643595360125
2025-04-16 02:30:00,950.9823123005208,956.5729421154433,944.7891090486859,950.9741622477928,9851.916162828136
2025-04-16 02:45:00,949.1818538883499,958.5980526682251,946.1672422145315,947.9429453338463,4086.512009724399
2025-04-16 03:00:00,972.1116250539629,975.2737642049968,962.7869782522873,968.6493330561328,2352.2848246663993
2025-04-16 03:15:00,947.9973769014543,953.8013765544811,943.7350781898593,948.8387025759508,2330.265692119919
2025-04-16 03:30:00,926.5661891137721,926.7574081171401,920.4933509186194,918.8174539133292,3390.537737085161
2025-04-16 03:45:00,954.009222015493,956.9827425192252,941.9104812265634,954.315249894232,1253.065641067153
2025-04-16 04:00:00,960.5945442845297,967.5144152717796,955.7829679089426,965.2420556295237,175.13557370294936
2025-04-16 04:15:00,966.0167979583437,974.9555771514617,965.2897895066284,969.8059642729955,8545.797027126007
2025-04-16 04:30:00,972.7630964335839,983.3380918487375,968.3598036577802,970.9526007805282,4435.0875044395125
2025-04-16 04:45:00,977.0685537767259,981.5337209449542,967.2688693420832,969.7079719852617,1283.081543367049
2025-04-16 05:00:00,990.4099642563876,994.4162361924673,983.0874729123294,987.2249520822697,2747.2344432151845
2025-04-16 05:15:00,989.0684455291776,990.4507618846212,983.3035708137522,987.6393775723176,8024.597382226871
2025-04-16 05:30:00,1002.7254862907338,1001.1896164571052,990.8976149173864,998.3518372146146,5882.96213528184
2025-04-16 05:45:00,998.2831880555372,1005.273823395952,996.3978848204362,1002.8728031769559,8852.984084225252
2025-04-16 06:00:00,992.706846679673,998.4852550144988,988.2368484629962,994.5585327157005,2446.8708827442447
2025-04-16 06:15:00,982.4966846533226,980.3182027148746,973.197709380077,973.7452758730701,6421.561323625639
2025-04-16 06:30:00,984.7114946092354,984.11096671607,976.6627539124441,980.72187027397,3750.57920840655
2025-04-16 06:45:00,1000.6504287369794,1012.0115616822558,998.7888318675417,1005.9810710317979,5988.441561716762
2025-04-16 07:00:00,997.9059233260099,1000.5487792070993,988.9693202859644,996.6501535887392,5453.454411133688
2025-04-16 07:15:00,988.0032799208935,988.6514033796443,978.6225829630268,986.8310862243055,6844.848601059845
2025-04-16 07:30:00,965.8438286074719,971.2597607889792,960.1828721515326,971.4778516120717,1005.0103868010351
2025-04-16 07:45:00,980.6958950501019,988.5160020523222,977.216963294761,978.4491875763125,8473.4726320174
2025-04-16 08:00:00,959.063219830582,966.4703689537556,954.9486415173191,960.1561768634427,9397.51381657837
2025-04-16 08:15:00,949.3173469830879,954.627149988369,945.6913550166512,948.3468509344201,1949.3214652060485
2025-04-16 08:30:00,961.6320953073607,967.233794873972,962.0081338045449,964.9696101617661,6757.651543954391
2025-04-16 08:45:00,982.0455932872744,982.9490928719129,972.3237930722156,975.1581313006207,1385.2542537191823
2025-04-16 09:00:00,986.4032303574929,994.5681518681629,980.6018362638491,993.4182249804852,6659.346048649877
2025-04-16 09:15:00,978.5292026560293,983.6406135219257,969.8842353968026,976.7557611558249,6043.583113210957
2025-04-16 09:30:00,989.9445292699263,992.7775515019113,981.927028401238,986.7025311330289,3623.0933214623733
2025-04-16 09:45:00,975.5677018247457,981.6221327265771,974.2101836815333,973.8640039252577,3024.510231757354
2025-04-16 10:00:00,984.5248091875101,987.5826658596244,975.4417620973865,982.7132213319194,5667.94765724833
2025-04-16 10:15:00,976.867930452141,982.3742753206417,970.8040553373768,974.3248562862403,4985.675461276155
2025-04-16 10:30:00,956.2864294265307,966.7333685425701,952.1943473611473,962.7770269464052,4080.666204727695
2025-04-16 10:45:00,934.016198944638,943.1573933071274,929.3936748615621,933.5252365654526,5909.03902313175
2025-04-16 11:00:00,941.3837668566957,941.9633184692399,935.3502936760559,939.1775828834394,4586.458638452334
2025-04-16 11:15:00,955.5073473416355,955.9293630670762,947.5691615557349,955.8423513064149,2844.4866119678304
2025-04-16 11:30:00,962.7107596220707,968.5102508658209,957.1092889337525,958.6890016970964,1396.3572164382392
2025-04-16 11:45:00,992.6538841855386,1000.215845402177,990.847291759705,998.3164965687798,5794.338270048231
2025-04-16 12:00:00,981.0454884374122,981.9099947699355,977.6119761744835,980.3693024866485,5830.835003343541
2025-04-16 12:15:00,972.5142770573135,977.2172663518259,963.200425779843,965.2707517158651,8062.921985858101
2025-04-16 12:30:00,937.6785104363036,942.751947592746,935.5401347499727,933.9763298420132,5373.854232295294
2025-04-16 12:45:00,921.524800927639,929.319407728819,918.621422066688,927.96046110392,2147.7264423283686
2025-04-16 13:00:00,935.5526282022639,940.2333548282346,926.095856457478,935.9443155106736,9002.7036750008
2025-04-16 13:15:00,929.1610612428801,939.9026396535729,925.8312148946849,932.773117058939,9160.186708378284
2025-04-16 13:30:00,922.5388301039113,930.2260648438072,915.055369897622,926.8731296942996,5330.201753863241
2025-04-16 13:45:00,929.4386841061857,936.8911543720872,924.6879779665,934.0897953489161,7472.634028232702
2025-04-16 14:00:00,944.662321870778,948.1535550320358,937.3103505496316,938.5664349427457,5006.3749584379975
2025-04-16 14:15:00,941.0884671242547,951.2190533614104,939.6643733968488,941.9566125356978,3897.32038428838
2025-04-16 14:30:00,956.2942315040586,960.7755578041944,945.2880771101818,950.5909687784426,4846.08350349222
2025-04-16 14:45:00,946.9931470485972,951.963586336702,942.6798147693271,946.6641024152256,2644.2086014984775
2025-04-16 15:00:00,952.4459876528582,956.556067350634,950.7375155973368,951.5150904840532,8588.35067177529
2025-04-16 15:15:00,945.1509936641262,948.732861438742,940.2339357082947,947.5706514272451,9035.032367464772
2025-04-16 15:30:00,913.8927206338273,920.0059732822947,909.7831095215448,920.6645904348613,1479.8329300605217
2025-04-16 15:45:00,929.3904327948275,927.4044536730115,919.6217208210837,921.5901847998746,1085.2486048020878
2025-04-16 16:00:00,922.08521075902,927.5815990536419,919.3555234072696,916.8887412291457,1562.3567423194072
2025-04-16 16:15:00,940.7899646660077,949.5917740532019,938.4249739358183,942.3677531579946,4382.445609916463
2025-04-16 16:30:00,941.7828487787087,946.3687335877823,934.5647173237465,941.911425440856,2388.7588095355745
2025-04-16 16:45:00,943.4038700809642,944.7226872288952,936.0608805488173,942.2487065439478,9467.681161087048
2025-04-16 17:00:00,946.0091623154146,948.9493100540624,936.5227241130299,946.9683790088751,110.9790147543721
2025-04-16 17:15:00,941.285556362451,944.6216966385857,935.8749992712648,941.794899517155,7059.2195187221505
2025-04-16 17:30:00,948.1324990305652,950.1678336794151,945.5409990472634,944.4379575215358,6087.02036839539
2025-04-16 17:45:00,953.1542108722963,959.1434761993773,949.8395942746641,951.814227289596,3904.987527815985
2025-04-16 18:00:00,946.1138910980198,954.5014521621192,940.7520104727058,950.0935234185108,7006.096645704628
2025-04-16 18:15:00,927.660924845812,930.2591431336742,916.5850395763096,920.2393304274312,6306.834896597512
2025-04-16 18:30:00,948.081157586055,951.0755410700965,942.940354276932,945.9085052218666,8813.216704555301
2025-04-16 18:45:00,976.5789388410183,985.9465018223402,974.1530063073307,982.8546973839577,9867.683970883118
2025-04-16 19:00:00,992.2635940622964,998.7559248515366,985.2543743981341,987.2778682935818,7778.048712123799
2025-04-16 19:15:00,976.4729346388136,977.7995836481763,968.374458493874,974.8308978539164,6407.16876572214
2025-04-16 19:30:00,954.3286369351262,964.7760072702999,951.1015949184865,958.4325341704928,1016.8664831450914
2025-04-16 19:45:00,962.8247406213072,961.9678054498332,955.9343000775708,958.9513796995886,486.74891481361794
2025-04-16 20:00:00,952.2693611064051,954.5814270992673,945.3448587701764,944.5067880151036,9856.017164033618
2025-04-16 20:15:00,971.3027563868179,971.3455869479783,961.0498462391648,971.3078421161094,404.97948279748385
2025-04-16 20:30:00,955.1197856527364,953.9420199205915,947.1762730372989,949.2738612098094,6883.800455885099
2025-04-16 20:45:00,940.0951507135321,941.2734928756522,932.6506939203485,939.4950585384765,4492.218091502763
2025-04-16 21:00:00,939.5432854439308,947.9685856364467,939.306903031952,939.7726858632647,923.5664235330097
2025-04-16 21:15:00,944.1183398013649,945.5263893012803,932.6615960672806,939.2201672937092,7364.213476459304
2025-04-16 21:30:00,937.6647794102427,942.4886742441033,933.7328195775162,935.3064143566762,6816.111958014554
2025-04-16 21:45:00,956.2409147572936,957.1756057687498,945.6828768464395,956.02675186987,5700.797989760167
2025-04-16 22:00:00,985.0519647598975,987.4997654634989,976.1951644735818,981.1626947756287,2504.081895726323
2025-04-16 22:15:00,1012.5737084048452,1014.025247926577,1005.1462215712264,1011.5018172219578,1965.2765152354434
2025-04-16 22:30:00,986.7435654788959,989.1427479940581,980.0636070221719,988.2701011616861,4304.802234979665
2025-04-16 22:45:00,979.0422929783743,985.7743410812665,974.2409195466681,976.9025550205872,6256.48558931794
2025-04-16 23:00:00,977.8229472021287,984.7363478912331,978.2304794003244,980.6836374145149,884.3192001957327
2025-04-16 23:15:00,982.3851394551818,985.8384923396053,971.6733053988602,976.5314300725545,6002.52553128302
2025-04-16 23:30:00,1020.4487184278812,1023.0424741558639,1015.0534326951309,1018.9140391172425,7280.149536148542
2025-04-16 23:45:00,1029.0703752646991,1028.5378890166633,1023.4652957344234,1024.4832515584183,463.2628551383839
2025-04-17 00:00:00,1008.6343636596915,1013.6645444250789,1003.8811497284613,1012.1678358610343,5701.2825591664205
2025-04-17 00:15:00,1014.5145407951367,1024.4631922731942,1014.0218715619302,1021.2967958071459,9250.879169106624
2025-04-17 00:30:00,1008.0304003325875,1014.2953519382081,1005.5377932108156,1005.5190441188564,4058.9656363268814
2025-04-17 00:45:00,1013.1295453426263,1013.4541562386404,1007.42464279344,1012.6441276833154,1375.2797858251417
2025-04-17 01:00:00,982.4911428815647,988.3944783214608,976.8455125241105,977.4314520195016,822.5448784825275
2025-04-17 01:15:00,967.6088831285656,974.6703595342707,969.4525116945591,970.6283299648361,4909.528261275786
2025-04-17 01:30:00,972.5083622526566,976.9411126274429,968.3832842555038,969.483324676968,1097.7172807090644
2025-04-17 01:45:00,1001.2837996481385,1002.223588904324,994.3735250079037,995.7410525806724,3240.940686913243
2025-04-17 02:00:00,989.352835144224,992.9543141820833,984.1168604454236,985.4169587879456,712.1515770851079
2025-04-17 02:15:00,996.8589323347032,1006.4662442550601,997.347923149637,997.9745470070081,374.78682767398135
2025-04-17 02:30:00,988.7561755600692,995.3392924207585,987.0659058266968,988.9584866745914,8746.437232754406
2025-04-17 02:45:00,993.4183194936329,997.9725467757652,988.7064857882086,987.4487383264085,8978.301183478967
2025-04-17 03:00:00,969.8535097986426,980.824206421949,967.1653100272222,970.5794840193198,409.7576272651388
2025-04-17 03:15:00,963.7711274757726,967.7174601908771,956.5865948539462,965.798556237459,9016.982864175125
2025-04-17 03:30:00,978.201453423189,978.8837024320816,970.4103036612242,973.0291543366399,7575.594694646498
2025-04-17 03:45:00,968.0712369086,973.5484866040701,959.3706228622862,965.6377445862424,992.637541077411
2025-04-17 04:00:00,965.3990065782543,975.9416932585422,963.7832515768542,967.3222568890574,5145.371613274039
2025-04-17 04:15:00,982.7138613477605,981.6771382555645,973.0158501442343,976.95429070038,1538.7378372162736
2025-04-17 04:30:00,963.7350736746625,970.3987719284561,962.8781969557358,965.4819568991758,5448.78959296131
2025-04-17 04:45:00,987.7264011336,996.505198841083,981.5670793682835,993.876861354156,7645.857724777378
2025-04-17 05:00:00,984.1682560584482,984.4266096049262,978.9647907554132,983.0360389779124,8351.706355573546
2025-04-17 05:15:00,989.083480034658,999.5536273135925,991.0771964559998,991.0833470995198,3909.2817275134826
2025-04-17 05:30:00,983.0399239490373,987.2368562418461,977.3022706807993,977.7860393870913,4668.852251083921
2025-04-17 05:45:00,983.3081575243434,983.8246981565463,972.5658079057606,978.3084885334924,5864.072159989222
2025-04-17 06:00:00,1000.5338052399329,1003.541713357356,990.4172327510325,994.5426265798674,8764.441545931475
2025-04-17 06:15:00,1006.6209405308978,1012.3029211686854,1000.9939158333352,1008.1757915336756,4526.614941827934
2025-04-17 06:30:00,1030.9105027404019,1037.6467136722158,1023.9729673166453,1027.858127286355,7930.104850477105
2025-04-17 06:45:00,1050.933162096677,1056.8044548044252,1043.1096485423518,1048.348323923102,626.6995903569868
2025-04-17 07:00:00,1043.9675005106735,1049.7747767975316,1040.4044189934134,1040.1448416216692,6419.682261218295
2025-04-17 07:15:00,1040.0976850441725,1041.2718475022286,1034.041964144242,1040.3391889353597,9779.17479055762
2025-04-17 07:30:00,1050.8067780810807,1052.2874153026,1043.392881092369,1051.5464645414868,2155.7174231568674
2025-04-17 07:45:00,1070.1687897590502,1077.399867898918,1066.0533470262003,1071.5488112076937,5296.1949277359945
2025-04-17 08:00:00,1067.3452115258654,1070.6057108434463,1064.9425858495792,1072.6833158458915,1631.6748743945213
2025-04-17 08:15:00,1057.7383423258686,1065.6151875199737,1054.5407545062194,1061.220356585064,8113.361113145773
2025-04-17 08:30:00,1032.082318428119,1038.9094151048048,1030.4204078019018,1030.7305397221132,8591.471521011275
2025-04-17 08:45:00,1059.1053927076666,1062.3521019676411,1052.934796636847,1053.7604221226995,7872.714213561315
2025-04-17 09:00:00,1061.5540596869748,1064.7132971332926,1056.4643118193128,1059.3169187383314,2710.044673514374
2025-04-17 09:15:00,1053.1557609036,1058.466311173203,1050.4732937628546,1056.8423001636,9622.712521520774
2025-04-17 09:30:00,1059.8832764890626,1068.2899023332673,1062.1779615446328,1062.2244546461334,4758.8730258847345
2025-04-17 09:45:00,1060.2931643211439,1067.415404815757,1055.7780528311296,1060.4395362259447,8158.108022973726
2025-04-17 10:00:00,1052.161082057975,1057.0825046193804,1046.50840060536,1054.2177258451286,5970.11379705031
2025-04-17 10:15:00,1062.3141196149286,1066.5602428974662,1052.939031911354,1062.5483416131237,7283.609576871796
2025-04-17 10:30:00,1076.9739559716913,1076.8398229972872,1067.3671421069782,1077.5353324378927,3662.6162697853392
2025-04-17 10:45:00,1068.47199324355,1071.743666242117,1063.53780531386,1062.6441547355928,3200.823440449599
2025-04-17 11:00:00,1089.1161142371582,1090.1380223888632,1079.3693803654596,1088.3552167435016,7656.243321596337
2025-04-17 11:15:00,1073.3338273189881,1073.5466897159893,1066.6781055417175,1073.8560020067437,5746.707916770097
2025-04-17 11:30:00,1090.8074137656527,1091.3945908384203,1084.6073723848533,1088.168875122443,4507.801438480382
2025-04-17 11:45:00,1054.958188242824,1055.7687801498416,1046.0636258225347,1047.7862345002736,4127.215300576554
2025-04-17 12:00:00,1056.634416619199,1064.006039831288,1055.6109418353994,1059.2813678469129,1018.8836075435036
2025-04-17 12:15:00,1052.1299686556372,1061.2236714427959,1048.5593237334958,1050.0574191750015,5756.732455140075
2025-04-17 12:30:00,1036.5995288439308,1048.0954908587246,1032.5358501045728,1042.3244806042192,2046.681450749653
2025-04-17 12:45:00,1041.7871508985097,1051.1417528728405,1039.58591357726,1043.6839550652626,4277.216494808582
2025-04-17 13:00:00,1059.193054851877,1069.6088265591802,1058.507858910876,1058.2367276465545,3740.609110180787
2025-04-17 13:15:00,1066.3509286957224,1074.3308839344154,1059.9432314997366,1065.8608758085759,6291.150571405313
2025-04-17 13:30:00,1066.6261468051603,1067.5679476146022,1057.5211249222723,1067.1034927478345,2221.0387485981755
2025-04-17 13:45:00,1045.3561218289315,1049.0307442960448,1037.9920289231097,1047.4319434246604,7723.025095730874
2025-04-17 14:00:00,1045.277501935762,1054.9786262335156,1041.5893984832135,1045.3409781573514,6862.326845566193
2025-04-17 14:15:00,1021.9898192435387,1025.2173818015492,1019.1538677251496,1020.9132950986611,356.15988428159756
2025-04-17 14:30:00,1018.6309925254213,1030.8389498964143,1020.4563676395834,1020.6314109473174,3808.2658582154004
2025-04-17 14:45:00,1028.6736046926146,1029.0538842039707,1017.8715478374218,1028.2424217684943,683.3747222269687
2025-04-17 15:00:00,1020.2610302932871,1023.2342452985449,1009.8556020111632,1019.3189821045173,3164.547146903851
2025-04-17 15:15:00,1025.3503437682407,1028.8943181563286,1019.6987001884919,1023.5799270249344,5653.268823916457
2025-04-17 15:30:00,1000.109391020106,1001.2665739795557,993.2463864953329,998.6896859446958,1993.0015414973714
2025-04-17 15:45:00,1011.3255896882939,1015.560075043803,1008.5908604273959,1014.9226579903516,1691.9325918208049
2025-04-17 16:00:00,1022.1883528555976,1027.0887872873232,1017.6985041074925,1018.8202364275722,3204.1009655973494
2025-04-17 16:15:00,1057.8952802839349,1063.509838777559,1052.9473970188865,1059.418261283985,3164.163494425603
2025-04-17 16:30:00,1076.3631923178173,1078.2407750643706,1070.8026160296408,1079.4166284340608,2585.6848496960674
2025-04-17 16:45:00,1049.210930070438,1051.3246099447608,1043.7329455296049,1045.0503485353508,5764.03026374938
2025-04-17 17:00:00,1048.5478947260222,1056.9569496814381,1045.392283939355,1048.4148836732988,1235.7958838708985
2025-04-17 17:15:00,1081.0704447775202,1080.2499348764973,1073.225184920689,1080.3644539411998,1544.13301371107
2025-04-17 17:30:00,1094.0401048262866,1098.9968828109083,1086.2058192401148,1095.558585892902,7235.554319018367
2025-04-17 17:45:00,1084.9436961133595,1086.2319760276623,1079.372823498104,1084.9700095930893,8477.253653871352
2025-04-17 18:00:00,1085.4015554807206,1086.4942409571918,1074.3207779174631,1085.5276459668667,3692.35270266697
2025-04-17 18:15:00,1108.021065089008,1109.567963024348,1099.5930797268838,1100.025085290914,1444.3435435131662
2025-04-17 18:30:00,1095.0618417313801,1100.966882004796,1091.526614204241,1101.349204357289,3882.802880571026
2025-04-17 18:45:00,1099.1512182178553,1104.3442596075297,1094.015910578604,1095.7768037341573,4117.764097996447
2025-04-17 19:00:00,1102.15887935369,1108.8486048537657,1099.2181231018394,1102.175713594444,8843.363060671345
2025-04-17 19:15:00,1119.8436171186866,1128.6025530623326,1117.2855415872025,1118.2858968908374,1524.2268090218959
2025-04-17 19:30:00,1126.5538486412488,1131.290566280843,1120.6651724456558,1119.6931150096298,5820.740212568164
2025-04-17 19:45:00,1129.328118277823,1137.9472157743232,1128.5213173326897,1135.2769617073143,651.6910709623204
2025-04-17 20:00:00,1127.3956059634254,1132.6934665896292,1121.852896884774,1125.9709817293854,2268.8700005313726
2025-04-17 20:15:00,1125.6529680832878,1134.6151316096318,1124.297740295365,1129.4132250862745,1528.2060393994184
2025-04-17 20:30:00,1136.707128288053,1143.798142003712,1134.8209825835022,1141.9035337599935,9990.937867860883
2025-04-17 20:45:00,1121.6740063915086,1127.8700247358954,1118.0617071399863,1125.7690374643241,2535.7652980641606
2025-04-17 21:00:00,1108.5514716990049,1113.9036813827513,1101.4372975643967,1106.2622446098453,5182.237540145437
2025-04-17 21:15:00,1115.1093096574434,1120.1167555861198,1106.5463768373606,1114.8843403620417,9552.307944824843
2025-04-17 21:30:00,1103.635809941998,1110.2962056780223,1097.4845285288382,1108.5925770885055,1767.2175653550632
2025-04-17 21:45:00,1103.8941692768306,1102.3888709152545,1095.3309023205338,1098.6867765858137,6590.4155371598035
2025-04-17 22:00:00,1111.6858914536156,1113.5326148967438,1103.7707247477874,1107.551108872936,343.9602894298323
2025-04-17 22:15:00,1096.7708178461342,1102.9805562753581,1095.3469885598213,1098.3235717848834,2445.5433170678416
2025-04-17 22:30:00,1108.6010555684697,1115.344415119482,1101.2353927593144,1109.1201490262163,4601.626172675135
2025-04-17 22:45:00,1094.1314068277134,1102.2968474507811,1088.979875286645,1092.654658341132,5185.11509832346
2025-04-17 23:00:00,1095.7566991166468,1102.7373887917495,1091.018635367152,1091.1038686029797,6300.344012132076
2025-04-17 23:15:00,1106.8516589716576,1109.3629279109912,1098.0576515496534,1102.7613299009665,2781.476632099998
2025-04-17 23:30:00,1117.5093378274928,1128.9521041460082,1119.2809647057127,1125.5404136907296,1953.3393833019238
2025-04-17 23:45:00,1144.1031164064102,1146.4079396937482,1133.034086731876,1135.7894291213884,3652.3801485180707
2025-04-18 00:00:00,1140.4627050532508,1145.7934618960996,1133.5976879174098,1137.4288272839128,3164.4079853229905
2025-04-18 00:15:00,1120.4415429667326,1123.3265626109394,1117.3958847378735,1118.8180407373427,7167.687811418388
2025-04-18 00:30:00,1133.5184636223441,1137.4591669758563,1127.333139867566,1132.8388025038728,2797.3649067196848
2025-04-18 00:45:00,1122.8369973931547,1131.0888620647077,1120.1565876394513,1122.9748526740514,2443.870386661435
2025-04-18 01:00:00,1147.8128735083296,1152.5408654581584,1140.8720506926024,1142.8845547547899,1791.586961076071
2025-04-18 01:15:00,1134.975527484698,1142.398648240056,1137.8794380047314,1136.2540520409598,9066.154930006
2025-04-18 01:30:00,1169.0383158413615,1170.3925863701857,1160.8432997894784,1163.4932096351702,9401.040170073082
2025-04-18 01:45:00,1141.2710657114744,1151.469448638763,1138.6297033200378,1142.0932108744669,1604.3918888128442
2025-04-18 02:00:00,1160.5826311542062,1162.3771630033687,1149.1312201353899,1155.7664582354605,2941.313859350294
2025-04-18 02:15:00,1142.803945799244,1144.0685629259456,1130.8851394450471,1135.7466934532188,4361.63007582234
2025-04-18 02:30:00,1146.320210414014,1154.2933446840714,1145.0545922337656,1146.036259241969,5935.853838941983
2025-04-18 02:45:00,1120.1811976184533,1121.1471903888394,1113.0328918598268,1114.8722363140091,8968.690421870502
2025-04-18 03:00:00,1143.8041297891832,1152.7759793956031,1140.7719999472663,1143.0671114794466,7731.95080595081
2025-04-18 03:15:00,1150.5729381796355,1152.7468225960447,1142.0453143468355,1144.7522820091258,3122.093145205473
2025-04-18 03:30:00,1160.4513719368906,1165.562368048729,1152.420549848237,1162.2457490230433,1594.1831905496624
2025-04-18 03:45:00,1160.9646655171832,1162.136052820232,1150.0689111435381,1158.3246040649574,2040.5130995116024
2025-04-18 04:00:00,1129.8369870254714,1133.0155425492778,1125.0082157112645,1131.1700538366592,2019.0018942744032
2025-04-18 04:15:00,1129.6178509226468,1134.2511350887191,1124.2220552201927,1132.1469384270622,2711.8613012082837
2025-04-18 04:30:00,1118.6216705221627,1125.2360065925975,1116.6533452158776,1119.0819549241664,3547.3122008404825
2025-04-18 04:45:00,1093.5335378090463,1099.3311792805473,1086.5944263731196,1090.98290962229,8848.098647998459
2025-04-18 05:00:00,1090.2666968326666,1093.3600382590078,1079.881129472787,1091.4086849321761,4820.080785508958
2025-04-18 05:15:00,1092.4840425773136,1097.772676234124,1086.6808291696664,1095.7845061713074,4094.7543190632628
2025-04-18 05:30:00,1123.731138322979,1124.524726182489,1115.6982979543006,1120.4566007799635,6675.506268848769
2025-04-18 05:45:00,1102.4219015512997,1109.074177422185,1097.8091235954275,1098.3019809432842,6417.02380691778
2025-04-18 06:00:00,1106.316978879398,1116.3955464730846,1106.915954236614,1108.4838390273922,5992.825810336439
2025-04-18 06:15:00,1092.5829440709833,1096.7520381144914,1085.454119137129,1094.2151512158841,4893.76195905896
2025-04-18 06:30:00,1089.4852971178732,1095.6831514299815,1088.566910188972,1092.018081089891,1825.1710733588714
2025-04-18 06:45:00,1105.3722566997715,1112.9735507172745,1098.2127409811362,1108.9082820137899,6355.0751652047775
2025-04-18 07:00:00,1104.793109673026,1113.9054713379167,1103.0848401425294,1110.3314680133262,3157.542942133756
2025-04-18 07:15:00,1109.5072817149482,1109.423062790276,1099.5743982471085,1100.8939516626629,9145.112966017696
2025-04-18 07:30:00,1080.9100699166293,1091.616181324727,1078.2095642484421,1086.459152186633,3277.668853956547
2025-04-18 07:45:00,1120.2713162680122,1125.900580862162,1117.3828507344679,1123.034766125862,7786.022684128772
2025-04-18 08:00:00,1134.9362927738014,1139.9244534319455,1129.0570075100727,1132.1107921597195,5772.2886594997635
2025-04-18 08:15:00,1137.2073523996985,1146.5514095755486,1136.1546716853618,1136.8127994270606,3455.0548676303015
2025-04-18 08:30:00,1109.1691527992693,1112.8827779938526,1106.020921458643,1104.5194600623902,8927.567125199275
2025-04-18 08:45:00,1107.149571935279,1111.7680005461452,1105.753466558321,1110.3622449490015,3860.188933821795
2025-04-18 09:00:00,1107.086334122955,1112.742351714497,1104.1489489707246,1109.4100804952852,2666.2302526013227
2025-04-18 09:15:00,1126.880799331596,1133.3427514685236,1120.7274939560466,1128.5487495442603,7879.566436589324
2025-04-18 09:30:00,1093.8337213564332,1100.6146782910635,1093.5471653198815,1100.2244972215806,8697.401610489915
2025-04-18 09:45:00,1114.199739784919,1112.7152665529902,1101.819573634224,1110.945715765447,9486.762911939162
2025-04-18 10:00:00,1127.8884464627297,1134.8959626973551,1125.0466466977884,1133.4625944111085,2043.0513567237726
2025-04-18 10:15:00,1119.815805111638,1124.809431350323,1114.6284507502983,1119.4688709214095,7441.365703005575
2025-04-18 10:30:00,1128.9991021521155,1135.9371094149928,1130.3404460555605,1130.2684593949837,4322.1519572922025
2025-04-18 10:45:00,1147.4501800256596,1154.5321563792977,1144.4716565703598,1151.7090895291628,2411.0248552963976
2025-04-18 11:00:00,1190.7876455858814,1191.7469323436258,1184.5789292752354,1190.8438369359255,9884.595709356086
2025-04-18 11:15:00,1176.399823727153,1181.2545028216648,1173.2705299546244,1176.6293841278134,7252.914625334434
2025-04-18 11:30:00,1174.5856867364591,1177.3572188227968,1166.325643822178,1170.1064861111456,2127.325659425903
2025-04-18 11:45:00,1150.165148189531,1155.03973348339,1145.1719584800953,1156.3747977206017,3427.7768117829937
2025-04-18 12:00:00,1134.7753541991992,1146.5942363457045,1135.2076420350088,1141.994292259164,6233.425844939294
2025-04-18 12:15:00,1150.891817787176,1153.7333266525666,1144.9242683516625,1153.340568469058,7760.530191843978
2025-04-18 12:30:00,1160.2051189412275,1162.694279318112,1151.891326032671,1159.6681628408592,2446.4570184203217
2025-04-18 12:45:00,1163.3303166149265,1171.0124470408336,1160.0173967702115,1166.8981427254705,8671.063231977832
2025-04-18 13:00:00,1168.6852891660508,1176.932178076773,1165.1237301529115,1172.8680577048706,2914.3095817173717
2025-04-18 13:15:00,1180.7557760279435,1182.0958219918691,1172.7770631145013,1175.3879585146387,2356.6347422396107
2025-04-18 13:30:00,1186.045821628677,1193.4352248045504,1181.859426448158,1190.2933493356454,9289.181323890542
2025-04-18 13:45:00,1156.848238625266,1164.613677873548,1157.9106075179284,1166.1569787099093,6837.844075067604
2025-04-18 14:00:00,1166.1565357210402,1171.951481170294,1161.6605945742863,1162.8858516018151,6855.5900127463565
2025-04-18 14:15:00,1179.800993668849,1181.0886261979656,1171.7781569399021,1173.9127166251028,4447.41645275796
2025-04-18 14:30:00,1159.7916178751993,1168.7912466691182,1155.0613278692526,1164.6715392515841,7505.473316040136
2025-04-18 14:45:00,1123.9525145317232,1131.2736087610817,1120.1292541491327,1127.4246582070423,796.316959089603
2025-04-18 15:00:00,1139.2150507460497,1139.39704536148,1130.2174544537204,1132.2367022828296,9159.988495653653
2025-04-18 15:15:00,1128.9118904103625,1138.2898023994492,1124.3580808383401,1133.0067035305767,4808.3461353258745
2025-04-18 15:30:00,1141.7575446186786,1142.2657248799924,1134.4436724560358,1142.8465218850004,3301.3561812664475
2025-04-18 15:45:00,1163.0326500596236,1169.4204813911579,1154.8054106501922,1166.548685800663,7871.85363597963
2025-04-18 16:00:00,1168.9747299811654,1173.6902606087806,1168.9139612153892,1173.9140090874332,1221.0721473122685
2025-04-18 16:15:00,1163.6776010687659,1168.13973509531,1161.6991335663263,1168.0395286388596,5019.260318694096
2025-04-18 16:30:00,1164.0533852249691,1166.9727196571998,1159.5039616106674,1163.3727515913115,3254.8685508102462
2025-04-18 16:45:00,1165.8666640101596,1167.2152401603003,1156.0518745643162,1160.6141547052955,4641.60829576874
2025-04-18 17:00:00,1165.9965493769128,1168.4787244268005,1156.649277982245,1159.1096358696122,9230.335102944586
2025-04-18 17:15:00,1187.407811996501,1192.3050704289028,1181.5392627216766,1181.9275482773135,4939.754756516297
2025-04-18 17:30:00,1192.0817939891124,1196.1810303476952,1185.7707251820134,1186.8263232880915,1201.5055914587604
2025-04-18 17:45:00,1186.906526972941,1192.5547688838592,1182.2233619794656,1189.8554030992668,1475.8504234135353
2025-04-18 18:00:00,1205.8178747369889,1215.9746009494077,1205.6115438528143,1207.8044434855237,4515.328026152691
2025-04-18 18:15:00,1193.4946153287858,1204.9264922609611,1189.4334986612964,1200.0704664058726,8275.939161339922
2025-04-18 18:30:00,1172.34138157455,1173.4699319872452,1167.4061563222167,1167.8426807626863,1035.7755336937103
2025-04-18 18:45:00,1182.1345076703449,1188.6290994924657,1180.470198573251,1185.3870667910614,5653.020559166573
2025-04-18 19:00:00,1179.7795324387298,1188.2150971751573,1178.3026034354677,1180.4329055388696,4691.528003312322
2025-04-18 19:15:00,1162.2497663972513,1165.9641490431516,1153.926152814014,1161.1449489732342,4733.497335664427
2025-04-18 19:30:00,1145.1507641053186,1152.2473404688812,1147.7687774230137,1152.9410568759004,4888.581327164681
2025-04-18 19:45:00,1142.6020409585733,1152.8391652752105,1138.8452823637735,1143.5698041915866,3431.2755769097416
2025-04-18 20:00:00,1158.4412375326417,1167.8492177324645,1154.8557574725994,1166.0568043032779,2289.629457632356
2025-04-18 20:15:00,1166.157606170735,1176.009157425494,1162.0601587812973,1168.1954443911093,513.9834825927815
2025-04-18 20:30:00,1160.136819684278,1166.5949253003007,1160.1904722040085,1162.627908918509,7342.5507441594145
2025-04-18 20:45:00,1157.068128970584,1164.2067403710976,1155.8293990115708,1154.8775339484378,8465.305132000736
2025-04-18 21:00:00,1132.9926483036477,1136.6507308294388,1130.764018663894,1137.4496206275537,1756.3080538351394
2025-04-18 21:15:00,1156.8820301565347,1156.4251228783885,1146.6886304287675,1151.974305139078,5213.1526703177
2025-04-18 21:30:00,1163.5012399237291,1164.7244196478389,1152.37100226041,1155.2894397853747,2703.5905527631157
2025-04-18 21:45:00,1189.7478238013036,1194.0425990835615,1182.7979599334374,1186.981811609953,5145.626093066947
2025-04-18 22:00:00,1172.762984817397,1173.7546562000598,1168.65456806263,1167.3824008008178,4612.630897799437
2025-04-18 22:15:00,1163.9312124918542,1167.1020084034913,1158.8978290418197,1162.0893809494974,6614.547111925809
2025-04-18 22:30:00,1159.3858334695985,1166.5988515861754,1159.2371985524735,1165.3223094362575,8460.583257115479
2025-04-18 22:45:00,1137.601227266048,1137.5187741700831,1131.63093388287,1138.6504583338376,2172.1300232611406
2025-04-18 23:00:00,1158.7151445222898,1164.1865662615562,1157.6457485611354,1161.2912931562369,5264.1539763551455
2025-04-18 23:15:00,1168.8134970791584,1172.2183709968822,1163.4521459412963,1173.637068192012,7893.591297564469
2025-04-18 23:30:00,1137.149925054972,1141.6747991335178,1129.054707738701,1130.516805106688,8463.654233992205
2025-04-18 23:45:00,1098.5658517145139,1103.819878137552,1094.5885150153747,1094.1359850456495,2379.0576768493293
2025-04-19 00:00:00,1103.5719211414112,1108.3887542949915,1096.4561897395683,1103.9103600159058,1192.4613562196007
2025-04-19 00:15:00,1096.8988490435372,1099.2448610039498,1089.0683239606083,1096.7782328671012,8899.134931434803
2025-04-19 00:30:00,1099.0390808951586,1100.397028447357,1087.934771803655,1090.7494630641343,8922.590456015878
2025-04-19 00:45:00,1098.0574049823183,1101.2316689760232,1093.5091665114987,1096.051907152366,3582.5949414660467
2025-04-19 01:00:00,1105.183679478825,1109.2272547322434,1097.24643126627,1101.7951946476835,1017.7880691518835
2025-04-19 01:15:00,1092.834465755569,1095.7614037058659,1088.7798375829732,1094.1456534841811,3523.1571373065944
2025-04-19 01:30:00,1086.6671009722,1094.2665419550021,1083.4729037965665,1085.274578814544,3812.9425890995
2025-04-19 01:45:00,1091.9235117936696,1095.7616560429972,1085.8466736614703,1087.1328015828587,4041.9927437910046
2025-04-19 02:00:00,1081.6158094980078,1090.434543314692,1083.0763539237457,1088.9372205683337,4505.6875905849365
2025-04-19 02:15:00,1064.3600990196048,1071.359131264276,1064.851620264535,1062.8356706834,2831.6380683201387
2025-04-19 02:30:00,1063.9958777966945,1071.012168322409,1061.2589247740295,1067.5713334751797,5466.014418652721
2025-04-19 02:45:00,1077.1582288686648,1081.413258341887,1072.8169044057797,1079.2619971714703,1977.9323608453683
2025-04-19 03:00:00,1087.985225004425,1091.4782577141398,1077.678106102865,1090.1251483210606,8766.181656515137
2025-04-19 03:15:00,1058.6373750171163,1061.0429066875136,1052.0078427727508,1059.0901481685098,3833.4292643719696
2025-04-19 03:30:00,1038.7598319329556,1043.7603124173302,1030.2406673126882,1031.508803881448,3190.7939588527156
2025-04-19 03:45:00,1035.787196617168,1040.9916941832246,1033.2007433802091,1035.7736393492605,4754.293478837514
2025-04-19 04:00:00,1039.897626303801,1045.8544091514118,1037.4721866162088,1041.033678647888,1128.0177944241698
2025-04-19 04:15:00,1051.4829580578555,1060.0125204132014,1050.051841735263,1048.6667112735581,2500.1608381643905
2025-04-19 04:30:00,1043.7790594113858,1049.9178974203394,1040.6190616476804,1047.7476969633278,3729.6816455855596
2025-04-19 04:45:00,1046.0356065004025,1057.3533458556094,1047.6116455665638,1054.3781042488883,6053.7142446437765
2025-04-19 05:00:00,1037.4866698607361,1044.400233553535,1033.6985366606898,1041.095150080441,7277.791580868357
2025-04-19 05:15:00,1058.2736435810184,1057.287573116719,1048.126202903175,1058.6653593765127,4073.162648057192
2025-04-19 05:30:00,1063.2861782928226,1065.594995417595,1056.8610872386232,1064.3983186295716,2519.590813686571
2025-04-19 05:45:00,1045.3576036069835,1047.3948289455604,1038.619845248495,1039.82240759897,4249.746534354662
2025-04-19 06:00:00,1063.7522006146858,1066.043457464793,1058.925076895385,1063.3223532016443,333.5682792426504
2025-04-19 06:15:00,1050.7295396837542,1052.9439232219765,1042.5796684220322,1042.138412258155,8349.356133763562
2025-04-19 06:30:00,1047.157628019018,1048.4098444602232,1039.3675983677106,1047.0749373657266,6757.9940833894125
2025-04-19 06:45:00,1016.7322324659089,1025.3055410341233,1015.959726873139,1015.5905687626408,4502.982874306864
2025-04-19 07:00:00,1011.4551168471743,1019.6771996969081,1011.000370911103,1015.7408148916327,4100.730419287642
2025-04-19 07:15:00,1018.6382556677435,1024.4244867364039,1010.5552976889635,1014.6642861445187,4081.7975468969594
2025-04-19 07:30:00,1041.767907641946,1045.9253175031852,1037.297117341057,1040.17242378011,3627.7822433244532
2025-04-19 07:45:00,1027.430124514886,1030.1849826321818,1019.9897368589253,1025.5073102897857,8903.328457627182
2025-04-19 08:00:00,1020.5669383454992,1028.3464104764862,1018.9462052717316,1021.6982175142995,2194.9768826585973
2025-04-19 08:15:00,1022.9481039312367,1029.0653146278707,1018.335804956978,1029.042662955807,4303.660838598319
2025-04-19 08:30:00,1047.9598397187476,1052.532744091143,1039.4083301279502,1042.8237482242141,8058.397752726207
2025-04-19 08:45:00,1034.769009014125,1040.6733521394267,1031.9299982551227,1034.102512007418,6252.0120511434125
2025-04-19 09:00:00,1063.2722729001896,1070.2476062109183,1060.7004172954744,1066.9158199369895,7062.755775394576
2025-04-19 09:15:00,1059.6527275710503,1068.716985442757,1060.8782515131006,1062.9313483776177,4563.480742232256
2025-04-19 09:30:00,1080.3271019207943,1085.0196259029121,1076.554143993229,1085.0917745065492,1095.7147325789224
2025-04-19 09:45:00,1071.2519194350532,1075.5080469246495,1067.7518680635853,1074.1377490025188,1479.3669902874988
2025-04-19 10:00:00,1061.196193220125,1069.5136552334484,1062.8135544989043,1064.1972909189194,5571.503105838879
2025-04-19 10:15:00,1069.5921343108075,1079.6397696679678,1068.6101344271215,1072.655043839048,8761.521741431749
2025-04-19 10:30:00,1076.2142397324037,1082.3080196372068,1072.3425480637143,1078.9021295955636,1892.6765181322655
2025-04-19 10:45:00,1097.362553458702,1098.3751891363318,1089.7123169147378,1095.287812522351,313.9964922596947
2025-04-19 11:00:00,1110.9082147497722,1120.43068000282,1106.7618550600848,1115.2336328940312,8906.876599190902
2025-04-19 11:15:00,1142.2659606127493,1143.805439121907,1130.1395866804726,1137.687891299323,8308.221074579084
2025-04-19 11:30:00,1132.5068942409541,1135.7426023226099,1125.1259421383754,1133.6081777949494,7576.374074276375
2025-04-19 11:45:00,1122.5665459458119,1127.1065799688124,1119.130205199532,1122.7772044777378,6378.2125933625175
2025-04-19 12:00:00,1116.5501957228703,1127.5547237107216,1116.6239096750558,1124.2623146978774,8907.900127045654
2025-04-19 12:15:00,1107.2174212538773,1114.008574972842,1104.8704246661196,1107.412613689031,4811.7940530518445
2025-04-19 12:30:00,1104.1641235042368,1109.5766549114649,1098.0878182823421,1103.82259250187,825.4511874647528
2025-04-19 12:45:00,1119.4487618964913,1123.8758337853174,1116.4939785266513,1119.6312705239507,9316.486115569862
2025-04-19 13:00:00,1096.157975267517,1103.311186715557,1093.8365432273417,1104.0581234146566,5308.132543537077
2025-04-19 13:15:00,1107.217247213788,1113.7444170081824,1108.1391554609274,1112.5388694026433,5726.981875884866
2025-04-19 13:30:00,1102.8217770952922,1113.695034109193,1099.2510564583297,1110.9142126731758,423.0225878740912
2025-04-19 13:45:00,1095.50055029809,1104.8305598315671,1092.111498067454,1098.683829898941,9077.561441936821
2025-04-19 14:00:00,1084.1939303680158,1090.6252816165227,1080.8846459616125,1079.014232929708,8734.645707868396
2025-04-19 14:15:00,1076.088140088783,1075.821510246186,1070.7514642366525,1072.0972000092622,9429.051502114125
2025-04-19 14:30:00,1083.2272245243564,1085.0006956372365,1072.7967134545352,1080.4470947713623,6668.317730667187
2025-04-19 14:45:00,1088.9840573945562,1090.9961640241643,1080.561709803133,1084.8668341882803,1082.5003206656097
2025-04-19 15:00:00,1082.4874020661068,1083.3188815430503,1075.2082328769145,1077.4132277243914,9470.611395802038
2025-04-19 15:15:00,1077.0538896381604,1081.1250016741053,1069.9701526779475,1074.9825596359046,1915.664851405834
2025-04-19 15:30:00,1054.6149462362241,1065.0180209996267,1056.8815778756982,1062.1388302347777,1497.3089761840868
2025-04-19 15:45:00,1067.796976838804,1073.1004237160398,1061.3479120805769,1069.5762780715809,6340.148619919815
2025-04-19 16:00:00,1073.4314567784722,1077.339289981339,1068.1976756307151,1071.8697448916816,8752.88632646822
2025-04-19 16:15:00,1052.7828318527274,1062.9870944765241,1052.5166701885253,1052.8292374597788,8494.901455853193
2025-04-19 16:30:00,1065.9188875259372,1065.7677876031214,1055.3718905106819,1057.1733459983207,6418.270284208491
2025-04-19 16:45:00,1065.412440363757,1070.1011408094334,1062.679209331894,1070.4654922000211,5089.747407597204
2025-04-19 17:00:00,1064.1240603568556,1066.8171914687962,1058.2615542364674,1063.485320433961,4753.73378125546
2025-04-19 17:15:00,1074.733805373871,1080.9998522303465,1071.2184926260963,1075.4433465651189,5740.813142608782
2025-04-19 17:30:00,1084.19124768709,1093.3480801399821,1082.2395494784378,1085.461552942796,2472.4616231854907
2025-04-19 17:45:00,1064.1268680719722,1066.9600929230062,1055.042845520035,1058.1541159592457,4494.549748448623
2025-04-19 18:00:00,1056.0692086274419,1062.9312115678872,1048.7795352895657,1054.6256781409102,822.2258150110077
2025-04-19 18:15:00,1063.3227376388018,1073.1106138108807,1061.4984592102162,1069.9549344863296,6609.099198367238
2025-04-19 18:30:00,1058.4338520363742,1067.5840483753536,1059.4539060817608,1058.687663526224,3013.1766286643733
2025-04-19 18:45:00,1048.9964387726561,1056.4907460188385,1046.7749407232525,1054.0140068045725,3906.0828815872264
2025-04-19 19:00:00,1021.1736232943189,1020.751634190506,1012.9129442904596,1012.3690900276442,7425.2840947274235
2025-04-19 19:15:00,1013.7387339410212,1021.1636901704683,1010.4212629513358,1013.6835607894259,4019.0960255257205
2025-04-19 19:30:00,1013.6088558630529,1013.3403873624575,1003.5857070165594,1005.7926087423938,4332.6691544068335
2025-04-19 19:45:00,1014.4330556396371,1021.0629908221812,1012.5885545533124,1015.0587917785565,6927.05191487068
2025-04-19 20:00:00,980.0170938401104,988.843094501758,977.1956123459536,981.0061900904049,6869.6927888290975
2025-04-19 20:15:00,972.7775782705775,970.3823734506326,965.7914731317571,972.0911701958612,952.4363372512457
2025-04-19 20:30:00,959.4124310388434,964.0595272845778,950.5288721610825,958.8954606367697,5184.095710890449
2025-04-19 20:45:00,953.8499582454185,956.9262745690743,946.8834999372554,947.922813469457,1438.9923084625054
2025-04-19 21:00:00,951.179388417037,958.522838713538,949.7793461407522,953.0760789811416,6021.451119259106
2025-04-19 21:15:00,974.0647594050834,977.7720279122308,970.8148331770922,969.6314682963354,9542.956023955508
2025-04-19 21:30:00,987.0763980939024,994.1518395591503,982.5920344752423,992.8071092335931,5663.332009897937
2025-04-19 21:45:00,1014.2375736521234,1012.6516338405978,1004.9563250530744,1011.1859096794493,9388.045983198876
2025-04-19 22:00:00,997.7131480276375,1004.2622163879546,993.6880433947337,1000.0475760030567,3480.450158196732
2025-04-19 22:15:00,1008.4608411531992,1012.4954656570741,1001.265929242809,1009.9837775202597,2062.7643507031153
2025-04-19 22:30:00,1017.9489823020247,1021.9840468656386,1015.5614017854456,1019.8743887608341,9350.066815705468
2025-04-19 22:45:00,1012.8552701106468,1020.3310870185006,1009.4689819126415,1015.0962320371702,6270.859410343577
2025-04-19 23:00:00,1032.5117402298974,1037.670433646082,1027.1837298684516,1031.9268381625566,8125.315071657361
2025-04-19 23:15:00,1059.6726347174967,1066.7550765255844,1056.0970590778106,1061.4377811882298,5845.202845661852
2025-04-19 23:30:00,1035.1184949037647,1042.3017078721136,1030.0618061161076,1038.5519323373858,3759.569713294368
2025-04-19 23:45:00,1035.7857564501394,1040.6415960563502,1029.8124588275307,1036.687406778986,6333.099058584109
2025-04-20 00:00:00,1050.1578544882739,1054.973351930921,1043.6461933772434,1051.082110131067,1166.1164206099206
2025-04-20 00:15:00,1043.3733391282517,1043.063019729108,1033.0342963148546,1035.693121401745,6859.999460813869
2025-04-20 00:30:00,1039.2304702086612,1047.796375530527,1039.06585361665,1041.8347302560962,9507.857549531005
2025-04-20 00:45:00,1021.4783525262994,1033.053152661454,1020.8022732690428,1022.1514550113799,1742.933631801634
2025-04-20 01:00:00,1026.5905957730222,1029.5637956914916,1017.5250693560475,1025.7687901534819,8221.26511065014
2025-04-20 01:15:00,989.5101039188894,996.6510807030893,986.5315421192503,988.4476807434764,6696.512941251672
2025-04-20 01:30:00,990.0381380671041,989.8826547521971,981.3017586618515,991.5831822576738,954.312803136389
2025-04-20 01:45:00,974.1125922980414,973.8570078949967,967.3807026641006,972.5342435107151,325.73218822686056
2025-04-20 02:00:00,953.2875901318497,964.8711132619562,949.7433303333354,956.0560435472256,7405.815386386668
2025-04-20 02:15:00,952.190500798176,964.1273753780712,952.0411741587466,953.5425126990164,1689.2618025784866
2025-04-20 02:30:00,939.3645725064815,941.8226323797377,935.5946932602917,934.1921142996571,273.1447218787273
2025-04-20 02:45:00,945.5185018332362,952.0634329300938,945.1720194324361,944.5539998448064,8275.513157105492
2025-04-20 03:00:00,991.8449092890298,994.4138763921177,983.9582379621871,983.259001495171,775.706398056395
2025-04-20 03:15:00,971.9025409796822,977.2816137188173,967.3851746828145,974.3811778440293,1441.1680656209317
2025-04-20 03:30:00,970.1179533134258,971.1651988422394,963.746578476841,965.0081410765539,6064.8009066850145
2025-04-20 03:45:00,971.6068994657195,980.1395986382644,970.0246030249914,970.8493093148652,2718.211756402982
2025-04-20 04:00:00,972.4293498825426,977.779937900541,968.0416718068948,968.0758246380223,7313.416902245385
2025-04-20 04:15:00,979.8680545715412,983.1181977129282,970.8666498105159,973.9140969381032,6247.389972061521
2025-04-20 04:30:00,982.9653879014339,981.8770132969422,975.127205714489,977.2102389824934,5225.543826656998
2025-04-20 04:45:00,972.4186087937317,972.8156671562315,961.0584001275738,970.0136303057626,3929.93728869898
2025-04-20 05:00:00,966.4887938190997,970.1320407347613,961.9405377227199,966.2032562263337,2667.726202627265
2025-04-20 05:15:00,957.2035576341848,962.893484132656,956.1362944480763,961.1131053012726,1758.2699596821917
2025-04-20 05:30:00,959.2680840411497,960.1830078335413,953.1760765910931,958.942368049607,1795.5653481961683
2025-04-20 05:45:00,954.3962553810671,959.8573327793184,951.8995809279867,952.3892643244919,4093.874949466119
2025-04-20 06:00:00,930.0378014596666,930.3217154979084,922.5406099787399,923.3641084465027,867.2403842795554
2025-04-20 06:15:00,915.0211612838491,924.3458554076419,911.1041814660068,917.0865280808274,9995.457736098635
2025-04-20 06:30:00,918.7895705456815,925.6476690721457,913.6006778778312,917.8372556444224,9896.160521941956
2025-04-20 06:45:00,895.9965883831244,900.3847959015698,891.8829595466681,902.6449129764798,5577.174309619093
2025-04-20 07:00:00,905.8959071657787,916.8168819756658,902.206671585942,907.6595319023573,1720.463341694095
2025-04-20 07:15:00,925.3341627640781,926.8751970829275,922.1821960503974,921.4866032562844,9152.95823471532
2025-04-20 07:30:00,930.8716894876026,942.4060746167213,928.7130470622253,934.9412637753601,9235.778889729825
2025-04-20 07:45:00,922.685788306348,929.3643570011283,919.9687329546109,926.1254271184508,5653.696165142241
2025-04-20 08:00:00,912.0575572147039,920.2689494342239,907.0617019704716,910.9736702340215,7096.098608670094
2025-04-20 08:15:00,892.9081137262192,899.3191467845676,886.8643547016321,898.8363322306077,249.56136102019443
2025-04-20 08:30:00,879.0967326664519,887.0913313097687,875.5366578917653,875.4787341473294,9912.142317057807
2025-04-20 08:45:00,882.0878419702047,888.528051181765,876.656985970189,879.3226799814302,7745.95789406485
2025-04-20 09:00:00,902.6328101894993,906.6549674116818,894.4686826652962,899.8808397187868,2467.743692772861
2025-04-20 09:15:00,913.1411270539639,920.2996852706846,914.0362577510836,919.137586341668,5287.799823677367
2025-04-20 09:30:00,951.3980336642917,953.7074044920925,941.9712862349186,950.7470692701716,8342.611704856217
2025-04-20 09:45:00,945.0207330558127,953.1810984006466,943.8071864754954,950.558895188133,3538.936267242103
2025-04-20 10:00:00,949.2649150550824,949.109790039414,942.3778809034666,946.1345322382639,353.6512472750522
2025-04-20 10:15:00,955.0977019063862,956.0373795498144,945.1350087564304,951.0514061492246,6207.475550739079
2025-04-20 10:30:00,937.8987493396623,945.3534528100075,936.5674365488259,944.9320456832529,5660.482000340267
2025-04-20 10:45:00,959.6216537718593,968.9259081078562,956.8784322024071,965.441641448888,3177.7293232818474
2025-04-20 11:00:00,933.4939551577727,941.3486946989088,932.1324794711079,932.7563623560025,802.2959981874502
2025-04-20 11:15:00,929.4536622346432,930.7562342339257,925.9991089454005,931.5074768273905,9544.870817106495
2025-04-20 11:30:00,938.7596307221017,944.430663622945,938.70372388295,944.0383197430033,5135.9246029129645
2025-04-20 11:45:00,973.6979713025698,977.1021792346546,969.0249945543591,974.4728504310857,9873.702313016778
2025-04-20 12:00:00,962.4202417832632,969.8214460935834,959.5683647271649,965.187292683797,3475.292762015465
2025-04-20 12:15:00,978.3892678689414,985.5162130744554,977.1750228218973,981.3187708185325,7473.035951149
2025-04-20 12:30:00,996.921687528908,998.6512356956979,987.8158461968703,991.9948729101117,2071.536431818261
2025-04-20 12:45:00,982.6436732745746,985.259207755943,974.6408354529755,979.3912266670351,4793.673783155343
2025-04-20 13:00:00,991.6397977045061,996.889419540811,990.4122980044499,992.0592074253473,1360.658954660233
2025-04-20 13:15:00,1003.8192919031114,1009.8896778785783,999.1125686908233,1003.0914001872301,1940.225219645349
2025-04-20 13:30:00,1014.1515421385593,1018.5752053541516,1013.0699333387004,1016.3116796571966,7206.906414526115
2025-04-20 13:45:00,1022.8769078292165,1033.2337243675975,1019.1010519050825,1027.013609021226,7223.62916304261
2025-04-20 14:00:00,1008.1191001868995,1012.930511733527,1007.6071989384551,1010.3180086570852,7109.578030896126
2025-04-20 14:15:00,992.3699540272785,1001.002456224162,987.6188006962556,997.7127282053984,1279.1492952234255
2025-04-20 14:30:00,1014.3962347412091,1015.0893041677087,1004.0694378116689,1007.1116412505619,401.427633007103
2025-04-20 14:45:00,1015.8017944211913,1020.2148482734483,1013.4735309239018,1019.6933451359525,8597.963735171174
2025-04-20 15:00:00,1009.8608087950578,1016.8861644845447,1009.5556554665874,1009.1710318006865,9949.002794650778
2025-04-20 15:15:00,1005.8066570595805,1012.4029886146453,1007.2384159214816,1006.9194532420836,5416.309476458111
2025-04-20 15:30:00,1030.9146228875181,1035.0087882459193,1027.409462113113,1028.8694453533649,8118.481788709799
2025-04-20 15:45:00,1030.710206031507,1038.004281302409,1032.0963563327834,1039.7174942174215,8938.152718383173
2025-04-20 16:00:00,1033.2251680467484,1034.8658034854222,1023.540134965803,1033.4606141907345,4772.29959677726
2025-04-20 16:15:00,1046.0140533018675,1044.5297401746463,1034.46291305616,1037.029367140819,9261.489624379334
2025-04-20 16:30:00,1078.8081900226962,1080.4804310973645,1072.5642344745502,1081.644017549378,1039.3536070041985
2025-04-20 16:45:00,1104.0421033766813,1103.8257286617416,1092.063513594608,1098.7158598047477,837.2638751744346
2025-04-20 17:00:00,1118.7700819071163,1122.7906220828786,1114.0301121194227,1119.1927769480833,8589.798897029024
2025-04-20 17:15:00,1104.9067041712547,1108.3813576044229,1098.6781543459633,1101.324533082754,8710.226466143318
2025-04-20 17:30:00,1097.3356782818134,1103.4611898964147,1090.9421160876452,1102.005886651135,1173.0701948370963
2025-04-20 17:45:00,1072.8130703781223,1084.2070070391044,1071.0365205381338,1078.434895665172,5883.849053271008
2025-04-20 18:00:00,1088.4656610260995,1090.1421662083353,1081.4159430792522,1091.8954832136465,6489.648159350292
2025-04-20 18:15:00,1109.2328567949369,1120.683958224851,1106.056437164331,1113.155494067301,696.9896646702649
2025-04-20 18:30:00,1112.561003078119,1122.6250950311041,1112.7243470978922,1111.8997685563304,6890.506337826871
2025-04-20 18:45:00,1124.4779112101828,1130.1495521095587,1124.8065697439513,1123.6840974021272,973.9848188088943
2025-04-20 19:00:00,1136.4581838327583,1148.2180223225312,1138.2755591790878,1142.9727943032158,5615.653462202066
2025-04-20 19:15:00,1137.4206252557951,1135.6742088799022,1129.6206202162136,1137.1602110173635,1755.2767466022608
2025-04-20 19:30:00,1111.6554642611482,1112.518751929846,1099.1012486345062,1104.790085605684,2695.941152630348
2025-04-20 19:45:00,1112.8989988689625,1117.9314961833904,1108.2221035769976,1111.2369995764802,1200.3569150846356
2025-04-20 20:00:00,1105.417902067504,1113.1794551101532,1101.7502212293045,1107.7669427328042,9526.669877883533
2025-04-20 20:15:00,1139.234584291127,1147.7912598459511,1136.7113286867514,1144.7780403453453,3803.0591167548464
2025-04-20 20:30:00,1139.592911026069,1143.2140929955476,1131.4501735909755,1132.3426017236254,126.39521806440828
2025-04-20 20:45:00,1126.895060162844,1136.451857301825,1126.6220053269683,1135.3226724611843,7619.713048126622
2025-04-20 21:00:00,1135.2083194162215,1140.3607243328597,1125.6371392076062,1134.9900513707876,8466.11945693612
2025-04-20 21:15:00,1143.5992973796458,1145.8612876403624,1133.5625860735897,1141.8258743154752,9120.158317667194
2025-04-20 21:30:00,1134.8392653798924,1140.8561266519491,1132.256684261145,1139.5483256567522,5563.608473429214
2025-04-20 21:45:00,1114.9291685865273,1119.8519333032136,1107.8950404399436,1112.3703720118558,9772.12250030615
2025-04-20 22:00:00,1105.94011944037,1110.9616597816575,1105.5991120836309,1110.5388256226859,5689.566773326738
2025-04-20 22:15:00,1115.7039724111019,1124.0314818562858,1116.5790447964018,1114.0947089980666,9162.68576403079
2025-04-20 22:30:00,1121.513723882611,1131.1348844214654,1123.4089023676577,1126.805724816789,7428.707709749274
2025-04-20 22:45:00,1144.8426717454176,1144.5416404023913,1133.1373866655308,1140.2097131956696,892.5963105216966
2025-04-20 23:00:00,1149.772611034502,1152.699366589499,1139.0673667672202,1146.970330093356,2134.6348485427575
2025-04-20 23:15:00,1127.2517118787162,1133.5769995737214,1127.9041161381433,1130.1692374175768,4102.680682115909
2025-04-20 23:30:00,1137.2529108787926,1141.104134782343,1133.5143939372267,1142.9581799498028,3938.453369481194
2025-04-20 23:45:00,1120.4565749657136,1127.8691187273494,1116.2027904455324,1122.0606216612007,789.0402299337213
2025-04-21 00:00:00,1120.8189948764998,1120.5157555419362,1111.2953095104729,1114.142460684993,2278.7768374171524
2025-04-21 00:15:00,1103.1023065207166,1109.073738329609,1099.463833350776,1106.7021179687888,5967.1474737663875
2025-04-21 00:30:00,1077.0048123566328,1087.0560468783988,1074.6466813891627,1082.047684315749,6492.869786141567
2025-04-21 00:45:00,1074.0012696484603,1075.174338874484,1068.0035613812047,1074.7157453113196,7283.291248906833
2025-04-21 01:00:00,1086.816215904541,1092.062512016195,1081.0571372433296,1082.8679374242126,2933.378375969782
2025-04-21 01:15:00,1085.463777175433,1092.585620178542,1082.469511066875,1081.9121929945795,1949.0264821599517
2025-04-21 01:30:00,1097.1376814785106,1101.0483211872247,1091.2631849030024,1094.4297077664644,7946.1104014508
2025-04-21 01:45:00,1082.535158974174,1089.6163290881086,1077.6203806156823,1084.460239149953,244.26075992422287
2025-04-21 02:00:00,1058.1919604212374,1068.6790956562002,1056.4788100671185,1058.844408082401,2504.7614453875567
2025-04-21 02:15:00,1046.4026581143285,1048.2980097552233,1040.8233797882444,1043.0224399214287,185.0879742811972
2025-04-21 02:30:00,1031.754589961696,1038.0513208791951,1024.9082617261688,1028.4177555334518,6691.769649753455
2025-04-21 02:45:00,1036.9160285546247,1037.9096573830698,1029.984894098571,1035.7077472426226,6984.1160197589315
2025-04-21 03:00:00,1024.8975426880506,1026.0330487144222,1016.0488413716023,1020.0173377963823,4585.595045095477
2025-04-21 03:15:00,1029.427739876858,1027.8278684457277,1016.8238471621937,1022.6984635768706,5837.308217059364
2025-04-21 03:30:00,1009.0604023866169,1013.3371092055605,1002.7441199957623,1012.8594798941239,1060.2975371041748
2025-04-21 03:45:00,1022.3315730878932,1029.015948530099,1016.2514556274225,1024.901051650622,8894.69457673817
2025-04-21 04:00:00,1007.7974389103085,1017.4565642289044,1004.9334735446889,1014.8114708084155,7435.783139668627
2025-04-21 04:15:00,1012.6239087046987,1023.4329614005387,1009.730787605746,1012.4308976313952,4251.248666707813
2025-04-21 04:30:00,1015.3327879865669,1024.5409640418345,1015.6866860444976,1018.6078937735846,8078.45684758222
2025-04-21 04:45:00,1021.0443512626528,1030.582054077837,1019.7479778435294,1022.2035601046156,9102.917538979023
2025-04-21 05:00:00,1017.4416990836933,1028.0904028671978,1015.0923554450228,1025.8329618358289,4449.393869230722
2025-04-21 05:15:00,1038.5672814004213,1042.2012073028754,1031.6138053785728,1033.1660462143002,615.2945424082653
2025-04-21 05:30:00,1032.0055267226173,1036.7019139101783,1023.2925137656761,1031.5229866446869,9880.593854675366
2025-04-21 05:45:00,1001.6720984033874,1008.1308251083055,999.0159526892654,1010.0276050179916,3605.934557270176
2025-04-21 06:00:00,981.9261577816618,984.8673952365643,977.7702463663,985.6101558484096,8162.002240885791
2025-04-21 06:15:00,978.8331326493443,980.2773670454015,967.9362139764972,976.405618637055,4524.6455442181295
2025-04-21 06:30:00,960.4085438411602,963.7605128084098,951.9179393560869,957.858557484036,1834.071584147895
2025-04-21 06:45:00,940.3053271610002,946.1684476975696,936.8787171339781,942.5117906993581,7277.535029008382
2025-04-21 07:00:00,954.9150684842118,954.4785189386746,948.2594040449577,950.7475583502624,9891.643357960798
2025-04-21 07:15:00,955.0495957305152,960.2332160861905,951.1704579044201,955.5488391918769,1974.1411949508617
2025-04-21 07:30:00,950.4149592396299,954.4406532075365,943.2784837364392,951.531271982589,9200.672320759133
2025-04-21 07:45:00,948.9088206397629,956.0008244669644,949.1246641992229,955.7613363557023,6949.061454650427
2025-04-21 08:00:00,966.6914267061861,975.0254673750225,960.7466317839817,972.662505060516,5006.964651175811
2025-04-21 08:15:00,980.5122718936856,984.082807552848,974.2454113764015,983.6466978604925,8917.094296186146
2025-04-21 08:30:00,982.1831319338709,984.2303439041743,974.911682819253,980.5312634954785,1480.6270842786093
2025-04-21 08:45:00,1007.3650274123503,1006.700060498482,996.570510401498,1006.1671609497653,8056.295802259307
2025-04-21 09:00:00,1014.1156903959736,1020.8487490695137,1010.4052653003322,1009.8006124220501,2012.1271727371918
2025-04-21 09:15:00,1045.2573929778598,1046.5377694260333,1036.48578676068,1045.4312659601258,8209.711909828864
2025-04-21 09:30:00,1045.8718392450537,1051.4906786401768,1040.2338194822737,1044.4068308474987,2906.231328247281
2025-04-21 09:45:00,1069.393602539845,1071.3939533035855,1063.258449174373,1068.0642193654055,7714.858733683489
2025-04-21 10:00:00,1053.877097229456,1063.1481126415824,1052.0191521139818,1056.0076067438927,8834.899369601406
2025-04-21 10:15:00,1053.9268497622136,1060.3784292175687,1048.9455520169572,1050.5397547574446,6245.610873517863
2025-04-21 10:30:00,1050.6078875343665,1054.9934320356656,1049.0606010924712,1049.9405244882764,8703.004547006309
2025-04-21 10:45:00,1034.2137719599061,1039.380931806399,1030.8357360894674,1033.106471106026,1375.75214601984
2025-04-21 11:00:00,1079.4075670066818,1077.0463166890568,1067.8784312070766,1077.322076543261,1537.8322815273252
2025-04-21 11:15:00,1085.849884058413,1096.2327125094553,1086.320127283467,1086.9759430424572,5312.90778370504
2025-04-21 11:30:00,1083.576652498004,1090.184439850214,1077.0748820688218,1087.7166919551396,3019.563467312981
2025-04-21 11:45:00,1095.8627936522018,1099.071309477405,1090.6542375261529,1099.6303066702442,9997.64238886939
2025-04-21 12:00:00,1086.8930669707854,1090.3667025716616,1078.3694349617933,1082.1275208610205,681.3141729495823
2025-04-21 12:15:00,1093.4505047878508,1095.7198090733275,1087.3890592799823,1097.3887252113966,2021.8895243444197
2025-04-21 12:30:00,1068.0103977414121,1074.2105737716033,1062.0919187671354,1066.0421521567278,5933.190057193351
2025-04-21 12:45:00,1083.8756223908529,1089.3081514696491,1080.266645037738,1086.835418034944,9119.254263668914
2025-04-21 13:00:00,1102.0552442621668,1103.1843112497945,1093.3817420209011,1103.4532701075539,196.94506281511912
2025-04-21 13:15:00,1072.9298086225986,1076.4044721568569,1066.7413592548862,1071.0682282429468,2156.5384275381243
2025-04-21 13:30:00,1072.876642578195,1080.88876385745,1069.5286347953747,1076.8191020908987,5513.017686671203
2025-04-21 13:45:00,1092.174158609227,1096.1981378253777,1086.96688569645,1087.7167062971623,5685.17315708653
2025-04-21 14:00:00,1100.2613169038325,1106.3567983547207,1090.923908282005,1098.9250789659718,7093.391427679295
2025-04-21 14:15:00,1097.3074294079427,1100.8048419990434,1085.291648712316,1093.843307033449,2444.2757830252117
2025-04-21 14:30:00,1093.4066136827655,1097.8224003870835,1087.5185912119177,1087.8833438340403,8300.802568199397
2025-04-21 14:45:00,1096.1084396994768,1100.4045284086703,1091.1466533274292,1101.256569553317,5712.314603175006
2025-04-21 15:00:00,1104.347000119181,1113.1708205189773,1103.2604524003768,1111.5737610795297,6678.792168445585
2025-04-21 15:15:00,1096.7313653854262,1099.9968658449425,1090.762936729058,1091.991973748823,4784.512005799336
2025-04-21 15:30:00,1075.7370841206812,1078.6290445846203,1065.073277456879,1070.5224947447464,3262.355269484054
2025-04-21 15:45:00,1062.0736945265865,1073.6741929105574,1062.0360371266079,1065.6222178265812,6185.969714957326
2025-04-21 16:00:00,1079.55661308657,1080.6224574222733,1071.220288406947,1078.185023805725,2146.869757752639
2025-04-21 16:15:00,1086.1525378095878,1084.91880232441,1080.3412144895174,1084.4117266393903,7104.642256221024
2025-04-21 16:30:00,1091.9439636526845,1099.7078392585513,1091.1060264578152,1096.2731453397816,2732.7246722489917
2025-04-21 16:45:00,1080.172663096547,1081.8815207639834,1072.7086382448974,1081.3097451708234,6590.128799773591
2025-04-21 17:00:00,1084.4578529548044,1093.3691057433018,1080.4245143001199,1085.1440134561333,4139.825019112373
2025-04-21 17:15:00,1081.5650671828207,1089.531092650576,1079.4466456901189,1081.6566112947482,7131.827579773846
2025-04-21 17:30:00,1094.140460308614,1094.4373291749198,1089.5510801743017,1090.5449104956303,9296.682416552738
2025-04-21 17:45:00,1090.6865198344562,1097.5432086840146,1091.3690868754297,1092.432129187711,8383.682076246248
2025-04-21 18:00:00,1117.7509058648104,1122.961379643254,1113.292151137378,1118.8858022653117,5974.058101808991
2025-04-21 18:15:00,1117.8901730188522,1119.7240592060837,1107.4407481703936,1112.9955042375889,5149.059688757994
2025-04-21 18:30:00,1133.3891261375895,1133.965864255538,1122.1170098156585,1132.5218850467832,4324.208126187313
2025-04-21 18:45:00,1152.4242764849034,1153.3576840594562,1146.3429082774255,1145.980823859709,3360.9110231010927
2025-04-21 19:00:00,1135.8401899116775,1144.1898977674573,1131.7864572427175,1136.389221046062,9226.20366840451
2025-04-21 19:15:00,1129.9901764000467,1129.6961914872616,1118.103729869681,1124.4928614525804,2282.749502994876
2025-04-21 19:30:00,1144.8505728954042,1151.2417217864727,1141.3006342136437,1142.426816525864,9963.132775671133
2025-04-21 19:45:00,1133.3454443212886,1143.841985041944,1134.4704022371573,1136.3944213593502,1109.0161489440118
2025-04-21 20:00:00,1131.5999825859965,1139.1349472663387,1123.4752424852707,1130.2587164361153,8389.110708715692
2025-04-21 20:15:00,1113.160879176944,1114.4240976186934,1104.6295412803897,1106.5829099992163,6475.648576168867
2025-04-21 20:30:00,1093.0945688021202,1102.7464556352215,1089.325518876452,1100.1867544960332,9831.899063779194
2025-04-21 20:45:00,1115.0791832022683,1119.8620140911764,1110.4593170147036,1114.8127983547313,3398.5559973925933
2025-04-21 21:00:00,1134.2750449226473,1139.3353532267915,1133.2749783692427,1138.2584354572002,5860.826196256306
2025-04-21 21:15:00,1141.2891463920637,1140.5452642212292,1130.4434859693833,1140.7640174743053,9246.420071386337
2025-04-21 21:30:00,1147.285714694423,1159.3923126193224,1147.32166367919,1152.0570792866124,889.407282774485
2025-04-21 21:45:00,1155.5457920340118,1162.1450115461253,1151.5446321379502,1159.767288528254,7712.388176014917
2025-04-21 22:00:00,1169.9255901467725,1177.7456768468955,1163.4287383439214,1172.471906078528,7554.703535086809
2025-04-21 22:15:00,1147.7859157873183,1151.7299019458335,1141.916225245876,1143.8464082814764,3392.938912002605
2025-04-21 22:30:00,1169.2686423647824,1171.9086207578307,1159.2961362303292,1170.9687639314104,9461.381666569267
2025-04-21 22:45:00,1170.2196455401904,1182.0931865428197,1167.409247220215,1179.3211964949244,9075.595030090362
2025-04-21 23:00:00,1172.0408897671655,1175.378379529399,1168.5975719870605,1174.0412366045618,1756.3334105473473
2025-04-21 23:15:00,1177.8998174935261,1178.9217013139437,1170.0300049719565,1173.1321570871437,3411.836480196106
2025-04-21 23:30:00,1176.168422195489,1178.9648096273743,1163.289238479628,1172.1333189531579,1929.1396014721429
2025-04-21 23:45:00,1154.6934242016273,1165.195777191943,1152.1145728585884,1159.721835251029,7060.330661436379
2025-04-22 00:00:00,1158.7122264648651,1162.8440052367957,1150.6453906556383,1159.1929966420928,6047.120312501311
2025-04-22 00:15:00,1148.9326292589597,1154.409198309057,1141.3080267857415,1145.2891519979785,2258.6120191746177
2025-04-22 00:30:00,1142.9160923351967,1146.3642790582142,1139.0180394108013,1143.6163119694866,4117.758097778802
2025-04-22 00:45:00,1145.7792643485711,1145.5997542723348,1137.7678403395491,1144.9405430947172,1876.3122279120755
2025-04-22 01:00:00,1168.9619117957534,1172.1311712998515,1158.137919903415,1163.148618019582,1351.898014399792
2025-04-22 01:15:00,1168.3671370076881,1169.7361518396754,1161.498368751167,1159.5985737352114,2443.53523516629
2025-04-22 01:30:00,1197.1416063580225,1203.984844409536,1195.016574467257,1200.971994470945,4726.089082075079
2025-04-22 01:45:00,1184.0521577612772,1181.1483273878519,1171.5444050440124,1175.5370221127048,5232.25646280082
2025-04-22 02:00:00,1187.266209057158,1193.9497506151265,1184.3638498322618,1183.3627476163736,7601.022777558851
2025-04-22 02:15:00,1184.5557501286614,1195.4704060662027,1185.226515186825,1188.8369072095647,7148.380065683337
2025-04-22 02:30:00,1191.0373207966225,1200.991403478927,1187.0971933834162,1194.4620746484625,8411.531459551423
2025-04-22 02:45:00,1166.0380304619598,1170.4971296073707,1160.7014396603392,1159.5746945913859,7100.077361496257
2025-04-22 03:00:00,1172.3215103281193,1171.741175084063,1163.8113568155818,1167.6232811951224,7334.318930370569
2025-04-22 03:15:00,1166.4528210315855,1166.3775274898894,1159.1224648017158,1165.0491087240289,5004.100299479357
2025-04-22 03:30:00,1146.846163352546,1155.0435907548308,1141.955029798638,1154.2287511451746,3129.0405978887843
2025-04-22 03:45:00,1157.7342811243745,1162.2602646739435,1150.5198014367393,1153.0130092410525,1024.0106604575449
2025-04-22 04:00:00,1193.40193573395,1198.70448470956,1189.8187723320054,1196.5258701778712,141.91109416455845
2025-04-22 04:15:00,1208.8136219767505,1215.2768127707477,1203.7831318251515,1211.5105645680155,6344.251194872311
2025-04-22 04:30:00,1198.6208615974126,1207.8026569899284,1197.6835315609574,1204.783333700033,7069.807968167973
2025-04-22 04:45:00,1190.4429934466789,1198.9466571554044,1186.985149341272,1192.1669766041025,1376.4162293759186
2025-04-22 05:00:00,1200.241145020994,1203.1664190543224,1193.766176274142,1201.0366035068173,2535.811781964307
2025-04-22 05:15:00,1226.052870220098,1232.5345950808535,1224.3632402343785,1224.6548043619036,1672.960415169468
2025-04-22 05:30:00,1221.8228601698297,1224.7909921817081,1212.622762201003,1219.3335706863927,7897.840330000443
2025-04-22 05:45:00,1186.0144302352592,1187.9642120835922,1179.3964162257398,1186.0349940236674,3035.7727892165312
2025-04-22 06:00:00,1190.5317791781006,1195.6182535630985,1185.973285420072,1195.7925854074686,5492.718565997123
2025-04-22 06:15:00,1205.2103200682407,1209.3939168555903,1195.341707289509,1206.4408342155239,3593.8724646811056
2025-04-22 06:30:00,1184.0706273811527,1194.0785573246962,1183.2584942873577,1186.4178487320405,1018.0980480849944
2025-04-22 06:45:00,1175.2752341899322,1186.6820760169708,1171.841676171764,1176.148715415149,6138.979070588916
2025-04-22 07:00:00,1170.7092098100547,1175.0220672354485,1170.0346609762357,1167.9428894150933,6540.963940304714
2025-04-22 07:15:00,1176.1962052901467,1186.6718749491283,1173.1284404629664,1181.978591582059,601.3690342414282
2025-04-22 07:30:00,1191.2576345841424,1197.1835017965286,1190.90099826837,1189.4654017512194,1970.7227499670466
2025-04-22 07:45:00,1170.5226600817323,1181.6690136537054,1171.0318728996697,1175.9104951012064,3660.8360850475146
2025-04-22 08:00:00,1174.3425999627989,1177.888403020697,1167.0063405481424,1177.5135330129904,3330.4518177193368
2025-04-22 08:15:00,1169.022572683723,1169.37251682231,1157.669161893058,1166.3815540530447,2269.881684725924
2025-04-22 08:30:00,1163.7354538656425,1165.5824564005018,1157.6242234939978,1165.5628569744356,7839.651122648858
2025-04-22 08:45:00,1178.5369975607596,1183.5414222289307,1171.385029579265,1171.9825553785065,9300.993345459305
2025-04-22 09:00:00,1169.9149929294108,1175.006236409098,1167.390068260894,1167.9376300024478,5239.990066481775
2025-04-22 09:15:00,1169.7328603357912,1175.4259962633782,1167.677067033972,1173.065332526227,9735.725966590262
2025-04-22 09:30:00,1195.9951766652175,1207.086726429011,1191.3542417958524,1202.8845153651494,5324.264462700695
2025-04-22 09:45:00,1208.6774610706325,1216.0555668163022,1210.0100891613338,1212.6105548678227,5530.607464727257
2025-04-22 10:00:00,1205.1940434777764,1209.3199226449337,1197.2468098135632,1201.4846855283186,7092.138148770577
2025-04-22 10:15:00,1191.332254866355,1201.8254317745789,1187.5316599275834,1194.8861531181983,7639.646540364983
2025-04-22 10:30:00,1212.4078277807457,1217.5210129511495,1204.9007244775928,1209.4795969621355,5780.101079639552
2025-04-22 10:45:00,1207.9762516519534,1209.6420964261831,1197.7628307899543,1208.765314174765,8229.30083320096
2025-04-22 11:00:00,1184.1255244487181,1191.4583538661018,1180.5777334419195,1188.6000250765464,3332.498773628363
2025-04-22 11:15:00,1183.3861835094012,1189.4016932768293,1179.0856245032662,1181.5657341182414,7171.917303968147
2025-04-22 11:30:00,1172.1911888185039,1174.522961283993,1168.4040818917865,1174.2826041401715,6828.552996770821
2025-04-22 11:45:00,1174.8072089595792,1181.4525517826326,1167.0021802116762,1169.9299506246764,6838.009048569029
2025-04-22 12:00:00,1160.0399552373863,1161.769267083158,1151.9799741731795,1155.8674380857753,4342.767707355774
2025-04-22 12:15:00,1140.1907685172825,1151.977644228196,1137.2223788349884,1144.8741837430052,2807.6020979851937
2025-04-22 12:30:00,1148.342160417476,1154.837996552093,1142.7125380506086,1154.9662253210954,4750.717407742133
2025-04-22 12:45:00,1148.755762372615,1154.5120287119362,1146.3835208260903,1150.0029633574206,2840.9300036272857
2025-04-22 13:00:00,1134.7851650616194,1137.9250910551023,1129.7109206441617,1135.8032605341568,586.1745271985505
2025-04-22 13:15:00,1130.0185577646587,1134.583957863259,1124.7539837665354,1129.7948304660163,3697.474879236288
2025-04-22 13:30:00,1090.6806420299022,1096.2300970544768,1081.3190818880369,1085.3749302601263,6449.87179075027
2025-04-22 13:45:00,1097.6741121392863,1106.465479417416,1092.5517403458841,1098.0593213208522,9596.753279599638
2025-04-22 14:00:00,1093.0682017603174,1095.2411757106934,1088.9890535180036,1093.2045442566575,6750.727188295244
2025-04-22 14:15:00,1105.7953223038414,1113.9709131766201,1099.1421432652637,1102.9321115859168,8963.203776544153
2025-04-22 14:30:00,1124.4651846265488,1126.1437933655345,1111.9384600635428,1123.9264692793272,6249.30614324418
2025-04-22 14:45:00,1122.9508945653022,1133.5546975147795,1121.169131141993,1129.8588313539508,6217.581929313973
2025-04-22 15:00:00,1130.6214340466252,1134.4432535600174,1120.8512473566357,1128.3376441450546,8875.120721226707
2025-04-22 15:15:00,1109.3665981027773,1118.030453891654,1106.7672645892483,1108.9653428041333,8438.719765136471
2025-04-22 15:30:00,1102.6035128365636,1114.6345439056158,1100.9535203682658,1105.1591308035934,8682.227990776893
2025-04-22 15:45:00,1113.0297809170384,1113.1608970002114,1101.8447630473077,1111.191113961582,2157.9083875379606
2025-04-22 16:00:00,1072.5488817616922,1083.0300653593663,1073.47961705725,1079.292540878532,2681.756608191159
2025-04-22 16:15:00,1079.9389549792072,1080.743009860153,1074.8233911110458,1076.2252238696053,2450.433424715877
2025-04-22 16:30:00,1069.972124515742,1075.3066047397692,1063.307567837362,1064.310983130334,5074.282884531178
2025-04-22 16:45:00,1068.0279228700094,1076.9764700517637,1068.292834101474,1069.775657317962,3858.3790788858555
2025-04-22 17:00:00,1071.2253317964216,1073.4595141047207,1066.1696763399073,1069.0502336939683,1155.4346246114058
2025-04-22 17:15:00,1069.2176309082681,1075.40927061075,1066.3350920984244,1066.4986494322666,8182.570728209656
2025-04-22 17:30:00,1058.5405110563702,1059.430836603536,1051.7837934181105,1058.702601997996,8528.17518095258
2025-04-22 17:45:00,1058.503574716328,1063.6755700907856,1052.5674400822713,1057.1212120639773,166.93248367402057
2025-04-22 18:00:00,1036.293577547443,1043.6550649351102,1029.5445311645165,1036.0471948483507,7615.885648196591
2025-04-22 18:15:00,1030.7518360169827,1039.565339435407,1025.5742183288285,1033.5450500265986,1391.4461728436984
2025-04-22 18:30:00,1044.4287164967418,1054.0881865305987,1044.587352166569,1047.644272248901,5294.454836702847
2025-04-22 18:45:00,1026.7677381473468,1033.6450787777817,1024.53139316533,1032.9960204746817,7579.056363974449
2025-04-22 19:00:00,1025.8223860211533,1027.56283747413,1015.3691022885034,1017.9773634185809,3588.111615052193
2025-04-22 19:15:00,1025.8048167082397,1031.3836566813995,1024.097111430276,1027.9575583700537,9389.700983723882
2025-04-22 19:30:00,1017.187935807317,1020.2238196795553,1011.3727380569776,1015.2327613172106,1569.6868737635978
2025-04-22 19:45:00,1001.4910716118201,1010.0704525657552,1002.1188552023714,1005.9111600731999,5615.584202689505
2025-04-22 20:00:00,993.7905944391593,999.3727940948829,988.735929567843,989.439802938678,6365.326603259744
2025-04-22 20:15:00,1005.8928648814929,1015.999074514214,1005.4345959065573,1007.419604447311,3234.3669014135694
2025-04-22 20:30:00,1006.4570236528218,1010.5376409009168,995.9885722737932,1000.878173921046,700.0680822519307
2025-04-22 20:45:00,1001.0266582102778,1008.43070225338,996.9884502049472,1003.8554560856212,1578.4011611835083
2025-04-22 21:00:00,1006.7018340068622,1014.6465225472057,1004.8053512242783,1009.5339587245816,4283.723676294836
2025-04-22 21:15:00,987.0168296963674,998.8002896225618,984.4883045077695,990.3647962168405,7679.326450003297
2025-04-22 21:30:00,984.993605901713,989.2084502883304,978.299350417923,988.5864081605704,9147.972398561746
2025-04-22 21:45:00,994.7329777390838,995.2804077380223,987.0466430387871,987.5904200565848,6938.320801230618
2025-04-22 22:00:00,995.5415494165109,995.5269707575325,989.1833436621386,989.4526652937438,814.250555906367
2025-04-22 22:15:00,985.3109978493238,985.8145184162227,978.2741913764289,986.430804220323,1058.0192897532456
2025-04-22 22:30:00,981.3232091310374,986.9746182193724,981.3395562035557,983.4417369604691,8044.888352657312
2025-04-22 22:45:00,1000.2974480101528,1000.0328515355957,993.9137562688229,999.4980575774667,5792.42844092049
2025-04-22 23:00:00,973.9780138133199,974.8031573135779,965.4171110616238,972.8608288641633,1059.9623381463325
2025-04-22 23:15:00,990.2712445242005,995.9725329361427,986.6354373902811,992.6418125742557,2642.4514620141263
2025-04-22 23:30:00,987.222817399963,991.3940348470719,982.2004963035237,988.6480991510105,3262.285336036545
2025-04-22 23:45:00,996.3835010130032,1000.7310161498647,992.6133030463371,1000.205155367054,2276.301693893031
2025-04-23 00:00:00,1003.822722531693,1013.30946076789,1000.7792023282104,1005.4094910803437,476.8222125971393
2025-04-23 00:15:00,1009.5735164571712,1019.0706503174584,1006.0918642705205,1007.8507845568353,2727.2327212472956
2025-04-23 00:30:00,1034.641671654275,1039.0630667168532,1033.4502055927435,1040.2053578427885,6402.063113625712
2025-04-23 00:45:00,1034.9623559859874,1043.7733921215613,1035.5473080705501,1040.7840335669403,8474.55379883089
2025-04-23 01:00:00,1027.9260078896712,1032.4908677170677,1023.3663687153482,1031.9554001963502,5935.881826729883
2025-04-23 01:15:00,1020.9329256791851,1027.1744199210132,1020.4093876630292,1022.1948296462632,9765.448638852666
2025-04-23 01:30:00,1031.5299218270184,1034.5836347343356,1025.1436964271472,1029.505639750757,3764.0154766942856
2025-04-23 01:45:00,1038.1686966457958,1047.2513696552883,1037.6334803721045,1040.4975605306772,6564.070674455686
2025-04-23 02:00:00,1060.284686591524,1067.6888122857342,1056.312970109514,1059.4164088390128,3436.937634695622
2025-04-23 02:15:00,1041.116360582389,1040.9093197096815,1033.5329260608103,1041.7204294123633,4496.85635116978
2025-04-23 02:30:00,1033.8456678254674,1035.9257643697617,1024.405067455246,1034.2511226935453,3807.5540289670685
2025-04-23 02:45:00,1052.8507332645215,1052.841202827374,1046.467324190051,1049.4206031603665,1081.5058388822945
2025-04-23 03:00:00,1068.9771949667595,1079.2862819538707,1069.6298473135969,1069.3329802038509,9469.940192331473
2025-04-23 03:15:00,1066.657570686332,1076.50729302101,1067.3061032897758,1065.5474806105517,2027.2836804541366
2025-04-23 03:30:00,1061.6945059071004,1068.105731694736,1056.3456730718913,1059.473777232147,5314.046615957038
2025-04-23 03:45:00,1052.927667617183,1059.2946702451875,1050.5452681987308,1054.8268008299456,3828.3246490307884
2025-04-23 04:00:00,1049.8399390740176,1056.4018156740133,1045.988241207193,1048.0639693434805,6592.890305061744
2025-04-23 04:15:00,1059.0110940548864,1060.8817178859922,1049.172505776359,1051.585095500362,9237.547521258753
2025-04-23 04:30:00,1082.2036008933965,1088.5075384976224,1078.5383444711294,1083.469419768617,4619.426858030486
2025-04-23 04:45:00,1095.318356783506,1098.7740651241793,1090.701177853146,1092.8604520319473,5795.763558409712
2025-04-23 05:00:00,1112.7470362703311,1118.6614306873355,1110.6780241612848,1111.9438077567918,4061.4100387542335
2025-04-23 05:15:00,1102.846065036716,1109.1047206984556,1101.2365289741647,1102.6913929125567,6169.994973039163
2025-04-23 05:30:00,1111.8296729130668,1113.6562856553767,1102.2289510811904,1104.7924523952142,4788.484833711167
2025-04-23 05:45:00,1123.630492951868,1125.751831832197,1119.7426690547386,1119.6359909218163,7859.510060114155
2025-04-23 06:00:00,1117.9978327079618,1121.6401066081862,1114.273359534435,1120.5247201558625,6108.690248144528
2025-04-23 06:15:00,1116.4600971540194,1122.5172273421626,1117.3430850583782,1118.8369869616931,3003.4866773037434
2025-04-23 06:30:00,1097.984157021072,1103.91095511035,1096.5256127682915,1101.4445731509222,9862.000699304157
2025-04-23 06:45:00,1095.4700882009433,1099.2642625377307,1089.844526435336,1096.8430549692437,494.1778137134252
2025-04-23 07:00:00,1107.9412894717636,1112.7184037688423,1104.1356167796748,1106.0638713369256,2766.5218222746844
2025-04-23 07:15:00,1089.4314070138737,1098.235549459959,1083.3728881279342,1091.4352717727343,2571.6651276403377
2025-04-23 07:30:00,1105.315913798041,1110.0465279171583,1096.5886483754084,1100.6764706331926,9372.622627041923
2025-04-23 07:45:00,1110.7131073844703,1115.982693214901,1101.8924451110568,1106.5694766672018,932.5606025350164
2025-04-23 08:00:00,1115.3903436517019,1115.6095206952025,1108.991867783536,1111.7562787278043,9761.246105170701
2025-04-23 08:15:00,1143.5242125276695,1147.1381451971595,1136.2666171312883,1147.7071824243067,9092.513912111268
2025-04-23 08:30:00,1163.9816095605165,1171.7509141688888,1162.952219633228,1170.943385001114,9009.453723030138
2025-04-23 08:45:00,1147.0666836389353,1148.7924339926528,1140.6094664173645,1144.9518843444428,5536.733224381941
2025-04-23 09:00:00,1166.033607121962,1169.8805374348117,1158.5629178927206,1160.7797395612697,294.1702035247607
2025-04-23 09:15:00,1175.139732478237,1180.4432540036842,1168.7152586195411,1170.2795303745609,4540.645309780402
2025-04-23 09:30:00,1143.4234859002063,1151.5340784066184,1140.281771249486,1142.3211199507741,6687.120712368825
2025-04-23 09:45:00,1150.2587412467274,1154.3298592520566,1145.022044606872,1149.8990264400027,7490.819507327175
2025-04-23 10:00:00,1124.1712423044635,1126.2149446320848,1117.0344482941293,1125.0144461878922,8661.00526110014
2025-04-23 10:15:00,1126.7749611558468,1135.4994862991505,1122.9341432720719,1126.653136032999,3358.8948158190065
2025-04-23 10:30:00,1128.3478855547378,1134.2554394172964,1126.5864451181242,1131.875265349861,8672.112383686781
2025-04-23 10:45:00,1119.155965715473,1128.059491434408,1119.1490089585245,1123.7680480987374,694.6733939142163
2025-04-23 11:00:00,1103.7556179125747,1103.5364730005904,1095.5600912998664,1098.3868609143021,4295.960130392804
2025-04-23 11:15:00,1122.1096825352997,1121.3004514652682,1112.4606067627492,1114.9220538193526,853.9955342781174
2025-04-23 11:30:00,1137.5055527730872,1135.4752984735392,1129.533939051354,1137.5228760788646,4338.60172362981
2025-04-23 11:45:00,1140.9388769992368,1145.381068566706,1134.1082167143222,1138.8737811361245,3265.6442933420008
2025-04-23 12:00:00,1138.5523134391824,1147.7910934666797,1134.2636875559824,1136.379476789111,2078.772231623756
2025-04-23 12:15:00,1152.8583972727204,1159.0961234888955,1151.9000387271283,1158.3287237285633,5943.592470251775
2025-04-23 12:30:00,1159.13001695759,1162.8322232258383,1150.3825632807782,1160.2855307376733,9398.32164844109
2025-04-23 12:45:00,1140.537889876495,1150.2679886279375,1141.6049224161497,1139.852619867435,1415.6850877738398
2025-04-23 13:00:00,1149.0129984435534,1155.2495425667037,1148.3397679161321,1148.150769286407,2864.3056553223114
2025-04-23 13:15:00,1134.293275153691,1141.584607116391,1133.505275877228,1137.2027399369795,5318.390721892554
2025-04-23 13:30:00,1149.221218273164,1154.0269909329236,1142.9792409045433,1151.775538299512,808.8758449826922
2025-04-23 13:45:00,1164.7232914515962,1167.3165290781285,1156.966532669339,1157.8767660699832,9466.58201856487
2025-04-23 14:00:00,1152.797798283475,1155.32018107948,1142.7688548052865,1153.4510651529863,1405.210181157266
2025-04-23 14:15:00,1177.3162878158373,1181.8371097206193,1174.4810245364474,1175.4378691490917,5310.20034906634
2025-04-23 14:30:00,1161.2253897367207,1159.735038955302,1149.260744972457,1159.9142991547985,4990.556009556833
2025-04-23 14:45:00,1163.6866395476768,1167.6769251189248,1160.3274290026095,1165.2496843961183,219.84815949989638
2025-04-23 15:00:00,1162.8852727592698,1167.5301860925777,1157.910318842992,1160.2257276691714,4508.351158665324
2025-04-23 15:15:00,1166.7244823048113,1167.8406624418578,1158.1027700196148,1163.9467647769861,6956.85517215149
2025-04-23 15:30:00,1161.756245057527,1163.6314893115784,1154.2879422746928,1164.3117380723136,8218.528182488804
2025-04-23 15:45:00,1145.4429903367152,1153.9753089464418,1139.1380283113976,1146.382994004482,8314.593828527502
2025-04-23 16:00:00,1148.7475411349271,1153.3414566056117,1143.5948201749482,1149.1825577258435,1551.3554129165827
2025-04-23 16:15:00,1132.6949300887416,1139.4550362553375,1132.4477676963145,1133.8979577173757,6592.669673578189
2025-04-23 16:30:00,1127.0053989218145,1127.1881218402252,1117.1030057012445,1128.1378511955093,7926.467226561594
2025-04-23 16:45:00,1144.3175358222366,1147.1548434148067,1139.5337696463162,1144.272944499758,7835.070914372364
2025-04-23 17:00:00,1128.5778591702226,1134.2906727917818,1126.6526162761118,1128.5924084104838,3787.9336523945285
2025-04-23 17:15:00,1159.77236644757,1159.1687498124606,1148.3990874142983,1150.4907518476518,6122.570527827355
2025-04-23 17:30:00,1137.6997720572795,1143.9182784391905,1135.4350717753634,1146.1773279589206,797.041667503622
2025-04-23 17:45:00,1151.0565825266024,1162.9919581046329,1153.500590770085,1152.4650026976926,4046.1596490862044
2025-04-23 18:00:00,1128.7917383519361,1136.9187560119178,1125.4996650060605,1130.7316134960267,7047.17901321388
2025-04-23 18:15:00,1120.2997138184435,1121.5879101237936,1115.2141815514087,1114.5262385385201,8221.15342524536
2025-04-23 18:30:00,1100.4646999955305,1101.7212599228444,1093.5768498095479,1099.266747538328,9999.354036443629
2025-04-23 18:45:00,1122.2713004965087,1129.3903186040243,1120.6917316506251,1124.5365780880545,2808.3436718050757
2025-04-23 19:00:00,1116.752412972102,1126.3415711754199,1115.28703966949,1120.719171828117,5906.9568512351325
2025-04-23 19:15:00,1095.0623491585104,1100.1581760046247,1087.8658732748381,1091.6428999407237,469.76617483196617
2025-04-23 19:30:00,1106.7887894627372,1108.4817797010887,1098.8655296241363,1103.652091699033,4593.794636347339
2025-04-23 19:45:00,1099.7754393593818,1106.7932858104027,1096.9722743421128,1099.5808657291484,9208.701231244557
2025-04-23 20:00:00,1109.975670848703,1116.7735539281482,1107.3843477853754,1114.3095839777145,2898.7451033891884
2025-04-23 20:15:00,1119.388684136515,1124.1493782656232,1110.7856111330718,1114.256765778555,8621.691491713425
2025-04-23 20:30:00,1108.9002822447783,1111.798860992429,1103.314313713154,1109.7987553050782,3719.7846292019653
2025-04-23 20:45:00,1078.8596688489376,1088.3157313866318,1078.543749153737,1080.475821199714,3001.912508294435
2025-04-23 21:00:00,1069.6482334611726,1077.844294894851,1069.0245268144843,1076.334451265624,8743.042280976711
2025-04-23 21:15:00,1079.7104037819167,1084.5065331000478,1075.3834856856229,1081.5639805270107,6819.049308962071
2025-04-23 21:30:00,1081.4612152456064,1081.3691394312607,1072.8015133937763,1080.7064356889819,1703.046262721052
2025-04-23 21:45:00,1085.4943223984867,1087.9378907353778,1074.5362472390486,1084.492357308147,1975.6939234659967
2025-04-23 22:00:00,1087.2537701393455,1089.5429934897625,1080.763724215021,1089.005223076963,2953.8662707168346
2025-04-23 22:15:00,1096.7154577620752,1099.3013503220307,1088.4781088171674,1098.2087654150475,8435.591935758961
2025-04-23 22:30:00,1103.6747683276324,1105.903585629606,1093.6319780670808,1094.473628831254,4981.7105494549805
2025-04-23 22:45:00,1078.6546461072132,1085.583290762873,1072.6382829450445,1074.8790552601067,9529.85173628344
2025-04-23 23:00:00,1079.2831565138113,1090.5264550267545,1079.453709878046,1084.3215819572492,6014.397067642131
2025-04-23 23:15:00,1082.5912825008345,1086.5911587021117,1080.3435539584982,1088.1754995891677,799.1426180705857
2025-04-23 23:30:00,1068.0441486622044,1074.6651231471305,1065.0911676381531,1068.2968748038274,671.5569188407505
2025-04-23 23:45:00,1063.2471789685403,1062.5859359898373,1053.8927481915373,1060.61790458201,8293.634303415543
2025-04-24 00:00:00,1054.6598402595275,1062.3062081914914,1056.5537842439512,1059.8336295654733,4521.246477478586
2025-04-24 00:15:00,1053.1292664339305,1058.1311045587154,1049.0277474062127,1052.090142475841,7459.201163881361
2025-04-24 00:30:00,1020.8070739975939,1025.559991705638,1016.2147218068243,1022.2566094096629,2098.904828256018
2025-04-24 00:45:00,1045.9599926655667,1052.9372865358196,1043.4345446508362,1048.178784289011,5396.875695141697
2025-04-24 01:00:00,1019.8636569768794,1026.3576272228092,1018.0673936861959,1017.6770414276281,1700.2204572932224
2025-04-24 01:15:00,1025.2860224719104,1029.5870747039958,1016.623202573617,1028.132521962343,5488.61137558689
2025-04-24 01:30:00,1019.7205483462511,1022.5149762424774,1015.1733357020128,1016.3417199789426,7624.846960102604
2025-04-24 01:45:00,1035.6457236328076,1037.636479264413,1025.6287616339928,1037.0940598571756,3472.69895587272
2025-04-24 02:00:00,1015.2044026194193,1026.3613795542285,1016.1096113766305,1024.0187887118225,681.530110377446
2025-04-24 02:15:00,1041.31498728573,1052.3180486292952,1039.2202563031876,1043.7533906236176,9886.985330048616
2025-04-24 02:30:00,1043.4055162077734,1047.210444455632,1033.3050554061504,1045.292246607049,3050.0245427624245
2025-04-24 02:45:00,1063.8966906038038,1069.4241579526813,1057.6728060555188,1061.7338594343105,8655.83235630854
2025-04-24 03:00:00,1067.349669582079,1070.6077513111104,1066.0187104851625,1070.1462031293543,3080.3914896381884
2025-04-24 03:15:00,1059.5463497799672,1070.809691789093,1061.0101304096117,1060.0414160996188,3548.740080853984
2025-04-24 03:30:00,1060.9268340827875,1068.0127126602763,1055.0202001346877,1063.7017688605465,387.22043354799234
2025-04-24 03:45:00,1056.474675796296,1061.4011134058633,1052.1510866437343,1052.5629965743324,7183.177624378894
2025-04-24 04:00:00,1084.8627513573642,1085.7395238052181,1078.2536846432804,1085.3876554789488,5340.78153582029
2025-04-24 04:15:00,1060.187419851209,1070.558171701916,1058.7759041242814,1065.8353337659994,3669.8595920445273
2025-04-24 04:30:00,1059.0087580301513,1066.557604836814,1058.2831092176652,1058.2156023187497,6779.873521141494
2025-04-24 04:45:00,1069.8448672072639,1074.2742177963771,1063.907053268664,1076.6493786579479,7964.975811872057
2025-04-24 05:00:00,1078.1143065849021,1084.1101073582245,1071.6501886562157,1078.9260775654811,6438.021822351943
2025-04-24 05:15:00,1032.757336065045,1041.7899443284048,1031.162160033647,1033.0510154769454,6988.555532733253
2025-04-24 05:30:00,1024.264483060386,1025.1098641067583,1015.0711728386046,1026.3583068607895,2792.9033510130425
2025-04-24 05:45:00,1003.0921042581814,1003.4256666299514,994.8146716520407,998.2245389196927,2406.4565554944716
2025-04-24 06:00:00,1000.328377734041,1001.6627329252741,993.2701673316848,1000.554812565599,5694.75395749829
2025-04-24 06:15:00,967.3657191838095,978.5984268893457,968.9822354318524,971.2903661730643,1851.8151979189342
2025-04-24 06:30:00,976.6321905447637,981.1937828434833,975.9196369988954,977.0606267977445,8869.156791493846
2025-04-24 06:45:00,987.938350886082,990.3886385236667,980.6254055398035,983.5266729349371,8389.056282462034
2025-04-24 07:00:00,972.6937663722684,981.9235076790883,974.0787156944709,980.5491758671898,5545.017027629513
2025-04-24 07:15:00,949.5297383675438,952.2724499314664,938.91593979896,943.4352085090874,5745.18384569069
2025-04-24 07:30:00,949.8684175770003,958.3848934275001,944.4597558235807,949.4524485190083,3219.017587980614
2025-04-24 07:45:00,930.7739543951105,934.926879519179,928.0381833808935,935.3714685681977,3054.5273843504506
2025-04-24 08:00:00,932.1813510542814,939.701407412013,930.2434673720971,932.8315962597256,2358.6786016897317
2025-04-24 08:15:00,902.1326662947638,908.5312116390389,895.4088749804048,898.9674836808659,1613.4968550876524
2025-04-24 08:30:00,872.5641406905999,875.0712168119666,864.9769114222017,864.4630087080006,5273.634792548019
2025-04-24 08:45:00,861.0722493853489,866.3512379649532,856.862792142003,865.9833321460028,6858.467107109028
2025-04-24 09:00:00,868.0755454126062,871.8464096387419,859.89250243949,869.9035776157751,9615.303529842633
2025-04-24 09:15:00,871.1639065362594,879.0515452587827,863.3098451753661,875.4896792168603,8934.844154672288
2025-04-24 09:30:00,883.7137231374771,882.0819475284619,873.6466732539774,882.2247169552821,3475.4922455782976
2025-04-24 09:45:00,884.984375516311,890.6490186197929,883.3386387290444,884.777162206944,7221.336256356183
2025-04-24 10:00:00,905.8963879236998,912.8794798547841,898.9640914995956,910.1175848819204,5661.360187672915
2025-04-24 10:15:00,904.0718534499309,906.4854083625058,898.5808199210949,900.0091576491001,7140.074780375656
2025-04-24 10:30:00,899.5453265779493,899.4977336785115,891.0036886715188,895.4537264451129,3097.933541696614
2025-04-24 10:45:00,897.9976381977499,901.6863993418624,889.7737723877475,893.6013010171356,6028.962978487591
2025-04-24 11:00:00,886.8002986139877,886.8122569504798,875.5232496510437,881.434377733203,3933.814474752833
2025-04-24 11:15:00,897.9673548541253,902.3171406746324,890.1840021723941,895.0087516734426,3727.3619725039594
2025-04-24 11:30:00,914.5757207148044,914.4459348188617,902.1939394369099,905.6742984250653,9666.570016590098
2025-04-24 11:45:00,909.8722817484654,915.7060793458287,903.4379242713425,909.0515252481754,6628.640350281637
2025-04-24 12:00:00,924.606874454058,925.4172917503018,915.7525527326547,921.15329215052,1029.6410455012665
2025-04-24 12:15:00,898.1424627925978,902.3255927278269,894.6687075685512,898.1322561488827,5088.823218646238
2025-04-24 12:30:00,906.6063375091632,913.712874401164,904.6686897047181,903.7501470632643,2690.968641350361
2025-04-24 12:45:00,902.3816976833726,906.7485392152437,896.931121909538,903.1257548076161,3489.4293887122826
2025-04-24 13:00:00,888.0870683238637,890.9440199952737,879.8199137661923,883.378213306051,2788.01517081214
2025-04-24 13:15:00,877.1501298773062,876.3120073657506,866.3402023990119,874.6133153117793,8702.963210932152
2025-04-24 13:30:00,892.6296011053647,891.7055001046978,883.6044930077641,886.6598295388144,5528.568754828709
2025-04-24 13:45:00,899.5223979923478,903.2154270957687,891.7538244647767,902.882701750777,5589.566335488837
2025-04-24 14:00:00,912.2085063984041,916.4738948655491,905.875740035202,909.6333533057416,377.561662131324
2025-04-24 14:15:00,895.0615506756765,902.9177642745324,892.8988012796098,892.9229645761902,819.1452997118012
2025-04-24 14:30:00,912.8893796944445,913.6982212263739,906.5745893933041,907.9871777168719,5997.408652755117
2025-04-24 14:45:00,954.3576569334666,958.3514969573426,952.0456702644015,955.2489848158376,7671.622163126095
2025-04-24 15:00:00,951.1477609906336,954.133133823997,947.3169454050142,947.1845288307707,8346.916799817467
2025-04-24 15:15:00,936.713256049907,947.5941087624844,935.0950142157325,941.0825022083372,1331.9583988732322
2025-04-24 15:30:00,902.4122925668624,908.7796225425252,897.5250348632368,904.3024418618558,2079.2567117718636
2025-04-24 15:45:00,914.0787281212138,915.740764941799,905.1173610642134,908.9967782359889,5017.1597067230405
2025-04-24 16:00:00,889.2666874870246,888.3057739971366,881.4736678667687,885.8227623722757,9874.156198013075
2025-04-24 16:15:00,888.1042021109787,891.5868652595077,882.3644788131314,884.682058514692,7453.482655286015
2025-04-24 16:30:00,891.7035804317285,902.1665341712301,890.417934326842,897.5178662025139,4647.401708041437
2025-04-24 16:45:00,892.8452203915006,898.9306471442775,890.8289453882918,894.5180342168593,1285.5468677512408
2025-04-24 17:00:00,857.6924752336815,865.792889868756,856.1166867047564,856.5846379770309,4033.8014947916713
2025-04-24 17:15:00,849.9245874889862,850.7649007247621,843.1089380906141,850.0934794950409,6587.414315357904
2025-04-24 17:30:00,837.344988859243,842.866348443482,831.9838215509275,833.1121572385977,4855.319841882017
2025-04-24 17:45:00,811.733111027435,821.4230367258184,808.8214392945924,812.7742806932155,9727.369115541329
2025-04-24 18:00:00,846.0451529186938,849.502353332336,839.0524429751623,841.3734624790551,1337.80863133973
2025-04-24 18:15:00,852.1817636632032,859.7642542611649,846.7402075161834,854.7101087728294,7662.136997337201
2025-04-24 18:30:00,834.1433675531396,843.5472334562755,834.752041873767,839.8467508197624,3900.3253545634657
2025-04-24 18:45:00,867.4983480400457,873.6042535340877,865.5947556184722,871.2549000462649,951.1050813107261
2025-04-24 19:00:00,891.1072851646803,890.1990130463016,884.9303874335802,885.9183096321317,1771.558477384264
2025-04-24 19:15:00,893.6747500351221,904.0991254500835,895.0053965353324,901.2866525189096,4154.891737702746
2025-04-24 19:30:00,906.7160333872035,905.4297197533842,899.4251448245519,902.8760865745471,4257.656490176495
2025-04-24 19:45:00,885.1092573682213,893.6575552173078,880.1520359341479,885.3893715688617,2041.9726971925277
2025-04-24 20:00:00,867.7520327028948,875.7009262057132,863.4254639236185,867.4553772081728,9914.211814735023
2025-04-24 20:15:00,877.2417332449764,886.1658288916818,876.7735698045833,877.5094508170786,1620.325531401378
2025-04-24 20:30:00,879.9437939891385,888.8459567074937,876.8106636250297,877.8976536175455,1827.0638970167936
2025-04-24 20:45:00,885.6486890263941,890.2278276287577,876.4894224639495,886.7673296085801,6318.015272776751
2025-04-24 21:00:00,887.3999585466918,896.4109947017755,887.2292410988899,894.0016539049944,4429.6431782948
2025-04-24 21:15:00,868.1094469945684,878.5011626355383,864.9229435988266,875.9291993474626,1360.317832020374
2025-04-24 21:30:00,858.8675819573392,869.7495035598364,857.2499293383455,862.2268905841531,786.105197479582
2025-04-24 21:45:00,839.3335502003501,843.4360607196996,832.7677239454243,842.7644608265704,3717.462853820302
2025-04-24 22:00:00,813.8755262706339,823.8150564763566,812.7845290576763,819.1287717846176,7709.699893337775
2025-04-24 22:15:00,839.2178593133118,842.5107659180186,830.5906857732704,836.9255823327067,9313.14175447485
2025-04-24 22:30:00,805.342508774406,808.3132821928475,796.5590902462345,804.1758928737074,2039.5275905720844
2025-04-24 22:45:00,800.5171499800896,804.5002513056114,796.6003839920314,800.8310677774706,1400.2026753070413
2025-04-24 23:00:00,795.8544433581296,799.9947787839692,791.7885850456637,798.5915538786722,1421.6817880270437
2025-04-24 23:15:00,762.1724958454433,768.990200970496,759.7649383607655,760.071360582754,5886.5646300885455
2025-04-24 23:30:00,753.1587700997054,763.7828011732532,751.6238829777317,756.0876532694743,3218.9562349422145
2025-04-24 23:45:00,777.6658066814545,780.3100622477222,769.460720937456,771.2371024641087,3370.142458355416
2025-04-25 00:00:00,784.4104920698807,790.4467445214857,778.8064241296008,781.2171773826723,5277.97824848391
2025-04-25 00:15:00,817.971048271101,818.6706366237084,805.8906977737066,814.8893809535841,3060.9540280442625
2025-04-25 00:30:00,818.3520393544665,819.3315517740597,812.3479964064644,815.3005321990129,2319.4573963627977
2025-04-25 00:45:00,827.7628711985958,831.3340351354564,818.5310363969364,827.9030129987457,6560.25537607033
2025-04-25 01:00:00,799.9049342519811,804.1766386760083,789.6360015759828,799.8712471252975,6476.496066370098
2025-04-25 01:15:00,773.2634216569475,780.4434260002406,769.3736418710672,772.9717335320416,4706.127025081806
2025-04-25 01:30:00,751.8342617303487,753.518516823379,740.7915202193154,744.6678456337308,2422.5748967091886
2025-04-25 01:45:00,742.2481224033829,744.7083181066306,736.1501244179071,743.4564999079705,7938.767036891358
2025-04-25 02:00:00,742.4679005072803,751.4815774544213,740.6419559042312,744.1332488705073,4156.028718673864
2025-04-25 02:15:00,716.1382162671752,728.2070479584838,713.679837901419,719.0068992627199,2436.5265332340273
2025-04-25 02:30:00,721.4416326680164,726.7334801332597,717.1950240932848,723.3796961539617,5563.143977100327
2025-04-25 02:45:00,705.7008467819869,708.4489291289344,698.316197230707,705.1072725328581,9662.435052380946
2025-04-25 03:00:00,698.502248664838,700.3300581448884,685.8304602843547,695.7260932849779,1741.110222951354
2025-04-25 03:15:00,695.9105794255426,700.7223741286768,691.0970298923063,688.9983075252363,920.4357667637455
2025-04-25 03:30:00,686.7955968122072,696.371036936058,684.2080472464519,693.0827164896746,3192.4539826828563
2025-04-25 03:45:00,681.3358478438722,683.7593183021766,673.8393236805799,676.2720082648384,7797.812207466039
2025-04-25 04:00:00,656.8080121870167,657.592112604085,647.0644175589551,651.7955562413911,7545.105855159877
2025-04-25 04:15:00,677.2669907043444,686.3509289584091,674.7422445715835,680.1911902071105,9079.247027482968
2025-04-25 04:30:00,674.9237306256988,675.9470870943361,662.6647082356567,669.3009096880796,6233.590042635227
2025-04-25 04:45:00,670.4225568205838,675.5100042540387,662.9372290578666,669.4288978802541,8073.5073571827525
2025-04-25 05:00:00,672.8181418979411,679.0674607837894,666.1088583131968,672.4097035576025,9475.892417525272
2025-04-25 05:15:00,678.4195733634918,680.9436332227381,676.2461529755881,680.6833480314202,2114.356295605573
2025-04-25 05:30:00,655.4532261930661,660.0540983255753,650.6569876613206,655.5303070603824,4894.407382957238
2025-04-25 05:45:00,634.0076875758415,636.7478809511014,626.61005644391,625.1356369580063,6760.695247039575
2025-04-25 06:00:00,631.9760935467564,639.868387111907,629.7964459521979,632.8987040871066,6275.2420360706055
2025-04-25 06:15:00,621.7652335442634,628.918928174295,617.8400881484713,621.6571869028909,5585.296553225088
2025-04-25 06:30:00,610.3717750145723,609.902420764339,604.7460669313373,607.134301628739,5687.312703363219
2025-04-25 06:45:00,603.006113836811,606.3559095358981,594.5239358292296,598.4195318701586,4112.3353096292
2025-04-25 07:00:00,590.8928557029807,594.1575678573872,579.58284436113,591.0410222655975,6482.396306158154
2025-04-25 07:15:00,574.9706897310472,577.3685870763135,566.0022555512684,571.8240708428443,4320.972820108287
2025-04-25 07:30:00,555.7350140378272,558.5960620372857,552.6890931639703,560.7778141730064,4370.68657778754
2025-04-25 07:45:00,560.9535704716716,567.4277705226555,556.8372292987947,556.5062023491296,2047.7016208644757
2025-04-25 08:00:00,560.3973182913219,564.7154268491458,556.346044996832,561.0560834465062,2128.21214377425
2025-04-25 08:15:00,580.9286098182909,584.547817947045,574.5799051395094,579.188160215577,7986.052333119556
2025-04-25 08:30:00,558.267821349836,560.7186780312742,552.4210099391734,553.0390828410042,8925.080267319541
2025-04-25 08:45:00,568.2359901827288,573.3333186164091,565.6135174510481,567.3745556175903,9690.792286242522
2025-04-25 09:00:00,561.7299369785617,568.6601180742076,559.90396787789,566.2858956387581,952.8844066809546
2025-04-25 09:15:00,591.2631371620062,601.7661984908971,587.960176375787,594.3648315724932,8077.456516807703
2025-04-25 09:30:00,572.0732275905009,583.0676237803715,569.8319855735349,572.5215053942526,843.5106653276357
2025-04-25 09:45:00,570.4604675207012,579.7098630667591,567.2990792651796,570.6291443536967,3965.9180414396697
2025-04-25 10:00:00,549.137888586817,552.4897052923598,545.9303357876014,548.5344904648006,6658.00398108949
2025-04-25 10:15:00,546.0748929086757,546.4276875139103,534.1381527285204,544.9687870361629,2604.019690254543
2025-04-25 10:30:00,556.08896948744,562.4446149888522,554.6277440992785,563.1949543964165,3566.7864792991677
2025-04-25 10:45:00,558.3912980569891,561.7501575301529,553.219520319274,557.0970088877539,2555.583959658321
2025-04-25 11:00:00,572.6308234646493,583.1794923485228,571.0687388233813,577.5159518973633,8710.6565063592
2025-04-25 11:15:00,588.2279230688011,597.0138746221272,587.6971680599481,585.9372125457903,9673.118958805779
2025-04-25 11:30:00,585.7593463820369,595.0708627103162,583.0323225543831,588.8206957440407,256.5314202753833
2025-04-25 11:45:00,603.5694973880333,602.639854395064,591.2123500639839,596.3983866642961,3257.2101688889466
2025-04-25 12:00:00,591.3438404420792,596.7030391745673,585.2348406374582,589.6969297028836,6573.665089579358
2025-04-25 12:15:00,576.9560062168016,581.1791078033185,573.6947323048613,579.6216978284648,8741.293931852813
2025-04-25 12:30:00,578.6596203971043,583.5793646563137,573.5465749020057,576.6963975393556,9608.62325143339
2025-04-25 12:45:00,578.3963776342911,581.0650596720639,571.955118946007,577.0966800205764,7421.861369704265
2025-04-25 13:00:00,537.7160276608184,539.1345807614534,529.4663833181309,536.7595994317094,9739.91344510537
2025-04-25 13:15:00,542.7552153068042,547.9740687069999,536.8135104516626,541.2817274436504,8908.652091272003
2025-04-25 13:30:00,521.4204803474775,525.7430645257515,516.960022590113,518.9704000130695,6031.386026529128
2025-04-25 13:45:00,538.4449263713142,539.9672305306549,528.518654788573,531.8410091152599,3897.971097636588
2025-04-25 14:00:00,532.2027136019983,534.8757486680258,527.3717109819082,528.9224353826997,3154.7366943569846
2025-04-25 14:15:00,550.1064808141797,550.5465309398974,540.4570511458511,542.8931674096247,9973.427695604649
2025-04-25 14:30:00,539.2656253009266,540.1929164529909,530.3928556067882,531.1806173105766,3597.757969796951
2025-04-25 14:45:00,540.803971332468,544.5786126308891,534.9701714390776,537.7124175730614,4649.635178998779
2025-04-25 15:00:00,537.0799587012234,542.0659271306638,530.4881510169,537.1276769544176,3278.6654401376218
2025-04-25 15:15:00,523.1152017283822,523.7485987581598,514.3234998936126,522.7254308792292,3241.123115257199
2025-04-25 15:30:00,538.8736406025928,540.751660605148,528.3783163523347,537.6251306992408,1251.4202743047065
2025-04-25 15:45:00,514.7203133922692,525.1459487039391,515.7430911770559,517.8497865088211,2056.827777231879
2025-04-25 16:00:00,523.0345530839783,527.9855896520089,522.9110524190712,526.5708086792633,8966.798620350966
2025-04-25 16:15:00,510.0670356071309,509.2212637584077,499.3266843746633,506.9743762796854,3672.9090775755076
2025-04-25 16:30:00,533.8169472831644,534.5882487762259,529.736463427319,528.2517047520737,9795.517904108796
2025-04-25 16:45:00,526.5402519471612,533.0883448650962,526.1102168614448,524.291565848503,977.4771781453239
2025-04-25 17:00:00,542.1249210087911,551.5826269868525,537.3085969816348,541.3210947492952,8500.726327502982
2025-04-25 17:15:00,564.221869392991,564.2828185289729,553.6551818549177,557.2005724147368,8936.268684239358
2025-04-25 17:30:00,522.145094209812,521.8542837324314,515.2550929761128,523.1786984084058,515.7524279415912
2025-04-25 17:45:00,485.45262968803826,488.6724573217628,477.97933406238894,481.92650129433565,3143.722397487609
2025-04-25 18:00:00,475.41756810195466,481.1312356735092,466.4357137658861,471.3216703982986,3688.7688084231404
2025-04-25 18:15:00,460.11489783385343,462.7618721809862,454.56765656360795,460.56214110853506,709.380953560373
2025-04-25 18:30:00,467.46417408468983,474.31276981675353,464.4602997108285,467.63112556993707,7833.7850009734275
2025-04-25 18:45:00,469.7473953810056,470.6007177681638,461.04662718085166,462.7437505656623,102.3448585790674
2025-04-25 19:00:00,474.98751535987816,480.8673839234922,468.68713753412055,473.6654167455751,3635.8001965836693
2025-04-25 19:15:00,460.39367437290133,465.6215048287613,453.272838263057,462.7993009628829,5758.393407047258
2025-04-25 19:30:00,443.1465929893174,446.6061965660905,437.83143319419764,443.45409370172956,6789.742821135328
2025-04-25 19:45:00,425.9317216523362,432.81039545228356,422.7417446298929,420.7438567145984,788.1965714298491
2025-04-25 20:00:00,388.39918044807723,392.3364395898966,386.35334830346955,393.13795916536145,4943.051757762576
2025-04-25 20:15:00,404.42315233275446,402.1886655406938,396.08584092451497,402.4192877842179,8520.800041066206
2025-04-25 20:30:00,387.71370344262,394.178782939559,384.71571447738245,386.57710351050264,5846.366121275337
2025-04-25 20:45:00,376.2815021552474,385.18484412867673,377.6309158092667,381.5240746255065,7501.280085902038
2025-04-25 21:00:00,366.7048826346658,373.29037298950993,359.64475818414945,363.33869005064616,9833.637627528058
2025-04-25 21:15:00,350.56691435101203,361.9172763394898,349.57528840098547,353.4421220964034,282.2025060239324
2025-04-25 21:30:00,394.3179861939166,395.1421180165825,384.8625363478698,393.96221517802513,6425.287489142893
2025-04-25 21:45:00,401.4549237621078,406.2374047891373,399.9855530154684,406.0602778283194,2080.9355032247972
2025-04-25 22:00:00,393.922406023836,400.9660320015923,391.9586595045763,396.74395739423807,2698.373954253439
2025-04-25 22:15:00,411.0305026356362,411.6225930714647,404.3486518266359,408.7055703557392,3266.302827540472
2025-04-25 22:30:00,398.66927762475984,408.32165877658963,399.4212242062286,401.332242205603,8028.0163393031435
2025-04-25 22:45:00,406.9572603901975,414.89870182728845,404.7038569504683,410.1359579184001,4690.03152690387
2025-04-25 23:00:00,431.92140877756026,436.7850777145587,427.4344777918119,433.4707104093286,6377.168900547956
2025-04-25 23:15:00,431.79843812752245,434.7555225750083,429.4833289519019,432.89667239460346,1405.8901991582084
2025-04-25 23:30:00,452.75415064820004,450.9262140279633,441.9532606640433,447.72248640259653,9313.106404611237
2025-04-25 23:45:00,423.2112146808195,427.87741118805855,418.5089971001955,423.8173238457946,1362.617262767211
2025-04-26 00:00:00,401.33724509567287,399.97756042013293,392.6251287136346,394.2349406605454,6625.936873754278
2025-04-26 00:15:00,414.1482570835438,416.4665736208815,406.6240620452795,414.7554670654717,3252.7633286443647
2025-04-26 00:30:00,413.9467587561658,416.88066004168996,408.179487122844,413.027009330966,8068.618350370412
2025-04-26 00:45:00,427.29310308929524,432.56516636214417,417.87536365236605,429.12680717546385,2243.1953570529454
2025-04-26 01:00:00,432.4377759698396,434.8843534801833,420.49447194577704,431.5179889067625,4500.9081216859295
2025-04-26 01:15:00,420.47864148037974,424.3696022822721,412.39415786860457,418.4115450426502,3907.157664789078
2025-04-26 01:30:00,449.6267251984103,451.7297182759868,439.4370719894635,445.51327400268315,3199.536802324203
2025-04-26 01:45:00,450.3944212615033,453.1373065995033,447.90700763480675,452.4915477004821,9638.30863056085
2025-04-26 02:00:00,447.9709555266841,452.0672622172276,440.1610320455688,445.66803161402663,6004.407753107131
2025-04-26 02:15:00,443.21650001297417,442.1932028966441,431.7202579391114,441.76812390382395,4498.492336367864
2025-04-26 02:30:00,441.44118835903225,439.58378919193547,430.0853074446858,439.1031977248414,4074.7764169796587
2025-04-26 02:45:00,428.4731338766268,439.47784238703446,424.43716191641875,430.0668830920224,6533.63262855819
2025-04-26 03:00:00,442.60885659191223,450.2511826460521,443.6470514097428,447.9339999637054,378.3123958799981
2025-04-26 03:15:00,455.5193904727742,458.8998949223481,447.8645625602085,456.37741315377684,5193.51254781593
2025-04-26 03:30:00,443.482367452467,450.4396590273897,435.50828380509387,439.38141359378324,9622.139042371466
2025-04-26 03:45:00,459.04404068931825,464.47934802134404,452.9103485452174,461.74079097110393,2390.7829801486937
2025-04-26 04:00:00,459.9963070759476,471.82735940213416,457.93529574282024,459.38206016406957,7434.252395793799
2025-04-26 04:15:00,474.0553201647379,478.6303718089632,465.0444692800294,466.7346410819571,4573.274486946063
2025-04-26 04:30:00,480.3328553468106,481.39943602342885,470.74037044331175,475.06443342922864,2335.598365720687
2025-04-26 04:45:00,482.9715643331396,491.028985911938,479.4397503285174,480.41101037134564,2825.083752369704
2025-04-26 05:00:00,497.230666055715,498.2582527693954,487.5269330445151,492.85660824804233,2034.1282612411103
2025-04-26 05:15:00,483.10226673238776,493.47100747557033,484.6103922228462,490.34066646389084,1057.3134334172219
2025-04-26 05:30:00,506.7631275719304,508.61744586883185,499.17435439158953,502.24608940514116,8514.328692342018
2025-04-26 05:45:00,485.44983149823514,492.67303013415267,486.1710363905539,484.27551682515707,7642.6113264830265
2025-04-26 06:00:00,483.76114814608724,493.4868611017301,482.37023737182767,485.39005118689187,6446.350451922026
2025-04-26 06:15:00,493.2983707603147,500.7736612088708,492.2204907086568,498.2849352819471,5907.014078043803
2025-04-26 06:30:00,490.28262092009464,494.69358763706197,483.94048166032246,492.02013062094613,9175.70471410121
2025-04-26 06:45:00,497.7669349299069,508.20011692962623,498.31612422174175,504.8219778079194,7262.532319669186
2025-04-26 07:00:00,485.1580098227778,487.0420310387859,477.8025026549272,482.79703222576774,4931.06002458899
2025-04-26 07:15:00,476.7764049596579,484.12536068272505,472.9521874702656,479.1643932618661,2646.366819117371
2025-04-26 07:30:00,464.81682441667965,465.64371917018804,452.8498210511483,457.442055439891,8740.975715667955
2025-04-26 07:45:00,439.5952267021808,444.4149872645349,431.49557547686965,435.2177588328656,3663.83057574929
2025-04-26 08:00:00,427.23036914654836,433.26030158023866,425.2794035568518,431.32149048388357,970.0514475889935
2025-04-26 08:15:00,428.5396194127127,430.10410965333006,418.31608331419085,419.73615597596483,7756.179583136241
2025-04-26 08:30:00,439.044820240638,447.86378254387137,437.30324018123446,445.691409693182,5569.510848748412
2025-04-26 08:45:00,428.209848873416,435.41082103535604,422.4557899872889,430.2085201800039,7185.645708344976
2025-04-26 09:00:00,428.1429434090994,430.1310851348886,422.16960279173287,429.3687221175646,8450.012476157975
2025-04-26 09:15:00,451.43154887100405,453.7789815610452,443.8880130596132,446.7070192979179,6809.599766673525
2025-04-26 09:30:00,418.5496409519424,426.8010352353444,415.20883599551314,419.38235928633844,637.0516881538647
2025-04-26 09:45:00,397.18355840350466,404.8615626554392,395.9061023606519,404.72037181981125,2613.0471669480257
2025-04-26 10:00:00,384.33872626297665,385.3599775274944,380.1994027967353,381.9809167059461,8422.316993394097
2025-04-26 10:15:00,374.11985645608144,382.4230792095144,372.8685963120852,371.88358111772476,7551.107243501322
2025-04-26 10:30:00,368.00943475305826,374.54392982499604,363.47280297774984,366.15027604922545,439.35346415480194
2025-04-26 10:45:00,350.692754197712,360.0690210934475,349.8970565959941,352.02780670332874,5788.620327749681
2025-04-26 11:00:00,331.064548755129,332.000765347531,323.96933597864205,332.2547916023219,4480.154584650622
2025-04-26 11:15:00,316.43777882796195,319.4194051256018,311.07884065842484,315.9825360908831,8181.40374851036
2025-04-26 11:30:00,323.5217084581929,326.43635603548637,315.2955554676575,320.2468246842604,4215.556416985163
2025-04-26 11:45:00,308.5078118876264,308.35556767221874,297.9475283884668,300.1060470729479,953.1707177062614
2025-04-26 12:00:00,270.92929656976975,277.6418895663746,264.6619926148011,273.34695800868286,6847.097841177595
2025-04-26 12:15:00,270.24741849709255,281.8291043969544,270.50369377902115,279.60067491393704,6191.867011477134
2025-04-26 12:30:00,243.10903979510974,255.0033270542052,240.59400518391897,245.19491706590102,9471.512939930868
2025-04-26 12:45:00,235.84558030901746,242.92896661548497,232.77627309166385,243.44109198093287,7461.323867516753
2025-04-26 13:00:00,228.24049196459697,232.07290739452492,219.25612958990777,222.29942583193733,2219.139807290447
2025-04-26 13:15:00,237.2546643893189,248.25479170388996,238.4617672589562,237.98221428479525,2521.3817117155927
2025-04-26 13:30:00,286.8067111732584,293.8595289436754,287.9219190900889,292.6730900499102,9189.09932706046
2025-04-26 13:45:00,287.35792957114813,292.71292721376665,282.6412235190774,289.54708961548295,4968.891247108841
2025-04-26 14:00:00,305.0561500943777,312.90626722928187,302.3079544771524,302.8511469379916,3463.9421230170174
2025-04-26 14:15:00,295.3749332140949,303.6295006057548,292.41555989056076,296.1599216276005,4529.364724404395
2025-04-26 14:30:00,300.58746348208643,308.8339619424348,298.261556474239,303.81668735178687,2488.6735368952764
2025-04-26 14:45:00,288.6181032663456,293.16270598660867,281.26248742219366,285.88979846826186,2736.087675198506
2025-04-26 15:00:00,300.81081470822903,302.5185958423475,293.25310975543545,299.80319102829924,5649.002637373142
2025-04-26 15:15:00,301.82172301209147,303.04751122597037,294.2906783995946,300.66574958170685,1688.4256789236558
2025-04-26 15:30:00,314.6814462798109,321.05288587582027,312.8294488791394,320.37174703800645,1586.8749088422887
2025-04-26 15:45:00,301.58957212835367,308.9698548450749,297.03427389586557,306.9312541087303,2903.565494608179
2025-04-26 16:00:00,290.74084660621617,298.2645872475789,291.21078482732776,298.24318105222534,242.69608970505615
2025-04-26 16:15:00,275.3726112175157,282.74541769598363,268.48166457901397,279.6592358426713,4817.025922684259
2025-04-26 16:30:00,251.93249963729602,262.26924410394184,254.43837545175992,254.3179051753512,5541.888443519513
2025-04-26 16:45:00,269.9846495675425,269.90022358752606,261.31148346090276,267.8825263982124,137.16885838798598
2025-04-26 17:00:00,271.8388816957481,277.34900809153174,267.5378965907067,273.58479359733764,6075.698549661115
2025-04-26 17:15:00,280.06163942126045,282.48436075807024,273.49984929591244,277.4598292111568,5592.117935774921
2025-04-26 17:30:00,273.37891899415513,275.9884442021832,266.5418335816409,268.75869409454566,9848.183955980718
2025-04-26 17:45:00,277.3895026988184,277.5147321724808,265.82107178601746,268.98175505430737,606.4929321128832
2025-04-26 18:00:00,272.1189637654865,274.5140341382525,267.7987125657881,268.0679160807646,9547.043556674138
2025-04-26 18:15:00,257.8672351531494,262.7772158323698,253.32232150971987,260.47372955261943,9310.716195611036
2025-04-26 18:30:00,256.963558311965,260.1307717250733,251.14046963648272,252.63423688063477,5919.058316561987
2025-04-26 18:45:00,262.0737279402613,268.19400201867415,257.17936574025566,263.0362166744666,7518.258526588279
2025-04-26 19:00:00,251.2515565995056,255.83053572698216,246.77045774340425,252.30377009021365,6188.061074550457
2025-04-26 19:15:00,241.42025556368603,250.57998195861865,238.5477953053875,242.91887740018825,9138.574929969838
2025-04-26 19:30:00,244.5765515120532,251.14728164910522,240.37282612581942,246.50800709340248,2462.6083863041317
2025-04-26 19:45:00,246.40299589607642,255.30770135179347,243.10457171339692,247.24743830760244,463.2125583635362
2025-04-26 20:00:00,239.28905705492946,243.30694903361314,227.72435719497352,238.62166065031073,204.26563147278287
2025-04-26 20:15:00,232.12260896661854,238.55518434710035,231.149574059718,231.28933656862392,5724.885716921358
2025-04-26 20:30:00,249.086774209225,250.07674448257623,245.4753249191239,248.90394676399808,6846.880309582468
2025-04-26 20:45:00,243.76898129068798,254.59691188643347,241.60508918088624,249.4147785880727,4405.718390535426
2025-04-26 21:00:00,237.6024371516297,241.6304600215055,235.50396909043292,239.1587641419272,7519.728293506703
2025-04-26 21:15:00,228.59151864480523,235.67005707229632,225.0233228598789,227.6919165883549,3245.5216104046303
2025-04-26 21:30:00,215.85480657993315,218.56254657431148,211.1604927573521,216.9178705172155,6374.986248304655
2025-04-26 21:45:00,238.3239935397387,241.2779974352107,230.44465957601045,239.4460026750729,6346.901723021828
2025-04-26 22:00:00,255.67268550523949,261.99982534232623,254.70096616203088,258.8538694527216,9782.002185426187
2025-04-26 22:15:00,257.0998246050263,266.01934954405823,258.3098865380122,257.31569595396763,9419.061547590058
2025-04-26 22:30:00,232.306963699582,238.67098083536038,226.18179616555776,233.18877908338143,4875.501842348826
2025-04-26 22:45:00,253.10812554748404,257.01969565085466,250.10916061794674,254.97923212737874,4050.74768818872
2025-04-26 23:00:00,263.5084070072095,261.7618893203082,254.17362703963022,258.8788899219621,9133.76799299458
2025-04-26 23:15:00,253.42199930921552,252.0109399135237,244.8206408691776,245.2679993485469,6247.433446280238
2025-04-26 23:30:00,257.0865474298103,262.9115949240427,254.59500699414056,258.9821961084117,6358.254367222315
2025-04-26 23:45:00,264.15709422241196,268.4022806213687,259.18768312971116,261.8975559602291,3915.996820227259
2025-04-27 00:00:00,236.5945052087662,246.1222624372994,234.8590375136708,235.63990278369275,4939.85267989034
2025-04-27 00:15:00,235.01277488285595,239.6755782362352,233.38436779698964,233.1239071073104,9616.897534563821
2025-04-27 00:30:00,222.80378270304104,222.90092574958703,212.9533962608496,221.41378158343323,9387.25141531563
2025-04-27 00:45:00,240.98596909157163,240.43331759634344,230.68261954163393,240.97846428190218,672.2631947142238
2025-04-27 01:00:00,225.14693994190193,225.1616058443523,214.5338333271652,226.750057288936,318.1072683367805
2025-04-27 01:15:00,231.95035909282188,240.4779375003332,229.44554410442467,238.65089728035602,8164.6439477995145
2025-04-27 01:30:00,213.28701249203925,214.0051420880512,204.54510335529733,209.6488722825706,3661.2846089247546
2025-04-27 01:45:00,218.83923764904472,223.02814657723167,217.45290450478444,222.0659831561553,1599.7862336343592
2025-04-27 02:00:00,215.9975687489949,220.5755375158797,209.3395880791428,215.1547247616436,698.395540151329
2025-04-27 02:15:00,208.00616662600325,214.11623077919862,203.69837144290153,212.3912371771795,4777.7949733143405
2025-04-27 02:30:00,197.10438379269965,203.47295523642003,189.20997775738866,198.87638674833346,5322.754009317036
2025-04-27 02:45:00,186.78398728812897,190.51369460307419,176.3340727255959,177.9826044124079,7492.730445956405
2025-04-27 03:00:00,194.2453343887824,203.43032474649021,190.8084405572712,198.5259067782883,9200.118778136462
2025-04-27 03:15:00,211.4765569318989,219.44902243546625,207.2621858165459,210.92746609264205,1142.4203242529154
2025-04-27 03:30:00,212.09661178589212,214.64824961712242,202.86162015240419,213.2782021240029,7093.150878570635
2025-04-27 03:45:00,217.6577077643479,221.09222760364895,213.62047644519853,216.5187282978976,2685.6651508413834
2025-04-27 04:00:00,225.71809218017353,229.1798465748566,217.42601023630465,220.80957203869758,7761.447024876427
2025-04-27 04:15:00,212.96842398505967,217.00618194838057,208.30595470454037,213.81096571627904,4157.57706606472
2025-04-27 04:30:00,216.17228246310287,215.8473049897734,206.64928938420428,208.6063538034634,5894.511644130555
2025-04-27 04:45:00,205.8996613904361,211.39327001203395,198.3881543916902,202.8474554071432,6845.628179847224
2025-04-27 05:00:00,193.09595156492864,203.6677959417837,188.2724484362412,196.6263224864132,7912.0408981832115
2025-04-27 05:15:00,199.1862547374818,206.4912834867781,193.07928965660062,199.3599506280586,2602.216814052936
2025-04-27 05:30:00,205.18951840515405,206.81291502195126,199.95226858534338,199.6876279142717,1849.1906086304134
2025-04-27 05:45:00,199.67074355372537,205.92740989252283,192.75293764839788,197.05768539470304,7080.114758414283
2025-04-27 06:00:00,195.3460365804503,208.22508306623232,197.87283001513904,200.33562408564032,4541.146892927867
2025-04-27 06:15:00,193.31360963339674,193.4240608627159,187.00328055236878,193.678823025109,2273.641898698679
2025-04-27 06:30:00,186.0764864318182,185.79126897283226,178.03662851729234,179.42323876646782,7288.865383711086
2025-04-27 06:45:00,177.98481917870257,178.68406661906178,169.78715383742335,170.1262963473671,5586.15822727794
2025-04-27 07:00:00,172.58174558582724,173.3983464164128,164.2138503503314,173.76221505599142,527.7945986330968
2025-04-27 07:15:00,151.2668722902508,152.90675801110973,146.34083853077485,149.10392844160168,3199.103909815309
2025-04-27 07:30:00,112.74177463629982,123.9452856303759,112.90167744338217,114.34962375965792,2587.956210578485
2025-04-27 07:45:00,143.9996069571306,141.92771734496762,133.34962692822705,140.68693292674936,9981.962151686143
2025-04-27 08:00:00,128.00774684217623,133.05551598175686,119.4430100107476,121.74491921411125,1536.5465112452252
2025-04-27 08:15:00,145.87392320966043,155.75546491140733,144.77413391684323,152.46275382108016,2553.8504108980364
2025-04-27 08:30:00,158.46359733797397,162.55215134634025,149.7654996934554,158.26840254748555,8889.719157579939
2025-04-27 08:45:00,146.44509011777427,147.82807133688712,142.36703289703283,148.4983489977749,576.9063531615569
2025-04-27 09:00:00,174.44634752403874,180.53960919872713,172.2901281162087,171.7098267569442,4843.435436988752
2025-04-27 09:15:00,189.48554416469435,188.63627719947507,178.12311577433746,181.45224413997678,9330.044230178863
2025-04-27 09:30:00,185.8968893511604,185.23131904854685,176.73446363732026,179.92816809691865,2809.8630203748107
2025-04-27 09:45:00,164.26434103336155,170.6257969284864,158.44193745854886,162.53081705000847,7777.6388562450675
2025-04-27 10:00:00,151.31661106678962,159.27090945986686,143.88834527214857,152.16162106280416,4230.712106682326
2025-04-27 10:15:00,131.41989849963002,141.46180144629855,130.5084654954872,140.96696706033714,6847.285473127251
2025-04-27 10:30:00,121.23703013808104,126.40846413061321,118.15824125087613,124.81715483042066,2478.2852273413528
2025-04-27 10:45:00,92.82669836695952,104.22913572261135,91.27173102029377,93.14770463334328,9732.366820255067
2025-04-27 11:00:00,116.93375313131821,121.01722607738279,109.97534273064714,117.88235655929654,8543.161592152768
2025-04-27 11:15:00,140.52769356491433,143.92109786207206,131.22935545181753,135.1089098725808,538.6323992594894
2025-04-27 11:30:00,135.99806654981657,144.97492086688067,135.22888571050598,136.64554280601374,9992.960590882654
2025-04-27 11:45:00,148.08012551093185,151.22433861877465,142.50139158448525,146.58981159532627,1732.233967770378
2025-04-27 12:00:00,138.84588007041194,144.75440533335262,134.6818347880176,142.76005937563355,803.5873671083841
2025-04-27 12:15:00,146.2114869877348,154.38010912269408,146.47585381066617,148.13926322241548,3298.1522219386507
2025-04-27 12:30:00,154.0402929299564,157.57669632663624,147.6653317808387,153.0609410788831,5977.192256646992
2025-04-27 12:45:00,162.88104559669625,162.25707903554863,150.94706096227128,154.1739229647076,5206.387585503797
2025-04-27 13:00:00,160.71375507329316,166.00101932951912,152.020910487455,162.05968539905885,4291.35139770443
2025-04-27 13:15:00,161.73088895453597,165.88158388471675,153.40782408870788,154.7282525936489,2888.0306998344677
2025-04-27 13:30:00,153.0396773584994,162.98570476345256,150.75506997982572,158.2361884717322,2734.502110086551
2025-04-27 13:45:00,153.86121812440706,153.59643838407237,142.8433896338292,149.48667796998143,7014.314745578645
2025-04-27 14:00:00,147.31380329631153,147.89751202172044,140.74366084878613,145.30343420073967,8866.52334869607
2025-04-27 14:15:00,112.6032480744715,113.47679155356107,107.66209712728345,114.34152736046536,8564.632523223996
2025-04-27 14:30:00,109.77876054810135,114.74295487042839,109.54256566010922,114.46914655283891,4112.1351484478
2025-04-27 14:45:00,112.58632759600535,114.28473923083129,108.33619565573663,113.07216176361142,6409.511805157706
2025-04-27 15:00:00,121.01507412338384,123.88926533830261,119.0005203395131,123.24327934018982,8651.158189952152
2025-04-27 15:15:00,127.12040617937808,137.29215538300073,128.74281398978093,128.74256832998134,7507.455067955124
2025-04-27 15:30:00,132.44015559237135,135.72711156834905,125.12002842945182,130.34485820599735,339.6708890783406
2025-04-27 15:45:00,128.07827229971534,133.24856005882563,119.17442611080523,123.84137122864242,7264.491005491142
2025-04-27 16:00:00,140.20241596484644,141.52891165453136,128.46705249766845,134.30762675270557,7554.235436949519
2025-04-27 16:15:00,122.97364642916348,134.105005601345,124.53258077748524,126.55138070609709,3615.351163330107
2025-04-27 16:30:00,115.8982830823772,125.98892803583283,114.86100628151871,123.31202578074685,5326.797408530437
2025-04-27 16:45:00,114.43188604226378,121.70532879484182,113.19327255925268,114.09604439214351,9940.245800681092
2025-04-27 17:00:00,120.37218849221912,132.2388049526747,117.28309756499266,129.00095391019642,4809.5669142367105
2025-04-27 17:15:00,152.99200326127743,157.0432119058962,145.21989643772105,157.652567410559,6423.6464721507455
2025-04-27 17:30:00,165.82529570833657,167.80211412157297,158.77871535369405,164.29690619811728,5319.742680765953
2025-04-27 17:45:00,142.5712629758084,148.47906521161096,140.32037178213145,140.97056077234552,7013.041694900771
2025-04-27 18:00:00,135.82518757361495,143.32085041665,133.3231372834076,132.67751612504958,9658.84859691805
2025-04-27 18:15:00,133.62629349491215,139.58228706488777,133.355450434653,134.74395793951652,8059.238379058857
2025-04-27 18:30:00,129.3237017147687,134.8085645653737,126.13286516511364,125.9688058984011,7230.107130757323
2025-04-27 18:45:00,122.84117461108656,129.55819872907446,115.77438128590313,122.26204900312875,6309.710961123575
2025-04-27 19:00:00,121.76945525208019,132.07158712221343,120.22581956991668,129.3121620506802,6061.958442811704
2025-04-27 19:15:00,119.02882169672417,116.85385687147459,111.7121193508695,114.05857287294646,230.6346282501564
2025-04-27 19:30:00,119.22173086015636,124.393818999774,113.7011880906792,115.88032467990725,1345.9874614427877
2025-04-27 19:45:00,115.76549599904037,118.78977288888555,104.66570859043007,112.38796919429821,6916.530857891396
2025-04-27 20:00:00,150.48351230325503,155.70479286193304,143.76253239578298,147.46575423516953,8493.987384166809
2025-04-27 20:15:00,164.2063485342962,168.66018847817298,159.09582326755952,161.91964714286524,6463.952658396849
2025-04-27 20:30:00,133.7612168518458,139.1710114650272,130.56599570063656,134.39913694326557,8952.712565503289
2025-04-27 20:45:00,175.2923217964108,177.5384038168297,165.65741468694029,173.7814055452625,136.97851145691675
2025-04-27 21:00:00,172.3766079225788,174.86303931746045,163.6457584202955,166.57627370242724,768.6477763704149
2025-04-27 21:15:00,197.46728531599666,206.06748685095295,196.76706449458126,203.4308682440475,9163.048133564898
2025-04-27 21:30:00,204.79224317465986,210.10657677789527,196.46962870808676,201.605725237932,3272.1800140028304
2025-04-27 21:45:00,205.27486898753438,204.4664310164111,198.16505499967553,204.3020374982973,3465.427365099976
2025-04-27 22:00:00,204.30962087809502,203.58076376253683,194.1863454172048,203.3321845581124,9244.856063417
2025-04-27 22:15:00,225.70879761401676,228.00964347942326,219.9890240115251,229.50240045627848,7099.234712796815
2025-04-27 22:30:00,220.15695213604747,221.75147307908756,215.14120726756911,213.27499512191773,7800.611461142366
2025-04-27 22:45:00,222.90896913131422,231.81374107747308,222.1975405176795,225.89188952662332,6364.317045156477
2025-04-27 23:00:00,243.29016165796472,248.97651138237717,240.1027834872886,248.41850980778906,8148.59784739767
2025-04-27 23:15:00,232.4139528789199,229.95126513838338,222.1041687904055,224.82942280255108,6208.109424773713
2025-04-27 23:30:00,239.74087035812684,248.86116362587293,237.7626408913787,245.57574490798967,1341.493712037658
2025-04-27 23:45:00,251.59108824196605,254.96639043250178,247.6694002325231,253.20156103152908,3581.3760837329182
2025-04-28 00:00:00,256.1677098685086,257.26345420638864,248.2900734560212,252.22562305393996,8163.929291921935
2025-04-28 00:15:00,287.9034793344209,290.71174314179314,284.49813728470065,288.19071908303994,3117.43792069928
2025-04-28 00:30:00,285.61031828549284,289.618779189096,278.22305562945746,290.30832275085913,4864.077589635198
2025-04-28 00:45:00,271.1761998491639,271.0542903423322,263.4302687347124,261.70895257542406,8207.322957934442
2025-04-28 01:00:00,273.75924414994273,278.6924306906346,264.30021675296587,269.1567503961182,703.5322734019583
2025-04-28 01:15:00,276.61194195213824,281.2340771740506,276.1240570726363,277.78632345533896,6067.9003628651
2025-04-28 01:30:00,253.35331006060932,260.54842991001965,247.50870301496815,252.70228551142512,9640.131098878035
2025-04-28 01:45:00,279.86019293265394,279.81247712611673,268.3344262576017,276.5541648282419,3669.1884376909693
2025-04-28 02:00:00,260.0215365051311,264.7294954685329,260.0251127000645,258.8691846282887,9772.563252133545
2025-04-28 02:15:00,258.5010589878416,267.755570938472,254.57502387897668,261.4344416140643,2527.581875566323
2025-04-28 02:30:00,270.60556924174085,279.1852646673224,265.3170229090479,271.929156668337,3340.964269077242
2025-04-28 02:45:00,253.8752645530266,262.6359101341596,252.15774709438,256.3615889083782,2289.4075982937366
2025-04-28 03:00:00,267.20081781669813,272.8145099769281,262.3576302412259,267.90264615503975,9000.753920992755
2025-04-28 03:15:00,260.4646501914435,266.77242351255296,255.6625932731267,255.43175385363008,2732.516766526596
2025-04-28 03:30:00,244.02006812646073,254.5454822155857,243.29518183053062,245.97299713214187,9306.437111267784
2025-04-28 03:45:00,222.38121983445126,234.18442882284134,222.39153307489963,221.73914531760235,7568.6643226233
2025-04-28 04:00:00,191.9431285387002,194.90622660881849,187.3954454179437,195.32552080637663,5221.327409425753
2025-04-28 04:15:00,194.5998013763605,201.82261636636053,189.1026186730293,199.59424594356017,6570.288021462012
2025-04-28 04:30:00,209.5509393749738,219.82016247052326,208.97477149643794,210.56715277298244,540.8709843373854
2025-04-28 04:45:00,212.22477819737696,218.0301982262569,206.86511658427497,214.92887335751794,4687.093460225386
2025-04-28 05:00:00,204.63040329708554,211.7288135257189,202.08259960621876,207.0091182305765,8361.227808859387
2025-04-28 05:15:00,220.12272479166285,224.53888378881504,214.11838286523448,215.9137597006242,8869.621702354989
2025-04-28 05:30:00,223.52835732218756,223.48406044735688,218.23262008553212,224.03469529481083,1332.6818170207007
2025-04-28 05:45:00,221.12127635152214,225.66109064605126,214.62658365061233,221.01224877574606,2851.0412691364577
2025-04-28 06:00:00,230.4194601660776,234.13012930378906,228.44165387311034,230.5174410521874,3679.270156998768
2025-04-28 06:15:00,217.46454832253355,221.1304295042981,210.96521016867402,222.65949970974262,9229.338419130785
2025-04-28 06:30:00,221.05366057443146,227.7434214892169,219.72426582918084,219.71894168179188,6777.881707438378
2025-04-28 06:45:00,247.96010310524053,247.52306861528032,240.87555140091342,248.86782187106272,3689.6943758149982
2025-04-28 07:00:00,239.41227544046302,247.37588368765614,233.58044567434052,242.52112077125298,4402.476662859107
2025-04-28 07:15:00,259.7661594550618,266.45017678478666,256.35404045107595,263.5029016561462,2345.8498414697674
2025-04-28 07:30:00,299.02046146364614,297.54671949771836,292.2734947027036,290.6745877565988,8858.263052159262
2025-04-28 07:45:00,295.7014428387839,306.6819673232386,295.15969047677896,298.74217078700224,930.2180037086185
2025-04-28 08:00:00,275.533073521264,277.26337678540654,268.1633068253995,276.5242198127739,1462.1703376671096
2025-04-28 08:15:00,286.23693966047495,291.7046731265008,281.8904680192866,288.0156686317205,9961.620398119125
2025-04-28 08:30:00,266.08300218566467,272.90218471086706,264.7510986110591,269.25078512371124,3923.82757596538
2025-04-28 08:45:00,252.41978724801777,257.6036614226496,246.59479737352282,252.48901873367157,7631.31599638615
2025-04-28 09:00:00,243.3813512639327,250.3394831747681,242.84646271070923,248.35292298918512,1801.628625616376
2025-04-28 09:15:00,257.43582973238756,267.6346180972491,257.64015727776143,259.8288786906774,4302.162555444377
2025-04-28 09:30:00,233.18260992108054,240.250760274581,235.0046950773704,238.53655735403888,2604.581178660786
2025-04-28 09:45:00,227.02165992686093,233.1297158442141,221.50091387237484,225.0291240667726,9307.9918284408
2025-04-28 10:00:00,232.11439291957453,236.54341292821744,227.07254007401957,225.9730248203544,3960.562826983573
2025-04-28 10:15:00,248.45602461541634,252.32768700335828,242.54435840937103,247.5028531696773,4268.939591811131
2025-04-28 10:30:00,255.46765542024858,262.29007442805056,249.71409955496728,261.01316447299973,7500.99693604186
2025-04-28 10:45:00,275.79211840748917,275.6267872941382,268.50518131363845,276.65997522623843,4723.469154957136
2025-04-28 11:00:00,281.1151385809728,283.12362499456583,269.64878715434224,273.9946903246669,8175.945328606333
2025-04-28 11:15:00,286.4295574062647,288.13841834824814,276.43125228919405,281.39673921157384,6295.565774108193
2025-04-28 11:30:00,288.0780076429087,300.20161793523823,285.03105213918616,292.9871752683616,943.1691348675239
2025-04-28 11:45:00,295.9322782036464,296.58855502133997,290.4164153344174,298.1773637959701,9257.379313585594
2025-04-28 12:00:00,298.20409220809046,306.09002707766075,298.96866209534215,301.8274919085201,5770.292387221603
2025-04-28 12:15:00,332.62919742388925,337.64396393479535,324.3181898650349,335.00347038107776,6735.11430402458
2025-04-28 12:30:00,354.3329792373141,356.32148847795645,346.4503511346558,346.6944852672534,6705.490035449696
2025-04-28 12:45:00,342.3898105549988,340.07694533929305,331.7901266631011,341.16333064779025,1426.8768967261228
2025-04-28 13:00:00,332.06142885810874,341.25143590028824,328.03335752989943,329.8951767863045,8619.51956110462
2025-04-28 13:15:00,355.3005958899482,360.99488289761507,350.0814343838226,348.88817765598,5085.721644670541
2025-04-28 13:30:00,368.215181817205,375.3644561302117,363.3404280644241,369.35130697731154,2003.714494478646
2025-04-28 13:45:00,358.28812594964074,367.70592837568364,358.08615919911796,365.92766310719594,1859.353447192914
2025-04-28 14:00:00,338.78627401048266,342.4560345873692,329.10322251012667,339.39066150520523,3218.3473492533
2025-04-28 14:15:00,317.0374255763983,317.37985409726105,309.9663775963407,313.19526771435363,7930.342919233251
2025-04-28 14:30:00,326.6632782509298,327.69069113745866,318.15550561184705,321.4497238139088,1947.7886793592947
2025-04-28 14:45:00,324.136394594869,326.39634585697115,319.3410716686545,327.21568595995655,6418.658016755813
2025-04-28 15:00:00,326.23452119247366,334.3175279167966,323.7513074262701,324.57637694074936,9787.95951219039
2025-04-28 15:15:00,330.38608577040907,331.84254413934207,323.857579692665,329.3549458086984,1782.2699946713856
2025-04-28 15:30:00,323.4250543403453,332.7718185579177,322.33907766246,331.14636170928213,5839.246154474198
2025-04-28 15:45:00,333.79718386748596,334.98325830486914,326.99366863057264,335.323427294746,4403.212853684226
2025-04-28 16:00:00,316.41065191503486,320.44630210693424,312.87732074701876,317.49395233355386,5517.491689304413
2025-04-28 16:15:00,330.0215194575905,334.9026646440018,325.4227067650277,330.0012641125626,7275.179147855446
2025-04-28 16:30:00,331.25136205922365,336.3965890744646,324.1935149967643,325.07855765191647,3768.1106685677223
2025-04-28 16:45:00,309.73169292225685,314.3094507512145,309.67749118459847,309.3166220178694,2342.540337760432
2025-04-28 17:00:00,302.7201676441455,310.078787670422,301.92579098358294,300.3986458549025,8318.58990779425
2025-04-28 17:15:00,303.8708937870571,308.03595116586064,298.8457015397458,301.799822902956,6139.57356770118
2025-04-28 17:30:00,290.21536334238795,294.9457557799566,283.659102313569,290.4247319585334,4819.477077525732
2025-04-28 17:45:00,260.51183190482277,263.91138126123826,254.14894871300132,259.33123033197035,9289.193892361296
2025-04-28 18:00:00,250.8027537719504,255.3494327565343,243.70871478826663,253.17108747257714,2499.4550118169664
2025-04-28 18:15:00,260.78774043648696,262.7366474889941,255.35990451042733,262.20851121932674,6933.583270144732
2025-04-28 18:30:00,283.3590111830566,289.5735802547802,279.30443522860594,286.2072816122298,1197.6883631012192
2025-04-28 18:45:00,281.0733593511626,282.5598438093749,273.8814606547891,281.34508806141446,1000.3050222369818
2025-04-28 19:00:00,269.9447117666276,276.3802389415465,265.92582081663926,267.2958055549202,8471.315756198248
2025-04-28 19:15:00,260.1568909560625,268.78051920229683,261.1761219502968,261.43951797324945,7885.848073387467
2025-04-28 19:30:00,263.54689933965636,266.5084300026607,253.8315220179425,257.35259295893184,5869.369484154678
2025-04-28 19:45:00,261.30126080800676,265.17658082077685,256.1757233214015,261.04607372815366,1843.9801006573416
2025-04-28 20:00:00,276.89398470331685,276.5824796332178,266.5560352675703,273.3811524271037,9965.118227100558
2025-04-28 20:15:00,263.4288792386445,266.48470841927434,254.8058809998402,263.99340223597886,4770.547511103832
2025-04-28 20:30:00,283.9899948924839,288.64181009718806,274.45212070530306,279.3424400901883,4706.432820975772
2025-04-28 20:45:00,297.7761376209363,299.79385294656737,288.62957898756696,294.16474403135766,3282.3415488214337
2025-04-28 21:00:00,321.1765710630404,327.50137452364015,314.97446761343673,320.70574297507125,4961.5802503682025
2025-04-28 21:15:00,333.93633429067097,337.9214948247253,328.6529510022078,332.4392824923092,2098.8602777916617
2025-04-28 21:30:00,334.113230455307,335.80086186803175,326.845960944417,334.04783086665685,9197.150052760133
2025-04-28 21:45:00,325.42150615402556,326.68036405684614,320.47705899753703,321.0083437122666,5456.887827998851
2025-04-28 22:00:00,318.71560151705404,323.80646462950403,315.8368907977888,319.8971267521182,5718.874836597858
2025-04-28 22:15:00,304.7189776339397,308.1689080465024,299.8318322398687,302.05871075510925,7102.114598126312
2025-04-28 22:30:00,332.56991927911895,337.0296096217944,325.02725154565445,333.1295043268321,1063.7033800619315
2025-04-28 22:45:00,313.37319622840795,317.6956132053498,311.01226538756765,313.9355714353002,8417.537862102043
2025-04-28 23:00:00,308.00915082191455,312.80648405022106,302.13346761117947,307.075301497573,906.3109166866393
2025-04-28 23:15:00,331.09564325239364,339.2324687219113,326.01900757966564,331.0568471212705,395.0482764727966
2025-04-28 23:30:00,331.9409725598073,338.13106908271334,330.5540508974436,331.53822831209834,4422.239942483466
2025-04-28 23:45:00,317.75305980573415,320.73917283284527,316.2652207470809,314.02244166051446,6724.350090776243
2025-04-29 00:00:00,314.46245982429224,315.7408325297231,307.0614893936649,309.8275431952101,8835.242946861492
2025-04-29 00:15:00,285.1699314176404,294.7183790247492,282.3415112389972,282.95678467640755,702.0806348671072
2025-04-29 00:30:00,286.2510334954984,286.7990188185272,280.03279647150634,277.4932030871774,1680.6079000153009
2025-04-29 00:45:00,281.41155621402726,289.8667736750224,279.8690244086023,286.5494977177598,8351.005596559213
2025-04-29 01:00:00,274.7253726866197,283.39430474779476,270.8160607145748,280.0014702288252,8669.348480468145
2025-04-29 01:15:00,256.4630691134205,263.33775215389517,255.3667621603633,259.8293244198569,4790.95128080491
2025-04-29 01:30:00,249.85015568197423,254.94653095469985,245.6887903928393,242.97138353599547,2456.7557743801617
2025-04-29 01:45:00,253.91705902461482,255.47811709029372,245.78279655449114,252.31648745151023,8461.581228276556
2025-04-29 02:00:00,218.3011125044836,227.3911437697536,214.1626377120701,217.22263924168652,773.8829547528219
2025-04-29 02:15:00,227.57247971778918,230.68287974717543,223.9442981532037,230.5021532370537,406.1120777986543
2025-04-29 02:30:00,211.95113317953098,217.95909018631565,206.4219949884092,211.86583102105047,692.3080429173051
2025-04-29 02:45:00,216.6735835314334,224.5887441260537,217.27126863855776,225.64238783026806,8965.104862009188
2025-04-29 03:00:00,217.16199758635454,225.71136752138344,218.5185608733765,220.03631051068027,7740.329259037061
2025-04-29 03:15:00,224.92974612109026,234.83988058731447,225.40346930895265,225.96502483021834,1324.6938882461104
2025-04-29 03:30:00,219.65927122283705,227.0426767407782,214.3857318803736,217.67149669731805,518.0268627560133
2025-04-29 03:45:00,216.09547199273445,217.01354892053413,211.03170535586148,211.83218710283765,2440.4644105677385
2025-04-29 04:00:00,219.07068667700506,228.03630033013243,216.05421956337202,223.99737995821533,2824.6132774963385
2025-04-29 04:15:00,204.1040754095071,210.3634328762256,199.23940623125102,204.81495871163415,4182.535065890246
2025-04-29 04:30:00,228.58408510016073,233.75596342796268,226.68620134867865,226.59264076279914,4948.304223440367
2025-04-29 04:45:00,256.1073624801439,262.2695742552223,246.8868202791474,254.90329178384178,6986.9918356599455
2025-04-29 05:00:00,286.17631763621745,289.2055835484066,277.4100397194895,280.06460830109484,2133.574968464186
2025-04-29 05:15:00,305.6398591260945,307.40543165532534,301.24395591475553,308.1499323320945,4803.352651472827
2025-04-29 05:30:00,309.31674248997297,311.43338275805894,304.13690243416073,304.2274262491733,237.045703181088
2025-04-29 05:45:00,325.86807623981764,330.1838310805817,318.6586784703253,323.35881109348134,1835.1505556376392
2025-04-29 06:00:00,335.114441284993,337.9068443422844,330.6900930511507,334.21825375856895,2657.3476820113633
2025-04-29 06:15:00,323.26054278706965,326.33611017599895,315.47963509674344,321.44814063578866,4549.570607081331
2025-04-29 06:30:00,314.41553544477557,316.3535561441676,310.279244420475,315.6222479103249,3139.3949740191006
2025-04-29 06:45:00,319.7417121803078,325.14301621730203,313.0592082893226,319.772234674411,1806.2297203149672
2025-04-29 07:00:00,317.36909619774804,326.0255933525257,312.013247738375,316.6132688260732,3729.5443368759447
2025-04-29 07:15:00,305.15839343325007,305.28209203026427,295.2522304275103,302.72224981176794,4336.352245640938
2025-04-29 07:30:00,315.4884404981621,317.04357674534623,307.34187951563297,312.60978422524255,4616.855502429923
2025-04-29 07:45:00,333.553622871574,336.8548022061513,329.4600363898041,338.4728871726436,2891.147277308398
2025-04-29 08:00:00,355.03990387242806,362.63916493889764,353.0310269840152,359.56180458485943,2745.8290757143327
2025-04-29 08:15:00,366.79033087937404,375.605997722784,367.7616726989737,371.4329857718974,4375.058612767624
2025-04-29 08:30:00,386.84462928531326,387.8408700690985,378.55567926009894,381.36093619169105,5300.781870624051
2025-04-29 08:45:00,402.6218242819083,412.02164323941736,397.32635198105345,405.23936674926,4597.542059230746
2025-04-29 09:00:00,408.3152065988388,411.720713201156,398.0819693962764,402.5344401805225,2771.1473387020897
2025-04-29 09:15:00,424.8179140426374,431.1259121753529,418.9108756166064,424.87077046331746,1054.2929353161153
2025-04-29 09:30:00,460.46011064815093,462.6068837468975,454.50250564776076,459.36316001892646,4338.426491639824
2025-04-29 09:45:00,468.43056360921275,466.6158245534147,461.84004708659614,463.3205308728242,2581.5339530346782
2025-04-29 10:00:00,467.9118572338807,476.3272030913543,465.8912030854627,468.79140323109345,9498.532604670545
2025-04-29 10:15:00,458.9670848737013,467.6306781662939,455.31797478951114,458.1408093406697,308.7469658031638
2025-04-29 10:30:00,479.06169848014565,479.3530080891108,469.1091272688491,476.0121363425202,8943.188369345138
2025-04-29 10:45:00,465.5913401410955,470.5152025209281,460.6795055847635,470.1783295895821,9796.754592337025
2025-04-29 11:00:00,486.31328121170935,490.65772535088547,480.8323500417807,485.4459183170527,7837.175960925285
2025-04-29 11:15:00,489.3524139355484,496.4031991863952,488.8047110774915,498.19870398099397,5388.034151509945
2025-04-29 11:30:00,515.7209409181353,520.5954745646269,506.839845249248,509.1679552541911,2302.9290583765683
2025-04-29 11:45:00,515.2024957685205,518.5641067055991,508.0731167316245,509.2331713076625,7872.736894371643
2025-04-29 12:00:00,532.7453849033069,535.0079142000446,529.1380544064289,534.9709474003198,2888.0332661312264
2025-04-29 12:15:00,550.0084275194321,553.3930610933814,546.4127255878954,551.6617700309868,5663.684980220686
2025-04-29 12:30:00,535.2931008241248,532.9663634046861,522.9402526157364,533.5715478453691,4072.4275785192217
2025-04-29 12:45:00,504.2799499342457,513.6657420409501,499.85632423574356,509.91636317235304,3740.1801607350208
2025-04-29 13:00:00,493.1890851020467,497.94604791136595,488.47396396706324,495.7409655356194,2763.5693336633562
2025-04-29 13:15:00,484.8965335778541,488.6952744703985,479.0011414211102,481.6353395660759,2622.518023008027
2025-04-29 13:30:00,473.46654741560076,479.01130465350116,470.2869521507579,471.8627146169979,600.4231997816437
2025-04-29 13:45:00,462.7067206190578,463.11027946548506,451.6002978364266,453.3300258754151,8984.79977296281
2025-04-29 14:00:00,448.88840873183744,453.55245198835956,443.13481315562916,449.14093492233326,4035.0107476725316
2025-04-29 14:15:00,447.28014807149236,455.58331264445417,443.19236528560526,450.7401017215705,7273.200573088096
2025-04-29 14:30:00,467.6684534492489,476.4025426799537,467.2874544821214,472.7384721128394,4133.283878813221
2025-04-29 14:45:00,456.2876116233417,463.28862698215187,457.25337847459457,455.15151120070453,8213.059581805479
2025-04-29 15:00:00,482.68602277563616,484.4691647842484,472.82159803943057,482.379090065632,8623.320406525421
2025-04-29 15:15:00,497.42972764068674,500.97884834922104,491.90512040529984,496.5851387449313,8589.40650643723
2025-04-29 15:30:00,479.0010923890591,488.9988394516968,475.59389553887377,476.6741303041515,5461.551694123859
2025-04-29 15:45:00,506.8854802026558,516.6407917069083,502.0757124748925,511.1756836706975,1055.3994664532324
2025-04-29 16:00:00,516.1952555231207,517.9793556730373,509.2118339978774,512.8168109024137,8805.54549684112
2025-04-29 16:15:00,524.0796887087267,530.0739040603893,524.4125335205463,524.1522975218719,1690.3250474587544
2025-04-29 16:30:00,514.2166464928006,516.411978050289,506.92583268804606,517.2213396406871,9299.749849818132
2025-04-29 16:45:00,533.8808088125389,540.4898138242522,530.2598472660355,534.3790176901791,4852.197915132097
2025-04-29 17:00:00,533.6820796836231,535.2585463329109,524.9202028642143,531.9447750369561,6890.138527016226
2025-04-29 17:15:00,519.4580537478508,520.6726900752832,510.3644159361639,511.05381461082266,3537.78964019601
2025-04-29 17:30:00,524.6375430095909,525.4715664206168,514.4557594066541,516.8295843810705,596.0163389968116
2025-04-29 17:45:00,530.810035633057,528.9330667009775,520.7899096505324,523.00122113021,4648.373999650382
2025-04-29 18:00:00,514.5171132612542,514.042339844467,505.6411970111146,515.4246666803151,3971.3341175352098
2025-04-29 18:15:00,534.8867827091052,533.1791047629298,526.3675731604222,525.7949630318789,3056.8025747048723
2025-04-29 18:30:00,527.4517969844417,530.5154042389653,518.1618684530366,524.8351467373269,5195.921230163536
2025-04-29 18:45:00,530.9037588259631,535.884386716256,522.9452642350291,533.079295369943,3699.736367912842
2025-04-29 19:00:00,550.9454626194972,558.2620874304557,544.9852593520291,554.4300827092954,7975.319779700925
2025-04-29 19:15:00,557.4286501586648,560.4605327332096,549.0131656729551,556.5915261906683,7834.238093710364
2025-04-29 19:30:00,549.983228505001,553.15907604689,541.8878121361419,547.3464844184887,6386.040348350537
2025-04-29 19:45:00,567.103747683874,570.0020147106521,564.3777974229731,562.9379809828771,9418.26593774486
2025-04-29 20:00:00,576.089377473709,583.6997432070519,575.1366767452182,581.0965760970912,1754.624838438405
2025-04-29 20:15:00,585.3700798887623,585.7406473167847,578.2241201238235,583.8030913255858,3207.0036831391667
2025-04-29 20:30:00,578.7094486714055,583.2766430514879,575.372208647176,573.2414722465711,7513.102993932595
2025-04-29 20:45:00,595.8972496053884,595.743822790222,587.0556165992512,593.6877019097774,399.447785179044
2025-04-29 21:00:00,601.3682591114849,601.7176554187083,593.8971553998343,594.6223789341309,524.9808131864495
2025-04-29 21:15:00,601.4416100851689,607.4293547727962,595.0940765478302,605.4750338317084,9253.991871543181
2025-04-29 21:30:00,629.7424654146428,633.2704381700463,625.2814996459218,626.7111949599228,3385.005264650262
2025-04-29 21:45:00,616.3929573438926,620.4516411186971,611.3858070982448,616.0792402941578,3674.712688444508
2025-04-29 22:00:00,598.7002279534491,606.0553551533385,596.1078625506856,601.6852364040041,2876.0992388224618
2025-04-29 22:15:00,584.5904954400584,595.0710410220355,580.7944322385131,588.3292677439408,5836.580480057443
2025-04-29 22:30:00,584.0033140577145,589.3317531745786,578.150094909783,580.8863846305426,1961.135949298103
2025-04-29 22:45:00,575.7605743143021,578.5135565581952,573.2899062841323,575.0252591331234,8155.735675744464
2025-04-29 23:00:00,586.664427711894,591.4230582740753,581.0717406097147,585.7484863889316,1438.3817168025362
2025-04-29 23:15:00,589.2229086111024,598.9054058788332,590.43247474919,594.3357149907068,797.6369877604656
2025-04-29 23:30:00,592.0186251097646,592.7712552024939,586.248437122424,594.0303128406166,7106.601933821929
2025-04-29 23:45:00,611.2525594859408,614.9265449340772,603.2140442306389,611.8040044790268,493.7559092044833
2025-04-30 00:00:00,581.2660188966536,586.438635627679,580.7796125072409,586.6536710706999,9631.873693873882
2025-04-30 00:15:00,585.9609219947907,594.54505543268,581.9947447735624,593.8837337237212,9737.148113096746
2025-04-30 00:30:00,605.7443983976349,613.5244788922187,602.770861090779,607.7855316080377,5652.890922952303
2025-04-30 00:45:00,611.5424505669102,615.745979301176,605.764660665246,613.1709269779216,5545.611429096979
2025-04-30 01:00:00,642.4303286412364,643.3419815846131,632.8144488013866,639.0028484376359,4053.0748228641874
2025-04-30 01:15:00,627.3915138163102,633.826251033475,622.948562070262,627.068926829887,2574.7086258868367
2025-04-30 01:30:00,628.9915925788051,633.3268757007539,625.8094109648046,631.8371945125825,9622.199556193109
2025-04-30 01:45:00,654.5544107715676,663.4611029882064,651.9595368965536,652.1158420682503,6600.389347013016
2025-04-30 02:00:00,663.2544193059438,671.0160276902387,660.8059920621597,664.7753161567297,1253.1510069630322
2025-04-30 02:15:00,658.1610926303998,667.1705831764756,658.916101431347,667.5890444052584,4218.0429571735185
2025-04-30 02:30:00,669.3893649464502,674.0961636874151,662.9921419095024,668.3827879231992,8159.34678555544
2025-04-30 02:45:00,660.329801083449,667.6987271660818,659.6081771683971,661.9314178638256,1188.1530837008763
2025-04-30 03:00:00,677.8195524442746,679.7108960582146,672.3133074833173,675.2573062332809,9574.18332200978
2025-04-30 03:15:00,688.0714452819683,696.1158823360507,688.4514411097088,695.357657503091,8127.298938446484
2025-04-30 03:30:00,713.8513533956892,712.1711395919494,702.8948110559794,712.8864580522189,3621.379551154476
2025-04-30 03:45:00,700.5221253404586,708.2092235937283,696.9771450313548,701.4970406834552,284.66733332222566
2025-04-30 04:00:00,694.7695016274042,700.714451128128,695.8471216882441,698.5259963837749,1313.9884380359247
2025-04-30 04:15:00,679.8949802691317,686.841056978455,678.0162819599308,680.266961997576,3826.6001570811945
2025-04-30 04:30:00,671.6862503940933,678.6345577724743,670.4999169960134,677.5445037232064,6209.2457199878145
2025-04-30 04:45:00,698.277977185333,702.8459163990606,691.1989128893256,697.8522933540345,4072.9307293372926
2025-04-30 05:00:00,683.8160203497829,686.7620146549783,677.7479577801299,678.1549873110222,2250.2370019933037
2025-04-30 05:15:00,697.5000101264624,700.0957120728172,685.5065294074186,689.8724833286212,6807.481323317153
2025-04-30 05:30:00,697.5153102082285,701.076117384445,691.8968001099048,697.7166271020014,5561.362966363062
2025-04-30 05:45:00,688.0775906565514,691.6906549819706,684.4871874415022,685.2564599622796,9651.853723377006
2025-04-30 06:00:00,686.1546845737374,688.9357505729599,682.6830535766312,685.5521729811237,6011.515204298463
2025-04-30 06:15:00,703.7975492376979,706.7326300438774,697.6438608886554,706.1427128773233,8335.296217863164
2025-04-30 06:30:00,702.8074551081953,712.3174359730588,700.9145269417905,710.381759516027,5639.055878537273
2025-04-30 06:45:00,709.3647321832564,714.9028639081223,707.9892229840555,713.8876610968167,4943.471674070117
2025-04-30 07:00:00,689.8712033594231,693.7536125527424,683.7045551459108,684.7039381058283,209.42186711435545
2025-04-30 07:15:00,687.7646806667348,693.8463925109703,682.781240555184,694.3265299271156,2674.63739602243
2025-04-30 07:30:00,698.1639874605,698.7356231115868,690.8543719961394,699.2325791504325,1185.6851292260897
2025-04-30 07:45:00,693.1884464247756,697.2910454985363,690.7348206121885,697.42681613831,9799.731992870986
2025-04-30 08:00:00,685.7214109475453,688.5648234365273,682.0406666951052,686.7970212565622,7345.463743567333
2025-04-30 08:15:00,690.5522212008694,690.6524094294853,682.0521337042336,684.2379297124565,3171.9475775976944
2025-04-30 08:30:00,667.9330701803651,679.0136923588378,666.435169122337,673.796601687419,8219.640431323562
2025-04-30 08:45:00,670.3228496491637,668.5185360513714,659.60271250018,663.2592795845717,8247.644872956844
2025-04-30 09:00:00,654.135186797081,655.5592166406842,647.2340392705044,648.8853183862786,7952.964456106624
2025-04-30 09:15:00,624.7030630754799,634.0919529748925,624.9144814560857,630.199577608576,5550.00043123201
2025-04-30 09:30:00,657.6450560336698,660.447320645365,650.3891942634125,656.1869910150793,6664.738523608864
2025-04-30 09:45:00,657.7176406799078,663.4390879001143,651.9966303272695,656.5347098202128,417.4971447938278
2025-04-30 10:00:00,653.5182430976593,661.8213929148301,649.6375237411253,658.7612500081034,4098.400400236349
2025-04-30 10:15:00,659.246849707255,668.8591760382224,660.3286959291934,660.7866736864745,3574.6724258179024
2025-04-30 10:30:00,655.3573742061258,661.3416633400416,654.3704838962328,656.8659650642753,2970.547448860592
2025-04-30 10:45:00,684.8877096781969,682.8303622258567,676.1628742338461,684.9714593395903,6754.870077619427
2025-04-30 11:00:00,701.589109170499,706.2797205305661,695.723222489144,702.336358353075,1087.583515078452
2025-04-30 11:15:00,700.1294918635515,700.1196991368626,693.5604554549207,699.6850308199811,9313.536818442066
2025-04-30 11:30:00,708.5136652125018,710.917042721247,702.4129149575995,702.701650898807,348.3012998448153
2025-04-30 11:45:00,707.6445768937865,710.0660820407758,696.4112433395392,708.0002947329709,1697.5881739408158
2025-04-30 12:00:00,712.614899731785,715.0913893712449,700.9198650018575,703.9773804694503,8279.945637353248
2025-04-30 12:15:00,698.5735784253914,705.2269716123977,693.2806830331035,696.0760330235727,8220.314865927481
2025-04-30 12:30:00,730.792597579225,741.4485625058736,729.3108542407992,733.865870035395,6993.918245348163
2025-04-30 12:45:00,765.2990127003059,767.4229670324121,757.9986754671014,764.519911520998,4502.895343068637
2025-04-30 13:00:00,768.851821027873,767.4706301655781,761.0279041876465,762.7907180499037,120.27073398386628
2025-04-30 13:15:00,762.3670026801174,766.6222436803988,757.0412651582086,757.4009842103189,3625.7935609725323
2025-04-30 13:30:00,761.3131717653889,763.6432785915072,752.5603951502912,756.9729993265217,9309.745986614817
2025-04-30 13:45:00,749.4512330589531,751.9020846371534,738.7199809178411,743.6775511993155,5802.707288606949
2025-04-30 14:00:00,748.3664771468164,755.915644633316,742.5233260680903,745.5497670122112,4800.414899141124
2025-04-30 14:15:00,755.5735120642075,759.0712324840646,747.6727617616151,756.9026604581984,2181.660024872168
2025-04-30 14:30:00,752.7096971440798,760.297416416488,752.3461656424978,751.8137678329157,3374.2948141962465
2025-04-30 14:45:00,765.4427899658085,772.5021607979502,762.0129608968591,768.7848134001941,174.9482025334379
2025-04-30 15:00:00,776.2846748483987,775.2069514880383,766.8555431327384,772.7932228147785,4246.045348884104
2025-04-30 15:15:00,769.0744850460632,771.3610603633872,760.0304799869284,763.7177580834276,4335.003862591016
2025-04-30 15:30:00,749.5954866851055,753.1088268830689,744.9873167749683,751.9957770227471,2050.5312144795917
2025-04-30 15:45:00,777.0932278865952,780.1997641709324,771.7823702436428,775.9888723610217,6635.557795583904
2025-04-30 16:00:00,809.5757134365647,818.1058356763028,807.5669492992648,814.973083804234,2491.7089331970715
2025-04-30 16:15:00,819.0843923222516,824.8888881575136,814.2724403586834,821.7852679678958,7008.127879165808
2025-04-30 16:30:00,821.7218524349774,827.2122863561013,816.4132463909372,825.521660594032,8873.445713543886
2025-04-30 16:45:00,781.9666068616604,789.2581645005681,778.0333594421927,782.9914846459632,3295.39367387121
2025-04-30 17:00:00,794.8834631482853,801.1577235650344,792.7650183562874,796.0900086083021,1604.8042173487927
2025-04-30 17:15:00,790.8303850455244,802.8279598782201,788.1666904008346,793.3494977056106,4586.616990667825
2025-04-30 17:30:00,772.4189010244995,774.6286624876122,763.6007601306379,770.9141176654391,2442.08843527649
2025-04-30 17:45:00,777.4592323799828,780.3983420347752,772.0365962777025,778.3244802035965,4814.74358391225
2025-04-30 18:00:00,777.477616253928,782.8533781288315,775.1431046116031,779.0014677480237,860.2578943022896
2025-04-30 18:15:00,805.1087345790561,815.0279844257099,805.9656564682446,807.033345478913,4493.1959874124805
2025-04-30 18:30:00,813.2162410862971,820.6584563608048,806.1105890284412,815.8828355670606,9589.961559227848
2025-04-30 18:45:00,820.9744895188479,824.7323907661997,810.1137804681231,815.1390724047179,7476.800080896119
2025-04-30 19:00:00,802.3734024924762,804.6811009181563,791.611772192978,799.4960831384087,2382.4710512382803
2025-04-30 19:15:00,798.5483119097662,802.406055163695,793.6020032676893,794.9129627243045,5062.471221924057
2025-04-30 19:30:00,810.6008318733891,810.3866056229568,804.1111555563525,802.6376489198491,6289.167240584995
2025-04-30 19:45:00,822.4976467231611,832.5722342672287,817.6083456049226,828.8537713476468,178.6568027378201
2025-04-30 20:00:00,823.518000348555,826.0746208758956,813.545495396179,816.9637951188463,5099.574965857134
2025-04-30 20:15:00,824.609756587109,828.2303506629227,817.2761004760389,821.8623471862719,2010.5348621719588
2025-04-30 20:30:00,814.3838298185052,814.8152452134341,806.3436189390227,813.9122711523246,1945.9078156513897
2025-04-30 20:45:00,836.5972766245717,845.1074439532224,837.2446533805088,840.462249637699,7650.142313741139
2025-04-30 21:00:00,823.414618776775,825.4756245467559,813.8978767226844,824.8095636723033,1461.7664575996237
2025-04-30 21:15:00,842.0220303612391,847.0809646059433,842.6667777984194,847.7499837737129,4167.481230364254
2025-04-30 21:30:00,842.9348432265384,848.3750199562033,842.8290086156577,843.2705345102349,9403.227329306907
2025-04-30 21:45:00,841.5288471181158,851.4233812846712,839.2487728443632,846.5505289262167,959.091965547808
2025-04-30 22:00:00,857.9079195919098,859.0591772540241,848.2447306073047,850.4938851382825,8083.1133194190925
2025-04-30 22:15:00,871.5378234531534,877.1291262677248,863.6239698947961,870.3447214874865,9943.606166046637
2025-04-30 22:30:00,843.9219950915079,846.2242410850592,836.9158336350113,840.818230581229,8246.81845867579
2025-04-30 22:45:00,845.0153103227823,845.8025242100133,835.9186919426965,840.5282597930038,6042.236647034726
2025-04-30 23:00:00,857.2581427236636,865.6550640298302,856.8804978399829,862.3462618920939,5124.605664157572
2025-04-30 23:15:00,854.2035430194283,857.5415496323757,846.9385424822304,857.9765155642613,3788.0308748670714
2025-04-30 23:30:00,888.1587599016708,893.4921718372552,885.484867354213,887.3376672228129,906.1833975602051
2025-04-30 23:45:00,907.9201733573566,909.7223573372087,900.3096689625748,905.3834587579839,612.8469130073282
2025-05-01 00:00:00,898.5909034427717,906.771158260861,896.153446748007,903.5954952259847,9179.493759035035
2025-05-01 00:15:00,906.9018900884128,910.3592272670261,902.8365224280911,903.2533318621678,7253.287369989568
2025-05-01 00:30:00,881.6383565699493,883.6638274406343,869.0424312113205,877.9971512572118,3109.0335657014007
2025-05-01 00:45:00,872.0507044830734,872.6851669540588,862.6996823221875,873.8045763460077,8505.339333428168
2025-05-01 01:00:00,876.6665337371902,877.3247993053475,868.2104009679099,867.7616759257018,6211.641361158411
2025-05-01 01:15:00,851.0262308935212,853.840524931438,845.6811931182297,851.1010558773731,3354.7393236714133
2025-05-01 01:30:00,817.8372408220077,827.3912480717795,819.2374964661099,826.9221611374933,1595.1402458454322
2025-05-01 01:45:00,858.1370842774948,860.9907480656361,850.487803941056,857.0336371420775,8547.530681421127
2025-05-01 02:00:00,848.0996748161806,851.853140551152,840.0679963756927,844.5732679412846,6081.110662643948
2025-05-01 02:15:00,811.4363565043899,815.3822313574864,805.5278780859038,812.6918419677362,5957.352177533069
2025-05-01 02:30:00,836.639755052007,840.5764475280953,836.2873511699963,839.3402305687215,4835.659407145643
2025-05-01 02:45:00,854.4092083342388,860.9063424842221,853.4079177083765,860.7833861691336,6541.795713580299
2025-05-01 03:00:00,856.7440691766591,863.1239273452773,852.409806688938,854.7562116475971,1212.050794271075
2025-05-01 03:15:00,861.6388869417684,864.1845238478908,855.1812803990023,853.9317908455758,3843.4231094407196
2025-05-01 03:30:00,861.1931411854265,868.1162063945105,858.3507125620364,865.5813567334591,8033.400694885778
2025-05-01 03:45:00,872.605100748814,875.0021003940166,868.1984693638185,874.6718279126711,4925.399375562342
2025-05-01 04:00:00,866.3642254015263,869.7438246645642,860.7084630259036,869.6500901030126,1837.235886495038
2025-05-01 04:15:00,872.6578808099694,875.6425055928703,869.2229603947475,876.4740489506959,9365.188985051353
2025-05-01 04:30:00,874.6537223039177,879.8303333664282,874.0490419086957,881.1680179141844,6735.047548839396
2025-05-01 04:45:00,889.6135990067881,893.9769534402363,882.9202601940577,889.2222876314902,2848.8889620647938
2025-05-01 05:00:00,894.3927144690618,901.2940597974318,894.2188217231966,900.0699386161565,3758.6981891262753
2025-05-01 05:15:00,901.2187162180901,908.0456879363073,902.072191430399,909.7864927456673,8658.65800282642
2025-05-01 05:30:00,920.955921137742,928.9111548588012,922.3150842193108,924.2709915785309,7610.926923449267
2025-05-01 05:45:00,917.5322276825683,929.3178090230264,920.0538006674643,918.7830609765214,6094.934866218357
2025-05-01 06:00:00,902.4422696174184,909.0115179207688,901.1576005484152,910.7998600325332,5918.346882597389
2025-05-01 06:15:00,905.7539372754018,914.006735438329,902.3814263261925,904.5763748796236,3970.002031901937
2025-05-01 06:30:00,926.0138675767498,933.3179765935388,919.6560583791819,928.9196164837363,8795.223645587923
2025-05-01 06:45:00,916.0772183375761,919.8425943072328,909.4338483857686,911.6724629708306,5023.094889593527
2025-05-01 07:00:00,914.8134879925368,913.92839721143,907.4138000507124,909.5039069568039,2581.8782377700045
2025-05-01 07:15:00,926.5062210106136,932.4203473251712,922.8806242915203,926.7602790267841,8509.590884561532
2025-05-01 07:30:00,939.7406002407092,947.0910892516719,935.362112234374,937.4505706965111,6658.23143683614
2025-05-01 07:45:00,954.747713849837,963.1571093898641,953.5992353926823,957.2586591124617,9282.303800650292
2025-05-01 08:00:00,954.6723407162223,958.2600218321068,947.7685279966885,948.4608173592462,3332.7641132791205
2025-05-01 08:15:00,940.005244066296,950.8912197934376,940.9597683123288,940.8182542730152,8163.352576801402
2025-05-01 08:30:00,922.8024372051324,928.4666092715771,918.7035773947973,923.0897051422389,7070.945474156224
2025-05-01 08:45:00,921.431615608564,930.7136623752306,917.726408737567,926.8769178353981,9587.051906967554
2025-05-01 09:00:00,911.11405816012,909.5418953592514,900.4999337722539,903.3388253770813,374.8482213449278
2025-05-01 09:15:00,911.4941058487898,914.1917982596478,900.8379390295844,911.4972581026498,3723.773357890629
2025-05-01 09:30:00,917.4663608813609,915.8425572117262,906.6730309545221,908.5498308107068,4472.665671908272
2025-05-01 09:45:00,937.856552412315,935.4325073963004,930.2296704998561,936.4490704164134,5075.857152836821
2025-05-01 10:00:00,927.7275889424496,932.0568783392494,921.0424939612409,923.7878645636979,5790.853977078868
2025-05-01 10:15:00,928.4201334255044,933.1204271972699,922.4435948384179,921.786505860975,3620.2333192688075
2025-05-01 10:30:00,945.7143372596207,955.9526116059124,946.7109443477522,946.5233447794659,4049.2589773470336
2025-05-01 10:45:00,943.8948928250767,948.2075420907202,939.5704179650431,948.2924918319842,680.6410576309695
2025-05-01 11:00:00,922.2745941535552,925.4288577228442,920.8794419196688,921.4460738339766,6946.425877330759
2025-05-01 11:15:00,908.2132955961285,913.2020104141412,901.9591716166763,904.2865413215471,9935.175552800854
2025-05-01 11:30:00,900.0057442000923,906.1731927489626,892.4128977005074,897.7393794568977,1025.732074187299
2025-05-01 11:45:00,882.1901654863638,888.3167545053091,875.9759962451126,882.15388499525,4383.148377218028
2025-05-01 12:00:00,896.0908969010908,900.5138125719936,893.3410888564634,899.7162849937173,8239.517399473403
2025-05-01 12:15:00,879.1032230535917,888.2727874334853,877.6314970458011,878.4078743266398,5902.578652059235
2025-05-01 12:30:00,902.1943601945967,903.3010567131316,894.4164894316768,898.2831285928797,8534.622867451062
2025-05-01 12:45:00,880.5523704477547,891.6291930731365,881.0875333129908,885.5484529890787,3969.3269014517314
2025-05-01 13:00:00,882.6296861415174,882.7659494847147,873.9753036004752,878.7152893532153,3207.063809761353
2025-05-01 13:15:00,868.4264559288279,873.4545244716293,866.9931370017877,864.81857506939,2885.8802371785664
2025-05-01 13:30:00,880.3799627606435,883.0088072188303,871.9496989436834,878.5442252560515,8642.442663594598
2025-05-01 13:45:00,910.5004234613375,913.7373172089607,904.8204181908112,903.4612969703778,2876.8640783282017
2025-05-01 14:00:00,885.5362541983152,886.5762387352885,877.7201501682949,881.4527544011087,8541.623868880508
2025-05-01 14:15:00,874.5171268651795,882.8975797532589,871.2105678783923,877.7595734788474,9814.862097226895
2025-05-01 14:30:00,845.6977721060294,853.4802184141656,842.5682880656184,844.8856550185324,9363.417160045681
2025-05-01 14:45:00,838.8666330075787,836.6229465581888,827.6699682801424,834.707919038396,2065.7743374629654
2025-05-01 15:00:00,829.900127710626,837.3681467952888,831.5750129035647,833.3988949044306,6467.364067037983
2025-05-01 15:15:00,826.6250584110301,828.3007227839962,819.3197129823945,824.1167829061436,2294.5364440701605
2025-05-01 15:30:00,845.2933066186935,851.7340849337735,843.4196414122573,841.0509439150563,904.5330337915237
2025-05-01 15:45:00,844.1088190958071,844.1693352923955,836.5814274768115,844.8566371804868,3179.0234183633534
2025-05-01 16:00:00,854.4066452850233,859.3776476374678,847.972578727993,859.1052093091723,6831.630318432135
2025-05-01 16:15:00,863.2849960519709,869.1554420187106,857.3920848728236,858.6100002222056,8113.962861543483
2025-05-01 16:30:00,848.4065437331454,854.8527643239737,844.600102236386,849.8693479846148,2728.6456961140398
2025-05-01 16:45:00,834.7221984711999,843.8047551411141,835.8566839769253,840.7217385072951,8288.058718005079
2025-05-01 17:00:00,819.7153832991975,828.616411235771,815.5471489519767,828.4743011928158,1035.5520745583647
2025-05-01 17:15:00,791.5779834010988,799.1603689895081,787.494723691765,790.5477972627151,9556.434712428894
2025-05-01 17:30:00,816.2426135374271,819.0946021429736,809.9030446662586,814.3551375863216,138.30846480846446
2025-05-01 17:45:00,823.824003188591,826.8533768177189,818.8118798655593,825.251345460061,6665.895410493764
2025-05-01 18:00:00,799.3927348937008,797.6664400969846,787.5834240484546,799.922729237699,3592.3774548032843
2025-05-01 18:15:00,813.75935310449,817.9241685757086,805.9994512441183,813.3122533591497,5704.380890733059
2025-05-01 18:30:00,804.7344937985055,812.8726889509794,801.2137106391766,808.1719882149828,8527.909816826615
2025-05-01 18:45:00,807.9650048058312,810.6866793265162,804.5660134367478,803.9991572690468,2329.5287421033763
2025-05-01 19:00:00,805.446677883895,815.0732684460754,802.5808847067539,813.3519422719113,2037.323706501016
2025-05-01 19:15:00,796.0338007199047,803.5921072905819,796.5521322017194,801.401621492905,7562.328149914245
2025-05-01 19:30:00,792.1206434158651,793.4607799411358,786.5608902913093,789.0020815716474,1974.7545097562006
2025-05-01 19:45:00,784.4773390350174,795.7269362798937,780.9126571431399,792.4169581290374,6603.569579679503
2025-05-01 20:00:00,822.3902913258195,827.791284579884,815.2559193578587,821.3656496635383,8636.801328634063
2025-05-01 20:15:00,824.8101995771632,833.0734635982838,821.7780125446448,826.3787346131146,8151.396852750051
2025-05-01 20:30:00,837.643614679165,848.953573660443,838.8743703660623,839.7429182778216,7260.141601731841
2025-05-01 20:45:00,846.5588950645208,854.3819618198872,845.552052520997,848.2648846015308,9776.11660887072
2025-05-01 21:00:00,850.3893631843536,853.2585629558928,841.2181723168267,845.0214316457246,3593.8921712186993
2025-05-01 21:15:00,859.771703623144,864.959308302406,851.7583357332923,862.5242398958383,5083.528458865448
2025-05-01 21:30:00,870.197551701292,872.2917413495308,859.5819702006315,866.9366008432409,956.7332455010567
2025-05-01 21:45:00,882.6788228838841,887.0292643862028,879.2608272832932,881.6040048497454,1476.4374444161163
2025-05-01 22:00:00,883.1337760500627,887.1583087591746,876.6670086019618,883.3326490267227,2746.8090488819707
2025-05-01 22:15:00,860.963032486111,861.6623012012974,848.7092384270169,855.2621887196208,2545.389230109964
2025-05-01 22:30:00,833.2574451180544,844.8395647028523,832.3310447995588,841.7604744923269,7273.158715383811
2025-05-01 22:45:00,821.6229643087618,832.8004660658269,818.779858742849,825.364934226704,9151.808333930092
2025-05-01 23:00:00,825.691373464927,830.4602922112119,815.3641555207919,820.3147095546178,7780.427442374951
2025-05-01 23:15:00,821.3441321539963,824.9949518475343,814.0964316641252,824.3521251441848,7971.227387094506
2025-05-01 23:30:00,834.4539073352202,838.7413102632377,830.888659805205,830.2642186467922,7853.114215348859
2025-05-01 23:45:00,832.1202810610943,842.9748517995312,830.337371976169,835.1583283795862,8406.541759909145
2025-05-02 00:00:00,845.0552404732788,850.251439207141,840.5816691182064,844.6132915512717,364.09175153831796
2025-05-02 00:15:00,850.3205607527907,856.8323925659283,846.9929805705403,849.624369519691,145.47442785769073
2025-05-02 00:30:00,884.6568865928989,887.0855469683869,876.823728846432,875.6608048905241,5366.351257040703
2025-05-02 00:45:00,901.8718724883635,906.5731072412306,896.7381000085874,906.4209287336544,9350.800415321795
2025-05-02 01:00:00,901.8412654105466,904.1370091289316,891.9509009620119,894.7603445835937,7955.808424280593
2025-05-02 01:15:00,910.6101446152527,916.4403921926756,905.9642056765467,912.5768817663404,9349.079314620816
2025-05-02 01:30:00,902.3973414907375,911.484337599306,903.0906464530408,910.4385599771716,4576.636860701341
2025-05-02 01:45:00,903.2796286178661,900.7129178408035,891.7517969497007,899.1216528284997,4013.081356113583
2025-05-02 02:00:00,890.5670067855224,890.5899899392342,883.2369045952876,883.4153254108344,5282.909930799011
2025-05-02 02:15:00,886.4519910445894,894.6398096894463,880.3862390584925,890.3305795205563,8275.66488713062
2025-05-02 02:30:00,911.8168908672549,922.7137226199669,912.5213626994534,910.464380763572,6399.378801647376
2025-05-02 02:45:00,892.2545668642927,893.3933508525815,881.1581688421886,893.4542633409303,7414.357030583011
2025-05-02 03:00:00,887.6323974107604,895.3198959384855,886.8921279485643,885.0360073938936,8022.201895312582
2025-05-02 03:15:00,899.0241752557208,901.8896032321799,895.0799659001933,897.0971541948477,5153.236167694351
2025-05-02 03:30:00,921.8768477902689,922.5746547663075,911.9343678871601,921.1435150862691,1226.3478642452417
2025-05-02 03:45:00,876.1923267526934,876.7354866337785,869.2312490153741,870.5315603669485,6971.35969970824
2025-05-02 04:00:00,873.5909485181638,876.0794219854305,865.2859431232099,873.587363047402,5003.597979709862
2025-05-02 04:15:00,870.2699066844561,876.4505720753718,868.7715202299293,876.7647365165552,6733.181155639171
2025-05-02 04:30:00,840.0849605808808,847.5514815101561,837.3271573424539,836.4470938734102,205.41844066924665
2025-05-02 04:45:00,835.8234910590506,838.2165705739568,827.4839221534005,837.1609565791347,6296.557522542732
2025-05-02 05:00:00,848.9750404019738,850.4298540587297,840.2307277813701,844.8550530838077,5517.3282178871905
2025-05-02 05:15:00,842.7470131295928,849.04581888703,837.4431727197361,838.634873463148,4563.776270549602
2025-05-02 05:30:00,844.1571956691128,846.341353176604,837.5021496764422,839.4220671854085,3299.5248175770544
2025-05-02 05:45:00,849.4488412345794,848.2724924112125,840.3090626657614,850.2103820573982,1867.7268395843
2025-05-02 06:00:00,855.4389244613143,859.9370189912559,851.2839821046418,853.0841635625619,8251.288102668803
2025-05-02 06:15:00,845.4358767346655,846.2379316090758,838.4878150654388,836.999502250724,5179.415486248001
2025-05-02 06:30:00,840.6493408099097,841.2908816254862,833.390982121694,841.957625654533,6854.270856451547
2025-05-02 06:45:00,833.4400560370987,840.97214897599,832.0241791444801,833.4531966373062,8207.553397433328
2025-05-02 07:00:00,842.9564394857596,847.8431850694776,835.8971309534048,841.7511549214228,2967.721326839239
2025-05-02 07:15:00,849.9560435167297,850.8242816764831,841.1527605489777,849.612694920453,5380.831435586006
2025-05-02 07:30:00,833.1481164970573,830.581395580108,826.0704434275432,825.2613484359832,5828.602224933421
2025-05-02 07:45:00,819.4818847650846,823.0086180294686,816.8388297388441,821.3684128057561,3018.638481296539
2025-05-02 08:00:00,792.1549252715467,802.1830206759438,792.0810461946375,796.0866118368815,4400.8121674760605
2025-05-02 08:15:00,827.7902725352554,828.3247398095124,816.1035059735976,820.349474812805,2447.786657069402
2025-05-02 08:30:00,810.2615155170445,819.0834621632893,807.5078273750186,815.2527037113923,2058.46320399508
2025-05-02 08:45:00,803.2564445830195,810.2301400089165,797.9535646306093,798.4079535713915,7977.602200031446
2025-05-02 09:00:00,788.9493304168499,793.5059771879778,783.4528776553313,788.4148540437926,7046.98425093627
2025-05-02 09:15:00,753.1471306268502,760.7668359799002,748.8424757010932,750.1164588787036,9764.510004297419
2025-05-02 09:30:00,753.8110689996715,754.7407753360221,742.5891942519111,754.9298736105354,9913.413170520615
2025-05-02 09:45:00,750.1630484913992,758.7679921234503,745.8341232167378,752.8497579980394,4249.288591674266
2025-05-02 10:00:00,734.9628065723006,742.6929067980712,729.9955367198193,739.7251831441481,8936.810037779003
2025-05-02 10:15:00,713.3062312626193,720.482185256076,708.8652718874339,715.1038949152553,9023.45526117522
2025-05-02 10:30:00,716.0006321163904,719.6382213621591,709.6356625037496,710.2161417836372,2046.8480336009513
2025-05-02 10:45:00,716.2322223808504,726.567460743153,712.2988276397703,722.4460342616162,3459.259433815549
2025-05-02 11:00:00,717.2249617668333,722.3416228243694,714.0884418318897,713.8988523645073,185.15394868612006
2025-05-02 11:15:00,729.5172073062271,735.7652657207308,725.9027563782857,730.1313052644359,2995.8544269696054
2025-05-02 11:30:00,728.1890645541292,734.5996350006353,724.0881239873355,732.485145948424,9420.135171129634
2025-05-02 11:45:00,729.637351916548,734.5554234871851,724.213472631706,729.8141517764564,1424.6694243912416
2025-05-02 12:00:00,734.2538221498626,734.8120186031738,726.3506766554752,730.2399370991828,5244.592625919767
2025-05-02 12:15:00,730.917709811497,736.4282964937702,726.5841153758672,729.8540565870605,4310.88781847194
2025-05-02 12:30:00,748.9314586620895,752.8493372049134,745.8715445833707,750.3737965543381,8464.300716918053
2025-05-02 12:45:00,721.0054579339661,730.7701619511552,722.4247108686437,729.2517322983656,8089.431497262612
2025-05-02 13:00:00,733.335846783788,739.8528169066401,733.0045144740417,733.1534398489096,7461.606601828483
2025-05-02 13:15:00,729.2359276406398,734.1212329541737,724.2010860887051,734.3928713484393,8539.065676944214
2025-05-02 13:30:00,737.9052777907373,738.1085663690089,729.0139711450728,729.4293372718142,3052.18519851714
2025-05-02 13:45:00,734.3692453133581,746.3476258246609,733.5913223469155,736.672428077547,1218.8442123855207
2025-05-02 14:00:00,733.5546345730581,741.7846017208965,730.9765342993578,740.1084070346003,3444.023000502049
2025-05-02 14:15:00,745.6462317353877,754.5893621517556,740.9955017446182,745.312816626038,468.96318763417037
2025-05-02 14:30:00,734.5738306433232,743.0926498375794,733.5134645127299,736.6870928260098,1415.4720451184003
2025-05-02 14:45:00,751.662759918133,758.4598786747342,751.401911122175,753.3949738771129,9248.591969795294
2025-05-02 15:00:00,779.0421668821527,778.9521666491038,771.8198274318673,771.8205879401686,5611.932542097101
2025-05-02 15:15:00,792.4051678171222,799.0642517187562,786.5710746639396,790.0332003306819,429.6467186638727
2025-05-02 15:30:00,804.4282779970474,803.6438522392282,795.7851901224748,797.2776402034863,1438.512424798648
2025-05-02 15:45:00,794.8945664673606,802.9852455933518,795.6577834837727,796.4464211544613,159.87377294999385
2025-05-02 16:00:00,790.3421324928136,798.1460653510976,788.1893459881381,791.8171873404051,5335.306119446993
2025-05-02 16:15:00,765.1415291410761,770.7201826459064,760.679706555462,772.991920218497,4690.256058022216
2025-05-02 16:30:00,776.9962137054605,777.6521393782599,765.7776595812524,771.5461194343843,7282.1972466517955
2025-05-02 16:45:00,766.8324436702397,772.1036443203375,758.371284277651,769.4034637566391,9146.382785819991
2025-05-02 17:00:00,773.1276661990421,778.935280029144,767.0182156821448,777.6260396489118,6383.621880578398
2025-05-02 17:15:00,781.9639153979901,789.7295320064868,781.9883948693365,789.1125746938158,5772.941554993359
2025-05-02 17:30:00,796.0054475190282,799.2273263377662,790.4855506383436,796.4663993590042,8576.605896625071
2025-05-02 17:45:00,792.5448817261463,794.654535500098,790.0311426597765,795.6903315256677,7030.716598328754
2025-05-02 18:00:00,782.1815645578628,786.7665040457014,777.5682652918423,779.4066416641441,6576.501521802962
2025-05-02 18:15:00,791.075980143277,790.9163076362721,785.0378481909798,789.799218549367,6020.647760746328
2025-05-02 18:30:00,815.4291326361858,824.6813115504912,817.3904701256442,821.372392959992,1905.3338435796518
2025-05-02 18:45:00,813.5248306990788,811.2058148645938,802.9769790367258,807.0104178892748,3587.558993721173
2025-05-02 19:00:00,806.3541642856246,809.1395680832981,796.3986216864292,801.4539175241846,382.05659828093496
2025-05-02 19:15:00,793.4672323251849,795.47597469114,789.2963171553681,796.5185165648509,1931.3275852865809
2025-05-02 19:30:00,806.5589722758488,809.4442778940669,803.3549784637688,809.3724769028946,3325.84628916257
2025-05-02 19:45:00,830.4268498898839,838.5527223579761,829.5215249730867,831.8922742338415,1657.5479759910384
2025-05-02 20:00:00,850.4326835723326,852.5308873294983,845.8838419923211,845.2872713014096,3920.239366305309
2025-05-02 20:15:00,835.1954116414552,841.978395790734,834.27268663832,842.2267635988662,8107.948766204753
2025-05-02 20:30:00,820.7606044496097,827.69457599536,818.1273163844041,818.7699668176431,2749.482170027647
2025-05-02 20:45:00,823.8343552146276,829.9425557685853,819.0621805107816,826.466150283884,591.4006312653237
2025-05-02 21:00:00,839.9823931743981,843.690130431115,834.7833768657259,835.7541239880195,9718.284367091635
2025-05-02 21:15:00,834.1378649544016,842.9813717005995,829.8483871572508,838.1366181266166,2316.632186525614
2025-05-02 21:30:00,827.0350067542261,824.9839648938092,816.5527559879977,821.0927281316565,1125.1004774321036
2025-05-02 21:45:00,816.4937670497902,822.5526556386961,813.1024515703272,818.8648081274729,6578.719118269341
2025-05-02 22:00:00,804.3173008502283,807.790118259278,801.2013887734298,803.8929321808819,8965.45748070686
2025-05-02 22:15:00,800.9029885757301,804.5867165185549,794.7016275221514,799.3840867901465,3051.0373023541197
2025-05-02 22:30:00,797.719199458428,802.2082536385562,793.1775423595208,799.0135404580187,8048.69104159914
2025-05-02 22:45:00,772.5276848626269,781.064230960378,773.2828624534784,776.18954724364,9469.178576184579
2025-05-02 23:00:00,798.382574396234,806.4358153961044,793.1620986075682,797.001522788148,2041.7025277623657
2025-05-02 23:15:00,786.9850599864345,787.9784190068956,778.8115963569928,783.462748882001,6543.135157615151
2025-05-02 23:30:00,795.9120490746024,797.830814983861,790.9228581928188,798.5914152216114,5150.024767157485
2025-05-02 23:45:00,787.4111333665563,794.0037357715954,779.7761812136368,784.8511266981802,1265.736057382846
2025-05-03 00:00:00,777.5303147031827,788.2596377631487,774.2889711042735,777.5606928336493,8876.221246911
2025-05-03 00:15:00,767.5038726886662,765.4834823956286,757.1499313731764,767.1227929251373,7549.85766824906
2025-05-03 00:30:00,755.1896886864537,755.297308004719,746.147335654204,749.510638557467,9388.095406294013
2025-05-03 00:45:00,751.597693004282,757.3012572644311,750.2444229212131,757.8819719011892,7474.209114612874
2025-05-03 01:00:00,743.1544749146441,754.9694264711717,744.0664460489112,749.6148625710553,9774.219272532793
2025-05-03 01:15:00,716.5973270947476,722.8991472337697,713.9784606700565,718.8888515735684,717.2838502628084
2025-05-03 01:30:00,721.8664540978269,728.1159262661317,720.9569400093999,729.1435147198142,2863.3864762400585
2025-05-03 01:45:00,731.0675524143044,739.8547435315909,727.86095202641,735.9486025117967,2614.519859581299
2025-05-03 02:00:00,725.6680430154403,725.4276883627492,719.0830392214854,719.2204342951414,9675.334766400678
2025-05-03 02:15:00,736.9389842598415,745.1626461992914,736.4244487525785,738.8155546883827,1538.1601977461767
2025-05-03 02:30:00,749.4318001716548,751.7358764600914,743.1303939263445,752.5073676842579,7635.77508827894
2025-05-03 02:45:00,733.1338664979157,734.7813845293107,725.7310368615816,735.9781126031053,2141.771159177469
2025-05-03 03:00:00,737.632652100097,742.4353091764735,735.1505606512073,742.6992132578723,4605.959411549697
2025-05-03 03:15:00,763.6041845428485,765.7129607674559,758.3614258155925,766.3811769404793,2420.4539289548
2025-05-03 03:30:00,769.1000105657314,776.6447323261476,764.2805154282945,765.445477680386,8776.308653265029
2025-05-03 03:45:00,784.2524184323222,789.0912848559138,775.1899717284397,779.3295169979637,6528.165950799364
2025-05-03 04:00:00,794.3041631734106,798.3422161419408,790.1940633915301,799.1467805029639,1801.3535734228965
2025-05-03 04:15:00,805.2527984578387,809.0238996588683,796.554624271932,805.513217319825,2438.7281467137664
2025-05-03 04:30:00,807.8176790337202,810.9203322559814,802.7681408261514,805.6127793436223,1911.4917500793404
2025-05-03 04:45:00,804.9410627348105,805.2430064501586,799.5162793166008,798.4303922235249,5151.629939390549
2025-05-03 05:00:00,800.2061735908679,806.522333897251,798.4217303526385,805.3097193042764,6361.343483934253
2025-05-03 05:15:00,810.2050108524727,819.1995656938274,809.3671056274104,816.0814250685521,1612.71544867298
2025-05-03 05:30:00,830.2820083040701,832.7110315160978,822.437269408139,823.2110618763427,6345.336065092717
2025-05-03 05:45:00,824.3234224801372,830.9546283219415,821.8014265543057,823.7410507751958,2491.4441467727065
2025-05-03 06:00:00,837.6268805732975,841.6248357682783,832.8499035317534,843.9993246811462,7281.950048799076
2025-05-03 06:15:00,840.1659223820001,848.8826172736989,835.9588274924205,845.0832641188105,2162.0622505537185
2025-05-03 06:30:00,815.5739014752854,815.3616779230246,809.5253159122011,810.0168286354797,1786.6884693786897
2025-05-03 06:45:00,829.0333965080968,831.6046795285745,822.8572918223475,822.8244761595807,7737.466909703284
2025-05-03 07:00:00,825.175261490013,826.4692826393077,819.602630137463,824.9826037542101,362.39303398905486
2025-05-03 07:15:00,825.5032069483989,830.4364334315867,816.3248591418582,826.2202395697744,3117.134691567038
2025-05-03 07:30:00,818.2192799317395,828.8311723661707,815.7436570133383,821.4535490178176,2606.6519341879266
2025-05-03 07:45:00,831.5585073501815,830.1091060238798,823.2867764962418,830.5730342033713,2307.5740156060037
2025-05-03 08:00:00,830.1409016875865,833.7263630732966,820.2296777127273,827.2988748797096,528.6635074243318
2025-05-03 08:15:00,846.518061077701,850.4380627533567,844.2919196663499,849.0095811275762,8996.270645343347
2025-05-03 08:30:00,871.8469975594421,876.3174699566342,869.1302492046011,868.5311991840559,5623.98249955037
2025-05-03 08:45:00,875.1799849655807,883.059444956505,871.1494162671366,877.4062068643129,6524.850454604728
2025-05-03 09:00:00,893.2079452606841,891.9902263057955,883.4783611808431,890.5566255836402,6736.531246271241
2025-05-03 09:15:00,875.3232227242192,880.4519852447648,871.4433692799603,878.7947959797822,172.6801472666367
2025-05-03 09:30:00,858.2569977496587,867.0664184851556,852.211677096301,863.0969662807485,1375.873171388918
2025-05-03 09:45:00,846.0026996173021,855.8753024146613,843.1427771265761,850.1207458424997,9235.996125271262
2025-05-03 10:00:00,844.0369959451497,851.9679936980369,841.1310985343707,847.3883528124636,820.0722621007009
2025-05-03 10:15:00,833.2923768995751,842.5135307866211,830.9145945478417,836.5733762089934,8409.549904538484
2025-05-03 10:30:00,841.6551751560017,841.0048030844883,831.329467992232,832.8180516233093,1860.1071556098912
2025-05-03 10:45:00,838.3697234296455,842.4055596204726,834.6152542753588,843.5357954451048,2697.423622841874
2025-05-03 11:00:00,865.2952159893204,867.8547609951818,856.0857124438869,862.0878396128485,9903.78364140154
2025-05-03 11:15:00,882.0528453179998,884.2882837435437,876.6524607021817,877.2366214566742,2440.8952335067693
2025-05-03 11:30:00,895.5758169629736,894.7311367049952,884.6573930820251,891.1036986691391,5708.323177928262
2025-05-03 11:45:00,880.3987191387107,888.8271427438002,875.5624948630082,887.8644329146293,7930.343240392902
2025-05-03 12:00:00,888.1258013610512,891.9164754083082,880.9105451767789,881.7780935506695,9627.273744402139
2025-05-03 12:15:00,895.3640097609854,901.2417117343817,887.3061560706587,897.497736283002,7728.348945005252
2025-05-03 12:30:00,865.6507140885255,873.8720141321917,860.0438586304487,868.2257640583964,264.07875370301156
2025-05-03 12:45:00,863.1440922653732,868.6408574700316,857.2309532821128,862.689062818865,444.51171694484606
2025-05-03 13:00:00,872.7880159010795,879.5298779298329,871.3789714561244,878.0096843446573,6736.718385817633
2025-05-03 13:15:00,861.562463100197,869.0358660180333,859.28585840693,864.5754364350068,1146.841293723459
2025-05-03 13:30:00,840.5837685830959,847.8192682056534,838.0023683659713,841.9237794648229,5834.941254118049
2025-05-03 13:45:00,874.1950100604682,883.6889760546951,873.5076674149302,873.8702707813054,4572.953943645277
2025-05-03 14:00:00,873.358774998341,875.792378848096,866.0467487300803,865.1675413831894,6934.353503684685
2025-05-03 14:15:00,886.7790217329139,884.4752987655324,876.823494456874,886.3621575767277,9480.830022757935
2025-05-03 14:30:00,848.6485068217116,854.2724403068578,841.63369767987,846.5495133726017,5503.503469643765
2025-05-03 14:45:00,865.339088957587,867.7470791689324,860.8002211247776,862.7552642711394,5944.961373808173
2025-05-03 15:00:00,890.9550483302512,903.0998902010709,891.6750784518628,895.3405776537434,3293.1907061960737
2025-05-03 15:15:00,905.725938043309,908.7411437870526,901.4257445946557,903.7028340909395,2984.2518142030854
2025-05-03 15:30:00,930.6347100823558,933.3637801399278,924.0959573992318,926.0007366506907,8700.75043860203
2025-05-03 15:45:00,927.9028241105664,940.6107002606664,928.187892302335,933.5900458572479,9830.152022059536
2025-05-03 16:00:00,902.8970533667155,907.5547889906189,897.2179010620778,902.438919289397,4467.828601550302
2025-05-03 16:15:00,892.1261337444932,904.2499322366615,889.9114741006117,896.0615464107026,8252.285318501483
2025-05-03 16:30:00,881.4769888016662,884.5706956472055,878.5346792317456,883.054853193926,8680.94242136721
2025-05-03 16:45:00,899.5044004474329,906.9670409198924,897.2754396893962,904.3227287541788,5846.295667072035
2025-05-03 17:00:00,895.262898238047,894.0541819205723,884.177740417874,893.8703161097899,7441.538369445728
2025-05-03 17:15:00,878.3406082922418,879.8664544074298,869.757033773609,873.100627048203,9314.22197460928
2025-05-03 17:30:00,874.3481738715795,881.5546164092399,871.7609480099024,875.9720663733802,2453.7805981668344
2025-05-03 17:45:00,875.6465580384317,882.902858073984,869.8332685173457,871.1947900367876,7729.515375888416
2025-05-03 18:00:00,867.3376264321239,871.1679194979224,863.0666425599238,871.0485770947096,8023.847150498002
2025-05-03 18:15:00,857.4010878613345,863.1130154152632,852.0772752760548,858.8533089775839,2935.521459038544
2025-05-03 18:30:00,886.0256972162628,890.2545773908714,884.3584272297501,891.5439089125599,4280.421081522121
2025-05-03 18:45:00,876.2009115620782,876.8820196115798,866.9068818211911,868.0928886165882,1981.457122321284
2025-05-03 19:00:00,889.4569919582212,897.5250660946618,885.5642243201274,886.4079659906168,1393.3088608614275
2025-05-03 19:15:00,853.0435561398936,857.3380945072107,848.3743940098299,847.1877656704174,9087.413919275874
2025-05-03 19:30:00,873.2012158827417,874.8272259108098,862.1143201204013,873.0962614315146,9366.580687622993
2025-05-03 19:45:00,869.9936676616853,870.9848118804416,861.1848702949418,867.4126466814539,5032.006414586929
2025-05-03 20:00:00,882.635961114111,880.5144657461187,875.6984532668473,876.5126090462635,9476.309160398185
2025-05-03 20:15:00,877.5813303565413,881.3273027935618,870.0156586609481,876.4207840468436,8373.218908164336
2025-05-03 20:30:00,885.0546772927727,888.5440158665915,880.2889318346727,882.363418795625,2110.4254658849845
2025-05-03 20:45:00,886.91800739765,895.9860761315337,880.2144587807481,885.4045991906423,7665.868368802676
2025-05-03 21:00:00,892.172761139651,890.3376353480298,883.2188057047786,883.2213060451647,656.3246338158247
2025-05-03 21:15:00,878.6440271866713,883.3805466761125,877.0703171052721,879.5103090651181,9677.111445642198
2025-05-03 21:30:00,903.5591024750693,903.8207233919444,895.3582298781876,896.9528398154226,4683.516527170687
2025-05-03 21:45:00,884.471452873273,885.730184854507,875.751749467409,885.7834889154021,3009.9333571424904
2025-05-03 22:00:00,875.5174655666565,884.4315741557112,873.9514157365387,878.786892443622,5959.915625984534
2025-05-03 22:15:00,885.4432053627688,893.5445378907929,885.5425390388343,883.6520683459174,1761.592234621346
2025-05-03 22:30:00,854.8084334578483,855.3137963241754,846.7066437110865,856.4471469071858,4667.106852282023
2025-05-03 22:45:00,858.3376696634856,861.6776558819936,851.5864570677702,857.3695624934187,1750.2686498261003
2025-05-03 23:00:00,866.0829468575196,869.6511117417806,857.3322484051158,859.3737853620802,768.2853457326216
2025-05-03 23:15:00,881.9824904877288,893.8754463240551,883.2734233654079,882.899134608176,9949.451089412107
2025-05-03 23:30:00,891.2614887480104,891.7262155133759,884.6778520710294,884.0539243837085,2692.313995543934
2025-05-03 23:45:00,882.0172912794601,881.5936909046094,872.2089223140879,874.677064957844,1786.6021081408937
2025-05-04 00:00:00,866.7907395737595,874.5076122897812,864.9817898461805,868.2451317169639,6401.041955157908
2025-05-04 00:15:00,891.8870799830157,893.215622303177,884.0626042056189,887.1176621302326,5920.234430487311
2025-05-04 00:30:00,880.7167377907056,891.5679939273069,881.5206835735324,886.0533185119842,4456.364503304185
2025-05-04 00:45:00,884.7747093309549,890.2524251481759,875.5974533129084,879.0788001780198,5339.31265072556
2025-05-04 01:00:00,902.5202983405746,912.0566861216618,900.6957134103347,904.4119318894309,3423.0166036893697
2025-05-04 01:15:00,914.2482611422288,915.8158806396368,907.6824583489473,915.015128261943,162.80126944960588
2025-05-04 01:30:00,917.840971807997,927.824559974411,914.5322206780597,917.986008525325,2950.3873636122303
2025-05-04 01:45:00,906.3672034385111,910.9968670091569,904.6134426690977,904.2175478841768,3623.9846131420636
2025-05-04 02:00:00,863.5697628507744,873.3203639648713,862.625611863188,865.2623425432116,485.43500499864757
2025-05-04 02:15:00,870.6769079711497,876.6601069350168,865.5308847664908,872.7710695353512,6001.095029108069
2025-05-04 02:30:00,898.6422094146318,898.6192998814557,887.7866238595494,897.4884105695683,2609.0457888468363
2025-05-04 02:45:00,904.85141189221,906.068754853427,896.7932747779479,900.9515330448412,7424.058161952803
2025-05-04 03:00:00,931.8353907618863,933.3222867069638,920.7777791216967,923.836483295678,453.0423933189473
2025-05-04 03:15:00,949.2909500051042,947.4120698108451,939.566634385613,945.5662526731626,2593.354224638049
2025-05-04 03:30:00,946.9347441921202,947.1998044562231,939.6649150874061,941.7446663716069,1436.2283831282905
2025-05-04 03:45:00,926.5290140556189,931.6204531743327,919.5260914947562,927.2068428379407,5883.882195240455
2025-05-04 04:00:00,930.4129905498452,931.4842150040218,922.5589756616336,923.5794777839673,5417.742041426454
2025-05-04 04:15:00,931.6576117903849,942.6506696930932,931.6731625833836,936.5577934403932,8166.750050950046
2025-05-04 04:30:00,938.0075290098176,938.828768942476,929.7819182390119,931.7452966719699,6337.6157559367375
2025-05-04 04:45:00,921.1561272881778,921.4834409795143,913.2395775080796,914.4257891657988,6586.0584146222445
2025-05-04 05:00:00,905.5441247581655,905.4060470608788,899.8379237289673,899.4662036833652,4601.339823662489
2025-05-04 05:15:00,912.9404578391858,915.1710279332636,904.8136905532759,907.3783963539615,9544.594284064882
2025-05-04 05:30:00,910.7307548380454,920.8001525530315,907.4555870752957,915.5222588391715,2225.4720662303575
2025-05-04 05:45:00,924.423551790934,928.5631851222843,923.6046691450982,921.8057129141312,4336.719671511901
2025-05-04 06:00:00,911.1352306866675,920.2461060351665,906.0303987518056,909.6758060064051,7736.650856963841
2025-05-04 06:15:00,937.2201968664874,942.4499554041705,935.1392284820851,940.7812324892977,4101.158864427036
2025-05-04 06:30:00,919.7745982375436,926.2411299666026,915.1513815038827,921.5369375622324,5142.271776836967
2025-05-04 06:45:00,937.2206411039822,939.7788596182017,927.6945820564243,933.735402202883,5151.448854729437
2025-05-04 07:00:00,934.3576936153161,938.9671128516226,932.8720303532749,939.9908776694409,2180.5800581687286
2025-05-04 07:15:00,936.6417617655762,944.2164026693347,935.7794187262178,943.9169015068804,3684.0800274690478
2025-05-04 07:30:00,922.8421402979186,926.5834626866301,913.1798564998458,915.4856593383815,5144.705853758438
2025-05-04 07:45:00,940.727273798681,950.7038178439486,938.0437834189095,942.274733039966,3985.4266091960553
2025-05-04 08:00:00,930.504668059303,934.4387690234437,926.7506459670693,926.1868819395265,8256.84578291791
2025-05-04 08:15:00,912.5156408928561,922.4990090237128,910.1705568571914,913.3336892654247,415.22539367315994
2025-05-04 08:30:00,915.0088654915631,923.6098208578525,913.6442639010675,922.2962314516321,7665.450656109208
2025-05-04 08:45:00,937.4034143083105,943.2097756890428,929.3069124752685,937.1963994659593,2976.809133546261
2025-05-04 09:00:00,969.0356109344804,975.8475425382878,962.8608652445041,967.2739379769804,9092.021612531113
2025-05-04 09:15:00,972.0849321756084,975.8070373194424,966.4640811203577,974.351161953055,1475.8514822026834
2025-05-04 09:30:00,978.8683466550074,987.8818530998501,977.0921869555912,981.6399468343053,9298.463717018667
2025-05-04 09:45:00,1003.8036115123634,1005.623810464953,996.3168943142834,1003.0110777627037,1838.2142231666046
2025-05-04 10:00:00,1004.3356025054663,1006.7377200412877,999.034002046683,1002.6922529300023,4722.920038764245
2025-05-04 10:15:00,1005.0190623118185,1008.9570601453189,997.9391988265353,998.8328399411782,2414.3772217995725
2025-05-04 10:30:00,1007.8261171499332,1013.4674248051879,1000.5969138096902,1011.9194844127005,4321.231015778997
2025-05-04 10:45:00,1006.1469156855034,1012.7349091199364,1000.9371087115593,1007.2707227984073,3709.155061662607
2025-05-04 11:00:00,1017.8050543528104,1021.455940352103,1007.1014120885185,1014.4711367004223,763.1373136176455
2025-05-04 11:15:00,1033.4662638420189,1041.8754312030103,1030.2864347169732,1035.934433263948,965.0394862789577
2025-05-04 11:30:00,1032.6136038612224,1033.9015734853601,1024.0855581410517,1026.8858959489899,7298.075374075607
2025-05-04 11:45:00,1060.0869457051022,1061.0703973118973,1052.2003089700256,1061.5968810888833,5410.322836270326
2025-05-04 12:00:00,1056.0277729273912,1058.686841535128,1045.9456786025623,1053.4247321595672,6150.455301178511
2025-05-04 12:15:00,1077.1278240591892,1081.8674182194695,1067.1370502475602,1075.8435359542893,4904.621746285941
2025-05-04 12:30:00,1035.8666714061135,1043.1466185248178,1037.0150563563002,1038.41395294499,7934.70546047486
2025-05-04 12:45:00,1047.2985264136603,1054.4294969739854,1048.5613694754275,1054.6153298851027,4107.035950597723
2025-05-04 13:00:00,1049.9308726806858,1061.1452964123762,1050.9170648901543,1057.1763432487724,2552.331171511783
2025-05-04 13:15:00,1037.12507204163,1044.0144839585148,1033.576351439628,1038.517506630979,6055.222394425232
2025-05-04 13:30:00,1012.8493959921846,1021.7373248268447,1011.4656280880946,1016.0126371916751,9315.148218648106
2025-05-04 13:45:00,1039.985080779919,1042.652680126449,1031.815251041799,1033.9030869088854,6392.684891431634
2025-05-04 14:00:00,1046.6017246780953,1052.0575978534582,1042.6757873203546,1043.6206892011528,4969.942324093984
2025-05-04 14:15:00,1069.774080896107,1073.9408028337511,1058.1836317677637,1064.9913900511426,7054.358825909342
2025-05-04 14:30:00,1061.6167557951283,1060.5532769889276,1054.4677373525133,1056.4148256862752,8409.098836374922
2025-05-04 14:45:00,1049.8639563825614,1048.7339576708944,1042.2487452208359,1048.0951464271095,1443.7510945909062
2025-05-04 15:00:00,1045.9333117039416,1047.6389610398587,1038.1511728934158,1038.7293025808838,6408.3267411537945
2025-05-04 15:15:00,1055.2972600450946,1056.1899630545488,1044.4640665840302,1048.6157122152792,2936.4511591178857
2025-05-04 15:30:00,1033.8738790164068,1033.9495047987018,1023.8792294643816,1029.0824281011417,8261.280571796207
2025-05-04 15:45:00,1027.0090022455317,1025.6068356411122,1015.7200833834903,1022.5684543572851,6585.927564382931
2025-05-04 16:00:00,1020.5147857336027,1026.0056904993332,1018.0102798485142,1023.9689637100278,1429.5727791616396
2025-05-04 16:15:00,1029.3998250242466,1032.2269538132575,1024.1457266907591,1031.1676361411764,5435.018904912647
2025-05-04 16:30:00,1036.9980107024064,1037.2026229865162,1029.16627387322,1032.975122770305,6972.773709237186
2025-05-04 16:45:00,1015.2566628574028,1019.048694911557,1006.3551121166068,1015.2558052163921,7355.737936821943
2025-05-04 17:00:00,989.5413651309768,992.9125897340759,979.4003931408503,991.4086421875521,5384.698946340231
2025-05-04 17:15:00,1002.874468444194,1002.3686693979646,994.8962034748079,998.3670775935805,8650.263294621545
2025-05-04 17:30:00,1025.2237426399706,1034.8224417664826,1022.9510578685849,1034.5292019632254,2687.8906014789645
2025-05-04 17:45:00,1036.022985142727,1041.161155117457,1033.723912727688,1035.6854558205328,8840.169371523702
2025-05-04 18:00:00,1033.1128851996368,1037.1535005435474,1031.7129459220253,1030.0609567071076,4448.087984812094
2025-05-04 18:15:00,995.1419322149058,1001.9887988542663,995.2823338485887,999.1100329674182,4567.728523563771
2025-05-04 18:30:00,990.4429015052433,992.1403230352643,983.8834588002746,983.3834610939613,7394.980573857261
2025-05-04 18:45:00,989.3058355704133,997.2298813027535,989.574076085901,992.0100583319584,848.7760505540111
2025-05-04 19:00:00,993.1171259861275,1003.3271246071702,989.8163949831805,997.8157705092694,7647.688929559884
2025-05-04 19:15:00,977.8711357367177,986.2167332378579,976.9816826260534,984.331881463501,931.6117615688507
2025-05-04 19:30:00,969.5360760444996,972.1671070190633,960.8409513618349,972.0653312907034,4958.298334144496
2025-05-04 19:45:00,973.4270039330515,977.574196364003,965.4901315297778,972.4345813934491,6817.889959149867
2025-05-04 20:00:00,948.069632147235,958.4194927762884,946.043938858988,956.3142211694485,9253.904678627561
2025-05-04 20:15:00,953.9171293413389,957.3446499096304,946.3116158023387,951.157316780619,1091.9400159127886
2025-05-04 20:30:00,925.0416917512356,932.9867875688839,923.6208380861823,932.7969909419544,2293.4077529290876
2025-05-04 20:45:00,927.3957298308588,933.306124832804,925.2119639561694,931.8976635815661,2402.186520404342
2025-05-04 21:00:00,926.2817183502069,934.7953436797885,925.2701936821727,931.3764278822143,9449.046157640914
2025-05-04 21:15:00,923.8318011444373,933.170007395255,924.0774322948926,925.761658583202,3865.319648870836
2025-05-04 21:30:00,910.6589514614592,916.1584358304511,910.5500976302217,907.7657276222734,9276.1328500807
2025-05-04 21:45:00,910.9409001801478,916.262057578627,906.9630019622648,908.4019889730964,7601.863574505607
2025-05-04 22:00:00,908.6754515501398,911.5159300135251,902.0262441107184,906.3956766330554,6406.048870223888
2025-05-04 22:15:00,914.3433949975685,920.1504204527512,909.5147891334644,915.2177828059065,9817.138950535471
2025-05-04 22:30:00,898.4701059952816,898.271679923,891.3354790206403,894.500696118263,3997.7196227462164
2025-05-04 22:45:00,885.6267753854844,887.3180694298948,879.5671234239089,881.9978474139733,7443.538327221156
2025-05-04 23:00:00,866.9517896130457,876.0919852242313,865.3707871674134,865.9307827631691,9186.209981428941
2025-05-04 23:15:00,885.1810151922798,887.9990423239988,877.7268585585127,879.8320124464954,3939.4104350572547
2025-05-04 23:30:00,866.1584393296954,873.9160117001815,865.7189994825213,872.6269756366422,2558.0331020185913
2025-05-04 23:45:00,867.7658617146536,876.0519419722351,864.9988987853052,868.8587354641301,5012.463413825081
2025-05-05 00:00:00,893.4574921218956,901.466207043889,888.9810832265484,890.1113360022426,7704.998697259997
2025-05-05 00:15:00,889.2846364168901,899.6890119900777,885.4216850058089,894.5033827249688,9883.236025470764
2025-05-05 00:30:00,895.7913215978801,898.5617000975706,885.6610782203093,889.1056596909096,4804.135397585
2025-05-05 00:45:00,901.7446920748458,909.4663225935454,899.2206852487079,910.3647714478637,4597.232857869675
2025-05-05 01:00:00,887.6836915965691,890.0291204776461,885.2448065333898,890.583681569878,506.74878685842884
2025-05-05 01:15:00,887.4892043281329,891.632470712892,877.4723934590121,886.9586931181799,1305.4886452263997
2025-05-05 01:30:00,871.4859469122691,876.328534503154,862.674528621343,871.5777876795764,625.868207295877
2025-05-05 01:45:00,840.7394630120975,843.8949118084514,833.2119296960595,834.6068839585163,3045.1478827550613
2025-05-05 02:00:00,830.0096634180658,832.919868325224,823.8137151092112,833.473800899155,9973.170231050402
2025-05-05 02:15:00,846.8762309979816,848.8746033406245,841.8246144961373,850.0284383405882,4677.769512805415
2025-05-05 02:30:00,852.0130330071987,859.6851801253604,852.5365751542563,852.3884393106667,8103.06726622341
2025-05-05 02:45:00,854.463477475543,856.3594348366418,845.6546229874493,849.8283886781953,6529.3441364045275
2025-05-05 03:00:00,839.1268766318608,839.4939945386036,832.0420142239974,839.8949560489395,9664.9773464428
2025-05-05 03:15:00,853.8839267061426,857.2466662130951,846.2828071894459,852.3388078889309,5358.48834942487
2025-05-05 03:30:00,875.5690067576157,881.991713544579,871.0514894098321,869.7869134008502,8102.676744037625
2025-05-05 03:45:00,906.8328770447954,915.2419910374091,907.3330180440869,910.7417495997062,639.8581344820167
2025-05-05 04:00:00,895.502612348281,899.4835359896973,884.5137688737594,891.4738429738671,1602.2059074032209
2025-05-05 04:15:00,882.7048040277674,889.1351283460951,876.4897098140523,884.7496478702343,8158.824644353999
2025-05-05 04:30:00,911.7058192699976,910.6335980961167,903.9980914459612,905.7674824770205,4011.2595489487217
2025-05-05 04:45:00,913.3199670270201,918.0475305221203,906.8628088636965,906.4765306716265,3134.752675420879
2025-05-05 05:00:00,921.0500274371027,925.2411571109208,913.1947250838928,916.0962577983535,762.5704475864532
2025-05-05 05:15:00,919.4641435135724,923.5536521574957,909.9572085998492,919.0378199323467,403.1412614351303
2025-05-05 05:30:00,940.7562570370043,943.3984023452995,933.6597674341082,936.1371237933887,9175.790925389612
2025-05-05 05:45:00,910.9952025110942,914.0517240581498,904.8467221053162,911.5727391787661,3836.183793912381
2025-05-05 06:00:00,921.9502894735137,930.2275008765836,916.0610810415072,927.7786475438833,7337.305445365121
2025-05-05 06:15:00,932.4523293067592,934.942850733607,923.8243155666313,928.2446400495255,2665.3231153844877
2025-05-05 06:30:00,906.166164996955,911.9833641896238,904.1913778943925,906.8796906535151,6394.713589852857
2025-05-05 06:45:00,900.5924965736091,911.763480952665,896.9646212624666,904.298941083764,8426.617161709011
2025-05-05 07:00:00,905.9672999604609,915.8039547482058,907.7575241937789,911.1046498758575,1213.4275939174026
2025-05-05 07:15:00,937.922820605943,943.3837581407493,929.8724741841265,940.4917203314886,6887.392453692492
2025-05-05 07:30:00,932.7103254592829,933.5647793290789,923.4556371792505,933.9733042107674,9697.373709150466
2025-05-05 07:45:00,947.9838634359113,948.8512232261653,941.5698837203286,948.6757147019919,8596.349292065313
2025-05-05 08:00:00,936.6049720138586,939.379848306441,927.51002034605,936.4079985171138,7887.513057744495
2025-05-05 08:15:00,955.5911625333695,958.8012995375329,951.5778781953211,958.1492178546141,626.253725255491
2025-05-05 08:30:00,972.4564007340517,977.154644288947,964.5805059373849,971.0344967864951,7361.907846727295
2025-05-05 08:45:00,960.0578792633188,966.4402387540906,955.5421152217245,961.2882361549995,9480.330955729682
2025-05-05 09:00:00,966.3430134209368,971.6493977199493,958.8713345166119,961.5404848524483,1466.345792598797
2025-05-05 09:15:00,987.7854078563424,989.547729175955,981.2258692036772,986.7234742870216,6047.659136032378
2025-05-05 09:30:00,949.2068599058074,952.4322164684248,944.9865159330406,946.5308320342307,9146.368117999937
2025-05-05 09:45:00,961.8586696502828,967.1734651338653,956.89433343912,962.8155230256104,2129.9546252958535
2025-05-05 10:00:00,972.8373589250966,971.7407903964004,962.2660064486237,969.4479520925088,9894.069548669224
2025-05-05 10:15:00,976.7273540754594,981.8045107239201,971.7156306524926,977.4403186732628,7985.248263346166
2025-05-05 10:30:00,978.1186937966252,983.623610991366,974.7033046388948,984.088056000736,567.8087555252653
2025-05-05 10:45:00,976.5518499259618,979.878160845843,971.1511365330873,973.8986723995414,737.4905696527461
2025-05-05 11:00:00,981.9387774039984,988.5521959983015,979.5502123870303,985.7181275421843,3747.06513596926
2025-05-05 11:15:00,1005.3061583962946,1008.1448843414496,995.8058047227578,1000.1178388128243,4654.474595572419
2025-05-05 11:30:00,994.7452090766112,994.7138568863978,989.2337716536603,993.6116046348377,6601.790448347038
2025-05-05 11:45:00,987.2138624790396,991.7953019345548,980.6230421197403,987.0436136346478,6693.68487041936
2025-05-05 12:00:00,993.1738280056217,994.2526748641844,984.6176580765227,988.6314173218741,565.7337271595883
2025-05-05 12:15:00,983.1160148404808,986.8404928795078,977.6461419180935,982.7040961910589,5458.693445569585
2025-05-05 12:30:00,1001.2264668033795,1005.05657061985,992.2099364693047,995.4507314709883,3482.9837253978853
2025-05-05 12:45:00,1020.1844209082253,1026.1541991358927,1015.6091479031012,1015.1591617048542,4631.448548736215
2025-05-05 13:00:00,1003.7793321923792,1003.5966246159196,992.8402881129721,1001.4045223395914,6920.0823018738365
2025-05-05 13:15:00,998.8019233109895,1009.2677954492258,995.3775990079531,999.3561898812228,6512.44031311785
2025-05-05 13:30:00,998.5222359502787,1000.0579652292898,990.3491367518359,997.3715500121909,3258.4502252707243
2025-05-05 13:45:00,994.3226899733062,1001.6666385628558,996.3873506409233,1002.5800226447373,5336.408751806538
2025-05-05 14:00:00,1002.960343445741,1009.8639884497808,1003.991782819564,1011.6193137362684,9730.944318060252
2025-05-05 14:15:00,1026.1562231691928,1031.295308893755,1024.783761726717,1028.6072648048198,5184.708691412736
2025-05-05 14:30:00,1009.4562178150711,1017.5044363658063,1005.9323741507286,1010.1395895607629,8452.824486911724
2025-05-05 14:45:00,1030.2854776778406,1035.969171246486,1023.284701451188,1027.3647159976529,2189.736684409365
2025-05-05 15:00:00,1044.9286394530357,1046.5756298229178,1033.960815227244,1038.494894133443,7795.026875543141
2025-05-05 15:15:00,1040.0060080293354,1046.8923419980756,1035.4787456593256,1037.697606567551,1785.7084354325063
2025-05-05 15:30:00,1028.2143916100217,1031.7450573919534,1021.76452254137,1025.3131322628976,8520.413239365858
2025-05-05 15:45:00,1033.5941908050165,1036.4807978256697,1029.7840849617778,1032.3380564476254,9023.581695726352
2025-05-05 16:00:00,1010.5329465228888,1012.4303588701005,1002.6263637743683,1010.5210844189035,7493.589075134655
2025-05-05 16:15:00,1045.8279604017691,1045.9867073136495,1037.1650016466574,1045.1380817134275,1507.511645779543
2025-05-05 16:30:00,1043.6171013432665,1045.2441186813462,1038.309509014146,1039.0798226529243,4551.754225420239
2025-05-05 16:45:00,1016.969581603303,1028.6380582174445,1012.9946235768605,1023.3099932934615,7609.66656244672
2025-05-05 17:00:00,1040.700824639329,1042.2460691516599,1030.4983808236664,1036.1325175486613,2459.9917845589184
2025-05-05 17:15:00,1067.6933224319214,1072.8059924859674,1060.26644929742,1062.6029444430937,4089.8217176078047
2025-05-05 17:30:00,1057.662429082631,1064.0075720783345,1051.6929643381895,1053.904544127436,646.5486353062875
2025-05-05 17:45:00,1052.515501196462,1063.1537350710146,1049.199980144798,1051.7089974784703,7162.634908165067
2025-05-05 18:00:00,1057.7653315390048,1065.40268430793,1053.2103973764686,1062.4361887601576,7932.0475751972845
2025-05-05 18:15:00,1073.0954620266698,1078.037584655382,1065.297188219633,1070.7426241326536,6590.025260796889
2025-05-05 18:30:00,1066.3609633352798,1068.6524742367048,1058.1387117148818,1062.0487548107658,8152.24987869044
2025-05-05 18:45:00,1071.3891528936538,1078.1806645591253,1067.1574157127252,1076.052307103869,2450.078859173788
2025-05-05 19:00:00,1090.554901372407,1090.4191502398567,1084.2992233903037,1092.2994987949114,6117.627010779392
2025-05-05 19:15:00,1097.4399232563703,1098.8727447692725,1091.0726243819574,1091.6699928235128,8164.978285019355
2025-05-05 19:30:00,1120.0224643149318,1121.075301208289,1111.2388724687464,1118.51266727257,9137.767132037556
2025-05-05 19:45:00,1124.9548526761412,1126.9200036000523,1116.5653265413587,1121.3906485197238,843.498327592222
2025-05-05 20:00:00,1138.3809948210699,1144.460114103392,1137.3234033418553,1137.4719823200574,1926.053359890792
2025-05-05 20:15:00,1167.8115512819984,1169.7813927932275,1160.785910907278,1164.7191996354236,3963.567750039872
2025-05-05 20:30:00,1178.7951043610522,1180.762512061812,1166.917284185166,1174.30518064515,2674.815189676609
2025-05-05 20:45:00,1165.637436419084,1175.006957409147,1164.887125891086,1164.8901110865947,1490.050080320623
2025-05-05 21:00:00,1157.800089639309,1162.6354477531067,1152.4501540246229,1156.468946606653,9402.311971552801
2025-05-05 21:15:00,1166.9380640307222,1170.9750968835694,1164.6500373519889,1166.9271077865856,3987.8211906590914
2025-05-05 21:30:00,1193.5079253403596,1197.7947988881908,1192.8688294836597,1190.3263512942603,1923.5889815748
2025-05-05 21:45:00,1203.3926432164653,1210.4901325421451,1201.377346968192,1203.8591305177586,905.0534247543941
2025-05-05 22:00:00,1206.3858367086705,1212.9719280625989,1205.5782015230825,1206.5854715446333,3997.4549996220508
2025-05-05 22:15:00,1199.6732999136575,1207.1567435951138,1196.1197919627941,1198.421730948885,7487.451840859062
2025-05-05 22:30:00,1216.185590154523,1218.3692319552138,1210.1578255696577,1216.2065090920473,2879.3411160033925
2025-05-05 22:45:00,1183.2747413858365,1193.0898565312357,1179.0992497730524,1190.8244678688916,1572.6735036954246
2025-05-05 23:00:00,1204.683522572306,1207.7700595758363,1196.007476236819,1202.3198179755602,2967.9839349414897
2025-05-05 23:15:00,1200.753866948116,1202.4916337621232,1189.2910521432293,1194.0802439710642,4418.866530422965
2025-05-05 23:30:00,1189.0458218589465,1189.4488765380438,1178.8995884774254,1183.1143379482912,7373.26044494293
2025-05-05 23:45:00,1193.6866077742372,1196.1771339846846,1189.0551399190215,1195.4621437608512,2551.976168986482
2025-05-06 00:00:00,1161.3966374169925,1165.2383106798463,1155.5068576840006,1164.195319667776,884.0102009017339
2025-05-06 00:15:00,1162.235701112645,1163.78775608571,1153.2006297533978,1164.0515319638594,5426.1221465820945
2025-05-06 00:30:00,1167.3690700996171,1168.8210376196837,1159.2842172540752,1160.534937724315,639.9423177942859
2025-05-06 00:45:00,1173.6794390818177,1172.4255616672376,1165.065972215071,1167.5813140225662,7889.416585030536
2025-05-06 01:00:00,1174.4211211845115,1179.5521144770169,1171.7781674625164,1173.8367323420416,6468.661829640565
2025-05-06 01:15:00,1177.8314546257877,1182.4469244759186,1173.3194325261493,1172.2602224430843,9578.234801002434
2025-05-06 01:30:00,1148.2987945642421,1154.84812153097,1145.5310830702076,1151.6368054919526,8787.189884109386
2025-05-06 01:45:00,1149.0532530422304,1153.3134878897793,1144.3196544681798,1151.3389599433306,1131.0392874892702
2025-05-06 02:00:00,1161.6020462625654,1163.8260217369816,1156.0814825970776,1161.8871427099746,4861.199477535372
2025-05-06 02:15:00,1152.8844864026632,1154.174592716527,1143.3769003860598,1153.4609701774943,7463.600368960384
2025-05-06 02:30:00,1137.3230474351128,1137.7617592945503,1131.6189629777787,1132.832002907995,5693.027896588847
2025-05-06 02:45:00,1120.9348108060087,1127.4415541768494,1117.9958382787747,1122.7759126657595,7576.921407670291
2025-05-06 03:00:00,1111.1800172392846,1116.0895889769936,1106.1033643474439,1109.335018092475,7574.382730455464
2025-05-06 03:15:00,1108.3205422461444,1114.1377943655025,1104.0293900095478,1111.2028054876832,5609.4174796626685
2025-05-06 03:30:00,1106.271064260653,1107.472663993553,1096.664150176079,1107.7820154295225,7325.721079058395
2025-05-06 03:45:00,1128.732670963467,1137.8573516412282,1125.8176139563639,1129.5770229370946,3046.8561996083045
2025-05-06 04:00:00,1127.5177953750776,1128.5872328313226,1120.3836726823622,1126.6394468723595,9989.636369762211
2025-05-06 04:15:00,1112.3743600435425,1118.2434276436557,1107.9510192915218,1114.0477920990047,2840.762659276203
2025-05-06 04:30:00,1120.6307844479827,1125.8701069970687,1118.054733849622,1120.9738560016463,9316.549840790882
2025-05-06 04:45:00,1096.3379572060246,1104.1867185281965,1099.2938702374233,1101.1941279479208,4683.293632789847
2025-05-06 05:00:00,1114.8068260599382,1122.7119296753688,1117.0283312969125,1121.5497494100161,772.9339318109735
2025-05-06 05:15:00,1130.2630258727108,1139.9753471465492,1130.407813063436,1130.1334179078326,8551.031422679347
2025-05-06 05:30:00,1104.5760684580496,1110.6958559233813,1097.1380046337772,1105.7528555837146,4739.745402755433
2025-05-06 05:45:00,1080.6319227432475,1084.0406233153676,1072.5609931082145,1075.9784195799066,1990.8139640586335
2025-05-06 06:00:00,1058.9558729902546,1065.6622543255426,1059.318266273875,1066.1151553235725,2712.0103255728886
2025-05-06 06:15:00,1056.2274580761946,1062.7833607772643,1048.0965612449147,1050.6804159644207,827.0013313926356
2025-05-06 06:30:00,1059.263931220876,1066.14769941677,1058.987810760979,1066.9432547448598,1799.6064614234995
2025-05-06 06:45:00,1060.6902021931176,1067.0316076278204,1059.2162710242555,1065.8370207052783,898.137458510612
2025-05-06 07:00:00,1081.2088996368625,1086.002719152922,1075.9218298776814,1074.6243043545,5043.2728762376955
2025-05-06 07:15:00,1097.9035246414392,1103.6827850246164,1094.1429369113632,1098.7322176880166,4509.847835079582
2025-05-06 07:30:00,1097.7191895553271,1108.743267845556,1094.1326266612543,1105.990238420335,8338.92241094836
2025-05-06 07:45:00,1094.902459104559,1098.3125796427785,1087.7137954244226,1098.0957797246047,8172.380192283851
2025-05-06 08:00:00,1120.546050171232,1123.2459632911957,1113.7600053140216,1114.6135244786167,8610.269606127986
2025-05-06 08:15:00,1138.1748909895607,1137.6262000055851,1130.1220040992107,1135.943073069022,2007.8081890683814
2025-05-06 08:30:00,1127.4348818833316,1128.1493292090975,1121.9862551364,1122.543782482427,4148.9419033377835
2025-05-06 08:45:00,1145.6720357874744,1155.310221752104,1146.7290206433274,1153.8801917796523,8164.372875345135
2025-05-06 09:00:00,1157.1686807260662,1164.4326337369573,1149.904678041011,1156.885173318663,225.35382001667085
2025-05-06 09:15:00,1134.9084137963819,1139.5803363702216,1130.98264227905,1135.375962410637,4358.303754582218
2025-05-06 09:30:00,1125.4142889958946,1133.5580078699818,1118.08526464178,1121.8148648301978,3697.5231288195373
2025-05-06 09:45:00,1112.0548710736466,1115.489390542683,1104.957197779056,1106.6429849599324,6876.842239147225
2025-05-06 10:00:00,1112.839490091951,1123.161259144076,1108.1245715544028,1113.7823929309936,9496.675066645037
2025-05-06 10:15:00,1114.1625050415385,1121.01805651,1107.108970135446,1115.8435502830498,7600.839045689909
2025-05-06 10:30:00,1135.065608991757,1139.9682949575963,1130.7203180569015,1138.535026990333,3804.164384922418
2025-05-06 10:45:00,1137.091992782481,1140.5846513874978,1128.013100266284,1137.2502238266266,4043.1915189990264
2025-05-06 11:00:00,1135.3649641279746,1141.9055135595709,1129.7731382278828,1134.6177107905316,283.95432971873583
2025-05-06 11:15:00,1136.418336930312,1144.9242603653613,1133.2379196771215,1144.2714942977955,9750.799528480164
2025-05-06 11:30:00,1135.1706087632203,1141.613319188674,1131.6925423841628,1134.0140523589616,3825.9521002492193
2025-05-06 11:45:00,1151.2688827833942,1156.1397441428344,1145.6242615891024,1153.3638834161409,4811.666818064292
2025-05-06 12:00:00,1113.6112888723,1121.2775436056718,1107.54911245571,1110.9417326337104,9853.147990183126
2025-05-06 12:15:00,1117.9853675791906,1119.9486168135663,1107.765550121344,1118.1542803542623,7094.9576296854575
2025-05-06 12:30:00,1108.7714204526726,1108.0083004657822,1097.757303499697,1102.556421966336,2388.1329081169097
2025-05-06 12:45:00,1142.6952079343394,1141.7290486157942,1136.94762701938,1140.5532736429996,7211.061046157722
2025-05-06 13:00:00,1129.198253425718,1128.5370640724102,1116.6200748131616,1122.3974028226899,6179.422526385165
2025-05-06 13:15:00,1127.6663908083365,1130.6489773496912,1122.9075848278937,1122.2326631090368,7346.26123119136
2025-05-06 13:30:00,1145.3997534997036,1142.810482310804,1138.0774545947022,1139.5422511539705,5551.886720692404
2025-05-06 13:45:00,1124.3315527000693,1133.2943463116358,1123.9645332307477,1128.70161911359,4542.518422650491
2025-05-06 14:00:00,1109.311901796665,1117.6458548540868,1103.610763706056,1114.4755503910956,8361.301513641181
2025-05-06 14:15:00,1100.4572078937779,1111.405119983927,1097.5318248933286,1108.4982785471113,4838.660715346282
2025-05-06 14:30:00,1088.314552723324,1088.9789986185194,1082.3704455381387,1088.7463929302587,589.3989388187128
2025-05-06 14:45:00,1078.3958030321348,1081.443361493664,1070.9967236368639,1073.716648080007,3224.5620743109216
2025-05-06 15:00:00,1084.4355343867933,1083.8068100901137,1074.8354948771068,1078.896733849715,4516.266330605376
2025-05-06 15:15:00,1063.2577744335367,1062.3159672292577,1051.6561337518538,1055.8599208068545,2913.313783673333
2025-05-06 15:30:00,1079.9693319010908,1084.4286547356455,1074.0415327656954,1074.71591187445,8408.449484663743
2025-05-06 15:45:00,1074.7303765589102,1074.310865833101,1065.4409961271865,1066.1003188639984,8798.516410377908
2025-05-06 16:00:00,1065.987645315485,1064.326772315915,1054.7959562081635,1058.5438372625988,1171.0123466849682
2025-05-06 16:15:00,1038.0755726173616,1047.9613979566254,1038.9278064869977,1046.1924510661765,9485.273994187379
2025-05-06 16:30:00,1019.7229985385882,1024.3592728915703,1014.2141956875026,1017.8360257582527,1171.045780640135
2025-05-06 16:45:00,1055.6082886823526,1059.5048072079262,1051.8347163722196,1059.170557420234,790.9624487740319
2025-05-06 17:00:00,1074.562894021263,1079.5790344459842,1067.3209564993565,1077.3052063030927,174.92273714141783
2025-05-06 17:15:00,1098.1545315229253,1098.1546871693329,1088.8083051701522,1094.6426494743268,3877.2589264243516
2025-05-06 17:30:00,1086.3245631113011,1092.6365918143706,1088.0831637557444,1093.1927427592718,1872.259249518206
2025-05-06 17:45:00,1082.4469583962964,1093.7004935396103,1083.6612307000196,1083.6359599321956,8738.375338390588
2025-05-06 18:00:00,1086.5842789486226,1092.0463063758361,1078.260546021644,1083.5366578734436,3528.039794525457
2025-05-06 18:15:00,1065.3041635541786,1068.7618692580163,1061.942258111605,1065.4995061831232,9536.077770984894
2025-05-06 18:30:00,1053.9180448708044,1066.1382947831687,1053.9657539678599,1062.8874389305256,7025.3243021671415
2025-05-06 18:45:00,1050.230532969836,1057.3587966923424,1050.722244317453,1055.2629984859252,5172.726736988225
2025-05-06 19:00:00,1045.8027480296573,1051.0886876688803,1046.90552644537,1049.0493355105011,4879.235012032869
2025-05-06 19:15:00,1030.6918790793663,1038.4506564149067,1025.112762699418,1033.7696353787505,8863.162738067807
2025-05-06 19:30:00,1044.2908338418952,1044.4643628511492,1037.4701132838866,1041.8322872969245,1734.7065375320915
2025-05-06 19:45:00,1032.6909416391622,1042.5898367939412,1032.9453034138191,1036.7076539337313,9442.59998845114
2025-05-06 20:00:00,1043.326175499479,1047.9616088702319,1034.8812876784996,1040.2495922250444,6513.6219883541335
2025-05-06 20:15:00,1021.6313631915446,1034.3143712946357,1023.1694063990027,1027.8695244046305,1107.1298297203325
2025-05-06 20:30:00,1001.6631625833329,1009.194571122313,999.0739340230426,1001.528502631182,6357.355269274452
2025-05-06 20:45:00,1018.1976937997374,1026.3308161910004,1014.2526200812335,1023.8886583151364,8855.676109436732
2025-05-06 21:00:00,1022.2465263247796,1030.301686443351,1018.1272593000261,1024.515298359025,4218.299309511746
2025-05-06 21:15:00,1022.3070299968005,1027.57031839382,1017.317925992549,1024.812858143582,8464.517359542218
2025-05-06 21:30:00,1032.2004185349847,1039.9265962050156,1030.2083146268044,1032.1946961805256,9251.941915311296
2025-05-06 21:45:00,1017.5599933545963,1016.0909585798344,1010.7200543436311,1008.900352334266,3525.219313228015
2025-05-06 22:00:00,1004.411262238064,1009.9597443132938,1001.6101878194432,1005.7167669683598,6701.853757818985
2025-05-06 22:15:00,1007.594027515697,1009.8540426643395,1003.6439158308959,1002.1585086287373,3351.620243529049
2025-05-06 22:30:00,1000.4342862535683,1008.048722354417,1000.8822642260867,1000.7779973918725,4995.058178328225
2025-05-06 22:45:00,991.6871606660096,997.7110586866461,989.015316461914,996.9636915835317,8808.515843752766
2025-05-06 23:00:00,994.6934871354393,1006.1469432537433,995.1217492180107,997.7892170337603,9575.219689113075
2025-05-06 23:15:00,1003.6500440480302,1014.1439322790577,1002.1832565161493,1006.0027558069303,6819.753232557169
2025-05-06 23:30:00,972.5094523246887,979.8981403057933,966.0351544404837,970.1840940402083,5727.606107559839
2025-05-06 23:45:00,963.6450961453373,969.8265679091174,962.6485061240443,961.0943973410637,1412.4813645462218
2025-05-07 00:00:00,934.1256077613424,940.6853716672949,934.4863527989712,933.7808384868805,605.6589975622379
2025-05-07 00:15:00,905.7221105969327,911.5509632148721,902.2525462417851,908.9458043446558,9131.053884701361
2025-05-07 00:30:00,937.0474998701678,945.2357185694381,932.8746080899398,934.4215868381044,9548.00320121337
2025-05-07 00:45:00,946.6452457648128,953.244466691721,947.8818482600694,954.1807649823229,5420.999736200169
2025-05-07 01:00:00,962.7177513263464,962.992844234725,957.6210616883467,964.7370888077228,6362.374348256142
2025-05-07 01:15:00,972.0416217706187,980.3300030210066,967.7173571254701,972.7593675551302,7651.234704454984
2025-05-07 01:30:00,987.6640958213125,993.2955407548174,983.9487358982861,985.4794431321134,9694.018981294306
2025-05-07 01:45:00,987.3047484783856,989.0946757824765,977.2446787515456,984.4531461873627,2093.9254112887065
2025-05-07 02:00:00,955.2770012678542,964.2142459130649,953.4791857295573,959.4716193392474,5446.99199822955
2025-05-07 02:15:00,963.3012289517852,974.427278904158,959.9002454116851,968.3214207992587,9166.623041296907
2025-05-07 02:30:00,949.9748948518361,955.6477431004754,942.6496808332466,953.200403373803,2659.3036599043685
2025-05-07 02:45:00,917.6914051010159,926.2837460054975,916.4683354910288,919.3165645670106,4667.135416277868
2025-05-07 03:00:00,908.3683918016555,916.3863182089851,908.3348826094827,914.4095359648747,1765.0090123014945
2025-05-07 03:15:00,904.1814910095109,903.9206785626022,894.9999542335738,906.3949286286511,9888.185133332938
2025-05-07 03:30:00,900.045763773452,901.4761273734665,891.52977598354,899.4832747855104,1944.799133108895
2025-05-07 03:45:00,935.2956812784155,936.8200014589794,929.9422885863451,932.191878932039,2470.1153494057444
2025-05-07 04:00:00,951.3243503718288,952.0073451485102,942.3737192968039,951.7441414414585,8220.018947150771
2025-05-07 04:15:00,977.2387361345299,977.6642796304436,966.6269080158868,977.2706590725066,3081.4344963732406
2025-05-07 04:30:00,972.0635765875824,980.2512144382515,966.3403618384986,971.8876261947468,3164.5313449176306
2025-05-07 04:45:00,1003.9433162646025,1006.6525224686491,998.3550451775302,1002.8814120158659,9874.843093938436
2025-05-07 05:00:00,1005.1666965985613,1014.2940669374166,1006.5168314658283,1009.16023135304,4539.636174134983
2025-05-07 05:15:00,1002.6370291158755,1008.3981174535593,994.6142126402984,1000.6403511520638,349.54976602593393
2025-05-07 05:30:00,997.4731859441769,999.8177300982094,988.1513635308486,998.8538665043562,8385.577617951936
2025-05-07 05:45:00,995.8050205858584,998.3532052331727,990.345231943001,996.9172401652708,4256.740385425284
2025-05-07 06:00:00,1000.600094221374,1008.5104364057266,996.0772670908157,1004.9858262767509,3452.0209593640393
2025-05-07 06:15:00,1018.2400570614549,1017.8401413112937,1010.3670666653785,1014.5965034745213,1925.2805382685997
2025-05-07 06:30:00,1031.0700003101172,1036.268523548592,1031.2418248252154,1038.8595042338645,9566.071363147017
2025-05-07 06:45:00,1044.9344682440494,1046.5697973325152,1035.6208936044568,1044.9607729685997,5475.256486115077
2025-05-07 07:00:00,1006.4179495563924,1013.4319278309671,1007.4929597251647,1013.3880268750048,8394.031719475028
2025-05-07 07:15:00,1020.910738303878,1029.498648407989,1017.9801817096624,1028.1748002577438,4809.519185116198
2025-05-07 07:30:00,1044.218240017401,1052.966370514594,1043.6042512947085,1043.7248044712615,2968.1975149716095
2025-05-07 07:45:00,1047.844217086021,1050.8526040179947,1042.1402966549267,1049.060971561863,2951.368525619605
2025-05-07 08:00:00,1041.2077099648063,1045.8225356670923,1035.3890693707012,1042.3163725206887,1888.8398568620037
2025-05-07 08:15:00,1040.2822030597695,1042.3058507626308,1031.3684124887072,1038.496809688192,139.55450741865712
2025-05-07 08:30:00,1013.1595148628495,1023.769132941243,1008.974573244267,1017.0347571235864,5764.278164165229
2025-05-07 08:45:00,1014.6679806626541,1016.8727603765592,1005.6941052921286,1011.0776718210639,7020.40984713041
2025-05-07 09:00:00,1014.0044110695073,1024.6321708879148,1011.4360407645188,1018.459854026949,7794.755553318374
2025-05-07 09:15:00,1007.8688252453247,1014.9093768043404,1004.4604685700518,1011.6059692836808,1858.5491187954453
2025-05-07 09:30:00,1000.5476348427817,1001.8540637181801,991.5668703110879,996.9230233632612,5936.393441132303
2025-05-07 09:45:00,982.1774486234945,988.4521542668601,979.9944788572287,986.1465286808941,9607.40255967247
2025-05-07 10:00:00,1020.4619509840793,1022.2954864905023,1010.4612898884984,1017.8279070156135,577.0104930148605
2025-05-07 10:15:00,1017.8264774237813,1025.9078449281503,1015.9373222309836,1021.214417246593,9076.15737304004
2025-05-07 10:30:00,1017.8615192482523,1020.7966666580064,1010.3264994498686,1018.0963761953618,1255.8673759746855
2025-05-07 10:45:00,1034.847858618496,1039.9584846192695,1032.2070948671992,1034.9083764911134,3423.876635214794
2025-05-07 11:00:00,1037.953567450342,1043.5958978827996,1036.2891649209114,1034.477214834353,1394.2879497965093
2025-05-07 11:15:00,1058.3477415382251,1058.7902481279382,1051.1636550489031,1056.1066782147275,105.9156280519829
2025-05-07 11:30:00,1072.7995732665568,1074.0214729708616,1065.7425913959414,1067.2571948529617,2472.3061129551315
2025-05-07 11:45:00,1058.2919347672423,1068.8686483778556,1058.0694041569984,1067.1678561813678,5991.929805157702
2025-05-07 12:00:00,1040.0767231041013,1048.2811596570173,1040.4098047723403,1040.4595256754492,3554.6160854330865
2025-05-07 12:15:00,1066.5470464618209,1072.3238976097975,1058.212659979759,1064.2156606966432,3072.5850287544713
2025-05-07 12:30:00,1058.0940638670427,1058.5575585352706,1048.3324732451858,1050.9800542985747,8636.487611618822
2025-05-07 12:45:00,1061.286441170175,1066.038587673267,1061.087836191373,1068.026344320826,2570.767105528317
2025-05-07 13:00:00,1051.410840695641,1053.9889416569538,1047.23890209935,1054.2084124871708,1599.7489142868071
2025-05-07 13:15:00,1066.3975074892205,1065.9955831860832,1055.4878462988308,1064.918378552445,349.21941795771386
2025-05-07 13:30:00,1073.772876427197,1075.9134063279682,1067.0454369790673,1072.316570121403,9397.975952428547
2025-05-07 13:45:00,1082.4635739112762,1089.947261295145,1079.646585213852,1085.6569998149403,8064.489837820136
2025-05-07 14:00:00,1084.366842120988,1089.827206509072,1079.1926973342709,1088.322779810902,3514.3623088681593
2025-05-07 14:15:00,1120.5719452688186,1124.1176789259837,1113.6704682303418,1119.7006664150003,8212.619011172173
2025-05-07 14:30:00,1136.8497730594559,1139.1243491563628,1129.3240476038516,1138.0529986483848,5451.104850363014
2025-05-07 14:45:00,1129.8609523981165,1133.250882869651,1127.064134605622,1129.681347704183,4637.7453565657015
2025-05-07 15:00:00,1135.91805005699,1141.2675982666608,1130.6722918095238,1133.0898068431563,606.905691678284
2025-05-07 15:15:00,1134.8550378239934,1145.3637066551553,1132.5469718659892,1141.8539052257383,3910.7195024355838
2025-05-07 15:30:00,1125.641371588507,1130.640659861429,1117.923383327072,1126.0323738632567,5493.0764986886925
2025-05-07 15:45:00,1129.4116360565972,1129.0347057624056,1123.1360864717437,1131.0071423582783,1718.8514058048852
2025-05-07 16:00:00,1122.7977245617876,1130.3421893500404,1119.4872656724788,1120.7156956842637,3047.896247035221
2025-05-07 16:15:00,1117.0051568652918,1117.2896067831648,1110.077721143443,1108.6402355059931,489.6860440745655
2025-05-07 16:30:00,1106.6378642134437,1111.1981781820944,1101.7977864462257,1106.1755485861472,8631.154814261234
2025-05-07 16:45:00,1094.0985195525936,1098.510262335063,1088.7770003597343,1093.6799744963057,4118.149976750397
2025-05-07 17:00:00,1085.609644209346,1094.0952734471357,1084.3687670057066,1093.0756153477828,1728.5785536948276
2025-05-07 17:15:00,1096.0868499469716,1102.8418060828226,1092.5924222189656,1093.7136685786081,7156.513484318609
2025-05-07 17:30:00,1102.595217970069,1109.2980402648998,1098.5702703018308,1110.088575893104,5219.298598114454
2025-05-07 17:45:00,1116.434167728,1118.9768067281707,1105.7468522568452,1111.1022283463053,959.3867874050067
2025-05-07 18:00:00,1116.7371930678141,1116.4865425117403,1108.2457644497838,1109.799029890058,3797.9702864746964
2025-05-07 18:15:00,1114.1024247575274,1125.1056996876214,1113.7537634499504,1117.596215587572,9896.183387839123
2025-05-07 18:30:00,1087.0516630541642,1091.0844031810582,1083.3791083240699,1092.8769279333296,3689.4652069096132
2025-05-07 18:45:00,1045.336676824191,1056.330941597528,1041.8822795619228,1051.6559052913476,6046.993263762963
2025-05-07 19:00:00,1029.124948100463,1032.9955074805473,1017.7414625361502,1029.870377430052,2027.0355131460306
2025-05-07 19:15:00,1001.929591989285,1005.4892611567877,996.9495969279734,1000.0218349178818,4086.2019318048233
2025-05-07 19:30:00,1018.5831810066601,1029.4577839917729,1021.2311091986915,1021.6005850722593,4271.641368255983
2025-05-07 19:45:00,1004.4430871542901,1012.3331941885025,1001.4149555255073,1009.0315636831463,4105.427418745838
2025-05-07 20:00:00,1005.1001514388174,1015.1665389995903,1002.7061076429563,1011.6312053727514,9044.404342711601
2025-05-07 20:15:00,1013.9701175326179,1014.8985470193069,1005.2205469293065,1010.2864214847644,8651.287718291622
2025-05-07 20:30:00,1000.4690048178013,1005.4279715408376,996.9821233817103,1002.3749517147833,9215.814310244781
2025-05-07 20:45:00,1014.6748837359306,1013.0393016334988,1005.4943925381993,1012.9336787021707,8719.203644531712
2025-05-07 21:00:00,1003.8187055980407,1010.5194361539028,1000.6931424409021,1009.6731604016477,956.2191764853818
2025-05-07 21:15:00,1007.4056405815843,1017.665784609322,1004.7485391544959,1010.0205868031619,2147.1005457892916
2025-05-07 21:30:00,996.0335820935783,1003.1091736178769,990.3867836589383,997.4441881150767,6905.5696159636445
2025-05-07 21:45:00,990.9195428233165,995.6745797652593,985.3621945459586,994.9513893803743,6278.8606886413
2025-05-07 22:00:00,1005.2575635238505,1015.972726663088,1006.8602682809747,1013.6206193656988,3503.4161753061153
2025-05-07 22:15:00,999.8374460718093,1007.097056156435,993.7065082425348,1005.4939574681745,2027.2625041294432
2025-05-07 22:30:00,990.3660534495206,994.4894750080048,982.7037864765441,994.0290170462154,3038.896012474612
2025-05-07 22:45:00,994.0730221238151,997.7802600793714,989.5418261837675,989.9036387364649,2251.231068420491
2025-05-07 23:00:00,978.5192361995097,981.6438343669116,975.6110795164557,981.9061266318921,7353.736675254174
2025-05-07 23:15:00,984.4323803331366,985.8962727207647,975.6127222666668,983.0407450029594,9706.601057502903
2025-05-07 23:30:00,981.211490211925,987.3979290432027,977.0554340527414,981.4905393181592,4858.306105596963
2025-05-07 23:45:00,957.3012321936346,962.787080294346,956.1389354589708,957.3657241520232,2290.103556380497
2025-05-08 00:00:00,979.5413057660999,980.0081842529905,971.4580616092513,976.7265290708865,9883.685234783043
2025-05-08 00:15:00,993.2428405140735,996.0305924435334,985.6994428257826,989.1799244897477,6549.618626681845
2025-05-08 00:30:00,997.9248287167153,1006.4878544394554,992.7424413316073,1003.669858630463,2201.908693076253
2025-05-08 00:45:00,1016.3939861897508,1021.6265053790333,1014.0088158847442,1018.8561335936342,2545.4916266049477
2025-05-08 01:00:00,1036.0942382548933,1038.5846689674809,1027.632357972001,1035.6428877729102,6980.669116534174
2025-05-08 01:15:00,1046.1642637100651,1045.777488160736,1038.915497083719,1038.7882515694314,3634.5351644433044
2025-05-08 01:30:00,1028.8479431318551,1040.2276777233471,1027.7945180404915,1029.3780061807784,1034.1793146073792
2025-05-08 01:45:00,1054.100843030381,1054.2166677077735,1043.5626272108998,1051.8289745634404,132.6012608379348
2025-05-08 02:00:00,1047.7473686793744,1059.2492968796412,1048.4192263657922,1047.6361304062027,305.6430977652744
2025-05-08 02:15:00,1028.92790236804,1035.5983003183544,1029.8108391567157,1031.8814078054565,183.1483359079545
2025-05-08 02:30:00,1018.6896449387494,1023.6893258861088,1009.4493651728885,1011.1716313856857,1419.642856028503
2025-05-08 02:45:00,1027.2753800127155,1037.6941294118635,1027.5873249037152,1027.5073388823644,1886.2756692414328
2025-05-08 03:00:00,1058.1355801274904,1066.297118810352,1056.6989580339439,1061.5159740121408,552.9356165133418
2025-05-08 03:15:00,1067.257729062745,1074.8580550802774,1064.3149085128343,1073.1820058999542,1146.0794572064663
2025-05-08 03:30:00,1042.7620154447652,1041.8455013226048,1032.92409816208,1035.7518453089513,2637.1145696677017
2025-05-08 03:45:00,1068.8685038145118,1076.5182582303476,1067.5628839087724,1070.5508524984052,5687.99614200715
2025-05-08 04:00:00,1064.520649487731,1072.0982743816955,1063.518361750751,1066.166609058811,3753.932649842367
2025-05-08 04:15:00,1062.7081666878728,1069.154832167181,1062.731442310304,1066.2583505968626,4485.293464983074
2025-05-08 04:30:00,1077.8650930742178,1084.2922507003275,1072.5239791768117,1080.870811882088,585.5635072804942
2025-05-08 04:45:00,1084.2664031754775,1091.0129914849635,1082.1011466033735,1084.4343807657488,3213.4784283315093
2025-05-08 05:00:00,1092.2906419744934,1102.434187020629,1088.6333382419707,1094.2498915233532,603.6738424534924
2025-05-08 05:15:00,1104.1589572670118,1111.4666839695572,1105.677986675321,1112.3707003056122,8447.170266733487
2025-05-08 05:30:00,1090.9847605546265,1093.8820421307676,1080.6088948737215,1089.3242531990652,2236.9201190243866
2025-05-08 05:45:00,1057.325559666049,1063.8463748016936,1052.4463220466118,1055.1960116046707,3536.2426564595203
2025-05-08 06:00:00,1075.0255524906854,1079.9373220334198,1068.3653728044005,1071.9093190962571,1313.1603874232749
2025-05-08 06:15:00,1067.3289630694635,1076.8173318008755,1062.2307964871707,1072.176659979999,3140.9648923167456
2025-05-08 06:30:00,1067.6943992941137,1071.1452480616429,1059.3057987600462,1066.9142583815922,5973.844630246939
2025-05-08 06:45:00,1037.8054996069934,1038.7596486307891,1026.3911060357946,1031.650722487427,4062.877348153648
2025-05-08 07:00:00,1037.9903251746,1043.1016289476406,1038.4052661541268,1038.2556585056957,404.2398554304143
2025-05-08 07:15:00,1057.4392964618573,1060.4295510184652,1052.3390059207848,1054.4413537694495,6876.886525164483
2025-05-08 07:30:00,1060.573541961112,1065.4918256304697,1059.201873352864,1059.7509322312808,367.6149270429284
2025-05-08 07:45:00,1071.3531059718466,1079.2424853520722,1068.7577366758387,1077.6561551436662,9218.351077788326
2025-05-08 08:00:00,1072.8842746224389,1079.50467619399,1067.5542824622378,1074.4242202492032,3864.573896625208
2025-05-08 08:15:00,1067.9992220180304,1074.813856094608,1065.3121415831197,1075.9064159826166,6924.2517270378585
2025-05-08 08:30:00,1055.9200310600224,1062.048881131393,1053.118823579314,1056.390230540799,5340.995930720862
2025-05-08 08:45:00,1085.0472373643634,1087.818743685673,1080.908234963343,1080.0656570173371,1761.992232668002
2025-05-08 09:00:00,1086.7434620933905,1090.3465416698255,1078.005900295804,1083.7869147853364,7598.218534382221
2025-05-08 09:15:00,1083.7601281694149,1091.4116182515784,1081.1660728684915,1084.3954661704227,1088.9322143657469
2025-05-08 09:30:00,1074.644720277283,1080.3103683969914,1070.1349693363607,1074.2163748395826,7282.352115285768
2025-05-08 09:45:00,1071.0802872877246,1072.5407816521542,1065.105733060646,1073.6480965876733,5245.255756675742
2025-05-08 10:00:00,1038.5230566100072,1039.6899484919486,1026.814302767902,1030.2206069928573,1830.4463708173537
2025-05-08 10:15:00,1027.9319236175504,1033.8090878824316,1019.3350249179832,1029.765598333063,243.52958697018678
2025-05-08 10:30:00,1048.9564139716083,1054.3221667994624,1041.7962514818937,1047.225335325091,9415.571846608036
2025-05-08 10:45:00,1049.6193652777479,1057.479625957362,1049.0023653189794,1056.1813133622773,6179.223156696458
2025-05-08 11:00:00,1055.652920805315,1055.8814784091048,1048.1237438111782,1048.4025670222723,882.7365425464793
2025-05-08 11:15:00,1083.5941175419493,1086.895524256176,1075.5352487930495,1075.3830136245606,8698.396767173936
2025-05-08 11:30:00,1087.9923273003458,1091.104350324082,1077.1194628107828,1081.5424616611317,5816.344582635019
2025-05-08 11:45:00,1083.920952613581,1093.6960546511273,1079.3188718056235,1083.4434211800342,3604.0479308102754
2025-05-08 12:00:00,1070.5682099141522,1072.675518390548,1061.4610698859497,1064.7487671710423,6731.006078313065
2025-05-08 12:15:00,1045.1367821975919,1053.637586268606,1046.4183890958197,1049.0233998017036,7228.551879868372
2025-05-08 12:30:00,1037.438291541604,1039.7410214703882,1032.2676966952993,1039.109904129928,4676.13755004861
2025-05-08 12:45:00,1047.1641768924408,1049.066356470031,1039.0724141564685,1043.724087627266,5221.003445637797
2025-05-08 13:00:00,1048.5110721486676,1052.4339147985722,1038.8173913996238,1048.2233416828278,7062.353967109343
2025-05-08 13:15:00,1036.0391686540318,1038.200485689965,1029.1809952404735,1034.1824647735639,4397.4954685045805
2025-05-08 13:30:00,995.8428089584494,1001.6160191310963,994.1253559533978,1000.6029532899533,4964.173812312035
2025-05-08 13:45:00,976.0210709359512,979.7997727876996,966.9714566112891,971.6031138267451,3046.972207055524
2025-05-08 14:00:00,993.9190007173094,997.6073385095553,987.5764137705293,993.1854604190971,5370.230736918607
2025-05-08 14:15:00,1010.423529785468,1011.328892114123,1002.0776197351579,1003.1402791432085,660.6078067964646
2025-05-08 14:30:00,1003.9052275689951,1006.4002452143595,999.4462142693451,1003.2464853775357,5793.607750871234
2025-05-08 14:45:00,1002.8770480898564,1006.4975370111972,994.0127362496333,1004.5023132886466,2633.027246349212
2025-05-08 15:00:00,1010.0508888122172,1010.7201419834098,1003.2467117794384,1005.4962426034905,5229.4587782079225
2025-05-08 15:15:00,1009.0012305802096,1014.6639072439037,1003.5385090567372,1013.7971037837318,8506.147687393632
2025-05-08 15:30:00,1018.2237368162967,1027.8097319039205,1016.7905969350456,1019.1969175255016,5194.964964868604
2025-05-08 15:45:00,1013.4049768692578,1018.6106250834422,1012.8763711523536,1012.320210958666,8422.530628206681
2025-05-08 16:00:00,998.3196445642483,1007.9438670070477,996.2741763018962,997.9787693948076,7650.561679453285
2025-05-08 16:15:00,979.3351430728146,986.3751555900037,978.306277151557,984.671402136391,5708.165161002085
2025-05-08 16:30:00,970.2887725757573,975.2139947598541,964.483413361306,971.6727552507343,3773.5746066808456
2025-05-08 16:45:00,974.588239268608,973.2610375615506,964.0548598187756,967.9775648927476,2423.9512800541
2025-05-08 17:00:00,961.3935658114005,968.2886454821042,955.8940978153068,962.185694965225,3441.0507017203786
2025-05-08 17:15:00,965.7659473104387,970.4436218153459,956.6628012674838,964.2097541423551,1664.1157093491518
2025-05-08 17:30:00,956.3308935319462,963.8213788675549,955.6502276659764,957.6631684304336,8829.754400088572
2025-05-08 17:45:00,927.0469158623357,930.428438866606,917.9674162121435,927.6894180574333,9697.170239672801
2025-05-08 18:00:00,939.0449726208077,946.3808791561277,934.751359511371,944.8442444369379,5177.622269146943
2025-05-08 18:15:00,948.8493322329587,952.7630020804652,937.6022578140395,948.9246371454789,2662.0209349369234
2025-05-08 18:30:00,945.2943559792677,951.7935062168259,946.2471589264196,947.0165275496041,8381.496643072735
2025-05-08 18:45:00,924.6542485372057,930.5514596841147,918.9193857545384,927.9009928380868,2718.6778463266137
2025-05-08 19:00:00,910.0588684138628,916.0622603271676,903.3345581073739,911.6355159243487,2026.4474926373787
2025-05-08 19:15:00,896.9634758158267,898.109572799106,890.1498131028084,897.1419249079139,1724.3798565170262
2025-05-08 19:30:00,899.9496522469811,903.5444908752349,892.7778144495786,893.0586339860988,4015.2760885915923
2025-05-08 19:45:00,928.6552660989894,930.9954674583719,925.5586357366747,929.8062436570218,457.9180054736219
2025-05-08 20:00:00,924.1681431532517,930.8897810552331,921.6679009335692,930.6076723053467,7670.50759086324
2025-05-08 20:15:00,923.1301121131511,924.3013815819576,911.4183506824174,921.7633687282221,2122.448699147837
2025-05-08 20:30:00,932.010924016983,937.804707688448,928.5473891432956,934.4880837578562,3953.3839433236008
2025-05-08 20:45:00,920.974451478637,929.3855742944626,919.8668050255358,924.5547568148477,6330.275161813985
2025-05-08 21:00:00,911.1734644062561,914.0057509795276,904.3164497970589,913.5107919146196,296.51226178444045
2025-05-08 21:15:00,895.6458063712066,897.6400515525114,885.9534266626448,896.9579122050186,6010.859243359052
2025-05-08 21:30:00,904.5282520370384,906.9662642005067,897.0376695953184,898.2656022279529,1998.3465587459095
2025-05-08 21:45:00,922.170904285331,922.9298335053131,912.2186845789226,924.1612052744142,439.93083537659925
2025-05-08 22:00:00,916.8140081458473,924.8287521839503,915.7924766802028,914.6375847937679,2744.9059662776494
2025-05-08 22:15:00,946.4496838987518,947.4501848246114,935.8574759989934,943.593242835978,1782.6779484987014
2025-05-08 22:30:00,944.2501715143242,951.0461841328558,943.5120064873302,949.1986462069433,9551.163919316341
2025-05-08 22:45:00,946.5918034598951,958.4388466373867,945.4923093032926,951.0414355353753,7038.66580987521
2025-05-08 23:00:00,966.0071374253978,973.6603780483117,964.9505246268967,962.2828511843475,2382.399848661044
2025-05-08 23:15:00,956.66939234527,967.6988241278427,955.7559219324793,958.7966422711477,2415.393427079592
2025-05-08 23:30:00,997.7463687793971,999.3471421662837,993.1129884143623,997.589530368475,5938.285795672084
2025-05-08 23:45:00,1000.3591169016651,1011.7610949046964,998.2408487814065,1007.5107452056261,2651.145803845349
2025-05-09 00:00:00,1000.2880539991916,1003.6789188948313,993.2176391499773,995.0228337923888,3755.0387661280715
2025-05-09 00:15:00,988.4589208119361,992.8291707727655,977.5656439963384,985.7623808388024,1002.8726829607384
2025-05-09 00:30:00,977.2105601340879,982.5073174886626,974.1983525727277,973.2884639766784,7670.128342295995
2025-05-09 00:45:00,975.7543140759958,985.0204250104949,973.3162139559357,980.2678709337193,434.96975023887336
2025-05-09 01:00:00,965.232880189309,968.6439168704076,961.9116965322013,963.5283620805261,3434.807600836972
2025-05-09 01:15:00,943.0291474133593,949.2931343309432,937.3917495218759,946.109036194168,4377.8432891467855
2025-05-09 01:30:00,952.8697267535445,954.2531778334669,946.4019818869123,950.791821938583,9081.634131847215
2025-05-09 01:45:00,972.4278398871614,979.5096837049757,968.3649824114356,977.0076968073005,4395.493395642018
2025-05-09 02:00:00,974.9759317901849,975.7298109134051,968.2890560471235,968.635502996483,5517.34916241566
2025-05-09 02:15:00,984.5744352856246,982.295838018799,972.6530516075928,979.4553514535211,2417.5170006991752
2025-05-09 02:30:00,969.8840153695429,975.2328446145192,962.6890618752259,969.853809523308,4830.2602598404865
2025-05-09 02:45:00,976.3227405106127,982.9163164622778,977.6391647296441,981.5713027802364,2905.2335259175693
2025-05-09 03:00:00,970.2542716101028,973.8869955705346,964.1929672943652,965.0164463509254,2783.0894851968565
2025-05-09 03:15:00,977.0575732338062,986.7675730247324,974.3627879054224,983.8855381987504,4932.119172234769
2025-05-09 03:30:00,964.9497692024803,968.2641592459632,961.4604348850321,961.4298449313845,9094.415142203969
2025-05-09 03:45:00,1002.9825973809237,1003.2833004482225,994.8754173910032,1002.6875901748697,3119.7662181438504
2025-05-09 04:00:00,1024.403220499353,1023.7581440966073,1012.0081023424134,1023.6817718773793,5670.483469214271
2025-05-09 04:15:00,1055.1030288133527,1061.1991527672692,1055.3701355723817,1055.1664780418535,5204.832339052645
2025-05-09 04:30:00,1085.7202564397148,1090.3951937592483,1082.4917754530563,1085.287617280215,9370.048116733653
2025-05-09 04:45:00,1073.9387054701383,1081.7955244979262,1073.0018539918449,1080.197868131806,193.02254055809578
2025-05-09 05:00:00,1057.9463403924783,1063.1388438577346,1052.228129849787,1055.5264222536593,4257.691203882548
2025-05-09 05:15:00,1045.4470291543855,1048.7574765775914,1037.8950868686422,1045.7886418516143,9278.514757793802
2025-05-09 05:30:00,1050.1402759861226,1053.4881137305701,1044.8880971595272,1049.011548926285,9246.297089871017
2025-05-09 05:45:00,1066.73338585966,1073.6585567503314,1063.9460747384987,1067.1069168279953,9130.967272042451
2025-05-09 06:00:00,1061.2121062624856,1061.6535787620671,1052.421988362466,1058.6644919066694,2772.3400495008605
2025-05-09 06:15:00,1063.617417917183,1069.700889221968,1060.7032114320245,1066.3586368595932,7510.377574238354
2025-05-09 06:30:00,1076.967362243427,1083.673631118497,1072.806359636386,1074.5613449451323,702.0505483931579
2025-05-09 06:45:00,1054.6883063620655,1060.090757502333,1051.9628612114757,1053.6396746205137,7540.289435996767
2025-05-09 07:00:00,1047.901356257907,1055.1997075322067,1040.7638492585158,1046.3266640251582,3645.744092854329
2025-05-09 07:15:00,1045.5736474188284,1055.3373342664386,1042.5759897759335,1046.975775575808,7515.276215433777
2025-05-09 07:30:00,1058.3451991383743,1056.9024964638995,1050.1716855594827,1058.3817752144043,3959.79926327521
2025-05-09 07:45:00,1069.3936570526137,1073.8459822043426,1063.5659554151805,1072.6582518355463,7376.398250247453
2025-05-09 08:00:00,1075.9608031265132,1079.1001435299318,1070.1780597769925,1076.5564302057107,5530.031325327284
2025-05-09 08:15:00,1065.5973628579027,1069.663979058741,1060.5719376832856,1059.6093946438787,5731.705330480412
2025-05-09 08:30:00,1039.57697929002,1039.7762739387674,1030.7600403311121,1039.446390521612,5223.0153122105885
2025-05-09 08:45:00,1060.589409389924,1064.868714520466,1054.797487742709,1059.241656349393,699.6558357626939
2025-05-09 09:00:00,1049.9775306672493,1049.8727645545862,1040.7511183452752,1044.6696981314344,8631.604570377423
2025-05-09 09:15:00,1023.3640283997439,1026.0215044783872,1016.947354074737,1019.8644809642396,1967.7862384381679
2025-05-09 09:30:00,1037.4079517351286,1040.5090594780804,1027.9200466064983,1034.622011523618,2343.9791893525667
2025-05-09 09:45:00,1069.5602501143549,1076.6720607891625,1063.3106336934882,1070.4139783647859,9919.457779103357
2025-05-09 10:00:00,1046.9169576788122,1049.3698739240153,1038.1431233871897,1039.169523765405,7384.0156603565965
2025-05-09 10:15:00,1036.0921907706424,1037.280261259024,1026.7994462287015,1030.0588641480854,3046.8370945545776
2025-05-09 10:30:00,1015.8534398880963,1025.0900300350963,1009.5609212952717,1016.4891619748698,4724.065264734206
2025-05-09 10:45:00,1016.886664641575,1027.928190354517,1016.5875305165429,1016.4551219845042,7747.5852235448865
2025-05-09 11:00:00,1023.4300017757063,1022.972717857173,1015.3273170817761,1019.2192193448242,7592.660453610718
2025-05-09 11:15:00,1046.8937414110792,1055.265551523637,1045.3982764428335,1048.9108757868273,6871.3167578363655
2025-05-09 11:30:00,1075.0682508018594,1078.6706786585635,1071.2561964117144,1070.9207842965036,9986.87075208975
2025-05-09 11:45:00,1061.5101648150687,1064.0674776973244,1055.2108618805682,1063.8027034682318,4352.537473431362
2025-05-09 12:00:00,1082.0822053750567,1082.474716757383,1074.9298386315147,1076.340277941431,4410.332974556559
2025-05-09 12:15:00,1081.7697040724586,1088.371355293014,1079.7522722494532,1086.474769914456,6320.183818826856
2025-05-09 12:30:00,1102.9798946317205,1111.441053395258,1100.8423832104475,1108.213884192733,6721.720480054789
2025-05-09 12:45:00,1097.760020937765,1099.8869043434345,1091.8827851016285,1097.2024072651277,8349.062374139492
2025-05-09 13:00:00,1112.2011746569106,1110.0929313434215,1101.05032058828,1105.5920635561877,4946.897078116677
2025-05-09 13:15:00,1099.4337709697718,1101.7403635654955,1093.3055958688358,1101.2268625043703,4764.548542865309
2025-05-09 13:30:00,1096.8946011596054,1107.2032014640477,1093.7180676721287,1097.4444153894688,4196.443802744951
2025-05-09 13:45:00,1076.795994928548,1082.0502498559997,1069.492714390778,1073.363704268521,6924.930142295691
2025-05-09 14:00:00,1061.1092599941874,1060.283729018056,1055.0251497467357,1053.6394841469003,7647.71171218513
2025-05-09 14:15:00,1052.1796895179498,1054.8731137859322,1045.1800086105027,1052.4612273334246,8567.94227119044
2025-05-09 14:30:00,1052.8567214056252,1058.4341528921698,1045.3725580538642,1048.1276775790311,4766.134325204647
2025-05-09 14:45:00,1065.4852401207943,1073.3670412335741,1059.2633271028112,1070.1571759246158,1355.0023285526038
2025-05-09 15:00:00,1078.8494488698195,1086.318894913118,1072.878288043781,1078.877306194735,1611.871443162602
2025-05-09 15:15:00,1076.5365318982917,1079.342145607694,1065.894450717091,1076.9713716441292,3094.472991576939
2025-05-09 15:30:00,1080.7806819659068,1086.3519047878315,1072.3128774669383,1075.5054199526064,3366.7781745182992
2025-05-09 15:45:00,1077.77989740293,1081.693601157359,1075.1845260963669,1075.8550738827614,7801.586742474053
2025-05-09 16:00:00,1065.6680827166422,1070.302941207122,1058.3634445748248,1058.2502727035817,7442.535607125698
2025-05-09 16:15:00,1072.5329692410244,1080.1944619280273,1069.1654091024288,1074.4605893186895,907.6608442522067
2025-05-09 16:30:00,1084.0488867624285,1084.5832764340946,1072.7718286959878,1085.5167445756647,8075.727964999957
2025-05-09 16:45:00,1078.9125971432838,1087.5311427332038,1076.5557245254824,1087.432132390579,3242.192205070323
2025-05-09 17:00:00,1087.1086795977428,1089.845295102433,1079.647977964265,1085.9566199705012,501.78251411434724
2025-05-09 17:15:00,1080.8326576388163,1084.1007439237178,1071.8257469947482,1081.9219202711608,586.1758454806427
2025-05-09 17:30:00,1085.6963824720556,1095.007808599485,1082.9779524391215,1085.4674762623188,5876.998707483614
2025-05-09 17:45:00,1107.2566920904355,1111.535677093194,1101.673683701163,1112.9827696159011,856.3466302012761
2025-05-09 18:00:00,1102.3701110014244,1106.0087532745745,1097.1302611999838,1100.8870094819827,3166.2039176338803
2025-05-09 18:15:00,1106.8913235253742,1104.8441334791835,1099.2171939794277,1104.6588090566452,9047.44094896615
2025-05-09 18:30:00,1102.505743037491,1110.6788880155227,1096.537199419561,1106.7068495099365,4561.615139924008
2025-05-09 18:45:00,1097.9247357618256,1097.0688120427587,1087.4884479969216,1095.9575187770492,6672.500978999457
2025-05-09 19:00:00,1078.632455879553,1081.537218184024,1074.405141096301,1076.255352892918,9459.833654913931
2025-05-09 19:15:00,1080.9879682982216,1086.188766099215,1079.8969048316333,1079.5773399714099,4892.894555111702
2025-05-09 19:30:00,1121.848462855317,1126.7671475885306,1115.4736090300466,1123.1096449593533,3120.4494279344913
2025-05-09 19:45:00,1103.7653892365083,1105.4234425139728,1098.0203767000426,1106.8652150075054,2844.7689604734346
2025-05-09 20:00:00,1107.9324539095478,1120.342195094205,1109.1685691124962,1113.2792215138888,8394.699821641843
2025-05-09 20:15:00,1121.2547575311223,1127.2938727930177,1117.5610673481804,1124.6886236619043,5440.716457831626
2025-05-09 20:30:00,1122.032579355117,1127.4387089918052,1119.6499146010124,1123.4192966897417,9689.22000876378
2025-05-09 20:45:00,1118.0904745563487,1122.4490823280398,1117.94143851728,1115.971117646896,5988.431613216445
2025-05-09 21:00:00,1117.1728752702722,1122.8606321812588,1113.350449803588,1120.2302139387848,1060.3700955012935
2025-05-09 21:15:00,1121.5288702738585,1126.3789241801762,1113.496668188503,1123.5487053294678,2952.3501039586804
2025-05-09 21:30:00,1143.585805818748,1141.9938922789047,1134.3167183170135,1140.743783931697,6314.050650911012
2025-05-09 21:45:00,1131.0213454416653,1141.1601166229082,1130.9779923089563,1137.7284574793914,6865.393369566392
2025-05-09 22:00:00,1128.7120734878574,1132.8956955558144,1122.0337183856022,1134.1022291466952,857.0796082461641
2025-05-09 22:15:00,1120.822508003326,1131.5180289155562,1117.5696698144202,1121.4450834343488,5374.604640625666
2025-05-09 22:30:00,1130.1743546734779,1129.3048880955746,1121.9588684966357,1126.3008428369728,1349.391277215762
2025-05-09 22:45:00,1118.38988431343,1127.4742570466485,1114.4127550101061,1116.7549172150195,1717.5914988989457
2025-05-09 23:00:00,1142.1186362604753,1148.9739984469138,1136.1841372010097,1144.3818527732508,5928.00888116652
2025-05-09 23:15:00,1143.9427458525658,1147.1509948019534,1138.1771264239997,1139.0212902845915,3134.9347628003807
2025-05-09 23:30:00,1124.8148983687538,1129.9888545245276,1116.4190801205073,1123.0382990951025,6498.815790695828
2025-05-09 23:45:00,1114.9892715330827,1119.4894810623891,1109.6851112551715,1112.9455070662252,3635.821865936635
2025-05-10 00:00:00,1099.4365781480885,1107.819997050647,1097.038446952484,1104.8765885685254,1167.20298950279
2025-05-10 00:15:00,1078.1683907760662,1084.8781212397232,1073.488691961893,1082.3995907300114,8295.241840848174
2025-05-10 00:30:00,1096.1042600345002,1101.8373913078447,1095.5757400290574,1097.9321140289096,1665.3896014125405
2025-05-10 00:45:00,1097.077798289345,1104.1306582561779,1094.231530319256,1098.02609960029,8412.893639431724
2025-05-10 01:00:00,1113.4856404885843,1118.2073476711569,1105.621781444784,1108.2481779394684,2581.435968279608
2025-05-10 01:15:00,1111.8094510585645,1114.2862366442494,1101.3851122758506,1104.1099658530597,4221.159354796281
2025-05-10 01:30:00,1120.7294679321637,1128.921728531231,1121.5324874618584,1120.6880727409132,6773.116745948264
2025-05-10 01:45:00,1128.3895043606185,1133.7333949167667,1125.7315529900118,1132.0791696622607,3357.620672453632
2025-05-10 02:00:00,1126.376957684499,1129.930828521214,1121.3394363836546,1126.377520868375,8577.396954486458
2025-05-10 02:15:00,1132.8495745658436,1135.1257645710161,1125.912832872342,1128.305379868064,7599.835539079886
2025-05-10 02:30:00,1147.306091588333,1157.557698736052,1148.1201403856637,1153.1197257867257,9730.891153451254
2025-05-10 02:45:00,1150.6637978599013,1155.840711674246,1143.7918582091966,1154.028449592258,7514.794264526663
2025-05-10 03:00:00,1177.9163343871667,1187.07262771812,1177.6104297477568,1181.671215043786,6683.5587174773245
2025-05-10 03:15:00,1185.723908353409,1189.6196484198533,1176.1415653011868,1179.5344792204396,4577.85642673263
2025-05-10 03:30:00,1152.5094219063715,1158.2114231854785,1149.765174511637,1151.2620149237914,5960.500722185485
2025-05-10 03:45:00,1154.2612170113232,1156.3083973233302,1149.2727128199742,1154.4977662221431,2760.09416982286
2025-05-10 04:00:00,1142.6242789229082,1148.9154809185698,1134.8167857533992,1143.6110466859786,3092.3190695504345
2025-05-10 04:15:00,1117.4185623464532,1115.7539452916155,1110.7178941472896,1117.3068100875078,4966.859612902562
2025-05-10 04:30:00,1106.5043870453944,1112.8088631150283,1100.668503394671,1105.402059656362,3029.714666513524
2025-05-10 04:45:00,1097.737701811165,1105.5811134197365,1092.9904524493813,1094.7934613278453,598.1093984076416
2025-05-10 05:00:00,1092.679646623472,1092.4557152392376,1087.1094250907215,1084.7592525723248,4643.938314200636
2025-05-10 05:15:00,1115.954588637718,1121.4249721893964,1110.4314601494752,1111.9600779603284,7136.161692233718
2025-05-10 05:30:00,1142.0266957162244,1141.7662848656416,1130.7235805477235,1137.502726081331,5207.383557121088
2025-05-10 05:45:00,1137.8526509820977,1141.1997300351327,1134.565536874015,1139.6106706104767,6983.633941974077
2025-05-10 06:00:00,1126.4836876880613,1130.099643232705,1121.9967059653293,1123.4024994121996,3691.616249156165
2025-05-10 06:15:00,1095.3607445453436,1106.4288039262892,1096.6864238989865,1096.9963017153398,7765.882726485233
2025-05-10 06:30:00,1082.1664478479295,1085.600916911145,1076.140406636155,1083.0069441433848,7939.999178441488
2025-05-10 06:45:00,1079.0113391532307,1086.694199366292,1078.4168023099594,1083.177369875736,6559.458231204462
2025-05-10 07:00:00,1090.4051440981382,1102.3629358933722,1089.2634085398795,1098.5215128656155,1458.7903411756806
2025-05-10 07:15:00,1090.4386364593922,1099.3416000779514,1088.189728097114,1090.1773921690547,6887.17011516502
2025-05-10 07:30:00,1101.7413941883967,1102.4021695149895,1094.4016815293212,1097.5552540513636,350.3571165585166
2025-05-10 07:45:00,1114.9061580187679,1115.058121307527,1104.0115934706012,1107.2749446715466,1583.1516206125132
2025-05-10 08:00:00,1102.8335706531998,1109.8616016716858,1097.0360795249298,1109.1955516050066,5329.015403082854
2025-05-10 08:15:00,1106.760416984307,1115.351657285456,1103.6995125444093,1111.8747502675851,2983.5293079006537
2025-05-10 08:30:00,1103.0932868426557,1111.8911828134785,1098.0546315166232,1101.5922886580574,5860.908125466648
2025-05-10 08:45:00,1069.4110919115703,1082.0767384248654,1068.3006518686302,1078.2872273309126,2448.874405965779
2025-05-10 09:00:00,1066.5425531208782,1065.1910092234868,1056.4021813970303,1059.1387287372256,5797.8450032699075
2025-05-10 09:15:00,1068.1473302472039,1071.1110883694514,1061.5128982219048,1068.1180677453442,452.7373850132976
2025-05-10 09:30:00,1049.7736117818404,1055.7137557782903,1043.3416447539275,1044.6506030039127,5085.102322231059
2025-05-10 09:45:00,1028.956149355762,1038.757094818221,1027.0672828019285,1035.6810920051469,9098.859034141946
2025-05-10 10:00:00,1040.79268440014,1050.2556054472248,1037.3701302628024,1040.9954921349608,8591.05627515147
2025-05-10 10:15:00,1079.516177716696,1084.435444595838,1074.6491757697006,1081.273446028718,3401.965665987586
2025-05-10 10:30:00,1079.1115055068954,1078.474593313053,1070.014760523299,1072.2456296900048,5482.825472359703
2025-05-10 10:45:00,1056.4754054107902,1060.0613814699286,1051.7271863110332,1055.9678679769968,6320.810316284633
2025-05-10 11:00:00,1023.13669272804,1031.3891575677974,1022.2675738253082,1023.585380115962,2890.8560080739553
2025-05-10 11:15:00,1061.193089215891,1064.7911349123615,1054.5570099251543,1066.4621236437313,4434.256524067455
2025-05-10 11:30:00,1048.4896661689727,1058.7751163085961,1049.5184307572379,1057.2569204426316,7736.351257553111
2025-05-10 11:45:00,1011.1807120463524,1014.7730268298952,1001.9394878432411,1006.1050610420763,5212.480230381329
2025-05-10 12:00:00,1005.3807289815131,1010.6163575306031,997.3139401177474,1002.7528892443548,9602.419715779779
2025-05-10 12:15:00,1000.9328698022197,1006.698076519555,996.3576446762618,997.6392681445326,269.2902622108742
2025-05-10 12:30:00,1026.4081974100739,1028.0393306634842,1017.2791721483911,1027.6897202273647,8359.466161121989
2025-05-10 12:45:00,1043.9840351256014,1046.091268685268,1033.8428602126232,1041.3060461258815,3781.265375330255
2025-05-10 13:00:00,1020.281114463257,1027.1847113034478,1017.9410975097396,1019.9901784568135,4083.7571204441897
2025-05-10 13:15:00,1030.4777194239591,1033.6110690252506,1024.6672480793625,1029.1936758422207,829.7789265105816
2025-05-10 13:30:00,1009.680629695383,1018.5061505718644,1003.5239497501947,1008.2182814795931,2304.191913726404
2025-05-10 13:45:00,1030.5996032883438,1031.2496556806352,1018.3676367058192,1028.6691082563216,7295.293202405147
2025-05-10 14:00:00,1033.4429780242883,1036.4074864023012,1025.269759271648,1028.9876751480112,2014.0232245779582
2025-05-10 14:15:00,1012.7983794242092,1021.0415523910023,1011.3402958256438,1014.4131065254523,9834.4439979705
2025-05-10 14:30:00,1007.3952883851533,1016.7988652438838,1008.4103122934877,1013.1910474975496,8330.338928030535
2025-05-10 14:45:00,1010.0710932222014,1019.9316565910573,1009.7393263506777,1016.9155462603459,7585.397718477432
2025-05-10 15:00:00,997.3499359400878,1002.941217480918,991.6093701635881,1001.1236088177182,9966.664895734904
2025-05-10 15:15:00,995.0158583207599,1001.1789395223417,989.8930232949677,990.5354191657158,7098.862174630947
2025-05-10 15:30:00,972.3965736791517,971.8399385694395,963.8620610926052,963.9657247094464,4077.824449513106
2025-05-10 15:45:00,984.7858826905272,985.6271492513346,974.513182424826,984.533286294835,3669.8390487184683
2025-05-10 16:00:00,982.4667965653463,984.80564740067,975.1217770380649,980.8161553679089,2880.5491856427243
2025-05-10 16:15:00,961.4464781085741,969.9688203104331,958.7845315851758,964.4429357144259,6858.518544706757
2025-05-10 16:30:00,967.9376279354946,979.8599765262526,965.9100031515036,973.1100057226668,351.51868513481213
2025-05-10 16:45:00,971.8237196151379,976.52847875975,967.6247960088482,973.5737497733749,9528.294620706818
2025-05-10 17:00:00,954.5667935250818,965.7958485406374,956.6902420413538,955.0590596053137,1282.2911303517494
2025-05-10 17:15:00,939.3440773112214,941.8776588539514,931.7265043523431,932.4184549083922,6796.283489254437
2025-05-10 17:30:00,933.0604009143658,942.726495672575,932.6470545029425,936.4992760227209,6892.909804177672
2025-05-10 17:45:00,932.353284109989,938.7296086456147,933.0699105331929,938.4093431458751,985.8772239547665
2025-05-10 18:00:00,958.8057920563976,961.8846220157076,956.8613402486073,959.8777310997598,8283.336403748704
2025-05-10 18:15:00,976.5350344608289,980.9916068727647,971.2979781592618,973.417940669454,8449.58105066463
2025-05-10 18:30:00,975.0744727872157,977.237430940282,968.50645164246,972.2900488958012,4460.524194701649
2025-05-10 18:45:00,976.2261077877064,982.0198928414071,972.6671975210079,976.6976104359045,1490.6208268621126
2025-05-10 19:00:00,984.338575924307,986.491880100552,976.8777697247464,986.659103620942,7989.428727610844
2025-05-10 19:15:00,964.1628611147482,976.2854777934609,961.8405010672337,966.9849138659164,9652.67305459212
2025-05-10 19:30:00,972.7265198272888,973.516105915476,966.8844723166428,971.5778293549296,7357.033885834731
2025-05-10 19:45:00,949.8869811921177,958.0177392033241,948.6897682510511,952.9042776068883,9743.809025101422
2025-05-10 20:00:00,944.8764448396116,949.4183705473448,940.4349024680739,945.1655990132039,418.346788344202
2025-05-10 20:15:00,957.5655952077342,957.3165026809739,946.6362936011471,950.8703272230815,4876.5933657121095
2025-05-10 20:30:00,966.2484112417744,970.8549899741682,959.3287893508302,970.6989626473007,1814.3595335040047
2025-05-10 20:45:00,966.8533884371412,966.2586044725456,956.7833468975433,962.3097916343886,8647.116910045243
2025-05-10 21:00:00,987.7821816382564,993.346490688316,982.9824616898427,982.3370965736362,5999.181467446138
2025-05-10 21:15:00,995.0457064652023,1000.4793697773603,987.3136086435678,991.1253628393504,2628.392361557963
2025-05-10 21:30:00,1006.3042232740406,1008.4273923818042,1001.1626461194189,1008.4208787296927,7775.148097006147
2025-05-10 21:45:00,1010.2860494041118,1014.9845124092753,1006.2407834366862,1009.285769227696,4739.974301326834
2025-05-10 22:00:00,1006.7435579952172,1009.0456951887402,999.0854894044567,1003.3144999351426,6444.094517910605
2025-05-10 22:15:00,1007.255368205876,1008.9234123705628,1002.4653495678034,1006.9266106432179,6137.06009367626
2025-05-10 22:30:00,990.8055554638788,1000.1905657972395,988.7064655810881,995.3777734137218,1571.110744317841
2025-05-10 22:45:00,998.7851631299104,1006.4352617237441,993.1260526276218,1000.3933636765485,8695.226281745687
2025-05-10 23:00:00,987.1291435127941,994.1094810105791,984.0707183181695,987.7548881688183,8300.5430447453
2025-05-10 23:15:00,1005.111115482379,1004.2443921653073,994.443858505009,997.4977284788481,8568.336698739971
2025-05-10 23:30:00,990.1200940934781,994.0436315368859,986.9082735813377,988.7108637100918,9341.802057424055
2025-05-10 23:45:00,979.4171296573376,987.6609593222821,977.4211085640932,978.6092034981176,6487.591642252795
2025-05-11 00:00:00,968.7702631170101,975.2614786157949,962.963460575134,967.7682615122167,4848.359079225827
2025-05-11 00:15:00,953.8138337138465,955.7352683425717,947.6861283772988,956.8448005821851,1419.4604966084175
2025-05-11 00:30:00,950.4002897619189,954.8760702374902,944.8692673663791,946.8919055441071,6155.45123626656
2025-05-11 00:45:00,936.2232897684858,937.258400488566,926.6105837611493,934.3868947999306,4445.788167221476
2025-05-11 01:00:00,953.172024065507,960.2159006352312,944.9950407922018,953.8622437158537,6253.206285079646
2025-05-11 01:15:00,946.5133435383647,952.8912629661951,941.7524879475644,946.7487814206881,6324.847098355848
2025-05-11 01:30:00,931.5032413579065,937.2347701659546,928.1080645114154,930.6315207839926,7562.537388970118
2025-05-11 01:45:00,934.3184841132182,938.8467683287073,931.6894300548729,935.4637704541589,2250.7487512410844
2025-05-11 02:00:00,934.9918536200149,942.8729449491458,929.6891953706026,936.2379108906257,4745.718496325889
2025-05-11 02:15:00,943.8097938335011,947.3510876969499,937.6322343667256,942.4455905148717,9715.47951651612
2025-05-11 02:30:00,937.655240903328,938.5787605656049,931.4994197572396,933.4934231794741,8099.1615879035135
2025-05-11 02:45:00,918.658920827992,922.5206695567366,915.1323010998353,919.3136690346614,4024.33169706041
2025-05-11 03:00:00,902.5924387808208,908.4527222110285,897.2540179479722,906.9887754977194,5916.463823775133
2025-05-11 03:15:00,898.4343348820722,906.1273449467569,891.8210221284262,903.1901428906482,9998.116899277435
2025-05-11 03:30:00,896.49843170728,903.9168533518097,897.6582185478625,905.4359403349624,6813.925529336134
2025-05-11 03:45:00,889.1105869583262,900.8175110757223,885.3950078875455,897.0103966056928,5025.120386880114
2025-05-11 04:00:00,900.2638534971629,906.7675139411537,896.7504690388049,904.7639900676904,7184.739221147334
2025-05-11 04:15:00,904.9628146442046,911.9479425753913,901.0850473762995,910.3463426744753,6414.450312071966
2025-05-11 04:30:00,908.8497209898951,915.6368583142878,907.4507867830674,909.1498829085795,1566.4533889245781
2025-05-11 04:45:00,912.852392001619,917.281138144954,904.8684410840331,914.1489423575636,197.0411632349355
2025-05-11 05:00:00,907.980558048111,914.7451800287762,901.8452752344375,908.8074783637528,702.4192876462301
2025-05-11 05:15:00,916.0153975976747,925.0369248787156,914.3773182200713,914.5140995744877,2653.98424971023
2025-05-11 05:30:00,943.1776023032703,948.7524737775169,937.1347490366329,939.208383776164,4542.4392812882315
2025-05-11 05:45:00,943.4139820777144,952.1898645831686,941.6458885018502,943.6448149038638,7398.358656286357
2025-05-11 06:00:00,955.2800160669332,958.4060781844955,949.9494632600896,950.6451424562267,8691.263758385647
2025-05-11 06:15:00,946.6740106780895,958.9037543371197,945.4921859587793,954.3984717902277,3758.070646774847
2025-05-11 06:30:00,991.087215149679,990.7351732144044,979.8511292479448,989.8675056013664,6913.625302951634
2025-05-11 06:45:00,1000.6310543083513,1000.175734018101,993.45886469086,997.5033189783858,6662.564289472147
2025-05-11 07:00:00,987.6300147099413,996.756422636819,989.5397493085661,991.1544633568079,9598.101349015384
2025-05-11 07:15:00,990.995270300844,993.8159329697321,981.5610574733063,985.9394724630944,9963.128062544349
2025-05-11 07:30:00,985.7218498536146,990.0473658423243,983.1092116170581,985.0152788337575,4422.669617283729
2025-05-11 07:45:00,989.7901739003953,991.9228919831311,980.6587891594227,990.9695604404892,3246.9589096594063
2025-05-11 08:00:00,989.876627277956,992.0396821517177,979.7782484556233,990.3772387724862,3661.6509484853
2025-05-11 08:15:00,954.1396131795565,956.55682957141,947.4816078563732,945.0960492834989,5420.284006624937
2025-05-11 08:30:00,938.6769525524089,937.124960177245,926.7487348263306,932.0659051288162,4688.700892878847
2025-05-11 08:45:00,922.1835951169237,931.6392613891068,923.7337348224902,926.3909946635597,5396.74141766634
2025-05-11 09:00:00,934.2727390271519,941.6346124652346,931.1456307068953,936.1245045902444,7188.248643615842
2025-05-11 09:15:00,917.0482180606928,928.6368276707728,913.5738550916896,923.5471365069322,7918.130042724944
2025-05-11 09:30:00,921.6785156151882,927.7211243260265,916.9482021775949,922.218515495419,5588.494156059412
2025-05-11 09:45:00,892.027099140006,900.8081628315566,889.1788299461481,893.0729267012357,907.6829295448817
2025-05-11 10:00:00,876.998532389011,888.7219998572584,875.7509283015784,879.8063267189951,2733.0011623792816
2025-05-11 10:15:00,896.0938588024409,898.110548775,886.3872961072833,893.9856127531135,3865.8208305665044
2025-05-11 10:30:00,900.8497763815406,908.3869565711861,897.2550022406172,905.2800767284571,3303.67308368319
2025-05-11 10:45:00,909.2889436111545,917.563260584248,906.2965484367245,913.3501439721076,7865.518305748798
2025-05-11 11:00:00,948.6525744867882,948.5368519871167,943.0498258300546,944.2160110947705,5791.910734667874
2025-05-11 11:15:00,903.8190554526402,903.7232209175311,894.1677249267384,904.6138453770742,3986.175773966338
2025-05-11 11:30:00,891.0670732755808,894.6538014466031,884.7133676181694,889.421189143297,3714.14110878911
2025-05-11 11:45:00,888.5944532135239,890.236358462667,879.8789285241529,882.9659490029272,145.22865598036296
2025-05-11 12:00:00,898.0758035612855,901.5377156087944,893.3858553244949,899.1223043860965,8146.485497761966
2025-05-11 12:15:00,898.1275902920656,901.5674023134886,894.3854486811688,892.9590677948215,9654.926079979181
2025-05-11 12:30:00,905.3909621703864,914.3004922954751,902.2079128727621,906.6142923315216,7428.717876367638
2025-05-11 12:45:00,903.1554571745344,914.334261597977,901.8158037114225,907.1246923159583,3841.7202618089123
2025-05-11 13:00:00,896.9750910914743,906.926308047276,898.7369283096356,902.9692850377476,5657.483097764202
2025-05-11 13:15:00,921.3894533616728,923.872207412027,913.2398213072396,917.5009414775574,764.4653701507649
2025-05-11 13:30:00,922.1057491232629,930.6645936845891,920.7213037516477,927.9933380174258,952.0746988026217
2025-05-11 13:45:00,956.0567933098146,965.0549793101044,954.9857520569076,956.834542708938,135.66860696278448
2025-05-11 14:00:00,960.8193466503877,964.1541199335969,955.7603424438262,959.203373475461,1304.485207207343
2025-05-11 14:15:00,936.9742187032297,949.7175871086343,938.2185883151948,938.4021945933598,9125.065217792222
2025-05-11 14:30:00,922.4656398701557,924.8802153634633,916.1907249648357,925.4806505629577,7767.60879495388
2025-05-11 14:45:00,919.0881794441416,927.1459102652376,914.6811456750709,916.0088395709332,9249.885802558798
2025-05-11 15:00:00,925.3726753814143,925.7657008097829,918.9813310526314,928.1805008545264,6803.403073340169
2025-05-11 15:15:00,934.4296330287248,942.0308328828548,933.8823363065811,937.2794474556354,5216.517015251349
2025-05-11 15:30:00,927.8201143849038,936.8555951741089,928.1388079417565,926.5520175038724,1066.746433829835
2025-05-11 15:45:00,949.2172549160218,950.2097556194245,941.4203135587518,944.0711587105708,1189.7782388058895
2025-05-11 16:00:00,945.4248484285191,950.5617497700366,937.8559442240188,948.9618538411926,1287.7518948114084
2025-05-11 16:15:00,944.9829556518974,946.4269819060114,937.9237470577449,938.8875303902845,4789.299302370845
2025-05-11 16:30:00,940.9939141831507,941.3368070476226,933.3989950347113,937.5794955755813,7174.892725779947
2025-05-11 16:45:00,937.636252696443,942.1083391734874,933.213337632875,941.1055467029553,8482.453276659156
2025-05-11 17:00:00,930.8106104267514,938.4091246655142,927.7098812213117,936.323380781632,265.5827294723206
2025-05-11 17:15:00,954.1398875601649,964.0651227149013,954.0578919817814,954.7943134289578,2846.396563089525
2025-05-11 17:30:00,934.9311627499337,941.1022481438896,932.5952134139429,940.961206839102,3174.3626368862783
2025-05-11 17:45:00,924.5268930587403,922.5555412512066,912.7570435542767,925.0118492283027,4901.0990882066935
2025-05-11 18:00:00,927.278355583572,931.868268676431,920.437509109032,925.6678961103778,6700.93763065447
2025-05-11 18:15:00,925.1773020707294,928.5293004031388,917.8099568766611,921.7551878784404,3957.9874855453363
2025-05-11 18:30:00,918.3983617107679,922.356710790883,913.298407941909,911.674047763528,3030.500222528944
2025-05-11 18:45:00,937.6066162409811,941.4561222361675,932.850014324286,934.3885855170606,197.61534642653515
2025-05-11 19:00:00,907.366875316598,911.0072682071732,898.6239619005344,906.5363484410099,7429.736049305354
2025-05-11 19:15:00,917.677368746946,920.2229590567031,908.3748244152548,912.2229792959613,9337.62386987561
2025-05-11 19:30:00,902.5496225738884,907.0414147153804,898.8379669149595,906.2516916445659,9557.424719237426
2025-05-11 19:45:00,927.3878971344662,929.721338338932,919.5680958190698,922.8231313959053,7789.106070941836
2025-05-11 20:00:00,922.5060718538195,923.7951445813825,916.4068725986247,917.1772794618499,5698.816949990923
2025-05-11 20:15:00,912.4136036655872,913.2309788404342,904.4655290084776,906.0224813639759,4149.513396759692
2025-05-11 20:30:00,903.6097452346227,906.4573013080304,896.8458461252875,906.6128392142006,6659.933807096898
2025-05-11 20:45:00,904.774662651876,912.8340123003665,899.9421760292968,909.269640338503,5284.942674298754
2025-05-11 21:00:00,890.7640209103431,891.3931526788164,882.700421078647,887.9524606490038,950.2361335790504
2025-05-11 21:15:00,863.3710962264282,868.0810924701,862.0564116832259,868.3200980105223,8883.115423448267
2025-05-11 21:30:00,872.6035746700887,874.6199807862963,867.3283284515098,866.9580174606516,5630.318050338316
2025-05-11 21:45:00,865.994323008834,866.596497676353,859.230844842101,861.9292046960156,3773.8370868783145
2025-05-11 22:00:00,876.0276864744998,883.1087545604369,870.6957617678867,876.5911951989517,8333.878374592372
2025-05-11 22:15:00,881.1017461342254,882.9905277001408,873.6293520727202,874.0281820811377,7596.751265488727
2025-05-11 22:30:00,887.3442284584223,891.5356454813892,879.6707587791354,883.7229356682401,740.9319946827986
2025-05-11 22:45:00,896.9643790905732,906.7753133430766,893.6312948329702,901.7021106593353,860.673615009039
2025-05-11 23:00:00,901.6469085871435,910.5194929766867,899.6412899398273,900.1361608933297,7788.8524830971355
2025-05-11 23:15:00,911.6364228994124,917.4030083756744,907.4394910349245,908.3741791903213,5168.367705178346
2025-05-11 23:30:00,913.9778642828568,916.931150361313,903.4070925815165,912.7271798437545,716.6263058558528
2025-05-11 23:45:00,916.6838091189597,914.604371178569,905.3848989176765,909.9441705399609,1968.756022372661
2025-05-12 00:00:00,894.993841775412,898.8282540027313,889.1767078059237,891.7186314694541,5908.619613732008
2025-05-12 00:15:00,867.1128221561233,870.2421828149136,862.8550553858427,869.9200758039955,2224.6284421830987
2025-05-12 00:30:00,851.2929925121131,861.4030620028575,848.2715181767124,856.8007058050126,5626.145390336335
2025-05-12 00:45:00,841.796322617692,843.1762062878068,834.2291717028544,838.493323472399,7582.80411876558
2025-05-12 01:00:00,852.3550619829352,855.7738090743723,846.1290432975942,852.3972285249424,2854.70156886386
2025-05-12 01:15:00,860.2837927530095,867.8833696943719,857.0527460498496,863.0017581183255,8562.03993058818
2025-05-12 01:30:00,828.2142503660599,834.5953669822334,827.1025421249358,833.6573218017917,7056.702010072428
2025-05-12 01:45:00,828.7588800718183,835.2837851433293,824.5062258227365,827.5570336645724,9915.58497665789
2025-05-12 02:00:00,829.7636141799189,832.06917661661,826.3877214908281,831.8405606326749,4318.75758455499
2025-05-12 02:15:00,821.3044792750023,820.6930204230293,812.9180717450561,815.0065978530567,5658.7192369176555
2025-05-12 02:30:00,820.8592272113254,825.7250778212542,816.7201750544244,824.8808217396535,858.4754605249974
2025-05-12 02:45:00,821.205001219174,827.335339591826,815.036597261136,819.7651023358985,6859.028700719142
2025-05-12 03:00:00,838.6075443203263,842.8024528066355,830.225099654792,840.0113239596453,8798.348649812384
2025-05-12 03:15:00,853.9890610146796,853.7710400126515,843.9826689143088,854.1090685293389,2290.313312203028
2025-05-12 03:30:00,839.6843797749048,842.2912926539324,830.875322707327,832.8746773840336,3940.6384333616998
2025-05-12 03:45:00,808.9163679006055,815.9577036290584,803.5837372406138,806.3253350084536,9344.52620171014
2025-05-12 04:00:00,806.3552684179547,806.448167917548,795.0602294825899,797.6162045810012,7364.809604711492
2025-05-12 04:15:00,801.224044129565,808.9539594642898,796.8961422799529,802.8886723629624,151.00255949481226
2025-05-12 04:30:00,818.381380542163,817.9959583864305,807.6767462727117,812.9795832927745,3605.474832357346
2025-05-12 04:45:00,795.2964294052179,803.0426561053941,792.1707569268364,801.9425021973543,5806.183549163205
2025-05-12 05:00:00,809.8076416228007,809.9336227799785,802.9098900185733,806.2916616343508,5082.865577688573
2025-05-12 05:15:00,829.922710671422,832.0933370842581,823.1329425096328,831.465867860245,4844.347166465196
2025-05-12 05:30:00,820.4795390794657,830.5853005239054,821.4644042838244,824.8825007314093,5791.782125284537
2025-05-12 05:45:00,867.7321494113693,874.1901222633093,863.1445816618019,865.6477246221832,8363.578664348832
2025-05-12 06:00:00,860.5379972362539,859.2787869383372,853.3317929922896,854.2562065592316,3257.957013265808
2025-05-12 06:15:00,840.1425067244612,844.6396497962255,832.8172108538112,843.6697019142051,4304.240988574878
2025-05-12 06:30:00,833.2195089460063,836.3607604556312,826.2590695255116,831.7237064578436,9501.728643698007
2025-05-12 06:45:00,843.4871502762946,846.6782604279412,832.5906377524371,841.2151022091258,6782.870383776842
2025-05-12 07:00:00,843.4308651719082,850.2168787885159,837.7108904107212,841.8738418703598,4244.203942792547
2025-05-12 07:15:00,832.457484674058,837.230663761452,827.0664551364268,834.2265285180731,7445.131018436401
2025-05-12 07:30:00,818.8321190332229,819.763650669815,812.2217539421713,819.1834354721519,8845.50549090215
2025-05-12 07:45:00,810.6610390682456,819.8022163478836,809.7653485718258,812.5337483103622,5833.54887472744
2025-05-12 08:00:00,835.0105282675227,837.82734450519,822.2867446576187,834.3357660156133,4992.439554915744
2025-05-12 08:15:00,842.1326643548305,847.6283017986027,841.8202396473571,844.004190125306,7274.180901804929
2025-05-12 08:30:00,843.7721102905077,850.1348138419553,838.5148410751689,847.7735519505627,2103.0959420275753
2025-05-12 08:45:00,853.1638048214076,860.5273717553522,847.9272207425183,848.7743032757803,1578.247490313775
2025-05-12 09:00:00,854.0279699492844,855.951903986452,847.8026370198555,846.3916317426936,4614.0158819142
2025-05-12 09:15:00,859.1461298385974,865.1883280423335,856.6577239382326,857.2794141873036,9419.544294610167
2025-05-12 09:30:00,830.8444028670907,828.7236197513002,822.6412209697997,827.1648036232214,489.07823746873925
2025-05-12 09:45:00,852.2184982063162,854.5146384076781,845.5821573006831,853.0421303863699,4037.773317436827
2025-05-12 10:00:00,852.3915324478364,858.8612556677215,848.0385026513666,849.8741994966733,214.05031512396448
2025-05-12 10:15:00,817.630248452298,821.3145932010995,812.4818582085019,822.091432405095,170.30491951403957
2025-05-12 10:30:00,808.6469782494619,816.5459189529047,805.1572529805873,809.4631766338498,8510.347664184783
2025-05-12 10:45:00,812.010442408483,819.175489932822,807.7983964174164,813.9355738985356,9364.518667600903
2025-05-12 11:00:00,813.0053358094872,816.5404145049905,808.5914148829663,812.3828789553362,5905.529195001801
2025-05-12 11:15:00,799.8234087232305,805.7844467457832,797.1035860546201,800.2919211770187,9263.177691174493
2025-05-12 11:30:00,839.2756830149331,851.1159102665094,840.2126059045712,840.1225465923271,4662.586975340749
2025-05-12 11:45:00,873.9654275531881,885.2339409493258,873.9748814445707,882.3266569541776,6604.903264855668
2025-05-12 12:00:00,857.1373069299009,859.2091882462624,849.4800902954244,853.1738672291001,9255.164665093265
2025-05-12 12:15:00,842.1642902053152,847.5397391642351,842.5528741022782,848.1654677112639,6841.643291760353
2025-05-12 12:30:00,829.5206384010069,831.1642906365737,822.7177466965651,827.7071709706516,7977.460942973331
2025-05-12 12:45:00,806.9945145960932,817.3339171132677,806.1185502043566,809.0135066655251,4505.210289766459
2025-05-12 13:00:00,813.6660251739843,820.9280716662727,808.8499353572744,810.9018082015441,1535.5851546612728
2025-05-12 13:15:00,792.0740510265266,800.1897207751998,794.2329662811067,794.6306353861359,4159.311520131163
2025-05-12 13:30:00,792.9233906251635,794.6625141789614,786.2151580043766,791.5169694713617,3007.637397107219
2025-05-12 13:45:00,800.4545164646217,805.5620973181116,797.9497785649843,800.3335456726219,9033.6616957998
2025-05-12 14:00:00,806.3871743232656,808.24402032121,801.4729471761519,802.2374566447468,2706.1166834664405
2025-05-12 14:15:00,833.7182974701897,843.3165260729055,831.6070333816763,841.8435984679935,8047.8190124758885
2025-05-12 14:30:00,846.0815485425057,848.5330951544929,837.4267154030033,844.4661451877938,8820.915279714625
2025-05-12 14:45:00,825.8846816245543,835.4423442669139,823.3479103380253,831.3386922082238,8731.232764925755
2025-05-12 15:00:00,829.7065136820448,836.609635193235,823.7752680632177,834.3678707500969,2450.6326789427585
2025-05-12 15:15:00,846.0914551084942,855.3448440023477,842.0819960407399,844.8862103893026,6007.62676522042
2025-05-12 15:30:00,844.7142062587444,848.2244520969471,843.3619262096073,842.211970930442,5722.294516324627
2025-05-12 15:45:00,844.0150547575159,844.0821537863512,839.1424569258243,841.7486936867826,9884.705071953978
2025-05-12 16:00:00,859.5386199429452,866.8708709091447,856.0588909424233,855.2554682740557,2742.2430762359827
2025-05-12 16:15:00,852.7782836876908,856.3142862683085,844.6353637663751,848.721571549627,5955.668270918992
2025-05-12 16:30:00,848.852255800183,854.5550582965301,840.8880972414858,846.6650838935092,7046.709015833529
2025-05-12 16:45:00,863.8826299761264,867.2551218796659,854.7649340949575,860.9889066606613,3552.9469171338205
2025-05-12 17:00:00,881.3811349227581,884.0497237403595,876.6073776630021,877.1537136065998,479.6008386593876
2025-05-12 17:15:00,892.5407166923134,901.4971796745208,890.0618075174644,896.6816092787259,3832.389526203854
2025-05-12 17:30:00,893.9402359412089,899.7819428530499,889.9429922414026,892.7947883058114,5352.177633148447
2025-05-12 17:45:00,886.7613872222834,890.2492318959683,880.7348392057639,881.3656446747641,7713.476070763761
2025-05-12 18:00:00,897.2403698820401,897.6531870230211,888.9622821031254,897.8594265015843,7182.779366261724
2025-05-12 18:15:00,888.9768325469091,894.0747719644419,884.6361627132883,893.3789062711207,8235.312335644852
2025-05-12 18:30:00,913.5025787132873,918.5362808107536,912.1511211934733,915.2358206717098,9038.838596426278
2025-05-12 18:45:00,890.6500156346789,899.2008875732291,888.2296426912826,895.8046103466128,7682.72430735488
2025-05-12 19:00:00,899.9174802960061,904.7730302091456,894.8145819376616,903.4270746576798,9394.150714128768
2025-05-12 19:15:00,887.8476953273835,892.8696866054484,882.4073054971972,887.5643048580081,9172.163494400671
2025-05-12 19:30:00,904.3079874214433,906.8069929427058,896.6745906123605,904.6837433672575,1375.4171252462577
2025-05-12 19:45:00,938.8944149585838,943.8530921438671,935.7506210315834,936.4573921135907,8147.455725989458
2025-05-12 20:00:00,961.2075992125917,966.3417892580882,958.5007611106756,960.277740035226,7837.483712681279
2025-05-12 20:15:00,939.1374057043088,946.9236711418424,938.422471407736,946.6059469040354,3905.2437079466204
2025-05-12 20:30:00,932.5962387019513,941.966171497225,929.6945445600335,934.6947647401826,3730.335636256396
2025-05-12 20:45:00,956.4859773204131,964.4281149867453,955.0110573296197,963.6959750637088,3764.1772974627897
2025-05-12 21:00:00,973.10684026195,981.1383509491583,971.7701434935462,980.8980571747869,3629.4413585545517
2025-05-12 21:15:00,968.3413501930564,976.5216133970756,969.288359667708,972.6279928146988,6135.170746623378
2025-05-12 21:30:00,941.466564241356,951.4015034001459,938.9786980161771,940.4127710210687,7995.41526093277
2025-05-12 21:45:00,941.8903249458363,951.533587230344,936.276300196909,943.5680798536051,3722.122126549459
2025-05-12 22:00:00,947.2912118831212,953.7012265206001,942.5090742773555,948.2776968458418,6401.218946019635
2025-05-12 22:15:00,962.0008467481954,966.3011636566669,957.3883409717769,964.2302007420798,4788.305396494587
2025-05-12 22:30:00,938.2172365530937,942.6956997986748,935.9093240170014,935.542712507632,4274.271641158396
2025-05-12 22:45:00,921.209704879885,926.1319293807917,917.4768391440986,923.1352454722024,5880.419981836254
2025-05-12 23:00:00,921.377366159649,925.6233490238482,916.7868612035193,926.2770669114332,7845.70537939617
2025-05-12 23:15:00,919.6620905059667,923.6298416744098,915.1323054760798,924.9142237854052,733.9406350543322
2025-05-12 23:30:00,916.2855382154465,919.435124937592,911.3759026036148,910.6515424149791,175.9792500658397
2025-05-12 23:45:00,877.526223150891,884.6372535261185,872.5087756252202,880.1876140199446,4401.23252060994
2025-05-13 00:00:00,871.1981925659281,881.6150175545042,868.7415357986231,877.8882962765274,9004.732677372687
2025-05-13 00:15:00,855.2209190234406,861.6175021518964,852.1121274218045,860.2700239114494,9411.762979850868
2025-05-13 00:30:00,856.0473055637196,862.6435895661556,855.4744637149761,863.3174010939259,4956.027830280623
2025-05-13 00:45:00,853.497285183622,855.1817820608384,846.3291018389916,852.7891833661641,3373.2583895302905
2025-05-13 01:00:00,850.3130633965145,854.2816818274111,845.8095527953454,849.3856468646038,3767.6431120160814
2025-05-13 01:15:00,868.1062395846908,867.9641426861734,859.2739104589125,866.4134491326,810.9867698729803
2025-05-13 01:30:00,853.0396952072904,863.0424168268156,852.7152919466881,859.8558513142276,3784.430333711694
2025-05-13 01:45:00,827.0790878168855,828.9730830926302,821.4720130799918,822.4223472380831,2213.401960579147
2025-05-13 02:00:00,829.9022641864609,836.7724494836307,826.4373627700742,829.5273273390089,6234.059949481963
2025-05-13 02:15:00,847.2011613359809,856.300126112456,843.2970039921222,848.7424690969056,929.6952719383079
2025-05-13 02:30:00,847.3897704755603,849.8892921783245,840.0605184895784,847.244555795127,5891.679943063817
2025-05-13 02:45:00,848.7604109109708,854.6867865499777,845.6073486905233,851.3489129588706,1790.619796959602
2025-05-13 03:00:00,833.5992271618,840.2358303419736,826.4531359547503,832.1382715424204,1262.5894958315225
2025-05-13 03:15:00,828.9103204506429,839.0862816866443,824.182429717651,832.6832896689368,6243.497555826552
2025-05-13 03:30:00,830.2538160213277,834.7077107258413,823.0645012189096,834.6045264726002,8966.892097524045
2025-05-13 03:45:00,807.0357354212699,815.5131987858886,802.7972281966158,812.080510112408,854.0525705575352
2025-05-13 04:00:00,809.408483721237,810.5103862520253,802.170232186447,804.5935433107496,7352.516823504634
2025-05-13 04:15:00,828.9028536985974,835.3350670272865,820.690374170588,825.4837648989272,8273.831917281708
2025-05-13 04:30:00,808.0191045049706,808.5463173146801,799.2178834228446,806.7081292912485,7659.561499340572
2025-05-13 04:45:00,805.6588299712961,808.5495514710083,797.8483266270532,803.6396409388611,6912.885925925423
2025-05-13 05:00:00,839.2515074188041,846.1260852838174,839.6664732716301,845.167646583517,792.610878043795
2025-05-13 05:15:00,854.9107104928773,859.2876532595212,844.4449227529137,846.8953226117958,9817.919551226632
2025-05-13 05:30:00,866.9024972219486,867.0922551844959,855.9366323601005,865.1465262501818,2905.9921190313084
2025-05-13 05:45:00,869.5226871505498,880.0602694707812,867.6211421366543,872.1320678299483,8072.794027432395
2025-05-13 06:00:00,868.9524976699205,879.5599853118989,865.4000995513279,877.9543731438525,6070.521146082045
2025-05-13 06:15:00,863.6447456972901,868.4844175140918,855.5218986817074,858.8369338106505,2990.121051212655
2025-05-13 06:30:00,862.297739380639,866.4478681570114,856.7311096740652,858.0353831943324,6858.263903377316
2025-05-13 06:45:00,865.9103942186738,867.2017898477178,861.9120042497542,867.1265783670924,583.4077446334942
2025-05-13 07:00:00,850.7014522337828,854.1083413167338,843.9786477767482,850.1121722960318,5978.967253348882
2025-05-13 07:15:00,846.1703526979962,853.108006251105,842.3462055224142,847.8514391965311,4896.291359871325
2025-05-13 07:30:00,852.8200172518998,856.1969833837333,846.0381697638351,850.7340561034841,9492.567477400953
2025-05-13 07:45:00,850.3516127980694,854.5390835992486,841.2534482453467,847.0401876022065,5027.176054362571
2025-05-13 08:00:00,835.6698315943287,840.6264288551033,827.908769162453,834.6447542482871,2199.670506461266
2025-05-13 08:15:00,819.445843762541,827.3862820125771,819.0585273839324,823.4820448857345,6143.2154746855595
2025-05-13 08:30:00,826.2800601385109,833.4222602206447,823.9323383861321,827.4335569608702,2383.9480170752477
2025-05-13 08:45:00,830.1988356237625,835.5832447038547,824.3496773760364,827.3610099151755,2034.6435854267481
2025-05-13 09:00:00,850.442512325659,851.3807283822501,844.6387880884309,848.2235044062086,6192.1692087559095
2025-05-13 09:15:00,829.6838316835601,835.9694122186895,825.8885532169355,834.9937823319962,9928.023803281547
2025-05-13 09:30:00,837.5841432965865,841.0794138691938,832.8153636490583,837.3860748981917,4094.794674759329
2025-05-13 09:45:00,836.9301036539123,845.3792026764145,837.9671747270979,836.8537855039624,6363.157784735122
2025-05-13 10:00:00,831.4789000871866,831.8733293591698,819.8569715068704,823.3340680570129,7581.185107635625
2025-05-13 10:15:00,824.5472874246539,825.3937518775795,816.7943149893462,822.4064776976327,8222.525605396571
2025-05-13 10:30:00,839.2257932406342,843.0042793566495,835.7928633010898,837.4272576042456,5244.5823300821185
2025-05-13 10:45:00,848.9921811935642,858.127115813176,846.6476158957685,854.4639131919762,3408.135601868638
2025-05-13 11:00:00,836.725756986196,840.2016429487614,832.8515153681165,838.021645840039,2262.1049968859797
2025-05-13 11:15:00,824.9443331106811,826.683437463254,815.939613571956,818.3575943959767,8382.085855030553
2025-05-13 11:30:00,812.0535911051161,816.4499640281623,810.900679478889,814.3866469330061,3823.1182158042516
2025-05-13 11:45:00,804.1836060641311,803.4837907477239,798.7424839308978,797.2291934295595,4112.983358421612
2025-05-13 12:00:00,823.2884424525514,822.4814962738021,816.410688228376,816.892326964652,5515.375016411968
2025-05-13 12:15:00,803.1065737713102,808.5175338229934,797.5530042656806,796.7406514965812,8225.3608861436
2025-05-13 12:30:00,814.4110503592907,821.6668035699796,812.7059414746949,815.2651180746852,2125.4754898827214
2025-05-13 12:45:00,794.8651312826111,802.5699123946996,789.9199102172182,795.1827782930577,3963.036227872462
2025-05-13 13:00:00,798.0409813926115,801.1483343060283,794.3448149262565,797.8946149454179,7705.793932462167
2025-05-13 13:15:00,798.215311913481,802.6400743784307,796.0782437631294,795.5064602324188,5069.1103919432335
2025-05-13 13:30:00,801.8276140431168,813.6477741934897,800.3722120681716,807.0684729489298,8024.033500909121
2025-05-13 13:45:00,802.0495470035008,813.8229970602715,802.6936945583296,805.3997798120719,3355.495400922717
2025-05-13 14:00:00,792.1380996743939,798.9033125625991,788.173119264839,794.5466484822067,2216.6444140805875
2025-05-13 14:15:00,793.9244720855318,796.9965034894332,788.5475039860744,791.0134377788714,5292.516247472448
2025-05-13 14:30:00,795.3606235869001,803.0950448591749,793.0063712831962,803.3161440325814,2239.707070275052
2025-05-13 14:45:00,804.2341187650903,805.2813476275826,796.048377888428,805.5077430635057,1143.962084602929
2025-05-13 15:00:00,793.1134719460541,791.2723016767142,783.359818710224,793.6004337218372,5597.16725877562
2025-05-13 15:15:00,797.0840491667759,804.2568374385609,790.6357584901614,802.599994280652,7408.208966389493
2025-05-13 15:30:00,805.8436964260562,808.5848688155758,802.5611307401598,806.988384972866,1538.3912682046607
2025-05-13 15:45:00,792.512164102379,797.081022710833,788.1437988166151,794.0931694080715,6367.634576482622
2025-05-13 16:00:00,839.2489663897758,848.4672120551044,833.5155950121024,843.4308318840683,8561.83333947705
2025-05-13 16:15:00,851.7999061745098,862.6633287257322,853.3402473117018,856.9094365011999,984.2534734973173
2025-05-13 16:30:00,882.5633935145835,885.8860424850054,877.5892571507143,885.9389472777043,1778.628724180956
2025-05-13 16:45:00,870.6107470016331,870.2957733179405,859.4708504128117,867.0891061735238,9759.298713565795
2025-05-13 17:00:00,887.7628936850176,893.3169113526701,885.7903216072116,887.5751752303836,898.7598637777744
2025-05-13 17:15:00,883.2305289490237,895.1317222364355,882.2227651524391,885.1957659163056,7724.330140765322
2025-05-13 17:30:00,884.0378065588761,886.3414403335444,876.3530467148887,877.8388357237966,1341.4824893710374
2025-05-13 17:45:00,901.2881894633679,907.4682443505775,897.6672760169345,895.4268156140301,5192.22095727868
2025-05-13 18:00:00,894.8341264624626,905.0193921890182,893.7944162128884,894.6310342509299,6237.137176245591
2025-05-13 18:15:00,883.0280098442942,887.833594256189,877.4523318465657,886.2335992265978,689.2216016770262
2025-05-13 18:30:00,876.6817360116637,877.9884515245536,869.33145329466,867.5172545323329,9624.804458890592
2025-05-13 18:45:00,872.231319701067,881.0488809884142,872.8744670478497,873.9132949071189,1811.307474073991
2025-05-13 19:00:00,869.0102216926912,872.8215597528097,858.5152841429941,866.0006089276233,8086.734940051044
2025-05-13 19:15:00,853.5303134300453,858.7810585574589,849.7253688858377,857.7926259667142,9134.751400595142
2025-05-13 19:30:00,858.7879363603938,866.3594769282612,854.2498353901641,862.2527120039827,3117.7084311399
2025-05-13 19:45:00,859.6538604617231,862.208785562162,851.9107093064076,858.4499564524885,6161.913715200469
2025-05-13 20:00:00,868.7914045247423,867.085900886801,857.1103416134561,867.268093426804,7213.758408696406
2025-05-13 20:15:00,843.486006709619,847.5703593853399,835.1404263802432,841.7624817016643,2203.0727558356884
2025-05-13 20:30:00,849.8432380679546,850.4989775614596,843.4119744822187,844.2275378923484,4878.110265544056
2025-05-13 20:45:00,856.4847798243671,866.2156188055367,854.7657076912901,863.7938843846512,565.3468458746381
2025-05-13 21:00:00,872.3658300001107,878.9623309532266,865.5404756531743,875.9201758507083,1872.880121734762
2025-05-13 21:15:00,873.1105270552126,876.0476834570136,865.5767132207442,874.084060326524,9822.011546048998
2025-05-13 21:30:00,879.9183397526969,882.3638842954997,869.2373112059051,880.101569881646,6709.04679583425
2025-05-13 21:45:00,880.5200493484354,884.8177704135837,875.3367455561898,885.5602003136494,3412.322564011803
2025-05-13 22:00:00,889.9679303185379,892.163151359595,883.5608903621147,887.4094131991213,3566.9783978963355
2025-05-13 22:15:00,870.7545262189975,869.6095540769862,864.4909959935045,866.3127396071438,663.8729013264568
2025-05-13 22:30:00,871.5686698240911,875.5567175957551,864.7191280928639,875.5825787084094,6347.772602526486
2025-05-13 22:45:00,873.9181455046589,877.5756823623009,867.377167135082,868.1014182562201,3588.0342567632624
2025-05-13 23:00:00,874.5508217946423,884.0572238019082,873.7530285955561,874.6292175092591,1615.788323414407
2025-05-13 23:15:00,881.7651888268292,889.7505126326743,878.231265945452,884.2668764591002,8214.615713023903
2025-05-13 23:30:00,878.1767109639371,885.466146133294,871.3123528691848,874.1587833101054,863.7719953981708
2025-05-13 23:45:00,862.8086957198838,868.7375785954051,858.5879237989358,861.8042340456718,139.1941721647986
2025-05-14 00:00:00,857.0022311618796,866.5668794328001,853.9931856735788,865.0743339180606,917.063800495698
2025-05-14 00:15:00,859.861671719961,863.9366392847041,854.0963786703765,859.1515409734081,9321.335561293065
2025-05-14 00:30:00,864.2634578111747,867.4717836066648,855.9644544086461,866.0366942541376,8069.402970716238
2025-05-14 00:45:00,867.8622979931982,870.3028394244061,864.9258135696232,872.1212001248655,3789.0083556132568
2025-05-14 01:00:00,857.9662067671557,864.2346686559038,857.5541974380495,864.0182914676792,1398.1165100384721
2025-05-14 01:15:00,863.3738759054771,871.4141220570915,862.9571608404046,864.6397235760472,3876.417452881054
2025-05-14 01:30:00,862.8378067551104,867.9692597765077,858.4917139396381,858.4841693402958,3735.4314778424555
2025-05-14 01:45:00,914.5420298795019,913.3875202973006,905.9551784728882,907.718662903805,3698.917544101025
2025-05-14 02:00:00,922.8207986437454,926.0617094343985,915.9886697605745,915.4365833057798,7593.898076970322
2025-05-14 02:15:00,927.8857324192064,936.9893142207536,927.0360955603976,931.5849162324253,7032.052411313978
2025-05-14 02:30:00,921.8747518532757,925.3672948132901,916.7366769978559,916.5450294018865,1321.4428389065151
2025-05-14 02:45:00,936.4715300629002,941.5188158856827,932.536383343787,937.7668467267418,1085.5674750484886
2025-05-14 03:00:00,951.1556811800509,959.4754717217304,949.4252435329093,954.446754340783,1676.1190343685598
2025-05-14 03:15:00,971.0912520144989,974.3929279003446,961.6500437094726,967.7243129874181,9265.970978187208
2025-05-14 03:30:00,968.306218206186,973.3052216978515,961.6831660487958,969.8777462002714,9145.518679767534
2025-05-14 03:45:00,924.139221318459,925.0812328163796,914.9024252746353,924.3300085405373,6168.282050245942
2025-05-14 04:00:00,924.4523157760669,933.6805267408159,918.4359571067947,921.618929166305,7465.071805942826
2025-05-14 04:15:00,918.55923802409,923.7599216839101,912.4944253465544,918.0505147243265,5033.797642884555
2025-05-14 04:30:00,945.3920273886068,949.8277796169573,939.6787742091869,942.77774859022,9556.460935229863
2025-05-14 04:45:00,970.4830507694794,976.3884739121048,967.9354556598194,974.5947169151206,278.4939571123731
2025-05-14 05:00:00,946.7723264299565,955.733099028902,941.5096672427351,946.36319991135,4993.888555205955
2025-05-14 05:15:00,965.9509420511725,972.1231799745145,957.2629477634166,965.2101951598632,1672.281800313705
2025-05-14 05:30:00,967.2028932633868,974.4872196158135,968.891266965613,974.0329264640822,940.3983002870687
2025-05-14 05:45:00,987.6076820782076,988.9201914572928,976.1305506588463,986.7572027454745,8200.813150732029
2025-05-14 06:00:00,985.8692403617031,989.2916027091298,977.9515570560503,982.8749233565236,2288.312051509515
2025-05-14 06:15:00,988.4735511500992,991.606898354769,981.9431935986042,985.8138721599953,2976.258472940583
2025-05-14 06:30:00,1000.6472098019392,1005.9894113404915,996.8406504519467,1001.2178175881196,7240.52938748443
2025-05-14 06:45:00,980.1330857747022,988.2680910301594,977.6110661602593,980.0612167454877,680.6581777583995
2025-05-14 07:00:00,966.8566330297851,975.235092415937,966.9972618767033,966.1883505489027,937.6629046577007
2025-05-14 07:15:00,973.1674209939332,983.084706417291,973.0605879019241,971.9884676241372,7783.459812335114
2025-05-14 07:30:00,970.4575857421329,970.2853627828688,962.9924461202373,964.1459711673399,7020.814275787036
2025-05-14 07:45:00,939.0212337308621,942.1510862953319,929.2797817221575,940.4350207409016,3158.681257223869
2025-05-14 08:00:00,921.5723442280553,930.7737511405041,918.82356247365,925.1475293428045,8266.016323215692
2025-05-14 08:15:00,927.7968250658881,934.5465802555711,925.4983139377484,934.8286569626489,4273.89168177938
2025-05-14 08:30:00,909.008939098443,913.6556199358354,906.6204377201068,910.7710777542079,3040.207855938707
2025-05-14 08:45:00,904.9488399511123,916.3065808488456,902.4395798094163,906.6925313724678,7102.215410775866
2025-05-14 09:00:00,893.7129061845307,899.6770956102954,893.2736324746583,893.3048155789598,6764.47349312635
2025-05-14 09:15:00,882.1444110008051,881.3821164851075,872.916029569125,874.3371040179838,4595.876233702817
2025-05-14 09:30:00,855.0943629398485,862.8653517762864,852.6875943904091,851.5061302128704,3713.3592415722355
2025-05-14 09:45:00,847.9849337352055,851.8652737362323,841.6122926013447,845.2917957383612,5664.147847160948
2025-05-14 10:00:00,845.7514756969459,849.6075084167537,842.8525784531103,846.2728210667772,8800.29780498648
2025-05-14 10:15:00,861.6400277110447,866.5222639330075,856.4815210463858,855.8341723388451,1288.5391259583212
2025-05-14 10:30:00,853.262313520016,860.6702025122706,850.1067134880515,854.9689353604531,6432.160108571583
2025-05-14 10:45:00,864.1531406052487,871.1134027350483,865.015492450334,870.2622753349525,9241.245510536528
2025-05-14 11:00:00,886.3143265698612,890.6481533162859,878.4425248206688,882.328620546459,1658.2122231816352
2025-05-14 11:15:00,872.363950582163,879.8567815759925,867.1504402143458,876.6088657698309,6261.118897345408
2025-05-14 11:30:00,888.1080223516561,897.3520159338337,887.2198415655802,897.0918146115677,6106.3748317541385
2025-05-14 11:45:00,881.951980936698,882.6564630631195,873.1771732800719,876.2843261139916,8690.896737351473
2025-05-14 12:00:00,891.6635934494009,898.5649252874332,890.5272451066321,891.9696247657006,1915.9377527888407
2025-05-14 12:15:00,887.270507804195,893.8428791173236,884.3247513638966,885.4169196214,7578.851479155189
2025-05-14 12:30:00,905.9806153735892,906.697022936742,899.0083930300937,897.9665043444942,5060.31133492897
2025-05-14 12:45:00,949.6257435856869,952.490470270154,943.857131317679,951.2151246075496,7395.917491960272
2025-05-14 13:00:00,939.9687179062013,946.6689023581855,938.9491786286098,944.8371675270802,9602.927926447368
2025-05-14 13:15:00,937.1613484807788,940.8285956313467,927.8296741509937,929.248982593004,4813.5922534895435
2025-05-14 13:30:00,922.1693564871064,929.2130418762852,920.0796244878644,922.4273524205234,8894.17697998734
2025-05-14 13:45:00,939.730336843957,942.3551954843721,933.0055361006887,938.2218836954587,8402.600891723563
2025-05-14 14:00:00,927.3243173297957,931.8453723703193,919.5008667493435,924.1559422985837,121.95565954595659
2025-05-14 14:15:00,921.868638800772,928.8259063798091,921.0837137636988,927.76438505001,9232.154458085326
2025-05-14 14:30:00,928.6424529975101,936.9762886409815,925.7165653831279,932.5389829080559,7805.033145425108
2025-05-14 14:45:00,934.0702123802951,940.971709017843,931.5701704903992,934.5927082180664,2185.4517089062856
2025-05-14 15:00:00,941.6103289734241,943.5055485046747,936.089658126245,942.556038352296,533.0659716747409
2025-05-14 15:15:00,937.6477084917128,944.4594052134354,935.690068696341,942.2654115320289,5923.678571590534
2025-05-14 15:30:00,947.5684468331543,952.5401977898817,938.5760436126825,940.3438508504659,7326.851971010225
2025-05-14 15:45:00,945.8052076037857,947.8220346553771,941.4003691072226,942.1366780742495,1026.161670556872
2025-05-14 16:00:00,939.3072908885572,944.9706602285667,931.6227000697232,933.7574654538162,5093.837464953588
2025-05-14 16:15:00,920.8439062653852,921.6335916424048,913.2519483537205,919.6220287043652,2117.584839604676
2025-05-14 16:30:00,951.0065960848895,957.8058481370688,948.2939637334651,956.8287185661773,1985.6528917851579
2025-05-14 16:45:00,963.460381062812,965.5573197711244,954.2749606087652,963.4290347847278,575.5046485414899
2025-05-14 17:00:00,948.3936665623622,951.373158591776,938.2878995284129,943.888256885803,3332.491750485144
2025-05-14 17:15:00,966.8690733741896,971.5911775574497,961.4518174533852,964.877421546097,7189.459368418875
2025-05-14 17:30:00,975.5759583738737,977.4732477218646,969.1429424266103,974.013234134717,2598.1812416887565
2025-05-14 17:45:00,969.7660082622215,976.7873423517107,967.2571970922871,975.4693451028422,1923.4300322115046
2025-05-14 18:00:00,989.1639778204949,986.9027906508965,980.8808363583299,989.4128253926181,4725.873703315134
2025-05-14 18:15:00,964.123424748796,967.0359280638457,957.8183053944787,965.6916316343397,8748.305024462208
2025-05-14 18:30:00,973.2547279942494,981.66422702348,967.07295606293,972.9375743808739,386.126928285525
2025-05-14 18:45:00,991.5532658232008,995.4910036010834,982.2770685486846,988.4115330526836,7259.401370411741
2025-05-14 19:00:00,1004.7502679493524,1007.7136137409772,999.9524135874005,1005.3821517537622,4314.560063320375
2025-05-14 19:15:00,1028.6368053704161,1034.0723791013736,1021.5196406316676,1032.5311551435461,8731.514416633998
2025-05-14 19:30:00,1039.9495771047846,1049.8739429138736,1040.0854808252398,1042.1135108197805,2153.072490389009
2025-05-14 19:45:00,1053.155689283296,1056.8932416613002,1049.8198497751125,1049.837077171551,7178.502813958877
2025-05-14 20:00:00,1048.5648870205243,1051.0679827688227,1042.3885515790178,1049.1776576198497,388.56801570042865
2025-05-14 20:15:00,1030.5332460893098,1034.9277848999575,1027.6575158535716,1037.3644409312865,7754.848302856125
2025-05-14 20:30:00,1049.951501288689,1051.2375774473785,1043.0945584106444,1048.2580698360819,3435.268654411518
2025-05-14 20:45:00,1046.8951994547983,1050.7121681480146,1043.4131056572812,1045.1153023591212,9776.33835044209
2025-05-14 21:00:00,1047.8861289864485,1054.3043799283796,1047.7212380414219,1050.4403435455993,655.26818448783
2025-05-14 21:15:00,1068.1856651116132,1067.7308785830764,1056.5385962372359,1067.5879817150164,6382.678410459255
2025-05-14 21:30:00,1069.840840705592,1072.3783052914187,1062.9449365197702,1065.5632715730642,4158.351366106424
2025-05-14 21:45:00,1083.9992895912046,1085.3274170042152,1075.7365474339342,1083.1521599290347,7504.0352032894425
2025-05-14 22:00:00,1075.9700321721643,1081.4287182971477,1071.877335744451,1078.3052265773517,7407.168628612202
2025-05-14 22:15:00,1106.065033526174,1112.6551062357619,1104.6960802582387,1109.5145688877064,5628.421565613218
2025-05-14 22:30:00,1115.18583607539,1119.717215690038,1113.3391541315916,1113.9023852702824,1377.1027911548647
2025-05-14 22:45:00,1106.1446984789632,1115.3090886977168,1106.6523368674611,1105.4651208885657,5411.300723023531
2025-05-14 23:00:00,1119.3299685977568,1123.702505071953,1110.9064638300486,1113.6747471630624,9031.479415708272
2025-05-14 23:15:00,1108.206189717515,1110.9518124305023,1100.1345366242822,1107.6882264171243,8173.997562906777
2025-05-14 23:30:00,1116.7360730135208,1120.3089173674064,1109.1545387704796,1114.3834966461984,2506.32755787228
2025-05-14 23:45:00,1100.4016962222101,1101.4802355428508,1091.2694508274892,1099.7282594030155,333.4451794027934
2025-05-15 00:00:00,1078.400727418738,1085.6744143266749,1075.5093870448077,1079.7723015296494,2356.6402285949316
2025-05-15 00:15:00,1083.417891108559,1088.3698985481085,1080.788035195776,1087.7961799926024,9204.536824995555
2025-05-15 00:30:00,1054.4568300105525,1061.811442853144,1056.4662282387733,1054.781485791095,9992.56232371551
2025-05-15 00:45:00,1038.2840159837085,1047.1832702903546,1035.1372229355848,1035.4841838799007,5296.978123449415
2025-05-15 01:00:00,1063.7482043671992,1064.8248620711151,1054.9309328017675,1054.9564458801526,8211.294440955608
2025-05-15 01:15:00,1068.3694973943902,1070.4799906140586,1061.6589251356631,1063.832985497987,6455.4643993271375
2025-05-15 01:30:00,1044.7905943723144,1051.1901728791406,1042.3129405003358,1047.7674826643024,1423.845504232589
2025-05-15 01:45:00,1046.5504802809253,1052.6324351901412,1042.3590767061567,1048.3625062355966,2409.7868632232767
2025-05-15 02:00:00,1047.5769324996415,1055.1701543831125,1045.9729381353263,1053.2160822966196,1887.8861029277075
2025-05-15 02:15:00,1033.7246349928075,1038.4729449194592,1026.9527596511907,1034.9129807246527,2441.779951690155
2025-05-15 02:30:00,1039.9607615944276,1047.3975030343029,1035.2038434238332,1042.1409223432331,9241.127749583324
2025-05-15 02:45:00,1054.0474532649762,1061.3751045144738,1049.376761541967,1058.5482745843904,9516.703515047197
2025-05-15 03:00:00,1061.113247843004,1067.444290119771,1055.0146772257663,1062.890375236329,9888.922253439647
2025-05-15 03:15:00,1075.9340470299364,1078.3619976763691,1069.2266894657248,1074.6419241837516,938.174618067783
2025-05-15 03:30:00,1056.6312620563356,1063.3749784378615,1055.9608703235806,1056.903052333418,1257.2783524454019
2025-05-15 03:45:00,1056.6893563021833,1065.243217739955,1053.7064767668373,1065.1331617373794,5209.47332327755
2025-05-15 04:00:00,1069.3874157380303,1080.910799964495,1070.0871129471436,1076.8105210847564,3568.937804365526
2025-05-15 04:15:00,1055.6638883030755,1058.0105579371211,1044.5574437563253,1047.7650081863378,4253.086051494644
2025-05-15 04:30:00,1029.6899310673227,1038.209653988084,1022.9722011407137,1026.0514490717915,2351.6437647931657
2025-05-15 04:45:00,1026.3331101903805,1027.9609921649696,1017.4268024854766,1017.8837673673712,6064.2765572482285
2025-05-15 05:00:00,1020.3866650408844,1023.2095293126387,1014.0023277280038,1024.3971957626532,3483.589351893924
2025-05-15 05:15:00,1049.5255145968822,1050.6821755843137,1038.186438994826,1043.4441859548476,1955.4667315720144
2025-05-15 05:30:00,1045.2048339779344,1046.186827308638,1034.2924097833047,1042.7987714242968,8598.059960164097
2025-05-15 05:45:00,1058.4821090663183,1065.0263885397771,1054.2113171136723,1056.9505986929773,3882.789887958195
2025-05-15 06:00:00,1035.6160502535336,1046.0613604525058,1037.038001806205,1041.4919578293832,3425.5049667154904
2025-05-15 06:15:00,1050.3235227621055,1052.413605622917,1043.3535860768143,1051.9474687336226,2954.1022974943703
2025-05-15 06:30:00,1025.4985358564902,1026.9050050537367,1019.4141123896201,1020.0384665338689,5966.346464888264
2025-05-15 06:45:00,1043.1060718970743,1042.3206824085485,1031.3257885307341,1039.0505539134297,4499.725723204386
2025-05-15 07:00:00,1050.3352084964208,1057.6065754375184,1047.3026356039743,1049.1218704414475,6848.6639355069565
2025-05-15 07:15:00,1056.8306447815812,1062.4677086515244,1056.6161481524432,1063.9081110857642,2642.4630429058816
2025-05-15 07:30:00,1072.7730253031061,1072.0752497016153,1062.22761312118,1068.3904996340998,8992.33159537545
2025-05-15 07:45:00,1090.8985947182548,1099.0900873351973,1085.6146276375844,1097.0842655827405,3528.564642343466
2025-05-15 08:00:00,1054.6889563554419,1060.9094065433953,1054.4658699251977,1059.5974942529672,1243.1400838819475
2025-05-15 08:15:00,1043.353702687881,1047.088190617457,1035.5148141886543,1044.2382061795158,4140.501654202011
2025-05-15 08:30:00,1042.686797439243,1049.9059522153368,1039.0800297303538,1048.0376186330107,6158.600369614792
2025-05-15 08:45:00,1058.1003258030091,1066.4395608071889,1057.5627249313093,1057.138429580007,9219.751470605694
2025-05-15 09:00:00,1062.0547896322532,1070.465109060125,1062.079690209856,1063.2609641563515,7474.81354067338
2025-05-15 09:15:00,1059.546778445671,1060.9071785791552,1049.2541350909562,1057.2793844154444,6490.2104611936065
2025-05-15 09:30:00,1034.137090494691,1035.5797349442994,1027.0183938933976,1035.1965011572624,6945.214658902591
2025-05-15 09:45:00,1035.0494472643156,1042.4851376766765,1029.0847952972529,1041.5817844994162,2326.8345988968654
2025-05-15 10:00:00,1040.5508802304516,1044.6923154224155,1031.7844730438737,1040.3395916561265,4063.2598188652905
2025-05-15 10:15:00,1056.4786216407433,1062.5744085041429,1050.5527246283898,1060.4625053232917,3310.0037878947396
2025-05-15 10:30:00,1055.6485987578883,1056.9443185303232,1047.1417914794122,1057.4435677944598,8852.23598226016
2025-05-15 10:45:00,1068.4829725492798,1079.523328313655,1066.0960003576095,1069.0134856268687,1753.8077013590203
2025-05-15 11:00:00,1086.8410758342195,1086.3379007022493,1076.6656535821935,1082.6837002188406,9604.450094262733
2025-05-15 11:15:00,1092.8693898230936,1097.811173992343,1087.9744979425477,1095.3787270202993,6905.771975806269
2025-05-15 11:30:00,1083.6683797256528,1089.1043058895646,1076.7450678697617,1087.728804378332,3929.5455716176816
2025-05-15 11:45:00,1106.8152877265488,1113.5183639187,1106.6551374453952,1106.7216803196397,8074.088406347704
2025-05-15 12:00:00,1106.8591789627212,1115.0644624932281,1107.0611274396324,1107.5791496737857,5090.261350659729
2025-05-15 12:15:00,1131.0608087638586,1142.9811129686304,1127.9089643851341,1136.978046351349,9561.64442454357
2025-05-15 12:30:00,1109.1432818051915,1115.508694999162,1105.3387335332961,1105.4994253450632,2079.6555947107427
2025-05-15 12:45:00,1095.4322377822468,1098.8311066572035,1087.8291696967578,1090.3497862653787,2905.1051400744495
2025-05-15 13:00:00,1116.4796102776006,1117.9794993334563,1110.5446709015164,1116.3047434366401,5580.081309155616
2025-05-15 13:15:00,1140.742806313364,1144.7030374830722,1132.4374586946305,1137.0122444389792,7325.823482337715
2025-05-15 13:30:00,1139.4830664291733,1141.218774200719,1128.767427784832,1134.968410159518,4459.240337215781
2025-05-15 13:45:00,1147.612890015742,1153.7905147629629,1145.060997755105,1146.3630401686974,1707.7560375816108
2025-05-15 14:00:00,1153.6926453809544,1155.2598102127672,1143.3560273944627,1147.284250548555,5820.360570253016
2025-05-15 14:15:00,1148.394057146748,1159.6546901738222,1145.684157228802,1154.00182727093,9411.310847127123
2025-05-15 14:30:00,1145.9395005832978,1146.7721137343685,1138.3028082877927,1144.1639209664575,1705.7055701930065
2025-05-15 14:45:00,1120.7313809729421,1129.779757328537,1122.6635073769676,1129.2403753677168,8360.089288648362
2025-05-15 15:00:00,1128.4003066104617,1134.6139819888458,1124.5292887710123,1129.462957915189,3855.200986543828
2025-05-15 15:15:00,1132.2721819613294,1135.8222967355878,1126.4606178482525,1126.2435635319941,2851.0970872827465
2025-05-15 15:30:00,1116.3453875274001,1126.5723593779962,1115.2369158321128,1123.3122018075737,1107.4034175639881
2025-05-15 15:45:00,1101.278072451372,1102.208665052091,1091.8294747523157,1102.1595506948113,5023.212266457626
2025-05-15 16:00:00,1103.7074630008947,1109.8002608431375,1101.6564657827973,1104.2541324513027,2226.813850928708
2025-05-15 16:15:00,1099.6877532473875,1111.5735972186571,1102.1808480468294,1106.936082372647,5018.524972981227
2025-05-15 16:30:00,1103.428099076703,1103.8762673531357,1095.4785055023021,1098.1756626285692,5615.914755154495
2025-05-15 16:45:00,1111.2711232762604,1114.1491717093545,1104.632382216358,1111.735397213781,8931.054073047068
2025-05-15 17:00:00,1092.4927548310486,1090.209868113215,1080.5702828925562,1087.7965051100255,918.0831093431459
2025-05-15 17:15:00,1086.2586898353209,1085.1447116756372,1077.2305238827366,1078.2968981260838,6988.554288828035
2025-05-15 17:30:00,1085.6075431426477,1094.2777236469083,1078.6943427172885,1087.619592651842,6305.562702415027
2025-05-15 17:45:00,1096.0005266096668,1101.5740653047208,1093.4784228141089,1096.5819571460097,243.05786039658582
2025-05-15 18:00:00,1128.9579518531427,1129.6976585515333,1122.385498885657,1124.6413030648866,7650.81139198992
2025-05-15 18:15:00,1140.3962393096203,1143.5920722837677,1133.770271545991,1136.4568303741785,6614.035058507088
2025-05-15 18:30:00,1140.5268822500964,1146.0237653248573,1132.8796703223586,1143.8587670297545,2171.5430954250537
2025-05-15 18:45:00,1157.6958274915287,1163.3554607497224,1156.6350026266002,1158.574553550713,7150.6159645588905
2025-05-15 19:00:00,1165.3132787549798,1176.8431789329925,1166.7021805884176,1169.163535750979,2210.9229077769446
2025-05-15 19:15:00,1160.3050461348046,1163.8663548130812,1155.4141516748382,1156.191037960097,9759.22468678471
2025-05-15 19:30:00,1145.2193039565911,1151.908496406964,1141.5430780781894,1150.6133270545154,6461.236135562507
2025-05-15 19:45:00,1146.675452031967,1153.9314115283505,1148.5605686014012,1149.7451641743098,9838.733162256127
2025-05-15 20:00:00,1123.1223383458778,1126.527272103147,1112.5040112095267,1119.9515153668149,3331.277407369632
2025-05-15 20:15:00,1106.2271840139813,1109.9248158722637,1103.501061231955,1105.6516365613563,2876.9775397690128
2025-05-15 20:30:00,1098.489305980378,1106.828105525752,1092.527403214479,1101.0177819659561,5234.898124262311
2025-05-15 20:45:00,1106.7830301760423,1111.61957879105,1098.2425135975107,1108.6615919308965,4979.653157493402
2025-05-15 21:00:00,1107.2323436221984,1106.119280157726,1098.9418801844572,1103.463390441434,5589.62339584056
2025-05-15 21:15:00,1115.4256732173706,1116.1091097244073,1104.1206821161534,1108.4127170589825,8463.645721918634
2025-05-15 21:30:00,1107.677492745093,1107.0202044889088,1101.7460383667947,1108.5981662862532,7371.337504694339
2025-05-15 21:45:00,1116.776858002141,1124.494426976602,1114.2537348675714,1125.8872381549816,3999.7212363752433
2025-05-15 22:00:00,1119.1441117473785,1128.9689266108132,1115.2791738597803,1125.6864899118084,9602.271075143415
2025-05-15 22:15:00,1129.8394367297205,1137.9324421758097,1129.7214839724875,1133.216035782914,3345.601252040957
2025-05-15 22:30:00,1140.025051059106,1141.6967933083088,1137.5181600702026,1143.7467143647293,1703.322677548124
2025-05-15 22:45:00,1158.927526338192,1164.082798359529,1155.082757230651,1158.0502802415222,1361.09159656898
2025-05-15 23:00:00,1135.0411881864356,1147.453562395207,1133.4638404125776,1138.753645238125,264.1875903054789
2025-05-15 23:15:00,1143.313239091508,1146.6176303308696,1136.860282942582,1139.9737902552902,8553.96901649949
2025-05-15 23:30:00,1135.703539047946,1134.151474519291,1125.8948211188963,1128.1686028001861,1412.569078942202
2025-05-15 23:45:00,1130.8132694751798,1137.4157011610596,1127.193760830385,1138.6292988335795,5039.422408015922
2025-05-16 00:00:00,1146.518731192712,1147.9588339046816,1142.5444678565832,1146.9799993862741,3235.4318433573553
2025-05-16 00:15:00,1144.0300594279454,1145.9704027811877,1134.82924981364,1139.998276641248,6429.634186655967
2025-05-16 00:30:00,1147.6363759908365,1154.806156726774,1145.1776641458264,1146.2707070782244,6844.1848856145225
2025-05-16 00:45:00,1159.205058424667,1164.888769353869,1154.731280416563,1154.8829900698265,587.6436349904418
2025-05-16 01:00:00,1166.5320176330395,1174.2940629104316,1163.446197459278,1165.684520418788,3604.3829426764714
2025-05-16 01:15:00,1158.548740019567,1166.657894538821,1157.9773112578112,1158.045747100371,3335.0795439628155
2025-05-16 01:30:00,1167.643933661064,1173.9818877096104,1162.2024142915227,1164.3821854096823,6584.552601628149
2025-05-16 01:45:00,1173.9013673932805,1174.5504199464428,1164.0952896174117,1167.2211983937511,788.5380122701183
2025-05-16 02:00:00,1178.324920496294,1178.4873301591383,1169.5298758727388,1170.4150307468321,5603.57840132254
2025-05-16 02:15:00,1199.2641459865197,1207.2371493770245,1196.2382960795096,1203.90308337358,3671.1292287604315
2025-05-16 02:30:00,1190.5136578380577,1197.410041297719,1189.072740999739,1196.3364740968138,3556.432251878265
2025-05-16 02:45:00,1184.6810071732555,1186.5755203914753,1180.1504327823277,1186.9931908796393,8583.958346189376
2025-05-16 03:00:00,1196.61531787805,1200.3996865831768,1189.466056077217,1196.2019848171574,6908.383592195294
2025-05-16 03:15:00,1205.9918571699764,1212.1036069217014,1201.9766529505134,1207.3850750299307,4289.767597726784
2025-05-16 03:30:00,1196.4674947813592,1203.9137356907506,1194.1772641503392,1201.6736694033336,6177.621216988503
2025-05-16 03:45:00,1193.283401214691,1199.4959131864448,1186.7879722811772,1195.7011863865825,3398.012230742163
2025-05-16 04:00:00,1218.6668307680322,1222.4297492524836,1213.6410392985129,1216.423121374522,8960.443528678017
2025-05-16 04:15:00,1216.8204555411005,1221.6575270065132,1210.15852778947,1215.093690572883,1476.7779715437268
2025-05-16 04:30:00,1215.610320025492,1227.901536993233,1218.033368478048,1217.8152468494575,8589.244204227738
2025-05-16 04:45:00,1221.4884054257852,1220.3270612851895,1211.5644484742254,1214.2138159895653,8594.461021275052
2025-05-16 05:00:00,1202.3798448304026,1211.2892036168055,1199.7776721106693,1207.0268658824689,8788.265534179414
2025-05-16 05:15:00,1228.437922227562,1229.7672642851035,1218.7037947872982,1219.5215132878564,2036.6103544059092
2025-05-16 05:30:00,1220.7073375052812,1232.7585503005225,1221.4002785151265,1228.8832678509211,5428.6440157704565
2025-05-16 05:45:00,1191.3028327283878,1200.5194366280207,1192.09322368434,1193.8450984518897,1669.1771890362854
2025-05-16 06:00:00,1195.7494774095244,1201.695652566637,1188.6944732051495,1192.3093570634217,5708.7101939662
2025-05-16 06:15:00,1213.1688207921823,1219.22656303164,1205.3617285242794,1213.2266842974234,9013.897730010987
2025-05-16 06:30:00,1212.1285604665175,1215.4095732370574,1204.585282078487,1206.4024807058547,1616.3352678713925
2025-05-16 06:45:00,1205.6178218658995,1207.0316552541096,1197.5468186202081,1204.6781317314008,2847.725822744387
2025-05-16 07:00:00,1212.726974773875,1212.0197266240075,1206.3853963174042,1209.2843439885387,5729.234673718926
2025-05-16 07:15:00,1240.3606140698494,1238.4097170676337,1232.9737818627605,1232.5336139513352,3973.061635071372
2025-05-16 07:30:00,1242.6723707942183,1245.5483655412677,1232.175041045599,1235.4110152960516,6922.529992482995
2025-05-16 07:45:00,1249.5257753965618,1251.3005030923432,1243.2724512709942,1249.9171231694545,4335.210774904978
2025-05-16 08:00:00,1237.513338570318,1247.3778723723256,1234.921703079526,1244.4956088455551,9583.951644222012
2025-05-16 08:15:00,1244.92521156615,1248.8437076640835,1242.1597481020322,1243.8117271236201,2066.432902664189
2025-05-16 08:30:00,1256.0814991235816,1256.8484408074992,1247.5923283615525,1256.2118760288113,7125.414806288384
2025-05-16 08:45:00,1257.0002910324538,1267.0266645291372,1255.4855268991248,1264.861084421276,8718.189776254796
2025-05-16 09:00:00,1273.4609013395925,1275.492049264305,1268.4660112458505,1274.1861524565777,7583.4718224223525
2025-05-16 09:15:00,1280.4185169126317,1281.5943893592248,1273.7138774966754,1282.1928847071447,6892.492979329334
2025-05-16 09:30:00,1288.474044773598,1288.1353025528365,1279.428750616794,1285.7087620239743,8583.216555464338
2025-05-16 09:45:00,1273.778390829433,1282.462957683953,1270.4771903080068,1274.4786205403552,9875.038937009442
2025-05-16 10:00:00,1315.3886712616281,1316.715889026829,1307.0359822604514,1311.1882560773386,2974.6604603032174
2025-05-16 10:15:00,1301.8426248317587,1309.8142279546034,1295.0749515530015,1305.9753231133525,4733.136236727613
2025-05-16 10:30:00,1290.861446169719,1300.609954739658,1286.2650007747516,1291.776473321159,2809.7888114944667
2025-05-16 10:45:00,1272.916994020114,1272.7980960556797,1266.1909051302052,1266.4293715160993,2950.410348196101
2025-05-16 11:00:00,1257.3386380064092,1267.2356758099322,1255.0785957365358,1262.854867195304,7738.705245737659
2025-05-16 11:15:00,1264.920027732871,1265.894792578146,1258.7275948025292,1261.2852741796596,394.3821174439582
2025-05-16 11:30:00,1249.4835975799165,1259.7296856597213,1249.6357262951453,1251.036354582696,9819.277101828942
2025-05-16 11:45:00,1257.655391322317,1264.6371641846933,1249.8963625099857,1257.1033665389764,2124.3033495920536
2025-05-16 12:00:00,1278.7134753218995,1282.9816678005684,1273.3479002513345,1273.1169101767653,5184.1935266279825
2025-05-16 12:15:00,1288.0942422123674,1289.3077568445449,1278.395762849254,1284.5692176134958,8668.570029724304
2025-05-16 12:30:00,1287.405595656442,1295.000802344892,1288.5181293793373,1294.567464718903,9444.089893007187
2025-05-16 12:45:00,1296.89886962901,1305.3625344854408,1294.276146534359,1301.1465870225743,2243.6144573708766
2025-05-16 13:00:00,1305.3978033157857,1316.1691544934974,1301.9217276314032,1306.8543006508114,7492.766327309
2025-05-16 13:15:00,1324.4193924718334,1330.0300876493484,1321.1645193513564,1331.5860645568978,1314.4291364919227
2025-05-16 13:30:00,1319.6469505450707,1321.779507812792,1314.0360765571213,1315.646112773241,2036.119652348301
2025-05-16 13:45:00,1331.2449363397766,1336.1622747932195,1326.6162094786364,1330.0222527815745,7111.895281916194
2025-05-16 14:00:00,1330.0961117337754,1336.7004746142259,1325.0567959714372,1334.2210888149882,9574.200827162022
2025-05-16 14:15:00,1323.8390505731215,1329.8951225099431,1319.2847031552838,1322.9330729872427,5331.927263318906
2025-05-16 14:30:00,1334.2361564140815,1338.2678676376445,1333.4775807332758,1335.8845033618893,9906.299110701779
2025-05-16 14:45:00,1341.4882892609733,1341.6163732245961,1332.732034137257,1338.4517397783834,9296.617053591379
2025-05-16 15:00:00,1324.8417559640757,1331.6462655481744,1319.9266795897256,1322.3381057020174,8870.597089775041
2025-05-16 15:15:00,1314.5457194898122,1318.971439707701,1309.8350572359432,1313.1807461189035,3937.99217764463
2025-05-16 15:30:00,1328.956010441486,1335.5890114554147,1327.0882557138432,1334.566191558453,9900.74517016223
2025-05-16 15:45:00,1329.2666148657179,1340.2626471571405,1324.5709607187957,1331.5196481955293,6697.879322953402
2025-05-16 16:00:00,1323.8821289922603,1323.4586910278713,1316.1180001381408,1320.0897952417547,5656.263722447633
2025-05-16 16:15:00,1308.1994898034714,1308.1214976192437,1300.5730756640123,1303.6959321896684,9904.863797485224
2025-05-16 16:30:00,1319.3059454389788,1326.3232740698534,1317.99980214175,1326.1345461391068,1287.991346644278
2025-05-16 16:45:00,1347.2523108170199,1352.5859247930441,1339.6509581899813,1346.400091812942,1328.5726689467479
2025-05-16 17:00:00,1346.8184643166826,1355.2968331348352,1340.5155265346032,1350.9514786207965,5185.772263205593
2025-05-16 17:15:00,1355.6337961733063,1358.6711857921923,1344.3853404710353,1347.4651509018588,214.41288104556463
2025-05-16 17:30:00,1342.8570790568644,1347.1190600234042,1335.8154986881696,1339.287856605176,6980.083097754555
2025-05-16 17:45:00,1346.309731313559,1351.8864490620679,1339.098255108375,1342.8041827050254,7695.754185278046
2025-05-16 18:00:00,1337.8106282722595,1338.3210379311745,1327.7795805819314,1337.040562433042,3034.071864191018
2025-05-16 18:15:00,1354.1703581943787,1365.649600662063,1355.1014486155088,1353.6341856763297,3443.9800117213167
2025-05-16 18:30:00,1365.9389606609548,1373.203761798369,1362.2431351782047,1368.3599300293854,2073.471773316543
2025-05-16 18:45:00,1370.7572164146186,1377.7643097185683,1368.3780880423647,1372.0593544464457,4046.1374802558807
2025-05-16 19:00:00,1375.699479044348,1377.868818893522,1372.038365018045,1370.2590574208837,8180.603077924502
2025-05-16 19:15:00,1390.8446109378428,1394.2736709075084,1384.7172967001904,1391.2105677018694,7093.618545588304
2025-05-16 19:30:00,1391.8370045361398,1395.9004163418283,1382.2599512587994,1390.6774548146302,801.0218085380363
2025-05-16 19:45:00,1379.1032417130746,1381.440717400999,1370.672759401297,1375.0095992169558,6485.345826193786
2025-05-16 20:00:00,1356.6108103101824,1365.7412562364982,1355.626748155857,1356.0581134595589,8145.263302443257
2025-05-16 20:15:00,1364.427583005558,1365.5375211387175,1355.4700643186013,1364.420519492412,4433.22117534038
2025-05-16 20:30:00,1367.7943192776354,1375.6826206416058,1363.4995885003395,1374.5894757867025,1321.103985503671
2025-05-16 20:45:00,1382.3384624700723,1386.3974196635475,1373.3668390291493,1382.1744780224783,4567.437375338211
2025-05-16 21:00:00,1356.5695033560694,1363.4631791456236,1352.4594650790157,1363.2796922515217,9279.578658946837
2025-05-16 21:15:00,1351.15094892764,1355.4011169479963,1348.6423507357867,1352.3640796347067,4361.9420415784
2025-05-16 21:30:00,1362.421958670677,1371.943968977795,1360.3196859057277,1361.869155964171,5378.07638061591
2025-05-16 21:45:00,1366.3557688813692,1368.2858493591782,1357.0382303656484,1359.558185700657,7751.018725739527
2025-05-16 22:00:00,1355.236504236471,1362.2677972614367,1347.9769276387217,1358.253771794634,2997.0798263771326
2025-05-16 22:15:00,1349.1841600784,1349.8516220741687,1341.1263894449582,1350.676316533209,5945.036275152948
2025-05-16 22:30:00,1347.0688855995963,1352.5959429286363,1343.801043669705,1349.5199229169364,6779.923647361276
2025-05-16 22:45:00,1328.8346919529647,1340.610155887625,1330.6864717005446,1337.5926357898131,4516.179577937827
2025-05-16 23:00:00,1334.9463227684457,1346.2660833269404,1336.337333677178,1339.6456748177286,9288.793301350297
2025-05-16 23:15:00,1354.6221776994125,1360.634171359733,1345.7791554754087,1352.7688873523841,862.6625049975045
2025-05-16 23:30:00,1371.44804381973,1380.4369035513182,1373.0991874713195,1373.5970880093064,3070.744669590909
2025-05-16 23:45:00,1375.4757216755436,1378.4562057929725,1366.3368064994006,1376.8836406688663,7346.504717344617
2025-05-17 00:00:00,1369.0025094086957,1367.6171431435525,1358.1705572181384,1361.110156212534,4690.5878193811395
2025-05-17 00:15:00,1375.055266335733,1377.6146029141692,1368.3544327755894,1370.2836446353049,993.1692524244735
2025-05-17 00:30:00,1382.73012710435,1386.542331616586,1378.0190178803487,1378.6301901291213,4944.298554963697
2025-05-17 00:45:00,1385.3073007581,1386.1269991212453,1377.829167069379,1384.7665502605748,185.7139597628164
2025-05-17 01:00:00,1358.085719731957,1368.9323936337462,1355.1003139080926,1358.6187577183232,3507.9453074101907
2025-05-17 01:15:00,1367.2857044580308,1378.2394322843807,1368.4044606779232,1370.3152197448169,7537.770143112699
2025-05-17 01:30:00,1388.8796212648579,1397.5299374576166,1388.0727726584928,1393.9885960395545,1537.3414700871722
2025-05-17 01:45:00,1400.808524278923,1402.7162537089205,1395.4483557467863,1399.7237273564065,7071.712627330335
2025-05-17 02:00:00,1399.2066773523668,1408.2789887368992,1398.7380452410416,1402.6486900031762,1463.6941599701017
2025-05-17 02:15:00,1414.8051975952012,1414.4662444065268,1403.3616273660923,1410.482289170638,8800.574714453822
2025-05-17 02:30:00,1409.698635262913,1410.0801716104875,1402.4336688121236,1402.482630323137,7449.087843659305
2025-05-17 02:45:00,1369.4073718762374,1375.6177230949468,1364.8038714669985,1368.5323168887755,4431.029957393293
2025-05-17 03:00:00,1360.308591391314,1362.4544676100018,1354.0122212733236,1356.5554608168904,8563.445620787661
2025-05-17 03:15:00,1327.0078205516922,1336.1705248773249,1325.3045127103587,1325.954846378337,8147.3238115940785
2025-05-17 03:30:00,1316.7968009597455,1327.302963360528,1316.8746471299319,1325.499507242458,4293.151072460238
2025-05-17 03:45:00,1307.5555905480633,1312.2616107451713,1301.1568493264044,1306.0716477670794,6232.8651723611365
2025-05-17 04:00:00,1312.7771427663226,1315.5286488715462,1307.0688294785343,1308.6871213072197,6216.117553821986
2025-05-17 04:15:00,1309.4403540609478,1308.356120694949,1300.912579273035,1302.7903694580243,681.7661285258765
2025-05-17 04:30:00,1309.7188362363802,1317.4224753816063,1306.6329103451174,1310.2726657470657,9715.447131223544
2025-05-17 04:45:00,1314.138676509614,1322.0830884618956,1312.3933640533592,1319.803660613271,5485.513607465311
2025-05-17 05:00:00,1307.6625865506007,1313.8929811856033,1301.2011367605094,1309.110999939218,9586.206964413523
2025-05-17 05:15:00,1320.2021781047795,1323.1827095097494,1309.1545811256149,1314.1244884154125,3495.343432712193
2025-05-17 05:30:00,1311.311745862971,1321.8217533586142,1309.820507037191,1313.6521420682916,101.92830071949095
2025-05-17 05:45:00,1292.134687480818,1295.6795676883091,1283.5780764672656,1289.4431184079476,4712.619875679904
2025-05-17 06:00:00,1300.6628767236691,1303.0905003578691,1290.9891674685146,1298.697705144933,205.93826945324048
2025-05-17 06:15:00,1308.1675009535854,1316.4661779922506,1303.551027117909,1310.1307126536283,2845.0405844413262
2025-05-17 06:30:00,1300.8446879782227,1302.9240363724564,1292.9315281505385,1295.5827215465445,7351.812523553821
2025-05-17 06:45:00,1293.313380586899,1297.4614373373768,1289.437974130114,1299.6611054904797,4159.08794640308
2025-05-17 07:00:00,1278.3502391143911,1286.5246090837543,1275.2813778737816,1280.496636410501,1350.6490330114502
2025-05-17 07:15:00,1296.3397707088925,1302.5603942715406,1292.1531348396577,1294.8349032506392,3732.2807022518696
2025-05-17 07:30:00,1324.3822041481808,1324.6634600431796,1315.7263376791789,1326.7917965611045,8071.37530767159
2025-05-17 07:45:00,1320.0155886274983,1320.3642163126697,1308.1164504392839,1316.1565148170703,8873.199172613779
2025-05-17 08:00:00,1336.553892379458,1341.8016669684787,1334.608631796215,1339.01680153766,8852.942335581967
2025-05-17 08:15:00,1341.310839426971,1348.249340420318,1333.451374641269,1339.9859805342273,614.1119388441326
2025-05-17 08:30:00,1344.2176187766431,1347.0743606378426,1334.607429448905,1335.0465944153655,6540.135547940552
2025-05-17 08:45:00,1342.022423239795,1351.047716180008,1342.2501544831218,1345.3266972949464,7969.195358019025
2025-05-17 09:00:00,1348.7606109500505,1355.6161809841913,1345.3999493428305,1347.7288452943635,8422.081580914244
2025-05-17 09:15:00,1369.8110474681794,1375.0430743896684,1366.2958263517794,1369.1911794014172,9524.15100842547
2025-05-17 09:30:00,1374.6044244104285,1382.8488224789842,1369.4505062837047,1375.9264046461512,2294.845187414063
2025-05-17 09:45:00,1394.173108284626,1395.764152645339,1385.7869189934856,1390.3329739771807,5108.6139330832975
2025-05-17 10:00:00,1420.843251562579,1425.2892832728614,1414.3566229370476,1418.1156564375783,6949.06725398525
2025-05-17 10:15:00,1425.281581650034,1430.0350195888054,1418.5257774878455,1422.9523581073229,8927.752002402201
2025-05-17 10:30:00,1411.4679008098155,1416.2244472764137,1401.1741167959033,1412.2699846969244,4059.5561666097615
2025-05-17 10:45:00,1361.0532750579405,1363.1535038623417,1356.5911633354394,1362.5752497973779,1508.2120302882265
2025-05-17 11:00:00,1354.3129860910303,1357.0122017430656,1347.3964701119417,1350.6438005758384,3376.3038425826394
2025-05-17 11:15:00,1332.159084596391,1340.6678404366342,1328.6548683932522,1329.728825871326,4689.321905754943
2025-05-17 11:30:00,1344.6431267732578,1349.5708886336622,1337.282986226006,1341.3615777634866,2249.9383787382
2025-05-17 11:45:00,1335.8322830758464,1336.6582560867928,1329.527651161571,1332.0675682746257,4649.999189771401
2025-05-17 12:00:00,1352.4306106046738,1356.2948329275891,1344.082774876259,1352.8370213684418,6236.262973272682
2025-05-17 12:15:00,1354.0596144690703,1366.0902234595471,1351.342138311954,1359.2191881846693,6002.623608033841
2025-05-17 12:30:00,1360.1352880697746,1363.0421634295342,1351.822531815735,1357.2069919323853,6252.934718309776
2025-05-17 12:45:00,1345.8417824927024,1349.0104886738748,1338.8008956347564,1348.7037975456988,1699.1200692433088
2025-05-17 13:00:00,1351.390648169228,1354.8417408452005,1341.7826827412325,1345.0339000840663,9450.539070338089
2025-05-17 13:15:00,1365.9345625494657,1377.3761880254128,1365.2848707424166,1371.4678246557166,2643.5787068140367
2025-05-17 13:30:00,1361.740580779496,1367.3702529456,1353.6678119334804,1364.0682668836173,6953.064885576541
2025-05-17 13:45:00,1351.6095333568705,1361.9731471731548,1349.0685619623766,1361.203958510822,5030.226042099819
2025-05-17 14:00:00,1367.6465585640683,1374.5484000146623,1366.6385809339272,1364.9369388617522,711.405353170001
2025-05-17 14:15:00,1395.9266648516711,1395.806737002118,1384.3480145167719,1392.5433393838082,1977.8368264192482
2025-05-17 14:30:00,1405.777391950321,1408.876725931821,1398.094988689423,1406.378036516738,9732.121492209128
2025-05-17 14:45:00,1393.048262208656,1398.0937059724151,1386.69181937591,1391.7630257993035,9899.580663915945
2025-05-17 15:00:00,1406.2746682892007,1406.5410100010845,1399.2343499531562,1398.3116911157204,8261.776873249539
2025-05-17 15:15:00,1382.2075156596316,1388.3718586141465,1381.1754363042169,1383.4861871354433,7787.577164161655
2025-05-17 15:30:00,1373.079973590654,1377.934989051957,1369.664760122344,1368.2090523640798,1667.4675423886358
2025-05-17 15:45:00,1374.4806384084932,1379.1159538647855,1370.3084649355937,1375.600322811475,5240.028417281197
2025-05-17 16:00:00,1381.3747811044173,1383.552313963539,1377.5714456330734,1381.2247640596036,5109.582888412657
2025-05-17 16:15:00,1374.8772233245911,1377.0402686334542,1364.8538662799324,1368.8676933769223,4425.2729372565045
2025-05-17 16:30:00,1398.7894694590827,1402.8428006764748,1390.1331747621384,1393.9867532655492,5403.533183160281
2025-05-17 16:45:00,1379.4553848425287,1387.4126171040195,1372.6227579039721,1380.6880076988014,7054.3709803229085
2025-05-17 17:00:00,1373.2524594530237,1374.6147966552269,1365.2786576493604,1369.7164249396283,4011.90037546191
2025-05-17 17:15:00,1356.1285424627029,1367.106541329284,1353.0107832369908,1355.693012178783,9912.980761752959
2025-05-17 17:30:00,1358.2957984366872,1361.4873823597895,1354.3432294267284,1352.7653381955647,2499.075926821359
2025-05-17 17:45:00,1374.2658197602668,1385.113308362241,1373.1144098187249,1383.4123429439685,946.760954653221
2025-05-17 18:00:00,1364.325561053274,1366.8592661644957,1353.749428962017,1359.0769169425857,3069.6462386526273
2025-05-17 18:15:00,1348.298965684535,1350.6598231880355,1339.8849864953222,1346.4958533843937,1639.8383694554407
2025-05-17 18:30:00,1318.1333290266773,1328.6498459951147,1317.4062824205566,1326.312904303204,824.0829601524565
2025-05-17 18:45:00,1322.3321242396287,1329.0053544207108,1315.7903949371457,1326.2697908711912,2268.4723372224203
2025-05-17 19:00:00,1338.7935063856805,1346.5688882959441,1334.575754345047,1344.2875885710284,7322.468909546093
2025-05-17 19:15:00,1339.4352458163705,1342.2886015328047,1333.0225518671875,1335.775684631962,3451.858347941596
2025-05-17 19:30:00,1321.063420235381,1326.2787390725111,1320.50672340816,1329.0039627645515,5155.251698736838
2025-05-17 19:45:00,1311.1471237857204,1322.8043508523344,1311.163181648209,1315.3770959667347,6540.163872958517
2025-05-17 20:00:00,1320.9601140702853,1328.3434718628334,1318.8752326584977,1322.372398285082,9099.722291829867
2025-05-17 20:15:00,1297.796453638107,1299.4709819040306,1292.6097101176101,1298.8130676205076,3137.794477354789
2025-05-17 20:30:00,1271.0304657836587,1274.8095978284289,1265.9598990145616,1271.275256206907,5454.891135418194
2025-05-17 20:45:00,1254.806590332847,1261.6761221173326,1251.5871201515265,1257.650555839618,2216.307270219856
2025-05-17 21:00:00,1262.7256015514142,1263.6922210821726,1255.7591598632696,1264.3696493239433,3860.8488775831925
2025-05-17 21:15:00,1253.5326605136415,1256.2130601675037,1248.385865800478,1257.1461000626955,7507.156343841049
2025-05-17 21:30:00,1258.340705275971,1263.8257609597379,1251.0704484011467,1258.5858240449659,1101.1792841251618
2025-05-17 21:45:00,1266.3919212564556,1275.117864262286,1263.9924515171126,1265.9635339251033,4817.257621857733
2025-05-17 22:00:00,1286.413473421695,1294.1080780113346,1287.293807652672,1287.5988869938585,6748.468077695053
2025-05-17 22:15:00,1283.1644986167885,1287.0008144510823,1271.4395945335705,1279.6512290814605,3089.099833429192
2025-05-17 22:30:00,1292.5031385885936,1297.1664021192034,1285.9161318251752,1288.7021270518999,7540.780689724501
2025-05-17 22:45:00,1322.6028466042276,1331.4083252116448,1317.7862115738526,1325.7960688582705,5950.552938252117
2025-05-17 23:00:00,1333.84165660246,1336.8703046945554,1329.4793302613862,1335.4429281562195,8186.619067712861
2025-05-17 23:15:00,1332.7144595781535,1341.0722822940645,1332.0348147953753,1334.9411018434926,9567.680400554105
2025-05-17 23:30:00,1324.874300103813,1330.1794000726895,1318.080289654157,1321.1534770152768,5569.507222242696
2025-05-17 23:45:00,1330.2513088440378,1337.450544236735,1323.5905012322155,1327.0151523778256,4244.483925990678
2025-05-18 00:00:00,1313.2895331007578,1323.471222155875,1312.5962208295296,1315.8253070737533,7986.516480815611
2025-05-18 00:15:00,1334.4010002397667,1337.686299957704,1329.3255500853465,1333.4188716612496,7652.396540918427
2025-05-18 00:30:00,1354.3149779533048,1356.4426920390329,1343.5580385217704,1345.4701648085795,4304.6579159825715
2025-05-18 00:45:00,1376.6105784217466,1379.643380160094,1368.2853112342807,1370.9690800041826,136.2564277800049
2025-05-18 01:00:00,1355.1891388357496,1360.312413354772,1348.616924183918,1355.991931076912,6873.352319743109
2025-05-18 01:15:00,1340.799027738441,1350.5443928622728,1339.109782789308,1341.194820773786,1271.9205463304297
2025-05-18 01:30:00,1338.4774335029856,1338.9289929608926,1333.9365572220986,1334.225848805827,7433.207326202925
2025-05-18 01:45:00,1342.3594005829943,1348.958995296652,1340.963450291394,1342.8158629722252,3679.6467268972888
2025-05-18 02:00:00,1325.9086006007428,1331.9542672601876,1320.0465838249804,1320.0735346556382,5299.308118167163
2025-05-18 02:15:00,1323.7102257355966,1330.9925394860343,1318.764737415008,1327.2709696132447,8320.243259591824
2025-05-18 02:30:00,1334.4184914971527,1336.6970142568086,1326.5326111327015,1335.6878893951864,5838.466557931493
2025-05-18 02:45:00,1344.071647042143,1346.2655656265254,1334.9043698178032,1340.7384324490226,6250.572673038024
2025-05-18 03:00:00,1302.6359520148244,1313.057972069009,1299.0379456549351,1302.053976864247,5233.8159019641125
2025-05-18 03:15:00,1315.9119683175084,1323.677915113562,1313.2809831249908,1316.9967591697698,9174.843324283753
2025-05-18 03:30:00,1294.1518781146615,1298.1988590961334,1286.2407073801946,1291.5739494484549,2070.5046474479495
2025-05-18 03:45:00,1303.8155749101966,1309.9308024475033,1295.5243312325636,1299.0960175066045,6468.809511185675
2025-05-18 04:00:00,1330.1926809538265,1335.9538422052772,1329.0556435500012,1337.2373988546558,9882.035614839697
2025-05-18 04:15:00,1325.5965466564624,1326.2406473686458,1315.655425626612,1320.9497281721733,4236.751088390996
2025-05-18 04:30:00,1316.6557850000468,1314.8190546215035,1305.8792473689218,1311.4133990988958,9115.335667515912
2025-05-18 04:45:00,1309.9066563187803,1316.328306790496,1309.2467815084372,1313.2042340518717,956.5838418843997
2025-05-18 05:00:00,1330.0035748911546,1331.7432884449972,1323.5007509351485,1322.297977387901,1785.171297344133
2025-05-18 05:15:00,1316.3021517053066,1316.3085732341817,1307.0554675221251,1310.4597195810743,8854.914585711384
2025-05-18 05:30:00,1309.9781786633891,1317.0755190798402,1312.508519516843,1312.1105951258992,4261.279890918294
2025-05-18 05:45:00,1315.2204188425342,1316.5613124154593,1307.7676545608585,1313.8862788202894,5509.508885245662
2025-05-18 06:00:00,1309.0041904804261,1315.5553637265955,1304.6618593553726,1314.6541768281677,1405.9316780068461
2025-05-18 06:15:00,1314.5406726040694,1315.1330198648584,1303.9680688243113,1310.7647997103259,5314.329374457705
2025-05-18 06:30:00,1331.467614493115,1330.191894234515,1325.2404766904795,1329.0252712462286,1506.086121149898
2025-05-18 06:45:00,1327.7651842835537,1337.1067800744904,1325.75462397425,1332.1762064044283,7921.169304438499
2025-05-18 07:00:00,1328.3060809840688,1334.39068704992,1326.5568463990928,1330.0806976510996,6878.043549727579
2025-05-18 07:15:00,1341.1087465664448,1344.0772995424588,1334.8240642570738,1341.471581654855,1668.5036604024513
2025-05-18 07:30:00,1341.3862101643874,1340.5527774669672,1331.4839616585136,1338.0312465720212,7161.556669166047
2025-05-18 07:45:00,1351.976917160466,1352.5233664528423,1342.3174751591005,1347.2802991849069,7467.456707838639
2025-05-18 08:00:00,1359.765561178184,1362.1394632288977,1349.7378797943084,1360.3150990599343,8691.040115069813
2025-05-18 08:15:00,1352.3048550642784,1358.1046521452533,1347.303827677375,1354.2547712153366,7776.45904515823
2025-05-18 08:30:00,1331.5853095020364,1333.7997814029172,1322.0826043405852,1322.2636733223535,3934.4706659712547
2025-05-18 08:45:00,1340.1848935659755,1342.8141595736904,1328.9098330075517,1333.100665932835,4997.038424925235
2025-05-18 09:00:00,1341.5937652995674,1342.6383678079583,1330.8964013128648,1341.4732390586353,2781.169564650675
2025-05-18 09:15:00,1323.101136861941,1334.013610844578,1319.402214433012,1330.3301358410306,7908.027521075963
2025-05-18 09:30:00,1313.208352274677,1317.9194820272417,1308.1951046328097,1313.3337400936691,5762.918538918447
2025-05-18 09:45:00,1318.397431909515,1324.1042762377654,1317.4511479751386,1320.4161565019858,2615.630612628619
2025-05-18 10:00:00,1309.121336516814,1314.4202047510544,1308.5786112576468,1309.7820252609254,9926.222760722523
2025-05-18 10:15:00,1328.8121562304038,1326.2887348400707,1316.8723388578142,1323.2516263708085,6905.088176122383
2025-05-18 10:30:00,1308.3062560521898,1311.2824451706026,1303.050973331522,1308.7852041790297,1718.5232540708848
2025-05-18 10:45:00,1327.046542884216,1327.1450893367949,1317.1869019517412,1325.1620055065894,3471.371845502594
2025-05-18 11:00:00,1333.0842552899333,1341.2978426715852,1327.3016735563922,1336.8894737348367,4074.9052190578254
2025-05-18 11:15:00,1327.6027181473908,1330.8246353842044,1317.5701776390645,1322.530401572957,9060.41749721179
2025-05-18 11:30:00,1324.2453468924346,1327.8078521769207,1314.9051669672615,1318.1378338311076,1946.1428685487886
2025-05-18 11:45:00,1358.9519476201974,1366.8884710485836,1355.5609932146626,1364.2220595012793,3198.8114187811166
2025-05-18 12:00:00,1373.1978528073655,1376.8816024726623,1369.2661258609062,1370.6515167260216,5793.966942611221
2025-05-18 12:15:00,1389.277192393757,1390.7520354765086,1384.460136004484,1382.2720432655565,1393.8193328713653
2025-05-18 12:30:00,1400.2486781497582,1405.7303080863333,1396.3108949883454,1397.2288171144532,9652.728273610568
2025-05-18 12:45:00,1387.4693000013053,1395.1101919263212,1383.8637636211304,1388.417402945449,1937.642214045372
2025-05-18 13:00:00,1366.8086273283009,1377.0759627923135,1366.2362817226428,1372.6660452703281,1300.7311914852996
2025-05-18 13:15:00,1375.6419691253543,1380.2045330127637,1370.1888679129065,1375.175597983271,5397.438015487449
2025-05-18 13:30:00,1378.828997227974,1381.9974789281007,1373.6642837072204,1376.4979954052496,6543.7158514504845
2025-05-18 13:45:00,1377.200182838847,1387.310395850959,1373.4585657271973,1376.5949628124677,7293.248629337863
2025-05-18 14:00:00,1377.7169964461827,1379.2513366793823,1369.6402006504345,1373.1070844432727,3994.310632358075
2025-05-18 14:15:00,1380.0128149356278,1381.1406641258814,1370.390824679498,1379.9709013832405,2867.5854953703742
2025-05-18 14:30:00,1382.8015507873843,1389.2207384328826,1382.611235446558,1388.2357667265153,166.80186414198354
2025-05-18 14:45:00,1391.5642447494931,1401.1881920087899,1389.3480642711706,1398.2437649207843,6607.911505879497
2025-05-18 15:00:00,1392.1800428495178,1398.331817798071,1390.344050172866,1391.6709620695156,3552.6398034773997
2025-05-18 15:15:00,1385.5917130254497,1390.1245952640597,1382.9039793729796,1388.5383171164972,4773.64114722631
2025-05-18 15:30:00,1365.8586317904699,1367.0524463778452,1359.2329548694013,1366.136108600625,2763.084326439398
2025-05-18 15:45:00,1369.4117877257218,1368.2294348548266,1359.904128818814,1366.011217640648,6142.453798771562
2025-05-18 16:00:00,1330.1230353820783,1335.5437343110473,1328.4600787390375,1328.2376525159214,3655.9807111117816
2025-05-18 16:15:00,1340.8380243821816,1344.487168971113,1331.9789616766789,1337.233176204061,4032.385064857217
2025-05-18 16:30:00,1333.6043317106025,1336.661990880716,1325.6085172831793,1332.6226154261615,2598.4984823353543
2025-05-18 16:45:00,1345.2204861429975,1351.5352638476404,1343.1881676066557,1344.2923543134518,2503.324001957502
2025-05-18 17:00:00,1346.5553533625482,1349.4311420539464,1339.34805700075,1341.6689430324504,9148.797867085275
2025-05-18 17:15:00,1351.053458906405,1351.7022058762773,1345.4829461897655,1343.7179464632807,3422.9106017773297
2025-05-18 17:30:00,1337.453042161239,1348.796199636073,1338.1853071742482,1338.561767100023,8883.5961262931
2025-05-18 17:45:00,1333.4242509821715,1340.4220853163022,1329.675368413719,1331.8055464525212,7608.57658814762
2025-05-18 18:00:00,1313.525779049758,1316.2532070000732,1306.1294909310943,1307.8174158076715,4607.254782659086
2025-05-18 18:15:00,1340.2252468637198,1343.9779466266561,1333.1698417428204,1337.6507040142947,7841.530243086684
2025-05-18 18:30:00,1343.9435691325832,1349.5738361107328,1334.4340472128165,1340.4738049224804,2530.4331068017377
2025-05-18 18:45:00,1376.6299236549132,1381.0334645403836,1369.3798570040128,1370.3718221046547,1266.821669842136
2025-05-18 19:00:00,1368.4760598223315,1370.472010433684,1362.3054438303586,1371.70666407192,7385.234044685892
2025-05-18 19:15:00,1403.065613563864,1407.424479784022,1401.1383605394913,1401.1255012280408,9838.34777298341
2025-05-18 19:30:00,1406.9558573041284,1411.1628970149136,1399.1301735474663,1406.031278367491,3229.221711380497
2025-05-18 19:45:00,1385.434657944235,1391.7875895615578,1383.3046931852832,1382.597692981155,7635.892007672867
2025-05-18 20:00:00,1397.8003997396745,1404.3669173478763,1393.5738271155517,1398.35899233614,7551.139452962522
2025-05-18 20:15:00,1409.0730794770643,1414.815702090697,1399.4243452939802,1407.5632504796436,4336.5444602850575
2025-05-18 20:30:00,1419.414036583868,1425.1392876674975,1414.7932996512263,1417.001187890899,9695.181406923039
2025-05-18 20:45:00,1420.5847407123438,1422.834635832673,1410.9994638517496,1414.2629934495176,655.1221172046876
2025-05-18 21:00:00,1439.168649735873,1442.8348249792386,1430.2170909292593,1438.2543567876949,742.727407024991
2025-05-18 21:15:00,1453.79025440371,1457.695871944953,1442.9055028923706,1455.5785619093922,2858.911369436014
2025-05-18 21:30:00,1459.4801727921,1462.080800387979,1447.370166126236,1452.028648468443,3527.601219613193
2025-05-18 21:45:00,1461.0937622059093,1463.6804106841398,1454.0858988537686,1460.6336582513984,7155.948903768326
2025-05-18 22:00:00,1445.2655787093638,1443.1454218681697,1433.1160629416197,1440.791581472359,6575.611184140152
2025-05-18 22:15:00,1459.3820012732383,1465.864365781689,1458.4406829308891,1458.0930911942546,5686.49657952381
2025-05-18 22:30:00,1449.9836311795304,1450.4457398527145,1440.5605849312446,1441.7572656442658,211.66636834402112
2025-05-18 22:45:00,1441.8208412671697,1447.2646320934664,1438.5796260514448,1444.2205504233182,8346.025251899639
2025-05-18 23:00:00,1445.7658047513128,1449.9604658999324,1436.1266500560146,1440.877059808585,1545.3457907001496
2025-05-18 23:15:00,1447.594802253114,1454.3590018260381,1441.5839760020503,1450.9497004976947,8702.03195137172
2025-05-18 23:30:00,1472.9856194977883,1471.4637328428053,1462.660399713817,1465.6987733892443,3003.789610935501
2025-05-18 23:45:00,1477.8160056571019,1479.5512245870493,1471.1576549600054,1475.0159281461517,7109.064312883549
2025-05-19 00:00:00,1477.9027253953798,1478.9567946286625,1466.0578227327355,1473.727190305567,660.3263253843733
2025-05-19 00:15:00,1419.2067033606615,1427.0788308619635,1417.259609713656,1423.191252114567,1341.998752045295
2025-05-19 00:30:00,1431.6947267224728,1432.5615734224143,1424.509914256882,1432.3733155304117,7537.88661772104
2025-05-19 00:45:00,1449.431276140624,1448.7361127620811,1439.4676441356182,1449.6175943936973,2477.6263724585215
2025-05-19 01:00:00,1454.7936968448398,1460.3534931327913,1450.4669463408202,1456.7396079100572,2917.74728235096
2025-05-19 01:15:00,1477.7352843602127,1486.7341342352242,1476.5663295367735,1479.9686621371488,6010.618329700292
2025-05-19 01:30:00,1466.713179475452,1474.5386655761765,1461.6614304998373,1470.828010723787,1956.120263516398
2025-05-19 01:45:00,1474.6771388623897,1475.8587606291019,1466.638926454428,1475.0332626750674,4193.383287310951
2025-05-19 02:00:00,1444.0801138470529,1452.933008587629,1446.4485667515657,1453.4919627556458,4317.548124769588
2025-05-19 02:15:00,1460.1224497967064,1462.7737713252661,1454.8091511523683,1462.4118407297108,9782.88393485184
2025-05-19 02:30:00,1428.2359704794303,1435.299052683688,1422.7058332045758,1432.6684624595914,7997.119808585924
2025-05-19 02:45:00,1454.2182271846477,1456.9675341076559,1445.9683611406958,1451.4826055579047,7945.776747925615
2025-05-19 03:00:00,1440.0247876039261,1443.0261737209164,1435.5339775836871,1439.1516759044623,5886.0623694900805
2025-05-19 03:15:00,1439.9810096684957,1440.2434456962433,1429.484757303613,1438.5337737563239,5234.042273135861
2025-05-19 03:30:00,1412.415203684401,1421.4810208423416,1412.2266019441383,1416.0877051791201,4571.405203288081
2025-05-19 03:45:00,1402.4214354430335,1412.2734137588063,1399.8874370583985,1400.4303494881142,4068.111768388402
2025-05-19 04:00:00,1414.0821985567102,1419.140358204697,1408.7337460638507,1415.1105524910847,4369.642531209922
2025-05-19 04:15:00,1434.5919145562418,1442.5621759640358,1434.0985280177536,1442.9718282684637,1242.738125349459
2025-05-19 04:30:00,1466.4019762560831,1477.5164085626734,1464.970343451645,1472.380049504236,5765.214461384223
2025-05-19 04:45:00,1461.0931266624702,1466.0350717376816,1451.4285999019123,1461.074566495437,9955.230498275825
2025-05-19 05:00:00,1449.1363479066315,1455.4991481964316,1445.480728080755,1452.2641084686377,4541.896474553684
2025-05-19 05:15:00,1456.1503313783007,1456.1134843936838,1445.954249352773,1450.9055466345872,8183.154328779736
2025-05-19 05:30:00,1473.8761022711085,1474.7245242353251,1464.6642101982143,1465.7374593058214,3949.2327719201066
2025-05-19 05:45:00,1456.2050436302386,1457.704915401358,1450.3551665072703,1455.2090820838068,6840.933667080868
2025-05-19 06:00:00,1440.7049713566078,1447.5802239446784,1436.1409379247762,1445.8661316168575,1397.4959563936889
2025-05-19 06:15:00,1444.7960295798655,1445.0858663600384,1434.2658282506318,1438.0381433646526,9500.175417256705
2025-05-19 06:30:00,1456.2309981238075,1463.9459529433334,1448.1116949578695,1456.7089860330389,6537.565379675445
2025-05-19 06:45:00,1461.4422900721338,1461.956510404743,1449.580931009842,1453.9749843391985,2467.6733419438733
2025-05-19 07:00:00,1437.3211966430702,1437.0961970004046,1425.5721268695977,1434.6752946372103,6124.655649100672
2025-05-19 07:15:00,1413.8406380431702,1419.4731116028856,1413.2448181140485,1414.6526377713365,3075.1007996471203
2025-05-19 07:30:00,1392.5437516622776,1395.1380869197776,1383.3466780620388,1392.6107710882934,3333.5605967398587
2025-05-19 07:45:00,1377.2911360554272,1375.820596887125,1365.619172191636,1371.354857668205,3095.4357277754716
2025-05-19 08:00:00,1417.8946729091685,1424.8159296599222,1417.4874274649637,1417.858194829972,7604.570742434751
2025-05-19 08:15:00,1419.0006569165628,1426.6551174274339,1418.2388079581888,1426.59906895392,8786.838773460113
2025-05-19 08:30:00,1423.6859275064674,1427.067291089513,1421.0416941196847,1427.183308812268,4053.951906872237
2025-05-19 08:45:00,1436.9143777116362,1442.700865838603,1434.4822798534742,1435.7882944910104,2557.6036161172397
2025-05-19 09:00:00,1436.9728995705814,1438.2658923837669,1430.175591553216,1437.5323477666361,7917.807092300522
2025-05-19 09:15:00,1429.2750539743686,1438.1467016902243,1424.0647755544794,1432.7195434558764,5294.941374405181
2025-05-19 09:30:00,1429.6480334417333,1439.357339009957,1425.5331242816692,1435.8760074256993,9404.611997332178
2025-05-19 09:45:00,1443.742243732829,1447.2439807250046,1436.1538572608715,1443.7578887233833,8066.814958630957
2025-05-19 10:00:00,1454.5613939908264,1461.0331844839513,1452.1905015967627,1458.7436812430606,7164.329371219987
2025-05-19 10:15:00,1471.9470659150443,1479.0491390206423,1471.8642055574692,1478.8340758056931,3975.3882749144022
2025-05-19 10:30:00,1486.115044835543,1494.3152387500018,1481.1723482752013,1491.4080652927057,3038.000090520977
2025-05-19 10:45:00,1484.8309731405236,1484.0312508862546,1478.1241545750659,1475.8162802423756,8031.033128724045
2025-05-19 11:00:00,1459.0084007741696,1468.1138358733094,1457.9624142503517,1458.1465129146984,2255.364945420935
2025-05-19 11:15:00,1466.239258677556,1468.3537736702829,1458.0634946229961,1459.73446307495,5369.993264570475
2025-05-19 11:30:00,1470.8728624176092,1473.4328887925703,1462.3173031005729,1472.2244778752197,9343.279583694508
2025-05-19 11:45:00,1458.9388515064556,1469.6895522678667,1455.8222178756823,1464.7369090350323,1241.9179784529622
2025-05-19 12:00:00,1465.3368711074868,1471.611959752011,1458.3732391325611,1470.1496078372857,6740.092226155196
2025-05-19 12:15:00,1450.6942485604998,1457.47170112036,1443.586376371875,1452.6809980051285,4999.908094290655
2025-05-19 12:30:00,1447.4386347400823,1450.0932968604118,1443.4203732607707,1445.4914446421399,1134.1903903159314
2025-05-19 12:45:00,1454.4926600369904,1460.27125335364,1449.8922766076757,1455.7946495146555,4413.318679257348
2025-05-19 13:00:00,1461.967321392516,1473.7052782083351,1460.1244602908798,1464.5214350000833,9122.049356884076
2025-05-19 13:15:00,1450.1602456139194,1453.1197859083225,1443.4576458743943,1449.6783806605793,3175.874103507917
2025-05-19 13:30:00,1456.4434999368877,1464.5028021257817,1451.7714680372876,1457.2654891701159,7574.783529714335
2025-05-19 13:45:00,1466.6443269731994,1468.9588300967184,1457.642781878713,1459.0402710991862,6842.957053799454
2025-05-19 14:00:00,1441.5457932255213,1450.2823493044516,1440.025166292041,1448.5971890722178,476.1742701426731
2025-05-19 14:15:00,1445.6155379812415,1456.0980636275442,1442.7636648716832,1445.776266692037,9877.582690144704
2025-05-19 14:30:00,1450.4921513993727,1457.4757826404566,1441.6885978813118,1450.5819633610915,6732.804348723802
2025-05-19 14:45:00,1471.6067727729608,1477.043642023194,1468.8880479160794,1468.0125679537414,9880.267904159766
2025-05-19 15:00:00,1455.9532247081177,1458.4949769214522,1446.008642139975,1454.4519733098705,5384.09107365483
2025-05-19 15:15:00,1443.792656009856,1447.870431352255,1439.6137154729659,1440.8418419981078,636.1562898100511
2025-05-19 15:30:00,1447.0486036479847,1448.2537584198635,1440.0442956981522,1440.801096942229,5762.839746015437
2025-05-19 15:45:00,1446.2232501128235,1446.624353361468,1439.7200601123027,1446.1873818197348,5562.355173675768
2025-05-19 16:00:00,1442.653922313937,1444.6357424197524,1432.291586197088,1441.9276662521434,3307.8752279023747
2025-05-19 16:15:00,1441.8170378784182,1441.1525706192826,1431.7072665144954,1434.9760673322207,6595.673847507255
2025-05-19 16:30:00,1460.3759985425265,1463.801880470518,1452.4420456680623,1459.0769677654062,9062.658722590639
2025-05-19 16:45:00,1449.238020237514,1452.6906142755881,1446.236253041325,1448.7642418120865,7184.925300764553
2025-05-19 17:00:00,1454.1433427563882,1459.636749074227,1448.6759819784156,1457.9456945816012,7757.638929095281
2025-05-19 17:15:00,1434.029922086418,1439.1252246098982,1428.3495168517745,1432.020712719897,246.87079472089235
2025-05-19 17:30:00,1407.5508214637914,1416.5933494809426,1404.5071650036941,1414.1910148760708,6891.023285857862
2025-05-19 17:45:00,1406.827941063038,1410.2710234086812,1404.4130428509827,1402.133796092909,564.2388444763276
2025-05-19 18:00:00,1400.5943687121876,1405.389080228817,1391.230188501763,1400.6785204953392,5232.6617245537045
2025-05-19 18:15:00,1397.1865887591402,1401.9916406148175,1389.6729659454072,1396.0768196466588,5153.003075307127
2025-05-19 18:30:00,1417.320279772595,1417.9608853205104,1412.3476608807925,1411.4710905917518,6476.797827880883
2025-05-19 18:45:00,1418.1193010324728,1421.8281350746574,1415.6686095069954,1415.6248474899344,1705.4771405962133
2025-05-19 19:00:00,1420.266143655186,1425.940235604637,1413.8819306567984,1419.0659557363656,8887.650059421929
2025-05-19 19:15:00,1423.7698301925786,1432.0143459978256,1419.476226072009,1422.4304032291798,2587.668256511299
2025-05-19 19:30:00,1395.8747533660082,1404.1773617615052,1391.5832790584402,1400.9699203283587,4185.769073755891
2025-05-19 19:45:00,1405.8007182206893,1414.6423116136134,1407.5323536014957,1412.0727720621132,8635.623835215687
2025-05-19 20:00:00,1405.6061830670978,1412.2221700453863,1403.1591743811236,1403.0188202256054,2774.865150878166
2025-05-19 20:15:00,1396.8461311280453,1400.294179201159,1388.7837175303853,1398.295708839321,9565.139827220508
2025-05-19 20:30:00,1393.713506863897,1394.3943186671386,1388.9480273006873,1393.321489527177,4487.249378357655
2025-05-19 20:45:00,1388.6173649330935,1392.200200330825,1381.9972582061464,1391.7731699770875,4641.945320966766
2025-05-19 21:00:00,1379.9245495050595,1384.4001819058658,1375.0729881728007,1376.7096568015252,4257.035480481816
2025-05-19 21:15:00,1362.0350858924835,1367.6040842229643,1357.465222208679,1367.8771875803964,3878.3959363673716
2025-05-19 21:30:00,1345.4195422969228,1356.4720503435099,1344.3595892058047,1352.690428237623,5184.340798044198
2025-05-19 21:45:00,1378.3895176201602,1379.4117854488838,1371.9435122120562,1381.6359700883484,2174.293114149377
2025-05-19 22:00:00,1381.8140352346963,1390.0828390054169,1380.223205592358,1383.5937980935857,7066.3892589004545
2025-05-19 22:15:00,1401.4383445430424,1403.328812090148,1392.9804191440567,1396.6951068912247,1816.1537253519398
2025-05-19 22:30:00,1423.6005759971642,1424.8331826647373,1418.3427542488075,1423.256941399472,4401.235374367001
2025-05-19 22:45:00,1433.469526131173,1442.6141529388412,1432.6337389103842,1434.924153249984,7509.158265074693
2025-05-19 23:00:00,1414.218190254491,1425.6873326818763,1413.375278969958,1422.408695515081,9459.70904768676
2025-05-19 23:15:00,1440.0318096176316,1444.367173326582,1432.2124840753731,1438.9516326920884,5412.720963179993
2025-05-19 23:30:00,1444.3824741889584,1450.3153747110414,1441.408365645425,1449.975779150649,4098.008289778707
2025-05-19 23:45:00,1436.9896972346567,1439.2958674554075,1431.1670139629166,1432.3892871997764,9609.503589169391
2025-05-20 00:00:00,1408.8774645608805,1411.2218413365688,1401.9832580648217,1410.318563442696,9638.875985253595
2025-05-20 00:15:00,1396.114278977407,1396.1741501956305,1391.21057773331,1390.783938944022,7029.209637635138
2025-05-20 00:30:00,1394.8823911759857,1399.7799994922207,1393.3343983656314,1400.0699700950788,9319.845110345035
2025-05-20 00:45:00,1414.0722898845502,1419.5727392888393,1410.4477493151373,1412.9954163476302,8456.766761278357
2025-05-20 01:00:00,1399.055050684435,1401.161428330193,1396.2112090931175,1402.5196773050754,9474.751819777064
2025-05-20 01:15:00,1389.755472503552,1398.6907973092675,1387.4951475769774,1392.785207593772,7629.303387959687
2025-05-20 01:30:00,1385.1051904720944,1390.584641748242,1382.833616518668,1386.072938147346,935.4546609801532
2025-05-20 01:45:00,1370.3087229564876,1381.0237768476575,1371.6614689470846,1378.6111153981112,6758.690936625408
2025-05-20 02:00:00,1375.814403518571,1385.367129335815,1374.7357300082938,1381.2963585513571,7464.823991894596
2025-05-20 02:15:00,1378.6188640249063,1388.6712458832885,1377.4964399296987,1381.1747041924998,6166.0977224551925
2025-05-20 02:30:00,1370.5016199143115,1371.757589705462,1366.1026758118505,1365.8939508200278,4844.760720436778
2025-05-20 02:45:00,1364.4689587170633,1372.1821262708086,1361.3481968206306,1368.3449771378218,8974.559918425597
2025-05-20 03:00:00,1379.596774378622,1388.6567146763482,1378.5903894170904,1386.2061623968957,5503.1474495197435
2025-05-20 03:15:00,1358.620439498635,1364.754028830683,1352.2341492896228,1357.2428529061995,2444.1315583305745
2025-05-20 03:30:00,1363.53375455805,1367.4275936569154,1362.6108670255744,1359.633949332485,5193.000230850955
2025-05-20 03:45:00,1364.1714294265944,1374.5369248017898,1363.09365709131,1371.7358769546934,9968.043102622853
2025-05-20 04:00:00,1345.6787305981147,1356.1093887037644,1347.0229677465325,1347.297111299097,7348.816029114978
2025-05-20 04:15:00,1332.098505936776,1334.9977978427007,1329.819303785713,1333.5401745745123,3862.778078601463
2025-05-20 04:30:00,1334.1282943038104,1335.1254069108084,1329.5430684699274,1330.9447901848907,2753.4069603770135
2025-05-20 04:45:00,1354.45151764115,1362.7078793294793,1351.9912858573184,1353.976848524905,7144.133789294842
2025-05-20 05:00:00,1352.4728367691428,1359.7126717131205,1350.4001934977011,1352.3080366753443,166.8676491637091
2025-05-20 05:15:00,1376.9535316761073,1378.9115768925426,1369.6597194866056,1374.988576608949,813.7558691986318
2025-05-20 05:30:00,1370.765700298574,1378.408586884488,1367.7853696022003,1369.3039494384477,1550.098440350171
2025-05-20 05:45:00,1357.5996674292678,1360.6523615151634,1354.9542509556793,1359.6061759848992,5220.1478628284085
2025-05-20 06:00:00,1349.8765953955992,1358.150398574793,1346.6962509391437,1348.517658469062,368.5454441027186
2025-05-20 06:15:00,1340.5706917825216,1348.2015152688587,1334.619571346667,1340.5623209264431,2151.4684879099414
2025-05-20 06:30:00,1325.9246712217573,1335.1017979053545,1324.0584186210856,1326.2248529757665,1165.0922833262728
2025-05-20 06:45:00,1329.8823647845743,1330.788947231764,1324.6018679913284,1322.765944587324,2796.3171423425856
2025-05-20 07:00:00,1306.6157337106617,1313.9511054518557,1300.011171388833,1306.331710665035,7988.286007543534
2025-05-20 07:15:00,1292.7350000822007,1298.5227909623732,1286.340997991982,1295.0027896334443,3464.8594795779786
2025-05-20 07:30:00,1271.5192277934807,1274.435154412435,1264.8311526214243,1269.5824752410301,1536.2487238384792
2025-05-20 07:45:00,1265.0959582170556,1271.9555319440026,1261.606498810427,1268.958153706604,6029.4046958433455
2025-05-20 08:00:00,1250.6419836527273,1248.3911464078537,1240.9891622723492,1246.1025090136175,3029.3161198889366
2025-05-20 08:15:00,1250.3626696022545,1257.2040422456782,1248.6615349475387,1257.5277291424588,1688.55727704697
2025-05-20 08:30:00,1244.1791840766214,1249.970708241247,1242.6451520425062,1246.5999437535663,157.8974591897632
2025-05-20 08:45:00,1224.597362454509,1230.944422676766,1220.7011770363629,1229.2967275217015,3460.7709505761527
2025-05-20 09:00:00,1239.1359380629153,1241.9707400377665,1231.7623182980321,1236.670335804379,3789.2902332849194
2025-05-20 09:15:00,1243.2613268979132,1250.2307816731602,1240.122761481196,1246.7063962599257,1558.2113998272623
2025-05-20 09:30:00,1236.2688477818942,1235.115514256479,1226.4540354809085,1235.5865769142924,8876.594953467376
2025-05-20 09:45:00,1203.5905184492326,1210.6599876729995,1204.2871778378624,1207.6338735308009,8468.093340791003
2025-05-20 10:00:00,1200.904103314026,1205.4750054752142,1193.533108667272,1195.959244374009,1559.7998812430894
2025-05-20 10:15:00,1184.6480787526327,1192.539753446298,1183.1635726047848,1182.891951555263,4442.180875736736
2025-05-20 10:30:00,1170.3388665050531,1172.3989833843518,1165.3478238766113,1174.1543822385597,878.3630459715414
2025-05-20 10:45:00,1169.6411781655806,1175.4998787356074,1164.8041789394274,1171.2944304890261,509.62588827662137
2025-05-20 11:00:00,1141.91081146618,1147.5453387225573,1137.1114867855963,1140.488445610456,1208.5246681409938
2025-05-20 11:15:00,1143.6459636918846,1148.9315680034167,1138.0304288255481,1140.3789465050634,6345.726184168605
2025-05-20 11:30:00,1134.7895037315907,1144.2691075099892,1131.8138866964682,1140.1268017875125,6937.7166334751055
2025-05-20 11:45:00,1154.5727753255687,1158.270746018438,1147.0986635397028,1148.1534757481159,1171.7962349572545
2025-05-20 12:00:00,1138.0722079683314,1140.5068899155015,1135.9081548172162,1135.2529510013298,2970.0070178452593
2025-05-20 12:15:00,1135.1871308225873,1138.3982020855165,1124.817527167899,1134.1969142714313,4443.779766307935
2025-05-20 12:30:00,1114.4255161906028,1114.4293309765937,1107.673582668629,1113.7318166315747,5423.651874648651
2025-05-20 12:45:00,1083.9313101015366,1092.030139517483,1081.5624379827073,1087.2825096381912,9328.424766178812
2025-05-20 13:00:00,1080.8393538374912,1091.1114070901351,1077.0369705000794,1083.020545391031,5471.433114300067
2025-05-20 13:15:00,1075.8998262901052,1079.468388844523,1069.5526327860741,1074.5663201832947,962.2979332874831
2025-05-20 13:30:00,1088.335137742991,1093.6769658091255,1085.955124762737,1087.418265329393,372.20892097992265
2025-05-20 13:45:00,1121.7206857252636,1122.6608822242847,1114.6606466624428,1112.6759883564505,4173.681174016063
2025-05-20 14:00:00,1128.6290831152298,1137.0126669014264,1125.9876491856069,1128.5621446392622,5655.719610003107
2025-05-20 14:15:00,1123.1609890097207,1134.1604812701873,1120.9142551573943,1126.8765251582333,3488.9569568223205
2025-05-20 14:30:00,1116.8879103275322,1124.8800327411177,1117.815865954875,1121.0615073396573,4876.084464134186
2025-05-20 14:45:00,1128.7461016910072,1129.028412033786,1122.595116423755,1125.2648154159708,9334.773737951156
2025-05-20 15:00:00,1116.7880711363225,1123.2561631517754,1110.2568304462043,1122.5992789900524,1633.7729725535694
2025-05-20 15:15:00,1140.8935471062998,1144.9421370167368,1133.5095954983756,1137.7705046590995,718.6972762511042
2025-05-20 15:30:00,1149.8680595183262,1153.599684078701,1139.4143569325045,1143.326466737436,5225.933938334386
2025-05-20 15:45:00,1141.5240835860666,1146.9286377232547,1140.5571048384925,1143.2715598500856,739.8211614066583
2025-05-20 16:00:00,1135.537677557645,1143.362245058845,1130.8186580256295,1142.349209914812,6817.385828041474
2025-05-20 16:15:00,1155.9646777487108,1163.0599524313823,1152.3168185114023,1158.7131375873132,3587.731760657113
2025-05-20 16:30:00,1161.641173736817,1165.0003558896553,1157.8167437353347,1158.6906916109879,4181.257319988732
2025-05-20 16:45:00,1144.0632336980912,1147.974008537329,1139.0337971482854,1143.644217038812,4985.143044982477
2025-05-20 17:00:00,1146.1208687533774,1151.9244554683448,1139.8305571181043,1141.6075759890718,2335.3312712151464
2025-05-20 17:15:00,1124.5921503870316,1133.679061701327,1124.6791906633568,1131.305372962859,1281.9762872381182
2025-05-20 17:30:00,1124.677300702005,1131.7278795276009,1118.0595865889456,1121.0621979890573,3826.8662373245534
2025-05-20 17:45:00,1127.538085179238,1129.570252016548,1119.1198842451695,1118.886577413344,845.2293723157089
2025-05-20 18:00:00,1141.526005200216,1144.873709130345,1129.7535184867759,1137.6996428015955,2546.241770089393
2025-05-20 18:15:00,1151.8199852276148,1159.3481190535526,1148.7815496147398,1149.3986614916832,4497.074564044735
2025-05-20 18:30:00,1163.2677187287443,1170.650686383508,1162.2159267478705,1165.3388921013238,2269.2181348635772
2025-05-20 18:45:00,1164.831238863139,1175.0560411081635,1160.7564635163715,1163.7570544777811,4327.393818221977
2025-05-20 19:00:00,1128.4332422958428,1131.20522174835,1118.8338478937915,1127.228104869904,3968.5996937369073
2025-05-20 19:15:00,1129.5774738391367,1129.7998338768948,1120.5721101893175,1124.8370960767613,4156.89839129481
2025-05-20 19:30:00,1112.7513816616888,1118.2806835097806,1111.3990516598594,1113.4455570197933,664.5855344848967
2025-05-20 19:45:00,1128.368839713703,1130.9856626821022,1119.7084869372675,1124.5706714335543,9095.27768480663
2025-05-20 20:00:00,1134.699128337476,1141.8176817407052,1128.2784232195138,1134.8109564422891,6746.073565343009
2025-05-20 20:15:00,1141.8690231247608,1144.555455464991,1134.77764593337,1134.9873553489374,8141.687206976833
2025-05-20 20:30:00,1135.6914253149366,1144.5269393890142,1134.2258940038562,1137.824604059469,785.8021666081074
2025-05-20 20:45:00,1127.9994764523592,1134.7576727301378,1122.5752327055013,1130.4933977074643,7554.8722525518615
2025-05-20 21:00:00,1116.5997251388517,1119.1466971184832,1109.807142325286,1115.343410759998,1032.1192418661121
2025-05-20 21:15:00,1126.1002248317616,1131.6684653468344,1123.6150042680333,1127.4862152098337,9023.800606969719
2025-05-20 21:30:00,1138.0872126355355,1138.8455467972096,1133.883204370706,1138.053883439152,4498.0475474895675
2025-05-20 21:45:00,1150.9419056532652,1156.1470156468868,1150.2997752651409,1153.954836318008,5638.751682851269
2025-05-20 22:00:00,1162.6951532183095,1169.1622285758974,1157.5913451673694,1162.5378574509384,6775.17710785763
2025-05-20 22:15:00,1158.3126082798638,1169.9319023938579,1158.9958996429953,1160.2266142569874,5816.898571447027
2025-05-20 22:30:00,1155.7355991454501,1157.5800001590526,1148.2749785009066,1152.9918260856884,528.166455843723
2025-05-20 22:45:00,1134.5836391018552,1142.4967110948814,1131.0023756585438,1138.0775349123076,3349.9602123463405
2025-05-20 23:00:00,1140.5877343025488,1140.6958880086197,1132.9793342186404,1138.075415539139,1355.2226262765514
2025-05-20 23:15:00,1143.203899518675,1148.5798507753964,1140.732276352593,1140.0232421194344,7673.794668263143
2025-05-20 23:30:00,1138.2769954162773,1149.6272982719233,1140.309538576382,1140.1381002757341,8681.348920087521
2025-05-20 23:45:00,1127.637564720986,1131.640008897624,1118.7491770358845,1120.5278810422963,8328.908541467681
2025-05-21 00:00:00,1138.939236534774,1143.676498922486,1131.057172508262,1141.0475999948417,314.28218976575965
2025-05-21 00:15:00,1151.4900507853758,1154.8814053346825,1149.3146989985319,1155.8954088612516,8291.903866904104
2025-05-21 00:30:00,1152.7390423553456,1161.4560339040763,1153.5800266012843,1161.1013987076822,5660.608559110692
2025-05-21 00:45:00,1146.7045571471467,1151.3346547668377,1147.0624317596478,1146.2935051015797,5937.784117109536
2025-05-21 01:00:00,1141.0446511165035,1143.1436210762038,1132.0779358086158,1135.851186037518,3342.1801616467874
2025-05-21 01:15:00,1151.4987351486968,1155.6510973499246,1145.6679073498196,1154.2025150998927,8746.451037378485
2025-05-21 01:30:00,1162.8719107890147,1169.9271650316348,1159.2775920625554,1165.2679915163753,6685.638841615882
2025-05-21 01:45:00,1160.6487760512582,1161.428931778756,1153.5521125803434,1157.2915185092927,5186.858573246792
2025-05-21 02:00:00,1138.117299650386,1142.846271859621,1133.7215085270063,1142.275399536564,5977.635441284059
2025-05-21 02:15:00,1143.2571144347648,1148.9068709928536,1143.5030174689518,1142.5140104762957,9137.438371075858
2025-05-21 02:30:00,1102.894269177014,1114.4767259532025,1100.9525983018013,1105.5613276794327,8185.292208031913
2025-05-21 02:45:00,1133.37572577091,1132.656613105508,1124.9986920922606,1133.5702100256967,5141.925487913134
2025-05-21 03:00:00,1148.902281182801,1147.7305006713877,1141.5368077392,1143.0638283490302,3933.237654374563
2025-05-21 03:15:00,1148.204487668377,1153.5354686843027,1139.2356061709042,1145.2382965851843,4196.456909809838
2025-05-21 03:30:00,1166.7372652389158,1171.8696907149035,1164.500001230808,1167.4819703172184,1987.6847030666459
2025-05-21 03:45:00,1168.8917790696432,1171.5431896365767,1159.5545463824863,1166.753818987698,1520.5857790671482
2025-05-21 04:00:00,1159.6557816116826,1168.063994746257,1154.3851014844909,1160.7083904473984,974.817483450069
2025-05-21 04:15:00,1144.2963472765382,1152.6947529595723,1145.3207689731566,1147.5077450399622,7117.260859441314
2025-05-21 04:30:00,1150.6906564425801,1152.9270216150906,1145.1075756798566,1150.688957823242,7590.506304869509
2025-05-21 04:45:00,1166.374794165665,1166.2809014710144,1158.8111743755687,1163.3933595573562,7555.191451595401
2025-05-21 05:00:00,1165.498543336589,1170.9329909721546,1164.9475473375232,1171.8541146970035,7476.474123242053
2025-05-21 05:15:00,1173.1667861059345,1185.106892206373,1174.7166955402888,1179.8233648995777,7022.3224350718965
2025-05-21 05:30:00,1207.8888748180766,1206.8430761140894,1201.734318797757,1205.0795357033305,3556.9664043669372
2025-05-21 05:45:00,1199.699454480603,1210.8806807768578,1199.128986742803,1200.0981332990598,5789.755478821993
2025-05-21 06:00:00,1178.2663055148355,1183.3791151710004,1172.7102602529012,1176.4778665514593,1438.209605027093
2025-05-21 06:15:00,1169.8100181202394,1174.1874774102182,1163.7850680565484,1163.1669190326425,4137.636288630961
2025-05-21 06:30:00,1175.673706755267,1178.183362118323,1170.0107597029084,1170.3204808796315,4717.504262050753
2025-05-21 06:45:00,1150.6036286089834,1160.833226143296,1150.3621366910459,1151.9373096000693,2058.4789673059267
2025-05-21 07:00:00,1170.9835036347404,1170.8098843335772,1162.2570525687388,1166.5094515322523,560.9643290977971
2025-05-21 07:15:00,1181.5724792973429,1188.9316504587132,1175.2152008818314,1185.0443804301758,9967.067753586169
2025-05-21 07:30:00,1199.1839368592907,1197.705643225465,1188.8936767916905,1191.769915096341,1556.347213590013
2025-05-21 07:45:00,1179.6900157053249,1178.9284688643477,1170.8520381078672,1177.269649539631,6565.689736203285
2025-05-21 08:00:00,1178.2956825646902,1188.8061929942687,1178.702026000293,1176.2552201741955,3917.861246215673
2025-05-21 08:15:00,1179.7271872353726,1188.5066198015477,1178.805091766717,1178.2280840945975,8192.851386549302
2025-05-21 08:30:00,1167.6080679967217,1176.4393814331213,1164.2422941859659,1167.9214352738484,4064.8089324840967
2025-05-21 08:45:00,1159.2613664906648,1163.9042404886056,1155.8876489137074,1164.330736313243,1502.584008046459
2025-05-21 09:00:00,1152.779804437796,1157.5574693813128,1146.3226863353325,1149.504899896826,8448.622629154
2025-05-21 09:15:00,1148.1625873575263,1153.5692726409748,1142.8444488500638,1144.7768793509833,3172.431539950879
2025-05-21 09:30:00,1136.85064617724,1142.0485483476348,1128.5602474855393,1136.9675594129342,1067.1202575810184
2025-05-21 09:45:00,1168.4549608236628,1173.8145877572613,1163.1874505776589,1168.4131236795183,3146.968872285894
2025-05-21 10:00:00,1173.2018256252338,1176.8635345242096,1168.5063482208277,1168.648594976045,9537.988237676065
2025-05-21 10:15:00,1187.3632682621335,1190.8037320291478,1177.377666374889,1183.640923105538,273.8959854972881
2025-05-21 10:30:00,1194.932438984277,1197.533701033413,1184.2826030496524,1188.882847221225,191.87694014931807
2025-05-21 10:45:00,1172.5072432596223,1176.0605413723376,1165.083351134924,1169.9621214525152,4615.116625693554
2025-05-21 11:00:00,1166.24145434172,1173.0094031700814,1162.4585900852528,1169.3060977324853,4388.175911366498
2025-05-21 11:15:00,1164.14260213617,1170.1692507810897,1164.4777891037968,1165.0143228151276,1978.971192416406
2025-05-21 11:30:00,1185.645755691906,1195.0976864872227,1182.532741947904,1185.2680079276702,474.1852590124616
2025-05-21 11:45:00,1156.1219821408458,1161.0568905971545,1149.0442605657743,1150.9785588884788,7704.913365805438
2025-05-21 12:00:00,1146.870443631017,1154.9378498244691,1141.3943489041462,1145.8521451346983,253.4333416946855
2025-05-21 12:15:00,1143.3449414642594,1148.060611100968,1133.3193988252806,1137.1179737997145,2754.536784784893
2025-05-21 12:30:00,1144.6488025042975,1150.0734224665803,1144.0425886751786,1150.0590310474693,6096.002041001336
2025-05-21 12:45:00,1130.8559818454282,1133.4198498214428,1127.6673600283102,1132.3080865804363,7645.521284338608
2025-05-21 13:00:00,1140.2574287798757,1145.8874649870004,1136.5081030272088,1142.5065816540875,7627.566009088293
2025-05-21 13:15:00,1140.401522683651,1149.9927904634037,1137.0821545823499,1146.137278600661,4535.105924706218
2025-05-21 13:30:00,1150.6329280490834,1162.3538157215094,1150.0498495632826,1154.9492701541924,7625.552119276856
2025-05-21 13:45:00,1140.620712002145,1148.102549189232,1140.595546529593,1139.4678370873617,1143.8683954549979
2025-05-21 14:00:00,1165.6948699532907,1172.9972306243965,1164.954471018305,1169.8378868099867,3995.96272498534
2025-05-21 14:15:00,1177.3509128279993,1182.8858442119974,1177.1680117394712,1180.9742808105034,9593.425995043222
2025-05-21 14:30:00,1174.5632062904258,1181.6074849187655,1171.1246955318286,1176.1911605707805,9671.586386190793
2025-05-21 14:45:00,1177.3954048221763,1180.0199031587576,1173.632026404214,1180.6608823798003,8704.631963244883
2025-05-21 15:00:00,1169.6075520065353,1173.844123983807,1162.2003064412202,1170.1391838282955,1390.3124059929116
2025-05-21 15:15:00,1181.048921335704,1187.4594528394784,1178.1018413962415,1181.053605232581,9588.93292204953
2025-05-21 15:30:00,1184.9035585911802,1189.532933650393,1181.422179667016,1182.3093943748008,6322.974290248471
2025-05-21 15:45:00,1170.5740989079472,1179.5054505225314,1167.9720579165573,1170.0706308455426,6596.228980427447
2025-05-21 16:00:00,1173.2536705665043,1177.3912216741207,1166.3168145148436,1174.9363948618336,4318.924484939121
2025-05-21 16:15:00,1176.757213396744,1187.9710180362617,1177.0471867230542,1185.556986985507,4807.107800074708
2025-05-21 16:30:00,1203.6428950005413,1208.5360433124463,1200.2345588101366,1206.6675849104645,1532.6656348685704
2025-05-21 16:45:00,1184.9520578591419,1184.7792992860236,1178.063165996529,1177.1517366558305,2241.663867289404
2025-05-21 17:00:00,1195.365114020242,1203.1951810728801,1194.207975905827,1196.4443661341932,3371.0396707560526
2025-05-21 17:15:00,1207.2801769260018,1211.4578993386103,1203.4425228513364,1204.2082480861066,2287.2783597147713
2025-05-21 17:30:00,1214.06669091845,1218.7636588538605,1209.4380643679126,1207.220877277104,1055.6662731139488
2025-05-21 17:45:00,1233.9301913811394,1244.7937659151146,1234.1911345940314,1241.698075666329,575.610305888252
2025-05-21 18:00:00,1225.7853124503147,1224.495313856405,1219.5266776088472,1221.7123568072884,706.0579430855867
2025-05-21 18:15:00,1247.1929008667712,1248.5348020384806,1239.2955134470403,1247.2931011954533,5716.883536296383
2025-05-21 18:30:00,1258.8078435100242,1260.7136487867256,1250.5475191318221,1253.9787281881954,4193.179908599812
2025-05-21 18:45:00,1269.3568306465145,1270.396897905146,1259.4391139553516,1261.2806280610705,2939.4992336843115
2025-05-21 19:00:00,1272.281726776434,1275.8801184753363,1270.4639053237054,1278.064640093059,1578.2508344769074
2025-05-21 19:15:00,1245.9721993535227,1250.3220710027122,1236.1142842040103,1239.2979635001816,5145.600506516263
2025-05-21 19:30:00,1222.9285323071458,1233.646910781966,1219.8941029689847,1228.567250143849,1006.2807613263335
2025-05-21 19:45:00,1240.0813852618462,1239.522347803412,1230.351350111363,1236.781106719765,4843.0477746282295
2025-05-21 20:00:00,1251.3069507424814,1258.325887984137,1249.6351422075027,1258.6128947386037,1248.9358781226022
2025-05-21 20:15:00,1262.1273445467018,1262.8649614389774,1255.4197563494913,1261.280637100553,4818.899274511779
2025-05-21 20:30:00,1267.1886471390906,1274.621009527555,1259.4798882268622,1270.1211251795596,2476.9803165583376
2025-05-21 20:45:00,1279.241335229498,1285.534737797131,1279.5913433697322,1283.4017196874222,3065.1387449298772
2025-05-21 21:00:00,1290.6700059680861,1297.3287821398746,1285.1594778012834,1296.5781549970386,8458.525192058902
2025-05-21 21:15:00,1269.6530622760108,1273.893213080754,1261.8521087712288,1264.0431415365997,4107.00239785132
2025-05-21 21:30:00,1266.5295159150844,1273.5802177342227,1262.3201264226825,1266.8496196818894,9157.169425214348
2025-05-21 21:45:00,1276.7540022679048,1285.8568658399308,1276.5646350636234,1281.419063665168,7450.909291041899
2025-05-21 22:00:00,1275.5797185604554,1283.5447066758716,1273.6150170579308,1282.1112822769458,6353.20991339813
2025-05-21 22:15:00,1262.0482036790888,1260.744162040096,1253.5278223656271,1257.5341463227576,5573.244465821669
2025-05-21 22:30:00,1229.9975676567565,1237.487465252703,1225.8305172932598,1232.8869601092558,6909.069024591316
2025-05-21 22:45:00,1244.257931134868,1243.0752844888762,1235.4155839644027,1240.1049095007168,588.7658061676932
2025-05-21 23:00:00,1237.7418775824617,1245.5209656473344,1238.6131649250576,1246.414975590394,9013.555713535297
2025-05-21 23:15:00,1219.309827682178,1218.1899959922264,1210.0029027858282,1219.5952188250603,6219.133924368555
2025-05-21 23:30:00,1244.392122794359,1249.0981254545804,1234.9232920562729,1238.890692813996,5399.97456284346
2025-05-21 23:45:00,1246.7604409769292,1250.0789858347841,1240.6073311412379,1245.5217523898616,5017.752825879118
2025-05-22 00:00:00,1259.7717240929173,1259.281721412985,1249.6085199626411,1256.3054625506752,1577.1204811540683
2025-05-22 00:15:00,1268.7658093426282,1273.5016319971965,1260.3960154565889,1264.6942652545395,185.96116633793883
2025-05-22 00:30:00,1271.3950912519308,1273.4163168182195,1265.4524197026776,1269.3074178932416,2845.78896522232
2025-05-22 00:45:00,1244.2954115596635,1250.8500765438196,1242.0956709706052,1242.921184623042,5480.679014317946
2025-05-22 01:00:00,1241.7358336604445,1246.9995324250194,1237.5593490741542,1243.2398915073495,7394.336743746163
2025-05-22 01:15:00,1240.9295603622274,1246.1716975892118,1238.1534079391213,1242.9769225070054,1710.964631409049
2025-05-22 01:30:00,1252.2650511885952,1252.1228480538862,1245.679532082498,1254.09851082472,329.3344951432549
2025-05-22 01:45:00,1231.6940256473995,1238.8698272201475,1228.596967363029,1231.4958852182137,1277.8421359066404
2025-05-22 02:00:00,1234.6285904050053,1243.6674744252605,1230.1977742575748,1235.0100368679848,4790.5853763878495
2025-05-22 02:15:00,1216.9677590394294,1222.3675118162296,1211.7301138628652,1222.075806556518,9193.357338419231
2025-05-22 02:30:00,1209.89127902203,1218.7961470367286,1210.0075413353215,1211.9378064858506,6952.528923942192
2025-05-22 02:45:00,1202.8857283862587,1209.5146782808897,1202.2977626668714,1201.869894601749,913.3419946914486
2025-05-22 03:00:00,1200.849459573535,1210.6532248305787,1198.3759467242187,1202.6506445733971,9269.711465473672
2025-05-22 03:15:00,1205.3096697993367,1211.4844483500635,1197.3576443209301,1200.5626093610413,4313.539920022014
2025-05-22 03:30:00,1227.9545721056134,1238.0281938906337,1222.7422056469868,1228.928946823839,9317.30590143198
2025-05-22 03:45:00,1243.9022630960246,1246.240548771164,1235.7285623933326,1244.6878613772167,8361.619166955215
2025-05-22 04:00:00,1241.503957238066,1250.4521770524764,1237.6326820473314,1246.566344465668,9623.003529351941
2025-05-22 04:15:00,1247.9521323215183,1256.0650234249215,1247.0176513943059,1252.670835834246,2763.062146344905
2025-05-22 04:30:00,1265.7930912349002,1277.64425216441,1267.0945046868192,1270.6361801997418,151.55255083053788
2025-05-22 04:45:00,1249.142266493914,1256.4360685504375,1247.7420526698781,1246.086854033289,4275.500145267937
2025-05-22 05:00:00,1233.2601093008163,1239.2950784326642,1230.209842409818,1236.1732536525085,9813.345492756072
2025-05-22 05:15:00,1221.6995308608623,1225.17859794959,1216.2973507892125,1223.46434690748,1424.9342621848973
2025-05-22 05:30:00,1208.5355627394263,1220.3637159782693,1206.8599973464773,1213.2002243782927,4521.170051468687
2025-05-22 05:45:00,1225.3209172514007,1227.229863622232,1216.9897862924688,1221.559242418334,1599.9033381175907
2025-05-22 06:00:00,1208.4670615377267,1206.5654767401031,1199.8534644293752,1204.210683707717,2669.16654724272
2025-05-22 06:15:00,1222.121075750224,1221.6660719107333,1213.139326117671,1220.2807775591275,9658.421937884154
2025-05-22 06:30:00,1222.963845322158,1228.1454432831833,1217.0220923035806,1224.3675154303746,8176.894028040375
2025-05-22 06:45:00,1192.399165032079,1198.5888269466927,1189.2388689724019,1195.4297367299769,6422.2001699964985
2025-05-22 07:00:00,1183.442479501962,1188.5928978652528,1181.57783095131,1186.6383897560218,1678.7219786355392
2025-05-22 07:15:00,1198.1746452472275,1204.8955954748,1192.678813388955,1204.4549630690674,7854.533640256562
2025-05-22 07:30:00,1185.6331311481945,1190.6868549525689,1181.7767694598126,1184.2259894876836,999.0978629052574
2025-05-22 07:45:00,1197.139561227615,1197.0323741867483,1185.966093960746,1191.3516962088233,1931.9730256671528
2025-05-22 08:00:00,1189.3472207296745,1194.0105345649238,1183.4020439320163,1186.5980304519453,5035.883956644663
2025-05-22 08:15:00,1186.746027984686,1191.0686595377222,1178.0057669706234,1179.0901376750273,9622.960302118234
2025-05-22 08:30:00,1183.792315820579,1184.86176550791,1177.0989937381291,1184.9942256559568,3722.439258753347
2025-05-22 08:45:00,1180.7572737047915,1183.0436138258813,1175.214938297927,1182.732821920391,2208.3354029181733
2025-05-22 09:00:00,1187.1189065876326,1192.9055599447024,1181.1529395899122,1184.4563014776254,8448.875991956236
2025-05-22 09:15:00,1191.9765315329646,1198.1264081945285,1189.137522311256,1196.2483339820844,4266.827638544455
2025-05-22 09:30:00,1159.9702687156885,1165.969156001326,1154.5229845355861,1155.3567576713097,3108.28346502091
2025-05-22 09:45:00,1188.9994540496414,1191.4056330858002,1177.619970734962,1189.7394267911568,1057.184910974855
2025-05-22 10:00:00,1178.2068641139824,1182.0831378790779,1170.9834458154055,1172.3637297154658,4829.158438292139
2025-05-22 10:15:00,1178.6019860815315,1184.5796124359529,1171.2183273567732,1173.7980378154757,1158.064326620637
2025-05-22 10:30:00,1173.076993291502,1183.5451059486793,1174.5018464677812,1176.584238151642,3033.602851220926
2025-05-22 10:45:00,1145.6360587030993,1150.4563086357616,1137.1255387442277,1144.503847281292,1388.0887499456355
2025-05-22 11:00:00,1134.1315817464142,1140.4905078547224,1129.7109507588395,1131.508604551471,5504.269514497951
2025-05-22 11:15:00,1122.771147131271,1125.8803596375083,1116.8131699406415,1119.9110969427197,4513.000196678158
2025-05-22 11:30:00,1091.760645433428,1096.9985713705462,1089.7476246918202,1097.5290572501756,7519.818210753863
2025-05-22 11:45:00,1076.4982034416316,1082.935639212713,1074.201397306055,1077.9413891371373,109.91424246597519
2025-05-22 12:00:00,1054.933326747385,1057.9469606145067,1048.666506905762,1054.7852510524601,7217.044857694381
2025-05-22 12:15:00,1085.812079024497,1093.7848862862245,1079.9454452733414,1087.637375777597,8485.931514785138
2025-05-22 12:30:00,1102.772352982102,1107.7115019195132,1093.9510733624022,1105.2652176349231,2795.784356897075
2025-05-22 12:45:00,1103.7828215629345,1102.5383340729084,1093.0103384284619,1103.731231518482,5240.246564958958
2025-05-22 13:00:00,1118.3907926063125,1124.6951952554045,1112.9438443073032,1119.4024668428967,3159.069452879124
2025-05-22 13:15:00,1110.569955287241,1119.7623130430925,1107.9917793418995,1114.8682271583787,7788.147428038311
2025-05-22 13:30:00,1138.0197214781238,1145.999153064835,1133.0312329804638,1143.5978647029494,4962.080519150885
2025-05-22 13:45:00,1138.0021119704845,1142.1508203797268,1130.8351888523057,1136.406430913005,3669.296139364749
2025-05-22 14:00:00,1162.3580620493474,1164.7979447359467,1151.6835732425077,1158.9832691374036,9174.15961621259
2025-05-22 14:15:00,1162.4393114946356,1172.3619181741883,1158.7729578978676,1168.3566505752801,5591.873581104907
2025-05-22 14:30:00,1165.6897837926435,1176.1563169114065,1164.796692388752,1166.2649066325546,4060.7988080555206
2025-05-22 14:45:00,1162.4678579614408,1167.0740387050607,1157.4630767642689,1160.9450187497923,3450.2853890972024
2025-05-22 15:00:00,1165.3339472527073,1177.5508438848885,1163.542102003747,1169.7762437310116,4228.2700143326565
2025-05-22 15:15:00,1135.1905063908855,1136.630303937599,1123.5848433133629,1134.0459853327143,5067.052356823175
2025-05-22 15:30:00,1130.7237974900584,1137.6930125246536,1128.3007805528034,1129.799357210731,6067.251473457467
2025-05-22 15:45:00,1100.6855471680378,1105.099746232625,1093.3238595828852,1103.4586001504604,473.41531039353004
2025-05-22 16:00:00,1082.3572705120223,1083.3989262249593,1074.5164082040785,1082.5746430045638,7031.009349393747
2025-05-22 16:15:00,1062.4048667313298,1072.243277131263,1060.221538013246,1062.426464032389,2434.6902231503946
2025-05-22 16:30:00,1066.8716328465905,1075.58771203532,1067.165425682643,1072.4020952525289,5259.07850115061
2025-05-22 16:45:00,1079.8861013531669,1085.0374911838596,1075.6230314303891,1083.2752233431881,8417.960018541224
2025-05-22 17:00:00,1103.5449368914533,1109.285646681608,1098.8778841785636,1101.2796418205648,1399.3404402308986
2025-05-22 17:15:00,1128.84629918992,1132.5868397289437,1125.6150374231404,1133.2585464494005,3197.779982528589
2025-05-22 17:30:00,1150.1441798960716,1157.5136500581518,1144.9493742779966,1147.6843029276952,3045.0520198045397
2025-05-22 17:45:00,1130.1519576656108,1138.0112352459282,1128.4608225426487,1128.5843609959597,2611.4783010484134
2025-05-22 18:00:00,1146.8321400423417,1158.3870582580562,1145.0005019657222,1148.6158789010408,5775.311659427329
2025-05-22 18:15:00,1138.7671483183592,1145.4122236408798,1136.654470625003,1145.1616193284283,9175.911106606038
2025-05-22 18:30:00,1146.8931353785542,1152.8507254013475,1138.0365399259113,1141.861390461427,9675.644775140405
2025-05-22 18:45:00,1148.584104598161,1154.5476509426946,1146.0367417461678,1149.5859798825752,354.5535420429816
2025-05-22 19:00:00,1107.0578883230319,1114.5451758745835,1103.278424252327,1105.2500239721878,2397.1458730723407
2025-05-22 19:15:00,1097.1641477627966,1106.261347370897,1092.0436440416981,1100.1367169218481,9403.720825096783
2025-05-22 19:30:00,1089.447507303421,1092.6826040679493,1082.3571215752402,1094.2444245609327,4009.096966846739
2025-05-22 19:45:00,1081.5603800852593,1087.1656215406763,1079.7941031096764,1078.3332927970157,6004.935866279566
2025-05-22 20:00:00,1108.901122254137,1112.2682392716463,1102.0095935336126,1100.4664532998556,886.4354314687487
2025-05-22 20:15:00,1107.5670551429068,1111.80430851067,1104.0349918741524,1108.2644307706016,8342.610370561346
2025-05-22 20:30:00,1123.3512038533509,1130.5648943804003,1122.9082809611662,1121.341234175885,9099.04511097199
2025-05-22 20:45:00,1149.2527872994258,1152.4293888549662,1139.388075709947,1148.470748738286,1945.2691919419838
2025-05-22 21:00:00,1158.1614101922833,1163.084062851463,1156.9638253155022,1157.5170613928408,6142.247396245188
2025-05-22 21:15:00,1134.041236114336,1142.4154274718398,1133.7774014693362,1136.7702441161862,4901.902202406368
2025-05-22 21:30:00,1148.2214006369527,1149.0188910315921,1140.7991585663406,1147.9774286260974,4684.068000399444
2025-05-22 21:45:00,1158.4294190885414,1166.4997910830102,1160.7892017276251,1161.2392268120195,1652.8607692561272
2025-05-22 22:00:00,1155.1975482645214,1159.65325358652,1145.3738507999612,1156.89590035787,7717.038868816725
2025-05-22 22:15:00,1151.5400500164453,1155.5933605120276,1150.1671469170158,1148.4184577352623,6054.127921805957
2025-05-22 22:30:00,1112.4925638423874,1124.8175446471125,1114.8595129016228,1115.2771004972565,9657.593025110293
2025-05-22 22:45:00,1104.256980557727,1111.1434003116374,1100.9439276495732,1107.5946439234563,3429.4711279767353
2025-05-22 23:00:00,1118.151103960224,1122.0592541808353,1110.937593601882,1118.1386566837734,5397.77501007152
2025-05-22 23:15:00,1105.0688957326402,1106.1257910077488,1097.940275088384,1104.2033365155112,260.97156173659596
2025-05-22 23:30:00,1100.4280690822923,1105.6023333270816,1094.2192827259069,1096.215398735285,9378.96507297749
2025-05-22 23:45:00,1090.2169479170768,1095.138016727538,1086.1524767808583,1094.1409448653976,6434.132415424259
2025-05-23 00:00:00,1100.770989026399,1103.0220412414783,1094.2630303793285,1093.4460354722335,1441.0844288044877
2025-05-23 00:15:00,1063.8402450206142,1072.6219003774277,1060.4164700638785,1062.41814749984,8038.658384934143
2025-05-23 00:30:00,1056.2689982571567,1063.3808366292421,1055.2063521771304,1057.881242481586,9725.830608367674
2025-05-23 00:45:00,1058.0602636504666,1066.720536391445,1056.0774986587949,1058.0194001882137,9725.714553723637
2025-05-23 01:00:00,1049.775418110836,1053.602254705346,1045.176465289186,1052.3932133049962,2520.2132558194176
2025-05-23 01:15:00,1045.9453663504644,1050.1424195985846,1041.389054954685,1047.3703255581502,9245.196664308907
2025-05-23 01:30:00,1030.2230851417178,1036.983978631146,1024.4046458312698,1030.1560295076904,9982.176803870327
2025-05-23 01:45:00,1029.4144112231866,1039.261795575877,1027.2320611296159,1033.291751882737,4308.387993621029
2025-05-23 02:00:00,1013.6691042567816,1020.1351593820739,1009.2879236502172,1019.2039414098313,8572.442606026145
2025-05-23 02:15:00,1015.310509110639,1024.0564730627225,1009.5463656081564,1020.1051518683697,1858.612361329537
2025-05-23 02:30:00,1019.3763256195363,1027.0766495244875,1018.0745448494945,1022.4043358018172,4034.4306163867986
2025-05-23 02:45:00,1012.479378404449,1021.4063518727891,1014.1700935263918,1015.3920153707392,5468.236498093462
2025-05-23 03:00:00,1016.6684516269017,1025.4220954188754,1010.026746463961,1013.2581814897404,9171.493205064455
2025-05-23 03:15:00,1000.5512884779247,1008.6482915933195,997.2510184355506,1001.8178356751844,2934.1417882717615
2025-05-23 03:30:00,1004.9009457357167,1005.1803325597555,994.2458663245242,997.9850543662465,8949.574472635186
2025-05-23 03:45:00,1020.0578039437387,1024.7841653807898,1011.0387564541536,1013.7644675075417,7847.966145300886
2025-05-23 04:00:00,1028.0970140634204,1031.5391618504352,1023.2830619086627,1029.1751441383874,6879.87776974803
2025-05-23 04:15:00,1023.9849794331022,1023.3400132865561,1012.8840575889984,1018.5989153116603,6640.345629785419
2025-05-23 04:30:00,1016.4955326610439,1014.8694878640716,1005.2274694302547,1014.3581672217792,8197.68492311623
2025-05-23 04:45:00,1007.4952862162813,1017.4339535428089,1004.7731875865234,1016.3743734412842,6686.348281777606
2025-05-23 05:00:00,1024.02034956541,1024.118773860843,1014.2772933354986,1016.8690031762385,8746.837875216763
2025-05-23 05:15:00,1026.5181781613842,1026.9123957980707,1019.6372709763513,1017.8800166219843,6559.050643738225
2025-05-23 05:30:00,1010.776618005114,1016.5112793086851,1005.839664257625,1013.5183758150291,6921.339641882051
2025-05-23 05:45:00,1019.3344642535917,1032.0212967850168,1017.7233712826062,1022.0692189419551,105.86241597199239
2025-05-23 06:00:00,1043.815374236111,1051.7101539355026,1044.3592488766913,1048.0775441036578,6994.810194194652
2025-05-23 06:15:00,1031.4192677592796,1032.4225225715008,1025.8968874008276,1029.4103589407737,5277.267117770748
2025-05-23 06:30:00,1024.0043538160483,1032.6886139241424,1019.7001836996836,1030.6305113205783,9923.464354766067
2025-05-23 06:45:00,1039.8319228160221,1044.7989523762933,1038.2820560899158,1038.2167812561675,5728.704121707427
2025-05-23 07:00:00,1028.8809132570393,1035.5209281901994,1024.7687398423045,1032.816991021538,9523.23318930875
2025-05-23 07:15:00,1009.133052013327,1015.2967071207506,1009.3167111941323,1011.9571936202037,4970.399234590553
2025-05-23 07:30:00,997.5331394805183,1003.6390510638914,991.725779894647,994.7891022962397,6977.782134544866
2025-05-23 07:45:00,987.9197507096156,988.6019031096581,979.9916720602587,986.7309833550769,3937.142321785843
2025-05-23 08:00:00,983.6143162914648,988.3658756699763,980.1777963555637,986.2825181507417,9833.751288209613
2025-05-23 08:15:00,992.5032201464127,998.614461108392,990.7829944786549,996.7934296781884,3410.0652337968127
2025-05-23 08:30:00,989.7290026110238,992.9611868022268,985.1613178536392,992.749465015575,1179.1386834597101
2025-05-23 08:45:00,977.8469013157904,985.8859727135473,977.7026481391852,979.0250433298766,6551.8724946977745
2025-05-23 09:00:00,980.7736358224805,987.6961759426903,978.0976727916245,982.18347642192,7183.368094250826
2025-05-23 09:15:00,1013.125163279421,1024.2168594695956,1015.3539231839395,1016.562559057151,7512.262098578026
2025-05-23 09:30:00,1017.647955287736,1017.2287487338028,1010.070313270392,1013.9356421369778,2637.36939842951
2025-05-23 09:45:00,1010.1077994836535,1012.2161378162507,1002.6747778215724,1011.5079477262501,9835.860064485705
2025-05-23 10:00:00,1011.9117341497406,1012.3245331342067,1002.6137562983405,1006.8356265856729,1995.3536127189811
2025-05-23 10:15:00,1022.5162130128269,1032.6173207343907,1019.5294921398607,1028.092148320905,6233.143597653603
2025-05-23 10:30:00,1003.511177077521,1001.6194866656881,993.7297415290509,1001.8249319341074,1150.1839630086058
2025-05-23 10:45:00,1009.9964181136595,1008.3496514730765,998.7425787348532,1007.3341185432892,5377.9525587100925
2025-05-23 11:00:00,1017.6535850956878,1021.1271457393422,1016.6089970948622,1015.6862797912684,3781.307105497834
2025-05-23 11:15:00,997.9449330272016,1002.6528490103585,990.7554749729384,994.7741814624464,3409.9302929117803
2025-05-23 11:30:00,1003.4285840943412,1009.6651629539608,996.774020697448,999.0576306231935,517.1787027421221
2025-05-23 11:45:00,1017.775996526385,1025.700124156325,1017.7248959244477,1025.3353962641868,7258.579546722129
2025-05-23 12:00:00,1032.5933724067836,1039.1521837167431,1030.0145549919491,1033.7330949566112,2608.2090887997165
2025-05-23 12:15:00,1002.4238648846824,1007.7018659639544,997.0141265058088,1007.0512503636203,4059.8723721442725
2025-05-23 12:30:00,1014.3283415761682,1018.1739201195965,1006.1158461747744,1015.5544352809561,1232.058520057285
2025-05-23 12:45:00,1010.5031066503196,1015.2999578168302,1005.9538975735661,1008.9294836861731,2504.667591089741
2025-05-23 13:00:00,1018.0939758588908,1022.6849403490006,1011.9236676726827,1023.1729439251021,1773.2859865665016
2025-05-23 13:15:00,1029.9334040197687,1031.2753472787517,1022.1786671670336,1022.4880602093725,6582.951717335658
2025-05-23 13:30:00,1033.8649172395096,1037.7227854302112,1022.7151515468765,1029.9703305755656,6952.818707327387
2025-05-23 13:45:00,1030.3461347512139,1034.1018085854935,1020.3256603168973,1030.9590250699746,6050.634990351146
2025-05-23 14:00:00,1044.219910516898,1046.2723817528322,1039.0799701088138,1037.2327123479727,5592.6039085525645
2025-05-23 14:15:00,1042.1619234253203,1045.5158147715958,1035.4309173394013,1037.3426251454882,5703.017558607457
2025-05-23 14:30:00,1049.0711022314952,1051.6392895054591,1040.5477334791792,1047.6502406702596,4658.223020289746
2025-05-23 14:45:00,1066.4914561803084,1070.9784421633242,1058.3383671219622,1067.1278022935085,1983.8011330230786
2025-05-23 15:00:00,1070.626321438705,1077.9160555733224,1070.2771178831642,1071.7255158279088,757.4051894886062
2025-05-23 15:15:00,1061.043159689193,1066.2847429923913,1059.9322977526274,1065.9824443221419,1534.5318291904289
2025-05-23 15:30:00,1068.5486549600898,1066.939518185419,1057.5503194340197,1065.1305189965713,8831.814281612866
2025-05-23 15:45:00,1085.7422854271472,1087.4212246766879,1079.244718536262,1087.8174064369064,4483.241641013078
2025-05-23 16:00:00,1068.8933639462841,1073.8046730555902,1067.0224022524592,1069.7944554052924,4278.229584281684
2025-05-23 16:15:00,1052.4083055944338,1052.8343410621264,1043.0024149402734,1054.1304730497345,3878.386532479319
2025-05-23 16:30:00,1043.0786782732214,1047.461574543162,1038.2020671915016,1046.404297699586,6709.464643213031
2025-05-23 16:45:00,1040.7249758945327,1043.7741897033043,1031.802458493196,1039.4547881380145,8036.5537681245905
2025-05-23 17:00:00,1042.0970749406656,1051.6357715969434,1040.595461198825,1049.0545129324632,1849.6693106806315
2025-05-23 17:15:00,1018.7956004442823,1020.4862317038861,1011.5098044260772,1018.0632459236907,5479.343347385438
2025-05-23 17:30:00,1031.2650974385674,1032.5196204901413,1027.377699144137,1034.5822634605458,5880.293173720007
2025-05-23 17:45:00,1024.5528438733222,1026.052738742629,1018.5325196932101,1020.0433625107962,6994.577453105303
2025-05-23 18:00:00,1001.7379809428064,1014.2343669648199,1000.4403950471562,1005.2169993801836,8499.372262998522
2025-05-23 18:15:00,1022.8371334035292,1033.1017879570643,1023.7400707475377,1025.5113447757747,8246.116157348675
2025-05-23 18:30:00,1051.763123150731,1054.2268241464603,1047.5435516665605,1046.4050342904059,1868.0803070294944
2025-05-23 18:45:00,1027.97495662395,1037.2803627649182,1024.1258527849639,1030.489033399365,5169.157523999294
2025-05-23 19:00:00,1020.0588992335008,1021.3663040473297,1010.7437764976959,1020.237871724161,3693.6242399931134
2025-05-23 19:15:00,1014.9791711091123,1025.3539718614286,1014.7862530060901,1016.8066458280167,6750.188112875066
2025-05-23 19:30:00,1054.2058147049224,1057.2753000191108,1046.2385878547313,1048.0293178356117,3029.8478824204135
2025-05-23 19:45:00,1066.292791844506,1066.8167073431518,1056.9709145509962,1066.2844171496497,6135.5719360105295
2025-05-23 20:00:00,1066.8157283012035,1071.2800399537052,1057.478018058974,1066.795218524256,6444.8074135424795
2025-05-23 20:15:00,1071.6818060434555,1072.6366212538194,1064.9594820640882,1074.424036260199,5146.964918669475
2025-05-23 20:30:00,1063.0328406874328,1070.3670343434387,1056.9333098246263,1068.2682266844847,8046.271634234357
2025-05-23 20:45:00,1084.924135231092,1090.8676545504668,1081.6627955405404,1081.2067990936532,4407.7865618381875
2025-05-23 21:00:00,1079.041575535725,1084.5906161315006,1072.7509687683107,1083.034854822215,741.2666945960805
2025-05-23 21:15:00,1060.3492276977165,1062.4326644957355,1053.2148387736916,1053.9580208068544,5015.089993405156
2025-05-23 21:30:00,1044.594508195543,1048.9485708696875,1042.9292324715361,1048.8128745055567,3898.025194829389
2025-05-23 21:45:00,1075.7742573217645,1075.7450262614282,1068.3456517647894,1073.2820565848629,6052.743076489237
2025-05-23 22:00:00,1074.693361483716,1078.4875890118074,1067.5591912819539,1078.5649605534868,1802.9905592372675
2025-05-23 22:15:00,1074.6082987636726,1081.0149425457444,1075.8324475373167,1077.9983748676395,5873.736446086245
2025-05-23 22:30:00,1066.5431732721133,1076.2106393056395,1064.9409921899594,1074.3575934170713,4642.266288645453
2025-05-23 22:45:00,1074.504318376787,1079.5055760305165,1071.2223320684927,1075.8914629613782,6602.39082553649
2025-05-23 23:00:00,1089.613378811444,1092.248354936933,1077.2311327753812,1085.7958150120546,8927.995876770612
2025-05-23 23:15:00,1078.7339261021637,1084.957105452248,1077.049392899192,1084.6698355276944,515.7347794800135
2025-05-23 23:30:00,1073.3576881677793,1074.0821305347804,1062.5401895008565,1069.3043140621967,8031.7983371375185
2025-05-23 23:45:00,1076.3614022936654,1086.4651004673722,1074.929250484288,1074.74405999446,1173.5472583608746
2025-05-24 00:00:00,1074.8486295952662,1083.284677688965,1068.967040401266,1073.1380797216743,2245.3414412252396
2025-05-24 00:15:00,1085.1259010950266,1089.6176380870604,1077.1847577669005,1089.2628269361892,8046.6677082335445
2025-05-24 00:30:00,1063.9458442813013,1073.249912103234,1061.8226252924644,1071.27964546,1665.3992026302851
2025-05-24 00:45:00,1091.8177149525818,1099.9711737515481,1087.2216850605066,1096.92324327253,8564.55832616383
2025-05-24 01:00:00,1101.1788624039916,1100.420383842168,1090.9705772177738,1098.7241494629513,1390.8578976052734
2025-05-24 01:15:00,1083.161312723054,1093.4288988484275,1082.5637914625047,1084.3190253924533,1611.9840333075965
2025-05-24 01:30:00,1061.8155442196592,1068.7341913853502,1062.7525468571387,1067.3220206455148,6576.310917950786
2025-05-24 01:45:00,1064.5134034240355,1073.24555861156,1065.38206054483,1066.9919389557604,8910.226416125026
2025-05-24 02:00:00,1091.698050426093,1100.0799513867566,1088.8815626374264,1090.3526968956314,7783.244163624403
2025-05-24 02:15:00,1099.6157062297953,1100.1982305845406,1091.2731873069572,1096.378264404735,2325.087931984429
2025-05-24 02:30:00,1106.2521750150584,1113.4161972663844,1101.995850663498,1105.6607885024337,1619.9452721644204
2025-05-24 02:45:00,1082.966523881974,1092.0159498467394,1080.5408325159278,1087.3643137797192,435.34674930387615
2025-05-24 03:00:00,1074.5279068599957,1078.043011617032,1070.0012784573157,1076.4380612279226,7980.133125141219
2025-05-24 03:15:00,1081.3739272940702,1083.807039887026,1073.4493453898842,1081.2361735012885,5625.4252215375
2025-05-24 03:30:00,1062.587159268388,1064.4336394912805,1053.325475797117,1058.4853227847339,7496.6663731512335
2025-05-24 03:45:00,1050.7946013891606,1053.7491115714847,1041.8687834046932,1046.20945090118,1212.0297869077992
2025-05-24 04:00:00,1046.8403081897598,1051.074111189446,1039.0859653446944,1040.4064657043764,2888.525883600994
2025-05-24 04:15:00,1045.6871890101124,1053.2990363094218,1040.5287560889008,1044.5101546152116,3614.1919867763118
2025-05-24 04:30:00,1016.2955990071372,1017.6132934212021,1009.978210435107,1020.0651634214361,436.521275029467
2025-05-24 04:45:00,1024.9998431276515,1029.1263957675378,1020.1888026391691,1019.1500297282948,7087.857025383968
2025-05-24 05:00:00,1009.2247382391879,1016.2767729613828,1007.9876847956247,1013.9329374165073,4094.398534471073
2025-05-24 05:15:00,991.4770661242171,1002.5951400786308,989.7182301482369,995.6055211727779,453.40489627881965
2025-05-24 05:30:00,994.2399906974858,997.7355265474159,986.3915928382377,990.9437768601503,6995.744525086071
2025-05-24 05:45:00,988.6257354133243,990.8103793448561,977.8915650748372,979.0471331568025,580.9606231475345
2025-05-24 06:00:00,991.6149514442973,1002.4293892349232,988.1004919868702,994.1892139152259,2327.602874646854
2025-05-24 06:15:00,992.2864080062741,994.7974160308677,985.9795562672242,992.6160316842571,6911.521488903599
2025-05-24 06:30:00,990.4604600096812,994.2743373793021,989.2716680962282,994.7199050936483,9490.9534110293
2025-05-24 06:45:00,976.5312385617207,980.8114132597776,968.4535522498795,978.0898667125462,2922.3719268834643
2025-05-24 07:00:00,982.4689426630741,991.6753127331832,978.4874759789946,984.8658268984681,3819.8324962461916
2025-05-24 07:15:00,999.8824265249342,1002.6258205756333,991.7222327217503,992.5148188956714,1006.9976617727523
2025-05-24 07:30:00,1028.521819241887,1037.8222717300034,1024.8268501050402,1027.854401268181,4339.358032293001
2025-05-24 07:45:00,1035.3829678795362,1040.0402393471752,1031.1376187930146,1040.162491994903,9493.026090859097
2025-05-24 08:00:00,1018.9404344940364,1022.0827628011272,1012.1898444152392,1017.7829127582015,8385.611619557521
2025-05-24 08:15:00,996.0357872323931,999.3762157284145,990.4061565933006,995.151086002032,5783.226775290597
2025-05-24 08:30:00,992.4399251735684,993.4617904992884,987.4643842980449,992.0739323506409,4016.792984237609
2025-05-24 08:45:00,1001.3875897099141,1004.1298153047912,990.3096676245659,1001.2569992392444,6568.830913777562
2025-05-24 09:00:00,969.5530109940256,976.4461505325185,964.5751820676105,968.9114194051807,1479.5724209658208
2025-05-24 09:15:00,957.2740566352869,965.4073732015698,951.5916010275292,961.7828822172368,7358.646407029641
2025-05-24 09:30:00,952.632065296583,953.4974545496856,943.8048725169022,950.3144103163135,1624.7043637820425
2025-05-24 09:45:00,925.9337450140368,930.66376954015,922.1375993214814,927.0926560013293,5850.513031212452
2025-05-24 10:00:00,909.9135142212573,915.2864506919431,904.2477387901824,914.702653590174,1724.3045034836966
2025-05-24 10:15:00,895.9757702805657,903.4047927012541,897.7547186686235,900.0264078449112,3324.8606924644987
2025-05-24 10:30:00,896.6063494155503,899.2697287176744,884.2948111391138,895.0024163761454,9053.80646374898
2025-05-24 10:45:00,886.7957043951372,887.228767201147,875.6225601726696,880.1154927074523,8058.081768876081
2025-05-24 11:00:00,873.1650433720981,876.1536426784635,861.9721433915747,867.5777622355191,1559.9434741309897
2025-05-24 11:15:00,859.0755588200884,864.9857082451524,850.4255633471582,855.1641215696769,6675.20931630813
2025-05-24 11:30:00,843.325062775613,853.0866331395882,842.6306526096499,846.7498620376022,1427.576505442422
2025-05-24 11:45:00,841.1905337281988,847.1282877285365,836.2935713297992,840.0440027584882,4985.586687705435
2025-05-24 12:00:00,846.4547712419856,848.7612026485338,834.8713349616585,846.3839046472572,6855.973371335404
2025-05-24 12:15:00,840.4714656531592,845.1309875476239,835.0850801672362,841.3755979403387,7423.530396879173
2025-05-24 12:30:00,846.6317123298595,846.1765594164574,841.0574753593046,838.8389790486469,7655.802079898944
2025-05-24 12:45:00,830.5643480904658,832.2628086685826,824.0238761844745,825.143426470536,8345.87604093529
2025-05-24 13:00:00,840.8092640422856,841.8460982148538,830.4123868989145,833.1244691177499,1900.063530236907
2025-05-24 13:15:00,803.8154324447869,807.0650503726458,801.2165934649423,807.4203201524388,2054.1840937832194
2025-05-24 13:30:00,803.8101680044522,809.209107903762,798.9850690687967,805.3425064338049,1847.6076440726185
2025-05-24 13:45:00,808.8721946272663,810.5844200059493,802.5869508432104,811.769453175006,1149.3970214692797
2025-05-24 14:00:00,817.4595262629499,820.5666743495807,806.8932643102873,816.1038092936063,7157.728461712033
2025-05-24 14:15:00,815.9718389102825,817.1740852021535,809.0714234275337,810.7811216656486,3859.974851690919
2025-05-24 14:30:00,802.1384251813237,808.3229980265464,796.2236428167304,803.1614833110233,7138.974047141806
2025-05-24 14:45:00,827.9120563859311,839.8126997205245,830.0486280322757,837.0763130362147,6629.592824321732
2025-05-24 15:00:00,843.4077074330455,850.8359302266003,839.3385896651752,844.655130602595,9184.225293610865
2025-05-24 15:15:00,832.6345825488129,839.895798129825,827.354242824049,832.5503336362514,7182.351686514859
2025-05-24 15:30:00,829.8501979380903,833.620356038375,828.2787538780914,836.2654226271414,4117.085379889937
2025-05-24 15:45:00,827.7535530410833,833.8791232557817,825.5294421210109,832.7153964760154,2192.442164373599
2025-05-24 16:00:00,847.8424736801949,848.6745563352907,840.656339441114,846.3293891731961,855.5472007327097
2025-05-24 16:15:00,845.4238416476004,848.5564603686333,842.1209106560882,850.6103705920417,6886.888566046654
2025-05-24 16:30:00,847.7152998206324,850.8741095391562,841.204695194585,845.8309641655944,8485.749691194611
2025-05-24 16:45:00,852.4137958934958,855.6158746813591,842.1260430141987,845.9470211591637,1771.089145339816
2025-05-24 17:00:00,842.0025962156452,845.9367801347862,838.546484387977,839.6637810412254,6061.959558038312
2025-05-24 17:15:00,830.680787233557,837.804165621084,824.6368320659869,837.2260476457218,3935.309255169776
2025-05-24 17:30:00,833.1703409538303,836.9669574714756,825.8309668335318,826.1664561099992,1550.2150139260677
2025-05-24 17:45:00,821.9254941179846,829.9266858321878,818.2676079931555,824.9522747675667,9432.134523770204
2025-05-24 18:00:00,833.8909879584801,836.2821794911343,829.2674456496561,830.7250540088033,8069.319085123398
2025-05-24 18:15:00,832.8320455021624,840.1841977887556,826.462363255177,833.9185399533476,7787.863441212874
2025-05-24 18:30:00,844.9980193677919,853.1683380962021,845.8103932541655,845.2942400138097,1667.0638161291652
2025-05-24 18:45:00,834.9498470690863,842.2218540733012,829.014010482028,835.9673904690735,9453.860797205227
2025-05-24 19:00:00,838.3429235996306,841.9049864747408,833.5878704010106,841.4135430193458,4215.486115618825
2025-05-24 19:15:00,864.3797557355048,864.9796694824892,857.9540699540048,858.4008068599135,574.4126868695139
2025-05-24 19:30:00,862.1448682221984,872.5738657310795,861.5399390915776,860.6234568450258,4180.170999267772
2025-05-24 19:45:00,882.8993356203674,886.9371197958578,876.1000277369666,878.090889799112,115.82360556057263
2025-05-24 20:00:00,849.182060715716,849.2190577952607,844.9710710764317,851.3006768134557,5319.909440463914
2025-05-24 20:15:00,860.3003336237348,862.2733783612383,855.0531013864511,859.5048591988698,7884.664338704504
2025-05-24 20:30:00,838.2362417515358,841.0270904935265,829.9963362977558,839.8197442950832,6923.677584466485
2025-05-24 20:45:00,824.1918868426959,826.7753516458214,816.9502468507428,818.989795346537,849.1896803925647
2025-05-24 21:00:00,819.7097495151653,824.7488701256123,816.9164138258428,816.9385092304532,534.6305713738525
2025-05-24 21:15:00,824.0957796637939,829.8210031711162,820.3523706053578,824.8010638716863,315.34604658037665
2025-05-24 21:30:00,833.3350270735938,835.0497110317832,822.3516573296562,828.029473994591,8070.9162716116
2025-05-24 21:45:00,839.4962523442903,846.0191189302567,833.9182016926723,835.1793388474845,5255.769443424965
2025-05-24 22:00:00,881.6332023829414,887.6037336942966,873.4703022575815,879.2908001255018,3860.707143585248
2025-05-24 22:15:00,868.8991304116498,872.6782321490762,863.3158547375228,868.6273698241722,5554.557270701042
2025-05-24 22:30:00,887.346840495765,889.2452817341505,881.848949037956,887.691051030938,9649.852214761879
2025-05-24 22:45:00,901.5683836734245,907.8554523499643,894.6134166702878,897.4135552471578,4600.501763608014
2025-05-24 23:00:00,901.7228585769956,904.7195498988158,893.6388090702158,902.5114667908728,4702.5777424992575
2025-05-24 23:15:00,879.2346513249456,886.828084278801,877.0843140391576,884.9321942751786,3596.516218320787
2025-05-24 23:30:00,895.3510786572651,897.2483719157609,887.5976523746614,891.9093867751501,2448.2011041800174
2025-05-24 23:45:00,862.0918118662217,864.7771594748555,858.7021332811395,865.5153519893883,2607.318698366666
2025-05-25 00:00:00,869.5057271299647,877.0837565459566,865.9296647398467,866.5024380235075,7302.425474415027
2025-05-25 00:15:00,885.6067924326908,888.2702776451916,881.2325917558247,884.4251032329277,6374.537760246077
2025-05-25 00:30:00,899.799202906585,900.6514759812383,891.7183179976813,895.8964092097357,2443.0483499337925
2025-05-25 00:45:00,905.6218971234646,914.1996362132903,900.9007331248827,906.014211224177,9530.665469790256
2025-05-25 01:00:00,915.1776762082364,922.171816411201,915.4282930178745,912.8804068981271,759.321189128905
2025-05-25 01:15:00,915.6671424248283,917.7644300843828,911.7970792281834,909.9528845265601,6773.099050809737
2025-05-25 01:30:00,940.3272744605406,945.2848862119,935.5621798272939,943.0169061447247,7685.473789899907
2025-05-25 01:45:00,958.3204933641739,968.2926586230792,953.0561606176656,961.0143524753572,2293.6707977455644
2025-05-25 02:00:00,948.8801350058503,951.6708536629376,942.0085705914961,948.5634122497846,6877.355121687356
2025-05-25 02:15:00,949.4527710453556,952.7623384711511,943.5439169025606,943.5308209244872,8194.659767604648
2025-05-25 02:30:00,951.1952345577434,957.1146250997034,942.4894171357864,948.6568900909372,975.8424804124695
2025-05-25 02:45:00,934.2775227120349,940.8169230441147,927.465117497697,936.0036230223578,8426.13741084618
2025-05-25 03:00:00,929.8100363059262,938.3664427535,925.6714236287171,928.0998856630218,488.79003544458925
2025-05-25 03:15:00,921.0477490606436,924.4240569884637,912.2728689686126,918.5513298173322,7319.453599551522
2025-05-25 03:30:00,920.5012517017146,921.6100223368221,913.7000655902204,916.683070361908,9553.059806324109
2025-05-25 03:45:00,901.4733330944838,900.5123424352588,891.7090481471806,896.1393543930545,2910.8140652753214
2025-05-25 04:00:00,897.810506980097,899.2120938672971,894.4815231100622,899.5413518668985,6536.168256692223
2025-05-25 04:15:00,889.7686887820935,895.5136533333767,884.0748580718642,885.4555354177968,5588.309258869344
2025-05-25 04:30:00,914.449076780586,922.8616052657641,907.4222046214895,912.627967913523,4286.709532382742
2025-05-25 04:45:00,915.5186547339822,919.0768629044712,913.3359778737922,913.7058477303149,1040.2921170316013
2025-05-25 05:00:00,912.1675016105761,917.3159357872236,906.4976346208832,917.5462543889226,2049.4013273893543
2025-05-25 05:15:00,924.4779196421725,923.4397422218578,914.1050763932335,922.8356394833814,3395.3182393827556
2025-05-25 05:30:00,897.5323908695437,905.3658036303659,891.5387912701269,900.8709306835765,304.43249211418515
2025-05-25 05:45:00,910.7443732496064,909.7777635739383,898.2128055892238,903.2433787119629,3906.930747435419
2025-05-25 06:00:00,888.4661356980698,897.1613791481004,883.7903447940182,884.9646156393309,847.3443039562043
2025-05-25 06:15:00,928.1897703190535,937.3908304549725,924.1992779957271,930.7135766080263,6800.447863522505
2025-05-25 06:30:00,947.9403588033092,956.8520601452242,946.7681427576827,954.498331849119,3171.431209530831
2025-05-25 06:45:00,964.4696414010173,972.0129935968939,961.2637443133785,967.9831487424958,6798.273186589306
2025-05-25 07:00:00,981.2442016090613,992.1164325400339,981.9985274939448,984.7976683837967,4427.8277275696855
2025-05-25 07:15:00,1014.9463089088814,1022.5748277793197,1010.4108837428973,1016.8195394565416,7772.092236926136
2025-05-25 07:30:00,999.9395288654147,1000.3354664758901,992.9238705052093,993.4460733507376,8930.297969946445
2025-05-25 07:45:00,999.8237559666753,1010.1441963116449,997.0714129297496,1005.5759577548083,9307.749970074065
2025-05-25 08:00:00,992.8290345799817,1003.0989096052409,990.4422850419369,996.644062292291,2267.718253997559
2025-05-25 08:15:00,1000.8552734205903,1009.5172087329844,1000.5475976156295,1000.0834959228719,944.0122933196741
2025-05-25 08:30:00,1009.6258523995165,1012.3102552068489,1006.8408414175573,1012.6786595995873,2419.5026189186656
2025-05-25 08:45:00,1020.5305670938526,1027.2077729822608,1019.3041071971894,1021.7369415142864,2681.5835470269767
2025-05-25 09:00:00,1015.9339180982593,1023.3587037950838,1011.5719415709011,1016.8965565533402,9116.56179239981
2025-05-25 09:15:00,1047.8195559538572,1053.9684120810862,1041.7007806051975,1046.5026049518083,8209.81460269474
2025-05-25 09:30:00,1057.9655519904913,1060.439417666236,1049.2502703862237,1057.9757342686469,2539.131343533252
2025-05-25 09:45:00,1037.9565361128475,1045.0417656999593,1036.2389044994661,1037.219569656356,9082.053075420881
2025-05-25 10:00:00,1043.6229895929398,1050.9990921743974,1040.4991377901547,1045.9507253838433,2140.346362439881
2025-05-25 10:15:00,1035.436806619081,1038.6664115711058,1034.344681068995,1035.5793915962722,7365.7611492194455
2025-05-25 10:30:00,1041.9665891994662,1043.6705699385213,1035.5490931455065,1035.9686609044368,8917.346299003671
2025-05-25 10:45:00,1050.5322239565207,1053.7979332262998,1045.8692235548451,1047.1904629048272,5008.6260600575715
2025-05-25 11:00:00,1051.5573835111197,1056.612792723651,1044.0456832065547,1052.9723838617294,5795.036443822546
2025-05-25 11:15:00,1089.99748084101,1095.378821012115,1084.1635132017677,1090.4145688734761,6997.6024919550955
2025-05-25 11:30:00,1067.9141923891464,1078.2385721920318,1064.4985374345752,1067.5514725148746,1870.179323985226
2025-05-25 11:45:00,1066.2897105062439,1072.7270315977587,1061.1012650755492,1068.3543705580096,6912.894477983698
2025-05-25 12:00:00,1066.008820679672,1068.4718363291636,1058.0416465872438,1067.7993229260494,9391.782896268505
2025-05-25 12:15:00,1069.9029577992792,1074.920464464085,1065.6032705699677,1064.7201000825146,8443.261417164324
2025-05-25 12:30:00,1071.686413031724,1081.8344314773788,1069.4409678489606,1076.2283016063477,5323.331390591188
2025-05-25 12:45:00,1061.0999244106233,1069.436197603467,1062.05835923303,1069.9207223408093,5024.805728932342
2025-05-25 13:00:00,1073.7686688691867,1074.1480408720558,1067.445435185875,1067.9990823096814,9819.907258003559
2025-05-25 13:15:00,1039.8516219558624,1046.5174490653942,1041.7221118736127,1047.455061345419,6149.548283794963
2025-05-25 13:30:00,1060.60758595936,1061.2941691458354,1049.8977635626964,1052.2892952633135,6533.557445531072
2025-05-25 13:45:00,1039.9556433072855,1039.496638606814,1030.9730174819047,1040.070079286915,3873.6370469156227
2025-05-25 14:00:00,1014.1250705596548,1024.8890023086449,1015.247693294457,1021.1798277428792,7049.940851345119
2025-05-25 14:15:00,1016.2270925039924,1020.9694010756956,1008.5870194979422,1015.5295918148294,534.8321187961219
2025-05-25 14:30:00,1043.7351768117248,1046.756583051384,1033.4776711640882,1042.4174049082692,4563.481891832419
2025-05-25 14:45:00,1013.9275034442492,1025.3738007294755,1015.7775902900684,1021.6571982198966,3992.0006409280577
2025-05-25 15:00:00,1037.2585558512421,1045.475582710378,1036.0532048183618,1043.908205031663,1371.982168200869
2025-05-25 15:15:00,1032.3710823405995,1039.0998091395732,1033.4922691988259,1032.222728007069,2510.57685451836
2025-05-25 15:30:00,1040.7460706506392,1043.0674843119893,1033.5121990238015,1042.2718631569296,7868.3458245931
2025-05-25 15:45:00,1051.3396305935576,1060.0410493323502,1050.4749655732908,1052.2160212356946,2509.375728145001
2025-05-25 16:00:00,1059.7227294838578,1064.859978991606,1052.270219905081,1062.3152658839829,1961.9740593790875
2025-05-25 16:15:00,1023.8328323986968,1027.4669198561335,1021.2095525201487,1020.2873440548185,9255.747608941598
2025-05-25 16:30:00,1029.168271658553,1035.5832399998726,1028.7686528169509,1034.0103195363313,7612.741891074226
2025-05-25 16:45:00,1039.326803349115,1045.695290982899,1038.667275728961,1047.3913670973184,3788.528762441522
2025-05-25 17:00:00,1063.077608278557,1066.8777441624497,1055.537636194873,1064.367581251508,8588.72439042633
2025-05-25 17:15:00,1078.2903522619856,1087.6082120083945,1077.7604723353215,1082.915939066316,4677.816416292894
2025-05-25 17:30:00,1047.4541700226123,1057.3265165438393,1044.4101775785848,1054.5268444287738,5781.249506208081
2025-05-25 17:45:00,1007.1537599646724,1014.7559650061137,1007.4650906874473,1009.9597636105588,2517.4253189637743
2025-05-25 18:00:00,1001.2456425796645,1007.4232243268333,992.8454645146949,997.0464123434305,9702.818916232241
2025-05-25 18:15:00,984.1147251585132,991.2333596558266,981.8397666544862,984.874243449075,7826.4384748796765
2025-05-25 18:30:00,974.394408757833,984.5455527649357,975.14167441047,973.8215066866451,8727.94783757388
2025-05-25 18:45:00,985.9848755036243,990.6659937887341,985.5135026950445,991.133678563446,8183.879697634322
2025-05-25 19:00:00,998.460608247969,1000.4653997714007,991.6861857282688,997.3654847420464,1105.4233468772327
2025-05-25 19:15:00,986.6348765837291,990.973078798494,980.0353530067755,978.4671176302788,5789.002430086728
2025-05-25 19:30:00,973.7975305012685,978.8592798919518,969.8371516248045,971.0513684757167,206.91451097201647
2025-05-25 19:45:00,975.9505068930877,982.9025445230501,974.0029629483272,978.0963410239922,5532.568943392797
2025-05-25 20:00:00,986.3000194587469,991.5427097829472,980.003026550573,981.3312463236953,2672.8574589502678
2025-05-25 20:15:00,1003.1668152948871,1003.7494624352819,994.8850548684177,1001.7130259692051,8717.375704036858
2025-05-25 20:30:00,989.5215718146485,997.9277957153049,987.8963308811369,991.5481841780863,2665.231249269773
2025-05-25 20:45:00,993.300010031955,996.5390315257125,987.2673360625463,995.3794193411354,4081.0133551849062
2025-05-25 21:00:00,991.2729056067681,993.6136353862281,984.4524200245028,988.2179566882023,8085.349621254012
2025-05-25 21:15:00,985.795995439501,997.3776690268329,983.7388945397064,987.4027873422641,7953.7831784787495
2025-05-25 21:30:00,983.2367709399338,986.2740153527398,976.058166530747,979.9464898131946,7835.502456966105
2025-05-25 21:45:00,989.6311588901118,996.354284045316,988.7923519905315,987.034680736557,4753.95738462559
2025-05-25 22:00:00,1009.4194715199076,1015.1822419295984,1003.5495652067673,1004.0283188565187,7957.233778007396
2025-05-25 22:15:00,1000.6841048520974,1007.8399763172379,996.5640229971829,1001.0178512879403,4902.4971974895825
2025-05-25 22:30:00,987.7710066178122,991.0235205993467,985.2292842836891,992.3193830191079,954.8353593621387
2025-05-25 22:45:00,994.3674432767803,1003.8548008297836,993.094546665988,995.0441703995236,5045.017313619086
2025-05-25 23:00:00,989.454488363744,994.7092304336951,980.3556135497133,983.308639397256,3781.6000200176445
2025-05-25 23:15:00,976.0155582635138,987.7825591950275,974.9733960558262,979.137054446166,5502.860632080776
2025-05-25 23:30:00,996.2575309180775,1004.105515092559,992.685459717531,1001.3555857007198,9233.555881564804
2025-05-25 23:45:00,985.4638999025217,993.6728502407661,981.8706704362281,991.3509907884031,9029.958603412075
2025-05-26 00:00:00,953.3351074433428,956.3685223225511,946.2221198005195,945.1548605436244,7229.782192515738
2025-05-26 00:15:00,953.1359771175507,952.9434547855064,945.8217085572171,949.9948013568494,3988.6684771912123
2025-05-26 00:30:00,949.9847584772438,954.6892276971695,944.2980931449541,951.6878685538244,5326.297010695435
2025-05-26 00:45:00,940.8444700339104,949.25393397901,938.5761854179235,945.0579473983813,991.2012467412922
2025-05-26 01:00:00,960.5161921051074,969.4338609706354,959.7530478033649,960.858389845433,3165.5392359760663
2025-05-26 01:15:00,944.8827152611336,953.9223389963565,942.4024227079515,950.5180153799589,1880.9253296931224
2025-05-26 01:30:00,939.9281732277495,946.2312174797872,934.0208445872219,942.7440214499516,8549.952399558246
2025-05-26 01:45:00,940.1659136667806,950.2235911217247,941.8245647087087,944.5301545699172,3024.4412884807657
2025-05-26 02:00:00,920.489744030143,927.565634081394,917.3813543028016,924.0166451524018,8838.044290805634
2025-05-26 02:15:00,895.6950682931647,901.7959678959188,893.2465917978831,901.1891237431007,1479.9642203363267
2025-05-26 02:30:00,913.5527288440825,914.5921221414816,902.7341320717289,905.608259056638,2325.597130336346
2025-05-26 02:45:00,913.9312740238919,915.7669169353223,908.1814328618021,917.8947880885672,367.2139590345992
2025-05-26 03:00:00,905.9995431682308,918.5651202391222,906.0294271439709,912.0673899153232,1944.6305791836348
2025-05-26 03:15:00,954.8254244130422,953.3080614791093,944.9021678320072,954.1328163566845,6706.095957183222
2025-05-26 03:30:00,950.1557520959541,954.1380188614364,943.966718424753,950.2205189164722,4969.04587827421
2025-05-26 03:45:00,950.2972023579217,956.1004860651466,944.0726105877709,953.6467095403185,1501.554206881165
2025-05-26 04:00:00,965.9349295754618,974.822830911021,965.9821077037841,969.9128700279831,7453.433537390246
2025-05-26 04:15:00,988.8899064346858,989.8615575189198,980.3453321056252,987.2743085141782,4698.742587149984
2025-05-26 04:30:00,974.3033761906471,983.8158043548046,975.0206605747746,977.5606436985943,325.7747544986215
2025-05-26 04:45:00,969.0066875459014,974.8875815458127,968.1263075638566,966.9587961023699,9203.755455883915
2025-05-26 05:00:00,990.4448659681995,995.0116942632591,981.3192031729702,987.4748937763412,7431.631671546517
2025-05-26 05:15:00,1016.5707298585852,1017.4355543245954,1008.1038501105365,1014.222365257948,9184.820457715889
2025-05-26 05:30:00,1020.6070563271603,1024.7614528523484,1016.4366844973866,1017.6428552611744,4613.752261619259
2025-05-26 05:45:00,1008.5807556298793,1008.7981422688288,1001.4287918382796,1001.3569167617889,8916.682945906825
2025-05-26 06:00:00,1018.6932699611707,1021.7476259250915,1014.1916215739024,1021.486195887436,9259.141465724024
2025-05-26 06:15:00,1023.250326367127,1027.9079834341783,1020.8539326396835,1024.935834652643,3047.479564768176
2025-05-26 06:30:00,1060.3334900284747,1062.4473969250685,1054.2407184299998,1057.522001917727,2691.163202145438
2025-05-26 06:45:00,1072.6663525285255,1074.609083983442,1062.852387556509,1069.254441779083,9708.266044202686
2025-05-26 07:00:00,1049.5847214010248,1056.607633802366,1051.1341715380468,1057.1694591704525,2389.9682764911963
2025-05-26 07:15:00,1045.0481423918898,1043.5006073375773,1038.8058308475718,1044.5684619453395,114.89078596024501
2025-05-26 07:30:00,1024.428971437758,1029.9951305582535,1018.233038551261,1024.6861433304841,2018.331010101354
2025-05-26 07:45:00,1028.269054487006,1031.1207659536967,1016.472048619878,1026.2629237932483,8212.347027525684
2025-05-26 08:00:00,1029.5891974891567,1030.6031590000835,1021.1790466356701,1028.836643964795,1368.2852301907692
2025-05-26 08:15:00,1013.2105741218093,1019.1247489811839,1013.5867167039103,1021.3399021447515,6729.779653576089
2025-05-26 08:30:00,1013.4593937856606,1017.6685457767773,1009.7876386280963,1018.278362218472,9791.709380322101
2025-05-26 08:45:00,986.4791939233248,992.5189615913467,984.015782436298,991.3658422375121,3829.05142173661
2025-05-26 09:00:00,1016.729686329968,1023.7814125845725,1016.9549423443887,1023.0680968158089,7453.850122382557
2025-05-26 09:15:00,1030.986254571516,1037.326459174991,1029.9058759967888,1030.146001566647,9795.999660883432
2025-05-26 09:30:00,1004.2882278370918,1004.2853161548153,999.4213337219876,1003.4538102062172,6297.466311717508
2025-05-26 09:45:00,978.197659782978,979.7155899187537,971.0910929050539,969.4688433781483,5509.359004916831
2025-05-26 10:00:00,990.244411592795,992.1160402949698,982.829122593866,991.597283395093,4206.582242916299
2025-05-26 10:15:00,970.5894328213916,973.8951239152221,967.8024566182274,966.948133585955,3315.645468929161
2025-05-26 10:30:00,972.9650626579595,982.7646538289506,969.9678256295446,971.022815349335,8750.564446975462
2025-05-26 10:45:00,981.5239257213726,986.1810832119012,972.2962862424388,976.7724987807518,5947.552754898191
2025-05-26 11:00:00,990.6153878118336,1001.0475526829339,989.2143432967673,991.0496080875371,642.6427190520667
2025-05-26 11:15:00,1027.7551034267465,1035.4131797541074,1028.1207120278818,1032.6016788409283,3332.8605416130954
2025-05-26 11:30:00,1020.245554450927,1030.01296760107,1020.0792597816531,1025.8419445589027,5935.853781803402
2025-05-26 11:45:00,1029.8711238685275,1036.1817378806625,1027.4524242378352,1034.2514506357425,831.1024918118628
2025-05-26 12:00:00,1051.3314816275104,1053.2890928781837,1045.4993518734857,1049.587703438508,346.82005476002917
2025-05-26 12:15:00,1047.2493553649992,1055.7796804441343,1043.7875991396309,1053.8512144339431,669.6889593775749
2025-05-26 12:30:00,1044.8487609552622,1047.2818935815674,1032.5403300737155,1036.554896519859,6929.636402410799
2025-05-26 12:45:00,1008.1743533091317,1015.6310474386256,1005.0956519812347,1016.4124936909155,7903.6621583132455
2025-05-26 13:00:00,1009.8682377822549,1009.8793253623905,1002.5548569574663,1003.0106225258356,4173.407567615053
2025-05-26 13:15:00,1007.0652964809677,1014.3413262978193,1003.0262443603232,1009.3275632916949,417.15911728511537
2025-05-26 13:30:00,1011.9072331126285,1014.4051436887025,1009.0356517135842,1009.426748114516,538.647786127467
2025-05-26 13:45:00,1001.7671833667512,1003.6489014852033,996.8713772826223,995.1844358685872,7884.014859791236
2025-05-26 14:00:00,982.7044528288714,989.7239789029302,979.3982604184168,982.564291116193,6933.301079377785
2025-05-26 14:15:00,1024.5248122118996,1027.1454921214856,1015.8683264691391,1023.319278200576,9431.346288188028
2025-05-26 14:30:00,1019.7846848031423,1024.1820992649743,1017.222981055441,1021.2452756557399,6905.051041663078
2025-05-26 14:45:00,1027.422170693991,1030.185877958091,1017.1490598451293,1021.533588814996,212.97580071933106
2025-05-26 15:00:00,1008.5226307920594,1012.2971155193305,1003.3907670355771,1009.4885841137173,2671.3628883124984
2025-05-26 15:15:00,999.5040838450099,1002.356496646192,993.8375760086634,996.9155670310187,3804.5567040267338
2025-05-26 15:30:00,1008.5509787136755,1019.1761412740839,1007.3345130763247,1017.1111156649991,5550.126932654417
2025-05-26 15:45:00,1021.6935872824777,1029.559522904048,1021.9573527559115,1030.091675168359,1781.991368956183
2025-05-26 16:00:00,1029.7559967026039,1029.7038195343998,1018.8628513106014,1023.359556020827,168.78873512645052
2025-05-26 16:15:00,1026.115650798025,1030.1118597369673,1019.2768424840917,1025.2032007991709,4136.3351816299655
2025-05-26 16:30:00,1033.2970974771306,1040.4336214932948,1026.1778878801988,1038.2425305651598,5539.0789953204085
2025-05-26 16:45:00,1063.9383600492488,1061.857356540497,1056.1243549544145,1060.8982779975463,9210.660429661828
2025-05-26 17:00:00,1030.6139747411062,1040.0237769426574,1030.9754607705024,1034.4572695565948,6835.841678801723
2025-05-26 17:15:00,1050.2304644452772,1053.0519409112837,1039.4407540315724,1045.1137125158432,8321.788694718689
2025-05-26 17:30:00,1048.144710978095,1050.296768435961,1042.3477438986295,1042.992491860017,8577.728633353627
2025-05-26 17:45:00,1072.6425736037168,1075.9820284810885,1068.3746253615036,1074.9877976825737,8756.930496087634
2025-05-26 18:00:00,1081.2072819748128,1085.042924489248,1070.6885103103436,1081.3845756128605,7961.6507724317
2025-05-26 18:15:00,1087.676760812538,1095.087103027783,1086.4521519279915,1094.7754937987374,1659.6502993191475
2025-05-26 18:30:00,1062.131065217828,1068.78383134228,1063.8430713103337,1063.3586078543274,1653.524661938785
2025-05-26 18:45:00,1084.1418933353777,1092.4156550123632,1086.0224662897965,1087.8150464819746,1296.0570132927198
2025-05-26 19:00:00,1104.8889219123764,1108.2263894351597,1103.1242084413295,1102.3040739852884,7273.170479363504
2025-05-26 19:15:00,1107.762760098522,1109.4298131298426,1099.556621820513,1103.196723807092,9835.65758607113
2025-05-26 19:30:00,1080.670488908068,1088.3339829089794,1082.471341368348,1083.3210308198236,7528.876464762768
2025-05-26 19:45:00,1071.2947262039002,1082.9158557239546,1069.4038086012786,1073.6379571194477,1219.5682635361518
2025-05-26 20:00:00,1065.2616687001816,1066.4943303344537,1053.6625461002013,1058.612317861777,4592.36558322442
2025-05-26 20:15:00,1057.2640563426999,1064.2004291460705,1055.8750954240973,1063.3939381046587,7502.856363665336
2025-05-26 20:30:00,1056.4942305769266,1061.5136769097935,1052.3354638229325,1052.1954396754302,5335.901884334535
2025-05-26 20:45:00,1061.3275211962994,1068.847394522032,1054.6537269398534,1060.1617009753468,4056.2783721455307
2025-05-26 21:00:00,1079.713221405659,1087.507239744101,1079.667233859534,1085.9098899837911,2797.5365644303015
2025-05-26 21:15:00,1054.9146306804614,1057.7015820131285,1045.9108955154645,1049.4089800595202,6197.684268194399
2025-05-26 21:30:00,1064.7844773030756,1065.376429186913,1056.833130270142,1063.7927382848125,6882.46243999992
2025-05-26 21:45:00,1047.8808209524427,1048.3492776269245,1036.9703039868973,1047.2800470276707,216.23162539185245
2025-05-26 22:00:00,1050.529478271284,1053.930615796027,1045.4486846412744,1052.3231225567213,8843.077921644468
2025-05-26 22:15:00,1037.0010576126872,1048.0592608148672,1036.7069040747183,1038.0940549941631,7422.140542344106
2025-05-26 22:30:00,1051.5579653894565,1055.4583792891451,1044.531445463837,1047.6952205858972,4185.837197180665
2025-05-26 22:45:00,1045.438423979533,1049.130526447375,1036.4688906716497,1046.3124178425594,9303.664767253447
2025-05-26 23:00:00,1051.3056492465919,1054.323258013793,1041.346126699956,1046.6320398641255,3555.54782330047
2025-05-26 23:15:00,1069.1482293105107,1075.465912050995,1068.1741715253802,1075.7887748279413,4742.851947977002
2025-05-26 23:30:00,1080.0546763899413,1084.6109664534824,1077.0181074884713,1086.0843906844602,4986.540197935781
2025-05-26 23:45:00,1060.622013873554,1059.200180642215,1052.357709027543,1060.4409846293909,8945.700816083156
2025-05-27 00:00:00,1036.5047782918339,1046.7499911528705,1033.5813125847178,1036.1279787867431,8042.576668723058
2025-05-27 00:15:00,1018.7912642555272,1026.0378631657634,1016.5677883161113,1019.2133086330516,4304.852006240383
2025-05-27 00:30:00,1010.0356258582232,1012.5790203668076,999.2055941095753,1002.2712420709282,5810.967144431161
2025-05-27 00:45:00,1009.8220586192637,1017.4422125105007,1006.4246302268562,1012.229404508383,5029.704196524576
2025-05-27 01:00:00,995.4802371929982,1003.8024937707844,990.453147198497,997.0299838388743,7023.189998495886
2025-05-27 01:15:00,1014.078927533135,1018.3371591284905,1008.8870619969691,1011.3993693701957,2942.2517458851253
2025-05-27 01:30:00,997.6436744278978,998.9082596606662,991.0540126161244,995.1585955309821,5714.675842988672
2025-05-27 01:45:00,1024.601545979994,1023.5874971903608,1012.4383711120709,1019.824587443057,9876.064269136568
2025-05-27 02:00:00,1027.5020331902256,1031.9827462197254,1022.2269528272005,1025.6002925233613,4109.21060646849
2025-05-27 02:15:00,1018.2078901727008,1027.5292561995138,1019.6619697152352,1018.6044333408154,2753.006261813907
2025-05-27 02:30:00,988.465473875846,990.4369544320266,977.3991277304265,985.8437816584922,4428.945897492563
2025-05-27 02:45:00,997.6121186258987,1004.9150851142732,1000.0070050087608,998.6603563244455,4199.771598772547
2025-05-27 03:00:00,1003.0484676432073,1003.4873633571882,993.4818601877779,995.3663619728815,1497.6055935988188
2025-05-27 03:15:00,1006.8782404056625,1006.9493671633246,996.647967848963,1002.538551621845,7318.719247408151
2025-05-27 03:30:00,1013.7739054811943,1017.1886525746944,1009.7271199140647,1017.2639686342349,5382.213989569156
2025-05-27 03:45:00,1011.7309813084103,1012.556508233453,1006.4322413549062,1013.9670005837041,7753.205961615672
2025-05-27 04:00:00,998.8863610310362,1004.3144779152756,993.6421421444393,1002.0014868357979,5740.788802301136
2025-05-27 04:15:00,1013.7191636695973,1019.5500401723997,1005.5627593087155,1013.7991437864468,9653.21343483812
2025-05-27 04:30:00,1006.9993363765436,1009.8020317947987,998.7650343785614,1003.8862091071846,3399.424722497858
2025-05-27 04:45:00,998.534192169648,1002.4193796927779,996.2796088718346,1000.7480809983686,4990.153247221969
2025-05-27 05:00:00,985.3424599339953,989.1258392192595,979.3250793878763,982.6829674703174,7274.877802717054
2025-05-27 05:15:00,984.0668305351874,993.6053442967444,983.3375829259023,989.8324409447172,2876.994004838186
2025-05-27 05:30:00,970.0119024339577,978.5160613347181,968.9307685080544,968.6970387950703,8949.567706060798
2025-05-27 05:45:00,963.8881558272462,970.1417927477961,963.3708873666964,969.5395323279362,2618.4357575396007
2025-05-27 06:00:00,978.5834410973588,980.1450245363008,971.8335474048039,977.4235910355507,7173.565789799402
2025-05-27 06:15:00,961.5565181930742,964.0835639372541,951.9136374305855,959.2519459271787,3957.1952897838196
2025-05-27 06:30:00,972.9470790675465,975.694997267096,963.0104160202313,966.0044625539393,6331.943240126999
2025-05-27 06:45:00,994.1805871956602,997.9333536841399,988.5329247428853,987.9360686362918,2341.8758929985033
2025-05-27 07:00:00,973.7931122632633,984.6188798993301,976.2148909974038,981.6375483581769,3218.9029664021814
2025-05-27 07:15:00,994.6737605157749,1005.7123343583871,996.5750206053567,996.5684455797335,657.7534111220768
2025-05-27 07:30:00,1026.7111013940719,1025.4045266761664,1016.4283741517854,1024.8852108023411,9149.289463068648
2025-05-27 07:45:00,1044.3587124923617,1044.4209425110953,1036.071334570421,1039.726580004929,8532.873305994959
2025-05-27 08:00:00,1024.828314808864,1033.0341195641092,1021.6451283654965,1029.3565550002452,3136.270371410427
2025-05-27 08:15:00,1037.7543644534182,1045.2524212250578,1039.718151162348,1046.000680763034,5492.703870732501
2025-05-27 08:30:00,1068.7008421169437,1069.8045353137077,1058.638816698015,1064.7743272514972,7542.969004505051
2025-05-27 08:45:00,1074.7243574949778,1085.1326703277343,1071.4507244507884,1072.860732489925,1004.3226132651456
2025-05-27 09:00:00,1080.627322068486,1085.7741726168067,1077.7563457342021,1076.057447459793,6602.331051694218
2025-05-27 09:15:00,1090.1164143506894,1099.0751156486167,1085.5711496070014,1092.7686720492939,7965.181895142784
2025-05-27 09:30:00,1086.4600496604176,1096.4876434220143,1084.3511885718817,1094.0762110795517,7226.547141330729
2025-05-27 09:45:00,1087.7894475804985,1093.614112542531,1082.8862052099205,1086.0746321253378,3201.11740761083
2025-05-27 10:00:00,1062.665546430746,1067.135387337411,1056.7281548520964,1061.4677931178421,4803.59418474653
2025-05-27 10:15:00,1068.9077320881277,1080.1293061171293,1068.8688737210427,1073.438462342953,7206.376092649976
2025-05-27 10:30:00,1077.6650175386058,1086.5461701160984,1074.9202588320975,1083.2115200617245,5202.201651315177
2025-05-27 10:45:00,1080.8556788808655,1083.7668413856084,1075.6501924003944,1082.2652396912044,8320.069724686975
2025-05-27 11:00:00,1092.2344286096875,1095.0694846599886,1081.706752671457,1085.3055973342512,8954.11425618511
2025-05-27 11:15:00,1081.5692943840452,1092.4513866961456,1081.1294699586063,1081.4117290435158,3881.0093893141566
2025-05-27 11:30:00,1089.7689572892016,1095.045575543938,1085.6141967965925,1093.7201917957796,6307.162497091786
2025-05-27 11:45:00,1064.455511664162,1073.3067409847617,1058.0347164143102,1065.6775411876124,1973.6309494144548
2025-05-27 12:00:00,1058.568781986983,1068.4356861312187,1055.7796346263676,1058.5820116184677,9413.045919387656
2025-05-27 12:15:00,1047.701700923259,1053.0870730327724,1039.1827710092102,1043.0008307364644,3840.43089148393
2025-05-27 12:30:00,1061.6071018951013,1067.023329457881,1062.1093063914268,1069.1410139115085,8628.88718951372
2025-05-27 12:45:00,1093.4561701253988,1103.391906229549,1091.92326584821,1096.6778210334417,3491.0269985128452
2025-05-27 13:00:00,1109.9257019596068,1110.5668966452727,1103.3531524912594,1109.9920376417404,1374.3127863984976
2025-05-27 13:15:00,1115.682875177185,1116.2321688211819,1103.9967379312652,1114.2850605797687,8888.849184225877
2025-05-27 13:30:00,1083.853658353972,1092.0674143889523,1078.4347914417974,1089.4465805213197,9652.599894764295
2025-05-27 13:45:00,1093.1705780776585,1094.598641272357,1081.296049526722,1083.629204404186,2568.893550542156
2025-05-27 14:00:00,1097.5870195413422,1101.2138788231441,1091.7559508545658,1095.288952981207,1434.832497161606
2025-05-27 14:15:00,1097.4303337404453,1095.983121088555,1088.9852619446026,1091.5431136886477,1015.7791560582248
2025-05-27 14:30:00,1081.475065420034,1089.1776978492287,1078.7789217278926,1088.9315731742663,5202.434891862554
2025-05-27 14:45:00,1099.7556208574063,1102.868391687606,1091.8223008897228,1096.2843279903268,305.22675792448604
2025-05-27 15:00:00,1110.3221803652898,1111.9882071936772,1101.4228193590247,1113.007651963942,8631.136095313856
2025-05-27 15:15:00,1092.8253855418686,1100.791033369862,1088.4572553667829,1090.33842615274,2262.7245242065856
2025-05-27 15:30:00,1085.6562821352532,1095.0000271447807,1083.5803291279497,1091.673972086076,527.7275309040679
2025-05-27 15:45:00,1098.475885314071,1101.6989363558089,1093.2123620618693,1094.2383226853399,7941.777491262797
2025-05-27 16:00:00,1132.1023091867949,1133.0939002663506,1124.3432802598288,1128.1189403858048,6718.9716224932545
2025-05-27 16:15:00,1097.3852390864595,1108.9962380862335,1098.9252506669336,1104.440045828919,1231.8492090538841
2025-05-27 16:30:00,1112.8943118663428,1120.9517217469909,1112.194361570424,1118.932769289828,8026.836788555793
2025-05-27 16:45:00,1135.7322670692147,1140.933692534943,1130.4507133701052,1136.0723649883648,2352.400471428221
2025-05-27 17:00:00,1112.4637398899195,1124.8453959521476,1110.5383820897678,1119.4286709805829,7096.824992537634
2025-05-27 17:15:00,1113.970706923278,1119.549482194793,1107.3427313414008,1109.2003141926461,8069.629858671066
2025-05-27 17:30:00,1118.7384994678139,1120.0341818975521,1108.7301167767248,1111.3015886670446,2985.2267402254106
2025-05-27 17:45:00,1097.6426560580635,1103.9339588887824,1097.8338958810093,1097.3615483349017,3823.1998949545123
2025-05-27 18:00:00,1096.5794582061628,1102.0053789501576,1090.8984694651747,1097.9669538995922,3715.1316546613216
2025-05-27 18:15:00,1115.4608522814156,1117.671240379934,1106.919725035799,1117.5887555792572,7222.499412402221
2025-05-27 18:30:00,1121.287624623419,1128.5633257480106,1120.4463849818646,1124.0822239710133,4284.6705333577265
2025-05-27 18:45:00,1117.8556031060202,1124.1307930167338,1114.1875450751338,1118.3572407183742,1315.9320549038148
2025-05-27 19:00:00,1110.4214531540504,1115.6368928557858,1105.3954273671295,1108.3675286316434,168.7491184055643
2025-05-27 19:15:00,1132.2412921818348,1131.2408600802075,1123.2803776486246,1124.5879989736914,5773.310854088705
2025-05-27 19:30:00,1141.195755349569,1150.7680383808115,1142.0312266392514,1142.5383716452334,6755.794478239557
2025-05-27 19:45:00,1152.878916474262,1161.3404638062768,1148.7510728659788,1156.3547305295906,1932.083732750006
2025-05-27 20:00:00,1164.0331367527601,1168.9168244343766,1162.0106346950931,1166.7674385062703,4774.701488830473
2025-05-27 20:15:00,1197.7185086309769,1202.4314554392474,1188.628752509333,1193.3816357964938,2544.6558335515215
2025-05-27 20:30:00,1213.5035598011677,1215.92482810646,1204.9360956625314,1209.6128497061625,6572.343622639595
2025-05-27 20:45:00,1225.5841882805114,1230.1073313379547,1220.257864163837,1225.1194958782314,8850.825798751468
2025-05-27 21:00:00,1213.9306178283132,1212.1607621304734,1203.8390873379396,1205.7021989067555,5130.4203905099885
2025-05-27 21:15:00,1205.8891709676095,1213.442239073861,1202.1521801898657,1211.4502198204236,8819.478019814824
2025-05-27 21:30:00,1244.4925105956015,1246.2250427398956,1239.1124921414826,1245.779140566915,4208.01380915943
2025-05-27 21:45:00,1244.2229770920983,1250.9545512316363,1239.0202199065197,1245.8441140133555,4565.370177767613
2025-05-27 22:00:00,1230.3234824873123,1240.842495728494,1231.6909480408337,1235.9874248163644,4786.3866392663585
2025-05-27 22:15:00,1232.4049593628467,1237.9799396454725,1224.8672291199018,1234.0500006935724,9334.84011763427
2025-05-27 22:30:00,1233.962515533889,1234.4016886787217,1228.2933950240479,1232.0296751464411,5182.909505936448
2025-05-27 22:45:00,1234.3743873531084,1240.5897439309108,1226.9946676283735,1229.1886016602932,8831.471546410778
2025-05-27 23:00:00,1237.191513763122,1237.0591992600364,1227.7587045120038,1232.1829341016319,1603.1832853031895
2025-05-27 23:15:00,1225.822647979789,1234.713783142088,1222.7005814214613,1228.7185309081851,2463.2211443607807
2025-05-27 23:30:00,1243.431470670025,1250.587701124364,1242.621831247578,1249.4076829976825,9346.169716335291
2025-05-27 23:45:00,1234.306727143861,1240.1262000774595,1230.993383543582,1235.135922016306,8184.4780833407085
2025-05-28 00:00:00,1264.870745892616,1271.605566508944,1263.4577341376446,1271.7105479974025,7346.092430379683
2025-05-28 00:15:00,1274.9555525136284,1278.6267931406076,1267.855593309861,1271.4836469922707,2440.2986381607298
2025-05-28 00:30:00,1276.4880466387576,1286.0571696145878,1272.2217487010425,1277.429470105473,4579.692822210613
2025-05-28 00:45:00,1276.5829218557374,1286.0116930079919,1276.906320723968,1280.227173711566,9747.59717426424
2025-05-28 01:00:00,1286.1182074829712,1294.6776029820646,1286.2430009118348,1289.1280689521825,981.6961364797087
2025-05-28 01:15:00,1293.2668738440454,1294.7912969958704,1283.0933920838208,1290.1272371661832,6390.621244581761
2025-05-28 01:30:00,1291.863561293517,1299.2380347927974,1290.3349768686553,1291.721915992607,6439.843326633457
2025-05-28 01:45:00,1283.0281233571918,1286.3142483584238,1276.4489337643897,1287.4107226791903,9930.133425779451
2025-05-28 02:00:00,1263.1608923508315,1264.8159858882932,1252.7443089149476,1256.0651712742656,6532.701609685223
2025-05-28 02:15:00,1270.8098935729865,1278.2409178525709,1267.0776705455394,1272.733294567182,8148.445237323575
2025-05-28 02:30:00,1282.9076908944614,1292.0998343684234,1279.329925606216,1287.265292476286,8614.730437038832
2025-05-28 02:45:00,1288.6152969959319,1291.1841254034762,1279.740607672092,1281.9933424675323,2929.8821967610143
2025-05-28 03:00:00,1291.0804591123251,1295.895684297967,1285.330840101294,1293.3410601738826,2037.9586356975992
2025-05-28 03:15:00,1284.7466193855273,1287.3568316705955,1276.8057384144354,1280.515066283019,7917.216178663228
2025-05-28 03:30:00,1284.3515121517787,1291.077435599754,1280.866909279665,1284.1173862089677,7298.407379985668
2025-05-28 03:45:00,1290.9874525791327,1299.2060702733254,1289.8993168257457,1288.248841799899,5427.249854090545
2025-05-28 04:00:00,1304.5643220311586,1309.8958973269414,1296.6376857432383,1302.3971977907522,6288.147702272124
2025-05-28 04:15:00,1285.1504946241369,1291.6290589639368,1282.2223361351957,1283.5166887356115,7713.299714021316
2025-05-28 04:30:00,1270.110378590937,1277.0703559556769,1265.7097270754932,1268.115690830745,7001.5089221288645
2025-05-28 04:45:00,1292.0474436159984,1292.5004003566899,1285.0858521633706,1284.310756808041,7962.60682804837
2025-05-28 05:00:00,1286.9463246326206,1290.2470330643023,1277.7207712935933,1284.402700909473,5734.8484642462245
2025-05-28 05:15:00,1295.3859269557881,1297.6962602612307,1289.0792507350798,1293.7392525964774,9697.596770042903
2025-05-28 05:30:00,1327.0711633686756,1330.5302673977142,1319.497340548406,1325.0750624554184,2387.966104135252
2025-05-28 05:45:00,1342.3865059555885,1347.9754221991584,1337.01930273636,1342.727706485922,1325.8261755295007
2025-05-28 06:00:00,1358.6759534005262,1366.2925662299238,1353.3722001293036,1359.3802066320736,8640.490380509236
2025-05-28 06:15:00,1360.570962835851,1358.5581395403542,1353.352690419942,1358.3578621973732,4543.872820965993
2025-05-28 06:30:00,1328.8938154911682,1337.043180484746,1325.4329166282455,1326.5392311152555,1055.9123187776952
2025-05-28 06:45:00,1321.4577095206846,1323.9080077402175,1313.781840914608,1320.487156679125,2365.26072098986
2025-05-28 07:00:00,1325.331006395249,1326.3334509102053,1317.7825025667378,1322.2634293677013,7473.728682763565
2025-05-28 07:15:00,1321.5324041483357,1329.6883825427171,1323.589232468502,1327.7978935434066,8010.470413307657
2025-05-28 07:30:00,1331.1179091939377,1338.2174178980722,1329.1788003054285,1337.4608681182508,1927.7918769279604
2025-05-28 07:45:00,1326.3044793789957,1334.9870755552058,1321.4987242309044,1326.0646381333356,3996.6251693727004
2025-05-28 08:00:00,1336.1472107679513,1347.847089163913,1334.8459466660383,1345.0903547779933,7986.013146353689
2025-05-28 08:15:00,1325.5307373330088,1330.5763578145095,1319.2925261239288,1327.3528773305347,3315.5641789911874
2025-05-28 08:30:00,1314.4695593145661,1324.6421159115926,1314.2516200252383,1318.1570504151414,6817.796205756293
2025-05-28 08:45:00,1290.1794505601501,1299.7761084335016,1286.2860470567032,1289.0732846053763,8995.17459451089
2025-05-28 09:00:00,1294.2451970992604,1297.2450199508387,1291.5843927986289,1289.2996976755971,3771.1490827043035
2025-05-28 09:15:00,1304.7889929857067,1309.3383334820917,1298.4940397826026,1306.861625147221,7512.192038253413
2025-05-28 09:30:00,1326.6727966949015,1332.8798298624868,1318.1982742421258,1324.1006322436729,7534.216538014761
2025-05-28 09:45:00,1308.6159843203257,1312.0227546415592,1307.4995613950723,1308.0095696781493,9147.536833945947
2025-05-28 10:00:00,1324.8496662147097,1330.9918400031129,1317.3655180975645,1323.6281399989462,3771.367825845502
2025-05-28 10:15:00,1342.7304716219799,1342.8134994725988,1332.1850643165822,1338.6317017895894,9224.221648334998
2025-05-28 10:30:00,1322.3391217589408,1327.4744106033963,1315.3731723420722,1317.1702488305089,148.4563012246704
2025-05-28 10:45:00,1323.4549907557991,1321.6268084375859,1315.9782528553692,1318.4344050860486,1331.3073866506015
2025-05-28 11:00:00,1332.6780156285909,1336.1753495750015,1323.889299535241,1328.9454060303356,7690.632154489764
2025-05-28 11:15:00,1304.41023736725,1306.2601923508541,1296.71714816795,1300.7478403089717,7418.92421386898
2025-05-28 11:30:00,1291.4907382404383,1295.4653910119391,1283.612494094167,1285.41875623836,580.5669176239168
2025-05-28 11:45:00,1281.9521978217354,1288.3079490485372,1279.2711030225873,1283.5183301120057,4578.9889121503475
2025-05-28 12:00:00,1301.9670886509693,1309.8818958463266,1302.1712643046767,1309.0961622501027,3948.3252196241356
2025-05-28 12:15:00,1295.6697522259187,1296.6656359154495,1285.2097512728353,1289.3813543504593,6897.075082115614
2025-05-28 12:30:00,1295.9961873317573,1304.4648011856818,1294.183216696754,1296.3451529747865,4454.820461791398
2025-05-28 12:45:00,1304.120759522535,1311.3495844565648,1300.568447294838,1300.240604222386,9698.433461139353
2025-05-28 13:00:00,1300.5592543047098,1305.9499710538637,1296.15106080014,1295.4779518251278,3775.1028041555073
2025-05-28 13:15:00,1307.3962600712093,1308.5989516098468,1300.1855864297152,1302.3145358835088,727.3369708578468
2025-05-28 13:30:00,1306.0706181781977,1306.3370070802662,1297.6547861484946,1302.5963552757198,7434.378551380767
2025-05-28 13:45:00,1271.3635322106559,1276.0746022445885,1268.8265758273224,1272.7047837528708,5096.641085381841
2025-05-28 14:00:00,1265.5121601333988,1270.382543412456,1261.0926430337631,1260.31977045484,2659.1520182089766
2025-05-28 14:15:00,1283.8603187861427,1289.6202978342626,1280.0878415682766,1285.9304834097104,748.8020708953148
2025-05-28 14:30:00,1295.209892792221,1301.704800513309,1292.6717455327853,1293.350783252896,2373.382875607366
2025-05-28 14:45:00,1312.8642192206287,1322.6858674152002,1314.1689854360418,1315.106877062958,6094.4980741474155
2025-05-28 15:00:00,1299.1543269544359,1306.0024253035358,1296.8782975997954,1306.690654823647,1871.2472018636222
2025-05-28 15:15:00,1313.3064686679525,1318.5522261894862,1309.2600958117023,1314.7479480998707,1578.0813059963623
2025-05-28 15:30:00,1319.734607377645,1321.404897527268,1307.8785739008108,1311.6029788430492,8088.78228058138
2025-05-28 15:45:00,1350.1802908695142,1354.6842314594678,1343.4327491422405,1350.8967318420684,1811.8585813769619
2025-05-28 16:00:00,1352.4683951439092,1362.5947686264162,1347.9019809057309,1358.1976827821754,2807.0923138565486
2025-05-28 16:15:00,1375.0732730720463,1382.6074029475549,1369.0050757499566,1376.352323176239,4039.5833941120663
2025-05-28 16:30:00,1382.011672400919,1387.2009820853943,1382.4702284456923,1380.4937604815275,5457.3976586837525
2025-05-28 16:45:00,1383.3503508321342,1385.2306754625524,1375.9881675408762,1381.6076055357396,7698.67012440886
2025-05-28 17:00:00,1376.884022956079,1381.5485098270985,1368.2730606568234,1373.3897542925092,8066.020053452681
2025-05-28 17:15:00,1377.8175399263573,1376.8153416770986,1367.7226092977953,1373.8032391904267,434.30195462552825
2025-05-28 17:30:00,1354.6424196466971,1361.0571215460786,1348.603267754451,1357.4906885760552,9801.991896261059
2025-05-28 17:45:00,1366.1880030016293,1376.308800839883,1367.6221009663504,1372.6656682531855,6509.827553527199
2025-05-28 18:00:00,1372.4082355236355,1374.8906380420485,1366.7387591746217,1367.9066384500782,1729.9750487799602
2025-05-28 18:15:00,1341.218780685355,1345.7869162832976,1339.2099510878677,1344.0141531766299,3407.9209302590752
2025-05-28 18:30:00,1362.1391232024098,1367.8089515750914,1360.4921647229228,1358.8036534386379,8337.400032747164
2025-05-28 18:45:00,1388.2339250047462,1389.056587069427,1380.8695724478832,1383.2574749501737,540.3901518276073
2025-05-28 19:00:00,1409.530801976549,1411.8388747332963,1401.695091266427,1401.1010837529006,5722.422408175159
2025-05-28 19:15:00,1414.4663306737648,1423.8189178325545,1412.370638375443,1421.5423384663166,4941.85901608066
2025-05-28 19:30:00,1410.0706238492455,1417.961632789003,1408.4272631198194,1412.113655863985,3719.891565035034
2025-05-28 19:45:00,1407.5889921664768,1412.8186813513257,1406.784032721199,1410.9361014533195,668.3127491793713
2025-05-28 20:00:00,1396.9122042638548,1401.8827015807199,1388.963386716116,1392.3245319345874,5556.521405320969
2025-05-28 20:15:00,1400.7954233134117,1409.416890409232,1399.1242069029631,1405.6815839819772,4050.5637776606186
2025-05-28 20:30:00,1404.8242408697133,1409.9700164012966,1398.7191640958365,1409.0306879027044,8398.139026276085
2025-05-28 20:45:00,1431.2524833444538,1440.1117245380678,1429.6153421034758,1437.8125776220893,3334.923323653172
2025-05-28 21:00:00,1446.4459904728553,1457.8648138196688,1443.1113433077712,1447.8515542480504,8240.153510343556
2025-05-28 21:15:00,1423.6789225599082,1432.5181200284962,1422.4395621374256,1427.8518868524602,5300.88392587813
2025-05-28 21:30:00,1424.2981704807016,1429.365792355747,1423.7798633947114,1428.689878166937,2524.1318873596697
2025-05-28 21:45:00,1400.4827104698527,1412.3757739203156,1397.5867146893436,1403.1788216633718,1156.1476948524823
2025-05-28 22:00:00,1402.2537653827835,1411.4938467482966,1400.492846320472,1405.9096976937326,4182.799185453324
2025-05-28 22:15:00,1420.1650640872351,1420.706189801223,1413.5204081457443,1418.3510282115776,2477.098192598788
2025-05-28 22:30:00,1432.9019004062357,1432.1492967034696,1426.5644516750317,1432.9085825605505,8251.595073218657
2025-05-28 22:45:00,1449.3171352833106,1459.0048900554632,1451.315619356449,1449.6925940296455,2065.4662008942387
2025-05-28 23:00:00,1466.7981548598955,1475.4692575053193,1465.4656009737992,1466.7584370988886,1006.6435284325108
2025-05-28 23:15:00,1486.8632755274452,1494.2578695017894,1486.7493081041046,1485.100633127522,6115.512034555929
2025-05-28 23:30:00,1489.6630779718257,1497.003023440018,1486.4624294426742,1492.1850457797684,6912.3969682361785
2025-05-28 23:45:00,1485.9762626731326,1498.4767261510026,1488.2809796327078,1489.2427338303116,2049.627885417134
2025-05-29 00:00:00,1489.89138526598,1492.6004501010636,1478.6076962298719,1488.0915651580644,594.6801294628467
2025-05-29 00:15:00,1488.3103975269692,1494.6819480565487,1485.184487080774,1489.9959647477708,561.0992349885589
2025-05-29 00:30:00,1497.997932264507,1507.2505791347105,1497.3637992497675,1503.7589616023079,4221.529547347349
2025-05-29 00:45:00,1515.885580930546,1522.201186422581,1513.2560918225952,1517.246234934702,9446.418460920822
2025-05-29 01:00:00,1485.1528559300295,1492.6721259167596,1480.837218259607,1482.433808761477,4467.178123444291
2025-05-29 01:15:00,1486.5123854972394,1496.238174772695,1484.9988144902554,1487.1205158401672,2439.1274122822233
2025-05-29 01:30:00,1477.0004368905168,1480.332372571231,1467.0241169447659,1478.3706989136942,4154.697192071646
2025-05-29 01:45:00,1477.9506277639039,1475.4352767251005,1468.4258061856758,1473.8586254662919,7851.516872290982
2025-05-29 02:00:00,1471.7101584844188,1477.5854571287136,1468.5183285726687,1478.2341912706722,5966.573645462635
2025-05-29 02:15:00,1476.8461477358935,1482.3113956280802,1475.9085334012252,1480.416326376398,8878.401115590099
2025-05-29 02:30:00,1481.02036984359,1488.4831763495997,1477.549316853688,1485.3027931825907,9067.719364396216
2025-05-29 02:45:00,1481.6799756275332,1484.0265389550211,1474.4561304171914,1481.98596787828,6289.062972763598
2025-05-29 03:00:00,1483.634568362887,1487.0851492517347,1479.5347577695122,1478.3060160740727,5925.153063462172
2025-05-29 03:15:00,1475.279920739112,1485.3066639282729,1473.76452112975,1479.5934464948355,8513.05964764003
2025-05-29 03:30:00,1498.1368897578106,1505.5371530912116,1493.3016614862552,1494.2528169154687,2952.850496361013
2025-05-29 03:45:00,1470.5301656812533,1476.941532284916,1471.0255198890534,1476.1616253405257,7060.523050459544
2025-05-29 04:00:00,1470.0790720962664,1476.1740621307674,1465.434034373653,1476.3572180155231,7485.317860509333
2025-05-29 04:15:00,1482.7940897015196,1481.9269765976633,1476.237890121468,1478.3637465361219,6944.920520799216
2025-05-29 04:30:00,1532.5434224313515,1534.9733170727711,1524.0151132327917,1531.9750729847651,3900.237474353635
2025-05-29 04:45:00,1540.6356837766987,1541.4387475874596,1532.1345456202287,1540.0858831493,5068.453305461371
2025-05-29 05:00:00,1542.509740735212,1546.112578029624,1540.2296254764083,1538.8344685048307,5774.381581017163
2025-05-29 05:15:00,1533.3750353964895,1532.3426959595151,1520.4764553950813,1528.8780694326758,1907.6922633402644
2025-05-29 05:30:00,1514.8883661711743,1517.4328659207001,1508.1747325790243,1508.279788663424,1357.2945961503835
2025-05-29 05:45:00,1499.9367487765626,1503.7181338225234,1490.4218582722904,1501.054358781256,1069.9509506678362
2025-05-29 06:00:00,1498.1015810045924,1500.689316213029,1495.3308204185757,1497.2047615922727,1283.9706461915891
2025-05-29 06:15:00,1512.3794102040738,1520.8788982979886,1512.6729672683778,1511.6725725542651,9699.377666026094
2025-05-29 06:30:00,1491.4482181494966,1498.3646600676534,1487.8279511870398,1493.055512053709,7930.31198537858
2025-05-29 06:45:00,1518.1524157785107,1520.0724763596481,1513.583334118323,1519.0796455849518,9847.807881180357
2025-05-29 07:00:00,1515.0844793903816,1519.2184699629208,1511.5222300246753,1517.6838435521763,3016.5671835761686
2025-05-29 07:15:00,1531.796654061043,1537.6754391038726,1522.2922324532137,1533.022727867927,2989.9294211596193
2025-05-29 07:30:00,1552.1311920559915,1558.1020021572765,1546.4493335576567,1547.127302752834,3637.9576365954017
2025-05-29 07:45:00,1524.9165871878895,1528.4864414544195,1515.7629306230776,1523.9700749960105,4737.352212916161
2025-05-29 08:00:00,1518.915467057394,1528.2104530588808,1514.338484001529,1515.8171364727548,8622.730515477542
2025-05-29 08:15:00,1498.6569173385874,1502.496029353258,1495.60678176179,1498.5825431999676,6533.678647874765
2025-05-29 08:30:00,1494.333148540563,1496.824697066896,1484.3149979019036,1491.2182167896,2025.2452228514767
2025-05-29 08:45:00,1502.1647665666462,1509.5799557226608,1494.2102133934072,1504.5611784395844,8033.412347923202
2025-05-29 09:00:00,1489.1125183838697,1496.247720559066,1487.2727122416557,1488.567744042778,398.67220472827904
2025-05-29 09:15:00,1499.3170442658768,1504.852484058314,1494.740726181543,1500.0770134454535,320.9991400988895
2025-05-29 09:30:00,1487.511007940418,1494.4932432658436,1482.6974876294232,1486.2559190342035,1064.3202766077068
2025-05-29 09:45:00,1477.8853246209746,1482.0422577922666,1474.9916050270938,1478.2045294605932,2050.4315034467327
2025-05-29 10:00:00,1486.2478241483416,1492.6737440374102,1482.7522094499352,1494.2034693744704,846.1220938355358
2025-05-29 10:15:00,1483.7427631484056,1487.9042218107395,1477.3106073949286,1480.4923263795356,9099.79820434266
2025-05-29 10:30:00,1476.1425035359703,1481.0645404517547,1471.3446695951375,1480.0566756428875,2655.4225937255796
2025-05-29 10:45:00,1508.887016020742,1509.2128061310545,1502.288089766712,1508.958952027999,514.7355677174528
2025-05-29 11:00:00,1497.094189483259,1504.926835149924,1496.987977145301,1502.3793786056679,1914.1363989376346
2025-05-29 11:15:00,1492.4924926351994,1498.513968695566,1486.1996286279566,1492.5070963926305,6086.206455505576
2025-05-29 11:30:00,1525.1900225251416,1529.981762074833,1522.3281673870079,1525.3425058994208,8416.288168153984
2025-05-29 11:45:00,1508.9083062822563,1513.6650801437545,1499.2288980813073,1509.109660426758,3356.1359845189845
2025-05-29 12:00:00,1504.666907851599,1515.7641133043371,1506.070578063676,1504.1926986789492,7444.70487427045
2025-05-29 12:15:00,1501.4349810026424,1509.853673906005,1502.475179842915,1507.0726658259625,8273.46523374402
2025-05-29 12:30:00,1516.1870713531364,1524.5546455112215,1513.6850591808716,1515.9815041800782,4166.8625347547795
2025-05-29 12:45:00,1520.4595009970892,1527.5251422180327,1517.0230834700149,1518.5166902299577,9874.229605408573
2025-05-29 13:00:00,1528.388194140711,1539.7120951249756,1525.9528870432202,1528.8578276515107,8588.971988921468
2025-05-29 13:15:00,1506.0041222966056,1516.4428163891223,1502.5174004685716,1506.6416457581267,1522.4900175743699
2025-05-29 13:30:00,1520.146200254467,1522.9848317719827,1517.1338032953543,1520.9120952680948,5998.792640926154
2025-05-29 13:45:00,1517.0300786674568,1521.4456938716216,1511.4652301222773,1518.392212910964,3049.7087348900795
2025-05-29 14:00:00,1531.4307469818857,1537.0383032940704,1523.8946114964117,1527.584841640124,7955.594389298204
2025-05-29 14:15:00,1550.7585613126803,1552.722125567965,1542.5117087078957,1546.1681316242505,831.5418936610429
2025-05-29 14:30:00,1549.1325828230656,1551.9854054735054,1542.7908291620797,1547.3340547053972,7529.315937476371
2025-05-29 14:45:00,1554.604911293578,1561.1482692096843,1553.894483097571,1559.4871207944138,1729.3920567224923
2025-05-29 15:00:00,1575.7049573010072,1584.265803665996,1573.6516172105128,1578.9275474313272,6417.172436984164
2025-05-29 15:15:00,1562.5727491549828,1569.5481680490661,1555.7705921702182,1567.2856752091575,1030.3304939541422
2025-05-29 15:30:00,1577.6171026513016,1579.5475629788814,1574.5456031442704,1572.9005122876108,1941.7295558726896
2025-05-29 15:45:00,1561.5093358139834,1568.0721892662896,1559.3950448053902,1564.342406804891,546.2102085358732
2025-05-29 16:00:00,1557.339428840095,1564.1630248401113,1551.2626868287512,1556.654153308268,2198.9326960978924
2025-05-29 16:15:00,1585.9549577501898,1597.560542756829,1585.651447153939,1594.3697286453767,6909.305668951883
2025-05-29 16:30:00,1612.9619816615661,1614.3484281592812,1605.3343282972046,1609.7812345505722,1936.317349800998
2025-05-29 16:45:00,1625.4159143297209,1629.8818918348272,1621.0371163889347,1626.461256153387,8336.027921751518
2025-05-29 17:00:00,1613.6561398356766,1616.4069267822927,1603.9932915194665,1607.912651461006,751.3192667403423
2025-05-29 17:15:00,1626.0115460024363,1627.009933178352,1619.3375911130374,1627.0752712616982,7019.589971755114
2025-05-29 17:30:00,1652.340320711134,1654.1639131098837,1642.901375694696,1652.2056333639675,7924.437404803571
2025-05-29 17:45:00,1649.0588841489887,1653.8806828076995,1642.6272294402568,1651.6422786473354,6351.4400965922
2025-05-29 18:00:00,1654.569111670681,1658.5096480543953,1648.8706768338043,1654.8295453834082,2838.756705266294
2025-05-29 18:15:00,1656.3901988551547,1660.7927147866308,1645.8183144807851,1651.84135635861,8309.730212956627
2025-05-29 18:30:00,1668.329001968105,1672.1390358202646,1660.565296709943,1663.3170330359285,9587.241696119434
2025-05-29 18:45:00,1679.4468997024435,1690.4836303652469,1676.1550866516525,1682.7095632948824,2084.236346322076
2025-05-29 19:00:00,1699.3755085138664,1706.879518942825,1696.2455341569212,1699.7651139346722,1837.3508063056754
2025-05-29 19:15:00,1720.2844229710001,1718.1638990310282,1711.1940546249525,1717.0216563766585,1984.4741812844568
2025-05-29 19:30:00,1689.1289676995705,1700.3246179658747,1688.0128020886623,1693.888442775801,6758.416942869989
2025-05-29 19:45:00,1705.914605219014,1709.0680219628277,1702.1602297713025,1702.9431758508742,5308.158447883151
2025-05-29 20:00:00,1723.062381911904,1725.2406526701777,1714.045036000277,1717.9865189607763,4202.187075076595
2025-05-29 20:15:00,1724.9509295729981,1732.9703070778487,1722.7512350619975,1733.5468001065076,7806.291938376881
2025-05-29 20:30:00,1750.9495568963655,1759.4230766048483,1747.933518711779,1758.8751998121913,8675.407801363202
2025-05-29 20:45:00,1752.887676516733,1756.1669616994825,1746.8643376314683,1752.0103274017076,6721.948654305976
2025-05-29 21:00:00,1755.3392476980912,1760.6679834512922,1753.4021396353614,1756.1000444476188,8900.153540006277
2025-05-29 21:15:00,1740.7613844785878,1747.0355717036039,1732.8439839587725,1742.0228091439608,7473.856184466542
2025-05-29 21:30:00,1700.6717191664347,1707.3456232476155,1694.3463670768456,1699.0996883241417,1816.9284590518273
2025-05-29 21:45:00,1676.1319411828365,1681.455037766086,1669.898818905275,1678.5059993628747,1411.9919530711318
2025-05-29 22:00:00,1704.2309039578308,1706.0810420782016,1696.3389046953434,1698.6723474616563,5434.854213118225
2025-05-29 22:15:00,1683.880445151049,1683.6993898310911,1675.7355762287693,1682.0247265194614,3319.9884466347485
2025-05-29 22:30:00,1681.76129255633,1681.599571603741,1672.130572219725,1676.2670248608306,5709.515173849316
2025-05-29 22:45:00,1700.7331782198164,1701.516073006213,1691.5638741481066,1695.2109424376658,8961.04000125356
2025-05-29 23:00:00,1685.902861144872,1695.0259653606774,1683.9173334670656,1683.995835053773,2486.4094398415345
2025-05-29 23:15:00,1697.4940892245158,1698.7325158041442,1684.77139379658,1689.7605190600723,7424.265591225235
2025-05-29 23:30:00,1671.9425213446718,1682.174205204171,1670.8602391378051,1680.0740772567267,3400.6101585939764
2025-05-29 23:45:00,1682.1226649028717,1687.4254651704252,1677.2206025004057,1688.4900516795942,8649.167644197996
2025-05-30 00:00:00,1669.8199555407934,1678.5269046973715,1665.3341765043424,1671.8825424395507,5481.586753447664
2025-05-30 00:15:00,1678.8737317554587,1684.0613294763432,1674.9280525082318,1682.814274979596,9717.058343882345
2025-05-30 00:30:00,1666.2929404075749,1673.456669393747,1666.379515393962,1671.7916736805478,159.52892591528342
2025-05-30 00:45:00,1676.4563350988735,1685.6201473515941,1676.1219255620952,1684.3514684414044,6136.381786729051
2025-05-30 01:00:00,1701.4572211201962,1708.611755312316,1696.3957024471867,1698.491220422928,284.78435048387786
2025-05-30 01:15:00,1690.8319402144955,1691.3395063048692,1682.9329064729234,1691.9527769265442,3230.0656713383596
2025-05-30 01:30:00,1695.579749146937,1702.545888615053,1691.1594693278,1695.6692040430341,115.47522242214886
2025-05-30 01:45:00,1684.6835405398026,1693.2103788424117,1680.914590094459,1683.6774321504367,2701.8727618905486
2025-05-30 02:00:00,1685.7016126400702,1691.6922351450332,1680.3296161832025,1684.7367236593439,9867.920943288926
2025-05-30 02:15:00,1682.6012605904743,1694.002840301412,1684.0396429906295,1684.3347408004988,5635.609301730526
2025-05-30 02:30:00,1685.7410071986658,1693.4532324282534,1684.0479834839964,1685.635089647625,3735.20891013837
2025-05-30 02:45:00,1671.493096134356,1676.8525132213904,1670.0033925321188,1676.114862775777,9215.948268829565
2025-05-30 03:00:00,1677.4137943495107,1682.4216762863166,1670.3492547124508,1680.257645009115,5249.672924442144
2025-05-30 03:15:00,1662.546893865668,1662.4536870271156,1654.025802085492,1664.9262104205502,1789.257576346028
2025-05-30 03:30:00,1665.740998216717,1665.7921381484166,1661.0530877554993,1659.6753804062168,3790.6249705289097
2025-05-30 03:45:00,1676.3747529137574,1681.1365688948376,1676.1352026755221,1681.0567522842027,1325.3559862914594
2025-05-30 04:00:00,1673.4217537007817,1675.0135363328354,1666.507879851918,1667.720252997851,4889.393812401022
2025-05-30 04:15:00,1674.3509710652202,1682.9505745656406,1670.439341923855,1680.1607335266526,7151.967886649704
2025-05-30 04:30:00,1685.8423144418452,1694.4347045849825,1686.2898145561321,1692.6255588620127,6776.624046307883
2025-05-30 04:45:00,1687.4735400277848,1691.0946915862048,1678.4172829139602,1682.6812888332545,739.262700670719
2025-05-30 05:00:00,1650.3956138656351,1652.8618133947596,1640.598258961493,1647.1820536118273,1315.961622949991
2025-05-30 05:15:00,1635.3078909639742,1644.0927460777127,1631.7751616068595,1635.1176734370063,6359.863047191668
2025-05-30 05:30:00,1617.0787004750296,1625.4047450648588,1613.6649321919626,1624.5529874242957,2845.6638955603007
2025-05-30 05:45:00,1641.5993019438365,1650.576934429047,1644.1315525771706,1641.8889408863859,5495.596095127204
2025-05-30 06:00:00,1645.0919028093842,1648.3711741693803,1639.7918735262958,1638.4095361773955,3127.8772899817163
2025-05-30 06:15:00,1672.4857745872948,1671.0883355768256,1665.6002225019802,1664.3436719138413,271.90565289941253
2025-05-30 06:30:00,1656.3555856196808,1659.5595312809228,1650.3473378721603,1652.6540583604256,989.1399122452276
2025-05-30 06:45:00,1652.4757484572388,1660.930952701816,1653.0219572646731,1660.8685915020515,4316.956211145566
2025-05-30 07:00:00,1659.5957627377045,1661.3726978026639,1648.86652177127,1651.6385254783006,8300.28242905523
2025-05-30 07:15:00,1649.6379332838876,1658.3406471516785,1645.795187345823,1648.9605295443973,3967.934624842675
2025-05-30 07:30:00,1656.8362826419368,1664.3172241405416,1653.2752887288402,1655.6216300665003,6881.035671759667
2025-05-30 07:45:00,1664.0424464959542,1662.1180804861217,1651.980309904168,1657.4813652637174,2739.4456740319274
2025-05-30 08:00:00,1680.6041412842908,1680.625336227232,1668.3153298007637,1674.3031031623968,8987.065992581474
2025-05-30 08:15:00,1666.5821210991344,1672.7756944346913,1661.1951203168805,1668.7586857311098,8537.933742389929
2025-05-30 08:30:00,1670.2679835478245,1670.2766384876654,1657.5764720731486,1666.78126354152,9937.707093606741
2025-05-30 08:45:00,1668.4259893290478,1669.5217317609292,1663.9858812706245,1671.744309121553,5571.162705819336
2025-05-30 09:00:00,1668.797504592943,1674.8395216645952,1669.9834860642661,1670.7853191253644,406.7985226344946
2025-05-30 09:15:00,1675.0341501925122,1678.5358831751132,1669.0246590679974,1675.6831141894102,6813.207509605815
2025-05-30 09:30:00,1669.316376755473,1676.6625011359868,1666.9679118697695,1670.735202051965,310.0110746500326
2025-05-30 09:45:00,1673.9292206877349,1675.9714162847654,1669.4431618318004,1676.0388908779082,7020.622282123062
2025-05-30 10:00:00,1687.1209568615925,1689.8788536597528,1678.0763483298822,1682.6801770600593,3164.6237437814293
2025-05-30 10:15:00,1695.7080579934482,1706.4902170066753,1693.3040870529974,1694.384268426568,2289.513155677056
2025-05-30 10:30:00,1679.5209183622494,1679.1284700504327,1668.1296029016933,1676.06131809208,5597.715837434997
2025-05-30 10:45:00,1651.630892093231,1656.6809365466133,1649.6123801977412,1650.4847896172625,8553.410215028975
2025-05-30 11:00:00,1661.8781093264352,1664.773529993759,1652.2818141057646,1662.2971061642515,5705.2061533945725
2025-05-30 11:15:00,1650.002483308187,1656.1930045413185,1649.0198760433636,1656.66432872601,1185.0909779800554
2025-05-30 11:30:00,1662.9064383881446,1675.323634920537,1663.4289033925447,1667.9690512035208,6948.471701538343
2025-05-30 11:45:00,1661.4522428853134,1665.784249560556,1651.8545039460962,1658.6007984455566,7252.286757664918
2025-05-30 12:00:00,1682.467044547916,1684.5443820895248,1673.5497051200475,1676.89076035712,1173.1873786839758
2025-05-30 12:15:00,1682.3647090523884,1686.858069467024,1678.9448703279043,1682.604591647976,8313.415019352551
2025-05-30 12:30:00,1680.0494443574667,1686.6789702035464,1678.4146455447683,1683.481794839226,7850.185594759352
2025-05-30 12:45:00,1689.5288689608044,1694.6394791460564,1682.5801624584556,1692.0363819626918,7420.353701690858
2025-05-30 13:00:00,1690.9615212284195,1694.3173938597045,1688.060451538828,1697.0426703464518,7277.873151989288
2025-05-30 13:15:00,1703.8651572565054,1711.2497023553708,1700.9330749393434,1705.5718534293048,2970.487965569095
2025-05-30 13:30:00,1686.9111361513383,1686.5513480335806,1679.845392968359,1687.436457193049,9996.216364100177
2025-05-30 13:45:00,1690.6799039841205,1692.1814244163852,1685.3378001487517,1684.837101883645,9729.709414329818
2025-05-30 14:00:00,1702.0193883839684,1705.8246267191516,1698.14194832385,1697.3304663341435,5892.4356795933145
2025-05-30 14:15:00,1692.3392271363953,1698.9776778150308,1690.2894988144465,1693.702311278015,4104.072144201122
2025-05-30 14:30:00,1674.8855044098943,1675.6566689136712,1664.2491236811704,1671.41193055548,2936.354441608862
2025-05-30 14:45:00,1660.5480231656538,1667.6291379779136,1660.5395544707417,1659.7963673343313,3099.877525353008
2025-05-30 15:00:00,1661.485634222358,1665.4552256574239,1655.9164291277027,1661.6465169120577,4956.9534146545275
2025-05-30 15:15:00,1659.9751228065404,1664.1131801101499,1655.3965407753194,1661.9012347573178,2606.644490469287
2025-05-30 15:30:00,1663.9775140562497,1667.9453910400478,1658.1551522355062,1659.521545281942,3067.8850881946037
2025-05-30 15:45:00,1667.721921541938,1671.445093187084,1661.4393700062153,1664.2322538799483,513.3003319995853
2025-05-30 16:00:00,1674.4762247749265,1674.4397028183876,1668.032818755191,1671.207262927321,8105.5991350626655
2025-05-30 16:15:00,1690.4424488032448,1695.4072659161648,1686.3885483612992,1688.901809286066,9468.151895291003
2025-05-30 16:30:00,1683.2446355217353,1685.448024665946,1674.2993025328735,1681.3975242121005,5788.4652398268945
2025-05-30 16:45:00,1669.32996430945,1671.3222065138207,1660.1082798170605,1672.2824175937612,4386.003080386503
2025-05-30 17:00:00,1656.1491437723057,1662.0587903937105,1647.0298347205676,1655.4361520372854,752.9597759992963
2025-05-30 17:15:00,1641.2752074197647,1650.3430557335132,1636.1407116029118,1645.3571398765307,1163.934645343716
2025-05-30 17:30:00,1639.472197131051,1647.7374442843475,1637.0916616947611,1641.3895830155225,1315.7885652036641
2025-05-30 17:45:00,1615.6614422120474,1620.1862161437493,1614.9444820927527,1622.5660689257345,4022.1789337123673
2025-05-30 18:00:00,1580.1491435569967,1589.6416854659003,1578.599267559732,1586.5128669351277,5531.13650332479
2025-05-30 18:15:00,1575.762024175008,1582.0582547534375,1571.5792828675721,1570.137501984485,6365.463329310931
2025-05-30 18:30:00,1563.7311592625026,1566.383296645137,1556.26122264153,1563.4659518428668,1897.6931197278593
2025-05-30 18:45:00,1567.1869362786058,1574.9250441548756,1559.8763676049011,1568.3176792822235,9421.188889084286
2025-05-30 19:00:00,1574.2010703166338,1577.650767628579,1563.4010897129453,1575.0690425701287,1191.260927651329
2025-05-30 19:15:00,1566.6472315580913,1570.1015664792349,1561.3136512329763,1564.0703049420242,6893.1139870532725
2025-05-30 19:30:00,1569.9556960363757,1578.3881805493431,1563.5767122695952,1571.6787344849006,1680.8167360511757
2025-05-30 19:45:00,1585.845527374449,1595.5600163778217,1583.6455376571923,1585.672744167881,773.0275245967007
2025-05-30 20:00:00,1609.0048701501796,1614.3420750567307,1602.1943207669126,1603.5671563911353,2771.0188136664947
2025-05-30 20:15:00,1624.5734247201633,1622.5946979406206,1614.7594059686216,1622.9963730847337,6293.872366736386
2025-05-30 20:30:00,1628.0797170392527,1634.7759543337231,1625.0451739916,1636.440216222198,2326.1256755757113
2025-05-30 20:45:00,1612.11588420214,1615.429373629862,1605.0401491624998,1611.6637832936897,1899.7431591571778
2025-05-30 21:00:00,1616.2546776735899,1623.7650572549396,1613.7501700697453,1620.7167384305035,4513.742758803658
2025-05-30 21:15:00,1619.0662573337831,1627.278566852957,1613.3693501811365,1622.6420542048281,6649.3614234012
2025-05-30 21:30:00,1646.89340023423,1649.1215967161775,1637.8730187286976,1646.2823366946936,7700.146246574647
2025-05-30 21:45:00,1652.9452062639434,1658.5010171566048,1647.5885415409443,1657.7238721740234,342.0474203746445
2025-05-30 22:00:00,1645.551891267181,1646.5960516472585,1637.809399686596,1648.073449868252,7566.433978757117
2025-05-30 22:15:00,1635.5725573544132,1637.292542713161,1628.7069875008535,1626.0130102503554,8192.291174076621
2025-05-30 22:30:00,1636.7271185526545,1635.4880633702548,1630.0481675427425,1632.9875116359344,2484.294751644892
2025-05-30 22:45:00,1611.0409858787275,1619.094574123217,1611.2735317195784,1616.7391846846715,9165.837692424535
2025-05-30 23:00:00,1630.0512916581754,1637.2400670581435,1623.7426592744353,1626.638056209261,765.5548715134584
2025-05-30 23:15:00,1618.8464373144793,1626.5972583615778,1615.5799533145232,1615.9735847024274,447.03200813351947
2025-05-30 23:30:00,1635.05972346454,1640.0320090475914,1626.423775665585,1629.3586008239615,1742.7667458902022
2025-05-30 23:45:00,1625.2165790352237,1633.2697715756053,1623.4491205289273,1625.8526254768203,7095.749861794413
2025-05-31 00:00:00,1639.2912903488682,1641.7403660956338,1630.3853364714514,1630.7197288166421,216.7130568385182
2025-05-31 00:15:00,1648.6072909634754,1651.8796968609308,1641.6945806469485,1647.8869449662589,1946.553727767683
2025-05-31 00:30:00,1651.8320471636464,1658.9047414922225,1647.3241447992796,1658.3103192457147,7649.076699096478
2025-05-31 00:45:00,1684.8222643870517,1683.597862677551,1677.8369295051714,1677.3170920205241,5754.079800083784
2025-05-31 01:00:00,1707.8500971329254,1711.4194153650735,1699.4324277063608,1705.547045493102,8294.291743011076
2025-05-31 01:15:00,1702.5185279259601,1709.423730710064,1697.0216873024667,1697.448478621732,2048.3447832188913
2025-05-31 01:30:00,1675.802063404982,1683.0538727270941,1676.4857935640523,1685.235841933513,8512.95210448631
2025-05-31 01:45:00,1682.22782902708,1685.4794272092875,1675.718652063282,1683.4317171821567,8126.24323301681
2025-05-31 02:00:00,1653.3766364331912,1658.931828931382,1648.2265908162979,1654.1160359161372,3097.0440429868872
2025-05-31 02:15:00,1640.5456965814694,1647.0607013428778,1636.843792697454,1641.2372602141622,3632.3582513123743
2025-05-31 02:30:00,1660.0482044674343,1664.0900581428805,1654.750280219492,1666.168894840007,5171.369085660391
2025-05-31 02:45:00,1662.09883710565,1664.7291519902644,1658.356625476233,1663.011581198023,9417.436479305332
2025-05-31 03:00:00,1658.2722800533552,1663.726004773298,1653.3472054033568,1665.1860472647104,3552.353407686933
2025-05-31 03:15:00,1648.3995780263845,1652.5895878513495,1638.7778966523447,1647.542687034198,1572.0664969843333
2025-05-31 03:30:00,1632.8498628827035,1639.160623053449,1628.6881346016444,1631.6537315640328,367.62774577273626
2025-05-31 03:45:00,1662.141215569942,1672.7205261923068,1662.895345304626,1663.6789480059297,1264.8186226062874
2025-05-31 04:00:00,1667.0112057300876,1670.6506011592473,1662.5591188161459,1661.3936376469092,4111.045596535705
2025-05-31 04:15:00,1632.446338514651,1638.3441557325082,1627.9282109225405,1633.3323660990843,3834.0344066858406
2025-05-31 04:30:00,1637.9758125247029,1640.4840205581263,1632.417996571255,1636.7030606017481,6766.165516309577
2025-05-31 04:45:00,1627.3375129704255,1632.802104724468,1623.6844029735635,1627.486369634026,7090.718216982008
2025-05-31 05:00:00,1621.3118710964434,1627.144259277122,1617.0633107364108,1618.5983927982923,722.001491315786
2025-05-31 05:15:00,1600.7362270199876,1605.899850346159,1595.9407686294735,1601.2115066985154,6907.512839512182
2025-05-31 05:30:00,1602.1396183906818,1603.9535104744232,1596.8963563864072,1602.5726091109832,1889.3491248001726
2025-05-31 05:45:00,1586.261570511813,1589.5813822202167,1579.3781156733712,1583.2830731104357,3581.4965901379665
2025-05-31 06:00:00,1588.5944880789762,1593.9281331149662,1584.6592895764936,1588.0984440727648,953.6851126796546
2025-05-31 06:15:00,1581.247523371107,1589.8649188716893,1580.4549360225678,1583.3270640766802,7684.530311069815
2025-05-31 06:30:00,1579.249565081972,1579.6990274403295,1572.4084794840835,1579.3912612325566,1405.4791015076366
2025-05-31 06:45:00,1567.2462934904754,1570.2608021815317,1556.9911788113475,1567.9142375388608,3869.4766581982535
2025-05-31 07:00:00,1540.1994138444277,1545.6756532491102,1534.1714230966413,1542.3560652665033,9084.323517778937
2025-05-31 07:15:00,1529.351625755696,1531.8619441329622,1525.4951455739615,1529.0614907463348,5749.728836900188
2025-05-31 07:30:00,1508.2259332364113,1516.126236221462,1510.9099392788012,1510.6482564222517,9127.23173317082
2025-05-31 07:45:00,1529.019601084441,1530.7565534443518,1518.6754992624594,1529.3849196275744,575.8015776145994
2025-05-31 08:00:00,1522.4421435305078,1530.6946671254775,1517.6966634399353,1523.8208624237102,8281.530125552403
2025-05-31 08:15:00,1502.0508721492317,1509.0538505403424,1499.0075499357283,1502.7928224505913,2018.6407038820676
2025-05-31 08:30:00,1519.4861148938996,1526.126591526732,1516.9693855912822,1522.8065551535876,3065.7090054664327
2025-05-31 08:45:00,1510.6828135899534,1518.6753626295078,1507.1134061512248,1511.1746865871162,7026.838137431579
2025-05-31 09:00:00,1508.2814575213256,1516.2908197377599,1509.8367071559273,1516.3039583915559,3677.613793739812
2025-05-31 09:15:00,1510.578327640162,1520.8785009764085,1510.709247845137,1513.5269177973616,4007.2358644255582
2025-05-31 09:30:00,1494.3866669830034,1498.0318053447872,1488.1688622347606,1497.2405805717449,5192.583874339687
2025-05-31 09:45:00,1496.106242197574,1498.5521926199465,1490.1054709330665,1491.4546478724103,320.90730113791756
2025-05-31 10:00:00,1499.078950316477,1505.184158129683,1495.489038215857,1505.1973170861054,8773.334632110571
2025-05-31 10:15:00,1502.56825610871,1512.0438926513377,1500.6199070573737,1508.8485469563918,5841.058247392205
2025-05-31 10:30:00,1507.304775340694,1508.0497262688662,1496.0981077630793,1503.2722208504817,5712.243689501521
2025-05-31 10:45:00,1506.9897024889538,1510.8279706201151,1500.5051825306605,1512.8755700193901,100.5983653299687
2025-05-31 11:00:00,1518.0331130658644,1522.205366422553,1512.954024695427,1513.5117507501625,3799.069332110837
2025-05-31 11:15:00,1519.4846630788857,1528.60700658001,1519.4560331693037,1524.348126396536,2724.580899477883
2025-05-31 11:30:00,1519.0301163109987,1519.586636806918,1506.82077287467,1519.1067188494696,4367.734679667037
2025-05-31 11:45:00,1513.3864503255008,1516.6170044357962,1507.763997539676,1509.5854708533454,4781.194178987684
2025-05-31 12:00:00,1519.0915040811878,1522.6656412916348,1517.5695183592084,1519.784691421922,9608.949849510042
2025-05-31 12:15:00,1524.799091456104,1532.0915123748425,1521.731671852785,1523.8308461740987,5756.792322628613
2025-05-31 12:30:00,1510.2322478381661,1516.4515739160329,1508.0622165909415,1510.5344104863325,1358.8274943722563
2025-05-31 12:45:00,1507.7730328827508,1511.645840167796,1498.1253820946124,1508.1760897787578,2273.1583626599963
2025-05-31 13:00:00,1502.3886134147529,1506.4047487430837,1494.9829456158661,1503.6521295135547,6096.572305178008
2025-05-31 13:15:00,1506.7184154740655,1506.8091336895,1499.5825033621381,1499.2197939117152,8768.994367607824
2025-05-31 13:30:00,1492.1490034433941,1496.8920322318097,1484.5104609930138,1494.0311808906174,5372.419688064033
2025-05-31 13:45:00,1476.7740421804212,1487.067197647111,1477.7557681903747,1479.133943141373,4260.557965836183
2025-05-31 14:00:00,1511.5035869339085,1513.1574286704788,1499.9718703022888,1510.1860553613915,8732.235893949459
2025-05-31 14:15:00,1518.0609311237258,1516.5854461562908,1507.8405024704314,1510.8858150244744,4046.7497594077827
2025-05-31 14:30:00,1510.4142386414815,1511.2294243861322,1505.4029378019748,1512.4661623802936,7067.136809571775
2025-05-31 14:45:00,1490.100030813411,1491.4885351663067,1481.848841063087,1486.4663244425885,1343.9621106400105
2025-05-31 15:00:00,1493.2157035874332,1497.008674535434,1488.3008419662938,1495.4868487791762,3855.1176050271406
2025-05-31 15:15:00,1492.0363018672738,1493.9161811618408,1487.1003384322994,1492.747870421124,7458.210906946015
2025-05-31 15:30:00,1500.5956764093362,1501.909349475728,1489.0875577719023,1498.8631661410966,8361.295903774819
2025-05-31 15:45:00,1498.623051706125,1498.1665023077828,1493.234664058523,1499.5852791168586,3452.298264826433
2025-05-31 16:00:00,1495.6089633010188,1496.4546539172784,1491.307344841947,1492.8990694504691,2477.520333754203
2025-05-31 16:15:00,1476.7123259144603,1483.9782187493274,1468.7514017032408,1479.2552105883642,3582.362131350932
2025-05-31 16:30:00,1486.1802270545493,1495.47714914618,1482.5081720191292,1490.9746888913041,9801.103074403614
2025-05-31 16:45:00,1488.4146421131557,1493.3931958051578,1484.1804387180782,1491.9953914407329,8261.676508934808
2025-05-31 17:00:00,1490.047993262385,1491.341987554097,1485.0232040138128,1490.8475886211727,9308.765103668473
2025-05-31 17:15:00,1521.8078446625611,1530.1583316446615,1517.6419364368041,1520.4724651388108,240.67049274719324
2025-05-31 17:30:00,1498.2081705329194,1497.0802464657288,1488.4747999920457,1499.1515785213498,4011.6669484422832
2025-05-31 17:45:00,1498.3740951277698,1501.5329279141636,1492.4588097320539,1491.6662552066432,6757.231606930777
2025-05-31 18:00:00,1496.431771057215,1504.2354527005136,1490.2454038384985,1500.962720754918,333.7011326638905
2025-05-31 18:15:00,1501.0687707328968,1502.9263611084862,1495.41131748251,1499.6310850212853,9419.90481280259
2025-05-31 18:30:00,1483.1148792053714,1484.6416582212423,1477.7620190223047,1478.5278258539029,2533.104302326678
2025-05-31 18:45:00,1481.3167021380386,1489.568618107765,1478.729918163498,1484.6916531610375,2100.3465996469913
2025-05-31 19:00:00,1477.5975725914418,1483.6312176445088,1472.620521235639,1483.0484995203701,4314.7835069980165
2025-05-31 19:15:00,1487.384333624527,1488.7789240923344,1480.1608612637374,1483.7500134807506,4280.048861789062
2025-05-31 19:30:00,1468.5754178534949,1472.0516726599715,1463.2327417544157,1463.7816627340592,7170.538664827947
2025-05-31 19:45:00,1479.7310867453566,1477.5792560011855,1472.8861727688736,1475.9074827814045,9960.517606138299
2025-05-31 20:00:00,1445.38186736423,1449.5210481827364,1442.7925248430665,1444.787162137265,9701.64612750991
2025-05-31 20:15:00,1463.5023005603464,1468.1074704862747,1459.2786601227199,1468.0760379542783,4095.951067419788
2025-05-31 20:30:00,1449.031561608016,1454.999254971575,1446.3964657085576,1454.8866628767926,4111.500588114604
2025-05-31 20:45:00,1436.7648030785347,1446.3865095495978,1432.2988253726542,1438.9469784674443,9748.48705376591
2025-05-31 21:00:00,1422.650409013673,1427.2653076942943,1422.2866383542807,1428.3964698529032,1822.4923513397825
2025-05-31 21:15:00,1448.3588977590582,1449.937718290647,1442.636028154083,1448.4023192536895,1157.4939169020606
2025-05-31 21:30:00,1439.2332321366523,1446.3332586997897,1440.732984219807,1445.9435263616842,3207.8011628661657
2025-05-31 21:45:00,1464.2593502807308,1471.000759424183,1458.608017820727,1463.2841114516461,4471.216874231052
2025-05-31 22:00:00,1461.892064293588,1463.5503601164562,1457.8133301086048,1464.54533879571,7415.978941368711
2025-05-31 22:15:00,1454.6459543676126,1457.8141859618493,1450.5804633648286,1450.5707466110907,3852.377712258493
2025-05-31 22:30:00,1468.4750412364012,1469.648000651677,1460.7130365010034,1466.2731658596354,4008.0345679587117
2025-05-31 22:45:00,1443.9243413839051,1447.6706527712574,1436.6912651858363,1442.240603296855,5160.132038773994
2025-05-31 23:00:00,1439.7116848081848,1441.1070802907036,1432.1367274910554,1438.0071524523069,4704.649867275214
2025-05-31 23:15:00,1426.779280084483,1437.195286849954,1422.878989876953,1431.3460791139923,9584.734909507326
2025-05-31 23:30:00,1427.6367107845576,1434.474770550776,1422.909613101306,1427.4128003619312,2253.440155587377
2025-05-31 23:45:00,1421.2446089305993,1431.4516510678827,1418.1736295109026,1428.9299931508724,4977.181013219326
2025-06-01 00:00:00,1417.3737783971003,1419.2699782609236,1408.8193841920581,1413.8535376974223,6655.450443511514
2025-06-01 00:15:00,1416.1712197913362,1423.8711918261918,1411.8602760897938,1421.8922306419072,5609.130423711479
2025-06-01 00:30:00,1422.7324805482128,1430.0254533960697,1415.3622492595634,1422.129859502784,7432.380925128253
2025-06-01 00:45:00,1421.1794355534869,1419.4412361081236,1415.026522180523,1414.1828576355838,566.0615394645251
2025-06-01 01:00:00,1434.0163121118208,1439.1169032626356,1430.3959237593076,1433.487938941305,1625.536194674862
2025-06-01 01:15:00,1433.3350795893502,1441.7608405756805,1431.823261992735,1435.5561523112058,1039.3637574152067
2025-06-01 01:30:00,1420.059360288326,1424.6916157932365,1413.9914463063474,1419.9766241073496,7331.399415063593
2025-06-01 01:45:00,1441.0976505482213,1443.354400046518,1434.4939268502503,1438.0272379041533,8884.253040067511
2025-06-01 02:00:00,1422.782278765485,1429.0552461561128,1416.45084242703,1426.8794193201295,6971.319150254249
2025-06-01 02:15:00,1406.211549523585,1412.9794555679557,1401.2030124413895,1408.3652821892963,389.36465385758487
2025-06-01 02:30:00,1403.8485078056071,1412.714835128199,1402.0967187248746,1406.2484426230956,1461.2034767226965
2025-06-01 02:45:00,1409.2984223627825,1416.1955132541273,1406.6369517505846,1408.7957414372001,2025.2271105933721
2025-06-01 03:00:00,1430.6678949915572,1434.1202578755638,1423.6341789956114,1432.7071397858867,2830.267880519159
2025-06-01 03:15:00,1406.5240403316727,1414.0399962053586,1408.0757059167258,1406.4667819615847,1557.533510876426
2025-06-01 03:30:00,1407.3168997348837,1416.0692836202986,1402.302406169946,1409.7581397897795,6858.5023685203605
2025-06-01 03:45:00,1397.1442088337274,1407.7836486916442,1392.9196973308651,1404.6199535999624,902.836397404422
2025-06-01 04:00:00,1395.971964868125,1398.2794719389208,1392.0370998852122,1395.2020461415464,4687.984069110924
2025-06-01 04:15:00,1380.071411793585,1388.6034538695985,1377.9247807425106,1382.853266374835,7819.659358127836
2025-06-01 04:30:00,1401.6294976545307,1410.9882635302304,1396.7764638872168,1407.5490964498345,4568.048918116014
2025-06-01 04:45:00,1388.5642471695219,1396.479208707696,1386.6598876543387,1394.3734261630425,7858.159230702676
2025-06-01 05:00:00,1368.9740711685838,1372.9776982554001,1362.3276348903055,1364.1821789375651,5687.152073231161
2025-06-01 05:15:00,1363.6876638161925,1364.1347760283231,1355.4068329145134,1354.9023585645773,9259.762115192518
2025-06-01 05:30:00,1363.2591604235097,1365.821369065227,1355.3507871915376,1360.3854708661595,9894.86869150367
2025-06-01 05:45:00,1353.6138907914124,1356.8138703388288,1349.4784162570204,1355.9622203639562,9343.842424527802
2025-06-01 06:00:00,1338.3277941673948,1347.2511201795373,1336.4898599066535,1343.6389251486175,6679.316604048484
2025-06-01 06:15:00,1371.6743152027823,1377.7124628384252,1369.4874511115938,1378.6174855789045,4747.070745283087
2025-06-01 06:30:00,1358.7228260359695,1368.630719987336,1355.4464683230563,1364.0844646367877,9465.317107616227
2025-06-01 06:45:00,1344.440615039264,1348.8170233110686,1341.1421418010866,1350.9813912470977,5695.162749343361
2025-06-01 07:00:00,1361.5446904190917,1372.593838588657,1361.62760432472,1360.3527343526475,8760.961535892684
2025-06-01 07:15:00,1365.3530513831329,1374.8634357160945,1360.5508331645576,1369.364184809123,4085.3200940018246
2025-06-01 07:30:00,1386.909431013346,1386.735294715881,1376.1872322930387,1381.4296068883093,2947.0723184656486
2025-06-01 07:45:00,1389.566188806795,1397.9167141384967,1389.878947470644,1389.811222406665,1086.044554853475
2025-06-01 08:00:00,1369.6495074057877,1379.8280886099058,1369.2529238746774,1373.8512676373464,3518.844497146761
2025-06-01 08:15:00,1370.3520566946959,1375.127813364246,1367.4630105930598,1368.1786995742955,6013.913906580182
2025-06-01 08:30:00,1372.7998557337282,1374.797357333734,1367.795036406299,1369.6266872927054,5334.516300535995
2025-06-01 08:45:00,1382.3060189812895,1383.2864828906854,1372.3402893426683,1372.428486165423,8613.487665930208
2025-06-01 09:00:00,1369.1687412057522,1367.9468548838258,1358.8819822102057,1363.5741922779707,491.79541643973687
2025-06-01 09:15:00,1384.3224379226224,1384.4773517630472,1374.178566842755,1376.7234938529523,8962.343650623441
2025-06-01 09:30:00,1378.6606802498425,1386.960390831113,1375.4036038195632,1377.5643664131164,9179.982399884668
2025-06-01 09:45:00,1360.0806119431554,1361.145475128902,1351.3197928320228,1355.0652351067909,2218.3000164641453
2025-06-01 10:00:00,1401.773525083557,1401.2559272220349,1391.3277500499096,1402.6467180962088,8240.676062512182
2025-06-01 10:15:00,1376.530825322242,1384.1627541478176,1376.066501126686,1378.6689755844136,1771.9304797429897
2025-06-01 10:30:00,1381.5340501149863,1385.4757713703618,1375.5443629651488,1381.003445755027,239.24734224492877
2025-06-01 10:45:00,1351.5523847615639,1351.6134831094298,1345.5252988102602,1352.275073390384,2658.6604060526947
2025-06-01 11:00:00,1342.6578966083976,1349.5282020344498,1335.177712872957,1345.1241095844664,4458.522919849828
2025-06-01 11:15:00,1345.0273246387223,1345.2511353271282,1336.7814275561072,1337.744495674064,6338.253823584229
2025-06-01 11:30:00,1348.6435193324505,1352.8850551188193,1346.3648671226622,1347.2879615589577,2651.092442240935
2025-06-01 11:45:00,1336.5389968023837,1336.420586557179,1331.655265650993,1336.7069614523225,1706.524959642062
2025-06-01 12:00:00,1322.395844165008,1323.8624835713388,1310.8014580702256,1315.0957777443757,8639.634691794905
2025-06-01 12:15:00,1318.8560270120936,1324.6005333086412,1313.6900793432085,1316.55293452806,8766.995336487445
2025-06-01 12:30:00,1320.4880456306073,1328.6893419364555,1319.4931745478864,1320.5929170085296,4331.73128098418
2025-06-01 12:45:00,1307.7449422592056,1315.0880629319672,1310.1219112320075,1316.0343215942257,1488.3529627716716
2025-06-01 13:00:00,1333.7724699159862,1338.5423817756805,1325.858782644468,1330.4584038157873,7652.211935822983
2025-06-01 13:15:00,1322.0028376553812,1323.7647023272602,1312.550477229535,1321.770951379564,2240.8796101018975
2025-06-01 13:30:00,1320.327763985304,1326.9533743716067,1321.224710905591,1323.060146415873,6243.869583336619
2025-06-01 13:45:00,1337.7390658250729,1341.4363238906128,1332.7533634958234,1339.2319211207407,3251.7072750610478
2025-06-01 14:00:00,1342.1415345938588,1347.2382674832488,1336.8031827470988,1336.0309984604407,3106.168400342296
2025-06-01 14:15:00,1333.8894311952233,1339.8583000946148,1329.9659627842059,1335.6110004075426,4476.06867653617
2025-06-01 14:30:00,1345.2405610921544,1345.0265000925285,1335.7815458368646,1344.6965057953869,1773.0187792878594
2025-06-01 14:45:00,1373.862547578571,1378.4079541543254,1363.357798760035,1368.153093448501,6568.02863443265
2025-06-01 15:00:00,1380.9701481456555,1383.503901095555,1368.8248219685393,1373.3357173144598,3312.1367706191713
2025-06-01 15:15:00,1380.7385429487201,1385.1551783369532,1372.0497650232621,1379.1751707357353,2438.7780319699077
2025-06-01 15:30:00,1391.3850202802412,1401.937724370893,1388.6726873348332,1394.0196668130795,5186.5786058443755
2025-06-01 15:45:00,1387.062020377324,1390.729197743718,1384.4897655304853,1389.799404405322,757.3213533929912
2025-06-01 16:00:00,1377.4102890721108,1387.5369458917016,1375.747020250055,1382.0797167814926,200.65253417421278
2025-06-01 16:15:00,1395.4328380183736,1394.1136948602596,1387.7610315338484,1386.2647088759447,173.65898119065176
2025-06-01 16:30:00,1381.4299705264643,1387.5448993478112,1375.7750092479619,1379.7514575533773,7284.470460212327
2025-06-01 16:45:00,1355.7959912036572,1361.5595525180167,1353.4024990648063,1358.1089431042926,6469.329257849713
2025-06-01 17:00:00,1356.5627058741484,1358.753097085341,1344.356850531979,1351.985169308858,3025.715132552629
2025-06-01 17:15:00,1361.0213844493042,1365.054780815931,1356.3014976435493,1360.6394496661044,4573.793183009828
2025-06-01 17:30:00,1342.3943257427773,1347.5453016790027,1337.1506693298568,1346.5369805023352,3878.1266527228563
2025-06-01 17:45:00,1335.5618167028802,1337.6845000592398,1326.4381912842118,1331.6567842237391,5841.034875839024
2025-06-01 18:00:00,1329.9951352925505,1335.8667269363168,1325.8724459279686,1326.6241570297568,8612.554580759363
2025-06-01 18:15:00,1336.5870576359218,1339.341423930819,1331.8635520787182,1335.058576719143,8416.413174960937
2025-06-01 18:30:00,1356.109496569944,1357.818047932129,1349.6448159380373,1351.8467021263393,3213.547130434081
2025-06-01 18:45:00,1328.0822188443678,1332.517163422664,1327.5613117694638,1331.5620629686093,6192.838393873942
2025-06-01 19:00:00,1308.9848186062084,1313.3803618831585,1305.0453504276636,1308.8951824225987,6985.69986521931
2025-06-01 19:15:00,1303.1450335895233,1306.850709959489,1300.376901689917,1306.588019425073,9657.492716799241
2025-06-01 19:30:00,1296.3625434493342,1303.0716119285732,1294.7985232356389,1299.443501874614,4817.243040710259
2025-06-01 19:45:00,1295.6135921941843,1303.1323532454144,1292.4452839683745,1303.9126694529261,188.60585998778052
2025-06-01 20:00:00,1321.9663448296023,1332.842500772256,1323.20842260413,1322.1327586009888,6797.644916865958
2025-06-01 20:15:00,1333.2530128562782,1336.047507118184,1328.1426443588584,1330.6333418006689,3192.546457574894
2025-06-01 20:30:00,1313.499758639103,1318.9125470260947,1307.9636753702562,1309.8736281595425,4740.35494735035
2025-06-01 20:45:00,1309.2514386500766,1321.3776565381438,1308.7990235971163,1313.7830910266964,5030.639171310248
2025-06-01 21:00:00,1316.821891677236,1322.7705683511397,1310.898998492159,1314.6867468717023,5596.553944051745
2025-06-01 21:15:00,1314.8024969141713,1319.2278973544048,1310.3423055108647,1318.564312904945,1317.89868560309
2025-06-01 21:30:00,1324.7299471764563,1332.2032666226576,1321.4716339518698,1328.968046360832,7112.777532544059
2025-06-01 21:45:00,1288.4089190926818,1288.6812296825526,1280.3129531579084,1282.3577333559801,1885.3373607625215
2025-06-01 22:00:00,1296.2130239357373,1303.847607717106,1298.0880991355648,1300.1268855369033,2813.6312700717585
2025-06-01 22:15:00,1311.02818081216,1318.2001640299243,1307.654214981396,1313.4954538470754,2695.4981481716454
2025-06-01 22:30:00,1315.5689023131022,1316.643489293122,1310.0514781875365,1310.4558853178628,968.2990852993486
2025-06-01 22:45:00,1307.3066512841228,1312.5418274558228,1304.6483900966725,1303.8252668031296,3791.296653328126
2025-06-01 23:00:00,1301.115364860664,1312.5271037198424,1299.9790583201666,1310.4612935823927,6401.059409320693
2025-06-01 23:15:00,1302.439824517043,1304.1460915775326,1294.4362652003467,1294.998759399604,2927.101156776329
2025-06-01 23:30:00,1286.7756300751275,1294.6437985053292,1283.8907190545776,1289.3051723059002,3334.5677707100144
2025-06-01 23:45:00,1274.3656532033192,1277.9168998471143,1272.7157424503398,1279.6009222393473,7767.010585568403
2025-06-02 00:00:00,1299.0932870308745,1302.5892156407178,1290.7355025261159,1291.8430122337097,5851.475755460075
2025-06-02 00:15:00,1310.6468014597315,1315.62110185223,1309.4524657990003,1310.8474250115912,6187.011566068325
2025-06-02 00:30:00,1308.3665299206673,1316.8312019485063,1304.6408995714821,1313.8590758851476,2445.3915928367633
2025-06-02 00:45:00,1306.1340598162028,1306.8228293106858,1297.796373719999,1305.8217826463465,981.947411567521
2025-06-02 01:00:00,1302.9815452121195,1302.7612140881706,1297.19756920049,1297.3275076040723,5539.241645713886
2025-06-02 01:15:00,1312.1233284270547,1318.453278537991,1307.587017345698,1310.5948954131356,5203.975584187975
2025-06-02 01:30:00,1305.3896577696826,1310.211600169431,1302.3926370788502,1310.1414404262255,9439.436745113884
2025-06-02 01:45:00,1297.681079955786,1299.1215573165218,1288.7906038257272,1290.7140664130109,7770.0727259868
2025-06-02 02:00:00,1282.651948879174,1282.2388087404104,1275.1499274942767,1283.033340566824,2960.0473578646665
2025-06-02 02:15:00,1249.725500097306,1255.4403273156277,1247.800981465114,1250.5181731517148,4527.449845027651
2025-06-02 02:30:00,1251.0763971477227,1259.7376364185766,1249.6668372257038,1249.5184539488457,2959.940929085263
2025-06-02 02:45:00,1259.3688922787073,1270.1930266951624,1259.2442366795874,1264.5765224537427,6132.244124651754
2025-06-02 03:00:00,1295.0944764918472,1300.3122076689556,1285.5442762828702,1288.4218846291167,2836.8943402937866
2025-06-02 03:15:00,1297.507885484556,1305.9934864327683,1294.723828064449,1294.1022041271845,6327.77328519574
2025-06-02 03:30:00,1320.1438843272826,1323.047788042621,1309.0525229304885,1315.1052578744852,8413.642540883977
2025-06-02 03:45:00,1341.8337041172176,1342.026129390257,1333.7522533608962,1338.292986388362,8547.5948843515
2025-06-02 04:00:00,1347.6196512358779,1354.0611381568585,1341.9036109012793,1350.353367996513,1129.3487465269156
2025-06-02 04:15:00,1356.4547765050343,1365.8729311602112,1356.94181130591,1361.4264336672588,3284.0639405179436
2025-06-02 04:30:00,1355.2068588507689,1363.3754486784298,1351.716965169712,1357.6336715580046,6720.116752832821
2025-06-02 04:45:00,1346.0576250059908,1352.3895373002129,1339.3531865949994,1341.9249299322234,2942.343922112534
2025-06-02 05:00:00,1362.9984137754782,1369.151492377997,1361.3596610672846,1364.1942685200108,9600.823040233805
2025-06-02 05:15:00,1376.3460102598706,1383.0330166277793,1372.2488034683313,1377.8826209549677,3071.199132981422
2025-06-02 05:30:00,1364.999014300147,1369.401130549302,1359.5838472289365,1370.2826963904645,9749.318800051688
2025-06-02 05:45:00,1362.3646830553791,1369.463200164042,1356.859979684453,1361.1597651992206,5843.054122731998
2025-06-02 06:00:00,1350.6860922850822,1355.727233415552,1349.351453926219,1352.3187607197385,153.0829732966603
2025-06-02 06:15:00,1342.1563640757065,1345.1525049310321,1336.4626898638398,1345.513549242689,6186.357788565879
2025-06-02 06:30:00,1354.4446059331522,1365.5300342627443,1352.687701483239,1360.7617886230655,4323.790736202579
2025-06-02 06:45:00,1376.6821316946955,1379.7610770418826,1369.7754982741621,1371.7434081952442,4386.198067694192
2025-06-02 07:00:00,1385.805218044819,1390.4187640010655,1379.0323333020142,1388.80663717432,7347.278342292331
2025-06-02 07:15:00,1368.5674016535102,1371.4733092831993,1361.681500745077,1364.4721281513948,6685.901263054619
2025-06-02 07:30:00,1374.5657213350908,1381.3648182042248,1366.7687766590416,1375.4485140548747,8166.607294422153
2025-06-02 07:45:00,1333.1471672669666,1336.8064188715898,1325.3886077048244,1336.9995428736077,7247.348092204612
2025-06-02 08:00:00,1342.8194299181514,1350.60037331715,1341.1223133478443,1344.6823684771148,2968.678782892676
2025-06-02 08:15:00,1341.1413498885177,1349.913328316137,1338.333716950045,1346.6541077508407,7661.69080688099
2025-06-02 08:30:00,1347.3171960668756,1352.6016725412442,1346.8485492056109,1352.3453112096172,7404.620773371925
2025-06-02 08:45:00,1349.7130365572211,1351.9695072787326,1342.1761295236981,1349.0595925224081,3554.7976990793672
2025-06-02 09:00:00,1360.2908438824963,1359.1107906315708,1353.995991076852,1361.078908054933,3459.669916120251
2025-06-02 09:15:00,1339.9549949358768,1343.9093328912247,1335.4304464800164,1338.0536821548008,7934.7510972328055
2025-06-02 09:30:00,1309.841619627916,1314.0402080407575,1307.1005476906978,1314.5274244199395,273.78681999078947
2025-06-02 09:45:00,1342.617727409651,1343.438042297573,1333.10752835203,1341.7775910903924,1875.6944742521327
2025-06-02 10:00:00,1352.537288755423,1354.3742090232806,1346.5991986469573,1348.5267449710034,3063.568316143613
2025-06-02 10:15:00,1358.9413301178793,1368.0850555368947,1356.366242327733,1363.0707343731267,6317.692959783672
2025-06-02 10:30:00,1343.7838623540183,1348.9066386715956,1344.3151323824468,1347.577900623736,970.529576208752
2025-06-02 10:45:00,1317.1282613160483,1325.483472013543,1313.8481804144803,1323.455914710119,7325.393087570053
2025-06-02 11:00:00,1332.4650761373207,1334.9556749591277,1322.5050217759551,1328.682746193462,4542.405270741439
2025-06-02 11:15:00,1320.9933833108423,1332.8188986963426,1321.692787338375,1327.296808222747,7215.588739150759
2025-06-02 11:30:00,1309.8696868905622,1313.0919917060219,1305.3717765856084,1308.2591343372467,9631.210869903924
2025-06-02 11:45:00,1280.9794774395905,1287.2596384282183,1275.1521220943648,1282.230179915593,6279.69573550561
2025-06-02 12:00:00,1296.7124668988783,1299.7307485138745,1286.1262369408912,1292.7216618401976,9609.188260032472
2025-06-02 12:15:00,1302.296266323774,1310.561521337716,1299.611005689594,1300.4567908178003,5565.251688096349
2025-06-02 12:30:00,1262.3361432874603,1263.2781597519117,1256.9974147873263,1260.908160801584,8010.140692090872
2025-06-02 12:45:00,1254.8643190414477,1262.1181792126874,1252.0482985216124,1256.578834632759,9171.11965158589
2025-06-02 13:00:00,1241.5413484446665,1253.518076130428,1243.8601677670986,1246.8353546221053,8768.614256088136
2025-06-02 13:15:00,1235.3110819935082,1238.4433906490249,1230.21071724531,1229.1595817702885,8701.493573416225
2025-06-02 13:30:00,1270.8617132958343,1274.1956264333533,1263.1019357744065,1272.933615425801,8421.981914511036
2025-06-02 13:45:00,1277.7989842042234,1284.257750758349,1274.890024349702,1282.2785466420178,8606.673373480644
2025-06-02 14:00:00,1289.2007098182626,1295.1357542796081,1285.5667937941134,1284.372757962035,8792.158629005564
2025-06-02 14:15:00,1320.5580106440077,1325.6914866014324,1313.094292538607,1322.382345673134,7846.8370654119535
2025-06-02 14:30:00,1309.0570839114184,1316.8255474138903,1307.5691868331623,1317.7231041236685,9575.48762790109
2025-06-02 14:45:00,1333.7253675324766,1338.353455464196,1331.9941349786334,1339.6874650834818,9915.779682779235
2025-06-02 15:00:00,1334.3589189233212,1345.480002315534,1330.6765935532246,1334.968884656136,9971.084056862097
2025-06-02 15:15:00,1331.7321519522109,1343.3081404929244,1328.919100444461,1338.7815397703102,5163.580845599212
2025-06-02 15:30:00,1325.0581949952864,1330.6545774723688,1315.3032073769664,1323.6658996559304,7606.22831794235
2025-06-02 15:45:00,1329.9113733033184,1336.080483349552,1320.8749253411288,1327.3957464181844,2736.6363522910337
2025-06-02 16:00:00,1321.1534825244698,1328.0375443129283,1322.2627558030506,1322.4571985942919,6855.775264519143
2025-06-02 16:15:00,1328.231662908341,1330.3078964789463,1321.704306514856,1325.4783214482816,3322.5887759325788
2025-06-02 16:30:00,1350.10866205246,1354.3031063298317,1344.2083908272266,1350.4954286312636,4553.844087677553
2025-06-02 16:45:00,1340.6847498317736,1343.1298472370465,1331.7748369010721,1340.8334448094945,893.4747707126406
2025-06-02 17:00:00,1321.3948602937853,1326.6996555291907,1317.6361465933646,1319.021466022188,7823.080857177864
2025-06-02 17:15:00,1305.2156644751108,1305.0434847878714,1297.1409089360798,1300.9255702658188,9736.338518340446
2025-06-02 17:30:00,1271.1570052188765,1278.1558138047117,1267.4903399021505,1274.1936511621598,8701.01205892779
2025-06-02 17:45:00,1301.5145540736958,1308.011259760583,1297.99131947883,1305.5436758428814,3667.235555892788
2025-06-02 18:00:00,1286.259273240517,1291.1211713006353,1283.3639085743234,1286.1500037413336,1121.6944511675665
2025-06-02 18:15:00,1270.1519734466372,1280.2551035157624,1269.8118943326147,1278.0946750445476,8675.977754982086
2025-06-02 18:30:00,1254.7836437699652,1259.4144951681965,1249.9908870961442,1259.3556969331953,7661.4207010204345
2025-06-02 18:45:00,1237.0560871342968,1239.656769298704,1230.4584790614047,1232.8147332305311,827.3952443241677
2025-06-02 19:00:00,1239.7243435876103,1243.7620323748051,1229.6196184571882,1241.0799882544627,9262.420859808339
2025-06-02 19:15:00,1213.2740690916698,1223.5341668105232,1210.400259089335,1215.6200026530678,7743.7716808594705
2025-06-02 19:30:00,1206.587378780019,1215.1269143682234,1203.8301880042272,1213.8469593118018,1489.0221740792986
2025-06-02 19:45:00,1211.3664686193333,1210.399669431873,1205.1534816356404,1212.3792932713425,5472.24449313083
2025-06-02 20:00:00,1203.8102601673088,1203.5691890350365,1195.9957391913313,1202.8329294538958,839.4542689446001
2025-06-02 20:15:00,1186.2293578340332,1195.2809588002583,1182.8035459234952,1186.771396685192,3953.8458384581927
2025-06-02 20:30:00,1152.5133980067646,1159.5972554659995,1147.5022338861245,1146.8544052859702,1549.3654031151605
2025-06-02 20:45:00,1156.5336480052315,1159.1020293366896,1152.3269759205486,1156.3685675615093,6334.234106675403
2025-06-02 21:00:00,1140.9915049116394,1148.083703050571,1133.9024045838319,1144.744624430826,9397.03421685036
2025-06-02 21:15:00,1148.074983950666,1150.8332876179059,1141.871497503995,1144.8795976350623,8034.4730427541845
2025-06-02 21:30:00,1161.805670740834,1164.9784248562755,1153.7221669070566,1156.9824542914785,7953.083842625993
2025-06-02 21:45:00,1176.814579067251,1180.2543114759983,1170.609175982476,1176.6211765215578,2494.0849967324007
2025-06-02 22:00:00,1185.7200680291394,1188.6141491950832,1175.6497026513687,1180.1439422525368,3573.1709995899723
2025-06-02 22:15:00,1170.6553943301988,1179.9013898496578,1170.5367554303873,1174.024327915382,8460.851370664954
2025-06-02 22:30:00,1182.920271272495,1191.498521937504,1183.013977732777,1191.2242900313638,9449.754774275418
2025-06-02 22:45:00,1197.3944018505704,1199.457046570074,1193.8396446669221,1196.885256392606,7595.456167562795
2025-06-02 23:00:00,1197.0168650456014,1196.25648821253,1187.655378032383,1191.2985998873385,6231.488782609756
2025-06-02 23:15:00,1186.9864271209217,1196.2910509211279,1187.7764457988737,1192.301390665471,9861.265828262662
2025-06-02 23:30:00,1186.1578387104844,1194.8358925915268,1179.4194721240647,1186.0404906816868,4624.589439864432
2025-06-02 23:45:00,1159.7942396148705,1171.0967865497719,1157.8228664316641,1160.6418140914896,7541.376427291837
2025-06-03 00:00:00,1169.9849995252653,1173.6411299193176,1168.3148536938684,1170.705276929473,4787.801079027408
2025-06-03 00:15:00,1189.7412019707533,1188.9026816726848,1179.152909179056,1182.8293666966638,8601.912192294849
2025-06-03 00:30:00,1209.957393769024,1208.8009214947808,1202.340453929521,1202.1219715191223,1079.0570133068945
2025-06-03 00:45:00,1194.111744594758,1194.5021451115715,1183.82398321416,1187.1239325308072,1905.1934977027536
2025-06-03 01:00:00,1218.1945263072585,1226.4009116598957,1215.2185053092367,1214.4955793910717,1504.1665242683414
2025-06-03 01:15:00,1220.4078597778828,1226.4238208780107,1216.7536648241355,1221.5662164684309,4858.483667968105
2025-06-03 01:30:00,1210.6484512664783,1221.3359158652224,1210.6394876237237,1217.1591986865717,7855.91311406224
2025-06-03 01:45:00,1211.0089018499707,1212.191297024967,1201.0567552979182,1208.3367076970137,2642.7142196107884
2025-06-03 02:00:00,1223.5636099848975,1228.0041691071676,1212.6094138846975,1216.1634422623708,8235.60065278885
2025-06-03 02:15:00,1211.8871196982102,1219.0890213520618,1205.8245957721913,1213.8920084532297,2533.972925445768
2025-06-03 02:30:00,1205.282307107344,1212.5338336534624,1205.9405612927987,1206.1375167821404,9325.505115996648
2025-06-03 02:45:00,1199.3348445262322,1197.5750511304484,1188.4558049251027,1195.1153517394941,4587.98303226789
2025-06-03 03:00:00,1202.0642083341354,1205.5279877525027,1195.0925025870251,1203.8431038710366,7599.491376148535
2025-06-03 03:15:00,1221.703746850075,1228.056596332063,1220.8335286950955,1222.9278473971574,9539.376958788653
2025-06-03 03:30:00,1225.0272779926634,1233.7957938988773,1223.9769652069365,1230.6027136331195,9865.399450852707
2025-06-03 03:45:00,1225.9231150519736,1224.6462069528993,1215.9317875138922,1223.0078091768692,8697.046299892107
2025-06-03 04:00:00,1230.5737482062866,1234.6804721855585,1226.8261370498572,1232.0532416503434,3210.01491191212
2025-06-03 04:15:00,1201.4572459292883,1202.1045644671692,1191.3915684376154,1197.6473544250248,1486.883553388872
2025-06-03 04:30:00,1183.948764181308,1193.0140915583545,1186.2057141712764,1191.2095028125323,4784.671593463452
2025-06-03 04:45:00,1176.7117234541263,1185.06955734347,1173.2509714754915,1180.0092978646849,3686.6900378582736
2025-06-03 05:00:00,1178.3890704902121,1186.6611857642574,1176.2839115136867,1179.7484227256084,1461.4753070536574
2025-06-03 05:15:00,1178.3847511635954,1188.7612765595386,1177.8587398121285,1181.8061479081293,8924.518348638641
2025-06-03 05:30:00,1157.1460568540808,1160.5938761167313,1151.4675699189365,1158.68991806545,6864.364142633158
2025-06-03 05:45:00,1144.3287997770726,1151.8848621684042,1137.274637433584,1145.5440363234454,6820.28899762503
2025-06-03 06:00:00,1134.480568749608,1132.6658901578683,1125.8840704025044,1126.2861662381592,1042.6396561886927
2025-06-03 06:15:00,1129.036947385355,1128.958977559977,1120.7733909385422,1123.6863524992343,7862.711650586948
2025-06-03 06:30:00,1140.6065999196355,1147.5424051562045,1137.1415403137098,1146.4120685957428,8178.450281568574
2025-06-03 06:45:00,1129.5371248007134,1133.8645244448385,1122.328239772514,1128.428012581587,7151.049931086538
2025-06-03 07:00:00,1127.2393446736198,1128.4395487022591,1122.3854039106918,1123.1591408470222,177.4400860914418
2025-06-03 07:15:00,1102.4245871057226,1112.7417775627328,1101.0286167172196,1107.1739803343758,3879.453512511859
2025-06-03 07:30:00,1126.4029084868453,1131.5999373351128,1124.7528936640444,1129.970750018777,7762.286237702342
2025-06-03 07:45:00,1131.025950112297,1132.4098481555666,1122.4224010252854,1130.917055426725,1180.6499606801535
2025-06-03 08:00:00,1135.5656509404055,1136.3170098092617,1129.841159305206,1135.6284610843647,4190.7083595691165
2025-06-03 08:15:00,1131.4947647572276,1138.8957255842786,1128.694376850932,1133.450319609132,7185.4253844083605
2025-06-03 08:30:00,1124.1594084607152,1128.0749184310735,1119.4074268805466,1119.7611309721237,161.68568642975868
2025-06-03 08:45:00,1133.4071541812427,1132.9892630947109,1127.4676474364342,1134.7419456807097,7510.928845021181
2025-06-03 09:00:00,1126.1679135109964,1129.7203486271487,1118.0922669364236,1127.534632640098,517.2930378872113
2025-06-03 09:15:00,1135.5454213382152,1135.8747403980194,1126.7037674849755,1134.8910733793025,331.9363691285571
2025-06-03 09:30:00,1128.060256038849,1133.9067335601121,1122.5823710592902,1129.967236568226,9119.533332860265
2025-06-03 09:45:00,1117.5176002872731,1119.2404255233128,1108.3064251553403,1113.2635254611928,4846.671648667576
2025-06-03 10:00:00,1125.5779940135978,1126.9691120673856,1120.811868723224,1128.0736527362221,6097.121438510188
2025-06-03 10:15:00,1113.9509346630302,1117.145565681416,1105.3762563484506,1111.2461459931358,4334.4911701247465
2025-06-03 10:30:00,1125.3144144564078,1126.6244585526858,1114.4363549692268,1124.799157547712,4477.267876089564
2025-06-03 10:45:00,1114.6023626814251,1115.3005282284428,1104.8293081867603,1107.5769297329568,2797.2866884495643
2025-06-03 11:00:00,1091.8562080325228,1099.207736578848,1090.5914474794074,1097.842461702993,3905.9043109499976
2025-06-03 11:15:00,1110.7334647890075,1118.2294080342697,1104.161646255512,1110.3189195537727,8943.622495211448
2025-06-03 11:30:00,1132.788587942929,1139.6190420981968,1128.2927342245168,1136.5841789741785,7426.973313147269
2025-06-03 11:45:00,1122.4269157638892,1131.2833602022035,1119.6637062954048,1125.7928118226364,9369.960235576373
2025-06-03 12:00:00,1119.677849169275,1123.2214616412941,1115.9647781078143,1115.1500525463368,8255.445783494335
2025-06-03 12:15:00,1113.0591727947037,1117.4368637960029,1106.103522868282,1114.3449920020414,6272.298204470961
2025-06-03 12:30:00,1103.014862066524,1105.5909631382353,1094.9220400503648,1102.4055965541056,2939.106374498092
2025-06-03 12:45:00,1114.1618800885014,1118.6071777033515,1105.6059662749494,1111.8115600151236,3921.1797647281533
2025-06-03 13:00:00,1112.671334417072,1124.223151122109,1111.719758238775,1114.6150001325198,4064.549601403597
2025-06-03 13:15:00,1109.633419871355,1116.0149934752367,1105.182307394465,1108.4436088415691,1213.1529487150067
2025-06-03 13:30:00,1113.5446228476249,1121.6851444332983,1109.7175640041712,1114.4737549358547,6162.82527167022
2025-06-03 13:45:00,1116.863942265767,1122.6553849326733,1113.5267559930514,1117.726959008368,6217.563916214742
2025-06-03 14:00:00,1125.0536092350894,1126.5337040278082,1119.902572513812,1128.2168432959995,991.781864854913
2025-06-03 14:15:00,1117.5683892441632,1126.514709261549,1113.1948713832123,1123.8994890535334,5903.944982041411
2025-06-03 14:30:00,1098.374351812223,1099.3171883282719,1088.7925416162293,1091.8709911075796,8920.938776946425
2025-06-03 14:45:00,1098.8795148917327,1106.6052991882877,1097.785005287042,1098.32795429759,802.7639672492305
2025-06-03 15:00:00,1084.3123146104983,1093.224015296532,1081.2287269071012,1082.8299820252155,213.7687288345561
2025-06-03 15:15:00,1102.4090643422444,1107.006048628003,1095.9014727965941,1097.4246525569881,2318.9851258236454
2025-06-03 15:30:00,1090.7260186423894,1090.9980786884828,1080.689880959469,1085.4460650712192,1506.9004181710598
2025-06-03 15:45:00,1099.7780296626547,1103.9962532635946,1092.4961293497229,1095.180987594197,9329.945007860344
2025-06-03 16:00:00,1122.9743243277203,1126.9420568398696,1116.132927884455,1115.4569469589349,7061.090150976602
2025-06-03 16:15:00,1090.6502673588318,1097.5802560935606,1088.9497536444933,1096.8645360230805,8018.868994372422
2025-06-03 16:30:00,1096.6472106272718,1095.0447188807261,1089.5294843889496,1096.317233440283,3544.380055881338
2025-06-03 16:45:00,1068.934996064656,1073.7846860359268,1065.5578016223426,1070.4957492303915,5514.457509613136
2025-06-03 17:00:00,1042.7755544679337,1048.0743313609635,1036.04604957197,1035.5908285747023,8074.483804567337
2025-06-03 17:15:00,1047.3560836323907,1050.4780107986346,1045.0763979291694,1046.6278360605793,9293.525409901937
2025-06-03 17:30:00,1038.10144115432,1045.8426656536644,1035.0915787908505,1035.9136906376661,4126.907491621343
2025-06-03 17:45:00,1032.9661992410806,1038.099983420653,1030.1958668627635,1032.6386131036707,7010.283964611629
2025-06-03 18:00:00,1018.9603063645478,1027.4796561491232,1012.9636358151124,1019.0272713660464,4081.5412668904887
2025-06-03 18:15:00,1003.0138495119664,1011.5881826842108,997.225494371568,1002.9233771298531,2147.2119386401364
2025-06-03 18:30:00,996.5999799581551,1006.7182223647914,995.1715004506002,1002.8942671528085,8459.771587436075
2025-06-03 18:45:00,1007.698073204747,1016.2343331803029,1007.9816035238892,1009.3837076174121,157.76320784196076
2025-06-03 19:00:00,989.2079622006634,996.623238833806,986.6602236355326,992.0028311690011,221.81900038426951
2025-06-03 19:15:00,994.4359088833643,1004.8665257340792,993.3632170952393,1000.3315985301789,8737.92328557968
2025-06-03 19:30:00,968.7977285907507,973.4139373576651,962.4072666572525,972.5124608493064,9482.28108090936
2025-06-03 19:45:00,976.5152144709779,976.2489760453238,967.7711104632882,967.6827664889856,7795.381336122998
2025-06-03 20:00:00,972.936144953951,984.9546280346631,971.8114063511341,975.6822577988535,903.6546241855953
2025-06-03 20:15:00,980.9055003124636,984.5607312586917,971.0341173346825,978.4114901232151,9682.431370517072
2025-06-03 20:30:00,976.5832134039812,983.0900305794065,968.7457823872686,978.7907839739047,6652.825905922681
2025-06-03 20:45:00,1002.0216611859014,1006.1975254231501,996.5288010528077,1002.2611218650954,6599.8487866611795
2025-06-03 21:00:00,1010.1272451174017,1014.9501313919806,1005.0963142098803,1014.514889251277,7939.521710622521
2025-06-03 21:15:00,1008.1449754242481,1013.6884908756558,1005.1708595842662,1015.4141417995226,5418.754285621643
2025-06-03 21:30:00,1039.2762438226257,1041.9616307940967,1033.2493733844917,1038.5323056997765,4404.426880761551
2025-06-03 21:45:00,1030.2291962023455,1034.8162961555117,1029.1353634471675,1034.066539782733,4519.5591155493075
2025-06-03 22:00:00,1027.4481230445408,1030.3706893162623,1018.5970128870819,1022.2878605256628,160.3539789657202
2025-06-03 22:15:00,1028.3588024711185,1032.7661384954492,1025.6549527804927,1030.161821120922,4680.03419951099
2025-06-03 22:30:00,1037.641125275521,1038.1216779634647,1029.3444595591045,1033.9030868996974,3472.4955085902648
2025-06-03 22:45:00,1051.330921817584,1052.299783263978,1041.9123534188072,1046.6123592014637,6405.913551472849
2025-06-03 23:00:00,1051.147492544182,1054.6839745479624,1048.9879336279625,1047.6381380899977,2734.0358071088003
2025-06-03 23:15:00,1060.5447846621807,1073.0189640463805,1063.108805994645,1066.7448882309172,3068.8750215133236
2025-06-03 23:30:00,1058.4297589665873,1062.639809697473,1055.8087759611278,1055.7649054220099,8029.405282342216
2025-06-03 23:45:00,1047.5752318856503,1057.585976074839,1050.2085483441303,1052.4257408986155,9953.901051479623
2025-06-04 00:00:00,1056.0831054340113,1063.7440000043832,1051.7287005877652,1053.882167300948,1789.0450379213546
2025-06-04 00:15:00,1036.3872670452506,1042.0523211823688,1033.2248390248715,1039.8702680257963,3481.4062996504867
2025-06-04 00:30:00,1054.9499737390656,1062.6607246288665,1055.2354567753084,1056.079949660883,7110.049416318065
2025-06-04 00:45:00,1069.712019235544,1079.6044493173954,1067.1182722111246,1075.4555466667746,9275.274846440812
2025-06-04 01:00:00,1084.7880063523905,1092.48199121414,1080.8568561470336,1088.7045551620477,4723.428072739952
2025-06-04 01:15:00,1089.0732764943461,1092.84826635746,1084.995115648305,1084.9479995193697,2790.014463928137
2025-06-04 01:30:00,1104.1342252987404,1107.761430432084,1099.3761029890588,1098.5769001047454,2461.0456840332026
2025-06-04 01:45:00,1108.8262372144695,1111.0424019500117,1100.390074479048,1110.47663073135,6892.029512631833
2025-06-04 02:00:00,1114.9333476231582,1120.954404127523,1110.0981293881784,1117.8126539852847,2361.312701708472
2025-06-04 02:15:00,1118.0339247481681,1123.576862944567,1115.2883989241666,1122.0571474367946,4962.82904067368
2025-06-04 02:30:00,1096.7906155335315,1100.7033488538686,1091.4380605819495,1101.1552554992952,2294.8343361854327
2025-06-04 02:45:00,1095.7850804901193,1099.0278435236185,1086.04676662474,1092.7711288020682,9793.308840021977
2025-06-04 03:00:00,1099.9679723701609,1102.5791496474474,1092.8817574655684,1100.1992569358074,9471.85043357311
2025-06-04 03:15:00,1086.628094754515,1092.3556731917934,1082.822956365438,1084.5295666949755,6739.617473495885
2025-06-04 03:30:00,1080.1220441371277,1088.0398069277328,1076.6000127900772,1079.59301358845,6911.356154462265
2025-06-04 03:45:00,1077.2703814695863,1085.987280084718,1076.9052857920792,1084.1992190093754,4659.627895703633
2025-06-04 04:00:00,1054.0177073790896,1056.7662557208384,1049.0733543291149,1048.6326399931886,9398.454385026202
2025-06-04 04:15:00,1076.7298191093214,1079.5996962831684,1074.0309963400302,1072.3514375393656,4381.5156178873785
2025-06-04 04:30:00,1093.6684627772188,1100.221831498148,1086.8200920660104,1092.5448416854924,8448.448954627838
2025-06-04 04:45:00,1118.106578162199,1120.4490356519334,1109.2111181561781,1114.3692068071073,9508.2216063944
2025-06-04 05:00:00,1113.5750249525609,1118.1716456769275,1109.5532184537055,1115.066905257567,4601.386888902232
2025-06-04 05:15:00,1136.406389113873,1136.4772184304306,1130.0478268369154,1136.0953442981538,3866.0395877494766
2025-06-04 05:30:00,1162.9414033033452,1167.4298796655933,1157.2974746291009,1156.576227632917,5866.913934708203
2025-06-04 05:45:00,1158.980652772855,1161.338335563215,1149.294981146214,1155.2941577103563,1608.3039707913747
2025-06-04 06:00:00,1155.86432394216,1160.7692456331176,1149.6777926829327,1157.5489580544022,7187.320977272154
2025-06-04 06:15:00,1163.2286763823654,1164.479905029186,1157.5388837215135,1165.963716710057,5563.999012986593
2025-06-04 06:30:00,1157.151562681389,1165.9123480705334,1157.723937736004,1157.8745286005305,3941.22199142923
2025-06-04 06:45:00,1175.0739670805888,1177.208779964157,1168.3221001327663,1175.6145297989344,7374.3157069873505
2025-06-04 07:00:00,1157.0995147100527,1162.354000553118,1152.9368882431402,1159.194041263815,9019.916744752994
2025-06-04 07:15:00,1147.3419897938154,1150.4319846049539,1143.9681940142389,1146.9238502016722,2661.370412530184
2025-06-04 07:30:00,1128.95971311845,1133.5298100417783,1123.2465415916854,1128.884962219632,5743.389299018031
2025-06-04 07:45:00,1164.9891224663288,1169.4075943724029,1156.6446723836668,1161.3573266111468,8118.7370680784425
2025-06-04 08:00:00,1203.7473787046174,1204.7849666995776,1195.6951884330897,1196.6974657593303,2055.5309572258857
2025-06-04 08:15:00,1209.7509700979317,1212.6886415737656,1201.7011977021457,1209.9206205600965,3511.2028372048994
2025-06-04 08:30:00,1185.5985443073741,1193.3162279635721,1184.4942782026083,1185.870883902564,3506.0861219147673
2025-06-04 08:45:00,1192.7309285562512,1192.1649373782834,1183.3724763411162,1184.2732982579687,2533.636223109435
2025-06-04 09:00:00,1180.745849890767,1188.0177965552364,1177.7203480592061,1175.670148992286,2134.8935251373587
2025-06-04 09:15:00,1182.8572608583293,1190.0748323324067,1177.5311539471477,1185.2402819260344,3369.8146146254217
2025-06-04 09:30:00,1185.5121491718396,1195.9359490340134,1182.9983986476334,1186.619992862304,7106.277478339654
2025-06-04 09:45:00,1169.8970997924082,1180.5840230261065,1167.2910231985265,1172.6935873914629,2389.4214440811297
2025-06-04 10:00:00,1180.7872829816029,1179.8952373196612,1173.1220496347569,1181.7837742870058,4230.726964713521
2025-06-04 10:15:00,1158.3655145520552,1162.4205353875543,1152.7235302611648,1157.6057699795476,401.393155298755
2025-06-04 10:30:00,1153.6587176658975,1159.3474058365427,1150.565409574047,1148.487688440126,7373.630593578506
2025-06-04 10:45:00,1137.2525700231984,1144.529420103852,1136.7333116789487,1143.939262816427,1746.102550990942
2025-06-04 11:00:00,1129.5302011439019,1139.8531853306483,1130.037793129999,1129.6809764360853,3517.829599332345
2025-06-04 11:15:00,1144.0267864868042,1144.4111822980426,1135.6181108755115,1142.2796018054144,7527.8684920807145
2025-06-04 11:30:00,1138.8800920416522,1142.365496659791,1130.9391699957357,1133.8609844479197,5232.241151281659
2025-06-04 11:45:00,1147.4529579568336,1151.129944087891,1143.70248746104,1144.776602119424,5446.334191225418
2025-06-04 12:00:00,1136.2512895636564,1143.9318868115267,1138.074201461155,1137.448518717712,2901.9625111506484
2025-06-04 12:15:00,1133.7040588983941,1142.6903975502225,1128.7938510409163,1136.1998309342123,3489.294659920401
2025-06-04 12:30:00,1148.9626059117688,1156.4893334301676,1143.8890702959634,1154.2901287671446,4832.754921340221
2025-06-04 12:45:00,1152.141099237076,1155.5728160496105,1143.799222350689,1144.8141711916135,7128.388125567759
2025-06-04 13:00:00,1158.526054595998,1168.487165165515,1154.4894922680587,1157.461039697199,4932.658878139352
2025-06-04 13:15:00,1184.4338058902247,1183.1273665203246,1172.7177720575614,1181.9685266530657,9707.921856578056
2025-06-04 13:30:00,1199.6736501828282,1203.5235953145955,1191.8743536923396,1195.8836418622184,7866.677764827202
2025-06-04 13:45:00,1185.4739391358598,1190.6936899858572,1180.8789271263279,1192.3644061673176,1796.3653903973525
2025-06-04 14:00:00,1174.8814057318275,1184.8364187231516,1171.7215162392472,1180.8273896274306,1534.4709956735278
2025-06-04 14:15:00,1171.2733358872185,1173.6369762743486,1163.6966692540022,1170.6827236161073,4941.457591032954
2025-06-04 14:30:00,1147.497841293954,1148.731843306099,1141.5785468184943,1144.5370203236625,5714.802733693105
2025-06-04 14:45:00,1155.6224088137665,1158.066802426558,1143.9984411197295,1148.9077527302525,4306.959300666851
2025-06-04 15:00:00,1147.1329710082912,1156.8098071851266,1142.248969928023,1145.9376854446077,4877.851347207241
2025-06-04 15:15:00,1167.02713664598,1175.664951879599,1163.849852807522,1171.8964354275938,1010.7799075912912
2025-06-04 15:30:00,1148.9424077878223,1157.5637352806834,1151.0410579702464,1153.521512369612,4170.971696490191
2025-06-04 15:45:00,1146.3973439022307,1149.4945133670467,1139.1842739212523,1146.8529045594755,500.715610444506
2025-06-04 16:00:00,1155.4204124347696,1160.080490963943,1155.2877525573917,1155.3015390823746,3017.998533100314
2025-06-04 16:15:00,1160.2335246662724,1163.044011297415,1149.7254278659634,1154.575549966768,3623.1954290474164
2025-06-04 16:30:00,1131.8165365098896,1137.2567784367081,1124.587487117548,1134.6870743715194,7900.701747510645
2025-06-04 16:45:00,1149.7319158876085,1155.7531425035502,1141.0116217401512,1150.9491503262784,4201.003143631958
2025-06-04 17:00:00,1172.3425079817064,1179.5306298014837,1172.1365818940096,1170.2616469731677,2622.5962898527455
2025-06-04 17:15:00,1190.3659334769573,1189.4234724532657,1180.0911421576318,1183.4647980294747,783.9603638520164
2025-06-04 17:30:00,1185.343448618342,1192.685148572635,1181.4483637442352,1190.2154814868882,4112.836611890172
2025-06-04 17:45:00,1225.845489226591,1225.7939699525527,1216.6917394924983,1222.0042488655874,1664.053215791649
2025-06-04 18:00:00,1233.5168334676007,1239.3579545938592,1225.9749804744763,1230.9023707976653,8199.696147397575
2025-06-04 18:15:00,1241.9634637683268,1251.898117219367,1240.0846249091855,1243.5455499094692,117.69722848142841
2025-06-04 18:30:00,1254.4293302339372,1256.1924161283814,1246.0594883124604,1253.3672225730913,7389.147658080772
2025-06-04 18:45:00,1241.699349898819,1244.9705797758413,1231.632083939692,1234.7398655070836,8479.301544359847
2025-06-04 19:00:00,1272.2755056672163,1273.7639877060878,1267.8458025714374,1266.5699754922668,5113.92222177485
2025-06-04 19:15:00,1284.1091926012678,1290.9731137982255,1279.762195487709,1291.9386298200632,6317.431352894472
2025-06-04 19:30:00,1291.526406126145,1294.1731262313674,1281.9308931983403,1282.7687818473507,2805.0467212473877
2025-06-04 19:45:00,1288.4469734136183,1292.3539759604116,1281.1262563208513,1287.2190347711592,2290.3093021434956
2025-06-04 20:00:00,1286.6152718589494,1292.7813352827052,1284.2926491176856,1284.3429545060014,4726.51932949959
2025-06-04 20:15:00,1305.1129122509963,1307.605699438298,1296.3556486722707,1306.9967074173076,3326.4098241312213
2025-06-04 20:30:00,1316.7036106310977,1317.7352620047777,1311.2201897733553,1313.6230972684707,9535.547757497437
2025-06-04 20:45:00,1321.0995116559366,1326.6235528725604,1313.1530867164395,1321.5528214651945,4866.095026306988
2025-06-04 21:00:00,1318.102320639817,1328.2835190845096,1317.9799016028167,1322.770375154765,6078.67928781159
2025-06-04 21:15:00,1333.7363901547596,1336.9549320101846,1328.370968458626,1333.46972521979,5632.002041428817
2025-06-04 21:30:00,1320.9971434040265,1331.7048979847668,1318.3762539796912,1326.4930094473405,5179.331437413754
2025-06-04 21:45:00,1310.8923364711156,1317.1660740841419,1307.9678798457417,1313.9179140981269,5729.167891685684
2025-06-04 22:00:00,1315.5273934606494,1320.4644680961826,1308.4062008834421,1312.0952146100915,8193.984785892955
2025-06-04 22:15:00,1285.2959420915822,1293.3062387304094,1281.6614777705438,1288.9480725741055,8170.422321498293
2025-06-04 22:30:00,1293.095492531175,1294.699219758955,1286.9105555238245,1289.7087877764784,9279.576546579614
2025-06-04 22:45:00,1289.469312306962,1299.6968389611534,1289.9466172306227,1295.5896973608233,2742.663489931745
2025-06-04 23:00:00,1303.1741284492764,1302.8785081617727,1298.6781939000496,1297.5336930166336,2400.3805780124453
2025-06-04 23:15:00,1304.217826341997,1310.7715381244377,1299.4002114855857,1301.7198826550919,7597.889029319928
2025-06-04 23:30:00,1305.9839815534447,1308.9567863820337,1299.9711857557313,1302.405360162854,7934.202612131225
2025-06-04 23:45:00,1317.0698329006357,1322.1317468396378,1312.9757329427969,1320.7641845364249,7603.302204872481
2025-06-05 00:00:00,1311.535386067754,1313.9879553571736,1300.7447473682398,1308.2997610758061,4865.312985104729
2025-06-05 00:15:00,1330.098938944172,1336.0649247058923,1325.812623553031,1324.4608824063257,6511.752291335545
2025-06-05 00:30:00,1322.8859917829814,1326.8813762813725,1316.9231994692498,1319.1267384147827,8374.737715251096
2025-06-05 00:45:00,1297.1382147114703,1304.9914626993786,1294.4438148584372,1295.9551556231468,6409.189122291834
2025-06-05 01:00:00,1305.4461656307187,1312.8702951845835,1303.0763598201634,1309.3756200924768,8193.9310646905
2025-06-05 01:15:00,1307.1042967552473,1310.1234487423505,1300.3132272231885,1302.7280725035175,1099.4513028083693
2025-06-05 01:30:00,1288.785956516301,1290.1679613275708,1283.592487291197,1287.4408167151698,363.22115046265276
2025-06-05 01:45:00,1297.1300980759784,1297.6578882267452,1289.1234937013373,1292.047080492391,2007.4649523800638
2025-06-05 02:00:00,1284.4404824749179,1289.6702897970308,1279.9868938616594,1283.3013481674366,1879.220585560124
2025-06-05 02:15:00,1266.2267750575443,1275.5436798379055,1265.4279934343178,1273.4313405951436,4809.649705008514
2025-06-05 02:30:00,1254.8144064361245,1255.912168142267,1247.6280722457266,1248.6553819764542,3132.9770422422544
2025-06-05 02:45:00,1264.4283904312979,1264.4657676999157,1257.8245223773795,1266.1474811335117,9287.934404038815
2025-06-05 03:00:00,1277.0366726601524,1278.6866410607383,1270.3217918411826,1270.732699452507,7884.614404965857
2025-06-05 03:15:00,1279.3810473446676,1289.0821044651389,1279.1550157973002,1281.8791746721054,9990.670138500695
2025-06-05 03:30:00,1279.270098588896,1282.1541070657468,1275.825740283764,1282.0929544167852,6530.932225549548
2025-06-05 03:45:00,1275.1341048456668,1281.4677060900294,1269.7564421114755,1271.0600905660378,5382.427154382174
2025-06-05 04:00:00,1269.2055335910175,1278.8710782581977,1267.691923544236,1269.508243951081,5700.646638282428
2025-06-05 04:15:00,1255.082185757785,1266.2573812289202,1254.518317274948,1262.262192812424,9231.842792206284
2025-06-05 04:30:00,1256.7704093209252,1257.6241044988212,1248.3992203984262,1257.916117610096,1937.7319001690096
2025-06-05 04:45:00,1256.1694876832446,1255.3658313155013,1245.7753686614467,1256.958842543076,7644.87624922826
2025-06-05 05:00:00,1255.3078572508603,1258.1590460602058,1248.0566494243378,1255.0034276716133,4740.6995529802925
2025-06-05 05:15:00,1235.0059627472883,1242.7744571016087,1236.4209119270345,1240.120078668496,8383.137988994959
2025-06-05 05:30:00,1243.342442804882,1250.995040275883,1238.043890255346,1244.3695371379222,4338.606261095184
2025-06-05 05:45:00,1262.0532717732858,1267.5126251080485,1257.4308239359916,1267.0067144059228,2826.7531720952384
2025-06-05 06:00:00,1238.4599121741724,1248.5058499849818,1237.5954352284411,1244.8142301637276,8926.088748879074
2025-06-05 06:15:00,1250.5607832157964,1255.9353570419566,1243.9396713228002,1250.327844172591,6518.72166509124
2025-06-05 06:30:00,1237.2980797815558,1246.6133631738733,1233.4655721484685,1237.86711542361,645.0021997597083
2025-06-05 06:45:00,1271.6282425619297,1277.6343418023998,1268.476198484543,1275.8182428819655,2765.3540726025967
2025-06-05 07:00:00,1276.296856960894,1278.3442118950036,1271.3343531024145,1276.5433768850037,306.07813503534305
2025-06-05 07:15:00,1287.7682220071526,1291.1009378289043,1277.145623715209,1281.5753980851448,945.8725733783998
2025-06-05 07:30:00,1284.901820439024,1289.5735063257684,1278.6351415586907,1281.1773530819685,9310.112115303666
2025-06-05 07:45:00,1286.266033773779,1287.12737793493,1278.3947511809506,1281.7223413647323,8563.63712153202
2025-06-05 08:00:00,1295.2120943610955,1299.1470213868313,1286.0526733879335,1291.4891974743718,9611.059243239088
2025-06-05 08:15:00,1306.3069848653665,1312.991526342267,1307.8910927812028,1307.2300485719913,8848.792303813841
2025-06-05 08:30:00,1312.7486466299272,1317.8166479993727,1303.4877633408746,1313.4240681199453,9442.176251732219
2025-06-05 08:45:00,1313.6827587021503,1321.5617502412265,1310.385052705305,1315.0913321671321,2206.5360670206383
2025-06-05 09:00:00,1315.1588085486135,1313.1299310042882,1304.7944104888475,1314.8502356891852,5286.675216032812
2025-06-05 09:15:00,1315.9889177099885,1320.5442800726166,1306.0899321094942,1309.3210218300042,6114.066405176426
2025-06-05 09:30:00,1306.220798465237,1313.733165105207,1300.9941816025382,1302.8519056080293,4592.034199137843
2025-06-05 09:45:00,1292.638294716144,1294.7367569194723,1287.6662991086855,1289.9446221581845,5775.261709263004
2025-06-05 10:00:00,1288.1462048441126,1293.865197201628,1285.9589174833254,1288.1465389051486,9981.215007234063
2025-06-05 10:15:00,1266.8329757358167,1268.421841869984,1258.7759943014298,1268.9253440688606,2240.4381825433184
2025-06-05 10:30:00,1269.9513930010507,1270.6361805885915,1261.4153909092315,1268.9856143580323,350.0081105249768
2025-06-05 10:45:00,1260.0076920223403,1261.4857966685279,1250.6429448288425,1258.842456693338,3414.0773858373773
2025-06-05 11:00:00,1249.1598597286522,1250.3238936309956,1239.2438194598953,1245.6329636394155,4998.289033633856
2025-06-05 11:15:00,1238.5277655418377,1237.960664796868,1228.8686700441103,1233.3770391222104,4483.908833228541
2025-06-05 11:30:00,1230.3437303524358,1235.144812848308,1225.6978094417007,1231.6364515903483,8167.937200315496
2025-06-05 11:45:00,1234.6472481028118,1242.3353948260085,1232.3515779191114,1233.5353590840894,9167.878768929977
2025-06-05 12:00:00,1240.3370167880644,1248.1889126659944,1234.8885735361578,1243.4423456757963,2247.2745154626887
2025-06-05 12:15:00,1231.788103931835,1242.434269173199,1226.9512027854798,1231.724784379851,701.6177308916996
2025-06-05 12:30:00,1271.6533524305019,1278.0737793568987,1266.9314061330465,1279.7924037107666,4195.05811983664
2025-06-05 12:45:00,1271.8240906755989,1277.7525359279048,1268.5114887941365,1273.2009391127758,2482.6247564403075
2025-06-05 13:00:00,1255.7402540966523,1261.4620642251207,1253.376939241868,1263.847292141019,8454.221714448908
2025-06-05 13:15:00,1278.8239606190523,1285.311158581735,1273.5082730568022,1279.0327260261574,8799.276866721992
2025-06-05 13:30:00,1289.9108764339483,1294.5417707954662,1282.484042253803,1289.8904158254236,4329.593356427168
2025-06-05 13:45:00,1289.259161335079,1295.46552632887,1285.2695206888543,1291.101445794978,846.7015055921331
2025-06-05 14:00:00,1266.5856345173684,1272.6179232023553,1261.140320071666,1271.06249807613,7995.70313650275
2025-06-05 14:15:00,1264.6166914789092,1266.1690180995276,1254.9463941862746,1265.5448570238045,6835.853061363021
2025-06-05 14:30:00,1257.327438201056,1259.21181906919,1250.5302885715214,1254.0882939577057,9062.784594032388
2025-06-05 14:45:00,1263.697033382527,1265.0538961426792,1252.3170739952855,1259.5356513284808,5779.645347795521
2025-06-05 15:00:00,1265.9687016292435,1269.0034695515915,1257.4053837876081,1260.1589191110804,7581.818995168375
2025-06-05 15:15:00,1237.0691770734927,1239.9473716572875,1228.5021546335622,1232.0141851586604,2697.4369285115304
2025-06-05 15:30:00,1216.3146075138818,1221.3675157312935,1216.3295323376863,1222.6333014044435,1895.4906714770043
2025-06-05 15:45:00,1225.637799574053,1230.5117293695132,1224.3586562622686,1228.0350466340226,1606.0129703646642
2025-06-05 16:00:00,1216.0340594069035,1226.2795195382384,1216.537447736765,1216.127104576081,1900.9664702676362
2025-06-05 16:15:00,1211.720737015028,1218.808799702065,1207.4742234974783,1210.1438376645094,804.6057671775158
2025-06-05 16:30:00,1180.6562792625616,1191.6975716307923,1181.2196532659134,1181.8095751070782,1316.4815067425757
2025-06-05 16:45:00,1185.8775615101874,1189.8699048916505,1180.6166140439716,1187.0069100214437,1286.3243305339727
2025-06-05 17:00:00,1193.8755224756173,1192.9160732726164,1185.7576073348146,1193.6771580991146,3359.071251197182
2025-06-05 17:15:00,1169.8271828164216,1176.438987184118,1167.5708492894753,1170.6312803805365,1155.427440731239
2025-06-05 17:30:00,1162.134442411712,1166.0030746200907,1153.7844881602825,1162.6078245763533,623.892089016535
2025-06-05 17:45:00,1194.0675994500918,1199.0950015906024,1184.819476154335,1188.6689845396365,2796.537469522111
2025-06-05 18:00:00,1172.416861645716,1178.9025804030473,1168.5358436520912,1175.0672399173789,9812.04390560999
2025-06-05 18:15:00,1172.3681319312034,1176.409697390637,1164.7719199319831,1166.1689197648184,5600.4887068871
2025-06-05 18:30:00,1167.575076392726,1173.1819279516915,1162.2494318217362,1171.4403613776612,2110.9006439143977
2025-06-05 18:45:00,1169.4136259738314,1170.45523124776,1164.2787080927944,1163.9892955111054,8410.39908795018
2025-06-05 19:00:00,1158.451515762581,1164.4795687239134,1154.2061720958338,1154.0343227108494,1782.8343024555347
2025-06-05 19:15:00,1164.710367491839,1171.9052238404738,1161.2079737374947,1167.3248324167587,5922.474069764311
2025-06-05 19:30:00,1156.9510810785334,1164.8431984746394,1152.2341824416828,1154.4754861370047,690.8564022423615
2025-06-05 19:45:00,1161.7128392802101,1167.7528887757287,1155.3620847487355,1164.5037264577845,4594.232790758103
2025-06-05 20:00:00,1150.8480698375245,1159.2952050792358,1149.4203801480812,1154.1199169685322,6870.5126629135375
2025-06-05 20:15:00,1165.256431269839,1173.347996407779,1161.9724278759152,1161.4606335048115,3693.5942780245427
2025-06-05 20:30:00,1170.3042389262603,1171.766255831212,1162.4754358994157,1169.8358344510164,9961.050525769551
2025-06-05 20:45:00,1178.5412349164262,1179.3722769684732,1173.381243968806,1173.9817438198675,6293.925026351922
2025-06-05 21:00:00,1152.3498293420803,1161.826461214327,1151.7908273104965,1153.9784330097148,4439.0282175461525
2025-06-05 21:15:00,1158.6879382038424,1162.2349073323487,1154.9466840264226,1161.6098117141344,3590.7459021313884
2025-06-05 21:30:00,1150.2478376247175,1152.7165920681596,1139.8837050941233,1150.4656857204793,9120.822573740006
2025-06-05 21:45:00,1156.9445120278842,1156.5208409355484,1149.3641375606087,1149.7804562996655,8913.668900269851
2025-06-05 22:00:00,1135.6049909268763,1145.249394879913,1134.645930058996,1141.4254627704402,6262.006888669195
2025-06-05 22:15:00,1153.1835648527554,1163.0780651153063,1151.9429404975615,1154.7305210790776,7712.820328174568
2025-06-05 22:30:00,1155.4716452354353,1166.1529772206147,1155.706582727422,1163.3311736236897,1244.689409542223
2025-06-05 22:45:00,1156.534538249629,1158.4689797676283,1148.3360962531588,1155.4816107378558,2653.503150700229
2025-06-05 23:00:00,1184.4950534356533,1191.9862733194373,1181.7309097054444,1191.1378242296555,2022.2057000825837
2025-06-05 23:15:00,1200.8642123563425,1209.3329302017107,1198.9811019697222,1203.259858235899,7886.244087830906
2025-06-05 23:30:00,1214.7173407556468,1218.5460098164288,1207.3728992923782,1216.6503357828472,9441.782451908657
2025-06-05 23:45:00,1213.0773690403455,1216.525050894876,1204.8205030257272,1205.4216322577977,2679.222954988047
2025-06-06 00:00:00,1215.7633947256525,1221.0701672941368,1211.3691379521345,1211.092469344488,594.3055330857419
2025-06-06 00:15:00,1221.5574809430125,1231.8257186894766,1218.4395107309144,1221.8839653262314,9619.728565088011
2025-06-06 00:30:00,1217.9997957122473,1227.5731453683677,1219.5133424238854,1224.3243659807142,4348.0742929543485
2025-06-06 00:45:00,1197.7737455753459,1208.356334279394,1196.642837981189,1201.4792044537087,5461.803535899866
2025-06-06 01:00:00,1170.7787293446825,1176.422056922936,1166.4572143045718,1168.6890063497863,2699.812523686144
2025-06-06 01:15:00,1161.4675937322556,1167.3280241991647,1157.6665129784012,1158.4854940116456,4428.137316741711
2025-06-06 01:30:00,1135.8949935090357,1141.4190409101268,1127.4376954555453,1131.2111515147244,8001.809336760105
2025-06-06 01:45:00,1126.606802014515,1123.8610013741818,1119.0383014294214,1126.6252779012366,7432.29060456137
2025-06-06 02:00:00,1120.0751026717926,1125.4843649815098,1114.4740975228156,1120.6191711121428,6372.443908458818
2025-06-06 02:15:00,1124.842225121091,1130.0104695958987,1121.850248251128,1124.7395462263976,8441.068598510403
2025-06-06 02:30:00,1119.486237257525,1125.4481871743512,1114.3285001505396,1114.483114334219,6435.320579614796
2025-06-06 02:45:00,1100.6086536543698,1101.1303692628733,1093.1517656952103,1098.4755285427814,5818.644935144128
2025-06-06 03:00:00,1096.1388847476908,1103.282393454219,1094.9222115006576,1096.969442049893,5558.174117745243
2025-06-06 03:15:00,1104.923806516983,1107.0698714999146,1099.8055694689085,1099.420512291841,5448.135244049139
2025-06-06 03:30:00,1103.951284376332,1115.933426794147,1104.2815172211083,1105.9154482810334,225.4746635416202
2025-06-06 03:45:00,1090.4902593600164,1096.0885661465009,1082.9209790655214,1088.8307608906389,5206.766732758495
2025-06-06 04:00:00,1073.8710983168774,1083.898835201005,1072.286802439516,1072.7870319416095,5650.821185044809
2025-06-06 04:15:00,1065.6812104206122,1077.031165786973,1066.6101111159412,1065.4933616723272,2373.543938672417
2025-06-06 04:30:00,1079.372657658414,1081.1409900537246,1072.6834864218847,1073.283687820156,3139.277394946697
2025-06-06 04:45:00,1068.2739361358963,1077.6209437558955,1065.7152945273206,1068.859940111529,9673.46287414508
2025-06-06 05:00:00,1074.48839507339,1073.4718707494571,1062.2535996429424,1070.9436408488286,1843.6660885455904
2025-06-06 05:15:00,1060.271128772922,1066.3701636027174,1057.3746046235567,1065.0878894955308,7806.503243467722
2025-06-06 05:30:00,1057.9575142465044,1064.7899468887465,1056.1779723867965,1061.4478321029062,2089.539457796341
2025-06-06 05:45:00,1061.3680147639811,1064.1794163237835,1054.4558822229271,1061.4232784334156,3987.8651181107243
2025-06-06 06:00:00,1033.13066699516,1042.3103598644227,1032.2635380449665,1031.6478016409815,6711.837883619587
2025-06-06 06:15:00,1050.650755649617,1051.8741779127413,1039.3310768792896,1044.4575390348923,7954.743148627301
2025-06-06 06:30:00,1049.0172255749721,1055.0259809617228,1048.7057535937734,1050.4157425885212,8920.421972235341
2025-06-06 06:45:00,1049.6015903681725,1059.5531213352992,1048.4324751377724,1056.5170031251046,1748.007515517078
2025-06-06 07:00:00,1038.6896784266369,1045.1680057066683,1033.083582608922,1036.7837677503244,5304.126768370199
2025-06-06 07:15:00,1042.5567472169978,1046.8892732677195,1037.49715466807,1045.9870817605897,423.21153033461206
2025-06-06 07:30:00,1008.628295648467,1008.91790820763,998.4487657397225,1003.428876534013,6906.518190385945
2025-06-06 07:45:00,1045.9278306405038,1046.9881941051563,1039.3139445791485,1047.0971609827443,6255.666654033518
2025-06-06 08:00:00,1040.6063517412904,1046.0596914410305,1033.067149037129,1039.4891242767605,3009.8019985233377
2025-06-06 08:15:00,1027.8453490587028,1032.4536088546747,1025.9595983089882,1030.076474558862,7168.793703483736
2025-06-06 08:30:00,1036.271612996094,1044.9206056682629,1036.541925031735,1042.4920350851658,9430.901883158927
2025-06-06 08:45:00,996.6021758450322,1003.7234944510594,994.4451119769318,1002.6701714526398,8480.591870346438
2025-06-06 09:00:00,991.4080674296391,997.4733429410229,989.0996810620366,989.2647289387613,9019.609456056041
2025-06-06 09:15:00,975.7396904593785,984.5741845985058,972.080873250378,976.5828881194757,4342.235926565853
2025-06-06 09:30:00,970.1631754141763,970.6889509824312,966.2995603724885,972.3337711168107,5290.5538736504495
2025-06-06 09:45:00,969.7532293139054,977.9134104625638,969.9589744459636,976.4578614005924,3047.3537728318643
2025-06-06 10:00:00,996.3028091750201,996.8350583548572,986.4956520269453,996.4394448418867,7857.31935264465
2025-06-06 10:15:00,997.149652449476,998.1763388601677,988.1114488739618,995.9865261278677,9337.391150381087
2025-06-06 10:30:00,987.7717240612889,988.9720403198933,976.2426807133777,987.1454397663239,9493.155925317475
2025-06-06 10:45:00,1010.0947933161364,1009.7521124444288,998.9658979244887,1001.8791766780301,7349.195529961354
2025-06-06 11:00:00,993.8196216449907,995.0489443130222,986.7299981768003,995.8506269515794,2345.4611584548206
2025-06-06 11:15:00,975.6748833219981,979.0102889960375,969.7822316849073,977.864115662431,6812.975579194549
2025-06-06 11:30:00,982.4559526425226,982.2885799045757,973.1799528032847,974.2628779291102,907.5566220352883
2025-06-06 11:45:00,962.0230923198859,969.0968892086105,961.1110077671881,969.2279511198697,583.5996555682327
2025-06-06 12:00:00,974.9168447789947,980.6014297758948,974.0752170070757,976.2017826402492,1388.6245464181986
2025-06-06 12:15:00,951.0962834225186,961.3398578905562,948.6843683412346,949.5451984416461,5132.78337573645
2025-06-06 12:30:00,947.714175641453,959.2844915834728,948.371660071493,949.1527022596971,9282.949419687466
2025-06-06 12:45:00,965.39124669986,967.0313931236274,956.2906889250128,965.6511508032171,4037.796229032469
2025-06-06 13:00:00,948.1569446174315,956.1197583942089,945.1982243786815,944.5437260764747,3430.596370241329
2025-06-06 13:15:00,938.1699415321494,945.210495824579,930.9801016000914,936.5212111139418,5070.739651355706
2025-06-06 13:30:00,941.9519777543842,947.2676248862099,942.5049735023644,943.8061268815245,924.0714361234137
2025-06-06 13:45:00,936.3380154024189,942.1530688959878,932.5248450304202,941.8256397336169,7276.998523161654
2025-06-06 14:00:00,949.6888609102381,954.5090111107047,947.7935951451865,952.4336925077132,2798.7048270408463
2025-06-06 14:15:00,956.4536219434095,968.762490355216,955.5312690274841,961.2577693757814,2835.124376507445
2025-06-06 14:30:00,925.9703844535102,935.793202987111,920.4520397227309,924.7259918368048,2231.108987525473
2025-06-06 14:45:00,942.8612626287535,949.5429663955506,939.0438334210284,947.6354845364391,3602.592158600969
2025-06-06 15:00:00,950.7659142362335,953.8900436480479,944.2825681891269,951.9425434140081,6932.644923149954
2025-06-06 15:15:00,974.9684163252268,979.4570650370835,968.0601344226011,974.0639762889857,2045.9011019500217
2025-06-06 15:30:00,957.8560948721937,963.5920729202451,952.3671618177636,953.0538088360034,2787.7760698843517
2025-06-06 15:45:00,936.8480264758167,945.8447265869492,932.3727545665851,941.5774238736583,588.5335074119002
2025-06-06 16:00:00,941.2121620632233,947.429600914132,937.9598949708395,945.1510272823137,1483.9020286373593
2025-06-06 16:15:00,944.1894875938924,950.7454593679633,941.4649000768717,939.6048660725065,4929.882029141774
2025-06-06 16:30:00,944.3083333514717,951.541285825912,942.3065009079742,946.116271346772,3136.885506067737
2025-06-06 16:45:00,935.6119089521694,938.9368299146867,924.3179668829869,933.2320935568488,5002.910132078943
2025-06-06 17:00:00,935.2783241582397,940.9799069995796,927.1024960143014,931.3765130405529,1735.5792813833357
2025-06-06 17:15:00,957.0959069255393,963.9472870016054,953.8923005965859,953.9430613519287,5812.8079792174685
2025-06-06 17:30:00,975.740526633493,979.605952422322,970.1695581509924,976.3465511669048,4720.159065104054
2025-06-06 17:45:00,960.940266090866,963.6975220395001,953.9652876627969,962.1417755095082,1538.6075174482708
2025-06-06 18:00:00,939.0455612475401,941.1261414128738,929.672407709598,929.4832440580034,6161.059253915682
2025-06-06 18:15:00,944.535398523494,949.0110821356186,938.4398282748236,946.9303719675416,2738.9785261601887
2025-06-06 18:30:00,933.9299553711024,944.8879518512181,936.6336159838118,942.5397895317407,4868.277432767355
2025-06-06 18:45:00,923.9845230346609,928.7428179910015,920.533288484424,927.0279133019117,6079.961202522442
2025-06-06 19:00:00,919.228524280024,923.9533754842691,916.4089851440369,920.1705206462776,2078.51864498773
2025-06-06 19:15:00,912.1044002358225,914.4202172448772,908.9722233525479,913.5284751852444,5054.517555333004
2025-06-06 19:30:00,912.6289216712887,911.6936988298702,901.1378978504466,911.3844427217241,6419.041525444407
2025-06-06 19:45:00,897.0583679470532,903.9985895162882,897.4167329263864,896.9037821361998,4439.8238784632795
2025-06-06 20:00:00,926.9166866317244,929.763190857222,920.7625626859326,919.8940455925948,6400.479865396348
2025-06-06 20:15:00,898.8261387385727,908.7614938335082,899.1766616638928,900.2860786289539,4900.60360039542
2025-06-06 20:30:00,914.4420936193234,923.439017380188,908.6329643338687,920.7583009665009,133.76689516569587
2025-06-06 20:45:00,890.203475069415,897.0689693117217,889.0153243797201,893.7486335738764,2049.366424315479
2025-06-06 21:00:00,868.7350881468468,874.2307690367273,867.4171226970482,865.6321881832754,6626.257232583785
2025-06-06 21:15:00,874.5036726957351,882.5653058056972,876.4556940342217,882.1499137251167,5540.380530427838
2025-06-06 21:30:00,892.2565961698306,897.4640428038254,888.7123453129892,896.1608730892126,8561.072424775117
2025-06-06 21:45:00,903.5811950294943,908.2984710406594,899.1190693822887,907.8003952953001,8286.676058453593
2025-06-06 22:00:00,873.9640602974307,879.5350915711075,869.3998106447916,881.1831507251422,9010.490626361263
2025-06-06 22:15:00,875.1774149054951,874.1035757800888,865.7016430916024,869.8536998752737,9206.957267294683
2025-06-06 22:30:00,875.6151020819634,874.8165873330703,866.0101642985369,870.0469832376577,307.896674002389
2025-06-06 22:45:00,859.626818201362,869.6123960045973,858.1681285596343,859.7853462630916,2032.1414248253925
2025-06-06 23:00:00,851.2748236318329,861.935218586557,851.8608542465731,852.8106372819055,8798.278604434992
2025-06-06 23:15:00,859.6506502532699,864.5794129550609,855.1257981452295,862.1260465007323,3757.2526477128094
2025-06-06 23:30:00,859.0024995147065,865.395400564363,855.672227936844,858.0032525550356,8022.0658049282265
2025-06-06 23:45:00,864.4560434515789,863.9891903530029,855.9158880333761,859.7147818770118,2238.756371766184
2025-06-07 00:00:00,839.1015600923465,842.1880133578358,835.3025294557444,835.7748330621905,4241.223038861499
2025-06-07 00:15:00,818.0038696912962,825.451575820066,815.4388994619029,820.3193350665996,6337.709592279106
2025-06-07 00:30:00,813.6604375884373,819.7527256545254,805.5207512092594,817.1743796756325,3995.8627072066115
2025-06-07 00:45:00,812.0102495635389,817.5276614559898,804.1363455172019,805.7902528016734,9152.647544118992
2025-06-07 01:00:00,816.8642975885997,826.8727191380332,817.9271148269362,821.2093286258074,934.3497019083068
2025-06-07 01:15:00,803.1604393695724,811.179683987764,801.072080963949,800.9632639845108,8922.668052980938
2025-06-07 01:30:00,805.0275371442679,812.4308069790236,801.7814962468562,812.3467165887085,3082.542788022799
2025-06-07 01:45:00,804.9123494043303,809.301082602991,800.3280244395055,805.9983941068269,9692.250416375
2025-06-07 02:00:00,813.6611228943077,816.5423331809824,806.2770546681955,814.586225324837,5284.774026984257
2025-06-07 02:15:00,812.2558162894549,815.0735114112715,805.667175611697,816.0385772382903,6033.042586297083
2025-06-07 02:30:00,819.131802503923,826.2023952888013,818.9322607394993,818.5679939299346,8953.734705828252
2025-06-07 02:45:00,835.643257793842,846.809474297341,835.4418747181513,835.9458792788544,8495.547535879685
2025-06-07 03:00:00,823.9024514399247,830.9328608561489,821.050102664811,822.2358505278258,9695.030620433183
2025-06-07 03:15:00,825.8839272700751,829.7373316081206,817.8817216275204,827.4218370797163,4552.592146004379
2025-06-07 03:30:00,844.7334430260292,853.2426372746628,838.4771188545415,843.1310438715265,3039.8280163776603
2025-06-07 03:45:00,836.8351044205119,839.5453248721466,830.8091767961461,829.3929837060281,3605.311019768863
2025-06-07 04:00:00,842.2649064373663,850.6199142329159,842.4576435870686,848.5985615218735,1055.79207969325
2025-06-07 04:15:00,868.3084097470776,866.5273049036676,859.7465861430137,865.7652613607737,2025.867546887676
2025-06-07 04:30:00,863.775333443768,868.5117645525693,861.8574657390333,862.3071921768696,8162.817516046023
2025-06-07 04:45:00,874.0792478074574,882.8737442342377,870.7347703680794,873.2129749523336,7074.596321121654
2025-06-07 05:00:00,857.6536555313205,860.029091135049,853.3484797408089,861.0764719278903,8237.65019705581
2025-06-07 05:15:00,852.7061565902661,857.3720138129361,846.3462462639909,850.3356209445047,1436.5000190482647
2025-06-07 05:30:00,864.8074909462875,867.0184566536483,857.905503480651,865.5250182982714,9982.936696460123
2025-06-07 05:45:00,839.0225299872269,847.8963182486121,833.3222824280629,844.6805817137122,1503.784601869101
2025-06-07 06:00:00,843.5660687144109,846.1989013277514,840.1951379040466,848.5998405263008,5748.248414625517
2025-06-07 06:15:00,847.0573396222184,847.7340689928395,839.415936641257,843.477698230798,8333.823870694254
2025-06-07 06:30:00,819.1957083066699,825.6116044720193,816.3982728737092,825.7463951199887,1778.1296226074874
2025-06-07 06:45:00,808.2838481134515,812.7000070283134,801.6932700618687,806.5988051032557,1257.0811432611713
2025-06-07 07:00:00,820.1066399065384,824.6193793171055,813.2657844581717,818.115587650577,9732.243705099361
2025-06-07 07:15:00,823.167665816769,830.0898012180404,819.1543739334483,824.2457232123733,520.8541483654731
2025-06-07 07:30:00,832.1196879680239,832.7246879813983,826.3724468880423,824.687146323541,1819.6535884887335
2025-06-07 07:45:00,830.3497847490419,832.3189339369441,818.9388557267774,827.2603337464944,2899.3654257702406
2025-06-07 08:00:00,813.2573981516882,818.7060998522552,810.007472529643,816.7825072051231,2244.1952123923706
2025-06-07 08:15:00,808.5290556640344,816.1042246387633,805.4840270622826,809.4666476933568,5735.870818760438
2025-06-07 08:30:00,811.2882785752357,820.0329809662237,810.2497055308036,817.8816214547267,7576.603428260106
2025-06-07 08:45:00,787.319926638729,791.5240025950217,780.6494680871299,787.0038255866937,3005.7974818850616
2025-06-07 09:00:00,805.9237345933075,811.8658803615957,804.5361869733817,806.4291400101172,6836.769419670055
2025-06-07 09:15:00,830.8885368650078,840.514885524252,829.9227332919402,836.1935727006734,8341.834098599553
2025-06-07 09:30:00,853.3967542624442,863.5738655360491,849.9489111425902,859.6063832031733,3698.391001129538
2025-06-07 09:45:00,876.8168176479219,889.2256449527367,875.6207603519927,881.2919741890111,2636.762914575223
2025-06-07 10:00:00,882.8554796452393,883.5839927654771,870.4518050695167,878.062283524376,4878.033888188692
2025-06-07 10:15:00,882.8360020028477,894.6397352142178,882.0827242052865,885.4685136091401,8086.657195127265
2025-06-07 10:30:00,894.2700867333202,893.1371287248913,884.7550168000317,891.3449050240438,2100.4408965515577
2025-06-07 10:45:00,873.2743039182461,876.0545418131582,862.8009860836235,864.8864131936106,8641.062586641528
2025-06-07 11:00:00,866.2990251183604,870.1334302102193,860.988156944921,870.8708976319455,7052.156091510729
2025-06-07 11:15:00,871.6222396650279,872.4502087908097,860.0701447985483,864.2744801278371,9738.099980246549
2025-06-07 11:30:00,863.9365722317037,870.2940789202039,858.6687416466796,863.8304824031939,7687.875702294001
2025-06-07 11:45:00,856.4482385393464,867.6140267853597,855.2123280374176,861.2987470945362,3847.6720362598203
2025-06-07 12:00:00,843.4152330533711,851.1640718360774,838.9571588917622,840.4143895685849,2814.522239092816
2025-06-07 12:15:00,847.1876579275305,850.3574727643892,840.1175021426544,848.3823333123789,3230.8177512272987
2025-06-07 12:30:00,837.1046550688909,838.2434250650618,831.6229066283615,837.2595048257106,6375.309240260371
2025-06-07 12:45:00,825.4319810388014,833.4942437728372,822.6344176017664,833.346669137467,1595.851647341463
2025-06-07 13:00:00,813.8816670960567,823.631421166758,814.4218102745306,817.7399765174154,6225.022848816904
2025-06-07 13:15:00,799.3996390418054,803.2116549438765,797.3704998147665,798.9142059148311,5355.528462271269
2025-06-07 13:30:00,798.9987073193884,805.2919375914267,793.3281507124148,803.5006583939415,1675.3949173674916
2025-06-07 13:45:00,810.4044788835629,815.4832473316901,805.4095566861956,811.9920141462559,7604.0395306614
2025-06-07 14:00:00,818.1953274413969,822.6425211337644,814.092983708365,820.5860748541503,6319.1561153139455
2025-06-07 14:15:00,802.8425965704696,806.30620293144,796.7530927506367,800.8061519196948,2627.7323058381508
2025-06-07 14:30:00,780.3892824580432,791.7696045379845,776.7581141117146,786.2303788876245,1654.124364370934
2025-06-07 14:45:00,789.4092533702681,793.1759991813935,782.5433647249029,790.0112371883686,4628.110594349793
2025-06-07 15:00:00,779.9861982496046,787.1944259206012,777.1587644025026,775.6385162714947,8499.399013260847
2025-06-07 15:15:00,778.9511902694115,781.3076378240138,770.958909088332,780.102397075432,5514.495830223063
2025-06-07 15:30:00,748.2655750990102,755.0678359607208,749.5066407733785,756.3606548439058,6808.0783671689005
2025-06-07 15:45:00,754.8222146987654,756.822286099792,743.921728182794,747.0767779472853,538.1555954642197
2025-06-07 16:00:00,752.8589281846863,757.5298235571826,744.7266276885291,755.4989308774061,2270.49164137112
2025-06-07 16:15:00,751.7225052780884,757.4900804602207,746.4342951380429,746.4847597769555,8051.329355683459
2025-06-07 16:30:00,764.788082176874,769.3190344640817,757.5871453128223,763.9634044587041,5240.089971504505
2025-06-07 16:45:00,727.9084343280226,736.048165839092,728.9880171108884,728.530916337877,7302.711174188668
2025-06-07 17:00:00,733.4517056689482,736.3429276062327,728.1899828031917,728.820171312532,6370.626791508883
2025-06-07 17:15:00,747.6815224309964,755.5196473618759,742.9254162732834,747.5302182678513,7650.694708461998
2025-06-07 17:30:00,770.0762585673914,773.0653140324895,759.1902084322562,763.5522525774699,5166.1988798239045
2025-06-07 17:45:00,766.711641354619,775.0451294442083,765.4083625173824,771.8283217268746,299.0446392403644
2025-06-07 18:00:00,771.8201172473629,778.8630095301879,766.1437498430872,770.7890285105511,9926.298957811015
2025-06-07 18:15:00,756.816561772514,765.1555696660214,752.0906884487111,755.142440215847,5812.071803609412
2025-06-07 18:30:00,754.3274808622823,764.5039304784626,751.984060619552,756.4581134064701,5028.899321645104
2025-06-07 18:45:00,761.4353195657279,766.1503744049285,752.4841488243777,758.6453586028695,8018.536187913153
2025-06-07 19:00:00,750.8436456553358,752.7863948378861,740.5696252787313,743.227429317263,3416.9140130984747
2025-06-07 19:15:00,744.6824679013855,750.9030285228854,737.8243866363558,745.6767729821019,1866.5963871843167
2025-06-07 19:30:00,752.6797677566718,752.504070466028,744.3736854044695,752.1077894756032,3708.511469418172
2025-06-07 19:45:00,769.5960828135942,774.5313919877374,760.1512057814459,764.2677280907739,7914.032563207593
2025-06-07 20:00:00,780.6325763987893,784.6318568115034,770.6436596342334,774.1796240510103,2379.1798125351934
2025-06-07 20:15:00,747.8545586781867,758.7007681613474,750.4511977853226,756.3315054346193,4363.407001836056
2025-06-07 20:30:00,777.3114754034885,784.4554203619092,778.3212859017319,781.3652297494189,324.7176696046321
2025-06-07 20:45:00,801.6543201131108,802.1054661492601,792.9200364627851,799.3900734144498,7647.5589526782405
2025-06-07 21:00:00,803.2431237634277,807.6310313742956,793.296621480962,802.3153671178344,7340.560974643892
2025-06-07 21:15:00,792.2585531038558,798.2066911975843,786.3232961194556,796.1743348871147,8439.942786855743
2025-06-07 21:30:00,821.8008510155047,828.4619024256264,817.7402130369802,827.2924347149327,6012.826970082523
2025-06-07 21:45:00,814.9726903714317,815.7296056842995,805.4544748774728,808.1109186885685,8871.47526704053
2025-06-07 22:00:00,802.9605179470113,810.1438203226501,798.5291910060264,804.6736996771718,1015.3847275530317
2025-06-07 22:15:00,794.3620454600508,800.7435555902351,787.7295077717662,798.7532217977052,202.19299130541208
2025-06-07 22:30:00,789.3986054248309,789.8217779371081,776.9222709944166,782.7484438375868,7881.553865213198
2025-06-07 22:45:00,802.5292854665743,801.8588777335654,793.9498828125485,798.7984246156051,3583.295083132844
2025-06-07 23:00:00,797.2456846102074,802.987564820512,793.6075910532326,801.8773042155885,9469.26199463765
2025-06-07 23:15:00,816.1693286985351,825.7298641116447,813.9964646871033,820.8614690005453,7037.029154213239
2025-06-07 23:30:00,814.5281721401198,821.0735397716911,810.2524642104808,814.2344163790108,9411.905326280372
2025-06-07 23:45:00,814.0578023855709,814.8612112105877,804.9734888223358,815.013533940511,3093.921340841522
2025-06-08 00:00:00,806.0415716739866,808.04264446512,799.0060544300926,801.6301859290263,5957.094247659804
2025-06-08 00:15:00,814.0914074239837,818.631544144849,804.9292358751258,814.5360592720394,2530.064004325383
2025-06-08 00:30:00,826.9152173716251,835.3767858993565,825.4288051837985,830.9806725574341,2927.6457013511904
2025-06-08 00:45:00,828.2608940918435,829.337702568427,820.0979909974546,829.7295899505228,6258.451807229188
2025-06-08 01:00:00,818.8994987823771,825.838623032812,816.2910045039131,828.7399263372884,8572.681916797788
2025-06-08 01:15:00,852.5648789808092,858.4702083220134,849.0088296984919,851.7090200939068,5775.511307139344
2025-06-08 01:30:00,848.3770738606788,846.7491523038461,837.4412321494223,842.6575041473349,5495.542502773437
2025-06-08 01:45:00,853.6680781851862,864.247212796011,855.9734062707091,855.012250271375,1407.2450589237822
2025-06-08 02:00:00,843.952747613679,848.0982795131632,838.4549540653069,846.6265905871992,6452.708600221135
2025-06-08 02:15:00,849.5337656408147,858.6797763833257,849.4316728770624,857.0594203266463,7485.644311387284
2025-06-08 02:30:00,867.9061778269586,874.6664364998677,862.5569372534889,862.9551433671883,4217.100627532309
2025-06-08 02:45:00,859.3851421654053,864.9250775300369,856.2266727163087,854.9111861117241,5423.876347845466
2025-06-08 03:00:00,877.5783409996116,878.5690601284647,869.5526056720677,868.8677690933863,6650.100424676916
2025-06-08 03:15:00,876.8683723626666,877.4423399576581,870.6206062179273,871.925536007527,6129.095811191786
2025-06-08 03:30:00,832.0060026630639,842.9143645638972,827.8439428410862,837.457678925403,5440.230831605813
2025-06-08 03:45:00,866.8563348491272,870.1678518921983,859.1533064916697,863.3935098257189,1477.2089691963733
2025-06-08 04:00:00,873.1142918394465,874.893803099381,866.281270267827,870.3899175672711,2826.868299244174
2025-06-08 04:15:00,867.5946512365092,868.4145464966739,858.837880774126,861.9192100315522,7207.056273858743
2025-06-08 04:30:00,899.5611147975493,900.3352418374858,890.7427365378612,892.2300014906369,6735.548991826174
2025-06-08 04:45:00,906.6796604808172,909.0078017262396,898.0899648342786,899.8769474634063,7787.364450033194
2025-06-08 05:00:00,904.4349912512796,911.9627901257476,901.4538659548517,911.7270519625419,8514.247117400508
2025-06-08 05:15:00,956.5292896943615,963.6426337538411,951.7960802725761,959.3316596069883,321.4619302226138
2025-06-08 05:30:00,980.3708855955203,986.9734743917579,973.6593529731998,984.6710207924455,2487.5991176168395
2025-06-08 05:45:00,964.0064975316077,970.7424869690655,956.6061154217142,961.503872263798,4445.253029828215
2025-06-08 06:00:00,941.9439718161615,946.1292267915157,934.0811999411679,937.8233916181373,1564.4239656312564
2025-06-08 06:15:00,941.1857596811662,949.1435638928767,938.4104525838675,949.0193234015803,1900.1286806657563
2025-06-08 06:30:00,929.2744434683732,934.6059836030144,924.9790336634727,926.3505568549753,2428.4491621569655
2025-06-08 06:45:00,954.8585721280142,963.7616780575995,955.7364964951536,954.3103750754613,3747.0108110355104
2025-06-08 07:00:00,929.0811251150918,934.2051029850793,921.6403928946864,934.212073690071,5429.752750594467
2025-06-08 07:15:00,939.51230956057,945.037382332007,940.1032626327103,940.4484773937202,4752.340375907067
2025-06-08 07:30:00,925.0406308505223,930.8259990340104,919.9738690214199,923.0234741961287,5699.372291058527
2025-06-08 07:45:00,911.4819926722624,910.4171812658332,904.020305986712,911.992905176263,1839.4525491328325
2025-06-08 08:00:00,890.8900860091044,902.1534165603099,891.9331848413078,893.180119277861,1633.986349805303
2025-06-08 08:15:00,891.9580596496259,897.2126967872465,890.6797256934786,898.6677657061913,673.0552041353825
2025-06-08 08:30:00,891.2921763390398,898.8851162552844,893.833482710555,900.8685768910849,9901.091956513865
2025-06-08 08:45:00,905.2235406736734,909.0914742179863,899.4767956907408,901.6058852538002,9155.089830926523
2025-06-08 09:00:00,914.2179577840012,918.6440615618576,912.3087404031811,914.0525779692317,4909.071868503867
2025-06-08 09:15:00,898.7502844631624,905.6492855187108,898.3071454645265,899.7779620457051,3937.7527507479335
2025-06-08 09:30:00,925.9972196948936,928.8325631562335,918.9260402151712,925.3279024983805,3739.3171928576103
2025-06-08 09:45:00,923.7075884034311,931.2437211225576,919.916134260313,921.420369747826,5754.727213295206
2025-06-08 10:00:00,903.014757426133,905.6742035785508,892.8682976415807,896.7031309153721,8589.526000307453
2025-06-08 10:15:00,902.08348577157,903.9294378891552,895.2767714899176,897.8289449321511,7233.987785552048
2025-06-08 10:30:00,901.0605688905835,908.5874876577249,896.8750545472615,901.8554227990111,6408.418422733226
2025-06-08 10:45:00,889.0137764933221,895.203440634369,886.627042432722,894.9654495277493,3081.439083901112
2025-06-08 11:00:00,895.9133684912764,904.60737008669,892.0217956705235,898.4512164497812,5266.637317645108
2025-06-08 11:15:00,890.4142866770003,899.3160751277309,890.2330164960284,897.2002755252137,3995.206820934772
2025-06-08 11:30:00,908.8308184795052,915.8393173917699,904.7886324621059,909.0997034435628,8357.667188089745
2025-06-08 11:45:00,941.8588243865214,945.114183256807,936.3315373901157,939.2889728472387,7375.442227795416
2025-06-08 12:00:00,936.6779972647822,945.901369383702,937.9364829830803,942.4523028213911,4594.971119255533
2025-06-08 12:15:00,945.7610004649998,948.4272931326076,939.0988386172756,938.5362128070533,2576.636966177917
2025-06-08 12:30:00,943.0347858178245,950.1829234505752,943.1742025129246,949.39233630367,8582.068457508192
2025-06-08 12:45:00,941.7017228074055,950.0920117090266,940.4166512010975,938.3434253182814,4116.304370605928
2025-06-08 13:00:00,976.0513775374443,977.475749262064,964.8267484608922,969.491096812573,8330.896869294793
2025-06-08 13:15:00,949.0099445786543,956.9138585985114,942.2749949642249,947.0654820405756,5807.6983033189235
2025-06-08 13:30:00,964.9597166387456,968.7526718671385,955.2868498606896,963.8753981167213,5195.685785039024
2025-06-08 13:45:00,962.1388638366159,970.1292928970427,962.8543033864447,960.3628945268391,6654.722324518036
2025-06-08 14:00:00,962.42617462053,974.075056456715,960.9012460303738,965.8260682059833,1510.0783330624836
2025-06-08 14:15:00,974.1562268585151,977.0839696150532,967.7389115445882,969.3667962099888,7955.591186513302
2025-06-08 14:30:00,967.0499550883039,973.2169899405555,962.053471801938,964.6750251502353,7816.210669084719
2025-06-08 14:45:00,956.0488501515227,957.9958870715877,950.2234989519552,956.6497547745911,3125.5912165996333
2025-06-08 15:00:00,956.077354019031,963.0801921087968,949.7492355981357,959.822174846897,3424.4680997636533
2025-06-08 15:15:00,964.6247411831695,972.9853193309757,960.6029271027388,970.4878224236461,6398.322298616816
2025-06-08 15:30:00,990.2872777796733,993.5013268356381,985.5775034333437,994.761420581793,927.2723358294788
2025-06-08 15:45:00,1020.0868462028752,1025.7896329901682,1017.5156427974057,1019.4066487321045,9290.394225402404
2025-06-08 16:00:00,1025.4330446355152,1024.6353749945963,1016.1060146604088,1023.8051429715847,1982.8276152706776
2025-06-08 16:15:00,1012.2256583251848,1015.4019075055295,1001.3562080719424,1008.5297708431414,9798.131104188866
2025-06-08 16:30:00,1020.5464129850951,1020.4902487810256,1012.2393298608586,1017.2798212543397,6756.876385609936
2025-06-08 16:45:00,1019.7419233154404,1021.6932296533142,1014.1513227460903,1021.034603802939,410.620577817771
2025-06-08 17:00:00,1001.5089273206531,1004.1007845434139,993.2894578737433,1003.8096159063491,573.2723358905173
2025-06-08 17:15:00,1019.0878748749561,1020.8451848360921,1013.1574995748659,1016.4906799083072,340.45162417779005
2025-06-08 17:30:00,1043.6356495525235,1048.1637410129517,1039.4335650593084,1040.1824872835464,5508.731582682144
2025-06-08 17:45:00,1041.5577265105483,1044.9278246096503,1033.1247937717026,1034.6088794948141,4520.477459032696
2025-06-08 18:00:00,1051.9732023874958,1051.4538010755764,1040.1273617805195,1051.476235916349,5707.702594436584
2025-06-08 18:15:00,1068.1654748594779,1076.9605648209642,1063.0421928804667,1066.8654112693591,3997.2365007370527
2025-06-08 18:30:00,1050.1932195435047,1054.3376937662167,1044.2884785843967,1053.1810692342037,6042.27064685854
2025-06-08 18:45:00,1060.9639916183883,1067.7480867740655,1058.3000863649795,1066.077030149226,3615.6167009686674
2025-06-08 19:00:00,1071.4650646581706,1079.2848791808547,1069.4677166727395,1071.889686846819,9845.833347934955
2025-06-08 19:15:00,1079.528724728509,1085.1360928657848,1074.4494532905474,1077.3425661695521,5401.564054459267
2025-06-08 19:30:00,1054.6280206544575,1063.7288492563996,1051.8901437453403,1055.1993411053302,6982.4891736071295
2025-06-08 19:45:00,1085.7124406242406,1090.3182789077903,1083.1070329300794,1085.2609340825013,2199.4843669089914
2025-06-08 20:00:00,1094.9651815617744,1099.4092507157427,1091.3289149014652,1096.2598323032448,440.8879382210041
2025-06-08 20:15:00,1083.2566532061924,1088.8975545163612,1079.1299611204367,1085.1162453498237,7418.6846786759525
2025-06-08 20:30:00,1080.1744797588904,1080.1721019154836,1072.3512538336893,1079.3758320031416,2114.8052131015993
2025-06-08 20:45:00,1068.540409630608,1077.5452490667976,1067.4426764277366,1068.4083940692424,4609.641646962602
2025-06-08 21:00:00,1068.2216240620323,1070.4886435718965,1062.314397567631,1060.681959166928,547.9652686367899
2025-06-08 21:15:00,1057.4133738080013,1061.8469969506718,1053.122250046864,1054.906296269846,6553.71693144097
2025-06-08 21:30:00,1090.6844085157115,1092.0781324483637,1082.857168988201,1093.769840197088,3729.872859673689
2025-06-08 21:45:00,1092.6524963782563,1090.5113874349474,1080.1684666747753,1091.9874835423118,4383.463692496595
2025-06-08 22:00:00,1064.2913850701188,1069.798213438255,1058.2690667093916,1062.4671941468882,4220.745165573191
2025-06-08 22:15:00,1074.9811659480215,1078.6649209829789,1066.711639714847,1077.412823743264,5278.481118506024
2025-06-08 22:30:00,1054.4079366858607,1063.6223534505593,1051.4813576996432,1057.3851067468945,8140.944483688818
2025-06-08 22:45:00,1083.4825582743094,1095.1089444417164,1082.1773313552355,1087.0210961675846,9583.471797637389
2025-06-08 23:00:00,1096.3597854256518,1104.5905462744718,1092.8021868470814,1103.0497786546157,5886.30722711579
2025-06-08 23:15:00,1113.158219667808,1118.106281119125,1104.5301386026615,1112.9181941173688,2789.153401527647
2025-06-08 23:30:00,1124.0559457776762,1133.3931089994276,1119.2905881549261,1123.488989592629,3578.0846328904877
2025-06-08 23:45:00,1137.8527882878714,1140.1135373531922,1129.0031166495266,1130.06867204945,5361.037292661518
2025-06-09 00:00:00,1159.3781704704668,1163.5671213410271,1153.9150722649272,1160.11014816985,8427.279015898772
2025-06-09 00:15:00,1175.6865956166182,1182.3879103110087,1176.070889915495,1179.4978563117852,7100.565679689534
2025-06-09 00:30:00,1179.9476060983995,1180.8323461244706,1171.4437041163762,1175.7885909686788,6955.970230195795
2025-06-09 00:45:00,1182.0195210891184,1184.7459348314298,1175.4327857056576,1174.6644396697316,7648.993435685153
2025-06-09 01:00:00,1181.6701509497045,1192.6746906672277,1179.2692461800664,1182.8521081227836,6353.160253962534
2025-06-09 01:15:00,1211.433034541886,1214.375189015376,1200.5275700636814,1207.9043370729946,7415.487384664905
2025-06-09 01:30:00,1214.6130085913562,1218.16649920038,1207.0779656676993,1214.4949273244686,1573.157040203397
2025-06-09 01:45:00,1220.4009951200937,1226.9794714140126,1213.5181424747673,1220.4038038061033,8049.488335933215
2025-06-09 02:00:00,1220.694882092286,1227.9366740777796,1218.3893224824317,1218.9546158378948,142.1467487530569
2025-06-09 02:15:00,1200.8173023143872,1208.1482321567466,1199.929169829998,1208.2411773095837,4358.231523858089
2025-06-09 02:30:00,1203.8020090892096,1208.5781511724028,1201.821088956309,1201.5727004882187,4450.976763749233
2025-06-09 02:45:00,1202.7541908273397,1204.0309667807403,1194.6215869193663,1198.9001696448652,7903.872800285067
2025-06-09 03:00:00,1184.3524500427168,1191.0323209201563,1176.6291457945201,1186.2485442781851,2854.3508557179703
2025-06-09 03:15:00,1184.194102840909,1189.571936816721,1182.0554466483813,1187.322705843637,6080.147762668243
2025-06-09 03:30:00,1183.7113682177749,1189.2122553308864,1182.27098207486,1182.5797760188545,6627.9960858667155
2025-06-09 03:45:00,1178.2251458319884,1181.1654301621143,1172.4920274856502,1173.862964990878,9715.34658726128
2025-06-09 04:00:00,1176.1476854418938,1187.2421246479093,1176.624867245783,1177.9532774707093,6724.307396326562
2025-06-09 04:15:00,1195.1675010632214,1194.6225118498546,1185.048259837305,1190.6196752288013,6190.853737832198
2025-06-09 04:30:00,1239.4953121184715,1237.2080460566176,1230.0585058214754,1238.2205579070092,9670.361550092979
2025-06-09 04:45:00,1227.1600397608802,1237.0605763162587,1229.0722474542736,1236.045130313863,9703.531764487505
2025-06-09 05:00:00,1221.4672216912327,1222.8621956022007,1214.8695925062723,1223.3378310777275,7641.131125797758
2025-06-09 05:15:00,1206.6366248658364,1204.6011777947149,1200.0761871840393,1201.2967179452965,963.4573030421378
2025-06-09 05:30:00,1184.3071488621931,1192.5583133361263,1182.7869361600424,1184.9200810689117,8738.226191757332
2025-06-09 05:45:00,1187.6166352032947,1188.7063035522476,1175.6543326362403,1180.563381125275,2517.9354076348804
2025-06-09 06:00:00,1186.8844481117583,1192.9977052312283,1187.6186966995033,1190.1912092273592,1453.1115689738904
2025-06-09 06:15:00,1189.1058966890484,1195.56404228244,1190.2094664883698,1189.2751858019294,6883.742141901216
2025-06-09 06:30:00,1203.4771713191562,1216.0203812874936,1201.8219128086678,1210.0822219256756,7749.813846128234
2025-06-09 06:45:00,1228.8763662837341,1228.135896859881,1221.6826479467397,1223.6418383930206,4199.751183955537
2025-06-09 07:00:00,1244.2002162887386,1252.8683671681708,1240.273038466743,1241.3368336816218,5718.4855881682715
2025-06-09 07:15:00,1232.8938677084404,1243.323491828542,1234.540101553365,1234.8266103787755,3877.7941500406578
2025-06-09 07:30:00,1244.5380054299383,1243.975107490107,1236.7166097817899,1243.4836115422472,6197.485387549852
2025-06-09 07:45:00,1251.1735743577347,1253.3865635935651,1243.0925357565409,1252.177658561204,9249.422548860863
2025-06-09 08:00:00,1252.8853429209746,1258.0107811015453,1244.446087207659,1248.5161506685265,8195.091151843244
2025-06-09 08:15:00,1256.3880739890196,1259.253024113725,1250.2616655860966,1257.3491052027214,2243.983960786243
2025-06-09 08:30:00,1240.2534135019641,1242.6934884389818,1231.9638641236143,1240.7603724195844,7099.437636674554
2025-06-09 08:45:00,1244.4153025818375,1248.51288871884,1238.6427092850254,1237.0543146173682,3138.0533061207534
2025-06-09 09:00:00,1239.7161026892884,1240.718084362173,1233.138491538739,1232.239108757581,9172.68606992102
2025-06-09 09:15:00,1234.5316409260076,1240.3474238309404,1227.9881307210267,1237.2384176837725,1851.1079066131738
2025-06-09 09:30:00,1232.420639200303,1232.9328207298545,1226.3218842889316,1226.1830147329204,9568.865998295374
2025-06-09 09:45:00,1213.117773233745,1212.0425137530892,1206.4332666101545,1205.979758816863,1087.0811403600474
2025-06-09 10:00:00,1221.678855252911,1227.347475926887,1220.118118436973,1224.9779108167293,6798.403070146687
2025-06-09 10:15:00,1218.8214621277318,1223.3834960500844,1215.2460231364407,1218.5729556690276,7483.490331320883
2025-06-09 10:30:00,1236.2943884461665,1241.3239455031628,1229.3426601543558,1232.7345298499256,911.1091047094291
2025-06-09 10:45:00,1210.8512576623468,1215.7627828691875,1210.78749335413,1210.172778887571,2017.4690588019873
2025-06-09 11:00:00,1198.2821870565608,1201.0865172766305,1190.5004032825832,1201.4697522168394,3334.2815354046065
2025-06-09 11:15:00,1200.5486043737296,1199.964968524636,1193.7039486068536,1197.4726126654239,3540.323492836204
2025-06-09 11:30:00,1191.9980809427373,1196.9893769329253,1185.7682652643862,1193.0379967088652,3316.778872774203
2025-06-09 11:45:00,1220.9859052607887,1223.8053278405978,1211.7883167575433,1220.466024519866,7809.260383876555
2025-06-09 12:00:00,1221.103735464242,1223.3374844092646,1214.9702259120243,1217.6077660971907,6890.2020977836
2025-06-09 12:15:00,1237.3351315674802,1238.9364130181189,1227.3766147482436,1231.0104935471172,4291.679798476116
2025-06-09 12:30:00,1216.5598502157886,1219.2101992928888,1209.7183564362897,1216.6483562920234,7273.411210760599
2025-06-09 12:45:00,1245.2591903488492,1252.470145532723,1246.121804024858,1251.4294414143023,3099.258001142983
2025-06-09 13:00:00,1250.8792049701053,1255.731476375283,1242.7509017021832,1253.707208401076,9286.596829376169
2025-06-09 13:15:00,1257.2712978807635,1261.6521229510142,1250.7802401638135,1251.6031737635315,8930.453717184477
2025-06-09 13:30:00,1265.2461223180228,1266.798881975085,1255.1397279237067,1264.2164892869837,5961.452078640764
2025-06-09 13:45:00,1277.9503691503905,1281.1570865898661,1271.6421074285574,1277.392504300363,5151.5529172567385
2025-06-09 14:00:00,1275.3260394688643,1276.2845795015403,1270.8314381937319,1273.5137827319522,6572.688927068673
2025-06-09 14:15:00,1259.2412869381383,1270.844563164763,1258.2379800650415,1261.6664773560537,6866.239705420597
2025-06-09 14:30:00,1261.3231863018793,1266.838312343551,1259.232864483545,1264.5209595832873,5329.996799904859
2025-06-09 14:45:00,1310.3249023553856,1318.12903746291,1309.6572051963544,1316.052906040303,6261.258670972473
2025-06-09 15:00:00,1318.9661455235496,1327.1434233471807,1313.8993399101903,1318.6344418024084,1083.339128280525
2025-06-09 15:15:00,1334.8226480387943,1336.1151684932138,1326.8648759288433,1330.3485110393174,9253.206137415005
2025-06-09 15:30:00,1309.2466594095047,1314.692922560633,1305.048321567578,1310.737687001298,2052.1082786525203
2025-06-09 15:45:00,1332.225200808777,1339.1348622418761,1324.8962750559613,1327.0553305168162,9478.720161541405
2025-06-09 16:00:00,1335.6688901598513,1340.4819003965913,1330.9965699002003,1336.6370169657014,1629.3560789214118
2025-06-09 16:15:00,1332.3528747615783,1337.4539518586555,1326.5988899914057,1331.366286523519,2475.7398832176136
2025-06-09 16:30:00,1333.5936005819035,1340.8685752924607,1332.0357135943068,1336.0211228417281,1329.482564332388
2025-06-09 16:45:00,1353.5708682273748,1352.5724275444738,1342.4912153558482,1349.3225696588931,4416.568379826866
2025-06-09 17:00:00,1357.8792720433496,1362.106323468244,1351.144179825667,1350.9175303004117,3983.5140693862427
2025-06-09 17:15:00,1340.375900604965,1351.4044809057307,1342.7016144741067,1347.7019735990575,5460.164752559533
2025-06-09 17:30:00,1360.422026833044,1363.9136755589832,1353.6583139134525,1361.962364295225,4480.444508363467
2025-06-09 17:45:00,1345.7871238521095,1352.921300689544,1343.8746918491381,1343.2045860205994,9059.764909457843
2025-06-09 18:00:00,1333.9835851003625,1344.6808534965571,1332.107079822637,1341.936468876039,5650.427350280035
2025-06-09 18:15:00,1313.0043059565003,1319.4956215937232,1310.9311545567352,1310.043825979212,901.675488205096
2025-06-09 18:30:00,1307.8449322462645,1307.1035488302489,1302.3462807530761,1304.692377172674,4928.840423912978
2025-06-09 18:45:00,1299.0595020711685,1303.574786260478,1295.358923578854,1298.59220195669,2240.4709806939854
2025-06-09 19:00:00,1285.9283665524829,1288.9541677248396,1281.5104509561131,1281.4417083098729,6365.1570821563855
2025-06-09 19:15:00,1286.6620996145969,1290.6276055809562,1280.398040886238,1287.889486692515,7347.519627451462
2025-06-09 19:30:00,1285.1045117827628,1289.47137351113,1282.4159712429157,1288.0164556119373,9507.720761958826
2025-06-09 19:45:00,1296.4514140967358,1303.8939311640515,1291.0357147572206,1302.558082571834,6191.859361118079
2025-06-09 20:00:00,1298.7240301622485,1305.8659698735369,1296.3633603445737,1300.2338741450606,5423.615341664039
2025-06-09 20:15:00,1318.4901971539662,1321.8760472760694,1315.2090699584273,1317.9343885352991,6504.451766164541
2025-06-09 20:30:00,1314.5725540215014,1325.1074053077732,1315.1887911252475,1317.7410047909816,583.5849873094576
2025-06-09 20:45:00,1324.456029100039,1329.501989588489,1319.4110207535757,1332.1292164831139,4043.817071634269
2025-06-09 21:00:00,1312.3345791537286,1322.8358845947614,1312.9494599262398,1313.5105974726393,5452.84682613945
2025-06-09 21:15:00,1301.6884043997768,1310.7198901908944,1300.7466222306582,1302.2833479525877,6863.7341285526045
2025-06-09 21:30:00,1304.1588991970416,1305.268455146868,1292.1037053423759,1300.940320116762,6259.788417578916
2025-06-09 21:45:00,1293.7599051653601,1294.6811452949166,1284.7789070545855,1294.0378558615737,8053.044434256896
2025-06-09 22:00:00,1304.0189423118356,1311.3326750108367,1301.2134706168006,1310.5548060431713,8748.24119310298
2025-06-09 22:15:00,1302.8044842494382,1308.895702218095,1299.7070755959853,1300.7205563921439,4167.001398542103
2025-06-09 22:30:00,1302.7653168241575,1312.894278995757,1302.736881679926,1304.1895556270727,6857.3710102323885
2025-06-09 22:45:00,1300.4956465551559,1302.7347053054345,1293.1932774099698,1301.711684006783,1804.9461856099779
2025-06-09 23:00:00,1289.57930705803,1292.011977136781,1284.622362517547,1286.3513925613868,9840.155112847351
2025-06-09 23:15:00,1270.4858809844634,1268.9533692591067,1261.983241867314,1267.228905205873,3460.243982106242
2025-06-09 23:30:00,1227.245335143045,1234.4615752721877,1223.299205257283,1231.9552940863196,3923.980928597766
2025-06-09 23:45:00,1237.4560800834622,1243.1371456729164,1233.374372393348,1240.2088241624624,5973.948228836016
2025-06-10 00:00:00,1253.1428117671794,1263.5685856921298,1248.6572879535493,1254.0828631900697,7216.880044443528
2025-06-10 00:15:00,1253.8733224069244,1263.2669614895078,1252.7273629382128,1253.3093511589288,2030.5933587549644
2025-06-10 00:30:00,1267.9136086923702,1277.2036435232721,1264.8880217722701,1271.055933227808,8858.270314032574
2025-06-10 00:45:00,1273.7449646215778,1282.1073427884523,1272.6935102735433,1278.276413204708,8636.237583127717
2025-06-10 01:00:00,1306.2673333720143,1313.9612462989974,1303.2464279530163,1308.17700975683,3875.626799550092
2025-06-10 01:15:00,1307.928339980427,1312.1367724466425,1305.1365425157353,1306.9616461871744,5340.450454132009
2025-06-10 01:30:00,1301.5816147807323,1307.2388876696075,1292.3822930439294,1300.7103560595299,9938.125702021602
2025-06-10 01:45:00,1314.3585050971592,1318.0087688684598,1310.6013811649746,1316.743642299261,5085.4696593848375
2025-06-10 02:00:00,1303.9373494800993,1306.866234398609,1302.2952328941726,1305.4419460275983,1081.0075386978133
2025-06-10 02:15:00,1320.2828445942785,1322.3105543508445,1314.947250095339,1323.1021272012476,9685.342417450465
2025-06-10 02:30:00,1301.6604089411833,1308.6208084467266,1300.2170035992704,1307.8237846787665,6955.65107044303
2025-06-10 02:45:00,1288.8970063580016,1298.1577390601494,1287.4933792743102,1285.9488902246019,3330.711399652373
2025-06-10 03:00:00,1279.8305144829849,1278.9268467043435,1269.438391225629,1272.6410366986245,3271.3872922596256
2025-06-10 03:15:00,1271.8758936895235,1276.4719575837619,1264.2294495597318,1268.3785581998136,4156.092433280564
2025-06-10 03:30:00,1270.382621762814,1276.8982149864414,1266.1595761891374,1271.0442281154506,5708.082716987271
2025-06-10 03:45:00,1261.1913812578314,1270.6137565135127,1256.2851465189538,1261.3936871010935,5212.530723050614
2025-06-10 04:00:00,1250.6897180844082,1257.1427527739033,1245.0881391761673,1256.9757971372296,7208.901965041385
2025-06-10 04:15:00,1228.7953933339675,1231.909682597061,1223.8814601547188,1225.0983073578018,3222.116399754451
2025-06-10 04:30:00,1230.0546414467178,1237.6301168140706,1225.3704302586802,1231.4009745896344,3664.459740306779
2025-06-10 04:45:00,1209.3442171137197,1218.5104976258854,1208.9854552360255,1210.2092113414533,6464.9685190805585
2025-06-10 05:00:00,1215.005394916669,1217.2569206741553,1204.9908321794665,1212.5804959451154,785.9638131560745
2025-06-10 05:15:00,1224.5781184621806,1227.1229629757377,1220.1180749181992,1222.7916992097712,1112.004381400445
2025-06-10 05:30:00,1217.5029792018095,1225.3696074415982,1217.9470519566867,1222.5671522826683,4612.996477246025
2025-06-10 05:45:00,1204.4150542115506,1215.8188373571343,1204.1087791988566,1207.5724936269771,8409.087834898106
2025-06-10 06:00:00,1204.6672327845297,1204.0800265273524,1195.681243224807,1204.8965861809543,1163.676455280484
2025-06-10 06:15:00,1187.085417874505,1190.750371211895,1181.066366405327,1187.9989805786468,5296.507986603107
2025-06-10 06:30:00,1181.279955812088,1191.2332234935457,1180.0357138398458,1180.362088498356,1645.0785459422502
2025-06-10 06:45:00,1173.1075313531926,1172.531866373232,1166.0234059829143,1170.9400568786011,6610.633230774287
2025-06-10 07:00:00,1159.819253020932,1160.1671190552547,1151.0348197870844,1156.9113285773876,7080.463681375147
2025-06-10 07:15:00,1148.593389859465,1156.7693204957757,1147.196424452018,1151.5396134741586,2636.611133345013
2025-06-10 07:30:00,1148.32281700949,1151.907094555088,1139.7608214838106,1147.3739673120629,4630.88123955324
2025-06-10 07:45:00,1142.2958525997499,1143.7975301170195,1133.2997891895664,1142.7635054920797,2741.6825552974956
2025-06-10 08:00:00,1147.0016959628222,1156.218541169258,1145.3372738957205,1152.3866950848483,8404.598815993746
2025-06-10 08:15:00,1132.928783723783,1143.3869525168125,1132.9622911347797,1140.9166871138668,6873.038731738407
2025-06-10 08:30:00,1111.8391599742597,1116.125088409335,1106.0273184689315,1111.790595214767,3053.166337842326
2025-06-10 08:45:00,1126.313548507039,1131.5603611122906,1124.4189801947857,1130.1269842699803,5413.155090036902
2025-06-10 09:00:00,1124.163605001462,1135.3392614823688,1121.4827509122213,1132.9316095958222,856.2689044583307
2025-06-10 09:15:00,1125.3660411190353,1128.3994110081821,1116.9296797707098,1127.2800198504062,1120.6317707245257
2025-06-10 09:30:00,1145.914247078878,1154.694164030151,1142.0550690817154,1152.631599472635,7314.195810850274
2025-06-10 09:45:00,1148.5431025134035,1154.5901935608726,1144.7116152360734,1147.59967251101,7617.76437138665
2025-06-10 10:00:00,1168.555501435316,1167.5423769097245,1161.8156480054595,1161.3708805585472,4740.770679399028
2025-06-10 10:15:00,1153.181390667669,1160.764116229261,1151.0807877673958,1161.9697143914389,648.2192159471983
2025-06-10 10:30:00,1189.196437545383,1192.6098361691713,1185.1626059636756,1183.5188254648392,3280.5139525104014
2025-06-10 10:45:00,1195.1074728082358,1202.6379265113062,1191.197991221379,1192.3000064934029,7554.308433126049
2025-06-10 11:00:00,1187.5267968510573,1191.0016423659583,1176.7237456224186,1185.8589694549446,8924.23489761834
2025-06-10 11:15:00,1170.134146218678,1173.142197006853,1160.3257556720541,1172.584112138712,4591.232190674646
2025-06-10 11:30:00,1170.090613006647,1173.290629470375,1164.766063208565,1166.951176160208,6331.951937327368
2025-06-10 11:45:00,1187.2864912740483,1186.691914401907,1179.0765679966566,1186.5185518566998,8118.639201690895
2025-06-10 12:00:00,1210.9654449262637,1218.0825424453703,1207.1030518708274,1206.6057342706742,5193.153802511938
2025-06-10 12:15:00,1200.015345532816,1203.5109590269299,1191.9685595725373,1200.0018017175578,6212.075637834275
2025-06-10 12:30:00,1215.3266736435396,1217.837290337403,1208.6840750056915,1215.603549573171,9380.22549110928
2025-06-10 12:45:00,1188.3859799714696,1192.1843679777137,1182.497900741714,1183.6006049314165,2744.006855989897
2025-06-10 13:00:00,1182.2653296828462,1182.8335377692113,1170.6282519283359,1179.2375506720414,7228.6702396322835
2025-06-10 13:15:00,1204.2517100200166,1205.6334907061162,1199.781764663726,1206.380519783191,4200.828621362232
2025-06-10 13:30:00,1231.3328249536776,1243.0286949229535,1233.2253095876135,1232.6501382677811,9050.262099785878
2025-06-10 13:45:00,1247.729643235049,1250.8678667445668,1240.9802022458653,1245.9752835955253,1058.8561419874807
2025-06-10 14:00:00,1238.7178829902834,1245.1119289684877,1235.009215076075,1232.7749626544314,8435.002811203107
2025-06-10 14:15:00,1222.804717543003,1228.3983465006545,1215.9331911785112,1224.8767607670654,887.0685932139199
2025-06-10 14:30:00,1223.7619732353464,1229.962602169057,1219.9610990989777,1225.6920746664684,865.8567246809416
2025-06-10 14:45:00,1213.9664297697802,1222.9178817284285,1215.6108180382564,1212.9767621648894,3451.996182646352
2025-06-10 15:00:00,1212.8590182989924,1211.0399011349396,1200.5843357611172,1209.2036002591926,2590.499821553505
2025-06-10 15:15:00,1227.3807834378176,1233.5744688843301,1226.7789207201008,1231.4446959684215,4383.05918526059
2025-06-10 15:30:00,1218.391931701144,1223.5123985468283,1211.149908329356,1218.5145175637465,868.8446629880334
2025-06-10 15:45:00,1208.5957574059173,1219.0499516789907,1210.7628081544597,1212.7459103421625,8399.649621048828
2025-06-10 16:00:00,1219.153383645638,1229.084796490171,1217.3011375480776,1223.2497624693117,9365.168962604435
2025-06-10 16:15:00,1221.8871466745475,1220.987701797929,1215.071458891515,1214.7634944431486,8889.950079447954
2025-06-10 16:30:00,1227.0328286202569,1228.7661073627967,1220.0003692833088,1226.3540448485874,5822.60962742295
2025-06-10 16:45:00,1251.6120623042632,1257.2415887397904,1245.3789370447598,1246.9970049745996,1105.7235192240164
2025-06-10 17:00:00,1277.2046762348477,1281.5741341109663,1271.5308442491712,1279.3310220421936,4090.5343105012157
2025-06-10 17:15:00,1256.7807312257348,1259.5234055556314,1249.9542616034305,1256.4137051405648,163.54823124853277
2025-06-10 17:30:00,1267.1623526974622,1269.6892262127694,1258.1186690577856,1260.9865169680365,2659.446961799221
2025-06-10 17:45:00,1249.900644249322,1258.0727292708264,1250.0008899028526,1251.154883584013,4384.608060281565
2025-06-10 18:00:00,1254.569615194269,1259.8138958754862,1246.6237301805738,1250.354446155731,1793.795702628044
2025-06-10 18:15:00,1230.0830888311327,1234.6093191864802,1223.5201514579167,1224.3937526769917,9338.415906662585
2025-06-10 18:30:00,1213.3824989949305,1217.845728521526,1207.1616959643313,1209.9827442422918,7719.688631419821
2025-06-10 18:45:00,1194.7135858425358,1201.25148874315,1189.7970051006148,1200.5909788789954,5585.348426234698
2025-06-10 19:00:00,1210.0151179451905,1212.7754938052362,1205.5986707786678,1211.6114263876154,391.4072623280246
2025-06-10 19:15:00,1212.7838452494298,1217.7142921945933,1205.6619507468909,1212.668469356126,8002.803306858119
2025-06-10 19:30:00,1168.3352237316687,1179.5808037514812,1168.094366622828,1171.2970832952942,3915.4618240223926
2025-06-10 19:45:00,1148.2699186030713,1159.7034425960278,1145.7986290239407,1156.130200482728,5756.4524461048295
2025-06-10 20:00:00,1159.6561971727147,1167.946022014913,1159.752806966252,1163.2909432472327,2771.7123763402174
2025-06-10 20:15:00,1180.8965032967421,1179.3066084456796,1169.696630693346,1180.6606875631453,5886.452488015596
2025-06-10 20:30:00,1163.4904249216331,1170.4261055035167,1160.3327455483575,1167.78385208756,2229.034565540981
2025-06-10 20:45:00,1162.0139419568623,1166.9709871636348,1158.6578188296448,1159.4612326132315,4348.879826070676
2025-06-10 21:00:00,1179.3279798209978,1182.798099079983,1172.4410184862838,1180.8198440812982,3034.0610147573875
2025-06-10 21:15:00,1154.2647642431925,1156.359493864238,1145.098700606273,1152.5030933773664,4815.047791141121
2025-06-10 21:30:00,1159.329161845525,1163.7938456403792,1151.7433686269833,1155.648341526574,4658.9313418954625
2025-06-10 21:45:00,1183.649291964033,1182.010252005989,1176.1484260954148,1177.5523600049025,7953.400188211079
2025-06-10 22:00:00,1192.1872147667789,1195.9273527386672,1187.3364896202356,1190.149217336977,8506.351002978347
2025-06-10 22:15:00,1188.188466902667,1192.2390786806081,1185.9231497490964,1186.066985455014,7576.890462466311
2025-06-10 22:30:00,1206.1070918333194,1206.0790519400189,1197.1000520987243,1199.7425898395782,5701.502401586017
2025-06-10 22:45:00,1229.355429876939,1232.1182730117016,1226.6423675519916,1229.4249946858909,2139.2132827007813
2025-06-10 23:00:00,1235.720539430977,1239.4295890221015,1227.6851628531683,1228.898080569309,8902.497386921543
2025-06-10 23:15:00,1266.5649337674804,1269.9156433428095,1257.8030713958146,1264.2893091345072,1356.9737158810567
2025-06-10 23:30:00,1263.3562780849181,1266.1463226013996,1259.4025717110842,1261.5096656965466,7598.340665102363
2025-06-10 23:45:00,1260.916390074684,1263.10698155453,1251.2146421989153,1253.382326013562,5112.19853614218
2025-06-11 00:00:00,1253.8089320256524,1263.9262026492727,1251.325929887255,1253.4462343098648,8578.823177536566
2025-06-11 00:15:00,1252.963597500639,1257.758941288985,1248.7134857329288,1251.2172402244717,1645.8667550216285
2025-06-11 00:30:00,1267.0492188306746,1270.124692726694,1257.2085696403788,1261.6902923862983,9663.430332880585
2025-06-11 00:45:00,1265.6208085420726,1272.3493250886604,1267.9475150357387,1266.4487206537062,1438.137168187376
2025-06-11 01:00:00,1275.5846073644518,1286.1758148664137,1275.0358148905107,1282.788940649084,310.1589773666149
2025-06-11 01:15:00,1312.2661471739957,1313.7496037456801,1303.750728693423,1307.858505501979,7094.74382873442
2025-06-11 01:30:00,1332.5626135193058,1336.01388171228,1323.4856862921058,1327.4697145478306,9114.305253084618
2025-06-11 01:45:00,1318.151845092853,1328.2911541727071,1319.2448763185816,1322.075733681196,5145.762914836761
2025-06-11 02:00:00,1327.6778380081578,1331.9995894352917,1321.408045365429,1322.046368974886,2452.661233329376
2025-06-11 02:15:00,1328.9497473089657,1329.7247041470573,1321.3048362871732,1324.8515687008842,1599.096280653805
2025-06-11 02:30:00,1339.3083081119735,1339.0413481189287,1331.3898348685432,1332.5947694767192,4982.351701019415
2025-06-11 02:45:00,1305.6981868552814,1306.9662629731251,1297.548671777213,1306.1242007105307,4929.784509761585
2025-06-11 03:00:00,1324.7151392633064,1325.3928608456583,1317.07663752878,1324.765023673541,927.5392991946297
2025-06-11 03:15:00,1321.722596007604,1322.8008480555409,1314.3079095876137,1321.3366981655954,7290.609590853137
2025-06-11 03:30:00,1297.9730534623898,1304.5842691280654,1290.300402576838,1296.6510377574568,4479.416475470381
2025-06-11 03:45:00,1287.647282318853,1292.4356977573188,1278.9212093040153,1282.6569978862271,3985.382786645748
2025-06-11 04:00:00,1303.8020131653643,1314.0016956725628,1303.4011947570425,1307.2123375840465,2725.438197426998
2025-06-11 04:15:00,1317.1965624118607,1318.7217148538637,1307.8487936166428,1310.81733814698,7161.723791251789
2025-06-11 04:30:00,1316.5857001242682,1321.9823975984689,1316.2496913614953,1322.2907576718744,968.8475295727626
2025-06-11 04:45:00,1294.6608150364295,1301.6618391085865,1291.9933088848293,1300.600758071099,5296.741113503634
2025-06-11 05:00:00,1309.910240616733,1312.7467804964042,1302.7628392479614,1309.2544777572757,1369.7712379415132
2025-06-11 05:15:00,1291.8396299214119,1297.8429919688372,1286.1404379340229,1288.8654663171699,9833.327231040392
2025-06-11 05:30:00,1297.9532391175862,1303.7769304096405,1291.8826784826795,1298.3373398429337,9590.65931751419
2025-06-11 05:45:00,1286.6184252029607,1294.3630691784167,1287.6546243090336,1294.453839194283,2006.3109592360886
2025-06-11 06:00:00,1311.4471136200432,1321.265306652363,1310.6246783675278,1310.9613723511234,2360.935334510423
2025-06-11 06:15:00,1338.211066084306,1339.3964528969311,1331.302703696016,1334.963651546064,839.4689989718295
2025-06-11 06:30:00,1325.8983664575542,1335.419421317198,1322.623196849466,1328.6031624446405,9976.452776264665
2025-06-11 06:45:00,1320.9788065367711,1328.9375284141865,1320.392861186126,1320.3748928971984,613.3176403597778
2025-06-11 07:00:00,1324.663057792846,1332.0206547295768,1323.250011188274,1327.9923769821871,8383.258139492915
2025-06-11 07:15:00,1319.143260466419,1328.5539482570023,1320.5655163565361,1320.6436486271643,5749.042498723365
2025-06-11 07:30:00,1310.1311863561443,1311.3666681772456,1305.0091717900539,1308.4370519447202,5401.292308738705
2025-06-11 07:45:00,1307.173546462214,1307.9701305938029,1299.9813769126679,1301.759901764302,3332.6001972575978
2025-06-11 08:00:00,1299.1359948011993,1309.9204158975517,1296.9332097068789,1303.8870477551068,5468.487150056777
2025-06-11 08:15:00,1305.2983456803174,1314.253523227928,1302.1439455162645,1303.3876012803894,3015.458557350047
2025-06-11 08:30:00,1296.5721494051336,1305.511255253334,1290.831243056458,1301.4097943447794,4703.206264001261
2025-06-11 08:45:00,1326.783406827812,1331.8047371270845,1322.187479517804,1325.6769014007557,7332.149121008104
2025-06-11 09:00:00,1338.333696844827,1343.3314273255837,1331.0605055365916,1336.6831558320296,9969.166171868534
2025-06-11 09:15:00,1328.5286792743404,1335.4661460844725,1325.9382784557397,1330.2915840425321,6969.690348902751
2025-06-11 09:30:00,1323.2889369463426,1327.9942707745959,1321.3143889370256,1321.8888705262532,8887.458816665692
2025-06-11 09:45:00,1331.5452706550482,1341.6441492719734,1331.754019046272,1337.0242678538366,2675.7448568346404
2025-06-11 10:00:00,1305.7449145124888,1308.6868891207782,1300.1045868288413,1309.3495266458021,3566.052221582249
2025-06-11 10:15:00,1292.9165865396612,1304.3175903411113,1290.8283584198734,1293.7405433248412,4937.336379555513
2025-06-11 10:30:00,1295.3222916479629,1299.5044645159903,1295.4162735466982,1293.4906962253046,5848.777288380142
2025-06-11 10:45:00,1297.8082427236252,1305.9310441007594,1296.200234318093,1301.1901088987752,1872.8707763487669
2025-06-11 11:00:00,1318.2402153457092,1321.1784935251437,1311.6190294972546,1310.151831830642,8543.003067230648
2025-06-11 11:15:00,1309.0088099206162,1314.1424657040766,1302.86837129164,1301.9613298147167,6328.249525897029
2025-06-11 11:30:00,1299.6877480830422,1304.949809025818,1296.401811564431,1298.1471092640782,5890.184645204921
2025-06-11 11:45:00,1302.5499758875058,1307.0076651931959,1296.0123924660122,1308.1914769320497,8801.491919911612
2025-06-11 12:00:00,1291.887469496003,1302.6623551183334,1291.0918998455363,1292.5441480646834,6458.042859589952
2025-06-11 12:15:00,1300.7859093440695,1308.4256715073416,1301.3066116261825,1302.6774390253267,5678.349471004824
2025-06-11 12:30:00,1287.2606524553196,1290.935794183738,1278.3900735284863,1281.7349869115828,5004.603299514529
2025-06-11 12:45:00,1297.993143192101,1303.3986796397187,1295.2615088040682,1294.7997248009267,4574.152553471134
2025-06-11 13:00:00,1296.46537982905,1302.0046605482914,1291.4290935630213,1291.4308113699124,128.6775277863833
2025-06-11 13:15:00,1291.7913639572384,1297.5732299560689,1284.2068570226563,1291.628568454383,8775.195836285637
2025-06-11 13:30:00,1259.1415159837459,1266.566079289229,1253.7597824953068,1259.995495122989,8581.208219858921
2025-06-11 13:45:00,1270.2590162200486,1275.612013607431,1263.6122343037937,1268.1416259045586,8657.715544795936
2025-06-11 14:00:00,1272.6484151101213,1277.496104184695,1268.8412250796234,1273.6676940792352,3890.6533794814254
2025-06-11 14:15:00,1291.548938061389,1296.7474825527158,1290.0938504353228,1294.6591917401397,6899.4456972228545
2025-06-11 14:30:00,1286.1543219134692,1292.444542536761,1280.0483428366545,1291.3343025573242,4528.633714044598
2025-06-11 14:45:00,1302.4014668437385,1302.3287330131645,1297.325069294969,1298.8248167547067,3707.9130181174587
2025-06-11 15:00:00,1292.8933569556857,1300.489119551796,1288.692548113251,1290.7246530769864,8505.170058625354
2025-06-11 15:15:00,1287.5664993268326,1297.068324058857,1286.6831078050257,1293.5235105622792,6852.94580522332
2025-06-11 15:30:00,1307.4802035003222,1315.7241044896564,1307.8037029594523,1307.3223989468624,9654.793776219529
2025-06-11 15:45:00,1317.1178062698352,1319.5441158923995,1306.8029500843616,1315.4301726535123,2998.8904815708743
2025-06-11 16:00:00,1312.9674156714682,1312.8245422064404,1303.0325102423012,1311.019918132524,4826.479067289498
2025-06-11 16:15:00,1301.425503945559,1302.4634802990693,1295.5807328696171,1298.1502868992936,352.08090086890934
2025-06-11 16:30:00,1289.9531582714835,1299.283588281916,1291.3541758697,1292.9714355226033,2475.9940011232347
2025-06-11 16:45:00,1272.8007718470703,1277.265113729618,1266.6402578436343,1267.4199708116298,5605.580096627872
2025-06-11 17:00:00,1279.37871623718,1289.8885635180895,1274.76197193776,1287.0426864086146,9013.450043412817
2025-06-11 17:15:00,1247.6087392618767,1258.3635177824385,1243.8805892431742,1249.1786879974045,4893.165481223375
2025-06-11 17:30:00,1247.2524908037553,1250.2491932760265,1241.471189298613,1242.4368344432887,9003.00642604363
2025-06-11 17:45:00,1266.1903766437351,1269.4315785740534,1260.980545846752,1265.1986042162862,4061.4646125690756
2025-06-11 18:00:00,1257.2612081452937,1264.4684873530814,1252.4331772480746,1261.375975886941,6214.794662850272
2025-06-11 18:15:00,1287.2572411183783,1289.9594727443548,1281.293669144602,1284.4345342726413,6273.07757659084
2025-06-11 18:30:00,1295.264565048111,1296.9661233760933,1286.9727737900619,1290.2072620196134,3226.7653280953386
2025-06-11 18:45:00,1304.8629978444835,1315.5160059813143,1303.6473373665901,1307.715514163643,1809.2961717176595
2025-06-11 19:00:00,1288.8107315883037,1297.6213439434464,1287.9726991254374,1294.0514196534552,1743.9685436099087
2025-06-11 19:15:00,1284.9873153113613,1288.0942117210252,1280.2743576393434,1282.3091074015538,7526.823090662429
2025-06-11 19:30:00,1280.6065896542402,1285.1479906661743,1280.743563725457,1284.3513389157674,779.5482407444645
2025-06-11 19:45:00,1283.8456137252535,1291.7130736768813,1280.2778820079502,1284.0643588205596,8925.327511563013
2025-06-11 20:00:00,1276.4240926318905,1277.9925575147938,1267.0783599829786,1276.7902893906123,7654.627111124227
2025-06-11 20:15:00,1294.815088370065,1304.484709650782,1295.4865913836445,1301.482185390914,6265.714469150606
2025-06-11 20:30:00,1310.639915968453,1323.165185637273,1307.9382976177067,1319.9863176929337,1752.4292713470554
2025-06-11 20:45:00,1327.6896627123353,1326.4135195210206,1319.9094415399543,1322.838998678411,3713.5570010361434
2025-06-11 21:00:00,1314.8593609610282,1322.453177571203,1310.9945537347426,1313.3385951435748,2499.9546979878232
2025-06-11 21:15:00,1318.9918640282822,1322.2031796732986,1312.472488008509,1320.4969186250544,9145.866363925566
2025-06-11 21:30:00,1338.3131499154363,1345.6023766946664,1337.588877993693,1345.7436595517559,349.27748024299734
2025-06-11 21:45:00,1345.378440570962,1346.8200232682539,1340.8576296181855,1347.0373420712813,1673.6798031148865
2025-06-11 22:00:00,1341.8410095321092,1344.9174833693278,1335.294766233853,1339.453780036621,629.9564767015338
2025-06-11 22:15:00,1331.4051036660446,1339.2356035645432,1329.3285341589226,1329.4506138017027,5408.076699526484
2025-06-11 22:30:00,1331.3875878857075,1333.8241579760593,1320.9612238558386,1326.9770552176333,6184.947998459997
2025-06-11 22:45:00,1314.64044906441,1314.365996700492,1306.375796016863,1312.7715269171492,4363.417546528959
2025-06-11 23:00:00,1304.9390939064367,1307.3886278709392,1299.8865767589227,1301.201519385457,8911.940512336363
2025-06-11 23:15:00,1303.9713954025535,1305.723552738129,1295.4817411307654,1300.9538041858173,9521.403815019405
2025-06-11 23:30:00,1303.532777632587,1310.9844357991165,1296.2790780938526,1302.7215888047858,8955.810999129733
2025-06-11 23:45:00,1307.1632735495757,1312.6317572344603,1307.2193087307942,1310.627142134492,7202.2363696722705
2025-06-12 00:00:00,1308.5820550341377,1310.300778593241,1302.3005772871625,1302.4174445268711,1678.406219884569
2025-06-12 00:15:00,1296.5848832594904,1302.3192415899143,1294.6766701540857,1294.6384888797834,3792.083758203442
2025-06-12 00:30:00,1282.714449483727,1284.396769203742,1274.2591494507478,1283.3376410365408,5361.063959222414
2025-06-12 00:45:00,1302.448361223263,1308.5635787039519,1293.7471091504835,1301.3562277818626,7373.998220385323
2025-06-12 01:00:00,1288.7325591561091,1289.1514119679803,1276.6044999456387,1280.556880716725,6990.708899694949
2025-06-12 01:15:00,1308.963616091597,1313.0974336131922,1301.4396843568054,1307.762866686639,7287.803527515076
2025-06-12 01:30:00,1298.0294726424302,1305.4503504760014,1295.8917666380596,1298.548463344252,8792.180715016399
2025-06-12 01:45:00,1300.2583640953937,1301.8289209186034,1292.5428002304773,1297.5783845250608,7062.188400171448
2025-06-12 02:00:00,1265.878668335342,1273.8085246755197,1263.7061858186357,1270.3582534493867,6499.375568354411
2025-06-12 02:15:00,1264.9419822393638,1264.2915347077148,1252.6281001728132,1261.01876485632,4469.0266654444185
2025-06-12 02:30:00,1260.9672177237683,1265.3345904234238,1253.913846506174,1264.0878277993552,2292.622545694327
2025-06-12 02:45:00,1249.9228340071973,1257.9372719220996,1245.4072800176123,1252.2922477741706,5017.007221272164
2025-06-12 03:00:00,1252.4700244211385,1260.3593284017418,1248.3795909590497,1252.740410385729,2571.5339047806256
2025-06-12 03:15:00,1258.721801085817,1265.4729597858702,1252.8008387394684,1262.1002899609641,2877.664580130639
2025-06-12 03:30:00,1232.8721658012412,1241.7510615492017,1229.7686638895532,1239.0757535695773,2243.537639576299
2025-06-12 03:45:00,1251.0582962873407,1261.0624035769997,1252.824340333223,1253.3351895066232,3156.4615741559783
2025-06-12 04:00:00,1266.3472260730916,1272.0044063849077,1261.8101501490642,1264.6574809390686,1548.6029944617208
2025-06-12 04:15:00,1249.4521009958066,1255.987754193974,1241.0519341406628,1252.9596847825396,6510.029166557109
2025-06-12 04:30:00,1236.6040510690602,1240.7701744939334,1230.9408122315876,1234.5187623308193,1826.5388733191044
2025-06-12 04:45:00,1252.1484506123495,1258.828650963438,1250.4380855903994,1251.000503348242,5582.775337351709
2025-06-12 05:00:00,1261.5256175690215,1269.1584857609553,1258.2781357853066,1265.2251066150566,4901.110150642419
2025-06-12 05:15:00,1255.3290226054912,1261.5160409829523,1249.428408254893,1250.9851113288955,6461.033927158044
2025-06-12 05:30:00,1254.6746683080346,1256.9160402006003,1244.6253040632996,1247.8593864733857,4273.372687377192
2025-06-12 05:45:00,1238.0803633200228,1246.283478318395,1236.718618233942,1240.969094427471,1527.99829091683
2025-06-12 06:00:00,1225.6870653158103,1236.9341646579087,1224.3546817299105,1226.3805856794568,9155.309451736965
2025-06-12 06:15:00,1255.8499774143845,1253.1364089637277,1248.144464124022,1249.058671421088,1835.1044499582913
2025-06-12 06:30:00,1248.328023138281,1248.5503973119792,1240.7296473268927,1246.2696204236106,4837.367498725583
2025-06-12 06:45:00,1253.6410704626155,1253.5933013048082,1246.382199488746,1248.2486055483914,7123.781921643463
2025-06-12 07:00:00,1240.2439057171823,1245.5573780504124,1239.3341560962976,1246.9542110804152,9390.867889444135
2025-06-12 07:15:00,1248.7084478376585,1252.412812431706,1244.3909780536171,1254.0088358619541,9950.358618678596
2025-06-12 07:30:00,1245.5693418591852,1251.7464248980757,1243.3991459973015,1242.1095281374894,939.6934260656045
2025-06-12 07:45:00,1269.1130067382462,1269.6200779860344,1262.8388470714558,1261.9918679464326,8551.14236750806
2025-06-12 08:00:00,1270.971241659805,1269.6484536500973,1261.328267541698,1265.756986894183,1415.3364764117584
2025-06-12 08:15:00,1265.7522373606287,1270.7603008565065,1263.5931911420712,1266.7758255785739,5989.921110769946
2025-06-12 08:30:00,1262.7767368283608,1267.6850075611017,1257.8516670796205,1259.8854386242708,7957.023157048437
2025-06-12 08:45:00,1263.3458104145543,1268.8044439830844,1258.6012643094625,1266.834125277305,5388.05202601878
2025-06-12 09:00:00,1250.8136563779613,1257.330805229873,1249.2968977261933,1250.6775519857028,5312.406400676753
2025-06-12 09:15:00,1240.6685537679869,1247.079341677383,1237.175494264808,1239.1951589024943,6784.253029316508
2025-06-12 09:30:00,1250.7980645051525,1255.9045968942544,1242.4651318941178,1246.5969420789377,915.3772440021091
2025-06-12 09:45:00,1252.7954007356223,1252.8771980811055,1242.826443019754,1251.4180171626288,7018.354652197172
2025-06-12 10:00:00,1263.6672688531671,1267.149184480474,1254.3817232532012,1255.507151660246,8294.959900068772
2025-06-12 10:15:00,1246.7371212984306,1247.6859600757864,1236.9470665084114,1246.6655401118257,9008.356610712353
2025-06-12 10:30:00,1281.8534726306607,1285.589926416309,1275.4531765032068,1278.919695639948,4856.5370114626885
2025-06-12 10:45:00,1261.8270600928188,1270.6118061324144,1262.5210331221467,1270.758624818941,9730.1810392835
2025-06-12 11:00:00,1276.4474107274193,1284.6572339973977,1272.5332481100352,1277.3273355451274,4062.1649042862996
2025-06-12 11:15:00,1252.670348739662,1255.8401598429102,1248.783224724275,1253.2605206938838,8190.376588031219
2025-06-12 11:30:00,1244.985688625008,1249.9361149678584,1237.3533437795772,1240.687618945795,9910.985104647796
2025-06-12 11:45:00,1243.6066828950156,1251.801762218456,1241.2119122212616,1248.5946718466014,5057.220209777482
2025-06-12 12:00:00,1232.0049271462733,1237.5121204242444,1230.8925558041324,1231.6048375485072,1250.357555214522
2025-06-12 12:15:00,1218.941370711922,1225.3570257736621,1217.298191546919,1223.246659457325,1835.7675926898223
2025-06-12 12:30:00,1210.5380020902176,1216.3117167930088,1205.5242557785768,1210.0166225673483,3883.130718706716
2025-06-12 12:45:00,1228.7844131085287,1229.926272914472,1221.6421596625755,1228.4013615702054,3251.2373343117674
2025-06-12 13:00:00,1222.2244332743776,1225.092606919187,1211.916019969289,1221.459865367091,3978.6838654378985
2025-06-12 13:15:00,1232.418818421441,1237.3754365787106,1226.929992559914,1232.0926379015473,6821.193091031245
2025-06-12 13:30:00,1250.1169711173782,1255.119212683322,1247.4439688811533,1253.0962587694173,5363.170212021023
2025-06-12 13:45:00,1252.6371097516324,1259.6236566416933,1251.7337944881042,1259.3273245848327,7106.30119392919
2025-06-12 14:00:00,1262.714689159748,1267.1239940324945,1260.321481726425,1260.2587565126885,5012.550336721552
2025-06-12 14:15:00,1271.8842550735792,1277.5512042792102,1266.2844473595244,1266.9470076790494,9473.293469541142
2025-06-12 14:30:00,1286.7946407791037,1291.3184696597427,1278.2921011600874,1285.6888343119576,7386.956377960863
2025-06-12 14:45:00,1296.2396789248899,1303.4217137658318,1295.5085800419931,1297.7999673994955,5257.73381484365
2025-06-12 15:00:00,1285.771995946893,1296.23868043276,1284.079736122705,1285.019409297194,3840.4991905239744
2025-06-12 15:15:00,1297.2922500298466,1299.7566489927303,1292.7016977973715,1295.6318879970584,2393.187141182776
2025-06-12 15:30:00,1308.8813167807468,1318.7859565453884,1305.282890842647,1310.2270671783801,8217.045951282249
2025-06-12 15:45:00,1311.7025780163713,1314.5800297367366,1305.2506887594445,1310.311793534055,8007.127891025602
2025-06-12 16:00:00,1319.9698731117555,1330.910580653555,1316.3842951727338,1325.33412587229,2926.6816765829003
2025-06-12 16:15:00,1333.4561179579377,1335.3651189999498,1325.61385776095,1328.17060191314,6179.887613497057
2025-06-12 16:30:00,1314.3623069798566,1322.3693081481242,1310.8066879143705,1310.0502637975226,4735.367033549783
2025-06-12 16:45:00,1300.157944633179,1306.2126978853169,1301.7131362971809,1304.4265760058859,366.86816813355017
2025-06-12 17:00:00,1307.3926739446583,1318.1079639680024,1305.0218998551875,1312.7565450537586,6036.7677730402975
2025-06-12 17:15:00,1306.4504472398094,1316.5203940987194,1304.4341727076949,1308.7477388579255,6751.975943761325
2025-06-12 17:30:00,1291.4382309256675,1298.0744320945398,1288.6305549555857,1292.6702147232222,5312.6850321754255
2025-06-12 17:45:00,1302.436874231334,1309.3365991035703,1298.7659060017322,1307.0344912375951,6651.130645619352
2025-06-12 18:00:00,1289.6876389704753,1299.1399305551097,1286.7824331012887,1291.3239185239263,873.1121803306501
2025-06-12 18:15:00,1282.166370539401,1282.5064013111307,1275.5583227104487,1276.459090607865,2788.2563828570283
2025-06-12 18:30:00,1283.4010291517902,1288.8299384589532,1280.4665279808519,1288.0945379272864,8446.340480743791
2025-06-12 18:45:00,1301.1387370681937,1307.2713956002347,1299.2209647525349,1303.2480540831539,5256.882785720603
2025-06-12 19:00:00,1297.5367563787902,1305.310261316958,1294.7949537126854,1300.256740795549,8448.221550791657
2025-06-12 19:15:00,1301.4220072002474,1299.8542434255776,1293.4722453506204,1295.2632596779486,9316.827765859096
2025-06-12 19:30:00,1297.6983938304265,1305.0524821733106,1294.7624852680674,1301.217437784639,5513.580587350966
2025-06-12 19:45:00,1286.5739472086245,1295.5274432233086,1287.6151952907037,1293.4773804019046,7013.570758896151
2025-06-12 20:00:00,1309.1078625251057,1316.720790778537,1305.5267498438845,1312.631447955828,9135.778029506611
2025-06-12 20:15:00,1322.7804594167364,1328.1591308862498,1318.4689488067781,1326.832719593422,7980.5890490501815
2025-06-12 20:30:00,1316.1726824314896,1324.7326855802344,1315.4292102735087,1317.9430970761462,3233.455038763164
2025-06-12 20:45:00,1309.8711799668188,1318.2298602994704,1310.852996879324,1312.200968116168,7397.227417049416
2025-06-12 21:00:00,1322.4511990851868,1327.8588577670741,1316.7227515872733,1325.948582004901,7509.452749613985
2025-06-12 21:15:00,1323.3178693612485,1322.670422232302,1313.5315708518788,1316.0644051454226,2764.6292551527945
2025-06-12 21:30:00,1319.1754196863865,1321.6987862770195,1313.5903441158673,1317.652911016145,4052.334576998028
2025-06-12 21:45:00,1310.1248616339315,1314.0019489755339,1304.4646827551048,1306.0943990777334,2855.9560600678747
2025-06-12 22:00:00,1321.594418456067,1327.5780180982688,1319.7970147227813,1327.6366172416394,3983.6164352734904
2025-06-12 22:15:00,1326.8521217943621,1331.770455288278,1322.1712257572692,1330.0775797737037,6749.67636215401
2025-06-12 22:30:00,1354.1000914515048,1356.607521270174,1347.1162351817838,1355.3127510258248,4145.807120497966
2025-06-12 22:45:00,1380.3969444297313,1385.2402976861965,1374.2482027966532,1383.1349375163063,3394.4927270784137
2025-06-12 23:00:00,1372.9429902202519,1371.228954564752,1364.741546736084,1373.923412593528,7466.568199446624
2025-06-12 23:15:00,1364.9823445195495,1375.2514274557439,1362.202414723155,1369.6795013317592,6165.749352186714
2025-06-12 23:30:00,1379.7166699407628,1383.729599642302,1376.1995594091195,1379.1978580867583,5331.087161092698
2025-06-12 23:45:00,1375.5172527887687,1385.8204275348214,1373.8320490495096,1374.9451799375481,4729.723655337237
2025-06-13 00:00:00,1379.8474990597194,1386.8458297712273,1377.641385154072,1384.1353213212424,3961.553548768289
2025-06-13 00:15:00,1390.0526629653077,1394.0241637554511,1387.629361975381,1395.1065725414446,4949.516638180504
2025-06-13 00:30:00,1416.6005892440642,1419.6740883025136,1410.9636296952854,1416.6255354653035,1560.8033425808544
2025-06-13 00:45:00,1429.5202454335642,1429.6543647322458,1424.7302955310865,1429.8938965560462,4461.660964882273
2025-06-13 01:00:00,1435.7701184857988,1441.1490101918941,1426.2172606722843,1430.4862224495587,7569.8549225986135
2025-06-13 01:15:00,1416.7719657341233,1425.6221616995313,1415.1161625512507,1420.8002205646121,9640.858959388888
2025-06-13 01:30:00,1402.898218692908,1412.9787640202346,1400.8715932775876,1404.7299911060766,6323.202542001134
2025-06-13 01:45:00,1426.0013379188829,1432.6031395874231,1426.5475111165633,1426.8804478893671,4027.865002519419
2025-06-13 02:00:00,1432.3401138565912,1441.0790385141804,1430.4284818143478,1431.3082164676723,7772.967978027599
2025-06-13 02:15:00,1436.7420109380862,1442.975285323156,1434.048280478515,1440.081874984026,6997.76814106144
2025-06-13 02:30:00,1439.3452596364368,1443.5826751459156,1434.0626255460602,1436.2575541767956,3878.9917274959203
2025-06-13 02:45:00,1432.3626917996712,1430.7672575215297,1423.6413290830994,1426.2379315470125,3124.0219945752715
2025-06-13 03:00:00,1445.1212657903823,1444.2045002368307,1436.8332452104632,1443.0935730611998,8226.898970366352
2025-06-13 03:15:00,1468.8670016541116,1469.3282383957423,1460.2936608773452,1464.9214741904311,4125.048209623312
2025-06-13 03:30:00,1462.960358927463,1471.927446828727,1459.4854712925583,1468.6174981834533,1499.3851806756481
2025-06-13 03:45:00,1475.716440985191,1484.3052788627397,1476.7873613666031,1481.959774360047,6777.149493618149
2025-06-13 04:00:00,1489.4117237468506,1497.7333537777924,1490.0841508523633,1492.4067610605634,6762.186135642951
2025-06-13 04:15:00,1493.8197641502393,1499.3070754669334,1491.5388804204906,1496.3598197997544,7104.860758972356
2025-06-13 04:30:00,1493.6518899917885,1501.106205258259,1495.623244148466,1501.1182011253018,1855.786605029182
2025-06-13 04:45:00,1517.1010939816742,1518.9957259166947,1511.522532078859,1513.047335324294,937.1466211400285
2025-06-13 05:00:00,1510.2160157706219,1511.418589542754,1501.263370485492,1504.5419914607771,2619.283251624164
2025-06-13 05:15:00,1534.1753178342353,1542.3040056950156,1533.2165476393088,1535.559688860988,6051.022560546365
2025-06-13 05:30:00,1543.9204041739572,1551.926660107978,1542.5803569046836,1542.017572047029,2777.940967674369
2025-06-13 05:45:00,1536.2266726203316,1536.550290219708,1527.735490419873,1535.2733096363359,7895.3875509274885
2025-06-13 06:00:00,1540.723194093985,1540.0055182900264,1529.225007229259,1541.9776817748227,4828.663516910377
2025-06-13 06:15:00,1512.3734031701385,1521.9004537081864,1511.9805460381726,1521.7328368600183,9047.528836305533
2025-06-13 06:30:00,1525.9674790029774,1536.1888241715862,1526.6435025168685,1532.6367232550685,5331.420682744571
2025-06-13 06:45:00,1535.0806986124833,1539.8284456194312,1531.2427429275792,1540.5580231980787,1903.0631896723519
2025-06-13 07:00:00,1527.0108899929266,1534.3753192349488,1523.0507186846967,1527.7226020978198,5840.985522127026
2025-06-13 07:15:00,1523.6879516253298,1531.0084149668376,1517.982395177176,1524.4723373990141,2467.2567159363816
2025-06-13 07:30:00,1546.8203514328407,1546.8873398871185,1534.744446729894,1541.3923081003982,5351.968086037506
2025-06-13 07:45:00,1535.081598471723,1537.0482799967338,1531.7937696126844,1532.304202585448,9795.570422684033
2025-06-13 08:00:00,1535.0943203816364,1542.0250751556578,1533.4139740736673,1540.8247046241336,1039.7511263488273
2025-06-13 08:15:00,1537.4000513649185,1539.3340556968753,1533.2962476119537,1537.381474584621,1655.8756279914573
2025-06-13 08:30:00,1521.6270977709876,1529.3169631350474,1522.8478838960086,1525.5651619932742,6151.148802121543
2025-06-13 08:45:00,1517.9769293419263,1521.4452115215884,1509.0349218089543,1515.058225792862,9502.622416117962
2025-06-13 09:00:00,1535.6517053499656,1543.9608392384034,1534.9548467335144,1537.56570061166,7517.746776130689
2025-06-13 09:15:00,1537.7737174400625,1544.3190437837295,1534.8951854839436,1542.947221319656,5614.307662558252
2025-06-13 09:30:00,1543.8388715673625,1550.4262364206343,1539.5489742037457,1548.0693848455348,1687.501029352273
2025-06-13 09:45:00,1543.5411326793096,1549.6540941977617,1541.884454930639,1541.0281973225276,5241.270127894661
2025-06-13 10:00:00,1539.391628517129,1540.612365087403,1536.0724797678056,1534.9985131255223,6705.754635442964
2025-06-13 10:15:00,1514.9255466317154,1522.039682421859,1509.0237120294182,1514.1027554779748,7198.205272822491
2025-06-13 10:30:00,1499.0705130874715,1509.9263158977126,1497.9566193744622,1500.2790671650152,3573.8221092641656
2025-06-13 10:45:00,1537.4693522266211,1543.763536109099,1533.8705323970762,1542.9308282662435,7549.129019493815
2025-06-13 11:00:00,1526.7275495771382,1529.6155877970036,1519.5111246958631,1529.3223356296733,5248.424577028164
2025-06-13 11:15:00,1563.274514080417,1574.2282854552905,1560.8553015287252,1568.518759134798,1393.9969645566728
2025-06-13 11:30:00,1580.3283478288142,1587.247066282754,1579.687482998487,1576.8321777079273,476.97333781132744
2025-06-13 11:45:00,1576.1919837178034,1583.908468753405,1576.7658175404501,1582.3580029148238,515.9400997451119
2025-06-13 12:00:00,1583.6080958769244,1594.3200865600943,1583.254964779965,1590.82181440838,4448.396364003241
2025-06-13 12:15:00,1592.4300659960022,1594.0728567433207,1581.7708371457857,1591.594864594836,977.0152610040785
2025-06-13 12:30:00,1591.3704001607543,1596.8010983159227,1586.6799457152026,1588.2838777954341,6999.596926029056
2025-06-13 12:45:00,1612.3825695617788,1620.3179192136186,1610.942507403755,1612.9691655522925,9859.42196423503
2025-06-13 13:00:00,1576.4774788631607,1584.6085340164507,1574.850553729128,1578.7608872017854,1070.5063766572407
2025-06-13 13:15:00,1575.7601329233116,1578.4020517626486,1568.1579509827939,1573.830539884007,4363.638131146455
2025-06-13 13:30:00,1547.2285918706748,1553.7784028843394,1544.5732977980936,1553.5766071704504,3756.8182090104615
2025-06-13 13:45:00,1560.399185956544,1567.4951469451612,1555.8124961949643,1561.2246965686136,8740.27300402655
2025-06-13 14:00:00,1538.9255319771535,1537.2265591422438,1528.4925952658446,1534.9526880556928,6677.066072010532
2025-06-13 14:15:00,1546.0141862610155,1548.4193288807453,1539.5511804818975,1541.9389092594292,4080.964982706343
2025-06-13 14:30:00,1551.4247328244,1560.8112034103626,1547.1395072186826,1557.5526890436572,6740.189211996757
2025-06-13 14:45:00,1544.029381981388,1550.3202587360884,1536.5177288039174,1545.1000059179225,6182.864729463783
2025-06-13 15:00:00,1531.7911531219706,1535.73985506471,1525.909223824404,1527.173863605318,5669.219295657775
2025-06-13 15:15:00,1516.982341836454,1524.364840781614,1511.8431926933229,1518.3243159540953,8267.221565332557
2025-06-13 15:30:00,1512.8678638218005,1520.6796856423493,1511.2281994372306,1509.7774969327447,4667.631113877681
2025-06-13 15:45:00,1484.2229585857924,1490.6517962668534,1479.2143369210107,1487.1462367313688,6910.613557041734
2025-06-13 16:00:00,1483.4512832175044,1483.220664984118,1471.5685148560976,1478.7480575636905,1110.0450518306773
2025-06-13 16:15:00,1476.3355280754636,1479.2058561155638,1470.6481234058815,1472.4397240539863,3953.5937583709524
2025-06-13 16:30:00,1484.5482420035764,1484.013777928297,1473.6493807504403,1483.56739267316,922.5197406676598
2025-06-13 16:45:00,1493.9899221777093,1505.0629352179076,1495.9579819697894,1501.5233746809126,461.1615412265069
2025-06-13 17:00:00,1504.8647522130238,1504.8778369884199,1497.408448658263,1499.0977192699327,6509.8798309715075
2025-06-13 17:15:00,1507.1326697421614,1510.1453199312818,1501.0184077642614,1509.0155429471297,4600.179486350938
2025-06-13 17:30:00,1500.7326008599646,1506.7940817282054,1494.05923998073,1502.044896557339,2145.3807231164874
2025-06-13 17:45:00,1473.2160596872898,1479.8518713284238,1470.832624429311,1469.6868602970437,2453.374771522315
2025-06-13 18:00:00,1468.0370443090803,1473.3259309942503,1464.093038966496,1473.418808269434,4543.271766550564
2025-06-13 18:15:00,1483.729793214254,1487.9583763024145,1473.7620552264912,1482.5284171057524,977.2522785006903
2025-06-13 18:30:00,1461.283084784077,1468.7106552015482,1456.5552288532122,1462.6296335203774,4463.099696851251
2025-06-13 18:45:00,1450.9395920350566,1459.1638086142977,1445.7789193089054,1449.9776067216308,4159.3298031518525
2025-06-13 19:00:00,1434.2453222272575,1440.8010171400629,1434.5539713852017,1438.9132207782188,3851.603989107662
2025-06-13 19:15:00,1440.9901796021607,1448.5729192851054,1435.168206115079,1441.4199522827632,4225.412113952377
2025-06-13 19:30:00,1426.938484093375,1434.0977521983277,1426.132796206237,1425.6246500677012,6724.9951777714905
2025-06-13 19:45:00,1445.8527554519203,1448.6064471797713,1436.4394749035553,1442.295707383962,393.8257865152496
2025-06-13 20:00:00,1435.9198507535034,1438.9143643727475,1428.9001781696625,1438.5988230520868,3253.8280362801906
2025-06-13 20:15:00,1436.5604292470261,1441.8493093992292,1434.5498198277837,1438.043212724166,7898.072604789493
2025-06-13 20:30:00,1407.9557489023582,1415.3280394857272,1406.4034458820379,1410.324673309975,2331.3429471603663
2025-06-13 20:45:00,1421.1026804347787,1424.1807969274012,1410.1868040343516,1414.599774809112,2597.526486247868
2025-06-13 21:00:00,1421.4437250471153,1428.2389672278011,1415.9162809254553,1423.1338544877506,7348.388398969129
2025-06-13 21:15:00,1417.6781048571925,1425.402996578837,1415.0756870395646,1417.0236183984111,2424.888171593155
2025-06-13 21:30:00,1415.2497526480133,1427.037762130866,1415.5598723056046,1415.309414697499,3908.4796357012383
2025-06-13 21:45:00,1398.8607468415566,1403.4211354432878,1390.5171075633773,1396.4857251803073,8250.67988646157
2025-06-13 22:00:00,1362.3875697155356,1370.8917591230777,1364.5082531641444,1364.902931195293,868.3726186704175
2025-06-13 22:15:00,1352.0274842650213,1361.2883406833946,1350.6903614068724,1352.0657852139436,8688.946666109061
2025-06-13 22:30:00,1378.5999377534736,1381.204088650187,1370.7621516338347,1379.4187663746222,6522.553256064913
2025-06-13 22:45:00,1357.2652008683624,1359.2075540560172,1348.5501930367204,1358.1790183637531,8068.753990488835
2025-06-13 23:00:00,1365.2065649588626,1364.7380349102384,1360.0709273277919,1360.5327263182687,6772.029238086175
2025-06-13 23:15:00,1350.9261818678974,1358.4313099072067,1349.0520848381823,1348.0158554020963,9156.484603043427
2025-06-13 23:30:00,1344.7056508474448,1354.6116412169267,1343.3729559164408,1349.3263629999085,312.8618000960824
2025-06-13 23:45:00,1342.2616334750014,1352.5305772247807,1337.9468987147502,1340.0916816175668,8089.728316779184
2025-06-14 00:00:00,1350.5328038519503,1357.3141985646007,1346.7105658180842,1346.4590401700805,2842.7292197250576
2025-06-14 00:15:00,1340.338438851299,1348.3550609259175,1339.773202875733,1346.1532292263253,2298.700236596659
2025-06-14 00:30:00,1316.0141810787418,1324.032684349739,1311.1223630713373,1321.7962149109603,9385.667188789454
2025-06-14 00:45:00,1334.6486398957431,1343.477144566146,1330.2897208514814,1341.8126011662855,9308.57864203534
2025-06-14 01:00:00,1295.1080198160596,1302.3656533218941,1294.529297145259,1302.1643046409672,9062.46377238315
2025-06-14 01:15:00,1279.9183757790245,1282.0427417649519,1276.5841786978924,1276.0472954618829,9271.483376735692
2025-06-14 01:30:00,1249.039856607067,1254.0160317624482,1244.238199735882,1251.095106289108,3037.360218621073
2025-06-14 01:45:00,1254.251682700372,1260.1402940755997,1255.3579402172738,1257.495132007467,456.7974887464669
2025-06-14 02:00:00,1254.1476356985122,1257.6622892270536,1251.8204619764026,1251.1487424700508,6558.421905999981
2025-06-14 02:15:00,1243.07719554016,1252.052360352842,1243.6732562060556,1251.955854873954,8027.232176720277
2025-06-14 02:30:00,1249.3895363764002,1253.0499417421604,1241.9451494219106,1247.035440588567,8524.574090906159
2025-06-14 02:45:00,1242.5389435986815,1254.6992088346872,1239.7881540835485,1250.2306043601968,3993.4381501113903
2025-06-14 03:00:00,1251.7310264517052,1259.587060680014,1249.3635574221394,1259.9512687269178,9763.358944661684
2025-06-14 03:15:00,1249.3304540079407,1257.7813199767522,1250.3453059860885,1248.9666248571248,1056.153421727749
2025-06-14 03:30:00,1258.819337263093,1263.6079726330056,1258.4818539605149,1264.2485333602147,6409.165253011528
2025-06-14 03:45:00,1254.1698631819836,1262.6110349868823,1250.7209410332212,1255.8288870487493,5662.984833705229
2025-06-14 04:00:00,1251.3469320632587,1251.5055227754378,1241.0292336469902,1244.1670218475404,7047.09213599102
2025-06-14 04:15:00,1248.6963903234528,1254.2820866618342,1245.236894004291,1246.2138271258746,6810.940792766343
2025-06-14 04:30:00,1255.3197573847872,1265.728045038731,1256.4551609216999,1257.6272732491325,912.1497636141437
2025-06-14 04:45:00,1246.9470873716466,1256.9307918152617,1245.3432310620042,1247.13731215961,2841.657702749273
2025-06-14 05:00:00,1248.8061395259183,1249.0145357843646,1242.471276420345,1241.844864511755,7640.00839078428
2025-06-14 05:15:00,1255.9868129065403,1257.8018487076158,1247.9073888161654,1251.7342018829233,1757.110126681817
2025-06-14 05:30:00,1285.7967689710542,1289.4870143807707,1275.8011757478484,1283.8989422256066,1906.9879247993451
2025-06-14 05:45:00,1298.413962240577,1302.130278214763,1295.7528549586248,1295.3960620098685,5843.30419111282
2025-06-14 06:00:00,1265.3769295857026,1275.6353162079831,1265.7137426741658,1268.628349005711,4439.727591390637
2025-06-14 06:15:00,1268.277713317379,1276.9898282220129,1266.543547335923,1273.9762856742786,8957.944370714922
2025-06-14 06:30:00,1275.7760472958269,1281.2301149992065,1272.4643725678698,1283.1663622396266,8223.061846529894
2025-06-14 06:45:00,1276.8486660136227,1287.4344260679368,1276.1228501399987,1285.3274645711674,1614.1170275872623
2025-06-14 07:00:00,1281.5266157629885,1282.2486900850372,1275.9912119357996,1275.390897933353,8918.514203268227
2025-06-14 07:15:00,1269.124266157518,1279.2077620671798,1268.6813070652456,1278.8754829174875,4889.705236841842
2025-06-14 07:30:00,1286.5575938063398,1298.7070047579066,1288.5114744374014,1288.629466889974,2360.595186358761
2025-06-14 07:45:00,1276.068439243688,1281.8838070828408,1274.3636791423269,1282.5326644507359,2000.6424226608726
2025-06-14 08:00:00,1267.5370694434882,1273.4759349364954,1260.8460904473861,1273.5178352880553,8300.468393907
2025-06-14 08:15:00,1304.8698097305958,1311.2816286959014,1301.078196144941,1305.6249162747536,7319.297790287711
2025-06-14 08:30:00,1286.3366071662094,1298.411105511617,1285.0442357309178,1294.4001005147823,1465.2061238963772
2025-06-14 08:45:00,1260.5733614869198,1262.8834701762491,1253.9559250851653,1264.554084997789,2455.273894365475
2025-06-14 09:00:00,1253.3487427050695,1257.203382583488,1251.8003756118635,1252.7633404716269,2577.180975879246
2025-06-14 09:15:00,1254.2826158869452,1261.3806700920495,1253.8095352154264,1256.2004042684537,2699.6832430129107
2025-06-14 09:30:00,1260.6747518315249,1269.2523285158838,1258.15365138527,1259.268119938685,2805.710037944752
2025-06-14 09:45:00,1271.7816764006325,1270.8543067638884,1265.6903523774017,1263.9372372857067,7471.020142435031
2025-06-14 10:00:00,1300.5152680343585,1301.2552383027921,1294.409799692937,1298.6802446746592,903.1548533358311
2025-06-14 10:15:00,1308.0350558626342,1312.8731917965285,1305.4031908380168,1304.5920900673855,4069.3894623622996
2025-06-14 10:30:00,1297.6227885345304,1302.9619339320375,1291.5081601347406,1302.4397267254706,2519.522597432743
2025-06-14 10:45:00,1288.570583298997,1289.8815040233455,1282.4502158622174,1282.392443716875,179.2348033506164
2025-06-14 11:00:00,1272.143914624361,1274.7414011954745,1265.8548962642974,1274.864757902736,9742.976678775372
2025-06-14 11:15:00,1286.906895038881,1285.0693436715067,1277.4124258077036,1279.4972796948334,6320.793461991023
2025-06-14 11:30:00,1305.143765188697,1304.6132686810556,1294.520826403221,1299.8170012947573,4295.946219166464
2025-06-14 11:45:00,1281.0817477153935,1285.8232882802804,1280.120647157096,1278.004175448569,8987.862683181836
2025-06-14 12:00:00,1249.3574487562287,1255.7437461026125,1244.6504433775576,1253.9777479779966,9985.097337286803
2025-06-14 12:15:00,1233.5579211890695,1240.3237857013582,1229.5639671953084,1240.714665880291,6638.286224779401
2025-06-14 12:30:00,1225.6390630724097,1231.1355650489656,1221.0326559030755,1229.3412985456894,6864.281365636668
2025-06-14 12:45:00,1227.4549716594017,1234.3352387079456,1224.1446817436401,1223.7294960204965,414.6881385553659
2025-06-14 13:00:00,1208.2177648523352,1213.993019614243,1202.3529705422627,1212.2553754120506,3422.3230884559084
2025-06-14 13:15:00,1219.7947500570958,1223.3132801793572,1207.9442686640366,1217.4548952745427,3883.43920514656
2025-06-14 13:30:00,1242.8600932300858,1245.6006753950487,1238.173558306348,1243.5356821048508,1395.9379718957694
2025-06-14 13:45:00,1223.5484660162642,1226.9334009677482,1217.3487732912117,1224.2615545993071,6352.068236037882
2025-06-14 14:00:00,1190.4475970454891,1197.7541292811131,1186.3699425025059,1192.970972528031,8494.978802811447
2025-06-14 14:15:00,1188.1984024598307,1191.501488222751,1179.1159704477186,1191.1558239158257,9307.730170701281
2025-06-14 14:30:00,1192.8029795442549,1201.1814381820066,1188.2955776456633,1192.0221024633688,1065.3584561713633
2025-06-14 14:45:00,1174.9074175595256,1187.803105925697,1176.7073642666085,1175.0897135289385,5181.402240451209
2025-06-14 15:00:00,1175.2395423941653,1176.9100015028337,1167.4943507093274,1169.784320355698,8304.131168953569
2025-06-14 15:15:00,1168.759929310478,1178.7774176618984,1169.4141837649834,1174.393298892944,5471.1288865576
2025-06-14 15:30:00,1157.5392464033646,1160.2214788698102,1149.7074543462222,1152.9612925605932,6768.439886732904
2025-06-14 15:45:00,1159.0309211626518,1170.9752336958215,1156.1816468951395,1167.7681846461219,8842.591912064758
2025-06-14 16:00:00,1188.3962625128945,1198.6136294244664,1184.3261039322385,1190.0999650873546,3745.892660897614
2025-06-14 16:15:00,1168.5778448581134,1169.2790091462055,1161.3117813223696,1169.8779948329216,4486.532762569278
2025-06-14 16:30:00,1186.7867225673901,1189.6488503300411,1181.1510587728847,1188.1394409270818,1851.0801902219328
2025-06-14 16:45:00,1185.9753443040875,1193.049865180174,1180.3282166455795,1182.6572816886267,9382.614944792069
2025-06-14 17:00:00,1197.083928182758,1198.6811339908734,1188.0995158280443,1191.6569311081757,1811.7493311955172
2025-06-14 17:15:00,1215.9955340888837,1217.8703253691478,1209.877101818,1215.7204719335375,6045.44500856638
2025-06-14 17:30:00,1221.1891330224944,1223.8672923311512,1217.097526291332,1221.995317595713,9165.592560323332
2025-06-14 17:45:00,1258.6726047240206,1261.9572187230754,1252.983752356453,1256.1928490816413,7889.790409514846
2025-06-14 18:00:00,1259.1442734159673,1269.8360368403994,1261.1238019614889,1259.2513158771094,7611.36628409033
2025-06-14 18:15:00,1279.87305419272,1282.2917121071437,1272.4045073262862,1280.1400977723977,927.5265440620285
2025-06-14 18:30:00,1288.0189905923098,1290.0517133652584,1279.8422209598116,1292.2733310950407,7895.027417166882
2025-06-14 18:45:00,1272.3032562388744,1278.712160879252,1264.9796928434118,1271.3089056814854,3273.5013467610706
2025-06-14 19:00:00,1272.8479776723286,1280.5402523838075,1267.184421121881,1271.7478452003268,5170.995531828465
2025-06-14 19:15:00,1271.9139433647817,1276.645677365702,1270.898832706671,1276.1148620436418,5243.716060445843
2025-06-14 19:30:00,1290.309825512386,1291.8453106481206,1278.306518918189,1282.4869209668598,9862.597888863142
2025-06-14 19:45:00,1268.5845777346756,1273.1340347905855,1265.3038081245343,1273.6222057164891,5925.355252892445
2025-06-14 20:00:00,1277.550369571322,1279.4518319557985,1269.1708795751358,1271.5200943508257,9770.248545400293
2025-06-14 20:15:00,1274.2642658833254,1279.595487416892,1267.013929618317,1270.8800548869087,1385.1321003918379
2025-06-14 20:30:00,1280.93742783869,1288.1276628419491,1276.053029358886,1280.8456922592486,7698.069601207523
2025-06-14 20:45:00,1289.935973647415,1295.780379147389,1287.9164515570794,1294.9720318236234,1365.327519092222
2025-06-14 21:00:00,1285.7190183757714,1289.0186192734402,1281.716692432031,1289.9772871962853,1436.517870261247
2025-06-14 21:15:00,1251.7499339734443,1261.7751301281817,1250.51616374102,1251.309008110607,8452.116153577239
2025-06-14 21:30:00,1275.1453708866454,1274.5571763867076,1268.3221486100585,1269.1251053246122,5779.440443872102
2025-06-14 21:45:00,1263.6122873519873,1264.0358295968822,1258.1910414564773,1257.899573329256,7330.675389355131
2025-06-14 22:00:00,1264.970867862793,1263.1640308612514,1254.1410907351217,1255.296967102653,783.777403952338
2025-06-14 22:15:00,1239.4178538130675,1246.200608485947,1234.7134876918033,1243.6969001146024,6249.296717679847
2025-06-14 22:30:00,1231.5841700088968,1240.0686627164944,1225.6653134322469,1228.7414114951223,2515.5986926605674
2025-06-14 22:45:00,1232.375612860854,1240.569626942042,1233.2466209920215,1240.1775126946752,7424.573301467058
2025-06-14 23:00:00,1224.3122192953008,1234.3461118666387,1223.0094000405602,1228.9936126731998,3918.0007364607427
2025-06-14 23:15:00,1215.6057690731177,1215.2704505932436,1210.1855705429414,1214.0240432654696,6300.03453098827
2025-06-14 23:30:00,1237.8338488950544,1241.8834798189762,1229.1462837401036,1233.1398016689097,6466.515856757488
2025-06-14 23:45:00,1224.9253595038278,1229.2765417105659,1220.1611608604446,1227.8591175508132,4544.496703783516
2025-06-15 00:00:00,1239.9602076076242,1250.1442695794506,1237.3448479325382,1247.3252281262792,7308.701336351447
2025-06-15 00:15:00,1248.8848234422994,1255.4435436458707,1247.7478504596954,1247.0873160001645,9153.866427984092
2025-06-15 00:30:00,1245.343267311722,1253.1352088484186,1238.26218367738,1247.931006398454,6972.582915237494
2025-06-15 00:45:00,1260.426426390869,1263.2237536768246,1251.894838994687,1254.928092779674,1551.951950205233
2025-06-15 01:00:00,1229.619136539994,1236.3924356402792,1226.6129091202001,1229.8016755660117,7638.53633226633
2025-06-15 01:15:00,1207.6075249415724,1212.7749793162936,1199.4380056170824,1209.0534690485574,4138.101958073762
2025-06-15 01:30:00,1192.955196034925,1190.5297108353736,1185.395503857901,1190.2406090387847,9684.589644296699
2025-06-15 01:45:00,1202.0530103851095,1203.4164295252046,1191.4940002590454,1200.493592406091,2506.774600584857
2025-06-15 02:00:00,1178.2673810401693,1182.6552968597123,1173.203784751943,1182.469719025304,4790.4852698726045
2025-06-15 02:15:00,1151.8322540034783,1156.9057236563472,1148.4434140411427,1154.1037922702842,1148.0591241093791
2025-06-15 02:30:00,1126.599749785262,1132.0751342737253,1120.6940772662783,1127.1447032674528,2766.1533744169033
2025-06-15 02:45:00,1116.0612636033245,1127.4799054650841,1115.4975432861427,1117.8494627020038,9827.091964153535
2025-06-15 03:00:00,1112.8735438972637,1122.1098479727366,1114.8381619261422,1116.8895665036353,113.41019096547885
2025-06-15 03:15:00,1132.6805732500113,1143.190605069804,1127.6973791873947,1137.3052522541632,4379.30433902339
2025-06-15 03:30:00,1132.4780215371313,1140.4364931086577,1130.752929814439,1136.2274823105683,7188.169165935118
2025-06-15 03:45:00,1162.2870158168525,1166.1783309032548,1157.7217323484053,1164.201312511769,7734.710258419629
2025-06-15 04:00:00,1170.7216190419904,1171.8563080477622,1166.3203231615646,1167.1125151457131,2592.4513574421526
2025-06-15 04:15:00,1185.1132698332558,1192.507209199283,1182.6325769559808,1185.114562752113,3769.932379606707
2025-06-15 04:30:00,1208.103785445279,1216.5953805563734,1206.7432512656549,1214.5665574951238,1239.016486796214
2025-06-15 04:45:00,1203.6960513172519,1208.9788362449729,1200.8427773983312,1205.1592384016456,6897.548284529342
2025-06-15 05:00:00,1228.2082342104795,1232.0338365444936,1219.0567837080941,1226.2321052043737,3732.268300053044
2025-06-15 05:15:00,1227.780059236314,1231.812860892592,1225.2228578324853,1225.9555255742353,5791.836745790835
2025-06-15 05:30:00,1208.7822950298341,1212.9801715639567,1202.0228577279167,1212.7469209068793,9860.696190950817
2025-06-15 05:45:00,1210.2441658333494,1216.0110966767047,1203.448951376583,1207.2087279161865,5589.9962282496535
2025-06-15 06:00:00,1204.7908259360208,1207.3228868590522,1193.0891750223757,1204.4306567199728,1908.9290892625831
2025-06-15 06:15:00,1193.6525144792047,1195.4684907887658,1185.7473358460486,1185.669963258472,3907.5348863090444
2025-06-15 06:30:00,1209.1934929492068,1209.240165705215,1199.9500985633185,1206.1567708138286,3004.6193955220956
2025-06-15 06:45:00,1220.8173983248437,1224.0742669039403,1212.5135247857258,1221.4534642033375,7674.648084462257
2025-06-15 07:00:00,1195.218510433484,1195.1902142148456,1186.5726932005175,1186.7991215044476,9340.663678117391
2025-06-15 07:15:00,1184.634818034694,1196.982159023566,1183.76386221693,1191.12369356156,7976.317115625012
2025-06-15 07:30:00,1195.3776735900137,1199.268233437825,1189.347181096944,1191.3269523234349,3037.0565230439447
2025-06-15 07:45:00,1198.1394683107328,1208.5297726856825,1196.7826296448568,1203.9067309762704,3121.043688879314
2025-06-15 08:00:00,1187.5601971315152,1198.5934397081853,1189.407864805688,1191.2481667140835,6168.0247179650405
2025-06-15 08:15:00,1192.9118291730626,1205.3716894190425,1190.5606276294727,1199.7978921965146,5764.8351295229795
2025-06-15 08:30:00,1159.466853550765,1165.9508622486856,1160.170282106717,1164.4027656424603,9541.910338749645
2025-06-15 08:45:00,1175.8040922566433,1179.9370516027757,1169.875452936481,1168.6875125827512,9660.991022459319
2025-06-15 09:00:00,1153.4240241481334,1154.2211886952198,1143.5662339559863,1150.1723203765155,9945.730735332561
2025-06-15 09:15:00,1168.5052195786898,1170.860213418783,1165.31501031464,1170.3224515501759,6405.754593187171
2025-06-15 09:30:00,1158.9403342369415,1168.6970151019436,1159.962858738809,1165.4297126232175,4838.345779004999
2025-06-15 09:45:00,1160.9412082536214,1167.4029333213723,1155.365559971416,1157.5565605945928,2066.557359664859
2025-06-15 10:00:00,1176.1007590424695,1181.6195057707887,1173.6331901319104,1175.5315388600961,9013.342244917863
2025-06-15 10:15:00,1169.5990377915673,1175.06983263464,1165.2140685934614,1163.8197220397667,3164.516899659948
2025-06-15 10:30:00,1184.7229036653525,1187.8555295516949,1173.4438953001288,1176.7398383127954,8051.590634942673
2025-06-15 10:45:00,1177.3400336566037,1182.299146430436,1169.8920508169417,1176.733838944948,5941.5924969504085
2025-06-15 11:00:00,1143.7713753636094,1149.4898549430654,1144.230116443468,1144.9263488434685,4857.482461425519
2025-06-15 11:15:00,1138.13923381676,1137.049187577293,1127.564589995078,1136.7425422663036,9348.48370116416
2025-06-15 11:30:00,1134.5365890801586,1138.6213071243892,1131.0128007012613,1136.2126128318353,3530.489846188163
2025-06-15 11:45:00,1114.7991926205061,1125.7741214662456,1113.361888977916,1115.9782681073668,7831.62306367895
2025-06-15 12:00:00,1144.6365577555543,1147.8262057729207,1134.3756913894174,1136.8164247968905,4770.233792595322
2025-06-15 12:15:00,1157.8207990353733,1164.8458478537314,1154.281233087103,1158.3320588427955,8120.832788088083
2025-06-15 12:30:00,1126.9261660008217,1130.786203994863,1123.1195371681288,1127.7481036304903,300.83423686307594
2025-06-15 12:45:00,1113.3522960483613,1118.6054430464744,1105.2728774642296,1113.3827553843603,7248.7796816873015
2025-06-15 13:00:00,1096.621393135024,1101.174853115001,1090.8251165476586,1098.9742341779172,9419.51568055936
2025-06-15 13:15:00,1073.82837497663,1079.3715353299895,1067.4447239158812,1079.0860622557955,7890.611510746231
2025-06-15 13:30:00,1079.943144494418,1091.614215659819,1077.869899255694,1085.8134128568188,7228.141422162442
2025-06-15 13:45:00,1108.997318982141,1118.0987721152649,1104.5215857330054,1111.8220415037088,6881.494062917214
2025-06-15 14:00:00,1123.6312069148678,1125.6454875105412,1113.171242002938,1120.0573333931122,494.9983273675252
2025-06-15 14:15:00,1137.1459826289035,1139.491827444241,1130.0681392974698,1130.2642466132727,7807.559096750484
2025-06-15 14:30:00,1142.719219158712,1145.4160384332608,1137.8780765951067,1145.752631326342,2600.3067236850793
2025-06-15 14:45:00,1123.0456790815877,1135.4905018631775,1122.7300065802667,1125.3111401347628,4029.0625013212034
2025-06-15 15:00:00,1146.2535212100122,1146.6801766288404,1141.297529546318,1141.256054991775,1994.264132572415
2025-06-15 15:15:00,1153.0930088208415,1156.6846257054578,1148.9370835588563,1158.4664570574637,5942.271787705763
2025-06-15 15:30:00,1165.8137345011387,1168.794509032551,1155.8058026629033,1159.4408563879488,9871.391126262744
2025-06-15 15:45:00,1168.2441588369306,1174.3528215110396,1165.5116384119947,1166.4384932079208,2922.012561032686
2025-06-15 16:00:00,1158.621459591872,1167.7692031931808,1158.0064338262569,1156.555108283992,4675.034668975456
2025-06-15 16:15:00,1157.4330567977324,1164.0638743642962,1152.405490324683,1160.2850074011376,2315.8357015972615
2025-06-15 16:30:00,1168.43312306135,1171.0126156769857,1156.5378284410956,1159.601902774729,7679.414663510103
2025-06-15 16:45:00,1187.5477712192908,1187.7815862596347,1179.655082114854,1184.9179283375406,4699.916892348657
2025-06-15 17:00:00,1165.8157094469257,1164.3410158544132,1159.7744204919604,1164.0225483239574,7148.44636716405
2025-06-15 17:15:00,1151.9191217807413,1156.182608916316,1144.7292493515156,1144.9751776943183,9940.50630824014
2025-06-15 17:30:00,1138.5026710120542,1141.9091032002111,1133.8528618472026,1136.1319561640396,5871.647027895273
2025-06-15 17:45:00,1135.9574863805142,1136.5543360495114,1126.7321255162403,1130.3945698501461,5713.635054001573
2025-06-15 18:00:00,1101.4668691672457,1106.8056172134,1100.1379365559242,1107.7434635323127,2277.2562641495224
2025-06-15 18:15:00,1086.1555802704856,1095.3459217389739,1086.3863323737908,1088.7843780079595,7447.812161472798
2025-06-15 18:30:00,1092.7432693125807,1098.1384018435804,1089.6368821555045,1095.8442431782437,9727.276319358254
2025-06-15 18:45:00,1094.2309329706488,1094.7714679710264,1087.5410831706079,1089.3229351266227,4677.808857145071
2025-06-15 19:00:00,1086.4399303311052,1087.832572634125,1076.2841502615056,1082.523815328887,3815.380460243967
2025-06-15 19:15:00,1035.3649123281482,1044.7482030805122,1030.9130521249633,1035.2285640919856,8137.207335168824
2025-06-15 19:30:00,1039.855433850499,1043.0076026442323,1032.8824039518124,1038.6239515708628,1416.4059791332397
2025-06-15 19:45:00,1045.6362267187442,1054.1783311526253,1043.0649284216813,1048.1221744189706,4356.930758642424
2025-06-15 20:00:00,1043.8671824454766,1047.1328472567493,1034.587532831358,1040.9744920120984,2054.675467041198
2025-06-15 20:15:00,1011.1221864875233,1010.5603487662511,1005.088706960036,1006.652257154212,3492.8652533179056
2025-06-15 20:30:00,1024.7660269764692,1029.9118480066886,1018.8923725143468,1024.9450930159283,7411.337486485016
2025-06-15 20:45:00,1034.875822802594,1040.6146512433145,1030.0476707357448,1036.1304478101877,7728.47580082938
2025-06-15 21:00:00,1065.3760615215836,1070.5397756359612,1056.9022628470734,1061.5248180776744,7586.99213260058
2025-06-15 21:15:00,1089.1478923364032,1095.4544856109144,1080.3239221079782,1090.4831134401643,9739.542660505886
2025-06-15 21:30:00,1088.6336356482807,1090.8498327280233,1079.1573993068102,1088.9215393563668,6443.540481966163
2025-06-15 21:45:00,1074.848457522951,1075.0090357573297,1063.109767471006,1070.980174102492,4209.798401183417
2025-06-15 22:00:00,1066.02048371666,1069.433967091256,1054.9838629728033,1065.5987858027918,3344.0479615874287
2025-06-15 22:15:00,1076.3414874264133,1085.6342967190037,1073.0652676907116,1080.5290738303643,5319.964868929286
2025-06-15 22:30:00,1115.372147189023,1117.7115707925063,1104.6463620128213,1113.2835159951576,4094.4889131911214
2025-06-15 22:45:00,1121.7184697724012,1126.0897182751596,1112.1030839925832,1114.6279127363923,2472.0357100220167
2025-06-15 23:00:00,1116.989878060495,1124.2895246181342,1113.5553561656163,1125.8022671660221,6305.7040009746015
2025-06-15 23:15:00,1148.2540246304593,1149.1742495247506,1142.4108291426558,1149.7862087692213,6180.043145312815
2025-06-15 23:30:00,1128.3250124401652,1133.970378246238,1127.723160016497,1129.2633572043403,7549.007418632871
2025-06-15 23:45:00,1127.4087730942779,1126.5989105489482,1121.1425963698998,1125.0185330024456,2509.517956594656
2025-06-16 00:00:00,1137.0664601610576,1137.8423046395937,1128.3024174780371,1133.662438235999,352.9870700131835
2025-06-16 00:15:00,1152.4830543223852,1152.7288309629644,1142.9687360522041,1150.5883629422156,7267.14168280886
2025-06-16 00:30:00,1157.1004804231734,1165.849371187612,1156.974084412243,1162.8903904562965,7865.668651717312
2025-06-16 00:45:00,1134.7058582802956,1139.9941510813137,1128.3371368678006,1139.7358792592054,7488.6670968600565
2025-06-16 01:00:00,1143.121955966344,1146.3205939355191,1138.462174185118,1136.721200090157,8418.64709187167
2025-06-16 01:15:00,1130.51974996826,1136.8233981559029,1129.0696906509047,1130.2858306503338,3521.7889843429857
2025-06-16 01:30:00,1128.689239528632,1132.356524142978,1121.9756177906447,1126.2165686507471,1031.0087678166378
2025-06-16 01:45:00,1120.9637487070017,1121.6242033800388,1115.8481568002117,1117.154062824291,6139.2590284026965
2025-06-16 02:00:00,1116.339963351198,1123.3668502303422,1112.9235027018249,1115.9070731442885,8596.050330794002
2025-06-16 02:15:00,1102.7112991606928,1104.8197906985401,1094.831113724352,1103.5960951749307,9052.593976998685
2025-06-16 02:30:00,1091.161290609328,1099.4552230412303,1089.615795106164,1090.4623229478286,8103.37165877693
2025-06-16 02:45:00,1053.6732030847952,1054.5650798093752,1047.0544724762847,1051.5888962167517,8093.345483328414
2025-06-16 03:00:00,1033.224296756761,1032.414179146691,1026.6777475219326,1034.8220094083879,5871.71646711802
2025-06-16 03:15:00,1036.0955266540805,1040.8308829416994,1031.8431594124422,1033.5207588196115,7052.117054182685
2025-06-16 03:30:00,1036.32319956209,1044.0976071977602,1030.6266269681773,1041.1496823403384,771.1571829351686
2025-06-16 03:45:00,1035.2052587789588,1033.6085873302945,1027.7376433709687,1032.0086016763687,4444.205579362992
2025-06-16 04:00:00,1015.9785207777745,1021.7145058731619,1009.6077594286363,1019.531108697248,1235.887844555203
2025-06-16 04:15:00,1023.6536737262425,1023.8253511351927,1012.4616994624099,1024.270253989048,5911.407762278819
2025-06-16 04:30:00,1029.5585737806168,1031.2317008015832,1020.0984846455345,1021.9708406965626,1127.8233655434851
2025-06-16 04:45:00,1015.8147352420252,1021.012843378967,1011.5667224396811,1017.3928266811354,2963.5677182720938
2025-06-16 05:00:00,1019.8924080624691,1022.715900358922,1010.6755282009746,1012.7709243970008,7343.711089191563
2025-06-16 05:15:00,1002.4841729456725,1004.3940397896921,996.3576202067823,999.3473850148563,4760.370125545879
2025-06-16 05:30:00,993.6868829632796,995.8780964156749,985.2093125960045,988.4252656468406,9585.944170722078
2025-06-16 05:45:00,982.208752009991,985.0725644773481,974.3948631222933,976.2726718046384,949.4642370641567
2025-06-16 06:00:00,965.6608464323699,965.0290076492159,954.2214936427015,964.5064414855848,3023.718009101682
2025-06-16 06:15:00,963.4780190505526,966.3375267016182,955.1743547702239,958.5270526567164,9162.969450185377
2025-06-16 06:30:00,962.6561879333588,964.0988080076492,950.1057142070621,960.2248429261041,5818.077079737176
2025-06-16 06:45:00,965.9120084457428,973.2809914154964,962.2174037279282,961.928654339756,7519.314004157906
2025-06-16 07:00:00,976.7609703025186,988.2200610392837,978.5831117911109,981.2220396172994,5370.562506388956
2025-06-16 07:15:00,972.8098642718264,979.6795602181129,972.7253738969096,973.3172059568795,3714.6043379272946
2025-06-16 07:30:00,980.4494418868,988.6338489581,981.5250136283967,989.5547022596627,9368.560514934301
2025-06-16 07:45:00,957.5043326097262,964.983367169604,956.3222120338438,958.6501774594564,7511.363871866378
2025-06-16 08:00:00,972.6853052354616,974.5092154766517,962.2637299307135,969.6346165395412,7074.692228356585
2025-06-16 08:15:00,989.7158588630646,992.8918917029696,982.3203386924131,982.5793038002477,2687.2037352817483
2025-06-16 08:30:00,989.0762005338138,998.6665181722155,990.3181739612727,990.2348015375419,9977.183029348751
2025-06-16 08:45:00,1010.9274596986559,1017.5293246452928,1007.1048658799247,1014.9039359795128,9494.17462248552
2025-06-16 09:00:00,1019.8669803287655,1022.5110723082342,1011.1304167171319,1022.6698320557509,2630.7513470982744
2025-06-16 09:15:00,1032.9388835495824,1037.4451370615543,1023.5711974389986,1032.0464253216794,7174.538701009467
2025-06-16 09:30:00,1066.5645396376653,1069.449782484551,1053.958573220865,1060.0368109925205,3325.850697555592
2025-06-16 09:45:00,1051.721104485235,1061.5473942990861,1047.3783775978206,1052.5279728784192,641.0100042975648
2025-06-16 10:00:00,1063.0277875263705,1068.8498109859277,1056.9310610838322,1062.0183341647914,7782.558440884129
2025-06-16 10:15:00,1089.0674003884878,1096.3699999912265,1085.958986588396,1092.844584815092,6972.190752531299
2025-06-16 10:30:00,1095.1844961027255,1094.217725917742,1086.6771970652073,1091.0168729517682,2982.331453044564
2025-06-16 10:45:00,1146.0582748528439,1145.8680969428317,1140.0275760693708,1140.4869317774107,6168.889801514574
2025-06-16 11:00:00,1161.839018068861,1162.2029351988003,1155.743311163073,1158.5952744143494,2155.5193270293594
2025-06-16 11:15:00,1156.0492920670476,1153.557565768018,1146.9882862240202,1147.5082605428152,757.4143477302866
2025-06-16 11:30:00,1165.2711849199602,1170.295479074764,1157.0040740832064,1159.7221592831393,6394.489630001543
2025-06-16 11:45:00,1181.8086625758458,1186.4769646276243,1174.6811998123196,1178.8868839758265,8708.713636423621
2025-06-16 12:00:00,1191.0172596376722,1197.0777684402753,1193.0088347241563,1197.9703901018797,3503.772831105849
2025-06-16 12:15:00,1179.532921620356,1185.0927993301532,1174.9880626826657,1183.5820293195238,1547.9198344593162
2025-06-16 12:30:00,1172.0838593442115,1181.0457666078398,1170.0850872261362,1174.6095121598228,9317.58821793297
2025-06-16 12:45:00,1175.0433105193574,1187.5203682889219,1176.9875890790997,1184.3494359834824,7256.133318269818
2025-06-16 13:00:00,1198.8415519505875,1207.9849803058166,1198.9097147626792,1200.2387801588477,8813.896707508473
2025-06-16 13:15:00,1205.7729659949462,1209.3346539710444,1200.5298072329877,1202.1387439799278,2310.277965667546
2025-06-16 13:30:00,1229.8742102938575,1232.645594523873,1222.7949917917088,1229.7942783984606,290.72040081978923
2025-06-16 13:45:00,1225.214421729963,1228.062967194526,1217.7905311851262,1223.8099192969066,9164.001026971922
2025-06-16 14:00:00,1233.877515156104,1234.5416596844707,1227.269250201689,1235.0531339710574,4191.72508177461
2025-06-16 14:15:00,1235.6161759783386,1241.492987356697,1226.5545425719988,1229.2164721364722,9578.016619972428
2025-06-16 14:30:00,1242.1224604791257,1243.6022546511815,1232.8078708369032,1243.6061541295358,5917.1294140873415
2025-06-16 14:45:00,1209.6102522443975,1218.5752104330918,1206.2146622877028,1212.7281655058803,5778.129991992766
2025-06-16 15:00:00,1222.9786170016444,1228.158347687593,1217.468517912982,1221.8940452677261,2810.129191923587
2025-06-16 15:15:00,1224.2965457613668,1229.8768827560702,1218.8630709231563,1226.2279583311272,8173.786276462708
2025-06-16 15:30:00,1213.157200154732,1217.281780266922,1211.6185778367749,1216.582654938214,1040.3016782723466
2025-06-16 15:45:00,1182.9918998319843,1187.3945672122804,1179.5544678946394,1187.3369924994458,4940.281585371669
2025-06-16 16:00:00,1155.8050678835064,1165.5667831248059,1154.6265439307233,1162.0313042575426,670.2014285786479
2025-06-16 16:15:00,1137.992832220265,1140.4047693387722,1133.1892376781311,1136.338616649211,5688.38959645076
2025-06-16 16:30:00,1139.5920014247583,1139.7882517048104,1130.421428491574,1137.066658224951,5448.549200699466
2025-06-16 16:45:00,1126.743721793148,1128.7736210677722,1117.9837683989856,1122.1793486103127,3530.488072309551
2025-06-16 17:00:00,1123.6067718473266,1127.7654059029305,1115.9452133652949,1123.9732749222856,9500.705985233615
2025-06-16 17:15:00,1144.2759165972911,1141.4478236555099,1135.4248115481912,1139.0943362886794,6498.888420508425
2025-06-16 17:30:00,1130.792718347072,1138.554739261235,1126.4420001988467,1135.5579725178106,1802.0428556888478
2025-06-16 17:45:00,1133.3173247183988,1140.7034775019883,1131.9866837894454,1139.8851610033028,5907.961636672906
2025-06-16 18:00:00,1123.8199206494048,1130.3003690750033,1121.3120049445847,1127.3909860738354,2149.133573860329
2025-06-16 18:15:00,1146.0635944936766,1148.9665259318,1137.3975553945002,1141.2792028761594,456.89870010905594
2025-06-16 18:30:00,1135.6701393466817,1142.6265174948203,1133.2459141994302,1141.6004454824524,7803.388923223999
2025-06-16 18:45:00,1149.305804398383,1157.6941236955502,1145.9414408293105,1146.8575089380718,8671.457203673974
2025-06-16 19:00:00,1144.9730080446889,1153.4263953982418,1140.95253090974,1144.264399425857,3402.8122350229796
2025-06-16 19:15:00,1126.3620121917327,1133.3445559092922,1124.2693461288363,1127.32847010844,3259.9057906092753
2025-06-16 19:30:00,1149.037731529741,1154.7952657785859,1142.9505816611304,1150.398327976805,5411.599002714555
2025-06-16 19:45:00,1149.0614051218286,1149.9053330636348,1143.3217882570455,1141.9363310447877,4523.478629088114
2025-06-16 20:00:00,1123.927196951704,1131.6731514753553,1119.4490261944084,1122.1099126832441,5853.534636542946
2025-06-16 20:15:00,1107.7184678620742,1109.089527720849,1099.8638629433444,1105.4477780877485,929.5736316586646
2025-06-16 20:30:00,1095.4213273462747,1097.1537902728228,1084.8093071780022,1087.7775589655773,8988.884777673491
2025-06-16 20:45:00,1100.8454303902233,1104.0200257729482,1090.955442672916,1099.9334463780513,9454.79424712524
2025-06-16 21:00:00,1093.4202092531052,1098.7517423630043,1089.3736541060127,1093.4533581013363,5834.675094374292
2025-06-16 21:15:00,1088.973377861297,1094.2023993831567,1083.3725986122383,1090.2130652004078,7559.2939832078255
2025-06-16 21:30:00,1077.7909314812805,1084.6009728652657,1076.7388878088248,1084.6001131249723,5847.321684607451
2025-06-16 21:45:00,1093.2153908816786,1096.7068967344567,1089.1366436187411,1091.516732372204,7166.81039960974
2025-06-16 22:00:00,1102.9817794224896,1103.431129850772,1090.2615317162733,1096.171323761066,1481.357847811397
2025-06-16 22:15:00,1086.4337268624247,1087.9968982262399,1079.6143126287186,1082.8414378186576,2501.6683603027473
2025-06-16 22:30:00,1060.5057294081093,1066.1362237100575,1055.4555073943873,1062.6465057873197,1810.074625808858
2025-06-16 22:45:00,1089.900733177561,1091.9639515304489,1084.0572483048982,1090.046037902202,3380.588674807632
2025-06-16 23:00:00,1060.1102521317691,1070.718966604569,1057.8709786930433,1063.0158312064527,2152.5872824710164
2025-06-16 23:15:00,1042.913402610605,1044.0453833205013,1038.4453824358077,1041.768243634124,5021.514259838221
2025-06-16 23:30:00,1019.7378999243665,1020.4140918596769,1015.0575403648626,1014.1941232888154,4227.243850821412
2025-06-16 23:45:00,1010.6096173365137,1018.4009086512455,1009.4485310094722,1015.950635430178,3749.154956811803
2025-06-17 00:00:00,1029.7242496312551,1036.2873681840188,1022.7017441336159,1032.4732834565782,5811.942509097605
2025-06-17 00:15:00,1023.3651529394978,1023.9706457384009,1014.679166825333,1015.6691718629264,442.04711107343314
2025-06-17 00:30:00,1008.5955856941727,1014.1964962759125,1004.5356173388825,1009.7309610219133,6685.450703024118
2025-06-17 00:45:00,995.3376678821478,995.858105171908,986.2850472769729,990.1401501589319,9439.43405436621
2025-06-17 01:00:00,980.1662572279073,989.0498425665573,978.1824160225844,985.3553006591688,3478.733306999128
2025-06-17 01:15:00,971.7791129327506,978.5194527970741,966.0863858188044,973.3778006239037,1444.033387495823
2025-06-17 01:30:00,1008.0559528692726,1012.8664071393904,1000.5726725502602,1007.5763674175341,7350.789922135551
2025-06-17 01:45:00,1014.3614472842254,1011.8853903648132,1003.4423391984162,1006.6989476228267,4747.451061327316
2025-06-17 02:00:00,1008.0070127062629,1018.1344282348441,1004.2930303344511,1010.9572307064358,7777.422608253493
2025-06-17 02:15:00,1039.4852376991819,1045.810052734605,1034.519098108018,1043.1294579054365,7313.365330965063
2025-06-17 02:30:00,1032.277420587684,1040.5035119149156,1030.0328896527058,1034.0167767052687,7271.167765117238
2025-06-17 02:45:00,1045.791663165313,1049.1251105976503,1040.6589332846854,1040.26666635735,8555.661893898927
2025-06-17 03:00:00,1044.7183658357612,1047.9460376779268,1042.1394343499744,1040.5737474141658,5763.8198285769295
2025-06-17 03:15:00,1049.358201074246,1054.0987339036685,1047.8424901464944,1048.7265876219997,8760.904190054187
2025-06-17 03:30:00,1043.0445597083956,1053.641231509027,1039.1292457561688,1043.0507094406323,2413.167407099915
2025-06-17 03:45:00,1067.331900080489,1070.16567147982,1061.583579482893,1061.0469655750355,9784.663502885413
2025-06-17 04:00:00,1069.703524838037,1077.875144884013,1070.6965996782073,1069.815000784877,4413.623451461528
2025-06-17 04:15:00,1076.5514489423188,1080.5041909342906,1073.536261365096,1081.5940329413197,4362.838345718514
2025-06-17 04:30:00,1088.3501821536404,1094.2275803936561,1085.5210818165197,1089.3224287024198,8142.659321767341
2025-06-17 04:45:00,1120.5429088737778,1120.8441139577753,1110.5948793931077,1117.6875243036375,777.7457535378331
2025-06-17 05:00:00,1121.9552718231796,1124.3433319606704,1116.255718694634,1121.5596180360965,8306.522069165241
2025-06-17 05:15:00,1130.8605434217147,1139.9627347681583,1129.4496266069661,1133.916574996238,7692.670591692679
2025-06-17 05:30:00,1133.2113430180752,1143.467991060844,1129.2555300344288,1136.1999972413587,730.5685204197716
2025-06-17 05:45:00,1128.7701197643628,1139.20866904977,1129.3730023244352,1127.7852244000603,6855.258405211808
2025-06-17 06:00:00,1118.049290196903,1125.1763624781986,1115.3516227156545,1116.5384749817792,1828.2626168819666
2025-06-17 06:15:00,1140.4606936688942,1140.10467802366,1132.234713407165,1139.4857428539663,648.1502559278647
2025-06-17 06:30:00,1125.2410513195448,1125.7135319222975,1117.5974094468925,1121.8644363722096,7705.691616226058
2025-06-17 06:45:00,1090.2119899946974,1100.4146573490318,1092.1311914672194,1099.3703528525089,1737.4642480144714
2025-06-17 07:00:00,1085.4483533453947,1092.8102335083531,1082.282339775081,1085.383718236828,5185.303418868216
2025-06-17 07:15:00,1086.803710109046,1092.5718796078713,1082.4005681991732,1088.922807401657,1890.4961784415068
2025-06-17 07:30:00,1056.0940730810644,1057.2147786995997,1051.292996659803,1054.8088118704413,2348.6201483731757
2025-06-17 07:45:00,1066.5426073090507,1068.2725203466853,1059.1925711604488,1063.2351527835572,9957.365462040454
2025-06-17 08:00:00,1069.44786825909,1078.7005851159247,1067.7495861464251,1072.0540520142906,6561.590366333605
2025-06-17 08:15:00,1065.7760703691522,1072.733824080636,1056.8764853857383,1062.8505463612537,4604.868145279605
2025-06-17 08:30:00,1083.5425088289192,1084.0066330166844,1074.696647315297,1080.644132908838,7940.788234303333
2025-06-17 08:45:00,1083.959391824858,1095.195386559572,1083.9675449524732,1084.956281519524,706.5791867497492
2025-06-17 09:00:00,1080.461974374003,1081.942085660197,1076.961456747752,1074.8595832260812,1106.9049899831393
2025-06-17 09:15:00,1052.8273675300254,1060.174170322859,1052.734196299892,1056.4098836014316,3626.600632241692
2025-06-17 09:30:00,1067.0334545268884,1076.8452918098894,1069.6770701476016,1075.1565419010171,7173.198301512523
2025-06-17 09:45:00,1092.4297597027446,1091.9375021495764,1085.1613124149187,1086.6917535613604,6381.120977673368
2025-06-17 10:00:00,1080.6875900712985,1086.778054142412,1078.5953694683608,1081.2319910743406,6820.027093969778
2025-06-17 10:15:00,1099.5280498583859,1098.4718391847287,1092.8061538505715,1095.7124530213237,4780.133766909361
2025-06-17 10:30:00,1111.2360217449996,1113.2654035119087,1103.1835425448173,1105.4669131717806,6958.965676856616
2025-06-17 10:45:00,1101.7660137882522,1109.6689407158044,1099.656277821773,1103.451784494232,106.64565617955036
2025-06-17 11:00:00,1096.4995450739762,1098.3018308314656,1087.6513458440734,1092.421087975375,7790.602836020953
2025-06-17 11:15:00,1100.5967103976232,1111.1879903303625,1097.466783988669,1107.8111207201048,3504.5354659456953
2025-06-17 11:30:00,1103.8838180229795,1102.777029650978,1096.1908728439246,1103.54800755431,6076.326236341739
2025-06-17 11:45:00,1109.577058733241,1110.3644726072264,1100.552744949644,1107.224434964996,2772.32962299651
2025-06-17 12:00:00,1128.8538420364175,1136.0348331426385,1125.7559676817814,1128.3757039534753,542.60868300028
2025-06-17 12:15:00,1133.4200514402933,1133.934444714573,1125.3888969405718,1131.7813323783162,5856.417484825975
2025-06-17 12:30:00,1137.194233539928,1139.731615502735,1132.0096680433276,1133.3732276537924,6455.932364964894
2025-06-17 12:45:00,1132.9594049125612,1142.8154424082697,1127.556839735887,1134.9562771979502,1383.8447616999022
2025-06-17 13:00:00,1159.454260590794,1164.256423767836,1154.908797003138,1156.6966307244302,8932.328834971147
2025-06-17 13:15:00,1163.069835159846,1170.596459486486,1159.0390795734806,1163.334739989697,5046.401566128517
2025-06-17 13:30:00,1176.9274932531455,1186.286045748289,1175.1526675756515,1180.6989196250915,4091.577921066361
2025-06-17 13:45:00,1191.0175338016372,1197.6208569102341,1187.0233311229733,1186.0649877727155,5197.183469218858
2025-06-17 14:00:00,1178.5885252850603,1182.8424295289458,1175.1468430170196,1177.277512652226,7624.958572006039
2025-06-17 14:15:00,1207.6320130635634,1219.0863944032178,1206.138972951104,1211.2317370543738,4821.62765553638
2025-06-17 14:30:00,1205.6443252166855,1212.9142415554222,1202.4118959268792,1207.0023375475898,5919.762417802751
2025-06-17 14:45:00,1204.1588771599452,1211.285369518386,1202.061567935058,1208.587473775216,172.16098370372129
2025-06-17 15:00:00,1206.9303377504214,1214.9811361179084,1201.0524969669718,1206.1414212077698,6769.152728879218
2025-06-17 15:15:00,1209.5762555996548,1215.210974143514,1204.762318950457,1205.8462692606868,2373.032996243662
2025-06-17 15:30:00,1187.1770865977874,1193.1487014905852,1188.5189122397894,1187.0379109621895,447.4118480377608
2025-06-17 15:45:00,1208.4893422961445,1212.9223214081346,1200.9465483060083,1207.187660091363,5426.134207656571
2025-06-17 16:00:00,1199.320734683714,1206.0809688943568,1196.9957030538121,1205.4391140611913,1416.8593058831334
2025-06-17 16:15:00,1196.6311960008227,1199.9901132466125,1185.7917640656772,1189.4426247171039,865.133413513538
2025-06-17 16:30:00,1188.5788389949953,1190.448086985638,1180.1111159041875,1181.9613099374515,1316.2652303730126
2025-06-17 16:45:00,1169.2907359958072,1174.3082771747595,1161.1833130876987,1165.992679136411,539.3389235898787
2025-06-17 17:00:00,1184.1974553001933,1187.6114850104198,1177.8418061883829,1175.8013252683706,3417.672456455402
2025-06-17 17:15:00,1176.0148447118306,1177.352644124261,1165.3998301345548,1170.6896441379529,4851.880805962245
2025-06-17 17:30:00,1189.4920606363671,1193.207484376552,1182.3922313025887,1181.3513509442205,6447.411785418779
2025-06-17 17:45:00,1177.0829109382119,1183.786611754388,1172.1751840386364,1176.5507480253893,6806.514441731039
2025-06-17 18:00:00,1185.901906934052,1189.8480914149293,1179.6962656045316,1181.6382364100737,2601.1910575588668
2025-06-17 18:15:00,1182.5328547731856,1193.3987466856374,1181.337794941642,1189.9830802565325,1113.8879668708687
2025-06-17 18:30:00,1178.0461931496839,1188.0983199082864,1175.796319921992,1182.337836188367,5980.143572809972
2025-06-17 18:45:00,1193.149573647861,1194.331111266647,1181.2355602477403,1184.0860925703848,7580.683080378047
2025-06-17 19:00:00,1164.6084849315237,1176.7685658115445,1164.0327211694707,1166.1901567455532,1547.4056043798178
2025-06-17 19:15:00,1168.6950496687925,1173.7976427056956,1162.725705179492,1162.6625053662383,5863.9865359100695
2025-06-17 19:30:00,1181.8274668315007,1189.6066895430313,1178.643064857273,1184.917370703131,601.5271191324335
2025-06-17 19:45:00,1160.8156235614724,1162.1967665237335,1154.0662831585166,1161.7189226110916,1217.9382737742515
2025-06-17 20:00:00,1173.4843192740832,1176.9126053080365,1167.4408495721839,1170.0190984263663,9037.953441352285
2025-06-17 20:15:00,1189.2791641700067,1195.892836638605,1188.8517177998121,1186.185158024588,5266.148716547213
2025-06-17 20:30:00,1202.40003681082,1201.6237793868897,1195.2986944216705,1193.9969349231696,6576.269648276649
2025-06-17 20:45:00,1196.9888491441595,1206.4816602556264,1198.110298765926,1204.2799101466578,7540.6370116355865
2025-06-17 21:00:00,1187.6372005117087,1188.0844129761363,1181.7602237418669,1184.0589240476165,211.60427104491163
2025-06-17 21:15:00,1179.8039246584156,1184.9279055356153,1173.6128743707666,1181.5031376437232,2994.1131316086303
2025-06-17 21:30:00,1193.3896055614186,1197.2117637880528,1183.5341760219546,1193.488051071791,5936.63433008688
2025-06-17 21:45:00,1199.3380193237458,1209.93483663925,1196.5348775821087,1200.43128765743,5715.08405230604
2025-06-17 22:00:00,1203.3394034001446,1208.68094816261,1198.0561492167958,1206.1884065108793,6611.497547051744
2025-06-17 22:15:00,1216.92729235416,1221.5178498562848,1210.513837033834,1211.07501237683,8692.814407787933
2025-06-17 22:30:00,1210.2169820783347,1208.7003758937199,1203.0113819247758,1204.5941390264047,4123.481553310822
2025-06-17 22:45:00,1185.3740979760744,1192.9833301649626,1186.7744579628827,1189.24654724285,4698.2486264460085
2025-06-17 23:00:00,1210.0216623647173,1215.3417820092716,1203.8692929254996,1211.7249437408182,3094.0815649883853
2025-06-17 23:15:00,1223.2101566077804,1224.9325194501628,1214.4034555976953,1216.6622292959303,7846.6559285276935
2025-06-17 23:30:00,1221.5743051937498,1226.6372180657909,1210.9836364743298,1223.0948415533946,6025.893592981921
2025-06-17 23:45:00,1214.1736483917457,1216.8382884457228,1209.8050116981015,1217.66450032071,4329.716230149766
2025-06-18 00:00:00,1212.657179059524,1213.4096887502526,1203.5640503702223,1207.9610503401423,9069.696376025096
2025-06-18 00:15:00,1204.0480434237784,1205.4496009268905,1191.5870184883931,1201.2399487808566,7777.157737700906
2025-06-18 00:30:00,1210.2458197787578,1210.0209365523524,1202.8929242013248,1211.6926096462864,1499.9768047266084
2025-06-18 00:45:00,1219.6548470342866,1223.5985751734468,1217.297733161569,1224.426654828796,2677.6809178678304
2025-06-18 01:00:00,1226.2099244656627,1226.6429725105602,1217.9528135504388,1216.9157546266306,8694.194760417495
2025-06-18 01:15:00,1233.0624572487818,1241.7653369141158,1226.8976968911415,1234.0185878383024,6655.807520005466
2025-06-18 01:30:00,1245.1615542007276,1245.8716288136393,1235.1400284259125,1245.31720997414,2055.4979177601062
2025-06-18 01:45:00,1266.0164873806527,1268.8102845949545,1257.7907560598442,1268.6277129992734,3966.005529363338
2025-06-18 02:00:00,1273.232651171911,1273.607224838767,1263.8511025823811,1269.547403297359,8124.609689405207
2025-06-18 02:15:00,1303.0092816959473,1303.9043980071842,1293.511929327091,1300.3887051904094,1757.215233117681
2025-06-18 02:30:00,1286.6415445162297,1291.7263814191338,1285.3495340450982,1289.0720055695945,7196.709069265233
2025-06-18 02:45:00,1285.04414178661,1283.6512639197058,1274.569422070497,1277.7599967304498,147.56506093166598
2025-06-18 03:00:00,1277.333900453821,1280.7661981673864,1269.4623044050718,1275.929769179198,2966.2813675837915
2025-06-18 03:15:00,1261.8032981028323,1265.3872448253367,1257.381299319836,1263.4904372381254,9646.134062043113
2025-06-18 03:30:00,1255.5139550201252,1262.8418504220692,1256.0640757174763,1260.5651891187458,3192.7161080293986
2025-06-18 03:45:00,1280.805322026892,1278.9670003122717,1269.6229570215578,1279.5581373547477,3413.142784187515
2025-06-18 04:00:00,1284.7197570765477,1294.507819996627,1286.2569138487752,1290.97703328634,9346.51374888332
2025-06-18 04:15:00,1268.777047956996,1276.6564228016216,1268.2253388111292,1276.9913227367654,6224.6995133498785
2025-06-18 04:30:00,1280.2236632335528,1284.2676910911428,1274.8085572208938,1280.1174930743869,3271.119985173592
2025-06-18 04:45:00,1277.340867101725,1287.2900386660765,1276.4556041306578,1284.3056428155178,858.8289952603265
2025-06-18 05:00:00,1268.069987509776,1274.1895841151095,1263.8911703042068,1271.214112758378,8255.438697771195
2025-06-18 05:15:00,1240.240198031927,1245.8642310743282,1239.1252772970372,1247.69758179203,1694.030644051423
2025-06-18 05:30:00,1248.9310016378934,1253.288458479745,1242.1934076493117,1246.3009324890963,6983.025487762214
2025-06-18 05:45:00,1233.172875853533,1240.685273094779,1232.4488526604878,1236.9143437911923,9822.858689796578
2025-06-18 06:00:00,1259.117248922892,1269.701456507586,1260.3638567941796,1260.6320994100508,503.0897783436818
2025-06-18 06:15:00,1243.9162108522344,1250.5481320120243,1241.360851788589,1249.9685739442832,1114.531168037718
2025-06-18 06:30:00,1245.3492364954457,1256.3972498546814,1242.3619244512909,1254.9346021561614,9521.544245532135
2025-06-18 06:45:00,1255.611586181113,1259.2307231151149,1250.1832919349554,1254.283753469944,1394.7149103244533
2025-06-18 07:00:00,1255.001065814516,1254.515282199919,1246.3439418102137,1254.119250902193,9569.603376415593
2025-06-18 07:15:00,1216.078825385388,1228.028121883517,1215.5970256918777,1220.0757041091513,9873.834548584011
2025-06-18 07:30:00,1234.8282757804704,1239.8684315427604,1230.0414691061924,1231.6132302379906,9349.67573870185
2025-06-18 07:45:00,1242.7460407354831,1248.3641832528804,1238.6600113346205,1243.0540047601696,3581.2131404024935
2025-06-18 08:00:00,1237.76400950431,1245.8091395104198,1236.7924280086,1239.208234634791,3344.9454912535944
2025-06-18 08:15:00,1232.234314764367,1242.177337259335,1229.8225978654586,1233.9607258852782,6677.286730153377
2025-06-18 08:30:00,1213.751305613877,1219.2492384098555,1213.2870549330864,1217.5573789738703,5567.972802928761
2025-06-18 08:45:00,1218.5422526671928,1221.3598569354651,1210.9125385683544,1216.3907069627007,6324.56538027744
2025-06-18 09:00:00,1216.4056188601428,1214.714992625829,1208.671020139813,1215.6611586919798,3672.774927192085
2025-06-18 09:15:00,1220.2304636663575,1222.3674310939566,1212.2257525375403,1216.721908928496,7141.098894471713
2025-06-18 09:30:00,1202.6193408195368,1205.1805348167422,1193.4955433359296,1202.4093568489452,5809.152122524128
2025-06-18 09:45:00,1210.7587820125361,1209.5411485782772,1201.8589329239492,1210.9696840213358,617.8734057567298
2025-06-18 10:00:00,1187.5068547847982,1189.4617832397473,1181.1851523941011,1189.9585335926406,1594.435160221031
2025-06-18 10:15:00,1202.8373441647532,1208.268585774449,1197.3034349897055,1202.6933105993837,1132.4102121076328
2025-06-18 10:30:00,1194.2857518076719,1199.732958177809,1190.3560070475392,1200.513917551879,961.0358239158105
2025-06-18 10:45:00,1193.9280699466553,1205.5901097125975,1192.9712238239297,1196.8500299662664,757.3166952266627
2025-06-18 11:00:00,1198.512070329613,1202.6639730689574,1192.050935563254,1199.1936406715856,7931.090424878984
2025-06-18 11:15:00,1208.3472866923385,1214.3095363598109,1208.2829232314236,1213.9299455613932,2943.468654753488
2025-06-18 11:30:00,1204.0873722233646,1204.7193968881118,1196.0498484521017,1202.8052052745882,1039.2906915662054
2025-06-18 11:45:00,1201.1100206582857,1198.5752395413538,1190.8737561225898,1193.7524143842468,382.7150160385519
2025-06-18 12:00:00,1182.1764722779153,1185.08954176089,1175.3871281397517,1177.284899678585,8246.122423387784
2025-06-18 12:15:00,1179.939122209012,1181.7089014227324,1176.2514074155677,1180.7325623729982,566.4270702941917
2025-06-18 12:30:00,1154.9286207650553,1166.6427062451219,1152.9392248503293,1163.9559400325022,8411.309139726676
2025-06-18 12:45:00,1157.7371136659788,1154.851616805751,1146.0040118111706,1148.7707796857733,6240.766908996699
2025-06-18 13:00:00,1145.9888402143204,1150.3898911212498,1139.8957534914027,1148.0796216620563,7528.607559412802
2025-06-18 13:15:00,1127.3412612409363,1134.112906061677,1123.9926826419085,1130.9812615309252,5934.327521276057
2025-06-18 13:30:00,1129.8806848064644,1134.3559034420375,1122.4079155049722,1124.9565407894763,5613.814109312521
2025-06-18 13:45:00,1137.707752767835,1141.2256403444508,1128.2813078805982,1136.0391156943592,3135.270554030379
2025-06-18 14:00:00,1126.4662590653109,1128.711253748869,1120.863686775855,1124.7384471286805,2077.5003021474286
2025-06-18 14:15:00,1118.80022976327,1120.5957184289637,1113.533859455247,1117.8648696331315,7548.514134405645
2025-06-18 14:30:00,1106.793376252077,1118.6127274398525,1107.2280857796836,1106.8999303144074,2866.11985204586
2025-06-18 14:45:00,1120.3040605431333,1127.1990543963195,1113.8937753958737,1114.9310439864576,8700.997399729264
2025-06-18 15:00:00,1105.0321075601682,1110.929539471513,1097.0679561832414,1101.707356733969,811.2086999415684
2025-06-18 15:15:00,1100.9031928122731,1103.6807179953043,1090.8056540743823,1092.853548503934,4367.098415608159
2025-06-18 15:30:00,1099.1139159348159,1105.5759421111836,1097.4095110361225,1099.3348393470803,8193.83375290954
2025-06-18 15:45:00,1124.6591757788526,1135.9480479932151,1123.421799542824,1125.4788152387416,8641.204123034215
2025-06-18 16:00:00,1125.452790344064,1131.882463397117,1119.4288640907284,1126.722562116622,9237.898571379324
2025-06-18 16:15:00,1115.2080771217716,1119.702710092228,1106.622523339712,1113.4174752936215,2058.22756175039
2025-06-18 16:30:00,1116.3054092233592,1116.1667104801393,1104.7647758141782,1107.5282953148085,7108.690047856195
2025-06-18 16:45:00,1106.202722794777,1111.7047028768316,1104.2059654622494,1108.034847771453,654.5855486319332
2025-06-18 17:00:00,1120.4738118344944,1120.15260598113,1108.7121678525293,1112.062288854338,6105.827856814515
2025-06-18 17:15:00,1138.9557541996212,1147.7068092715897,1137.4053371160653,1138.9253979440155,6302.0065303831425
2025-06-18 17:30:00,1155.7458437762364,1157.2427062943038,1147.0350461862186,1153.2855497698365,6538.205269287242
2025-06-18 17:45:00,1151.009957053591,1152.4320482718133,1145.2770949298522,1152.8178500435088,9426.442607941946
2025-06-18 18:00:00,1154.756049018315,1153.7975335541455,1144.0082564932368,1146.7979934231587,5362.701385751548
2025-06-18 18:15:00,1163.0913592983952,1163.2796456705805,1155.020680999771,1164.1779435369256,8087.60623974473
2025-06-18 18:30:00,1148.816338149987,1153.2083961928179,1142.7801043439506,1146.947597589052,157.35295650863253
2025-06-18 18:45:00,1156.7706240541067,1158.1269289206552,1150.1072984060813,1157.7350905198787,6442.125417705106
2025-06-18 19:00:00,1146.565121436159,1148.6013011105092,1142.1305981428852,1140.9294902450133,7568.93259257512
2025-06-18 19:15:00,1150.7585889938046,1153.8874001842325,1143.481670854307,1146.647803435441,1139.4334071022276
2025-06-18 19:30:00,1156.958739623438,1162.7765157715116,1150.6404494818698,1157.312706812042,7941.476043044265
2025-06-18 19:45:00,1159.1681496871565,1167.6254450780461,1154.0443843058765,1161.1211223361843,1178.6314221873142
2025-06-18 20:00:00,1179.2574882740535,1184.251468407135,1171.6430458268876,1179.1828286675413,1280.118447883042
2025-06-18 20:15:00,1120.233890890596,1128.7722930468592,1118.1929613035513,1125.5171461710197,2121.6528779596656
2025-06-18 20:30:00,1119.6866597995302,1125.0281583054868,1117.2066632903534,1124.4461151598848,3982.8878425656367
2025-06-18 20:45:00,1119.8615885005515,1120.8486144550507,1114.0547273323907,1118.327065978931,5058.635166616903
2025-06-18 21:00:00,1140.4138873131162,1152.7730630232213,1137.685960749013,1149.8098367945283,6569.840831356012
2025-06-18 21:15:00,1121.8432905006339,1124.956624269232,1114.686574872536,1119.5986946271912,654.3296597378965
2025-06-18 21:30:00,1125.880046449819,1123.900619201799,1119.0695102589557,1122.3241664668058,7522.801332356291
2025-06-18 21:45:00,1102.1004295064986,1112.568486766274,1098.8181312348408,1102.7184769881899,1029.0569417003064
2025-06-18 22:00:00,1137.5089431470064,1146.366804581611,1136.44902043151,1137.7279809833822,5801.538633979241
2025-06-18 22:15:00,1146.1000840433026,1146.3470752650612,1136.5951260044842,1147.1237517943223,463.5810285419327
2025-06-18 22:30:00,1140.116695153776,1148.2472840386645,1140.057347886251,1142.988612682788,8821.66197848712
2025-06-18 22:45:00,1161.2026915833999,1164.5991355080823,1154.2043448653021,1165.1746172022172,2297.4689956141247
2025-06-18 23:00:00,1134.9920036906365,1143.2431570342112,1131.162887218516,1140.3686994737636,4034.222252613132
2025-06-18 23:15:00,1175.84638804917,1176.9056343526538,1169.222831783121,1177.3111969439567,8067.621926742369
2025-06-18 23:30:00,1178.227970224403,1181.2776306503022,1173.7819855964894,1175.90202709487,3826.6253506522517
2025-06-18 23:45:00,1199.5961749786222,1197.8952518469764,1190.7199128625093,1192.0812100157527,394.57097909707534
2025-06-19 00:00:00,1180.2653488458946,1189.4390796113862,1182.6281190629536,1182.8427468839157,420.46715928349073
2025-06-19 00:15:00,1155.8088131334641,1164.5832632085878,1155.1545858694624,1162.8118390460763,8234.13573977448
2025-06-19 00:30:00,1177.9589059241314,1178.094982946678,1167.2059324958054,1176.5629142505115,7131.699727819169
2025-06-19 00:45:00,1185.002185150557,1188.4945647216848,1174.5009659242344,1180.926450331798,8676.69568933701
2025-06-19 01:00:00,1197.321943283061,1209.1622258043592,1199.4278082234414,1202.479176170263,4218.93754074356
2025-06-19 01:15:00,1165.8962203470965,1169.5651772414058,1159.714925285053,1163.4558929672603,3045.012796254921
2025-06-19 01:30:00,1162.6602921822819,1164.5538077634617,1153.3860203953102,1161.9696810713008,5217.838875982097
2025-06-19 01:45:00,1153.2751171511034,1160.7117195566539,1147.34820617342,1150.172574234359,5061.3070279497615
2025-06-19 02:00:00,1141.1471127864302,1143.121401268662,1134.1111646523677,1142.029572849945,9147.305993779342
2025-06-19 02:15:00,1162.765327052975,1165.1228806318843,1157.7497230235115,1163.7354663079368,7796.3194216099
2025-06-19 02:30:00,1153.0876999570141,1157.8490181155473,1149.17665661323,1152.6948580776816,1949.7843044456274
2025-06-19 02:45:00,1157.309332452979,1163.9732585711286,1154.4868953292262,1161.2693201651405,4415.292427736844
2025-06-19 03:00:00,1178.49416162579,1188.6217358973922,1178.9622770517728,1182.2346761678168,7566.49003849636
2025-06-19 03:15:00,1156.351834536575,1164.1562001854925,1155.6715569008904,1158.7209135321066,4373.554033217238
2025-06-19 03:30:00,1163.328834558032,1169.9387384089885,1162.560921548238,1167.3105106281496,9299.48286539263
2025-06-19 03:45:00,1147.3520583593136,1157.4694165899239,1149.2196293590007,1151.5788234618985,382.32815232031186
2025-06-19 04:00:00,1167.1464164210563,1173.6490752788393,1161.36157335011,1165.2087819674653,3894.3482924107725
2025-06-19 04:15:00,1188.433669066193,1191.180464888294,1183.299842005157,1188.7850131625844,2489.766946040069
2025-06-19 04:30:00,1196.9625412367423,1197.5073391014612,1186.8332073191154,1195.361281996681,5566.786373396179
2025-06-19 04:45:00,1203.855128821422,1213.1145141612878,1200.8565102260395,1209.5921094871303,2720.1459471017347
2025-06-19 05:00:00,1214.9142342755774,1220.2132187957588,1211.605250418577,1213.9130725202192,3302.312364645888
2025-06-19 05:15:00,1229.5496821882257,1236.7277565387112,1224.5946837162364,1224.1809942347359,9237.735299648413
2025-06-19 05:30:00,1206.022955936133,1213.1020191210725,1205.5101274895633,1208.414836633442,4765.313009678082
2025-06-19 05:45:00,1205.108863402149,1212.26353044752,1204.7551005601829,1204.9721246981408,7505.28930914461
2025-06-19 06:00:00,1225.6370842500883,1234.100683356977,1223.4843417993043,1224.912552203751,835.1507196203199
2025-06-19 06:15:00,1215.4605943446097,1219.9019479844817,1211.4493675552756,1213.2757885909834,4934.6103317322795
2025-06-19 06:30:00,1219.4488832212528,1227.985590171672,1221.3431761812951,1224.706890689645,5046.684668615777
2025-06-19 06:45:00,1199.596686734343,1203.9065964102756,1190.3117297349756,1192.3518291854136,7448.876350908405
2025-06-19 07:00:00,1183.0378374264665,1189.2544274829481,1177.497487636033,1184.7022704399583,7501.1716511574305
2025-06-19 07:15:00,1203.749085806782,1208.9413634062155,1200.1878689582693,1199.6545598295565,9922.403718648999
2025-06-19 07:30:00,1220.5869913659162,1220.7669572741936,1213.6565914702062,1215.3212425636912,2327.1607007245534
2025-06-19 07:45:00,1232.5262954936886,1235.5287696551234,1223.6285898774302,1227.9992786548864,3628.3907497913883
2025-06-19 08:00:00,1227.4450933585106,1230.4096102100368,1217.8993285455147,1224.2546313575665,1691.9420904136114
2025-06-19 08:15:00,1205.5524811367911,1212.2613521143621,1204.3044905325314,1213.1114079275821,5200.843649073899
2025-06-19 08:30:00,1208.884288585248,1213.512109357468,1206.7539626148596,1207.3154867171816,3356.7452813025598
2025-06-19 08:45:00,1211.0819171836079,1214.5060780158108,1202.8186612282452,1203.7380117775142,2374.6554738901114
2025-06-19 09:00:00,1205.474450731795,1211.896393771018,1204.0579050974281,1209.9930848550964,5345.501007532778
2025-06-19 09:15:00,1212.8158982875198,1218.8945679395074,1212.957258517504,1213.1955308845165,4046.5437212072165
2025-06-19 09:30:00,1235.4907010401546,1241.1495677567716,1233.2708433318794,1233.7420121144296,9561.557523511547
2025-06-19 09:45:00,1188.6515316008529,1198.0632159392812,1182.4165101701794,1191.735147778614,8782.066381280456
2025-06-19 10:00:00,1199.4525000764731,1206.4268209113247,1193.007318831726,1195.2240625736429,5948.554554869147
2025-06-19 10:15:00,1197.4305113399566,1204.4804513422266,1190.2629702647966,1194.8321779382618,7614.973932320669
2025-06-19 10:30:00,1197.750114065702,1209.7356795037076,1195.697735087774,1205.406836795897,1933.797656290298
2025-06-19 10:45:00,1195.9512818081116,1204.4871607119637,1191.3454402358395,1197.1998484933604,8095.922267791357
2025-06-19 11:00:00,1228.6887161973743,1236.8798205646078,1223.053337402971,1229.374303971324,3965.2194144432788
2025-06-19 11:15:00,1241.3339038612542,1240.6393339335943,1236.3738690869461,1233.7909912866699,4671.806247273026
2025-06-19 11:30:00,1258.1193888814419,1264.0845018276864,1253.5995327543706,1253.6877644563647,8991.20489010645
2025-06-19 11:45:00,1269.1098849269904,1280.936690638472,1271.1527433910069,1274.306869906032,1843.71825864898
2025-06-19 12:00:00,1265.009429544592,1269.2020203996249,1259.8365141074255,1264.8863373558088,9255.84035212724
2025-06-19 12:15:00,1261.297198275205,1268.7737217972028,1261.7691184963278,1270.9097542572301,935.8988669428859
2025-06-19 12:30:00,1284.6869529525202,1288.6513066161801,1279.5390815444148,1282.133125147857,6091.845318696956
2025-06-19 12:45:00,1272.1718157150112,1276.899376787315,1264.675430049446,1269.0113442222937,3126.5533908403163
2025-06-19 13:00:00,1278.5273662894801,1286.3794223115883,1273.397604834681,1274.9166315358818,8508.06995136403
2025-06-19 13:15:00,1268.1090053770347,1274.179191723709,1261.8067473332148,1265.5408603500955,6572.380895328228
2025-06-19 13:30:00,1286.765647204539,1290.5574483656153,1284.189375895472,1290.7267840755776,5031.631341860059
2025-06-19 13:45:00,1287.2331041635055,1290.4599984258894,1276.2929674940715,1283.9640807508279,8775.090757754531
2025-06-19 14:00:00,1269.0145454653573,1274.6253999907456,1264.1467967857034,1271.4933111970022,994.9643996784407
2025-06-19 14:15:00,1275.691505603761,1279.428870479538,1274.2393931387244,1276.1686210699786,6710.401791254301
2025-06-19 14:30:00,1304.4408426551108,1307.4407320420912,1300.4773885429681,1301.8179396014486,6205.386019828544
2025-06-19 14:45:00,1314.5403780446522,1319.8735395194278,1305.5218212760485,1317.0807789135936,9090.645204848775
2025-06-19 15:00:00,1333.684893336952,1337.436662084862,1328.2435256441415,1336.6378361786767,6706.708767511488
2025-06-19 15:15:00,1340.2923269742976,1344.552974158697,1335.464080575833,1335.846770090862,641.6956988971006
2025-06-19 15:30:00,1349.2567354121327,1349.4175027818517,1338.9657188998083,1342.9621493457519,4603.300385382163
2025-06-19 15:45:00,1337.2880486449203,1341.2258474801883,1332.5031322666593,1339.6297224037664,6789.7779504293785
2025-06-19 16:00:00,1339.7624775096042,1348.158974234868,1336.6146731841445,1348.9437137377827,484.72176521367214
2025-06-19 16:15:00,1351.0175110790833,1357.7691628088082,1347.9393468389321,1357.0124826660692,6287.751601357319
2025-06-19 16:30:00,1358.5563951116408,1363.8665558515538,1356.446217167984,1362.954518078082,2934.949945841969
2025-06-19 16:45:00,1357.0470732065426,1363.733859941591,1354.592706278062,1354.9948868152342,7630.839441594285
2025-06-19 17:00:00,1365.6374427609633,1367.8490884793864,1357.345190393191,1362.2904972429726,9304.965787379626
2025-06-19 17:15:00,1371.570656348837,1375.51745871665,1363.3683081360766,1370.3734790494777,5856.51790942739
2025-06-19 17:30:00,1364.4727163603793,1366.986749980184,1360.079787786554,1362.6269961790783,6460.148933667844
2025-06-19 17:45:00,1366.2457520860512,1378.5123310168738,1366.5365413698057,1370.201839633454,4450.991864415578
2025-06-19 18:00:00,1357.7125583881636,1367.8948341937896,1354.1966667877623,1359.8576704981647,5846.353546079948
2025-06-19 18:15:00,1354.1925262421853,1357.0283532849219,1343.5702458419653,1353.8068078969266,3810.6416277886083
2025-06-19 18:30:00,1369.0788379271107,1369.527237265192,1361.7087381661167,1361.2968791598894,8157.2193275250775
2025-06-19 18:45:00,1341.0653383834451,1348.2301539250348,1340.20765638468,1340.2336442910682,1700.736545668957
2025-06-19 19:00:00,1329.7046455300863,1339.2519574528515,1332.0679535120923,1334.3312378851645,333.18982451124293
2025-06-19 19:15:00,1330.71056740773,1336.6325522524162,1323.8212147144675,1333.5154311558183,6430.263494524389
2025-06-19 19:30:00,1337.9256545307185,1345.5973214059904,1334.837425379917,1341.025587888437,4676.695849817342
2025-06-19 19:45:00,1307.721635084836,1314.946198698662,1306.1600774052044,1312.93240091496,1077.4021808158545
2025-06-19 20:00:00,1305.0639974778042,1305.243657283892,1297.38908367409,1299.8802046252567,3198.646812314952
2025-06-19 20:15:00,1312.4481348783945,1316.3255946178879,1306.944932617365,1312.3195659953042,6215.74618515092
2025-06-19 20:30:00,1306.5698828754578,1310.651360593059,1300.6478031851627,1312.4167825600184,2242.4807464231517
2025-06-19 20:45:00,1324.756440511854,1329.6060865925135,1316.93120097958,1326.674132773179,4257.264576691609
2025-06-19 21:00:00,1336.366791403933,1342.5048114324502,1335.7452946868677,1342.735726698813,6751.700384766199
2025-06-19 21:15:00,1339.5276957964693,1342.5717929625,1333.448020533203,1344.2721972282882,1580.330352000929
2025-06-19 21:30:00,1377.1848315217824,1383.2511020069471,1373.642654624625,1376.5349734926524,3610.9972015861063
2025-06-19 21:45:00,1380.3352377229983,1379.179566516766,1374.9302514692258,1374.6111668288154,5057.62880647485
2025-06-19 22:00:00,1379.7253812505003,1381.9190532091293,1372.1309890085415,1383.4598357514203,2505.6654770529776
2025-06-19 22:15:00,1373.268643455017,1379.1344739702463,1367.9374318770638,1369.1028667437633,690.9824322828122
2025-06-19 22:30:00,1358.2021000181226,1368.409298164968,1359.090102038779,1363.2000350726078,9920.914221772127
2025-06-19 22:45:00,1352.6471239972175,1362.47648651841,1351.8522017737096,1353.1689437238676,7303.671670564827
2025-06-19 23:00:00,1366.819082607604,1371.633697274592,1359.11447983291,1368.5658071742223,5706.576373847518
2025-06-19 23:15:00,1361.9403572492763,1369.5379546310567,1358.493381519778,1366.3032328489642,3370.231294907475
2025-06-19 23:30:00,1369.42146528667,1371.8823740644893,1362.5721637877994,1366.1490527634385,2221.610809836956
2025-06-19 23:45:00,1363.2593273574694,1375.852491997651,1361.909233188468,1370.1706271419305,9774.881773537794
2025-06-20 00:00:00,1361.5834099656652,1364.1599894918327,1358.8962044573302,1362.5731942585076,317.2964018954816
2025-06-20 00:15:00,1347.0433296407516,1352.0548283503397,1343.3452548384564,1350.3993062164743,5622.416462756419
2025-06-20 00:30:00,1365.9691639795888,1373.9118492218759,1361.8341421145124,1367.9051226746358,5026.5204951228825
2025-06-20 00:45:00,1334.2773914228812,1337.339716557761,1330.6403907239473,1334.8184012201793,7188.482683562989
2025-06-20 01:00:00,1341.563448584774,1351.0321569915861,1339.95989616284,1348.115382496772,8483.06400780296
2025-06-20 01:15:00,1343.6442413310785,1346.3284509668806,1334.6636135881342,1344.9444934074409,2663.169045665008
2025-06-20 01:30:00,1346.3991905550572,1352.7160854517474,1342.226384722875,1341.3709187078634,2975.231564815424
2025-06-20 01:45:00,1341.8571035569807,1340.6205072698617,1333.3979708361098,1332.8098402248509,9159.613053496998
2025-06-20 02:00:00,1334.515956816769,1339.716938679806,1325.9843500911127,1335.0162066718838,748.2356076880742
2025-06-20 02:15:00,1343.8927606605714,1348.8250465231145,1338.6538996933941,1343.9438995377461,9961.887412480293
2025-06-20 02:30:00,1336.8589098783998,1339.2610092723924,1333.5936604119565,1337.3352991178047,5687.459960568649
2025-06-20 02:45:00,1345.9827972695584,1346.8630722629582,1335.1535890344016,1338.0358231731652,5507.162959263012
2025-06-20 03:00:00,1340.0647201761444,1342.4223966854534,1336.0890694735872,1341.1049752840024,4264.880005531661
2025-06-20 03:15:00,1349.3492518719606,1351.047805654033,1342.68246758772,1352.3699721254707,427.69348305347893
2025-06-20 03:30:00,1357.4379991977078,1358.578793036013,1349.4800322970846,1358.6859521393073,9283.994780802623
2025-06-20 03:45:00,1360.5657505875124,1362.3641673452307,1349.5734230403098,1359.260423112345,9049.578705846396
2025-06-20 04:00:00,1330.770139317432,1336.5672439099797,1328.6163056434914,1329.4912806952536,6060.476565642345
2025-06-20 04:15:00,1361.4100742580579,1365.5745498553729,1355.4206267337524,1360.6156158719434,8763.596309756813
2025-06-20 04:30:00,1366.8094750189457,1370.6253309958663,1355.2318586251567,1365.5425041844148,3022.0597134103496
2025-06-20 04:45:00,1355.9957723875348,1362.1273615867317,1350.8053344241562,1360.1586854190311,4084.0512533120414
2025-06-20 05:00:00,1364.1847011527664,1373.656339899415,1366.3083268810576,1372.2616484498499,5950.79069349358
2025-06-20 05:15:00,1373.4482630476034,1375.0304384713909,1367.356010871258,1373.2936464395514,110.78576361791391
2025-06-20 05:30:00,1379.0118051648544,1382.6355991513205,1369.5925886507812,1375.1124027998505,2109.431181562627
2025-06-20 05:45:00,1394.9084585157564,1405.7974442282505,1394.3069546776699,1394.2449440911103,6392.086877916244
2025-06-20 06:00:00,1388.607183311168,1392.6742007222913,1384.4339078200046,1388.5045923963883,6222.5487725089
2025-06-20 06:15:00,1392.348484039558,1397.5039887046642,1389.644246261441,1398.5614765357805,4677.1086679257005
2025-06-20 06:30:00,1404.246558837445,1406.077343050559,1396.0161586079018,1396.8457815777117,1886.5173716071401
2025-06-20 06:45:00,1395.7795656956728,1402.9657103279978,1394.5112302865111,1401.767204506938,8962.305534917514
2025-06-20 07:00:00,1396.5646794330485,1399.919260691902,1390.8193682567787,1390.4241122991498,420.4552901111799
2025-06-20 07:15:00,1367.3483742157812,1367.3049040626659,1355.9281772304792,1365.3008909074656,4481.2118977309065
2025-06-20 07:30:00,1375.7152690563203,1379.1525946684735,1369.0000364336443,1370.3261298366663,3343.623604545407
2025-06-20 07:45:00,1375.081165735989,1385.254364833428,1374.3512698340576,1374.8592479860108,3537.355519821596
2025-06-20 08:00:00,1344.1192411405175,1348.7867515499559,1342.8894122993522,1347.5833461633003,4021.767442436513
2025-06-20 08:15:00,1368.2099564930982,1379.324828935436,1369.0435220382492,1373.4058513917194,5241.727496811825
2025-06-20 08:30:00,1369.3100833007895,1372.5233106326311,1359.1083831617225,1371.3035669700148,1482.9425929455306
2025-06-20 08:45:00,1340.6044500991738,1350.937920715835,1342.1679666238838,1349.2649565953252,6497.4988683965685
2025-06-20 09:00:00,1333.9611683456274,1335.144030211249,1326.0940104199826,1330.2509967343135,4823.901944308516
2025-06-20 09:15:00,1328.6961015252457,1337.5956325556674,1325.9732398619901,1327.4797965264704,1061.0208296354765
2025-06-20 09:30:00,1331.4659083306522,1337.640448585089,1326.2096594028365,1333.976611072877,1264.168510241535
2025-06-20 09:45:00,1336.353928717178,1338.4269798778357,1324.905580518097,1333.8919882426226,9974.369799408332
2025-06-20 10:00:00,1336.6760249940533,1339.1066484866371,1328.7738317664077,1330.7977669333086,3395.631538154011
2025-06-20 10:15:00,1355.5344771449845,1356.7367072771037,1348.9726723562503,1352.5189037178354,4433.530550888154
2025-06-20 10:30:00,1360.4394533460586,1368.0023525061724,1357.0346396996536,1365.3852137249612,8076.775479527999
2025-06-20 10:45:00,1333.0516836307731,1332.3982923236451,1324.9840405029415,1326.2246052451185,3823.629883711709
2025-06-20 11:00:00,1304.0708896330923,1308.0800736923784,1297.6764614165104,1301.6662753210433,907.2221926444706
2025-06-20 11:15:00,1324.7372265290282,1331.2028559550304,1321.4316648311556,1327.456239332301,450.5583438294927
2025-06-20 11:30:00,1317.5243424726525,1318.2695829649629,1310.420361939434,1317.661710920218,804.1020059056366
2025-06-20 11:45:00,1335.4825141941242,1338.6536890648124,1325.570801953996,1335.4780797847798,6317.868500260868
2025-06-20 12:00:00,1327.4235915238846,1329.9398266469384,1319.9782735431843,1328.5465116025468,6833.109396961716
2025-06-20 12:15:00,1320.92060863808,1319.2269300970304,1315.0597051977084,1312.2742276669799,4564.74979092391
2025-06-20 12:30:00,1328.3969126748743,1333.4463987732277,1322.6402065950228,1331.1586842905278,1131.5646785798367
2025-06-20 12:45:00,1326.1077693747793,1337.8414426417075,1326.75828274384,1333.6447122649079,607.6209197458579
2025-06-20 13:00:00,1326.9406302476516,1332.7187419557529,1320.0356839950773,1322.1852906396023,3470.930082894623
2025-06-20 13:15:00,1325.2176653095328,1331.455621816353,1316.5054794147163,1327.1973362572364,7863.1411047783
2025-06-20 13:30:00,1347.3164459818413,1349.3520628702402,1341.886619309475,1346.5934650310403,3103.7421422993175
2025-06-20 13:45:00,1349.221722087608,1357.644656812417,1344.3178510816056,1354.9561680456031,4455.105794040365
2025-06-20 14:00:00,1351.6944544215814,1359.4867519126553,1348.1458411483552,1360.5873928549674,4558.156243951033
2025-06-20 14:15:00,1371.208683365946,1380.9487505160357,1368.3876383078843,1370.8152456692342,6129.683273644356
2025-06-20 14:30:00,1357.2043608843255,1359.5576927659474,1352.3820194582336,1354.0409714975467,8231.876757386784
2025-06-20 14:45:00,1327.7976996899365,1338.5111189838083,1323.1440591440962,1333.1462482991321,8100.118116219638
2025-06-20 15:00:00,1317.044840558709,1326.298329683139,1312.312772312029,1314.4863049956814,7880.975555136618
2025-06-20 15:15:00,1341.6175598296024,1352.5498730184354,1341.1661947938405,1344.4106922668536,9472.591730948647
2025-06-20 15:30:00,1337.9470114884894,1339.4989384957585,1326.6846086582204,1337.6512910208826,4675.614447822459
2025-06-20 15:45:00,1319.2251807966627,1324.8519671507247,1318.6912332986885,1326.1840436622574,5912.802653517583
2025-06-20 16:00:00,1322.3959047721805,1328.978610023543,1316.514200594757,1321.2693070649445,2547.006880783618
2025-06-20 16:15:00,1309.6096511205678,1317.6768625026195,1306.146287280767,1313.7658555204237,1569.1255326054254
2025-06-20 16:30:00,1316.4738666781489,1316.3186308800366,1304.0271337407019,1309.992295192698,5666.079459396393
2025-06-20 16:45:00,1311.0406301009427,1317.2927106081324,1308.6600306112641,1311.9441886744407,4864.947224133951
2025-06-20 17:00:00,1308.41669834282,1313.6198668101683,1304.3871564132178,1309.6112966164071,3788.913746737172
2025-06-20 17:15:00,1311.4847133799196,1314.4206146684828,1305.726915421101,1308.782855833742,7877.021980633523
2025-06-20 17:30:00,1324.4506849229692,1327.6404135261007,1315.282782067091,1317.805739755375,3873.1688762195654
2025-06-20 17:45:00,1328.9113229211075,1332.8333521225113,1325.6331856926752,1326.1681589215657,6703.024623135493
2025-06-20 18:00:00,1327.0342848999262,1338.2904592749985,1329.0782492296753,1333.5948418368696,2740.1727208306042
2025-06-20 18:15:00,1316.2424496139402,1323.294016050524,1311.00211916697,1320.085026296565,101.32693727093196
2025-06-20 18:30:00,1309.52582124407,1309.323665911011,1302.498476983911,1306.6415713513848,2686.5568636837743
2025-06-20 18:45:00,1318.3160483662396,1320.1705145820579,1307.2344826992337,1318.4662340752986,9944.231890727546
2025-06-20 19:00:00,1323.7767013664375,1326.154199753514,1321.7095342168077,1324.5172101068988,7568.070637203449
2025-06-20 19:15:00,1298.4413981046114,1308.2823131744947,1295.6285273752524,1303.8925784149124,404.35948489456183
2025-06-20 19:30:00,1277.2428039954634,1287.3671336373786,1273.6258156412723,1278.8804394673612,8026.350953859534
2025-06-20 19:45:00,1268.833221820508,1275.8108923305329,1266.1530630353818,1276.9420754268087,613.922951775203
2025-06-20 20:00:00,1290.8278523179242,1296.2850090427569,1282.1395568604557,1288.8721519848807,5390.961074667674
2025-06-20 20:15:00,1276.0032465695276,1279.532260111443,1269.625566634418,1276.94501214282,592.412664651585
2025-06-20 20:30:00,1265.8133183799837,1269.0217510579025,1262.4146947430286,1264.4639264983527,7785.714727232074
2025-06-20 20:45:00,1263.0040320327155,1263.1784544328743,1258.1284068934328,1262.0713132955898,1036.1411196379536
2025-06-20 21:00:00,1269.716940791148,1275.928108326311,1267.2825885877771,1274.272209846427,1495.0185297237927
2025-06-20 21:15:00,1282.1630051097168,1285.2389535010736,1272.5622841774257,1275.8020104329414,2403.8211140194003
2025-06-20 21:30:00,1271.4891651914088,1275.9847029492992,1271.3208069518605,1274.1088726858286,4432.29697115659
2025-06-20 21:45:00,1276.3109245595635,1277.0860854050268,1267.2671182167812,1272.3834948884112,1719.7186814526103
2025-06-20 22:00:00,1246.0406135012042,1257.6537572229086,1244.2739782660603,1246.8315152974994,6823.269518924394
2025-06-20 22:15:00,1264.4425601340467,1268.7673462792814,1253.0311725976635,1264.5289400164638,7601.508930496173
2025-06-20 22:30:00,1246.197104541793,1254.979140687169,1242.9416148704042,1248.8558338318505,3587.723086091442
2025-06-20 22:45:00,1242.1549692559934,1242.8318560662246,1231.2088690748558,1241.8917090992675,1409.2939985860137
2025-06-20 23:00:00,1252.84360553896,1257.8693235470364,1244.5016059520133,1251.7892840147122,3949.2968295465994
2025-06-20 23:15:00,1220.5449426886798,1227.9204756638387,1219.3422954568568,1220.505056489412,8215.742235266567
2025-06-20 23:30:00,1201.7175191710198,1207.7803499414058,1195.6422783401674,1198.978104242266,9440.720874213177
2025-06-20 23:45:00,1214.6764286206414,1220.9617077276791,1213.1440770504448,1218.2854562718646,4483.231000736251
2025-06-21 00:00:00,1229.3043391898952,1232.6067292868493,1222.0660444210293,1225.0781674637062,7673.945966012358
2025-06-21 00:15:00,1249.3773040184276,1246.5224925535292,1240.7874261631957,1242.6289597704335,6883.377315679298
2025-06-21 00:30:00,1236.1263447793606,1243.073334901901,1233.5162667451636,1237.8564436563106,1279.106095937328
2025-06-21 00:45:00,1227.4238545208543,1233.967148786459,1223.5361746428898,1231.0290477238993,4718.930002508287
2025-06-21 01:00:00,1212.618998691896,1220.0556966024974,1212.6648873383547,1218.2929760935854,6091.240224106206
2025-06-21 01:15:00,1191.1567113337019,1197.7930521468356,1187.901780222172,1194.542915782088,9183.004741199655
2025-06-21 01:30:00,1161.6626447019044,1167.0301744108342,1158.2922543458028,1163.343911268093,554.8030955300139
2025-06-21 01:45:00,1166.4806298474073,1168.6364824669217,1157.1711999409124,1167.660575165737,9180.008752055952
2025-06-21 02:00:00,1186.933117140766,1193.0968952295227,1184.4143249259034,1194.4257916812358,1276.304524818389
2025-06-21 02:15:00,1161.7467711918882,1165.02104159122,1151.320751850699,1158.5660730878044,273.6294213385911
2025-06-21 02:30:00,1168.3229659881024,1172.0531416022739,1161.7364393067605,1167.1037094086307,3417.2299088856457
2025-06-21 02:45:00,1153.355848115064,1156.685092343948,1151.9504818137784,1151.3478563107676,7086.647393892012
2025-06-21 03:00:00,1155.1597807531457,1156.9423641638627,1148.7106761211655,1156.1998004310906,7089.065531625103
2025-06-21 03:15:00,1149.2760846164574,1160.2390984726483,1147.5649468066924,1150.0370779609232,3753.6616778301814
2025-06-21 03:30:00,1152.46316830341,1161.200166068075,1149.7230757040832,1156.4870033503219,6505.830563588315
2025-06-21 03:45:00,1131.6207845096305,1138.9247981843778,1130.8209178307736,1131.3143399461385,6880.618501063611
2025-06-21 04:00:00,1118.1686432729957,1123.1523732745416,1110.0093350224195,1115.203952275427,3662.52473144015
2025-06-21 04:15:00,1111.918748971786,1123.291570902804,1109.9592316221313,1114.6588810044293,2083.542438990942
2025-06-21 04:30:00,1108.459266029086,1112.1713712890942,1100.2047187641197,1107.2513587424075,8410.85507271129
2025-06-21 04:45:00,1078.704556700953,1090.0936518795697,1077.0150280166988,1086.900209734278,3559.6107385150867
2025-06-21 05:00:00,1085.4326598306382,1088.2955828564932,1078.0951327940531,1080.329661939854,8956.709309005199
2025-06-21 05:15:00,1059.5987995698022,1064.8227870290514,1056.0262545804899,1057.2168605792297,315.40422089981325
2025-06-21 05:30:00,1067.2594293944321,1071.2869093298693,1061.9875909010834,1062.356115768259,220.6864946522842
2025-06-21 05:45:00,1037.387911068198,1040.0936175795962,1032.5195704310688,1040.2545448624667,5382.785231418181
2025-06-21 06:00:00,1063.715005556693,1065.5233417246652,1060.999375063118,1059.9629806920268,1561.7942240614298
2025-06-21 06:15:00,1077.1855177530715,1078.5426908705347,1070.6758199219216,1068.935573271633,7022.623813800185
2025-06-21 06:30:00,1053.1203655707463,1054.7084454694443,1045.7383984159642,1049.0648226113353,5710.808284240964
2025-06-21 06:45:00,1065.4324434230612,1067.0066688238117,1056.0997610205504,1057.6283293546285,5090.888624259644
2025-06-21 07:00:00,1091.4653091969128,1097.9924751720805,1091.5632707318302,1090.87436716307,1597.9386542688103
2025-06-21 07:15:00,1065.4178426354235,1072.3283345561945,1066.902277589956,1066.6796401088493,1963.6307895780446
2025-06-21 07:30:00,1084.6965345963874,1091.5613958189456,1081.3647618167138,1090.3400110381106,2198.776876890895
2025-06-21 07:45:00,1079.4046176242207,1089.093792954326,1079.532872709854,1077.9440511068951,1258.457125778705
2025-06-21 08:00:00,1048.9340816552376,1059.9447079017025,1048.8588750731192,1054.1996678692199,9463.88167182224
2025-06-21 08:15:00,1075.0760500901986,1080.548615765378,1069.8655740189301,1071.4168261031123,2450.1094535867796
2025-06-21 08:30:00,1081.6308950068326,1088.4419695611784,1077.345817874609,1078.4568690027847,1221.1134978814225
2025-06-21 08:45:00,1106.6588554767968,1112.1105259384778,1102.5588192498917,1101.6966797427715,5153.079874644449
2025-06-21 09:00:00,1096.3805748875768,1096.8323534775718,1086.3967746156845,1092.6624341414179,132.76349211540563
2025-06-21 09:15:00,1060.2369250589327,1065.516090525753,1054.4117760629101,1063.4939440413855,8354.725790250033
2025-06-21 09:30:00,1066.965919224911,1069.0164405638152,1055.8740639200696,1065.9257851494651,2171.084693835385
2025-06-21 09:45:00,1066.6249475338168,1064.6846148439954,1057.3479256265998,1061.7256531095913,224.4873028821146
2025-06-21 10:00:00,1024.863291172284,1034.3021964186312,1022.7907624867436,1024.0718818475882,4532.004152307915
2025-06-21 10:15:00,1033.3074842006472,1036.43684932338,1027.2169707122903,1028.6309883120518,864.3484138641087
2025-06-21 10:30:00,1035.3501415545365,1041.4792893302695,1034.1381234679968,1041.1366049017877,7198.981041814089
2025-06-21 10:45:00,1021.924938038899,1030.9660267728045,1023.2463404054566,1023.4654376007893,7433.654816193334
2025-06-21 11:00:00,1005.1306597651378,1010.7250027687742,1006.2787348030274,1010.6599505210934,7176.86529985013
2025-06-21 11:15:00,1022.9146730577081,1025.2491836223053,1015.9468607773223,1019.4318947724443,5308.855291260048
2025-06-21 11:30:00,1025.8019696484212,1024.5836788734373,1014.9979782168211,1025.6485457984038,2971.9735117409073
2025-06-21 11:45:00,1033.2019507524542,1033.2163923485464,1024.585978018893,1024.2735652430617,2917.8404864122826
2025-06-21 12:00:00,1033.4612166878255,1032.6925172798572,1025.2948485133434,1029.6010356972147,1799.3935006264826
2025-06-21 12:15:00,1036.6420147286476,1038.7159960094177,1029.7252255215858,1036.632793111908,2961.3450038478077
2025-06-21 12:30:00,1031.9445917894127,1034.658691058832,1027.6447307698622,1026.636512496402,5378.777924784284
2025-06-21 12:45:00,1018.0079282346517,1019.5025901724068,1011.8912739957043,1018.4774311740123,2258.4397998129257
2025-06-21 13:00:00,1001.8614253953538,1008.2350109100793,1000.994823073189,999.8057489611864,6303.580804614244
2025-06-21 13:15:00,1009.5050919100153,1015.5539447921251,1006.5353529457984,1007.5555646092313,603.1865946904851
2025-06-21 13:30:00,1007.3055641314966,1018.5302308471403,1006.7628666205931,1009.2769311526154,8824.268425383105
2025-06-21 13:45:00,1028.2853674780395,1037.333199849887,1022.6277931335532,1031.3518190220807,3433.961674619096
2025-06-21 14:00:00,1036.6858849164328,1040.840459022362,1027.732586757634,1037.593071338899,7822.454673962457
2025-06-21 14:15:00,1049.298943089737,1050.5456658110359,1040.5604126099952,1044.0329783447867,1105.5364052974342
2025-06-21 14:30:00,1061.0730454495358,1061.7605954072828,1051.5926006705458,1056.921205115991,3940.7376621053677
2025-06-21 14:45:00,1056.6903327564792,1065.5863455665167,1056.6371055729458,1057.8808718914727,3182.797718038581
2025-06-21 15:00:00,1044.2222391934445,1051.1991930599552,1039.7588514710462,1042.1519852157667,4880.385735458464
2025-06-21 15:15:00,1036.27654178622,1045.5171858244016,1036.9356464190175,1042.7981263484608,8410.508083586723
2025-06-21 15:30:00,1027.7557071598803,1033.2298978056217,1022.9474448660402,1022.1289251941125,2705.2437756629624
2025-06-21 15:45:00,1028.7716081575995,1034.8828671949402,1029.867780574079,1029.5825804484653,6699.812298428468
2025-06-21 16:00:00,1017.5897425845162,1025.7162614062993,1018.1362106570695,1026.520469891422,7940.241518511858
2025-06-21 16:15:00,1028.5572855528724,1032.407749182398,1018.396628039179,1023.8033046572284,5669.158313345726
2025-06-21 16:30:00,1008.7712538365164,1013.9704267682448,1000.0322896455764,1006.7311096119819,2790.705837685243
2025-06-21 16:45:00,975.5114631962028,976.6435883915132,966.9662924524281,973.1497036130511,2357.9931699335743
2025-06-21 17:00:00,976.8331324620622,980.6766023979343,965.5060290343196,975.042492367397,9557.613485392918
2025-06-21 17:15:00,991.5758934130077,997.0919820678869,992.2271443877291,992.8053057822437,1195.9320233426836
2025-06-21 17:30:00,1005.9803588652625,1016.4344850899346,1005.7759489447186,1012.7909730668899,9892.763279677903
2025-06-21 17:45:00,997.8782548508,1003.175928540658,991.7384533345937,995.7554160276386,9309.879956896271
2025-06-21 18:00:00,1013.3331917984318,1023.9750156749647,1012.7992401890731,1015.5712056329268,6897.855862283464
2025-06-21 18:15:00,1027.7371529050995,1030.441638837502,1018.1107797274772,1027.320440904039,4045.8262872503065
2025-06-21 18:30:00,1031.9347379004166,1036.7167159512715,1026.9826146248133,1033.7160992468325,4231.773762851403
2025-06-21 18:45:00,1033.3028899921078,1039.6424357438486,1028.9186082941164,1030.16108876758,2053.1311155934955
2025-06-21 19:00:00,1017.631539793144,1028.6003940415694,1014.6025544731157,1024.9899999934048,2172.533342322259
2025-06-21 19:15:00,993.7846007579061,995.1002272200445,988.4179945044999,993.9012289248153,9490.997333328824
2025-06-21 19:30:00,990.4326981349985,991.3037697684266,985.0050140776832,991.9481826515594,7298.532506086119
2025-06-21 19:45:00,977.3579847818646,982.7415194719631,973.1368134207707,983.4432557269624,8612.661743372733
2025-06-21 20:00:00,998.1004707562744,1001.184286903737,991.1571848511805,996.8976938229682,9394.975038679606
2025-06-21 20:15:00,1015.2695517606626,1020.488782422365,1009.4730746602286,1014.0021077286004,8716.282924674857
2025-06-21 20:30:00,994.8664324729369,1002.9129496336253,996.3650314019446,998.5352443344668,2588.579346016461
2025-06-21 20:45:00,981.7384650083529,981.5941093726151,973.1937772195066,972.6498192598414,8127.239643230096
2025-06-21 21:00:00,975.8423957401,982.5271792776907,976.8266965253998,979.8550954398858,7344.288579508075
2025-06-21 21:15:00,985.9623790308425,990.064362544331,980.7589276734775,983.5150394103376,3318.9127721032255
2025-06-21 21:30:00,962.0106456270431,965.66181014324,956.7114612939489,958.6981826683412,8352.370941540787
2025-06-21 21:45:00,966.2915988474322,972.8749304975013,964.7207033657198,967.0344916679877,7228.632647978329
2025-06-21 22:00:00,978.2838176947021,989.6759786589217,975.6188711602969,986.5793852089581,9127.294503863624
2025-06-21 22:15:00,995.118259924284,1000.8544621186126,990.8736960363478,991.9960666570024,5213.975109484668
2025-06-21 22:30:00,981.8657710165779,994.0359916497538,978.8388467050669,987.4242393202071,8686.47972099702
2025-06-21 22:45:00,982.9192263937798,990.8197952971939,975.8313093996712,984.1067721690367,6134.923377613329
2025-06-21 23:00:00,968.7540994187975,977.8757963582796,968.4203234558748,969.7617138947746,4406.4240651174
2025-06-21 23:15:00,960.7359392025597,967.0562836505289,955.5706639285983,961.063677621875,1442.8053089683626
2025-06-21 23:30:00,980.4065021608762,980.0983181986077,972.9731757331798,976.8196383086964,4174.122557304805
2025-06-21 23:45:00,965.6785738302881,968.4011460313556,957.590050665531,962.4917677814378,8508.122275347074
2025-06-22 00:00:00,961.1403851699898,966.3565262408974,957.4830176887278,960.5061058315067,7488.379327942731
2025-06-22 00:15:00,955.0306622804065,964.8175464865925,953.1047997154644,962.9351485052914,4531.6945916027025
2025-06-22 00:30:00,963.8111416846957,966.3474465850505,955.0803557436476,964.63504162935,3673.1940313657637
2025-06-22 00:45:00,975.9371291458741,978.2512577676079,968.5702649585745,971.0365190083253,5535.803708599729
2025-06-22 01:00:00,967.5883231321719,973.6762347327874,966.1224833717515,964.7131283949944,7281.967178193417
2025-06-22 01:15:00,987.3437564029183,992.1263721042365,978.9760166027847,985.7727809004248,2077.815087982691
2025-06-22 01:30:00,994.4793875167884,994.0267250782814,983.9863991668432,990.5104018830145,8245.292615554667
2025-06-22 01:45:00,1018.0171645795823,1019.7854747160441,1009.3785540184225,1017.1598485547102,6167.7786481055155
2025-06-22 02:00:00,1016.3848849350741,1025.0178581601676,1016.5222918218788,1023.1457453784426,1822.9778087809648
2025-06-22 02:15:00,1023.0710129177031,1029.429963057696,1018.3380864373767,1024.229832328388,1424.16646821076
2025-06-22 02:30:00,1040.4474565027303,1042.0002490291804,1029.7633391034303,1040.180094573302,9018.120808293905
2025-06-22 02:45:00,1025.5821105052105,1031.396717897413,1023.4476767051301,1031.8088360557833,8683.73846387992
2025-06-22 03:00:00,1030.4115290450209,1032.2951169624357,1018.89583778413,1026.3073966411357,3891.3608515175274
2025-06-22 03:15:00,1001.362737119684,1004.8423104466652,995.1014706764919,1004.4453256650306,9137.784988104513
2025-06-22 03:30:00,1000.5736402745943,1007.6437423175506,999.3594712569183,1007.2581866572881,4482.737416847654
2025-06-22 03:45:00,997.2239801508088,1006.8661621249612,995.8338739852621,1003.5347937401581,1544.0785058311371
2025-06-22 04:00:00,1011.7078495922599,1012.4566218348914,1001.5435535995323,1011.1738939739839,172.68167506583197
2025-06-22 04:15:00,1016.272551038829,1014.4855039596213,1004.0548261053925,1016.4442973332866,7994.951225409254
2025-06-22 04:30:00,984.6468957228799,991.9471581671736,984.8682494448989,991.2525279290335,4051.5631259295083
2025-06-22 04:45:00,972.7242267436284,971.5400973592324,963.1311567491375,969.9304703876189,4019.401892292263
2025-06-22 05:00:00,946.9634105120894,947.3920483910201,939.7987023687925,938.9104651148361,3243.220386841344
2025-06-22 05:15:00,946.7296768033007,955.0023629787323,943.5502061019937,947.6419003680779,7987.699455554195
2025-06-22 05:30:00,949.2097046407138,952.5602728142086,944.0158218533785,943.1033229207187,1120.7682656137263
2025-06-22 05:45:00,932.7001940995239,940.6224875300289,933.6868036763177,932.4821859999603,5679.262551237892
2025-06-22 06:00:00,936.768547832496,942.5835439993461,933.2145737796897,934.3335407633936,4228.477785507098
2025-06-22 06:15:00,922.4644975757635,930.4007004163293,917.184916133502,924.9318575858726,2204.1781844432717
2025-06-22 06:30:00,919.5646012457379,923.3711198664754,908.1887441719433,915.4999464097605,6184.071168956244
2025-06-22 06:45:00,899.6277892988178,907.6347103171705,900.6674965418464,904.1166940467998,4661.142471731568
2025-06-22 07:00:00,884.677556003013,885.0799646981158,878.9189680275658,885.1577366479083,880.8050246057944
2025-06-22 07:15:00,888.3153982225273,888.6452290172181,883.5162120889971,885.893835297435,4287.027274655685
2025-06-22 07:30:00,903.7325748881249,907.2723944961592,893.2700771403929,895.3053052216598,6179.922022909741
2025-06-22 07:45:00,912.3571682023666,914.5186897262577,908.4824464408457,915.2876297965632,9708.467782156586
2025-06-22 08:00:00,936.2496087187202,939.8366892133103,931.6818056141234,934.4769755049767,3844.94457213401
2025-06-22 08:15:00,944.8908225740743,945.7634174278231,935.9003443255897,938.5319590231354,3851.738686800923
2025-06-22 08:30:00,961.0973891412035,964.5960378335577,955.1246351763705,961.2937170417187,9818.675654364344
2025-06-22 08:45:00,990.6582959697648,992.436504169695,983.4329699272462,989.8894388939566,4087.679017771156
2025-06-22 09:00:00,979.6943244294049,980.8282383066273,975.6118209886769,980.6295936759917,356.33148234355394
2025-06-22 09:15:00,1007.8890978027863,1008.3434420410184,998.6937675964564,1006.1824697405373,5103.94179426439
2025-06-22 09:30:00,994.2394265674378,1001.5074867503685,989.9973150864718,992.6806882092586,8724.182865964187
2025-06-22 09:45:00,992.8502933513662,994.4141787010411,986.3147974336866,996.0543467040434,4762.283994206245
2025-06-22 10:00:00,1006.8130594171365,1008.0884406888969,998.6435806207968,1007.0300611859881,6774.527705386352
2025-06-22 10:15:00,1035.82752717977,1039.0548605382878,1030.1293699425482,1038.2447028509596,4399.4191386033335
2025-06-22 10:30:00,1061.1363896838766,1065.9829642338207,1055.128326970584,1057.160585544871,3928.9630242402254
2025-06-22 10:45:00,1066.544329035385,1067.055022588059,1061.1334306977003,1068.1094480890235,3760.9557264415475
2025-06-22 11:00:00,1108.2591019170302,1108.755574244254,1099.9613494600899,1107.0046875150356,2566.49969611785
2025-06-22 11:15:00,1072.9633586358077,1075.9625353591955,1063.4010506870038,1068.373356172089,9195.014733897819
2025-06-22 11:30:00,1068.2060503623707,1072.2097520344034,1062.3804414362003,1069.5783192394474,3716.0513620457486
2025-06-22 11:45:00,1065.3222222236263,1074.103811292937,1062.2389205983982,1066.8389553967797,7427.6771897919125
2025-06-22 12:00:00,1106.0381202086157,1107.0223838357206,1093.487593484273,1104.0168069128592,7097.631196322666
2025-06-22 12:15:00,1122.3540683164163,1124.8863569086272,1114.4354194894875,1120.2793593274116,2672.5524305162917
2025-06-22 12:30:00,1118.6375819924635,1123.3465811407514,1115.7309858144704,1116.589818271477,3088.400615033763
2025-06-22 12:45:00,1129.6731750015465,1135.5534013797012,1126.1174709345285,1134.8724119560873,8165.736406474059
2025-06-22 13:00:00,1143.9530748263444,1148.699079048479,1141.1702718246038,1149.0143704079996,2721.6957155845043
2025-06-22 13:15:00,1151.2040545500809,1160.1498040862145,1144.6278315692248,1151.036524662134,2386.50373129509
2025-06-22 13:30:00,1169.5521142011987,1177.9569562972094,1169.6034812487048,1173.8685428367182,6758.896943462722
2025-06-22 13:45:00,1174.6782579334683,1175.952630859032,1167.9130005192203,1176.4332977754912,1962.7358940650329
2025-06-22 14:00:00,1185.3502757474675,1183.6440168229822,1174.1632953817625,1178.7523356392871,1519.2963264327386
2025-06-22 14:15:00,1196.514757500816,1205.1688076192515,1191.0084032615755,1198.6687294844683,9664.498520267276
2025-06-22 14:30:00,1174.2644428590413,1178.2792390472068,1172.4366048198297,1179.0288666490521,790.8774319610338
2025-06-22 14:45:00,1182.9164138484728,1189.5061740705391,1180.9830746183977,1179.766380375687,5594.873655011604
2025-06-22 15:00:00,1202.2071678336924,1202.261441088468,1195.5172276335024,1200.3067620004479,9804.581364600324
2025-06-22 15:15:00,1194.9470411265784,1193.0392292407314,1188.2403541662102,1189.1837188029644,1219.684561400731
2025-06-22 15:30:00,1194.6671049291833,1203.584274488466,1192.9757106725915,1192.7250812367827,8244.93144681974
2025-06-22 15:45:00,1163.8548271355437,1166.835250740892,1157.888470594828,1165.9393641508898,2502.7670586811682
2025-06-22 16:00:00,1175.481945262849,1180.6684431020724,1171.402600816621,1179.3455796049482,7680.795689645559
2025-06-22 16:15:00,1180.536279394941,1190.5088234926272,1179.5216578089653,1187.5434289717973,1095.2362970324134
2025-06-22 16:30:00,1181.1089235998365,1184.9295322635346,1170.3766322153856,1177.1144737275733,623.8550908272431
2025-06-22 16:45:00,1203.5476915516356,1213.5283714559635,1200.8505767208956,1209.1202916623856,1778.703842914776
2025-06-22 17:00:00,1215.1333760006187,1213.9007994513784,1203.0460007984989,1209.4882515369793,535.054184874651
2025-06-22 17:15:00,1216.1655154050436,1216.2364818056928,1208.9819598485153,1216.6883959493155,6954.200194774425
2025-06-22 17:30:00,1228.696199005922,1235.920445989465,1226.7744707205156,1232.8639961060308,6971.168066872508
2025-06-22 17:45:00,1244.4888250829133,1249.537911573839,1235.4037862632445,1238.284496408592,7146.732830334569
2025-06-22 18:00:00,1235.163411567152,1240.4321475888812,1230.2669860935766,1237.9055372923349,5403.510480385816
2025-06-22 18:15:00,1217.7472614773847,1221.9669858996344,1212.3424910385083,1223.048992093667,3633.3596565661414
2025-06-22 18:30:00,1195.5162271819327,1199.1584167530991,1189.5115436080382,1194.2863243846955,4175.824575032537
2025-06-22 18:45:00,1208.4907504764635,1218.263870773984,1203.7003672224462,1215.9093200840175,5597.040630131873
2025-06-22 19:00:00,1216.355535403665,1228.983114893438,1214.4185710043314,1220.7970264104663,9908.09425756889
2025-06-22 19:15:00,1237.4573935214214,1241.8313257337416,1232.5599287731673,1236.0661808732975,904.6139908923691
2025-06-22 19:30:00,1236.2133623334769,1245.107817967539,1235.006540404659,1234.9869921993156,3717.342344360033
2025-06-22 19:45:00,1240.6950134503286,1244.4837061589294,1237.1346894347732,1239.143596466763,106.45762922677771
2025-06-22 20:00:00,1227.7065877906252,1235.7102954169916,1225.8926205824966,1232.3925289999854,4046.381997732351
2025-06-22 20:15:00,1235.3507340220372,1235.8543623566914,1227.9070562209747,1233.102581468528,4999.567238783319
2025-06-22 20:30:00,1232.7684030471473,1238.4849019934277,1229.0606558443253,1231.6575412864975,8993.355595493214
2025-06-22 20:45:00,1251.470765927301,1256.540540828892,1246.7433199556324,1254.3372335284503,2998.6526453615847
2025-06-22 21:00:00,1237.7899428458927,1238.1645670704447,1229.730848089152,1231.4524203339033,2332.4553351333057
2025-06-22 21:15:00,1218.6462990653838,1219.404047591824,1207.931238472221,1216.7608340466375,7610.096497317886
2025-06-22 21:30:00,1223.0952588657883,1233.8962084276577,1220.954522340426,1224.4621393332761,1320.3273534884252
2025-06-22 21:45:00,1218.1533158229192,1227.7728669876751,1216.9381514012969,1217.0604548123824,4012.813479103564
2025-06-22 22:00:00,1252.6451194299013,1260.4129851011576,1249.5870579737405,1255.3797545927132,1130.6881256078507
2025-06-22 22:15:00,1261.5495426354003,1260.3328847644077,1251.2145648545247,1261.5724289130724,9774.6327017794
2025-06-22 22:30:00,1247.5204492004682,1255.1435779845506,1244.0633400631104,1244.053604990454,7366.444098550548
2025-06-22 22:45:00,1256.270879579618,1263.6554126749509,1250.5706351725792,1260.0369419086712,9942.620506125093
2025-06-22 23:00:00,1264.8784116626616,1265.3620056447478,1259.4193366538773,1264.8059978784133,1323.6551211116612
2025-06-22 23:15:00,1273.9272253670742,1276.92763130213,1265.2791093439573,1268.852506417275,9146.29489736209
2025-06-22 23:30:00,1277.5230996144996,1277.888361486734,1267.5520484878818,1277.4408776792848,6288.306078154827
2025-06-22 23:45:00,1260.5464339759426,1267.3273821410505,1260.1574529215552,1261.1375450940895,7757.660470168039
2025-06-23 00:00:00,1244.3738649527313,1244.8196147264468,1236.3910919158916,1243.6504094903253,2072.598598280608
2025-06-23 00:15:00,1223.996208589815,1229.535248794234,1218.3548177183322,1220.9521670346485,5463.638359307608
2025-06-23 00:30:00,1212.3810068619237,1223.0704315734035,1213.4657447711163,1219.3484147367437,7275.7271377285615
2025-06-23 00:45:00,1221.8769485005662,1225.9381897374346,1216.568906387573,1218.8935829115267,7882.6897698589555
2025-06-23 01:00:00,1245.3877641389467,1244.014689172468,1236.2059119657781,1243.461051421432,5356.598411521466
2025-06-23 01:15:00,1203.7246865830075,1209.4517712870272,1201.4231707813258,1206.7334787445884,5696.126239343335
2025-06-23 01:30:00,1213.3089679680954,1222.5078412214373,1207.9179368098617,1213.2372344952544,7576.240025322454
2025-06-23 01:45:00,1218.1329699635446,1224.1457504131445,1212.801569579082,1221.967358841349,5494.383138721985
2025-06-23 02:00:00,1208.1483805201308,1215.7868597460392,1205.8938366319992,1211.6030946594929,8239.746601645518
2025-06-23 02:15:00,1207.0811394798668,1216.0839891292762,1204.2693398939393,1211.3305546744637,6407.616688891776
2025-06-23 02:30:00,1196.0487194823884,1201.9492321612772,1189.947281602261,1196.1987854124889,8094.263190697049
2025-06-23 02:45:00,1169.992549701939,1175.1108670806839,1166.798398156373,1173.3645248464684,1483.7782542693558
2025-06-23 03:00:00,1162.0992961173497,1166.8729327832762,1156.318950524451,1163.74982090203,101.76600500722641
2025-06-23 03:15:00,1187.3006846987769,1191.8644248444937,1177.8209386624264,1181.874824677715,6916.629173172485
2025-06-23 03:30:00,1196.1335100531448,1196.3863302288491,1185.7851923958317,1193.4909703251203,3714.247392586238
2025-06-23 03:45:00,1201.1143586860194,1201.614244568331,1190.2984039575533,1196.5626298392801,2838.648490575889
2025-06-23 04:00:00,1189.0339264575161,1195.7232712886969,1186.6328817713552,1187.2910913647074,5073.6669372303795
2025-06-23 04:15:00,1192.910972180478,1198.6421847584818,1187.7286427267834,1187.1275903417709,8505.884470283361
2025-06-23 04:30:00,1194.4593149591012,1205.7484597272814,1192.479369707878,1194.748864611833,4067.8005868045902
2025-06-23 04:45:00,1199.1202782976547,1202.4080825418077,1188.6359396379744,1196.383693813721,4228.647994322676
2025-06-23 05:00:00,1184.0434903812234,1190.2260951026713,1175.8945754438182,1184.0805489010706,3001.20307913143
2025-06-23 05:15:00,1203.2400212841862,1208.1962307499412,1199.348520980609,1198.739457937473,1244.0720644232595
2025-06-23 05:30:00,1181.9613024097537,1188.9370983701633,1177.9948035977952,1184.3973358846692,3392.269984410499
2025-06-23 05:45:00,1171.9518056563027,1178.8855572708687,1172.8331921222107,1181.6510183683333,3393.3409998499906
2025-06-23 06:00:00,1176.0826155748466,1185.6513295824557,1175.9379268733412,1183.0023669229743,2654.4865268662497
2025-06-23 06:15:00,1163.966844326054,1173.0962736648096,1164.8406658690549,1167.1169825207123,4083.6604771462753
2025-06-23 06:30:00,1183.125118334302,1191.3283991205421,1181.6784544441723,1181.657493912457,2952.5243019921413
2025-06-23 06:45:00,1196.234838480096,1197.441500378173,1186.1952937194853,1192.3161481473808,1176.4231434904593
2025-06-23 07:00:00,1198.2832772168529,1206.3275201870254,1197.7065554919416,1205.1290625488548,4555.147982060961
2025-06-23 07:15:00,1186.321545225286,1191.0232815273341,1184.5900489598969,1187.7976741986602,8530.137687671942
2025-06-23 07:30:00,1165.8755133684979,1174.9882062464949,1167.131215463269,1173.758648725625,5071.269900291733
2025-06-23 07:45:00,1173.7167652962842,1175.0817627829474,1162.3727585951274,1172.7712997448023,8486.653764637911
2025-06-23 08:00:00,1160.2156369693166,1170.7066613202524,1158.0023580357388,1166.8432564849923,1313.3476797637143
2025-06-23 08:15:00,1184.331676862129,1186.0845159211608,1173.088295829651,1184.7501901025096,5144.958528609618
2025-06-23 08:30:00,1203.5216897515938,1205.3615342862456,1192.9217644520888,1199.918189075865,6712.604770625388
2025-06-23 08:45:00,1211.7115832717648,1215.944323186093,1209.269704547121,1215.0611218005229,5330.128160990392
2025-06-23 09:00:00,1224.346428448787,1229.893066183308,1217.6651417019452,1220.8154186813545,4435.915839190734
2025-06-23 09:15:00,1224.7648410144704,1230.646576484122,1222.9866031659956,1226.204713414699,2410.0756850092316
2025-06-23 09:30:00,1217.7050135301479,1221.1999970751287,1208.9396381505662,1221.0359049348967,7062.890935122743
2025-06-23 09:45:00,1236.6547662077915,1245.2175917772208,1231.503364494364,1243.2026504269284,7795.706633382747
2025-06-23 10:00:00,1232.9390429235593,1238.9826394911859,1229.4966173533824,1240.3492452208,1394.520857930579
2025-06-23 10:15:00,1246.4342018890393,1246.2883247497539,1236.3542449055171,1239.391463991607,1059.876619683258
2025-06-23 10:30:00,1250.9646305060285,1257.1148531066053,1249.1591707578436,1252.975493510727,1591.3776651474382
2025-06-23 10:45:00,1244.4230909984233,1244.6746310472972,1234.0930506321038,1241.7999403389035,9029.069232289896
2025-06-23 11:00:00,1242.0485129705603,1249.6262058053762,1241.4336238037365,1240.6766128107897,898.1611222307976
2025-06-23 11:15:00,1213.299750348958,1219.89147511268,1207.6763449901414,1212.93606333488,8096.00255940483
2025-06-23 11:30:00,1200.2860979260565,1201.4819677401506,1193.7833715131078,1195.6160099533129,7120.950514038547
2025-06-23 11:45:00,1187.3844648004033,1194.5306603937515,1181.825004558708,1185.454702606639,2698.70406920567
2025-06-23 12:00:00,1207.025520934124,1209.2694500373934,1200.4166000847613,1204.622214469062,8625.86389318678
2025-06-23 12:15:00,1196.824659108266,1202.6801710955388,1193.4165809043195,1201.302243586396,4394.916445780273
2025-06-23 12:30:00,1178.8133860634127,1184.5851364241375,1173.4573828730613,1180.3504632358035,7136.938637629404
2025-06-23 12:45:00,1159.039845684221,1168.2198946559033,1159.419276743501,1165.09172947482,4395.11017789419
2025-06-23 13:00:00,1155.5156006209183,1161.6140705108955,1149.645911808805,1153.153653621781,6372.2578048434
2025-06-23 13:15:00,1141.5094311174732,1148.0484424473218,1138.1320576077176,1143.8967197214345,4317.149561270977
2025-06-23 13:30:00,1170.5527398417612,1181.390526472636,1166.4073541775756,1171.0009388061144,3592.0980298561803
2025-06-23 13:45:00,1193.5200210051323,1198.5984763770155,1188.3222256566567,1191.997154921613,7580.024918663004
2025-06-23 14:00:00,1196.7135042343493,1203.2936562685165,1195.2753367293947,1197.2923120813125,1450.2575309481279
2025-06-23 14:15:00,1188.0695604833568,1196.5734224767004,1184.7606000022238,1190.9072766419658,6164.6432306131865
2025-06-23 14:30:00,1206.509956545706,1212.345100275779,1203.2774163207425,1211.6919786613073,418.05218077803863
2025-06-23 14:45:00,1189.9279252653387,1198.1286603239225,1187.74086381576,1191.8463776815747,9844.51700981777
2025-06-23 15:00:00,1186.8023164281606,1192.941483000833,1180.0467549472203,1181.8639836021937,1363.8417263565789
2025-06-23 15:15:00,1188.2381700127628,1194.0881788162076,1181.9032320279237,1189.3349405453384,826.5629368030147
2025-06-23 15:30:00,1191.1874641230536,1194.1614531847486,1185.2135460819243,1185.6239000106327,9434.052925213726
2025-06-23 15:45:00,1169.7746491661512,1170.9360825676235,1162.4563498819098,1166.629934263471,1474.40688251599
2025-06-23 16:00:00,1166.811352217104,1170.88647733874,1160.6931607897343,1161.4838534018604,9902.474876059063
2025-06-23 16:15:00,1161.0956129276963,1161.9283346313562,1152.9910614503867,1161.2543043184737,4362.112356300404
2025-06-23 16:30:00,1161.8034478128077,1164.8032474778156,1151.4240177948502,1154.9642633152744,1235.553223688009
2025-06-23 16:45:00,1166.4175150981473,1175.0112430962265,1161.2324488280517,1164.303581466496,5761.560679173406
2025-06-23 17:00:00,1180.614970187192,1186.7480627064708,1177.804117215379,1181.1805312157046,6148.774111251968
2025-06-23 17:15:00,1189.0877212005805,1188.2238376930156,1178.3642226144657,1187.356860018997,6880.630289583582
2025-06-23 17:30:00,1181.522196886495,1187.3510405692105,1176.8862538365452,1183.9732132748575,8580.0664646606
2025-06-23 17:45:00,1179.7863355421327,1184.7125103190333,1171.1200443004266,1174.160621029312,2384.593559429998
2025-06-23 18:00:00,1164.4962173680995,1175.819949875155,1164.3694479373864,1166.5504999300256,8034.190336434666
2025-06-23 18:15:00,1177.9666597570897,1179.8518865490767,1166.6717361622111,1175.61437567378,4821.4304202188005
2025-06-23 18:30:00,1198.4770040267035,1205.896522017383,1191.9852378386302,1200.8242945726538,9459.19968187537
2025-06-23 18:45:00,1216.8563814693882,1224.8829767977354,1213.4843329732832,1219.9786048789458,1365.1908600050535
2025-06-23 19:00:00,1229.4076402354794,1235.5396121682638,1224.2325973625436,1223.7327548629626,6622.715871639951
2025-06-23 19:15:00,1250.8742571410812,1255.663755652617,1242.5058743137838,1251.430017392563,8703.074917904025
2025-06-23 19:30:00,1259.5622287864871,1265.2716150960405,1251.0721469219775,1257.7835508136986,9980.346322717272
2025-06-23 19:45:00,1249.00287848671,1250.5250195299482,1238.3683091438538,1249.1593942866764,3805.412744921663
2025-06-23 20:00:00,1257.8715795736746,1258.1310978942138,1250.359717469831,1252.9725864234385,5629.105276493089
2025-06-23 20:15:00,1267.6172153592297,1271.0824062276658,1260.780106397021,1267.7521472713943,2709.9703448853747
2025-06-23 20:30:00,1241.555348512737,1248.7930524693134,1235.4840601111848,1239.236902536476,8324.479050283982
2025-06-23 20:45:00,1232.755076282595,1240.6723955811074,1229.9338254525567,1233.4334518982196,1814.8369259928406
2025-06-23 21:00:00,1214.8252186301056,1224.90752017792,1214.1637348998606,1220.437399739598,880.626614548331
2025-06-23 21:15:00,1197.277353455868,1202.1764562880448,1191.2577006044166,1194.1899125370956,3053.088330505044
2025-06-23 21:30:00,1194.024994286511,1196.0284964035561,1184.1599359509294,1193.6498163008096,3530.067137261802
2025-06-23 21:45:00,1210.117540821228,1220.4663097881828,1209.8669046857729,1215.4787678529758,906.4145907910158
2025-06-23 22:00:00,1226.4626487876162,1234.6919548682451,1223.9499331908737,1234.4690145869922,2862.250223390503
2025-06-23 22:15:00,1215.5617774755076,1216.0812432643377,1209.2473134254017,1214.6503968914137,4430.75060039622
2025-06-23 22:30:00,1222.2598345872477,1227.6471622770566,1216.141324338659,1222.8473920056374,2441.852592317058
2025-06-23 22:45:00,1231.9432554472803,1239.8234311179633,1229.2613236126274,1232.2201215959428,4790.456719922477
2025-06-23 23:00:00,1235.940394456787,1235.66719439333,1229.2332294897608,1233.139368569465,1721.4885924330279
2025-06-23 23:15:00,1254.5625278848552,1258.092571121224,1245.288819081815,1252.184510981034,926.5925052557343
2025-06-23 23:30:00,1268.1660118666312,1271.9531126261938,1264.6884197093457,1268.2442456684164,5430.691898684634
2025-06-23 23:45:00,1248.9730274015365,1249.2871900256707,1241.369825533236,1247.6434365527027,3549.3988928955932
2025-06-24 00:00:00,1244.8316844151282,1254.0693076719713,1239.1726658055493,1246.6747411445972,4768.886634895746
2025-06-24 00:15:00,1219.4024205917833,1228.8386133905021,1218.555920338425,1221.991957589751,8256.090413526681
2025-06-24 00:30:00,1203.407492049165,1209.6721123513164,1197.0626029093287,1201.2843729191052,3564.453273749407
2025-06-24 00:45:00,1195.7736451871083,1203.2364186791522,1193.3568209622185,1194.252880726821,464.1666940415222
2025-06-24 01:00:00,1203.600648996985,1212.8924046449936,1200.9569739542517,1202.7084494520643,2195.998281687618
2025-06-24 01:15:00,1209.842122647422,1214.9759702694917,1208.0166383982232,1209.3650612906163,3349.9337192811095
2025-06-24 01:30:00,1216.098700392473,1220.0874768286546,1214.4840051631202,1220.347833462422,4987.720858718934
2025-06-24 01:45:00,1192.4163903717113,1198.2841992457145,1187.382199040461,1189.2365805278248,1478.2068890267253
2025-06-24 02:00:00,1195.7425676421,1199.360454348439,1186.4867438107767,1195.1860281444228,8686.622850229729
2025-06-24 02:15:00,1183.0023665660974,1193.7200518881546,1178.4951358228243,1184.2613337700748,4571.905275924849
2025-06-24 02:30:00,1205.1641120614233,1207.18093069674,1197.9580252727487,1201.3188522009664,5545.43099851389
2025-06-24 02:45:00,1236.216062383908,1245.230613901573,1234.6772058265306,1236.3754019766086,7422.87015292937
2025-06-24 03:00:00,1209.0183114201045,1216.1764517311922,1209.782670836668,1216.7524315682322,2153.201763191382
2025-06-24 03:15:00,1209.7765739932831,1217.7069042309295,1208.5444804701247,1208.3729729096658,5260.18335640404
2025-06-24 03:30:00,1198.990598092672,1199.7092183170323,1186.7266212056134,1193.41003302063,7331.393815839159
2025-06-24 03:45:00,1190.7747220827177,1203.1233252845748,1191.7247896846309,1198.736181575156,1699.0010206701331
2025-06-24 04:00:00,1208.0416443049387,1208.7524099704233,1201.8273570782242,1204.9678137155165,4336.860415641227
2025-06-24 04:15:00,1180.654680191857,1179.4365680722753,1171.0523993202212,1180.4024111149515,8076.457277210596
2025-06-24 04:30:00,1153.2777158710696,1161.8853743720435,1152.625117303349,1159.1581460692216,1538.247641724803
2025-06-24 04:45:00,1165.555581997154,1166.5853392495383,1159.5689843372068,1167.6384414343077,4666.640797898576
2025-06-24 05:00:00,1179.5589057193092,1182.4333312138244,1169.5899292441343,1172.9144428029133,2063.463796449431
2025-06-24 05:15:00,1177.6346184799197,1185.7246406774373,1171.5586889924703,1177.18097990338,2342.6370956827654
2025-06-24 05:30:00,1177.4685864760556,1186.383628214079,1173.401434443024,1182.3065168609496,6558.053195231742
2025-06-24 05:45:00,1194.1868060454656,1196.3859832557712,1189.170332939929,1193.5044493411756,8179.275499558769
2025-06-24 06:00:00,1217.1738493914727,1219.6620925829618,1207.837259974931,1213.526064038148,2211.9794876069177
2025-06-24 06:15:00,1179.4459328919936,1183.4793766573644,1176.1623156074827,1179.2383400791853,6127.380911881001
2025-06-24 06:30:00,1189.829051219798,1201.379418697136,1190.5846219855434,1192.582157278739,3461.2169778163757
2025-06-24 06:45:00,1216.3874936951204,1223.1685575214315,1215.0496159210015,1217.5505417834356,2227.1076535507414
2025-06-24 07:00:00,1197.90248867163,1195.861878012427,1186.1395185145132,1194.4682968433278,5003.601176453649
2025-06-24 07:15:00,1193.0021942226745,1196.9209766173342,1187.0916334176668,1198.2130268026276,6787.449504390045
2025-06-24 07:30:00,1215.0137141618238,1217.9437564584866,1205.2832181340343,1214.357885227384,9597.281882189938
2025-06-24 07:45:00,1166.7536115984753,1172.768520100692,1167.2264283228142,1170.7636037111001,3064.9953085455495
2025-06-24 08:00:00,1191.3051952834433,1193.1038605015797,1179.2899588219263,1186.3487198815524,4373.427722915075
2025-06-24 08:15:00,1184.177720887137,1190.760440308217,1182.6349544941418,1183.8144888529966,891.8115422375176
2025-06-24 08:30:00,1181.1673706917586,1188.3014653871157,1180.5139115445572,1187.491904971001,4186.918928829247
2025-06-24 08:45:00,1170.7154106664304,1177.711477668103,1162.2744325120618,1171.46649347098,1500.8113173514328
2025-06-24 09:00:00,1180.5737845812785,1185.7945046728294,1174.8968150024348,1179.555870856322,4608.6159281259515
2025-06-24 09:15:00,1162.2425400688776,1164.3691143176607,1153.555434360945,1158.1911260115567,3050.175564297676
2025-06-24 09:30:00,1158.3480268730987,1162.7034197811588,1154.1745505561855,1158.3359535031684,9500.187701617986
2025-06-24 09:45:00,1184.4844980211215,1191.7788926210403,1179.9367903088516,1190.9401425898545,9174.18441148452
2025-06-24 10:00:00,1195.2850294594084,1203.2669053218956,1193.528852832275,1195.0480133009512,3402.4482171405693
2025-06-24 10:15:00,1204.307259254241,1211.9243919568107,1202.8853902967387,1202.7410148083882,1895.5923317249585
2025-06-24 10:30:00,1226.3935922146766,1230.5880885854708,1221.5322540886086,1229.8108696463532,1508.853952744777
2025-06-24 10:45:00,1224.8038892540776,1231.3288492202298,1224.782520612856,1225.1235999239366,1702.0545394577593
2025-06-24 11:00:00,1207.3496776194272,1214.9583113080864,1207.6472460564003,1207.3271492969975,6300.886487587996
2025-06-24 11:15:00,1205.8620324903943,1206.0478998812087,1200.2937798896949,1207.277561227966,3590.4930560080943
2025-06-24 11:30:00,1183.956456736256,1191.5342567335929,1179.6561845558927,1184.0553637022244,9563.090535423164
2025-06-24 11:45:00,1187.8907412360331,1194.0841112504465,1180.135304653745,1191.616506389541,6982.884082726825
2025-06-24 12:00:00,1205.1913459348777,1206.614357241332,1198.3145107662542,1202.3546909927554,9460.221420253642
2025-06-24 12:15:00,1200.9074679358564,1211.7524217101936,1198.6076790420486,1205.219931436933,8835.969719557246
2025-06-24 12:30:00,1211.623656249984,1209.7519936218819,1204.5513869749634,1207.1806274540077,2483.3757347492
2025-06-24 12:45:00,1202.512106349841,1208.6221768949038,1195.420775749776,1204.7368407396339,2044.0946201542272
2025-06-24 13:00:00,1190.8617799454607,1191.0936233300981,1181.2432098933832,1188.1915475325602,1234.0307801457977
2025-06-24 13:15:00,1199.1432835721444,1200.2412164262826,1193.893183281099,1198.6620935591739,1778.1169284019666
2025-06-24 13:30:00,1182.3366073876966,1184.928398791021,1177.63419964033,1178.279229201532,3728.495676153541
2025-06-24 13:45:00,1181.217698723206,1182.1242350668551,1172.1410136696957,1174.1331564343102,1654.385062968934
2025-06-24 14:00:00,1183.793317215601,1189.4041398008533,1178.3466260843793,1186.7113843217585,5554.645561883791
2025-06-24 14:15:00,1191.3184230509496,1203.7345416509725,1190.4258128085498,1200.3526390551287,5565.0162376976905
2025-06-24 14:30:00,1188.2707581078885,1190.4759251767161,1182.4619211805357,1185.6470181793866,2257.026032350251
2025-06-24 14:45:00,1185.0764812418554,1188.8846774487656,1177.2829156828911,1187.4264453742626,570.2453845765765
2025-06-24 15:00:00,1178.0135772413807,1179.826113303523,1168.9804722285837,1169.448038040527,8992.907793752065
2025-06-24 15:15:00,1193.002317684707,1199.8984264564242,1187.7193133038836,1194.727584769625,4649.005106045852
2025-06-24 15:30:00,1214.3745089415968,1215.2647561589413,1208.2999178139507,1215.707278251834,6548.00533404796
2025-06-24 15:45:00,1196.3147998992315,1198.8361003483483,1188.3808504947158,1191.2627275625987,4328.763025736092
2025-06-24 16:00:00,1188.7254873206332,1194.9674333580429,1183.8173272988429,1190.0546001120154,9788.494517548655
2025-06-24 16:15:00,1203.2817638862275,1204.2518317818055,1196.4237070376646,1202.7848754555296,255.5429300297817
2025-06-24 16:30:00,1207.705929590802,1205.714167519323,1200.335353257403,1207.281229378501,9249.919892007076
2025-06-24 16:45:00,1212.6832333079026,1211.1754440370307,1204.6722677238477,1206.3670320318215,5716.393175109263
2025-06-24 17:00:00,1212.5847813025725,1213.973408789486,1203.5976784662378,1207.8645130741013,2661.9496726113057
2025-06-24 17:15:00,1193.5998900595846,1195.3101599663657,1189.3890515117992,1190.697957271657,1317.6365561939963
2025-06-24 17:30:00,1163.4952371650515,1171.3646981591348,1162.6691638440982,1164.669179382788,8462.50343948384
2025-06-24 17:45:00,1177.3663092951583,1177.5270930520082,1169.617808561871,1178.95821117331,683.4201873832639
2025-06-24 18:00:00,1193.0817834842721,1201.6099632853463,1192.2081755617226,1192.784460342906,4821.157459270321
2025-06-24 18:15:00,1188.5694125109353,1197.2922996955983,1185.6013993040667,1192.031157075841,8319.315518542593
2025-06-24 18:30:00,1203.4757652336089,1201.6082514168263,1191.8221978866218,1196.6209529857304,5695.094580719727
2025-06-24 18:45:00,1167.3077749182582,1175.5040619046806,1164.478167760606,1171.7582983706152,5451.965053070994
2025-06-24 19:00:00,1194.716918451909,1194.5252613975592,1187.6153977777299,1188.362518275186,1853.5962800866914
2025-06-24 19:15:00,1180.5081603767746,1180.8101802602923,1174.2351812773984,1176.487326512992,4360.9790147417225
2025-06-24 19:30:00,1177.0158137823248,1186.1364110764678,1178.1568881813464,1178.771190925946,7726.938239861821
2025-06-24 19:45:00,1170.4603947715486,1182.3545765608048,1167.4831503376047,1171.8241556440003,4599.170786164027
2025-06-24 20:00:00,1170.3167192017397,1172.6766446529439,1166.3465237684022,1166.1868525737607,264.52351679925516
2025-06-24 20:15:00,1193.32296702999,1199.2381020927348,1187.4403774516525,1192.0258142460605,8433.160540573672
2025-06-24 20:30:00,1197.1429302754575,1198.209494488736,1189.0155569414094,1197.5674804322891,5929.40002572053
2025-06-24 20:45:00,1202.0074188694114,1207.4606570416747,1194.5425958434594,1201.3581186811307,2541.805630880084
2025-06-24 21:00:00,1209.785636758558,1215.0490785883767,1207.208203303604,1205.1658727071306,4276.669672887885
2025-06-24 21:15:00,1187.9549940947134,1192.4624848627307,1182.2135854378525,1192.7332892122206,6235.749421749477
2025-06-24 21:30:00,1181.935916457301,1189.5649215567569,1178.9711758637554,1181.9752701309199,3093.320579087792
2025-06-24 21:45:00,1169.5326132088667,1176.9723880848599,1168.0803588830015,1173.1050694578153,9183.551917592607
2025-06-24 22:00:00,1201.689976304949,1206.609666633274,1193.8572715171515,1198.733770402182,5489.978820025704
2025-06-24 22:15:00,1208.974369910497,1216.9593839490126,1204.8589327463578,1216.012656600262,9114.434996171625
2025-06-24 22:30:00,1234.6749356244143,1239.934311021997,1226.0662157793436,1234.046109992458,9245.374281109944
2025-06-24 22:45:00,1219.2046959859001,1222.4083056480304,1213.2034203675241,1218.049620986394,3566.820093532834
2025-06-24 23:00:00,1231.3791988001212,1234.081589455976,1223.0105466416571,1231.9567290205239,9574.287754263958
2025-06-24 23:15:00,1214.1642406310275,1222.259140786801,1210.3864784092855,1220.0117598245304,3184.7319279021053
2025-06-24 23:30:00,1190.0568310401543,1194.933901610444,1187.6399820860831,1188.1873153139106,5662.077954021199
2025-06-24 23:45:00,1177.2858387570452,1185.0449177673543,1175.155674442402,1179.6135417996989,4674.5141088751525
2025-06-25 00:00:00,1148.3280209511756,1155.0267555762323,1147.5559888572163,1151.6210575235007,1761.594044719578
2025-06-25 00:15:00,1175.4726374407317,1186.6714099650967,1174.464352342029,1178.3706420927786,9837.042573434726
2025-06-25 00:30:00,1156.6813334606356,1163.1624055244217,1154.9772180003008,1163.608397420232,7684.04001536703
2025-06-25 00:45:00,1149.4219644883524,1148.1195910399952,1141.5705623968902,1148.5030057919917,7681.3055599747795
2025-06-25 01:00:00,1134.064136036028,1139.636238826264,1134.0514081041645,1134.8289679358495,8895.0824145896
2025-06-25 01:15:00,1115.3867526431075,1116.0999664625697,1110.80626878864,1110.582152261595,8613.360169044208
2025-06-25 01:30:00,1110.684673799292,1111.6370646057649,1100.8902952353783,1109.9800728064674,8053.663290964647
2025-06-25 01:45:00,1105.8377489484292,1108.4290499805559,1095.2184251207746,1103.2426071667044,8116.541411333854
2025-06-25 02:00:00,1102.3303755957795,1102.0708693172717,1094.384109657638,1095.365135465411,945.8198818552465
2025-06-25 02:15:00,1105.7475895936016,1110.1663068367932,1100.7685983028894,1103.3999534554653,9435.463090664956
2025-06-25 02:30:00,1126.0586818411355,1130.069140570017,1117.3449933083189,1124.657876451884,9383.933344105688
2025-06-25 02:45:00,1113.749811741454,1121.363798084029,1109.1190895125922,1111.4338808982584,2517.1113975354583
2025-06-25 03:00:00,1119.5253632573738,1128.7152869615238,1118.3009549598662,1121.8138717199406,3486.915622722275
2025-06-25 03:15:00,1143.4297700681989,1148.2761598287236,1136.6121908447974,1145.1446108408422,2012.536801303059
2025-06-25 03:30:00,1144.2523572975463,1148.0952012051725,1135.251140039419,1143.7636763833964,699.4871478932957
2025-06-25 03:45:00,1126.1828457752715,1132.891304204057,1122.2487715391883,1130.9935327841981,5535.1156656974445
2025-06-25 04:00:00,1127.7441913356624,1136.7793850608975,1121.6954568846718,1130.7781252326097,316.75582413701216
2025-06-25 04:15:00,1115.778851913431,1122.947203596937,1113.0452429747666,1121.6429426763818,5509.144327178772
2025-06-25 04:30:00,1095.7454888195055,1101.0136263955799,1090.471441653772,1092.545071093875,7825.7341833820155
2025-06-25 04:45:00,1071.217771066921,1078.0890082973087,1069.8472269189385,1069.61364478859,8659.996994779278
2025-06-25 05:00:00,1087.397420066213,1093.9571773176351,1078.7285211819292,1085.4182322174966,6178.560982587782
2025-06-25 05:15:00,1089.2430235492313,1097.8597640502587,1087.1211337687685,1090.8693753912703,694.3128782132015
2025-06-25 05:30:00,1085.092205901468,1091.7928822306342,1081.5239968197056,1086.6565654727967,7171.32856007243
2025-06-25 05:45:00,1096.9503923694142,1102.9603611429413,1091.8143816478657,1102.6034363397496,5542.627671398795
2025-06-25 06:00:00,1083.9401538572822,1091.5460355566008,1080.1052797874977,1084.3954282117948,1914.6173611526804
2025-06-25 06:15:00,1091.683703418867,1090.1228123143087,1081.5424972980513,1082.5893038395236,8536.83149818292
2025-06-25 06:30:00,1072.4734905984167,1083.536414165331,1072.4868350835723,1077.4998304194587,4954.253147755461
2025-06-25 06:45:00,1069.7483478484423,1070.5534290857654,1061.8365701083635,1066.060978780347,9597.102984466092
2025-06-25 07:00:00,1061.7483542476302,1064.4045374688624,1059.1529487746914,1065.4669776628255,9329.68219936038
2025-06-25 07:15:00,1070.3364261196236,1077.5228724133167,1065.0150085372138,1070.1944039964355,5272.288058666561
2025-06-25 07:30:00,1066.5725941667527,1076.1549967205674,1065.4123176828514,1066.1963470952737,2958.7088440728253
2025-06-25 07:45:00,1061.5619421673093,1073.0734100465818,1059.0995949930973,1061.9097620598604,1370.5635615210228
2025-06-25 08:00:00,1068.5178911391395,1073.8504039677255,1063.1265173712673,1065.4187832822263,9906.79678698339
2025-06-25 08:15:00,1088.46051357614,1087.3127605392788,1080.438765286953,1080.853364445864,3546.978098942536
2025-06-25 08:30:00,1070.026481075454,1075.1511329758823,1067.0010788314387,1071.7193560059638,4108.099331313935
2025-06-25 08:45:00,1065.8769363437007,1070.3868205778406,1061.044105413994,1063.3612696482712,6902.511408540238
2025-06-25 09:00:00,1089.4405727176672,1090.204027470792,1084.61308648569,1086.142928345241,3905.3891111966527
2025-06-25 09:15:00,1100.9943797075864,1106.4614830548148,1097.3236232459828,1100.3861416472444,9619.411559807637
2025-06-25 09:30:00,1087.6193549383202,1097.3403188474094,1082.960212108451,1088.828357124949,2395.445361206299
2025-06-25 09:45:00,1064.4550957019744,1070.232647081813,1056.3311467520532,1067.257064843114,6979.791556991418
2025-06-25 10:00:00,1051.24177397113,1058.2957755463383,1050.7656924493576,1053.7267991738986,7348.463086454529
2025-06-25 10:15:00,1045.8561946962088,1057.5755764229602,1044.764919022594,1054.8827330686547,8736.988322259831
2025-06-25 10:30:00,1041.4570996624427,1051.4280499201716,1041.2502859876313,1048.4891270661171,6479.399677909679
2025-06-25 10:45:00,1034.9618070014799,1036.3920983450296,1025.3058368172392,1033.5397009281253,9992.906984382329
2025-06-25 11:00:00,1039.4242838966047,1044.0783352624296,1031.450512285956,1037.8870855667108,1808.4032708391544
2025-06-25 11:15:00,1014.4746199820233,1017.3473543002996,1011.7163039528878,1015.7570677220223,8341.840782650996
2025-06-25 11:30:00,1008.0037124371876,1014.1261945054254,1008.8748980182195,1007.2923408843759,8251.039606056709
2025-06-25 11:45:00,1024.8106906373675,1031.555318379029,1022.9417292733223,1025.1223634105681,5378.52476680491
2025-06-25 12:00:00,1031.7943898000622,1034.6796542647494,1027.7151672250873,1030.7323093395746,2565.188511245835
2025-06-25 12:15:00,1041.8703585304522,1045.3238989045037,1041.1853096739253,1040.396603641645,7841.054512410711
2025-06-25 12:30:00,1039.3359776411728,1038.732240610195,1029.38525005893,1033.8174417082141,3113.647095230657
2025-06-25 12:45:00,1044.6013651077567,1048.7232557839122,1037.9152337746327,1041.0023468350691,8727.26665770102
2025-06-25 13:00:00,1035.2464778002998,1035.0024542011938,1028.8814667160264,1028.8599659861115,7398.307340925996
2025-06-25 13:15:00,1036.5670810359086,1036.1449436939652,1029.8254833300123,1029.7803087621044,9646.539560271854
2025-06-25 13:30:00,1017.2330052934044,1029.51435135144,1018.0050810817363,1018.3647897106885,1735.2311647710167
2025-06-25 13:45:00,1001.9255543525871,1006.9578479836122,997.0951562978361,1002.9645190342831,1244.0653163771326
2025-06-25 14:00:00,987.0025537916716,998.4181895862891,986.1960942336152,991.3954255254728,4261.435621658137
2025-06-25 14:15:00,1015.5278831819261,1019.9968342815079,1010.3065250253086,1013.2957556116331,3135.811490064974
2025-06-25 14:30:00,1038.2529074375477,1046.478324458855,1037.6956723398566,1042.461235127971,789.788235886338
2025-06-25 14:45:00,1045.6822297334147,1048.168853645582,1036.434266034313,1038.9062205684577,5332.290246725564
2025-06-25 15:00:00,1010.597075570407,1010.4397584504914,1001.0016615122594,1004.8237254500658,1729.8989971383842
2025-06-25 15:15:00,1005.4916843561786,1014.293612628998,1006.1091245480598,1004.9702798192147,3076.877813980175
2025-06-25 15:30:00,1035.8921838596566,1040.2851947434099,1030.3614453803416,1032.5771936311219,5576.471329101616
2025-06-25 15:45:00,1021.0547868704983,1031.5967300660645,1017.8807410711393,1022.3339702647287,9298.601321513219
2025-06-25 16:00:00,1035.462563547994,1044.5780134312251,1035.9306581391,1034.6657980628913,7941.662297044337
2025-06-25 16:15:00,1044.5835502909258,1045.2426197514267,1037.104094681173,1043.2300453708508,7172.892797961045
2025-06-25 16:30:00,1063.552796930001,1069.2444378868822,1060.5153529206998,1065.4181862442413,8226.43018260441
2025-06-25 16:45:00,1066.531149854925,1069.5614296971778,1061.0502215435697,1060.392833589667,7314.532989235064
2025-06-25 17:00:00,1082.5279285539991,1081.9720422096068,1071.49429044411,1080.7513061005259,4635.719753168004
2025-06-25 17:15:00,1071.8075141248162,1074.7841974032615,1065.9670554470058,1074.1367628294531,7269.871297113766
2025-06-25 17:30:00,1069.399460892697,1068.1786710286565,1059.1977029144477,1063.4476577334465,8630.786868170731
2025-06-25 17:45:00,1056.2595280410505,1057.1432118536625,1050.6653882424123,1054.6072008793635,1370.0663048825725
2025-06-25 18:00:00,1058.7408323928198,1061.2173867849763,1051.3350718321587,1059.9160849871419,3672.798464937918
2025-06-25 18:15:00,1031.9022340408042,1036.0519006476304,1026.6180642001439,1032.5597682294076,6632.258722965518
2025-06-25 18:30:00,1019.0220873215795,1022.4401101646876,1013.704941767955,1017.1266423489124,5544.251416477432
2025-06-25 18:45:00,1011.5032913708521,1020.6474486898626,1010.146024686078,1014.9694066205199,7007.811539475206
2025-06-25 19:00:00,1017.1745295081963,1018.1487534768497,1009.1310533926276,1019.7341886529586,468.92116025620203
2025-06-25 19:15:00,1013.7433988498171,1026.1050878811695,1013.4864041360998,1021.1600973825249,4674.251099997643
2025-06-25 19:30:00,995.7502876645872,1003.8069510744172,995.9169368071784,995.702665094213,221.27591956087028
2025-06-25 19:45:00,1017.8068450917914,1022.5647100408146,1013.209372172994,1015.3278289939316,9741.278922743773
2025-06-25 20:00:00,1000.9868457365278,1002.8137177182427,992.0498939679893,998.7179907927573,1657.4005642941815
2025-06-25 20:15:00,1041.8120813635683,1045.6474000911517,1037.1083752095592,1045.9884959562924,933.2364419932998
2025-06-25 20:30:00,1018.4040493064598,1024.398232807829,1013.7711399088158,1024.3215953268934,1915.3589493693396
2025-06-25 20:45:00,1012.7549904464132,1021.4992859771821,1009.3474096411,1013.5258817581195,889.8350823105917
2025-06-25 21:00:00,1025.8641762305422,1033.2187902699607,1025.0629382731474,1031.0039364512575,9431.152709662472
2025-06-25 21:15:00,1011.336722953245,1016.2159230258678,1005.3030588110284,1010.615660213879,621.2162363176326
2025-06-25 21:30:00,1015.2113216611438,1027.2160960431474,1014.8555042353618,1020.4759086018528,3980.1751808847516
2025-06-25 21:45:00,1003.9971797655709,1007.5546284089284,996.0313497742245,1001.5411699305365,5057.945731258455
2025-06-25 22:00:00,998.7133965145844,1001.2843165256903,991.324477491231,998.8285277308988,7016.404083422539
2025-06-25 22:15:00,986.4815604659934,994.3008283656931,985.4873142168009,989.5137075633618,6795.041443051734
2025-06-25 22:30:00,988.6384883846233,991.7185342956876,980.7726878004219,982.7788608386792,4232.475957950248
2025-06-25 22:45:00,1015.6973722200047,1025.173810540275,1013.0096768102552,1021.2709087464863,9409.571122192545
2025-06-25 23:00:00,1025.6135087296705,1035.0168887090774,1026.3980569970208,1033.2429889608518,4594.189042909562
2025-06-25 23:15:00,1042.1601052782244,1047.1616452885214,1034.1443524235337,1040.6270432206,6268.230551636034
2025-06-25 23:30:00,1033.0079438274572,1040.266992720394,1030.7828417603978,1033.1676873681354,7813.1042610608165
2025-06-25 23:45:00,1042.5190447600783,1045.6149598919187,1033.965285821692,1040.0983768279027,7251.759012453608
2025-06-26 00:00:00,1045.7334570986882,1052.5483345718003,1044.5310294189956,1048.63861207176,8942.23238624982
2025-06-26 00:15:00,1056.9469560855189,1060.415902067715,1048.6381914503672,1054.9604106448855,9417.912701612473
2025-06-26 00:30:00,1065.1511935023327,1070.1731796746471,1061.1233757974287,1060.9208503248449,1302.1310608450954
2025-06-26 00:45:00,1075.556029328921,1079.464531012525,1069.600135063457,1067.80464716139,3733.3776937017055
2025-06-26 01:00:00,1092.4445811466417,1094.1501602339808,1084.9311053506415,1088.6811252462248,6988.139632787594
2025-06-26 01:15:00,1061.5249868739536,1068.5342313305841,1058.800797880718,1064.6238977415767,1351.4354528033166
2025-06-26 01:30:00,1049.4459998649463,1058.8160067412787,1049.563535925005,1052.722707823004,5894.002386200355
2025-06-26 01:45:00,1055.9780215074943,1055.793917173254,1045.3859599111595,1054.138670473569,5290.816315707976
2025-06-26 02:00:00,1050.738911504918,1058.4650994959454,1048.8570992977097,1048.9280947623158,8805.948385346488
2025-06-26 02:15:00,1070.3769507890754,1076.5959492231334,1066.7843994820257,1072.6072519655465,747.5151204506171
2025-06-26 02:30:00,1057.5219801003536,1064.6279157976076,1055.9916204961435,1057.5082685788823,7692.321682241306
2025-06-26 02:45:00,1060.9268834836196,1062.978383994365,1054.6431273929973,1061.0572087806347,2912.8928954937383
2025-06-26 03:00:00,1063.256720060697,1063.3128012820782,1057.0917894506329,1060.8551689418427,9020.396339656003
2025-06-26 03:15:00,1057.2656920453114,1062.474141929069,1047.3049241989718,1051.74516880741,2396.65216672844
2025-06-26 03:30:00,1046.0992553654808,1052.1626002600901,1045.4365611239564,1046.983270911488,1076.081211063345
2025-06-26 03:45:00,1078.5524326637035,1081.031545324137,1070.5511368010946,1078.9345950850516,7770.160626348526
2025-06-26 04:00:00,1074.1219568339238,1074.168049137967,1065.9809168860377,1074.4846445602038,1081.9036441397648
2025-06-26 04:15:00,1077.0016024157699,1086.537113709072,1072.1537654872136,1078.5532728691787,7009.5848165871375
2025-06-26 04:30:00,1078.700084415792,1083.7700218730204,1069.204136112218,1077.5710175397096,4693.185117560565
2025-06-26 04:45:00,1069.9760050890964,1075.8399004649382,1069.1726586945754,1071.8698224661093,6849.846138447862
2025-06-26 05:00:00,1073.0178901078275,1078.0024593202345,1067.1468251142308,1074.0954804748903,5160.834267434739
2025-06-26 05:15:00,1075.6305063182567,1085.1945584028667,1076.3104112425415,1078.0971321354982,3650.3654923330582
2025-06-26 05:30:00,1058.643987456347,1063.2147236659735,1055.2613693158112,1055.5083202841836,2099.566578778467
2025-06-26 05:45:00,1072.9805911103751,1070.877576577143,1062.9288696741091,1070.0542833110128,4519.536873556303
2025-06-26 06:00:00,1062.9858342129987,1065.1850127544865,1054.4222406514496,1057.5698317459176,8601.557709260844
2025-06-26 06:15:00,1050.139259424107,1053.8396309283876,1045.0751443743684,1046.1292118217173,4108.134517871998
2025-06-26 06:30:00,1065.6477154605213,1071.0325672203603,1060.2689839381312,1065.6248824056725,630.8300069956701
2025-06-26 06:45:00,1067.6169693078784,1074.3999497140758,1068.9150697425825,1075.993033043548,1109.4277642274385
2025-06-26 07:00:00,1052.0786223012508,1057.2608841732854,1050.5585373074407,1051.1556235838243,8336.818038739439
2025-06-26 07:15:00,1087.9557840315929,1091.600564302349,1079.0102248072722,1080.9942108617824,6989.765511023862
2025-06-26 07:30:00,1068.6099902288577,1077.066385545173,1065.6916440117739,1066.268665630158,5760.3055298595955
2025-06-26 07:45:00,1066.8218454052517,1072.9625544209966,1064.8346122181235,1066.6831144698917,4964.9510376904345
2025-06-26 08:00:00,1100.139353897985,1101.2797185963855,1090.7499722560724,1091.1944589919124,3995.11604834043
2025-06-26 08:15:00,1108.8743692354271,1118.418134600969,1110.0129100487131,1107.251659168279,6275.260009366429
2025-06-26 08:30:00,1099.9750634622537,1104.4946645934178,1097.194728906084,1098.9579186816966,7478.3594453528285
2025-06-26 08:45:00,1067.4123601108256,1070.9304983121692,1061.9750649595235,1069.2749571293439,661.8190086406535
2025-06-26 09:00:00,1100.9310623743704,1109.4262870426674,1097.438659879459,1107.0729523877128,1242.2988304346798
2025-06-26 09:15:00,1111.6436167342115,1116.7685459907304,1106.2940204730075,1110.5446403283909,6209.971551397426
2025-06-26 09:30:00,1124.0100688151774,1131.2438667778406,1119.5352320807112,1122.4382816409284,1511.221752555496
2025-06-26 09:45:00,1141.5657656121618,1145.5297026394574,1136.557332138097,1145.9949709764815,9595.707473201257
2025-06-26 10:00:00,1154.8635825595527,1162.4310731184078,1151.0539009625065,1154.4288698775395,9103.308871307308
2025-06-26 10:15:00,1160.3763007083476,1161.4197706989366,1155.4418848428545,1163.2941172701505,3077.2679916047223
2025-06-26 10:30:00,1166.0326416957173,1173.3008378775835,1163.9538836910403,1170.7247860050832,6062.5589366257955
2025-06-26 10:45:00,1179.786616948858,1185.1875674082874,1177.1465358021258,1179.2364059976646,3235.672236310649
2025-06-26 11:00:00,1198.2676137329076,1203.1649521623465,1193.5233874799803,1198.1900907793759,3159.732999799026
2025-06-26 11:15:00,1169.8871601716228,1178.695392030912,1169.7285421236156,1177.0514537881033,3763.0098891641233
2025-06-26 11:30:00,1179.529205514915,1182.5607758641631,1167.646842910347,1171.1650087438752,9199.144818948227
2025-06-26 11:45:00,1189.117480716975,1191.7635361164462,1184.1337245456255,1189.8964882485243,5144.975010148765
2025-06-26 12:00:00,1209.750317173454,1215.2116663064103,1206.1554362929758,1207.7288624209596,5162.860954427398
2025-06-26 12:15:00,1218.1909660987342,1217.1163947271937,1207.120858541298,1215.4394578948566,4876.219676238316
2025-06-26 12:30:00,1220.803231475893,1231.709509126628,1220.710859153163,1223.1257212465378,9741.212640693293
2025-06-26 12:45:00,1224.33785778386,1226.4732379445722,1215.0422546435605,1219.2711888955819,4206.042305994631
2025-06-26 13:00:00,1209.0089519719834,1211.0380746832084,1201.8707506596802,1206.0358423159246,1380.6352379112445
2025-06-26 13:15:00,1233.997703846605,1237.1964527533046,1228.6691690852729,1232.4077203251957,4690.539944768347
2025-06-26 13:30:00,1241.9110086218986,1248.736541673125,1237.6692147913668,1244.1275734635599,9379.348492991
2025-06-26 13:45:00,1261.2439750024091,1267.8191745481938,1259.4175527341488,1264.8088438333507,7104.571732371419
2025-06-26 14:00:00,1272.5017341469008,1276.2007187324893,1267.2551908273963,1275.893436296558,4739.9307734435315
2025-06-26 14:15:00,1289.5490000965392,1287.4501598713396,1277.4119015071465,1285.88957138197,9087.800577856084
2025-06-26 14:30:00,1295.7028956635927,1302.5652100529858,1297.8877635771244,1295.2845443916474,2721.5477447367743
2025-06-26 14:45:00,1277.1771884507266,1277.0398348816789,1266.035509729781,1276.0694002423993,6579.23037054428
2025-06-26 15:00:00,1259.0435333738187,1264.9097745287502,1256.5855293085353,1256.4140505914318,8084.69691984641
2025-06-26 15:15:00,1232.7862782585908,1237.7863118807306,1228.9054920141018,1238.3875954009259,8780.581529467147
2025-06-26 15:30:00,1264.9253751598358,1267.8040209605708,1255.7306190819024,1259.8323242423521,4394.470735415652
2025-06-26 15:45:00,1263.7283002144045,1263.34482721102,1255.8960824819935,1259.373797824481,9763.698728759546
2025-06-26 16:00:00,1265.0584447318588,1269.865456391724,1263.4085235507646,1261.9419511405172,2106.9340313389034
2025-06-26 16:15:00,1261.769731980869,1268.0408841931278,1257.2704389379637,1268.349935030456,7385.0472471541525
2025-06-26 16:30:00,1255.9540559464585,1265.4373846161786,1254.4973232276554,1261.7266170340745,6633.3808487453725
2025-06-26 16:45:00,1251.1047356432066,1254.9811983595016,1245.4836685196249,1256.2562988127331,3420.297091861264
2025-06-26 17:00:00,1269.899062267584,1272.5519960609552,1262.7106840065537,1270.866311700186,5139.736480917432
2025-06-26 17:15:00,1272.3953729253176,1273.861345237302,1260.875281513206,1268.6972281321832,6583.187168300105
2025-06-26 17:30:00,1266.366139359516,1271.5521456230442,1261.9815473115364,1270.012858688812,615.5885505037004
2025-06-26 17:45:00,1249.8300898796485,1251.7604055452289,1238.9936811953992,1241.883345390164,9329.362524060476
2025-06-26 18:00:00,1217.6490561979842,1222.3727714318693,1209.0139430680438,1218.086889316512,324.3953805038433
2025-06-26 18:15:00,1237.2368406161984,1244.0491499441398,1234.1121101042102,1243.8371975216567,3574.790138163044
2025-06-26 18:30:00,1248.1712278248915,1257.8807611822124,1245.8067593418132,1251.5059814982694,4539.262734006282
2025-06-26 18:45:00,1250.6248205333561,1254.4961103323683,1240.7048665221917,1248.6388070530438,4386.200960307915
2025-06-26 19:00:00,1273.2823989534884,1279.8894846900039,1273.048708143513,1276.9712734827756,1061.8663280153899
2025-06-26 19:15:00,1282.8255496227935,1286.5781943426084,1273.754842596955,1277.1172382115333,7695.3562851219085
2025-06-26 19:30:00,1274.0367443047755,1279.4198510704173,1270.1729238109144,1270.8753606793878,8911.304762370715
2025-06-26 19:45:00,1280.510360179277,1290.5881650255226,1278.7862851354475,1287.163132715409,9088.794879981213
2025-06-26 20:00:00,1311.9011993133322,1316.9039808660707,1305.369106794445,1307.1696056451779,3658.684317290321
2025-06-26 20:15:00,1320.917170985875,1325.8631890869542,1315.621499652265,1323.1246091360829,4452.12388320698
2025-06-26 20:30:00,1302.631369642262,1303.6421727964575,1299.3730264651779,1302.3240689600993,2385.67887781561
2025-06-26 20:45:00,1292.0696204401845,1302.9057398384114,1289.1050869814474,1293.6869488464465,8296.142281402268
2025-06-26 21:00:00,1304.1193369461032,1310.470477088547,1299.684450839148,1303.2193417630178,8137.8517675995045
2025-06-26 21:15:00,1299.6301302064683,1304.7441650105009,1293.1239065908762,1298.0921472066702,7537.191044328281
2025-06-26 21:30:00,1303.8656082480668,1304.6297179845044,1297.6341374801182,1300.299193965015,5836.225390621242
2025-06-26 21:45:00,1304.9690034929338,1307.6197549183835,1297.8311827951843,1298.4750047966638,154.42201562497223
2025-06-26 22:00:00,1295.399219285488,1297.736157337187,1291.7755903730626,1290.097428768751,8568.638012136997
2025-06-26 22:15:00,1266.3362525276316,1273.2357543622713,1258.9919663493624,1270.253927807361,5613.632104816288
2025-06-26 22:30:00,1271.4077258358311,1276.9209888269072,1267.0475016437565,1268.926423025083,5994.924978648501
2025-06-26 22:45:00,1269.6064607356848,1273.6981639777996,1262.5156749823414,1267.060405094768,1753.2828615063972
2025-06-26 23:00:00,1267.353559738357,1273.583417645363,1262.2468524775602,1266.88713167293,2453.363380139647
2025-06-26 23:15:00,1263.633220095957,1265.899013909554,1255.2220450754266,1261.2984686055522,7178.184171976729
2025-06-26 23:30:00,1276.0834833115407,1279.201625455987,1267.3606962557096,1272.2676578605074,533.3132699669454
2025-06-26 23:45:00,1283.9458709578535,1290.48337518517,1278.8363576797478,1280.3257741730554,6984.825139854902
2025-06-27 00:00:00,1265.4504477341163,1273.3377968060788,1262.1993781133651,1269.1034620011371,5202.93752542721
2025-06-27 00:15:00,1247.9996276455595,1252.9630202207425,1242.385129721423,1247.8861490086804,9377.82588406823
2025-06-27 00:30:00,1254.8374513918454,1262.2911906897782,1248.4204401418563,1251.4752098349152,2000.700381854052
2025-06-27 00:45:00,1237.088982294016,1240.333437570989,1227.4109297179762,1234.583520608638,9060.146043230641
2025-06-27 01:00:00,1246.6947638880379,1257.4534216116633,1247.3620022800228,1246.5451752368,4602.136257790273
2025-06-27 01:15:00,1281.9720889183982,1285.005691175909,1270.731415428243,1279.8612520325462,986.2738520891279
2025-06-27 01:30:00,1274.5266145044052,1278.6241377220447,1266.996633783999,1269.619806570478,577.7239775399564
2025-06-27 01:45:00,1262.9611916197136,1271.3757619085477,1258.7359569486428,1269.6458624519134,8883.561201274553
2025-06-27 02:00:00,1275.3687707197707,1285.6688918712566,1273.0398996001213,1276.2160636561634,5024.704816806381
2025-06-27 02:15:00,1247.0313607857734,1253.3899977936685,1245.9880087171116,1253.5345800922282,5688.885952545047
2025-06-27 02:30:00,1238.2589618032393,1249.5098966554328,1237.5404038695453,1242.0665856850526,7734.558514096572
2025-06-27 02:45:00,1253.6397517653913,1256.5369861332013,1251.073000277275,1254.31219509105,4251.985538551021
2025-06-27 03:00:00,1247.493917290434,1253.1995957295146,1244.840303160814,1251.989096352956,3523.480446360682
2025-06-27 03:15:00,1242.2511231760016,1248.6917440002358,1237.7640855525265,1241.4432861102737,6556.50698133337
2025-06-27 03:30:00,1246.4206246114275,1245.2508856984468,1239.6411338592097,1238.3795289488683,9208.02007593124
2025-06-27 03:45:00,1272.568116824586,1275.7847503960286,1267.0824036350848,1267.4497055598267,7068.74505267298
2025-06-27 04:00:00,1276.6154399474026,1285.1912369298493,1278.0341240489422,1280.7211330204848,810.9114826759784
2025-06-27 04:15:00,1246.282238212009,1255.2989628623613,1241.8681106794807,1249.7437601634049,409.0189344292694
2025-06-27 04:30:00,1257.7351003631695,1255.8514140943694,1249.80946980364,1256.3703041186864,8851.259715255195
2025-06-27 04:45:00,1261.9442949230695,1268.0634286714562,1256.7748372139113,1264.787669711125,9869.0102882604
2025-06-27 05:00:00,1263.6753138793497,1269.0072458646555,1254.9472483792565,1262.1440568365977,9895.697153244864
2025-06-27 05:15:00,1246.1044730741837,1255.3020391859789,1243.4172173717757,1252.057534167802,9542.972732844042
2025-06-27 05:30:00,1252.2024703094114,1254.7661725849732,1246.5878941340761,1248.6933183693793,3588.8005940104654
2025-06-27 05:45:00,1264.2674710261747,1266.8565782942192,1252.980727748797,1255.238477496295,7165.068751329982
2025-06-27 06:00:00,1244.1143366116303,1251.853883037216,1243.704113589988,1245.022085054797,4910.336190961979
2025-06-27 06:15:00,1247.614033213284,1252.70899437023,1241.8236559861416,1244.2170274346593,9202.663705482737
2025-06-27 06:30:00,1245.773638690104,1252.6564416812641,1247.9891920937246,1249.20949921499,5713.423858110687
2025-06-27 06:45:00,1251.0486198809062,1252.597895594946,1244.2432107231828,1249.1870725022404,8642.72123607598
2025-06-27 07:00:00,1235.8947567674982,1244.2468177210683,1236.8304743652852,1242.42817992836,8791.97148179741
2025-06-27 07:15:00,1264.79709354316,1267.7482359158168,1255.9780400487011,1267.367752955304,9722.192645845947
2025-06-27 07:30:00,1268.8442693381792,1269.7502504032718,1257.14498050732,1265.380147193183,6954.414172584533
2025-06-27 07:45:00,1266.525885482777,1273.404434449931,1263.7549691182699,1264.8572515700241,9310.077208927802
2025-06-27 08:00:00,1286.9609117086848,1289.2960438963978,1278.22241222406,1289.3132905340328,1378.6570482398852
2025-06-27 08:15:00,1294.2119722132416,1305.1863142448399,1289.795929114245,1299.8663111281417,474.82488873912143
2025-06-27 08:30:00,1330.7437473795733,1342.5463928734991,1330.1228777386984,1335.3236399167072,1397.021400556407
2025-06-27 08:45:00,1323.554033960101,1323.4134780880574,1314.2164821297981,1322.2011507581385,7439.118678115499
2025-06-27 09:00:00,1323.7512138257619,1329.0211058314285,1319.7443408103957,1323.8855223843516,7992.228851361157
2025-06-27 09:15:00,1316.8646409526943,1323.868860136765,1314.4821105671845,1321.2925707026923,4196.856767677044
2025-06-27 09:30:00,1312.6626784576517,1318.5463713454399,1310.6100866734323,1316.7165613522998,9368.283439201166
2025-06-27 09:45:00,1324.33912420506,1327.1243489395004,1314.9800780682504,1316.8553999369608,3367.7228557411736
2025-06-27 10:00:00,1319.7584921031437,1322.94807956341,1307.7426812564356,1318.3060952263052,2335.168302084079
2025-06-27 10:15:00,1337.796779506007,1338.5217135257908,1331.8857280685868,1334.335372330514,9243.096446217183
2025-06-27 10:30:00,1303.8878938877435,1314.0298494332942,1303.4106154936478,1304.1752418575957,7885.458113307031
2025-06-27 10:45:00,1283.1959352269166,1294.6562058035,1284.3782137694684,1290.0300681989597,5450.032390651518
2025-06-27 11:00:00,1282.2456618863098,1292.1152677300768,1280.3560385415947,1279.8509635025175,7234.633645330913
2025-06-27 11:15:00,1294.2978381125567,1303.042540025322,1293.927164264081,1294.8794204251333,6413.408384243272
2025-06-27 11:30:00,1291.8419400735409,1291.8394898974573,1279.227538255254,1287.5533271629752,1163.3327989835918
2025-06-27 11:45:00,1307.8055296574182,1313.5113829365816,1300.1915689221573,1305.0882395203207,258.21333440233144
2025-06-27 12:00:00,1307.21144780494,1312.036702814285,1298.273416900682,1309.4344846819872,8698.798440287908
2025-06-27 12:15:00,1318.5360837843307,1318.8398912751677,1310.7928812775508,1319.6540514207318,6420.6702051282455
2025-06-27 12:30:00,1314.3709408541972,1320.9531583163855,1309.3584923468518,1316.066389884098,1035.7079728151202
2025-06-27 12:45:00,1314.281206544514,1319.193865545501,1307.8295754622586,1312.9742139309528,556.6609882437679
2025-06-27 13:00:00,1314.1418543199416,1321.1247897652315,1308.6120562156493,1309.6755827463487,2943.468677307197
2025-06-27 13:15:00,1326.7738579452603,1330.0590834519696,1321.6390302485995,1325.005272861467,1391.2926296861356
2025-06-27 13:30:00,1337.6679606047617,1335.4949258110676,1330.5946846104898,1333.8428960704196,5856.150273625123
2025-06-27 13:45:00,1331.6361831931,1337.0106259758327,1326.8715659383345,1325.5282020887669,253.48226072391904
2025-06-27 14:00:00,1323.8816293059674,1329.9955833297242,1316.7654280537354,1323.4527495587822,2990.4580944996424
2025-06-27 14:15:00,1336.5531695324723,1338.2177381056783,1327.909278630543,1335.1489544662638,6944.2890753806605
2025-06-27 14:30:00,1339.657155185718,1348.9482458386426,1341.4685250650675,1349.0268959858104,1048.4382905567766
2025-06-27 14:45:00,1351.4702156773806,1361.9820361901866,1351.654042179286,1352.145617485224,5306.9590627600155
2025-06-27 15:00:00,1329.8469465502556,1329.4317917318601,1321.1847931647806,1330.0215763626732,7803.466801968668
2025-06-27 15:15:00,1372.5335562234156,1377.2950835688898,1364.1970283352744,1369.9698879043315,7154.111877186893
2025-06-27 15:30:00,1369.0256444360564,1368.562049691592,1358.846025537545,1361.6408531400461,3554.5711262841146
2025-06-27 15:45:00,1341.4497389729772,1350.5734614029227,1337.9080074187343,1344.443053449941,4564.538328971864
2025-06-27 16:00:00,1341.9260125207518,1345.0525415910208,1337.2220326824595,1339.7976658795515,8465.950352441812
2025-06-27 16:15:00,1358.7436435573418,1358.0099222391577,1353.1562767563598,1352.2276250697716,2296.4519179139165
2025-06-27 16:30:00,1360.2679019867883,1361.6497266372317,1352.291729558241,1359.8893073759937,6500.046114140633
2025-06-27 16:45:00,1354.0216828571558,1362.206684358036,1352.0091096048425,1358.5986236605527,171.80638500005173
2025-06-27 17:00:00,1343.3854124176678,1353.4094196645547,1341.914589803998,1343.5441497536199,9729.79362996837
2025-06-27 17:15:00,1332.0853068201232,1333.360321519923,1325.9135189611923,1333.099834797101,1315.8082046830507
2025-06-27 17:30:00,1335.0067032575487,1344.095182156563,1332.8260155820153,1337.550588364225,4105.638712364077
2025-06-27 17:45:00,1340.6966370133064,1345.2232492153187,1336.5708918795265,1342.3647290228928,1841.0310162132573
2025-06-27 18:00:00,1349.6517912789827,1349.2436447382383,1344.457783196437,1346.8772425800967,9692.07829720547
2025-06-27 18:15:00,1335.3301646396496,1338.3486203538994,1326.5188974509372,1336.0338128367541,4621.1307593886295
2025-06-27 18:30:00,1335.1274900681176,1342.2653834085966,1334.0812945061625,1342.7471599779067,3066.939885513221
2025-06-27 18:45:00,1342.2585196548232,1343.911271274225,1334.6182987978732,1340.4435234753334,3072.3531196657214
2025-06-27 19:00:00,1355.846210121766,1365.0509717836323,1351.839588778916,1354.5614661002242,7221.922534857211
2025-06-27 19:15:00,1348.1808649144823,1352.1422789071273,1343.0080856088316,1348.6286567171696,9224.530976223072
2025-06-27 19:30:00,1362.9350909807354,1362.8686332595207,1356.0874622330814,1359.8566373011192,4616.799485036646
2025-06-27 19:45:00,1357.2957386584044,1368.1989574034687,1358.3452819761294,1360.574043634027,9478.079337336738
2025-06-27 20:00:00,1353.1920666090723,1359.4727067158612,1348.6133734379284,1357.9987926247757,6696.727512108368
2025-06-27 20:15:00,1360.9978450253216,1366.5594758533553,1360.9954813600893,1367.1011678912648,6442.993387899775
2025-06-27 20:30:00,1372.065302184873,1373.8031489633672,1361.897449499949,1365.8022612975278,6696.844917033516
2025-06-27 20:45:00,1374.051276341887,1378.2596080160902,1366.3984697882727,1372.367538621312,3617.8537313792813
2025-06-27 21:00:00,1371.8478706302074,1377.9687603882173,1367.5564719305917,1371.0337413342106,3117.713736253555
2025-06-27 21:15:00,1369.0870325854512,1377.1307338858655,1364.4779635395416,1372.0406792932624,5292.880888688713
2025-06-27 21:30:00,1368.7648736010683,1376.1984018686362,1369.6820690870718,1370.3125403998813,8494.368877378021
2025-06-27 21:45:00,1380.6314663384487,1388.4106312686583,1382.2993446052487,1387.7077601190304,4799.963402331316
2025-06-27 22:00:00,1388.4030447420073,1387.034660941929,1381.267784279705,1385.1598271594853,2484.660284099263
2025-06-27 22:15:00,1380.4984187783919,1385.2649504969795,1376.2855605259695,1378.667097514886,2433.3456350084834
2025-06-27 22:30:00,1387.0738752537663,1390.9014212423522,1381.1168772038016,1382.6268422233697,8033.630303122256
2025-06-27 22:45:00,1381.3793773362906,1389.5608975458379,1381.7951382078147,1385.7011175814341,3231.3805875189328
2025-06-27 23:00:00,1394.4596746634804,1397.9306954988697,1388.1670079645114,1398.7073638909246,4575.001218498538
2025-06-27 23:15:00,1404.1479183273307,1407.489714147626,1399.7687529193518,1399.5935920874267,9140.426795523172
2025-06-27 23:30:00,1412.9080797884542,1419.0052137171342,1406.18225978443,1414.3082775435655,5804.303939731441
2025-06-27 23:45:00,1415.361404451698,1422.1307456292143,1415.2340958770062,1420.817398585368,4793.6736587515425
2025-06-28 00:00:00,1442.1246012127015,1445.4824463681973,1439.5270241329288,1440.2662814002347,1439.6170674816813
2025-06-28 00:15:00,1441.514760951832,1448.9271658984599,1437.8883901627287,1437.6600308027632,2317.939041527497
2025-06-28 00:30:00,1430.311877310301,1437.2129322013736,1430.3134944731812,1435.6188283965116,7175.960899351663
2025-06-28 00:45:00,1433.9525054240087,1437.6894628514221,1428.76663787958,1437.1042251878202,9513.903593016543
2025-06-28 01:00:00,1465.9703398159384,1471.3367087882348,1464.2068452549502,1469.9244402339004,2980.9141187585697
2025-06-28 01:15:00,1466.581233591783,1479.0735650274962,1469.2752393769965,1469.7846058279727,1568.475820681799
2025-06-28 01:30:00,1474.7865448589548,1482.2570437377199,1472.8276668291528,1474.0323837649005,1340.5071490614166
2025-06-28 01:45:00,1470.891260991717,1473.61856242713,1460.935458193868,1463.4975308238804,4040.876477935799
2025-06-28 02:00:00,1465.5610502159695,1472.0465862043015,1464.0916211485985,1473.5734718600002,1351.8017102693045
2025-06-28 02:15:00,1470.477678623305,1480.250180450823,1469.348686029455,1472.8499252112592,8054.228692848694
2025-06-28 02:30:00,1485.3014929777578,1491.2833547209764,1482.8883535335046,1481.748825885255,5045.594091471074
2025-06-28 02:45:00,1500.4002726131428,1497.7635122648874,1488.2926271213948,1500.037005491159,1036.9146651504054
2025-06-28 03:00:00,1480.184221340249,1485.048284208809,1476.269864533248,1478.992428398537,3327.2493751057004
2025-06-28 03:15:00,1489.1594677262829,1493.7923902510956,1487.4659338791075,1486.9224801395037,403.7006982160413
2025-06-28 03:30:00,1508.7767436894762,1511.4293022479653,1496.6076090291097,1507.2624008632545,3098.1499072387583
2025-06-28 03:45:00,1493.3947129827493,1495.4048989223204,1482.1181684543847,1487.2362627758005,234.03013418439545
2025-06-28 04:00:00,1476.6197700950845,1483.6891899747652,1476.6750611087377,1474.0324533554099,1109.128027450497
2025-06-28 04:15:00,1466.1413429752736,1471.623136450486,1463.3759048897368,1472.5874018392453,2288.9614049003794
2025-06-28 04:30:00,1474.0409009307243,1474.2537627310483,1466.3651441690122,1469.615952389856,3517.6177130262467
2025-06-28 04:45:00,1480.8659288134568,1487.766081093128,1478.5277405511406,1480.9579200281014,1694.0280900267455
2025-06-28 05:00:00,1486.2582887910464,1493.6735606622558,1482.0862510194083,1492.017355714312,8030.88420418587
2025-06-28 05:15:00,1494.1797665788258,1499.3925625290872,1491.8660620236292,1492.347852610112,5909.303629778578
2025-06-28 05:30:00,1499.0049825834078,1502.2471571877772,1493.3056374992123,1497.6314422940668,979.6689202634211
2025-06-28 05:45:00,1507.8062276569735,1517.947279133306,1507.956170328813,1514.418385889848,7893.072985882531
2025-06-28 06:00:00,1521.0887628543044,1524.8878991581394,1514.6874783533146,1520.8329512426494,7132.403010725263
2025-06-28 06:15:00,1529.0210058983446,1534.9403120738345,1524.683929405514,1530.4928391910541,2521.4887434295783
2025-06-28 06:30:00,1542.4552442932586,1547.8106778431088,1542.1674443574545,1542.6141192958328,8788.718041570017
2025-06-28 06:45:00,1536.4416605505319,1543.945745627477,1533.2175610837407,1544.2069275231092,2799.727081507738
2025-06-28 07:00:00,1546.4394704752863,1549.308556331477,1539.5942316518979,1541.5879447336797,5990.006477274161
2025-06-28 07:15:00,1544.8354715277019,1552.4649652785336,1543.8536317467529,1543.8290076022834,6882.216771807133
2025-06-28 07:30:00,1536.0086039035662,1534.3694169698392,1528.441408414918,1529.0612784418413,1792.29006939845
2025-06-28 07:45:00,1517.5176815258487,1519.0677822229643,1513.5453744809868,1513.2347826036637,2812.9150220255897
2025-06-28 08:00:00,1500.872008660031,1503.2942074589548,1493.0875149396531,1494.7062320385276,5140.3662201906245
2025-06-28 08:15:00,1501.9091504430444,1509.8779783556404,1501.2653576114305,1502.4663838170225,9139.592463363095
2025-06-28 08:30:00,1469.6303990582405,1480.0878223261686,1470.1895183442796,1476.6439318815276,8320.239536241148
2025-06-28 08:45:00,1486.2605842356134,1488.2626285769918,1478.9348628133,1485.084044092113,1194.2659614720483
2025-06-28 09:00:00,1517.4352248079358,1518.9034518691187,1509.7171113699371,1516.5387060734752,5715.882864676656
2025-06-28 09:15:00,1532.0967824142688,1530.7308472761663,1520.3938405064002,1525.2457990048822,5166.079989982438
2025-06-28 09:30:00,1525.9265122763459,1532.067880061733,1522.3899924822656,1528.6910143589498,9997.555609707439
2025-06-28 09:45:00,1533.1352096122732,1539.285005956229,1525.1792918912545,1528.1297893439182,8294.642672462767
2025-06-28 10:00:00,1549.1893735620852,1557.1092222985706,1548.3830523344236,1547.0229807374503,6528.110380225101
2025-06-28 10:15:00,1558.8714658182491,1557.3675337670006,1547.2170866425374,1556.7819838766713,4941.1133154817
2025-06-28 10:30:00,1572.4969512529979,1574.2710781599353,1564.9588132384729,1574.3273826702762,4594.165180595841
2025-06-28 10:45:00,1591.1329827350526,1599.4457620687429,1589.0479080027876,1592.8975404419552,3911.2607895113006
2025-06-28 11:00:00,1587.89602099511,1596.1549456702385,1588.402310548292,1585.830654497013,4893.452003750428
2025-06-28 11:15:00,1607.651681313159,1611.7303089785278,1602.663220140467,1609.6462999895855,7594.228961450508
2025-06-28 11:30:00,1617.8638892117203,1617.9671015019976,1608.6565861883532,1614.482366510363,6821.876989627641
2025-06-28 11:45:00,1646.6155362252673,1647.149966958822,1637.2947186034655,1640.1520822220505,7304.987017745396
2025-06-28 12:00:00,1638.3304859196992,1644.8790766913417,1639.1709301830872,1646.2096762191281,9648.006265141086
2025-06-28 12:15:00,1643.3503560341026,1642.6403925050363,1633.8109988100264,1644.3053453441598,5737.242504611264
2025-06-28 12:30:00,1646.1133686090154,1654.8923761770136,1640.464641493698,1649.6130499517442,3366.374091479834
2025-06-28 12:45:00,1649.3222985351642,1650.1917793909884,1642.4141444177142,1646.578261478497,9004.37396260941
2025-06-28 13:00:00,1619.2000593648106,1625.1731948745753,1614.480545235492,1622.693560628101,4910.3843680175505
2025-06-28 13:15:00,1624.3581944011844,1626.809606703886,1619.1554888880062,1625.1466608279443,3222.77788511517
2025-06-28 13:30:00,1616.9162998192176,1623.966597427453,1616.301103895862,1617.4178677356433,4834.8756371910085
2025-06-28 13:45:00,1632.3144106038792,1642.205654536284,1630.7783804206067,1639.191421442979,3583.017966390691
2025-06-28 14:00:00,1631.2653779305463,1636.71689117866,1630.220874263271,1637.8332999632514,8784.125753739898
2025-06-28 14:15:00,1642.3658336437047,1653.5947375123633,1639.8526280436936,1651.0843432390334,2774.950600175395
2025-06-28 14:30:00,1645.171746359281,1650.6096074673167,1642.5082801117119,1646.1421762435639,9550.806282579733
2025-06-28 14:45:00,1649.928558916492,1661.5789230956257,1648.0788629811798,1657.9565874379302,9760.00108409459
2025-06-28 15:00:00,1628.8980666274826,1638.038102049031,1628.1380742180693,1636.2162481848632,7170.075501701145
2025-06-28 15:15:00,1625.3820355552161,1628.3446349346023,1618.6756555812078,1625.171827317684,7971.108615958267
2025-06-28 15:30:00,1629.523847697891,1635.0085171731446,1625.8571447061204,1631.098636353651,7428.886271845349
2025-06-28 15:45:00,1658.665054664484,1661.6209520444093,1653.6639694258204,1651.554162713558,2334.3416267683015
2025-06-28 16:00:00,1660.9171218096405,1664.278791141559,1655.740098389516,1662.4622154100728,1733.63738511158
2025-06-28 16:15:00,1697.3761858331975,1697.154586202299,1687.336226679621,1689.914503700474,6917.272229828543
2025-06-28 16:30:00,1694.9979096151546,1702.0747096340563,1692.3557349813323,1699.8490115159295,6855.755749457005
2025-06-28 16:45:00,1704.361535591825,1711.5563470856976,1701.2274073988292,1705.735281964631,5106.421669694618
2025-06-28 17:00:00,1735.7651044740567,1733.8443952570854,1725.4743602566475,1726.8589528414848,8160.682632777412
2025-06-28 17:15:00,1763.9433788766016,1766.6438385870179,1755.876378828392,1766.202334641391,9827.700696363863
2025-06-28 17:30:00,1759.1415187539098,1766.576780953724,1756.1596169874415,1758.9227360033883,6378.424061097006
2025-06-28 17:45:00,1767.088237332034,1768.6176000330506,1761.3667734904025,1764.3667661097518,2826.663877512442
2025-06-28 18:00:00,1771.8870724415142,1776.2011595207246,1763.0068672884383,1769.6678476469265,7317.982501326659
2025-06-28 18:15:00,1758.64129738646,1766.854511207798,1755.5604464207756,1763.8742001574137,7769.481336045836
2025-06-28 18:30:00,1772.2578818757543,1775.4563715777344,1762.2244639848375,1765.5335925340967,5296.460759884442
2025-06-28 18:45:00,1749.595231591558,1755.1119796185405,1746.041099150555,1752.270621524066,442.1245899579018
2025-06-28 19:00:00,1772.0167847538423,1770.7463982123688,1765.2561436357032,1765.4631901489072,8369.147031802615
2025-06-28 19:15:00,1757.5899561945575,1760.5695229107923,1747.7156920720258,1759.2333986852352,2153.0739003399563
2025-06-28 19:30:00,1747.0297892993408,1753.2862183833174,1748.3043126719488,1753.349542797368,7607.856455905158
2025-06-28 19:45:00,1741.2410183255447,1752.5551936891154,1740.2610803448297,1745.3529694299555,4230.583019751623
2025-06-28 20:00:00,1790.754268623159,1789.7174865028928,1785.5190056380309,1789.5020723466823,6089.795385983812
2025-06-28 20:15:00,1802.4940332332742,1801.9251442197735,1795.0539338660772,1794.481142879311,5893.1496425432515
2025-06-28 20:30:00,1800.9186477224023,1804.0861446998304,1792.6628993260422,1796.3273547947242,3876.9611129510954
2025-06-28 20:45:00,1791.4654201366811,1798.323755745787,1792.71167786985,1795.7297902068601,9522.034993316023
2025-06-28 21:00:00,1775.0436350283137,1778.1961818317582,1764.2340827422972,1776.5371402133705,7389.790669590834
2025-06-28 21:15:00,1753.03421275262,1754.1262701216076,1746.4560290408358,1746.186208969263,9065.114579384282
2025-06-28 21:30:00,1761.8336242465648,1763.7196263905576,1756.3419835348336,1764.268414647632,4327.610856493293
2025-06-28 21:45:00,1766.8004082194025,1771.2928462883858,1759.8202201901315,1768.6508377157822,2232.09546966695
2025-06-28 22:00:00,1740.0151059874295,1743.0364878876733,1737.0047834632485,1739.3594348654867,2414.969215892596
2025-06-28 22:15:00,1714.7270931320138,1718.3815405668488,1707.5102277266296,1717.7799847405306,3001.0154198581877
2025-06-28 22:30:00,1711.9041640637356,1715.4583813142563,1702.7672905161173,1707.3916615598105,9014.468365154818
2025-06-28 22:45:00,1688.7408929547512,1697.0914341644084,1685.2777349534686,1688.1731577963321,7479.293084865074
2025-06-28 23:00:00,1691.0049330058887,1694.2645068181837,1683.5607872212217,1689.857696967487,523.096954082605
2025-06-28 23:15:00,1688.993589852428,1700.5065169063273,1687.4750177111407,1692.1294975053859,8914.486289577175
2025-06-28 23:30:00,1700.4311721573906,1701.9137087339443,1694.1635342961915,1698.0638098415516,6033.503079174195
2025-06-28 23:45:00,1712.4270174810651,1716.1926994057053,1710.2397760066901,1708.7803840422864,9986.012001001494
2025-06-29 00:00:00,1727.548662794945,1731.3254042984045,1719.6842317981557,1723.8183431626353,468.0623164645555
2025-06-29 00:15:00,1706.594652092927,1714.5206328051408,1704.201003296122,1703.709352606556,624.0712759190689
2025-06-29 00:30:00,1707.4792997756058,1709.5357160576038,1699.3976830795461,1703.3791884557622,7989.297588965497
2025-06-29 00:45:00,1717.8154624101385,1724.0292432286778,1711.1718544066132,1712.5171762440964,2730.432848511666
2025-06-29 01:00:00,1702.9587153655784,1710.3506221118414,1695.8844482564787,1701.7293098243292,2025.5782097944793
2025-06-29 01:15:00,1691.8620222039249,1693.0891565629786,1682.9239067576393,1691.2995879385453,2973.571804208648
2025-06-29 01:30:00,1698.7955843654809,1701.6967885686,1689.7526494249457,1692.7884613580954,6521.18852141933
2025-06-29 01:45:00,1708.212693599285,1709.4116903177487,1705.0864746993063,1707.9239317466886,6604.71040306674
2025-06-29 02:00:00,1709.2872199765898,1718.2893477511668,1710.8472978347431,1717.611913614099,9088.111942894579
2025-06-29 02:15:00,1711.3935611762033,1720.7711131217882,1709.0177802251653,1710.824913774172,8022.664137024323
2025-06-29 02:30:00,1732.3864261630565,1740.126842513194,1727.3614688683767,1730.6246262612603,3519.4137495462332
2025-06-29 02:45:00,1734.191630056831,1736.7981554870876,1729.1568221331872,1733.685532707623,3430.2287191668047
2025-06-29 03:00:00,1748.7251768052909,1758.5767617521342,1743.1306793922904,1755.4011321047208,9099.934939885063
2025-06-29 03:15:00,1759.962306347787,1759.9580707759415,1753.554918929798,1762.6203746601836,1522.1635669586599
2025-06-29 03:30:00,1781.205559459753,1790.8600991653043,1776.9915745460476,1778.7133355959115,6018.662932793668
2025-06-29 03:45:00,1789.368471991768,1794.2798812828319,1780.9269208213911,1783.4914503620482,5330.667989011372
2025-06-29 04:00:00,1775.8941806911664,1778.607990045044,1769.0702773465312,1778.6743247466882,6298.4006463291025
2025-06-29 04:15:00,1786.0202970442879,1791.646064730276,1780.8099450033549,1787.1590540751017,3897.7835711354123
2025-06-29 04:30:00,1767.553377130917,1774.6416596113838,1765.3025963754503,1771.2715928027383,9141.424504266413
2025-06-29 04:45:00,1752.9545764822437,1757.4599039035616,1744.8891598057999,1750.4551496199576,5977.728120546922
2025-06-29 05:00:00,1759.1961904261318,1761.1046036648218,1748.7612297927894,1757.5325863237674,4911.126917223974
2025-06-29 05:15:00,1753.4048984021213,1755.151263791117,1745.4997002591945,1746.1115366992444,5276.3505556153095
2025-06-29 05:30:00,1770.4233037147396,1776.3801796828884,1766.3816693914068,1769.0785144591093,7267.435024677634
2025-06-29 05:45:00,1790.5323855490044,1802.4515455168878,1789.9199377798273,1797.9161762606584,3593.727074747881
2025-06-29 06:00:00,1771.4619347579278,1777.7594184528214,1767.8659518304,1775.1233826358737,4765.669196493855
2025-06-29 06:15:00,1783.974654389179,1789.1209205258901,1779.2832294455595,1791.5354801398253,658.3344461900683
2025-06-29 06:30:00,1772.9852988085777,1781.4365144424714,1773.6480156492569,1774.5576713078942,9944.861505077408
2025-06-29 06:45:00,1780.634904101549,1783.9326253647598,1771.3713365694573,1779.6750402960317,6777.105845182745
2025-06-29 07:00:00,1783.4684925002066,1789.129011444599,1775.291000430867,1778.803942208723,1347.6385194326044
2025-06-29 07:15:00,1779.7282063256475,1790.1333107150424,1778.9118675009336,1778.662726904802,4857.745072417864
2025-06-29 07:30:00,1765.1239912639583,1776.2172365253082,1764.890925251065,1771.9166433990947,9884.014208206849
2025-06-29 07:45:00,1760.3835019281616,1770.408695940549,1757.2818340343626,1766.6867116467868,239.52429374191138
2025-06-29 08:00:00,1750.9529897667105,1759.7357891547017,1749.9821494255725,1753.578997170363,5784.143635456191
2025-06-29 08:15:00,1757.9306360576236,1757.0860774506646,1746.6467813225684,1754.772562674102,7468.810787672326
2025-06-29 08:30:00,1767.693188035838,1779.759062286628,1767.170883262,1773.2967358904016,7564.530747433571
2025-06-29 08:45:00,1788.5307803851276,1793.9298723777747,1782.9271839410746,1783.7523896738244,9345.365603241902
2025-06-29 09:00:00,1782.6768308041644,1789.0362159273425,1783.487579454518,1786.7539102790195,7074.699034537372
2025-06-29 09:15:00,1796.683961630412,1799.9851197479406,1789.997724455921,1793.1010414057598,7518.2668850979435
2025-06-29 09:30:00,1791.8447402292816,1800.6100813778294,1790.3227272503616,1799.9517553133694,1634.7456907504484
2025-06-29 09:45:00,1837.7269860577335,1840.3527176137845,1829.5068818489192,1828.956446430469,3997.791101538679
2025-06-29 10:00:00,1858.9305672595108,1862.9669655242824,1849.9507778644588,1856.4638325386031,9159.08948342808
2025-06-29 10:15:00,1871.125752680682,1872.2263263543662,1864.4838300908318,1868.788739786293,4730.712638385082
2025-06-29 10:30:00,1877.5460663344322,1881.8807122386336,1871.8078558981601,1879.4763165427323,8523.023142762864
2025-06-29 10:45:00,1863.9302927252852,1870.7218832520196,1862.5035476619034,1869.3470927220085,1722.1115941044047
2025-06-29 11:00:00,1876.3831216742874,1879.9954190342007,1872.5475984696102,1880.7760912964523,565.2889820704111
2025-06-29 11:15:00,1904.4414156052599,1907.3606808111392,1900.1659112170908,1907.0278909138947,3307.429405898211
2025-06-29 11:30:00,1914.0514068774614,1917.8930943360115,1908.3263988394067,1908.520747556625,381.01845966622386
2025-06-29 11:45:00,1919.0780971865524,1927.319589472741,1918.5802672629356,1917.300887607063,4923.768971316395
2025-06-29 12:00:00,1911.6089695211979,1920.514834726834,1907.236319581229,1917.8526229947972,2292.166531712187
2025-06-29 12:15:00,1897.8925373991551,1898.2558786333855,1891.132545456309,1890.5212527151132,9537.7321487141
2025-06-29 12:30:00,1902.127673990539,1904.2863153054184,1894.975291467161,1899.9709008070947,5375.21406107712
2025-06-29 12:45:00,1891.0509050966614,1892.8000058250684,1886.035344522997,1889.7140263072602,5619.543944301257
2025-06-29 13:00:00,1879.8963275089743,1882.883933820603,1875.9308484433873,1881.1033669974531,9501.01125679013
2025-06-29 13:15:00,1882.2118497433396,1885.684221154571,1875.9822282187956,1876.7192969942278,6922.417406957517
2025-06-29 13:30:00,1877.6869081994812,1889.7165740263092,1876.033335811737,1878.7840737997922,2888.612452040929
2025-06-29 13:45:00,1896.8414283648365,1896.7195837276201,1885.864772225915,1893.449111104827,722.6298324096947
2025-06-29 14:00:00,1882.2115029717709,1885.0053254946176,1876.667765887844,1884.6196865425884,8167.592802535385
2025-06-29 14:15:00,1895.4977369781043,1898.9721849916466,1888.2646457527235,1898.867806195115,2336.6455228748096
2025-06-29 14:30:00,1890.8739741830873,1892.4000563040017,1882.8983268968625,1891.1929747194529,6242.647831471723
2025-06-29 14:45:00,1902.136056827832,1906.8782975924883,1897.1325694501793,1902.7770364401815,2507.5679084753424
2025-06-29 15:00:00,1888.8657712000625,1900.7349033367286,1887.2874002211865,1896.8956241403646,4429.827198602391
2025-06-29 15:15:00,1909.5944169932725,1911.5118887662709,1901.3299720778841,1902.9521760939122,999.1902227391583
2025-06-29 15:30:00,1902.6810520529293,1911.9571612378704,1902.9077696765587,1903.6899430612682,9735.040192076787
2025-06-29 15:45:00,1903.0566573911485,1909.7606460030952,1903.4709705626676,1907.2543206092453,2409.1100298200645
2025-06-29 16:00:00,1884.4129119176127,1892.2149353381571,1886.725039293526,1890.298833246673,9009.438240296948
2025-06-29 16:15:00,1888.045589923032,1889.3768424381485,1878.331779202834,1884.8438344464316,5274.256992684082
2025-06-29 16:30:00,1865.795587955609,1871.7305402096338,1862.3003798052957,1862.343826825796,6370.955051529575
2025-06-29 16:45:00,1858.645460447179,1865.3593789954214,1859.7874297531446,1864.1112172440648,3103.925034057558
2025-06-29 17:00:00,1872.5909128275787,1882.211476090591,1869.2218095930177,1872.066479921457,5610.071190517224
2025-06-29 17:15:00,1884.2803435094706,1886.67317716318,1875.085576083251,1884.2072352336124,9010.085489156128
2025-06-29 17:30:00,1875.8753388895047,1878.8485732645581,1866.5051663030945,1868.960756275077,2018.0437520681642
2025-06-29 17:45:00,1857.021071862814,1860.60661908354,1852.869490379931,1856.7095379702891,8767.626708396181
2025-06-29 18:00:00,1830.7410671935058,1829.9289627675398,1824.0656415101903,1826.5960747188421,335.3293314497439
2025-06-29 18:15:00,1860.8200083429617,1860.136935496414,1852.1150285127446,1854.2119779025143,324.8219282600328
2025-06-29 18:30:00,1855.2095962070466,1856.615711940745,1842.64554900544,1846.4109354997709,709.2139792710826
2025-06-29 18:45:00,1847.801058332514,1851.2475363546819,1840.8243028583424,1843.1721186860855,3338.8939163323616
2025-06-29 19:00:00,1832.2349018808143,1841.095578652145,1830.7761075339574,1835.198187569033,5319.798201271161
2025-06-29 19:15:00,1828.8205296430176,1832.0826735099415,1820.2540167690247,1826.2740872021027,2876.504122161444
2025-06-29 19:30:00,1836.1595987114902,1845.7478864061504,1834.9092740957392,1840.4018182941343,9086.054920121147
2025-06-29 19:45:00,1863.8445475699425,1865.2294882461622,1857.3130784384844,1857.087607601837,8410.267297036353
2025-06-29 20:00:00,1861.7102546005997,1866.6322333513556,1858.2273341808166,1866.0172966305518,324.3850918991137
2025-06-29 20:15:00,1868.6201863731371,1873.9883991730621,1863.8989697662082,1873.1953914116214,1364.7434227110407
2025-06-29 20:30:00,1881.166905564976,1884.660779492615,1876.278610126005,1876.1789957665299,8560.441660188171
2025-06-29 20:45:00,1862.5750378844643,1868.4182633753192,1858.3520760338945,1865.4311477276874,6274.125217949529
2025-06-29 21:00:00,1862.937862347775,1870.4791068582929,1859.5250895165775,1863.6009850410999,738.1056800041038
2025-06-29 21:15:00,1872.0446752474247,1879.424982987403,1865.5198210619617,1873.4177947049016,4404.25465810171
2025-06-29 21:30:00,1872.5989000627683,1878.3535545026307,1871.9774538390132,1877.862253681705,3605.583662716807
2025-06-29 21:45:00,1868.162085682436,1878.5237298673774,1868.7294316587938,1869.3432210105557,1269.768031290849
2025-06-29 22:00:00,1876.375454196561,1876.8986643104065,1865.5209208950507,1871.0222120784476,3949.2211008329746
2025-06-29 22:15:00,1874.044882863511,1878.3034262609083,1871.9871983915732,1880.1154418956585,3919.125020549819
2025-06-29 22:30:00,1856.0234867847657,1858.4992717007722,1847.6831625848974,1853.4895005820397,3417.317250423197
2025-06-29 22:45:00,1867.4790048546122,1872.502602407024,1858.836588103501,1862.766625206267,7310.937291370611
2025-06-29 23:00:00,1837.9181256020627,1842.9514376797827,1835.0434068252443,1833.827309175892,9422.738059435193
2025-06-29 23:15:00,1816.8064269082581,1824.5676896422567,1817.0964215133986,1824.0142865698147,4437.252071041441
2025-06-29 23:30:00,1819.4926900726473,1829.568995494348,1817.838942507783,1826.1613746720525,1085.6827066882224
2025-06-29 23:45:00,1853.642122440193,1856.1384572099516,1844.9673423359345,1850.5782642602485,6299.808756790953
2025-06-30 00:00:00,1855.2196794310553,1856.1617449371224,1849.382146474329,1851.7031096510343,9908.419287784172
2025-06-30 00:15:00,1849.6545016890122,1853.422192682817,1841.8246126909191,1849.642633053685,6758.429616195302
2025-06-30 00:30:00,1814.6336532070761,1821.4098434880466,1815.3713253772505,1820.7970798944336,5699.159119390663
2025-06-30 00:45:00,1825.6287003926202,1836.0206196495672,1825.3849339933256,1832.892865053989,7572.54239069612
2025-06-30 01:00:00,1805.5863478613517,1812.0488040551147,1801.090604456183,1805.5823240348518,1373.3332511732353
2025-06-30 01:15:00,1812.3252833460524,1815.0550553982805,1803.7531999411676,1813.2903558702267,2627.996923630378
2025-06-30 01:30:00,1818.5001907128803,1819.4076372172728,1810.3160670298835,1819.6532507738505,8311.080867273316
2025-06-30 01:45:00,1829.4212050649842,1827.6924336793486,1822.1059915345631,1827.0720777536599,797.7390469853046
2025-06-30 02:00:00,1838.9950682438962,1851.0266412803285,1841.5284554288294,1842.082069093061,1992.4844371507327
2025-06-30 02:15:00,1828.9160757838465,1836.1160744230547,1825.6692916429358,1835.2485994656863,5701.215488012633
2025-06-30 02:30:00,1806.5319519966108,1811.3314573705256,1803.2305013898224,1807.600769953352,844.5833260271583
2025-06-30 02:45:00,1806.430898524207,1808.1923620302646,1795.215885124797,1800.1900856998536,2364.7929906649256
2025-06-30 03:00:00,1813.325434216033,1817.6578832981838,1806.5925904135784,1817.1538255605587,4985.649939215865
2025-06-30 03:15:00,1812.9382968647442,1818.2196243216977,1811.105172877709,1810.2228029927114,7492.423099320765
2025-06-30 03:30:00,1810.0075839903848,1810.2772598440392,1799.4740452310837,1806.6773181877597,2587.1908607891764
2025-06-30 03:45:00,1840.9001754575265,1843.0748303369824,1830.9722901333214,1838.3887112775249,3042.424178746716
2025-06-30 04:00:00,1822.8894135896242,1822.7440151168973,1812.3415979648473,1818.8440506095026,1621.3351830027018
2025-06-30 04:15:00,1815.34411407654,1819.2046225780134,1806.671911233972,1810.4348166363113,4706.868459098372
2025-06-30 04:30:00,1811.2017505882982,1814.4543655801347,1806.5648943012948,1813.1380759714452,4754.449110538486
2025-06-30 04:45:00,1812.7868809137588,1819.4093559489465,1810.6544957438334,1809.4843090039265,3911.086253732439
2025-06-30 05:00:00,1798.3776698024974,1807.8760891187867,1799.413219640513,1802.9548410300124,837.5214472524979
2025-06-30 05:15:00,1791.9432437614134,1801.3875093666618,1791.9737796106556,1797.8511300477044,2633.3846952407634
2025-06-30 05:30:00,1785.8251428937808,1796.6354120526216,1784.4633218396573,1788.9627121094302,2187.119324406299
2025-06-30 05:45:00,1783.1949583160558,1790.1425217853691,1782.0497737421815,1789.2912268549896,933.8682640521928
2025-06-30 06:00:00,1780.5570306173106,1788.421325702308,1776.5027611852436,1779.387787365227,8858.5650193694
2025-06-30 06:15:00,1772.3185380444156,1776.204662189713,1769.4187703961052,1771.828104083031,6504.929112087153
2025-06-30 06:30:00,1774.808864591418,1779.2519706432688,1768.2562043086814,1767.2550094162448,6961.369837105559
2025-06-30 06:45:00,1766.519663669794,1773.2335235666976,1762.3676422882368,1773.6969980463762,3636.427788914348
2025-06-30 07:00:00,1770.903808799995,1777.6315329543102,1769.1148392572748,1771.6241639278096,1649.85099678507
2025-06-30 07:15:00,1776.5500142871974,1781.5909635947114,1771.3344307433808,1773.0316849901553,3285.6868387565237
2025-06-30 07:30:00,1778.8493811636183,1786.5203846172212,1776.2791745300651,1778.9136392314185,5606.093493037645
2025-06-30 07:45:00,1797.3223775398426,1803.7281510519656,1793.8499117882595,1799.5238320815579,7152.533610278141
2025-06-30 08:00:00,1785.5293310132834,1793.9931732918371,1783.7543928741618,1785.735142512173,7823.615119752497
2025-06-30 08:15:00,1785.240346158462,1789.6021197842854,1780.5669111833856,1783.9551146603692,2639.4855936624417
2025-06-30 08:30:00,1779.50084327292,1781.8557106213211,1773.3650929424218,1781.2644167127307,8795.639466090754
2025-06-30 08:45:00,1775.3847237358582,1775.5204352564515,1767.120211967064,1771.2518041802373,4717.82857718245
2025-06-30 09:00:00,1775.2742257583566,1778.6424177075176,1768.6027210483412,1768.8575543430097,4406.324588262378
2025-06-30 09:15:00,1773.3991573276137,1775.8183109927604,1768.3718022115252,1770.4049293799258,1773.0122319837783
2025-06-30 09:30:00,1763.6165593555309,1765.282384420636,1756.9825496189044,1757.1435260960016,3460.0464461204906
2025-06-30 09:45:00,1787.3960658019366,1786.7429764214933,1778.5125346834375,1782.0730709510785,2337.756746940782
2025-06-30 10:00:00,1773.1050717932528,1779.989914257441,1771.8774766432334,1769.6790135867445,9312.039178805835
2025-06-30 10:15:00,1811.0069101509139,1818.9833182990903,1804.5654124377934,1808.6519035487584,6836.714087154646
2025-06-30 10:30:00,1832.2446240952797,1829.9822615524474,1824.282314240241,1828.3217202294531,4052.336892023355
2025-06-30 10:45:00,1815.4469295793617,1815.7910286283325,1803.3040901369293,1810.6194279497015,3072.4111464055272
2025-06-30 11:00:00,1793.6010807227408,1802.172088248929,1789.332002651591,1795.9227305989223,1597.4214829277655
2025-06-30 11:15:00,1768.4634247607353,1778.8346749169036,1765.6671074289459,1774.5108770174445,7270.105454777694
2025-06-30 11:30:00,1767.2598932799383,1777.9967835754828,1765.7539063351799,1774.9249595786032,1331.7513789934417
2025-06-30 11:45:00,1772.4703515589938,1776.3281776029264,1761.111012218356,1772.0744854518496,5230.007918298569
2025-06-30 12:00:00,1781.7174423009226,1783.3580539985167,1771.8842841505286,1774.5145044705919,7969.974346000475
2025-06-30 12:15:00,1800.2608713946902,1801.8271056767385,1790.263813183429,1795.608742937092,1821.4822539115532
2025-06-30 12:30:00,1812.0324580984902,1813.028441723895,1800.6068314196955,1812.422088842214,3640.694143234866
2025-06-30 12:45:00,1801.994606945207,1805.050719546051,1791.3841738698038,1794.3137695752753,3384.984374238044
2025-06-30 13:00:00,1772.6038126210426,1781.6777708237453,1768.6237071927737,1777.3019209219212,3120.610483907583
2025-06-30 13:15:00,1776.895010847649,1786.656587630681,1773.0696705461833,1784.2880394670942,2632.447762747725
2025-06-30 13:30:00,1787.1127157174826,1785.5540824569493,1779.124499479775,1779.7939405114262,8687.016593367563
2025-06-30 13:45:00,1779.5774424648082,1786.7146691038647,1773.7953153226292,1782.0999876679418,2672.3614343293143
2025-06-30 14:00:00,1778.5818791611205,1781.3546608026631,1771.2319810137758,1777.5862063915038,8041.0200853943215
2025-06-30 14:15:00,1763.695410851494,1770.7271444588487,1761.8884887190868,1764.4658907175606,1228.2973725115064
2025-06-30 14:30:00,1750.4659612343273,1758.1222857189616,1750.2546065887013,1758.2870018638214,3174.3139100965186
2025-06-30 14:45:00,1760.6177212864852,1764.6797948306764,1756.541105985731,1758.0004345028242,203.82277487079622
2025-06-30 15:00:00,1774.559156067107,1781.6366653089397,1773.8783680223935,1777.5860215918244,4308.7390982720735
2025-06-30 15:15:00,1777.7733557061454,1775.0245288026763,1770.564115999525,1775.4060519513423,1389.1972487581475
2025-06-30 15:30:00,1781.0250014074309,1784.4382654585672,1774.3028002315016,1773.865160159786,9784.22440477648
2025-06-30 15:45:00,1763.6713233957112,1774.4455687557386,1762.143986966585,1768.2510773545068,4457.538647079658
2025-06-30 16:00:00,1726.6836144977008,1729.3547368373227,1717.4798500490813,1726.2118805062485,4695.22309386602
2025-06-30 16:15:00,1728.9006587663534,1732.131711968536,1723.1999687745254,1725.041602425237,9628.314363393692
2025-06-30 16:30:00,1721.0503903249444,1726.915002994166,1716.6844297786934,1723.7240066261575,9198.293161713851
2025-06-30 16:45:00,1711.2901521724382,1710.1470850350572,1701.9575610852157,1704.7766029826441,8265.32564013492
2025-06-30 17:00:00,1706.7317100666064,1718.6734430861516,1705.4139653824984,1709.1655979498457,6899.17507999586
2025-06-30 17:15:00,1735.358690791563,1740.021166239775,1730.7380540023823,1735.3366381726307,3709.8433686804574
2025-06-30 17:30:00,1707.9354071921446,1719.845950399428,1706.4516302248478,1711.8267412303187,5539.962044994884
2025-06-30 17:45:00,1747.685965754161,1745.9423358793774,1738.6241235742343,1743.6230445023168,1791.302879546164
2025-06-30 18:00:00,1736.790876155073,1746.714257486195,1736.0457357479213,1744.7211758492983,8501.349339447419
2025-06-30 18:15:00,1736.9995798165926,1738.8417958832993,1731.1065996883003,1734.566554467196,6037.7938510748445
2025-06-30 18:30:00,1737.4015391511678,1742.9619984702022,1729.8867853258744,1740.4682160475288,1275.1170266413342
2025-06-30 18:45:00,1751.0598875392852,1754.6523772939804,1744.269879835128,1748.4830514032335,2687.3605024206927
2025-06-30 19:00:00,1733.6185374081588,1740.7356491343426,1732.893983176314,1737.0611229145784,3948.1697932403204
2025-06-30 19:15:00,1736.4857556483257,1739.3956425055403,1727.7784642851989,1737.4432952545353,2009.53288641509
2025-06-30 19:30:00,1765.2433795584755,1769.4902623693993,1758.643469108514,1764.611851022875,8850.09683176674
2025-06-30 19:45:00,1780.8525099923245,1785.1032679195168,1773.3462163147367,1776.0529163614722,2211.97989872273
2025-06-30 20:00:00,1779.0141740682845,1782.2495749647028,1771.2820728767967,1774.7794705199747,601.038512625377
2025-06-30 20:15:00,1793.0872654843602,1799.6965505152932,1789.6663740872605,1794.761645113712,5651.697325496745
2025-06-30 20:30:00,1780.4155706925094,1787.4000635868313,1780.4275948049717,1783.0499420238182,8247.660413855348
2025-06-30 20:45:00,1809.5774226697552,1817.5402521276435,1805.1699797593526,1814.0629695744426,7142.330791967055
2025-06-30 21:00:00,1817.091334993527,1823.8533536996888,1814.3993356978515,1816.771812534352,9695.199208384829
2025-06-30 21:15:00,1814.36399320693,1815.9854971659158,1805.4323772285547,1810.3515701436138,309.8094782445174
2025-06-30 21:30:00,1802.5912858575684,1808.6313186818984,1799.094297045755,1804.137037288059,9227.3107981792
2025-06-30 21:45:00,1788.618585884949,1796.7661183690525,1788.2527428514684,1792.6742830965297,6464.024807796874
2025-06-30 22:00:00,1785.8763250503787,1791.9447562305857,1779.909936358973,1784.7202695183846,3751.234527718033
2025-06-30 22:15:00,1810.6781154281648,1809.1068960664577,1802.240276620587,1803.4945172679536,7943.831191721436
2025-06-30 22:30:00,1827.7459357505913,1833.1585753223299,1826.5879962377903,1830.6045122813416,3430.107829617488
2025-06-30 22:45:00,1875.9820988536926,1876.8996264577306,1864.4916796057807,1867.459262232158,4613.726023672676
2025-06-30 23:00:00,1866.766803323659,1869.2123498119959,1859.9319101555718,1863.4143368669456,6687.669419407157
2025-06-30 23:15:00,1892.6123715816361,1897.8638082911182,1885.0144210689289,1889.0808143371348,8326.696896610145
2025-06-30 23:30:00,1884.591631143081,1895.5760800650091,1883.0556830204796,1883.1984803179053,298.9034846527112
2025-06-30 23:45:00,1899.3181550888119,1900.9558164131374,1890.2994593555475,1900.5964449286196,9470.579115592378
2025-07-01 00:00:00,1921.776784115393,1925.3032026471571,1915.0048357657888,1915.6292081278996,6438.885774397189
2025-07-01 00:15:00,1897.8135691657699,1903.8176705239084,1895.146679796861,1902.416002640718,9704.695627512012
2025-07-01 00:30:00,1875.794189795723,1882.6860147756515,1874.21615286213,1875.7002499687296,6965.638132804233
2025-07-01 00:45:00,1864.8069181666938,1868.48825721595,1860.2479092819156,1864.8260397097686,1898.129592841134
2025-07-01 01:00:00,1833.689896748479,1832.9250204604957,1823.9420004975009,1829.3738703900617,7195.990290066743
2025-07-01 01:15:00,1825.141626144475,1829.6048761495404,1820.9403437094443,1826.3446542708657,5484.049903285066
2025-07-01 01:30:00,1831.5240241853762,1839.7409999365734,1826.2958740580546,1836.6953705522412,2078.435405845097
2025-07-01 01:45:00,1833.092349197688,1835.5885550257192,1821.665665420998,1826.7095296720117,1300.493196436449
2025-07-01 02:00:00,1798.3338046920383,1808.9361730072274,1795.9898683038884,1800.397164803011,2353.407905184717
2025-07-01 02:15:00,1806.6306193792254,1810.1110482456975,1799.9541147004797,1809.551047627427,6630.366769936883
2025-07-01 02:30:00,1812.892665443504,1817.435045728573,1810.5162577274866,1811.248328401578,4951.674743930874
2025-07-01 02:45:00,1796.4372010593243,1798.052918472635,1790.3394710950697,1799.3100495692615,139.29954652382474
2025-07-01 03:00:00,1790.7651910322147,1797.3903630499408,1787.9819130380656,1786.0991280454225,839.9438076278509
2025-07-01 03:15:00,1811.5128378351365,1814.3023590916637,1805.420889247661,1808.5842038420283,6083.051928078913
2025-07-01 03:30:00,1796.6793625068074,1808.7068192122656,1796.867187713383,1796.7956392908172,7098.114111075925
2025-07-01 03:45:00,1798.1645102496984,1806.1038095520114,1795.1114469349218,1806.1791705817836,3560.346961630834
2025-07-01 04:00:00,1791.140975147023,1797.0564181140405,1788.0254608177067,1794.294148597227,1025.9505157931417
2025-07-01 04:15:00,1778.409241530066,1783.039337499685,1774.0104297558667,1779.2344119470354,5072.027204451851
2025-07-01 04:30:00,1806.9647655065776,1808.8727668584083,1797.6968838689968,1808.026718755555,5335.033914607279
2025-07-01 04:45:00,1787.3354935283655,1794.3443448433914,1784.155265896336,1789.98031774897,9736.37730619382
2025-07-01 05:00:00,1821.170947545101,1822.416670331588,1816.5625458265101,1817.4519942701208,495.881704294344
2025-07-01 05:15:00,1815.8512024527945,1826.864204903489,1816.8611313898166,1819.3903309096588,5211.761077769869
2025-07-01 05:30:00,1821.343112305893,1825.152977036623,1811.6329202060451,1816.528692262173,7149.757440086902
2025-07-01 05:45:00,1820.3831366677982,1828.085035333286,1817.9640476296242,1823.9360904736222,3018.783687199934
2025-07-01 06:00:00,1841.493993805068,1842.263186936753,1830.8848947378042,1842.7606747149814,4107.0358783714655
2025-07-01 06:15:00,1855.4756703659152,1857.835022592834,1852.3786902358006,1855.5822954635091,437.6601233485436
2025-07-01 06:30:00,1884.7586950530476,1887.2273930074875,1876.5585875414636,1879.1462125001951,2131.8570147487626
2025-07-01 06:45:00,1869.1708837619296,1875.5966715460274,1865.526381174478,1874.3872607320407,5796.902418458747
2025-07-01 07:00:00,1878.256051950295,1883.753944168217,1876.8938604101113,1882.2842953799259,5249.322269832246
2025-07-01 07:15:00,1884.068939890836,1891.3957970000356,1881.6962156454683,1885.4687965928476,6715.58838427232
2025-07-01 07:30:00,1894.6198171267024,1896.1954136099387,1886.7505288679445,1889.6479536610304,2234.7156561784277
2025-07-01 07:45:00,1888.9194864521169,1893.786156049626,1883.7403396386735,1888.5890674787713,1327.1256725135813
2025-07-01 08:00:00,1873.706689659266,1879.0684406191886,1865.5420783313548,1869.607308262025,3691.3209155104146
2025-07-01 08:15:00,1841.3686234178963,1841.0232777693946,1834.1272579796664,1832.808977466963,5333.222220295359
2025-07-01 08:30:00,1809.0030025196522,1814.2587930604027,1801.982850378205,1810.2475828366996,6496.150218775855
2025-07-01 08:45:00,1800.1121779162565,1804.380437821069,1793.6164406412931,1797.4991510197747,5513.410715725989
2025-07-01 09:00:00,1794.4048820112073,1793.0869537770002,1787.577604584713,1792.9007720930194,2387.114066141032
2025-07-01 09:15:00,1764.6201069906222,1770.191097476429,1761.4883190613061,1764.585491447407,4195.327603092301
2025-07-01 09:30:00,1741.5758069631734,1744.8500587047954,1735.68231855479,1743.498589014254,2806.7140572398266
2025-07-01 09:45:00,1721.5669125820148,1727.5883965617802,1717.7570045315576,1723.7595047940824,5307.057659797693
2025-07-01 10:00:00,1736.7308329606292,1738.3386196008778,1727.0300292082893,1728.6228428383354,2949.913103306928
2025-07-01 10:15:00,1721.3937493635049,1725.4236820383119,1711.9500311689094,1721.6645123657615,5622.694209805735
2025-07-01 10:30:00,1698.6931649541425,1703.4303163338277,1692.3171523591002,1698.88664526071,6088.687074171272
2025-07-01 10:45:00,1716.4973337063507,1725.3656396173997,1712.7301952665657,1715.5622918876002,4942.167754021309
2025-07-01 11:00:00,1735.8914449705505,1748.1739662680557,1737.3963567488352,1737.2833967457086,2998.857996213482
2025-07-01 11:15:00,1759.9034953637492,1762.5273597803111,1755.3607749276528,1755.4067335093932,9759.372432056796
2025-07-01 11:30:00,1738.786086464835,1746.4962397132808,1738.3991040451897,1745.6250984385142,333.0074380269465
2025-07-01 11:45:00,1726.833608432858,1733.1275017929609,1726.0260769571007,1730.8540174380562,5187.964549027148
2025-07-01 12:00:00,1724.534291809167,1723.9528413897997,1712.729543377017,1715.2821058453742,7510.548478428659
2025-07-01 12:15:00,1730.020661386524,1729.5381762587087,1723.612495510398,1722.9660934840822,9443.935246712845
2025-07-01 12:30:00,1724.0957288667882,1730.6847360415654,1721.029797396374,1731.8590870304429,3306.5759216596985
2025-07-01 12:45:00,1729.7337948004226,1739.3587725753491,1728.279726644244,1733.8811088234124,344.14500717424414
2025-07-01 13:00:00,1744.8714453103537,1746.5726269713725,1741.5154495034558,1743.7499613996247,6460.937715974362
2025-07-01 13:15:00,1741.4764899773536,1742.0486517988902,1731.21485232995,1741.637602067262,3726.149231543355
2025-07-01 13:30:00,1712.087393447371,1711.9641861210932,1704.1935882976672,1704.9347794534817,283.4357721759128
2025-07-01 13:45:00,1691.5942070584613,1698.6889599831643,1687.9911876806025,1692.9993278875643,4296.413006552946
2025-07-01 14:00:00,1724.9055527163443,1732.4665492209695,1723.311619428934,1734.279482106452,3143.440954991703
2025-07-01 14:15:00,1733.0411216657922,1736.800049975516,1724.8203441921146,1731.5161807661611,1202.5975588223753
2025-07-01 14:30:00,1758.7656107925027,1766.1605247864582,1756.8804980392686,1766.0112443936805,2910.2693360290164
2025-07-01 14:45:00,1773.307601465684,1782.2645264073933,1773.5494005818812,1778.7927683973464,5543.833407318109
2025-07-01 15:00:00,1770.5484051712249,1773.1634226646686,1765.147856860615,1771.3761219074108,984.3885003359172
2025-07-01 15:15:00,1773.5758516143462,1782.1592287307733,1770.8495421089663,1776.5845804765968,5805.418312417768
2025-07-01 15:30:00,1761.2157961698254,1772.9227687631255,1758.7757941760171,1760.8050446819527,9394.095263207053
2025-07-01 15:45:00,1760.6865690536406,1764.7361225040759,1754.8055744261715,1754.7930540199259,8475.608310763177
2025-07-01 16:00:00,1755.4951346403104,1761.8364175473987,1749.8905850103529,1759.7924849823776,2566.5898913406218
2025-07-01 16:15:00,1753.167423335947,1757.6031502477645,1744.4140416075236,1746.7459755832042,8346.45459022481
2025-07-01 16:30:00,1759.569477100073,1761.3910149204207,1754.775523356077,1755.52081511241,4014.1304440192735
2025-07-01 16:45:00,1765.7153055116562,1772.1003584442888,1766.6196363614145,1770.8776403268719,9017.35416985075
2025-07-01 17:00:00,1771.5895413102344,1773.8077693245982,1766.181829324199,1770.7115830883592,6465.652992114562
2025-07-01 17:15:00,1787.9070036152648,1797.0621065643522,1788.528783825367,1795.69868454224,1494.789631885897
2025-07-01 17:30:00,1797.232787792872,1804.52948745011,1793.4513796621131,1802.7690380633248,2985.140790659593
2025-07-01 17:45:00,1812.3873691027488,1814.0561761019114,1802.8211062890177,1810.085640729664,1407.5853021269081
2025-07-01 18:00:00,1797.1386472177037,1804.5678281846021,1797.3010546125042,1801.2517052787637,4153.457249497031
2025-07-01 18:15:00,1817.8933665723487,1816.6670708120785,1805.0584039427576,1812.7562044380138,6715.282682422828
2025-07-01 18:30:00,1793.1760238861016,1800.8404332786345,1793.7702391607713,1798.9239333954029,151.31726772216228
2025-07-01 18:45:00,1802.8003512114865,1808.3502719820144,1796.5759822732368,1803.8018108012423,1750.8571987852793
2025-07-01 19:00:00,1801.3823071453714,1803.8623386143174,1796.5590951012462,1802.90258781381,9511.578723996205
2025-07-01 19:15:00,1811.8823854232955,1820.7135257438922,1811.0377765881367,1811.7318605940593,2859.0443053808326
2025-07-01 19:30:00,1788.123638925775,1791.2401848875124,1777.70078652653,1787.7283698470155,851.8683079905957
2025-07-01 19:45:00,1772.902242074114,1773.8763793839776,1767.7019248835645,1767.707391359056,8957.508701099332
2025-07-01 20:00:00,1776.947265955881,1781.509009419947,1768.7306856428067,1777.7615325167899,8542.393783724843
2025-07-01 20:15:00,1795.7521742428617,1797.0660336034277,1784.79233127545,1794.170817104416,2032.611249203188
2025-07-01 20:30:00,1807.6047444511278,1807.7753253376138,1799.4687946059973,1807.73224389673,6766.44283685736
2025-07-01 20:45:00,1804.922721907882,1810.4928428382636,1800.4916013476773,1798.226795248138,5680.606473741906
2025-07-01 21:00:00,1804.4628244521298,1803.9650857108984,1794.746820136471,1801.8488750223166,7865.550337101964
2025-07-01 21:15:00,1802.6273109695037,1802.7545295301495,1797.7723010838308,1795.2859442074284,5110.388569056044
2025-07-01 21:30:00,1807.0030960755957,1810.8235088928734,1801.4973555204456,1808.6961299990865,2489.6125468398513
2025-07-01 21:45:00,1823.75136317821,1835.5696761672455,1824.9655028595066,1832.198091582107,1035.4414423314684
2025-07-01 22:00:00,1827.7794387018196,1828.9659391791422,1823.9512683458208,1829.250711724791,6676.713750988913
2025-07-01 22:15:00,1846.241781255369,1845.3260637756264,1839.6590629408543,1846.2673275343852,6695.845098756896
2025-07-01 22:30:00,1845.7193952207695,1847.808222045192,1837.3828481169248,1840.2231284203936,561.8587290460857
2025-07-01 22:45:00,1861.0184326314668,1866.2829502337495,1851.2367020698068,1859.8814828432908,6179.544115627072
2025-07-01 23:00:00,1851.7279856565071,1856.5295292241226,1842.9801245414071,1847.539888600518,2365.852989185728
2025-07-01 23:15:00,1849.0888692486496,1859.3598423910973,1846.4638145332754,1855.4425950499276,4002.044884307978
2025-07-01 23:30:00,1864.7099943920296,1868.499611176024,1860.4580923084525,1859.8194325841753,498.6009131396536
2025-07-01 23:45:00,1872.943500887046,1879.84164407442,1872.6161757821365,1880.9965507514441,2466.1309902732164
2025-07-02 00:00:00,1877.626959274105,1886.1653220923922,1872.7465145490842,1880.1823172526006,2273.1390054927024
2025-07-02 00:15:00,1910.857979312049,1913.6407261653624,1906.2424772295215,1906.1495566760768,8286.918226603848
2025-07-02 00:30:00,1929.3956192945025,1939.0549711409403,1931.1871218488827,1935.1229269113026,8064.178288236571
2025-07-02 00:45:00,1935.6805171098526,1940.2609206370569,1931.226683601193,1939.479974333116,852.2206694409953
2025-07-02 01:00:00,1891.7317902375837,1890.672121103912,1881.2250204577226,1892.5533935900785,191.23446816896117
2025-07-02 01:15:00,1906.4489391194513,1909.1721621864685,1900.9592705968653,1906.8389643329256,2700.1741939356834
2025-07-02 01:30:00,1892.2580996239192,1901.5374609992523,1886.468485757139,1898.5614505094131,4784.877557795642
2025-07-02 01:45:00,1910.5324139358638,1910.6564689279924,1897.855628620987,1905.5026262622887,6751.937476253879
2025-07-02 02:00:00,1900.6008620795533,1903.9920350994169,1892.659163328133,1901.9202899802433,980.7320511383912
2025-07-02 02:15:00,1932.2202618535594,1936.401750797443,1928.5605777369174,1930.2324154459368,1725.3531471130962
2025-07-02 02:30:00,1963.8851006421407,1964.2108658007985,1959.5981799448416,1964.4583978096355,7320.846977020334
2025-07-02 02:45:00,1954.0363308209942,1957.6980880887245,1947.4459477249652,1960.1484098855271,1781.8755798177356
2025-07-02 03:00:00,1959.9653765206729,1964.7556248244368,1959.5695668715805,1957.8685864841902,6017.05371019351
2025-07-02 03:15:00,1962.3004264868407,1963.9021282607575,1952.4298355946707,1958.9662866703652,8146.490800664946
2025-07-02 03:30:00,1933.3704313986752,1943.7749033558234,1930.4639568945634,1939.160727324961,939.3593138116582
2025-07-02 03:45:00,1898.995119974401,1903.3540028026393,1890.059525341655,1894.0265012321445,3863.8959527698676
2025-07-02 04:00:00,1920.870556874829,1927.6098961993198,1918.073998162989,1921.707041980969,6465.415856715412
2025-07-02 04:15:00,1914.9111390506093,1918.525234720327,1905.704688475813,1911.5266577578552,7539.929962060237
2025-07-02 04:30:00,1906.1439700274925,1911.6720862369068,1899.4670848134642,1899.7887125545055,3385.151241862127
2025-07-02 04:45:00,1965.4389537897541,1974.93616601341,1962.828199721756,1964.8370293501823,944.3989700779044
2025-07-02 05:00:00,1969.4113944786811,1976.8893927855893,1967.5671506249791,1973.6805197968292,2049.3141451698
2025-07-02 05:15:00,1950.447747828674,1959.5832866634016,1948.523748210291,1953.3354837561842,6825.117382307167
2025-07-02 05:30:00,1979.7489024295535,1983.9859786356762,1978.939157014791,1984.2038086515752,9663.489308111204
2025-07-02 05:45:00,1955.2496115123818,1955.588800614001,1947.2901588442278,1954.4567469135566,9786.366407080564
2025-07-02 06:00:00,1945.8659953409294,1948.8010765419208,1937.4201790387879,1946.1649675040885,3583.0489828487757
2025-07-02 06:15:00,1941.5120989012573,1945.959232511413,1935.088691394991,1938.6430008177042,3970.692092253959
2025-07-02 06:30:00,1929.085959768573,1926.7283832534815,1922.0174655433902,1924.3440914440896,9971.768639969881
2025-07-02 06:45:00,1934.23443008783,1945.1126642930915,1933.417303172779,1937.6982188092454,3510.6156499895988
2025-07-02 07:00:00,1942.9412199790424,1948.179254792909,1939.2828875195335,1941.9528850657196,5125.584990059465
2025-07-02 07:15:00,1936.2858406609503,1938.8469308740148,1928.1933726973166,1934.5045837499906,5386.057099673384
2025-07-02 07:30:00,1935.2120793539489,1938.5528290136272,1926.0502396402424,1933.6991843200155,9579.274234730077
2025-07-02 07:45:00,1953.0278661710906,1960.262022860942,1950.8762663009713,1957.3794388497972,9293.637648923492
2025-07-02 08:00:00,1940.6495721228387,1948.2619518217582,1940.347827361247,1949.251141682544,1967.5087785188427
2025-07-02 08:15:00,1929.8261711129044,1935.5358884523578,1926.6447219024003,1926.327978117554,4983.344659914021
2025-07-02 08:30:00,1940.5819772071434,1945.170928090991,1932.445810558247,1934.9554629807017,1021.3227554508085
2025-07-02 08:45:00,1896.8614902613822,1899.2237936596075,1892.7850397199672,1900.608787284843,3838.1035063586137
2025-07-02 09:00:00,1887.9191907858994,1890.919334960379,1885.1498448506723,1890.0760947563062,2473.5041278869057
2025-07-02 09:15:00,1903.1255172335748,1905.1267028237723,1897.6746529240106,1898.3568078421354,7313.307918519953
2025-07-02 09:30:00,1909.1401747106804,1909.4201739941245,1898.0385982419411,1906.922625690097,7779.022620171831
2025-07-02 09:45:00,1892.0266733501992,1896.8803525317376,1887.5142062035713,1893.3740119813913,454.11695412461927
2025-07-02 10:00:00,1867.2752344415367,1866.444515492908,1856.2923089777719,1863.4474127867634,2955.550837917554
2025-07-02 10:15:00,1880.1282711875187,1887.8037353948882,1877.980975434324,1881.522932479322,119.83170585527225
2025-07-02 10:30:00,1899.5830837908961,1905.8850570181137,1894.617427044821,1895.122990928626,5831.414219141434
2025-07-02 10:45:00,1893.181229030684,1896.784845479023,1881.5595043353292,1893.2848328336263,4709.381862538758
2025-07-02 11:00:00,1873.629356922968,1878.2919973612345,1869.093163487677,1876.337717878861,6791.804475586331
2025-07-02 11:15:00,1865.9190217938963,1873.0805683359115,1861.4900932069243,1866.0485813492305,8917.730744098391
2025-07-02 11:30:00,1849.190862277819,1856.8000706790679,1847.551052198913,1848.910153071382,9026.25725213336
2025-07-02 11:45:00,1857.2318876065103,1861.5199803029207,1848.2313493430947,1858.0734015413611,7746.761713366996
2025-07-02 12:00:00,1877.3662253396321,1881.0363693816487,1874.6117822473093,1879.0362410012995,5187.310995458602
2025-07-02 12:15:00,1911.7900475634322,1922.1903120823818,1909.2995868300304,1911.8371255976695,7423.710308729246
2025-07-02 12:30:00,1917.251198308505,1919.4663234447298,1908.720227843091,1920.1233182221054,1659.6076666915153
2025-07-02 12:45:00,1918.2493019957894,1922.2413987570703,1910.589078328999,1913.885743487386,7402.430673868197
2025-07-02 13:00:00,1907.593970530742,1917.7517952810888,1906.44553454102,1908.3637285857078,9684.120682215096
2025-07-02 13:15:00,1940.6258040811267,1945.1721590529496,1937.0538762687584,1939.8711417280279,9493.39676322621
2025-07-02 13:30:00,1934.2868784609668,1933.9687474854559,1926.2958316675958,1929.8170724779975,2580.55865483576
2025-07-02 13:45:00,1916.8666375669354,1926.174624418442,1912.0344329465784,1923.712422353841,5695.141160213269
2025-07-02 14:00:00,1925.7539547483632,1933.274907516646,1923.5623251812285,1930.2219009673363,188.47906771983725
2025-07-02 14:15:00,1906.9674558844906,1912.0092878578064,1901.4347341608507,1906.4287475101146,9721.22733389446
2025-07-02 14:30:00,1910.9252567277879,1921.2151135616318,1907.4619910261574,1911.2953711548514,3644.629616101208
2025-07-02 14:45:00,1941.8244655155247,1940.9260043301183,1932.553347280545,1936.6327345326229,6471.367241255353
2025-07-02 15:00:00,1922.9940696830738,1926.4284827692948,1912.3161817017904,1917.9410406227432,5435.929079344748
2025-07-02 15:15:00,1904.4090540155019,1914.1192416090355,1903.2619295507193,1904.3124488917554,8051.41036215347
2025-07-02 15:30:00,1913.259735256132,1924.148420914098,1913.267574434555,1922.8597634713365,3138.2057319769156
2025-07-02 15:45:00,1924.1390555955197,1928.8020787359699,1915.6926002032776,1921.3543930940777,694.4249683352589
2025-07-02 16:00:00,1938.285339037766,1946.3136642330371,1935.150177245834,1938.446267031742,7764.64995177666
2025-07-02 16:15:00,1933.4849903849088,1944.0291623864978,1928.5195599323192,1935.0508584491542,8051.77060896139
2025-07-02 16:30:00,1937.2962945195409,1943.9212379054422,1936.8142411759463,1938.2123768333363,1367.724155858978
2025-07-02 16:45:00,1947.003908533606,1950.649839826515,1940.060177973515,1947.3238967062898,9432.486482975424
2025-07-02 17:00:00,1929.508466559041,1932.7741604512944,1920.396107283756,1928.184834559898,1981.4040964230135
2025-07-02 17:15:00,1916.8914739458253,1920.5031198826705,1914.2396349044825,1920.5040995051156,1046.8800353599213
2025-07-02 17:30:00,1911.1102378874898,1919.4098590796852,1910.0166501445558,1913.7243850431696,1063.889569787178
2025-07-02 17:45:00,1936.3205064016706,1944.1391086262038,1937.6550190673008,1940.45213528325,2346.2328985314625
2025-07-02 18:00:00,1952.8670901144114,1955.9173132279145,1947.2193107167564,1948.1458888246887,5014.847266398021
2025-07-02 18:15:00,1943.1296052566076,1948.6153220332722,1941.6507953475868,1946.1127482961215,5450.333141794665
2025-07-02 18:30:00,1929.3274072919157,1934.340619869367,1923.4238237340846,1928.0029930770845,6252.618612945136
2025-07-02 18:45:00,1959.1364488373151,1963.9437522828557,1955.2664856238282,1955.9641956618473,9575.893658125737
2025-07-02 19:00:00,1982.0150408291279,1988.9595841324228,1979.9947282209328,1989.2317474810716,6982.929349118147
2025-07-02 19:15:00,1980.656398129095,1984.185443993179,1975.6105697671235,1979.8000208641938,5013.055319645478
2025-07-02 19:30:00,1991.4201173281929,1996.3184276013315,1984.4650975347483,1992.0058210319603,8126.808783112523
2025-07-02 19:45:00,2017.9201541702764,2017.5710204305951,2008.3445228823164,2016.1026780863758,659.058196924215
2025-07-02 20:00:00,1999.7851461690966,2009.6024980007992,1999.0180700443082,1998.4425707112437,2109.7529702271213
2025-07-02 20:15:00,1981.8418202867679,1990.520413588632,1980.8928594741542,1987.8403253729357,9117.696179019342
2025-07-02 20:30:00,1961.8250211036107,1969.6966645419354,1964.0512212058725,1969.6994323872057,1031.7717345276756
2025-07-02 20:45:00,1987.781932802447,1990.3299737440996,1976.7430356613245,1982.0574440966418,8973.949759600106
2025-07-02 21:00:00,1978.6167561293153,1977.6063316332452,1969.1127499853376,1969.9220938431351,6427.469942797586
2025-07-02 21:15:00,1969.8342532969118,1977.362355166724,1969.311179958959,1977.096964282405,275.6298360538955
2025-07-02 21:30:00,1985.7750196207069,1995.3201098290224,1981.9702266864206,1991.60544086229,7379.515444584721
2025-07-02 21:45:00,1985.825392021164,1990.367193378101,1976.9191741990812,1982.1375180058674,9520.483972344009
2025-07-02 22:00:00,1985.9266448549627,1991.8956969905903,1985.185937693258,1983.0303882189037,4242.79156253641
2025-07-02 22:15:00,1995.0047558359631,2004.9440572563244,1993.5405793207449,1999.9238714180617,5199.623469037509
2025-07-02 22:30:00,2004.3207364123327,2006.5445480551507,1996.836822313741,2001.0772312696265,3833.5672532447966
2025-07-02 22:45:00,2029.8760335288503,2033.0803972659937,2026.216679119751,2030.3869229035993,3392.8350305105523
2025-07-02 23:00:00,2014.9972543572705,2025.1042672894314,2013.7115673895844,2018.5189463927145,7053.8946409285845
2025-07-02 23:15:00,2028.9242720291043,2032.318527789572,2024.2963381044272,2026.1496616040495,7322.5829449533885
2025-07-02 23:30:00,2047.695112962702,2049.5157284392653,2038.1838409857442,2048.3968900586483,3800.9750967676673
2025-07-02 23:45:00,2048.309506997048,2055.3784942063007,2047.2329021248547,2048.473012393144,4981.436190024237
2025-07-03 00:00:00,2025.4656847442016,2032.1197250696364,2023.0875262719564,2032.8395304478208,2170.2767419070356
2025-07-03 00:15:00,2036.6532308931207,2043.4715924965462,2036.9000253664017,2035.620255404702,1854.3373686507919
2025-07-03 00:30:00,2060.6629839084085,2071.4263695773748,2057.0822601339814,2063.774374618383,5017.263921985216
2025-07-03 00:45:00,2054.995183906621,2062.6509982488337,2056.0212971389356,2055.103904822047,4443.270479538354
2025-07-03 01:00:00,2072.079367005072,2075.9992157715246,2065.6759565472685,2069.942314920205,8993.90529271476
2025-07-03 01:15:00,2033.1224757138366,2039.9927078337935,2031.9034309251679,2037.256466307506,3379.662398067629
2025-07-03 01:30:00,2061.5051304278268,2067.416517870627,2058.2710989405155,2065.294667284832,3928.495626704191
2025-07-03 01:45:00,2086.4183081142937,2088.263070066858,2079.3337061656694,2080.763423988215,4571.372181467201
2025-07-03 02:00:00,2072.874436498379,2075.607670575761,2063.003288484322,2070.502034949794,3503.7601582283123
2025-07-03 02:15:00,2068.7240436579386,2075.815033133508,2067.796652878187,2072.5498309756517,5672.17637677498
2025-07-03 02:30:00,2047.8800910623831,2052.1407644355904,2047.609628067267,2047.2420247770542,5681.992159497895
2025-07-03 02:45:00,2065.5257788242225,2073.009903249689,2061.7682194223316,2069.123326051855,4447.6962202997565
2025-07-03 03:00:00,2069.663435745172,2076.2876364034605,2064.532393887807,2067.770836769748,4011.8204920681
2025-07-03 03:15:00,2054.8153638429108,2062.3645827429073,2049.5899533678607,2058.8945816342375,6135.883825438909
2025-07-03 03:30:00,2060.69493503949,2058.838615110221,2050.4561320457938,2052.1573400637826,3347.780958486796
2025-07-03 03:45:00,2043.7242795469629,2043.035347934781,2037.6479252870063,2035.8633858503672,7093.678403812718
2025-07-03 04:00:00,2039.804201127861,2042.0190508863586,2034.5443011149762,2044.721855487887,1319.2597488326799
2025-07-03 04:15:00,2035.0818666908349,2043.8174151549786,2031.3057687859427,2039.2776126520243,6660.469082577726
2025-07-03 04:30:00,2056.6451565539714,2062.452489627739,2050.5461305793788,2051.317067352733,2829.2156405082173
2025-07-03 04:45:00,2081.1416118653606,2082.850499236484,2073.877069053431,2081.0200303115284,991.7619693196385
2025-07-03 05:00:00,2089.846196884424,2101.9716833925104,2089.409055783766,2094.447932609132,1878.1001315165015
2025-07-03 05:15:00,2106.2684517432413,2113.782037857296,2103.994145474123,2111.331446562117,4544.0810934400315
2025-07-03 05:30:00,2136.808361276136,2144.2028093404456,2133.6911743624323,2138.2636596121038,8037.2508592240465
2025-07-03 05:45:00,2136.926170038715,2138.762389579647,2125.7338617761243,2133.533419743556,7837.031221806037
2025-07-03 06:00:00,2130.426142401682,2131.0857462573445,2126.033159037799,2128.5765567425046,3623.8573028052483
2025-07-03 06:15:00,2109.316692750013,2117.2643230765075,2107.7780287384735,2109.7404178402167,4118.215838132835
2025-07-03 06:30:00,2144.4849311169014,2145.8524744213078,2133.9532863566087,2140.9804829978902,5044.373156679626
2025-07-03 06:45:00,2145.011529586048,2149.9232465401583,2138.206953366709,2139.040479242959,186.54841950091134
2025-07-03 07:00:00,2132.8885653471402,2136.462303811125,2129.747612807519,2137.8525829070422,6189.829760036515
2025-07-03 07:15:00,2119.8465825223266,2125.068965231681,2115.689633538906,2121.5489157521724,7929.696415696402
2025-07-03 07:30:00,2079.524137486766,2084.6656651467983,2069.66001398211,2074.2876817428755,4788.3435620198325
2025-07-03 07:45:00,2080.864196704366,2086.790097549657,2078.3418930690996,2086.1837731040523,9236.068442867678
2025-07-03 08:00:00,2065.7037039028933,2072.3022055370893,2061.699779448621,2074.0072967855494,3574.4259976191092
2025-07-03 08:15:00,2052.419018844918,2056.0597717879473,2046.6325440918085,2050.3407353387274,3775.3186420732277
2025-07-03 08:30:00,2035.5221896620603,2042.096682558668,2031.9152366662568,2041.849417951636,9834.887785291157
2025-07-03 08:45:00,2029.1796228404583,2041.025070934164,2025.1204978348787,2030.8049514741986,237.03657459196967
2025-07-03 09:00:00,2032.7567946931695,2033.4748498663175,2026.2747265165676,2033.0798780938119,4276.318226191826
2025-07-03 09:15:00,2051.1708860613694,2056.131120464201,2047.686746038029,2048.57125741724,9361.583014165344
2025-07-03 09:30:00,2068.453622096795,2078.0113467286465,2067.3890554473173,2069.7254590458656,2911.946739501333
2025-07-03 09:45:00,2085.287970011969,2095.905929726053,2081.4441597673517,2090.4040742317634,3725.571932974164
2025-07-03 10:00:00,2095.9402047113003,2101.298402120251,2090.7976703381055,2093.4708930338047,5566.686976745098
2025-07-03 10:15:00,2086.95343199913,2090.200703887532,2074.9065700210713,2078.847207860028,8683.108017275406
2025-07-03 10:30:00,2057.0436625520065,2061.0830934600835,2051.1699422074703,2060.4633832424774,3973.08093542161
2025-07-03 10:45:00,2033.1502485875149,2038.79299703788,2028.5443327352066,2037.7103335618137,6716.752066780671
2025-07-03 11:00:00,2049.2610220176775,2052.654562847492,2036.8081311696399,2048.9140818370292,7669.901570987061
2025-07-03 11:15:00,2030.1711839280065,2039.7521270455156,2029.783527536268,2029.0315446192067,703.7325583449444
2025-07-03 11:30:00,2062.039796931647,2063.6536336728727,2052.2851323043137,2064.813909784736,420.34843023175324
2025-07-03 11:45:00,2071.1342250259518,2077.773515348323,2065.3787319959215,2070.5087625124333,6448.174980858764
2025-07-03 12:00:00,2077.3985572412794,2084.585670969305,2076.980657256861,2076.394178064625,4482.592770127067
2025-07-03 12:15:00,2086.006424299249,2092.847293623588,2083.1076289360285,2091.0199392115915,7944.0620911672095
2025-07-03 12:30:00,2099.2381189208427,2099.757841770585,2091.6591426604764,2101.939143481834,1328.1383022537611
2025-07-03 12:45:00,2082.0617736556596,2087.329266692416,2076.844156858517,2077.1211191690127,513.8047554830237
2025-07-03 13:00:00,2031.9758973599921,2033.9569596739875,2027.903085553679,2033.0231529259243,3356.256341923383
2025-07-03 13:15:00,2050.7900181410205,2058.9792064737526,2048.178546603897,2056.591629643049,1577.2681548604842
2025-07-03 13:30:00,2047.8733143536808,2051.445210621541,2041.2726604929635,2039.515984350071,2642.963431025842
2025-07-03 13:45:00,2042.251202000359,2047.8969992862465,2038.9875777627103,2046.546283818638,8914.916218776469
2025-07-03 14:00:00,2050.0186958999034,2056.636128552814,2045.7438779341069,2052.094912991387,7038.662291602543
2025-07-03 14:15:00,2046.1477212215011,2052.1106834454595,2040.3823613432558,2050.909001634508,7330.641539608213
2025-07-03 14:30:00,2053.4223016282867,2060.085128333333,2051.4879647539274,2055.299819311976,4536.504031268612
2025-07-03 14:45:00,2063.6856478566915,2063.619541380265,2055.8230164911856,2055.548400703512,4566.43594159426
2025-07-03 15:00:00,2052.581391957531,2055.113209810883,2042.0933611183434,2053.430783676303,9423.536056596417
2025-07-03 15:15:00,2048.871203943359,2048.8845912398,2039.894304710676,2049.847799000888,8595.087908385392
2025-07-03 15:30:00,2072.3099735390115,2075.945361192084,2064.7022917966747,2068.6731437547037,6600.292957629797
2025-07-03 15:45:00,2056.700362651616,2065.6251727532554,2053.204907513738,2061.276589492277,9365.796342094265
2025-07-03 16:00:00,2053.083851699901,2059.2544696717964,2052.7886948444598,2050.898123382517,1771.5802068453102
2025-07-03 16:15:00,2045.835719274227,2051.165743404475,2037.4453595507807,2042.792351468072,8937.266247992871
2025-07-03 16:30:00,2022.3902722670546,2027.995883801666,2016.7012600904184,2022.8614714131484,5471.287454992515
2025-07-03 16:45:00,2043.6982719475072,2052.190560408302,2037.7249517677753,2043.3813788807204,6094.379750709611
2025-07-03 17:00:00,2050.1752425055565,2055.354423220668,2046.789022118164,2048.5217255259886,2749.2548475854496
2025-07-03 17:15:00,2053.01350597349,2061.7820770168632,2052.622187241584,2055.840636602531,2371.3714114642717
2025-07-03 17:30:00,2053.776831146433,2056.198759011631,2042.0524001275355,2049.3670709677435,941.0119952561242
2025-07-03 17:45:00,2053.335713400373,2057.1589829927602,2048.7533142956936,2059.1676375072775,8635.358655734008
2025-07-03 18:00:00,2055.9597937646886,2059.90281073969,2051.4995149600445,2057.288407072004,9493.284008972792
2025-07-03 18:15:00,2051.8446527322126,2054.6096727812705,2047.5853750652864,2057.4914199679165,2556.430305596053
2025-07-03 18:30:00,2030.0682074982683,2038.3757444029409,2028.7887193177758,2032.901247946258,9406.461581206593
2025-07-03 18:45:00,2028.7497570453465,2033.5990470582237,2022.7384822221568,2029.1384769830831,4730.208062477083
2025-07-03 19:00:00,2011.2114280030373,2012.9582725990008,2007.3642663502278,2005.5951261964697,9686.010135414646
2025-07-03 19:15:00,1993.9678308833352,1992.097257954063,1984.671966595683,1989.1761969673817,1563.6713919012257
2025-07-03 19:30:00,1991.886905563785,1994.7865220105316,1984.1919739983334,1986.9933285495383,4517.557333667811
2025-07-03 19:45:00,1975.405509056052,1974.8035792332798,1968.926228062263,1967.110639029802,1588.5390739024751
2025-07-03 20:00:00,1943.2939104381069,1949.4790722906782,1939.7216925332366,1940.2297421847798,9314.78457138438
2025-07-03 20:15:00,1944.322764710196,1944.1877405567898,1936.3084059184325,1942.1891134701973,656.4268647652149
2025-07-03 20:30:00,1955.9908525824683,1962.0494769641311,1951.0012578404692,1953.7620805957474,4917.466012676441
2025-07-03 20:45:00,1944.6402963780845,1950.0065764208414,1941.5157999872245,1950.8659768140042,6792.45238237823
2025-07-03 21:00:00,1946.5350989498886,1954.8761749180048,1947.828599601739,1951.7837046165866,7744.070341723428
2025-07-03 21:15:00,1921.2013920692282,1924.6299392176581,1913.7147069425998,1916.7929948266553,8458.657330439442
2025-07-03 21:30:00,1915.908407044939,1920.8108073072701,1914.2990511222297,1917.3475774119995,4750.634386175024
2025-07-03 21:45:00,1911.91883322055,1914.8920598820205,1903.8039281099764,1908.367899094497,158.41729380721978
2025-07-03 22:00:00,1912.1671407681908,1914.7089125518594,1906.2877390098117,1907.3035935172284,2462.518239013876
2025-07-03 22:15:00,1899.7474010170897,1906.186131933151,1892.8751488077899,1901.296117530717,949.769863033448
2025-07-03 22:30:00,1900.2054781639679,1902.1790560901018,1888.467196133789,1893.1514465800328,9534.427697027779
2025-07-03 22:45:00,1883.5360856057325,1892.8496780552284,1882.1147694819717,1888.327246942769,9413.979739845016
2025-07-03 23:00:00,1888.3993313887129,1900.8639543431516,1885.501750024252,1888.8865651767155,7445.470247588685
2025-07-03 23:15:00,1885.464902468752,1892.9586239356574,1884.8215568165513,1891.7073069869473,5538.9128380407155
2025-07-03 23:30:00,1897.459801564747,1898.6851734679096,1890.9875856862784,1895.3152331814829,7962.333642927796
2025-07-03 23:45:00,1869.4278539187221,1873.3520490662156,1864.0110940116735,1874.8613470895818,9841.099977733105
2025-07-04 00:00:00,1890.007527722765,1890.2004550103497,1884.6544561738453,1889.585124009904,5339.145801465242
2025-07-04 00:15:00,1891.009800209266,1896.4765970104586,1887.3653260363492,1894.95704071043,3515.1246319330858
2025-07-04 00:30:00,1897.093705970779,1899.156564183169,1890.8903405699411,1892.806602811627,7797.714499037174
2025-07-04 00:45:00,1893.3479731581062,1893.1984269999114,1884.4061680622908,1893.0405195847907,3514.4179255734043
2025-07-04 01:00:00,1873.635990872539,1875.9863543948168,1867.1988203010935,1868.9786877544543,187.67467764959605
2025-07-04 01:15:00,1866.6992356835858,1867.207528504563,1860.7700036131666,1863.6395817557911,1952.078587770561
2025-07-04 01:30:00,1858.399970510554,1863.5632081432182,1855.6692901000401,1858.497038914225,7184.7043573365045
2025-07-04 01:45:00,1888.6849806329883,1899.8993720524857,1886.4608453676556,1896.8605686280453,4417.4473091019945
2025-07-04 02:00:00,1893.587421755795,1897.8060317278175,1886.537548994843,1892.0310297083684,6323.521995317561
2025-07-04 02:15:00,1898.051203990571,1899.6464395855812,1890.5856864086684,1891.6746008701523,2862.324150026764
2025-07-04 02:30:00,1899.7018392024952,1902.6462974420026,1894.0364019837687,1894.2775706178472,9233.856840444258
2025-07-04 02:45:00,1913.1945181825201,1920.3630886973908,1912.0338937766267,1917.9626281098965,1781.5544556205866
2025-07-04 03:00:00,1943.7962846413393,1944.4527386794066,1932.1712664305905,1942.0152679624296,2793.600992351302
2025-07-04 03:15:00,1930.0225635305487,1931.559077809801,1920.930487185965,1924.185208098063,478.72611176863575
2025-07-04 03:30:00,1909.5807163148204,1914.544503938974,1901.395701804391,1908.4550946482857,448.58467592523994
2025-07-04 03:45:00,1880.5265810389449,1891.22752193383,1879.324215772244,1883.3283424637898,4554.99933949831
2025-07-04 04:00:00,1890.124485908367,1899.0349513994242,1889.2003653290694,1896.0139331967848,7296.026662117593
2025-07-04 04:15:00,1924.5449169795995,1927.239005645436,1914.0070868280184,1922.1426737453396,7939.933810488693
2025-07-04 04:30:00,1918.7690104175686,1927.727016491525,1916.9571569998977,1923.5673972201914,6238.929570475126
2025-07-04 04:45:00,1921.7733969426124,1920.7668821986842,1913.1133622596135,1920.3242059459235,6199.264504576953
2025-07-04 05:00:00,1897.9771853506984,1908.3303547852101,1895.9900802403922,1899.5038398736249,1601.8865849803797
2025-07-04 05:15:00,1882.639467268124,1887.3213311872953,1880.340717340484,1879.6948375065808,8622.005757558209
2025-07-04 05:30:00,1881.4511375915583,1889.1139068997707,1880.7334110401237,1879.5646330242773,1908.7806018170081
2025-07-04 05:45:00,1887.7076018176128,1889.5237106157247,1879.4211900890407,1887.4745033200861,3038.7728110891953
2025-07-04 06:00:00,1877.7476060884644,1887.1208831652732,1874.9822862767508,1877.8735793611174,4704.984398206162
2025-07-04 06:15:00,1877.5453556934244,1878.0165197492438,1865.3645040959714,1870.74707355812,1890.419607806661
2025-07-04 06:30:00,1866.37386595337,1867.751932020561,1855.0805980666448,1862.387407139783,2912.796577265602
2025-07-04 06:45:00,1868.2350401307467,1872.8816114903495,1861.1873590074442,1866.3930107366846,775.1429046633508
2025-07-04 07:00:00,1847.3470576830532,1849.9245326303778,1840.0166785372458,1842.9418385173155,9018.785709237005
2025-07-04 07:15:00,1858.0962770497545,1861.4214045975086,1854.6766833120184,1854.4472365217252,1651.9170427352385
2025-07-04 07:30:00,1880.802617774207,1886.3650592118927,1877.0358356037334,1876.5432698522948,1745.3348190420365
2025-07-04 07:45:00,1879.3835850754476,1885.8661671152286,1876.0323804296788,1877.9401371124804,7376.635663323551
2025-07-04 08:00:00,1845.4265787037152,1849.344405822262,1843.8515681381793,1850.7049104618602,2797.1278448842536
2025-07-04 08:15:00,1853.4846938291876,1855.774633934011,1846.860715463834,1854.2156624615561,8382.600999375023
2025-07-04 08:30:00,1857.2390111244376,1862.9931582977522,1854.6496467066577,1856.683329015915,7855.737909079571
2025-07-04 08:45:00,1876.0820289802166,1885.3913104294643,1873.171362640757,1878.19929869297,9993.53769769791
2025-07-04 09:00:00,1885.4162466241664,1892.2714213850797,1883.1569568025773,1888.9649251840106,7313.740223730892
2025-07-04 09:15:00,1879.2320998036232,1885.1868816251786,1874.8649543806844,1882.20731940043,3125.565707712796
2025-07-04 09:30:00,1875.697570631821,1878.3115237236764,1868.5786289030686,1876.3329655942077,1308.074804162787
2025-07-04 09:45:00,1843.8781360239407,1851.1069268201934,1841.7643655448412,1850.894076811451,9038.814181275953
2025-07-04 10:00:00,1854.6022141175088,1858.100241856442,1846.4732134499825,1850.488569729565,3967.517620267111
2025-07-04 10:15:00,1843.0873933635642,1848.7414811683827,1838.7278978064783,1846.7670279865156,4948.70520141593
2025-07-04 10:30:00,1836.9580736269907,1846.640493664805,1834.8644515586109,1837.6791932538008,4728.585671662506
2025-07-04 10:45:00,1820.5704733231614,1824.6207515682433,1815.8532203935567,1820.0208307689707,3492.6615855711516
2025-07-04 11:00:00,1827.105454752162,1826.6941588542572,1818.3617675972039,1828.3343960775871,9166.743331437809
2025-07-04 11:15:00,1812.7842797004193,1818.1382965476985,1809.9604556670529,1811.8968803426596,8372.663438897014
2025-07-04 11:30:00,1827.328453965527,1835.9702238835023,1826.796137448497,1833.3236965143321,6427.059313671493
2025-07-04 11:45:00,1822.962908911007,1828.2247230430419,1815.5469437469137,1817.3862909612697,3398.625951338898
2025-07-04 12:00:00,1839.36167580343,1845.823691231474,1836.2977396455851,1842.3362689432136,357.5688332507906
2025-07-04 12:15:00,1856.055800008252,1861.6821433450368,1845.8923418247623,1853.5126699610946,8236.933615381695
2025-07-04 12:30:00,1860.8141153803272,1869.9829802961845,1858.9458022012113,1859.4611417976955,271.59143540915136
2025-07-04 12:45:00,1848.182398261831,1855.4990809679675,1845.4842940565918,1850.534499585672,3337.44301015587
2025-07-04 13:00:00,1857.296777833307,1858.5206738121822,1848.6481098649733,1855.527903262778,5554.439140235706
2025-07-04 13:15:00,1833.471400627097,1840.7550208351963,1829.3749567957102,1835.7366718966853,4269.4981602172975
2025-07-04 13:30:00,1818.210001478547,1830.348251988696,1819.413947952359,1827.322793202472,9421.10568441954
2025-07-04 13:45:00,1831.877273990746,1836.7393589550788,1824.4688308741584,1828.1117005930475,9120.680369259228
2025-07-04 14:00:00,1857.7288246914993,1863.672294189875,1855.4392028542356,1855.9852947270135,4224.266083229771
2025-07-04 14:15:00,1898.5885452850498,1901.4532340742142,1890.10669172044,1899.324019133893,9072.509710248298
2025-07-04 14:30:00,1915.073995260919,1918.661323303278,1911.39640287378,1910.879357494654,4793.565799127559
2025-07-04 14:45:00,1930.894576047939,1934.1698326493538,1924.3509969674967,1935.0982229946326,9531.497166864196
2025-07-04 15:00:00,1940.046940564895,1940.7603590425424,1928.1838750565548,1932.6316460707524,325.1941668526006
2025-07-04 15:15:00,1926.7105266477224,1931.7102485975745,1921.0969313017445,1924.171000792396,560.6087663312355
2025-07-04 15:30:00,1935.7167637925172,1937.816787984737,1924.6353027886087,1932.1603461408265,9108.455449662315
2025-07-04 15:45:00,1924.424063410842,1931.4169741027383,1919.7663693647828,1925.1034183011745,6178.363863838247
2025-07-04 16:00:00,1916.606400462585,1921.6975869753146,1907.2393541047852,1914.7501000901418,2383.0559007795428
2025-07-04 16:15:00,1918.232075375527,1920.5926568135242,1910.4225270015404,1916.8415429982365,403.16781681074474
2025-07-04 16:30:00,1912.5827366767242,1913.1290358285826,1903.6364999178581,1912.7303508335708,3343.2916971147442
2025-07-04 16:45:00,1920.5394849508236,1922.1901371091137,1912.0597125818747,1917.9301033448132,7608.432439506392
2025-07-04 17:00:00,1928.243305269352,1931.0546970608345,1920.8827412723394,1925.5427467776358,468.755655619015
2025-07-04 17:15:00,1931.9552046533554,1941.9648205910526,1930.449021622992,1934.8183706734803,6597.531281862409
2025-07-04 17:30:00,1927.8072471991552,1935.175492912334,1927.149424998289,1928.907560913913,7920.17710538902
2025-07-04 17:45:00,1928.7953128522122,1932.637424257868,1921.450435319244,1931.1013870120105,5118.001809075906
2025-07-04 18:00:00,1935.3500122724115,1940.3776111617838,1930.6852616769215,1931.7230516341276,9374.166207566852
2025-07-04 18:15:00,1954.2679856791185,1962.6990061310005,1954.7801227474974,1958.6276643696328,484.4184535666478
2025-07-04 18:30:00,1958.2004133274775,1964.2879906427463,1950.9299473292779,1961.5855188286237,2324.3250164973533
2025-07-04 18:45:00,1958.5650166375442,1961.8289609689764,1949.2383530013335,1954.7324446782964,5301.501207783733
2025-07-04 19:00:00,1936.1710418597445,1945.7786435745136,1932.605870623083,1942.5675552153227,4714.098734507846
2025-07-04 19:15:00,1953.2401758124147,1955.577234944475,1946.3836188675489,1951.3510989512881,4975.877686535604
2025-07-04 19:30:00,1948.9716513573478,1952.7961263435482,1946.2278667313167,1949.4373620795468,2417.1051494404423
2025-07-04 19:45:00,1956.5801838059497,1960.8314348824836,1948.666058150458,1958.2967717733297,1617.3209658404778
2025-07-04 20:00:00,1946.642287185927,1955.6924812487187,1945.906357912983,1947.1435603902546,2128.8241114690736
2025-07-04 20:15:00,1936.7686686606155,1941.4582820375815,1925.6215055719076,1937.5509689732417,1319.4004672214785
2025-07-04 20:30:00,1939.641733180385,1949.2902073306693,1937.1816963606298,1948.5801715559205,4571.189289594334
2025-07-04 20:45:00,1948.3962357657322,1952.2735720958165,1943.2717991519103,1952.427541378649,4529.531779657973
2025-07-04 21:00:00,1956.0258060223596,1958.206451392105,1951.9012421854156,1952.7699314744777,296.5741365020784
2025-07-04 21:15:00,1950.0174510101156,1956.8447086386263,1945.7204718218427,1950.3091718449793,6460.522479357312
2025-07-04 21:30:00,1957.242998492043,1960.7916282876,1950.0723650126672,1954.5465930371568,4085.171925461631
2025-07-04 21:45:00,1948.6499876030289,1955.8965777350757,1942.6688086358263,1949.0199903719717,9848.042643383664
2025-07-04 22:00:00,1953.8050902532993,1961.4683413302303,1953.5853403839358,1962.3391889466247,993.3453594607628
2025-07-04 22:15:00,1961.0026325399504,1960.793592445816,1954.6023167553808,1961.1632817081706,2373.381111664553
2025-07-04 22:30:00,1969.9148706685949,1977.041042722404,1966.6371867807895,1974.9025247119027,9471.711829743992
2025-07-04 22:45:00,1968.5657693444819,1971.5686200195541,1961.085882726439,1962.3211404070994,9158.919827004087
2025-07-04 23:00:00,1963.4015282958787,1969.1747487499667,1960.840785608232,1967.1234654639568,2124.590407228603
2025-07-04 23:15:00,1945.675601920664,1956.1046189946082,1942.349744541046,1948.9947106478808,7801.146230663263
2025-07-04 23:30:00,1967.5169884692561,1976.027566325684,1967.1285754654018,1972.4424973587256,2933.4260337892442
2025-07-04 23:45:00,1991.2820137421256,1996.2533801014454,1982.9021150933904,1985.5212364069935,7918.059720362499
2025-07-05 00:00:00,1985.2503689736618,1993.7938536660547,1982.2427458359907,1991.8267883772917,3163.767618481848
2025-07-05 00:15:00,1979.5401530383847,1983.8740687895336,1970.3273159047433,1976.749623704567,9887.808429875997
2025-07-05 00:30:00,1967.8958743407436,1977.6983692075858,1967.1587673502825,1973.5660379635397,6557.418849036119
2025-07-05 00:45:00,1981.1250714266146,1979.2204206408787,1969.5918005947567,1981.347030861829,5373.8440329396
2025-07-05 01:00:00,1979.2180651922383,1987.39198781247,1979.9815811489511,1981.3868763851563,9618.990779472686
2025-07-05 01:15:00,2003.2027365650779,2005.7314998696277,1996.8394493920537,2002.839059206015,4700.803537861643
2025-07-05 01:30:00,1999.2386283725746,2003.790632814663,1994.8429057076744,1999.5401364312427,8653.245916389902
2025-07-05 01:45:00,1964.1518876491518,1964.5951553210643,1957.397312014896,1965.4079574037257,2704.737327008042
2025-07-05 02:00:00,1951.318357579542,1955.9141016770898,1945.9357220922489,1948.4781326565135,5699.856178781348
2025-07-05 02:15:00,1953.835684707436,1953.456849662849,1946.06615974938,1952.9716176887302,5109.24148320345
2025-07-05 02:30:00,1940.1166428617664,1945.6337765238163,1933.3966200073987,1941.561353578292,7204.437135114972
2025-07-05 02:45:00,1931.1982342765355,1936.6905655140904,1928.0858511748884,1935.1919117349166,7264.4063276549805
2025-07-05 03:00:00,1940.5902632744373,1951.582817778183,1939.992712311994,1946.5307712352599,7339.170229770695
2025-07-05 03:15:00,1953.0778536844673,1956.5481077387553,1946.0689696310114,1951.5087246805729,5466.159124688403
2025-07-05 03:30:00,1949.826065149439,1949.942247568587,1942.6817383193813,1945.5712090563954,1734.915183115185
2025-07-05 03:45:00,1931.8052166133796,1931.0565287250295,1924.8174617582958,1929.127584217383,9816.130352151295
2025-07-05 04:00:00,1946.286910778364,1950.0781543750093,1940.3160897506539,1940.2969324478136,7370.299449838878
2025-07-05 04:15:00,1946.0635187501473,1950.4029626908844,1940.1998536770943,1938.7963503525998,9657.384110566882
2025-07-05 04:30:00,1945.0610141474392,1945.7989351607166,1937.3743713687431,1939.508512136208,783.8477845471325
2025-07-05 04:45:00,1960.849404081252,1966.0048368027199,1954.8320470133538,1961.027682703533,2700.2591782933473
2025-07-05 05:00:00,1979.7306154599905,1982.454955664704,1973.4123375770264,1973.236301885257,7876.990539960767
2025-07-05 05:15:00,2009.6885822505178,2011.99184698219,2004.2465441724664,2007.2088134106687,8487.144620878225
2025-07-05 05:30:00,1993.605167862099,2004.457868349429,1989.1554958581135,1996.7092366969237,8945.795656107406
2025-07-05 05:45:00,2004.1571272261176,2007.840853886888,1996.453659394462,2005.108260228407,139.70338713114515
2025-07-05 06:00:00,1993.7229509669037,2003.4615536121082,1992.7145209195698,1993.2502248666453,879.0875153825724
2025-07-05 06:15:00,1992.788390322054,2004.6768597273106,1993.1702499589155,1994.2544836826037,3124.6606989889356
2025-07-05 06:30:00,2009.6140077902342,2019.3183829089387,2006.1866616936613,2015.3657772570843,5328.523435692859
2025-07-05 06:45:00,2006.0980830078965,2009.9494133653989,2004.8510130850093,2010.2489147316821,1345.0449910357418
2025-07-05 07:00:00,2013.4693907079827,2022.7049370693999,2010.9299099902146,2019.8097941761246,3540.8796637877513
2025-07-05 07:15:00,2050.264091091666,2054.3804862532947,2047.5365371416472,2048.547111816803,1574.9279532770784
2025-07-05 07:30:00,2043.7873335703468,2052.053472365394,2044.0368725889382,2048.1558644190177,9359.25517153657
2025-07-05 07:45:00,2044.3017817340638,2049.9167505399255,2039.9334437880832,2039.4772793692225,3754.649231743189
2025-07-05 08:00:00,2068.7342141180034,2072.988869345081,2065.309656343469,2075.5421994418416,9789.470433910441
2025-07-05 08:15:00,2062.3321375438527,2061.862136763571,2052.227889588932,2061.864569128217,3513.4041364090654
2025-07-05 08:30:00,2051.8073367195434,2054.5196625584863,2047.3796325579576,2055.706156782554,8438.550778086466
2025-07-05 08:45:00,2066.5442065236566,2070.6316377416824,2056.490264731512,2060.2018399424273,7357.551525801357
2025-07-05 09:00:00,2078.352903514714,2083.5822612831466,2072.1458732951896,2075.385246713198,7605.686320962807
2025-07-05 09:15:00,2083.9826719637617,2091.738745302324,2081.027132467928,2086.6336552788675,6700.920244884699
2025-07-05 09:30:00,2093.4598093240647,2096.287625444645,2086.0946137663464,2087.221201009345,4316.261650132175
2025-07-05 09:45:00,2084.888701309357,2084.9799906919807,2077.791827006839,2077.0209967252504,3885.6196166497125
2025-07-05 10:00:00,2088.915619844797,2089.186943754632,2078.08351400284,2087.086489810323,1046.2344400164686
2025-07-05 10:15:00,2066.4454457082497,2069.4749587409738,2056.613317510087,2060.6141228760125,529.8402698560175
2025-07-05 10:30:00,2081.877097091044,2085.41918629647,2074.9592193344292,2080.89479481513,3574.8192145861203
2025-07-05 10:45:00,2087.428514246953,2088.0701890099717,2078.4422498877234,2083.0368459824767,686.6506547481991
2025-07-05 11:00:00,2080.9112639103405,2085.976182951074,2079.321775616932,2085.0293211625462,8616.64326284157
2025-07-05 11:15:00,2071.855902531361,2077.417518454801,2066.0620751721226,2067.3836118402796,6263.634944674907
2025-07-05 11:30:00,2066.382996196121,2073.2403532082794,2065.987968636831,2069.9228019089564,6947.365737996384
2025-07-05 11:45:00,2054.741157707615,2058.734317842685,2048.932845287093,2048.814529719702,3368.7055344319347
2025-07-05 12:00:00,2074.1689347497377,2080.651243320705,2070.550166595029,2078.3170446871973,625.612857312511
2025-07-05 12:15:00,2064.413099299239,2072.209490129433,2064.8241292815105,2067.1229379795864,8719.635636238922
2025-07-05 12:30:00,2068.7875656987885,2078.7144190869403,2064.94331047011,2072.672216997381,7955.460771510217
2025-07-05 12:45:00,2072.1975216031888,2083.011824641196,2071.678667648965,2076.403115950677,1337.7257929990847
2025-07-05 13:00:00,2082.776044097505,2086.7758335388376,2077.340747272031,2077.840462897084,853.6940227449711
2025-07-05 13:15:00,2090.9206559923696,2092.156305516321,2082.216524707232,2089.436100075546,909.0389786799607
2025-07-05 13:30:00,2112.0979438410473,2113.83634789487,2101.8318657232594,2105.6787354499866,5735.293564789511
2025-07-05 13:45:00,2086.703037361315,2085.597180642305,2076.0314257978666,2088.5692842811604,7497.184458082353
2025-07-05 14:00:00,2055.8048636761773,2060.874282719061,2051.3499913441456,2057.235724357509,8375.983282953466
2025-07-05 14:15:00,2048.639712176035,2053.0516344033063,2045.3916030440755,2051.4880621314624,1610.1229636146156
2025-07-05 14:30:00,2048.0391371479354,2054.9111563507995,2042.7010338562438,2049.8540860078124,646.2394428543072
2025-07-05 14:45:00,2068.8770220406013,2072.1987423727487,2058.0905824315564,2064.9666847080825,3723.002069526921
2025-07-05 15:00:00,2076.5270713607197,2081.788395666544,2073.482466717219,2076.9181581629286,4584.201217557731
2025-07-05 15:15:00,2062.1585554959306,2066.110534480008,2052.706713976186,2055.8771451287193,6592.742623312775
2025-07-05 15:30:00,2049.489025612203,2061.048295200509,2047.557774457073,2053.1536410619756,5427.379934422879
2025-07-05 15:45:00,2074.2011703987177,2077.002450770118,2067.107504380001,2070.400375072755,6953.038192185269
2025-07-05 16:00:00,2064.1167416141247,2070.1659453803736,2061.7191754384853,2069.729607133683,2708.205532665918
2025-07-05 16:15:00,2081.0594160397773,2084.7775651527513,2073.6820317628435,2078.4512848839418,5495.982280009068
2025-07-05 16:30:00,2087.2027580211293,2094.6565538421532,2086.0721087619772,2089.0450387732735,9791.599093883136
2025-07-05 16:45:00,2092.017551399609,2097.4374716333577,2089.2506696245487,2093.2420122948924,5626.245881103292
2025-07-05 17:00:00,2093.734747311651,2095.9554761864806,2084.9934384606768,2088.2995888836253,9932.8016249529
2025-07-05 17:15:00,2082.2929589508244,2093.5679263996335,2082.7910091825684,2081.4857404872996,6191.969932840097
2025-07-05 17:30:00,2101.1002670858106,2111.260584405111,2097.7663919324323,2103.3224465114763,1590.2271879261261
2025-07-05 17:45:00,2110.4227014494677,2116.428379728357,2105.4398943942883,2109.494265995108,2197.0511878179154
2025-07-05 18:00:00,2087.7684970825712,2097.200630133075,2087.1282108628084,2087.2139694050907,5301.715546862254
2025-07-05 18:15:00,2083.618336552885,2081.419004085367,2073.9746788343487,2079.133125376075,9987.166899118307
2025-07-05 18:30:00,2118.813241970221,2121.2127036234883,2114.983725046668,2119.4819756703323,7676.627717541214
2025-07-05 18:45:00,2101.889040421316,2107.4143592272108,2097.5166429958617,2095.6644001717586,9743.815732924404
2025-07-05 19:00:00,2118.5683876641765,2126.7219142196045,2118.1228582401523,2123.8903953309173,6665.790668462186
2025-07-05 19:15:00,2110.3691472179685,2119.937926999198,2110.267401699167,2117.6861906743607,8507.603400298762
2025-07-05 19:30:00,2123.0991663331297,2131.223141760318,2121.3344076568637,2130.487327500656,2969.238311950459
2025-07-05 19:45:00,2134.046849413985,2138.4101772227154,2133.944058443077,2135.954717753795,6003.846513476432
2025-07-05 20:00:00,2154.9694323629587,2157.154289863813,2146.9681697024685,2148.640159450491,1992.8171564359527
2025-07-05 20:15:00,2162.1339949273,2165.2569138134945,2153.2297534445383,2160.7170095197066,8181.69330811599
2025-07-05 20:30:00,2143.0430104383804,2144.7973646339506,2133.741617542493,2140.7987833543293,6181.703750729208
2025-07-05 20:45:00,2157.47288410332,2160.382543137561,2151.097992659369,2159.9216956730197,4285.021240061818
2025-07-05 21:00:00,2156.5921782297914,2168.5768798801846,2156.587143792624,2159.9354567541372,1328.0962918728803
2025-07-05 21:15:00,2162.637049521631,2170.5117265614663,2158.4083641646293,2163.84865773132,6529.897756892569
2025-07-05 21:30:00,2189.8558807231825,2191.344163490538,2183.2377866929305,2189.6581848586907,1480.1617524385438
2025-07-05 21:45:00,2183.848915189925,2195.9299153427996,2184.1775048811874,2188.18960261126,8226.49039512803
2025-07-05 22:00:00,2200.0023299340173,2204.6525313864818,2194.491239244214,2193.084198656626,2035.4784969060581
2025-07-05 22:15:00,2197.570266417826,2199.5459015423394,2192.3318874075762,2196.4045227797815,2756.019693445339
2025-07-05 22:30:00,2184.1090375200433,2194.6288916062667,2183.8326403509673,2184.7780554078136,6524.651706478994
2025-07-05 22:45:00,2215.181717587521,2218.2903905717244,2204.9224263417673,2209.5311908177896,7728.868815372495
2025-07-05 23:00:00,2195.199565130839,2206.552890112955,2197.3915558484305,2203.105338447058,6121.1825962738885
2025-07-05 23:15:00,2173.6451866431985,2180.6986308212236,2168.1163742852973,2173.5408176267733,838.4389766737017
2025-07-05 23:30:00,2187.5499474842222,2196.638189129462,2187.5667772308125,2196.3403169343815,3225.0557231173643
2025-07-05 23:45:00,2207.532736583906,2214.881057999842,2203.8041406886764,2207.8553090314135,8315.033459817541
2025-07-06 00:00:00,2185.42929102689,2189.589342856394,2179.785831178055,2182.45516188113,2921.929498386767
2025-07-06 00:15:00,2164.2074318849845,2168.4992539875975,2159.5105263448945,2160.1655658961413,4240.86795798181
2025-07-06 00:30:00,2197.0355258373565,2200.319215885042,2192.712380939472,2191.946415364143,4095.181136377077
2025-07-06 00:45:00,2197.402171702285,2199.979177249929,2191.140159560395,2192.766049693481,6727.744657584321
2025-07-06 01:00:00,2191.6763566455443,2190.0477357278082,2182.7811265002188,2185.695219612918,1270.2505533438105
2025-07-06 01:15:00,2201.865009215939,2210.309113336568,2198.6185022835766,2200.921697309017,705.7840629077358
2025-07-06 01:30:00,2199.7612653685533,2205.8576717556657,2197.870155793508,2199.973563882335,1587.4881797122785
2025-07-06 01:45:00,2210.4270817001093,2212.881839875442,2199.453002114943,2204.7352907296267,5669.548852638756
2025-07-06 02:00:00,2190.26557159822,2195.794925403646,2188.386831151139,2195.3908308015584,6748.909522728239
2025-07-06 02:15:00,2189.4865706803694,2189.08203349479,2179.834830363463,2188.2081300482937,661.8820797122276
2025-07-06 02:30:00,2199.1955828403707,2200.378706785324,2187.798803880575,2198.936249377095,3855.5335482799765
2025-07-06 02:45:00,2165.4192869098015,2173.284421974089,2160.393813049355,2164.452348327303,5388.8083339497125
2025-07-06 03:00:00,2179.5671791048,2183.404535147444,2171.935919559002,2183.2524391978336,8725.029857557645
2025-07-06 03:15:00,2177.2243819411347,2179.146879760405,2168.296512128557,2173.0747296065465,2551.9645850081165
2025-07-06 03:30:00,2190.6970564385288,2189.9819166218817,2181.345927455659,2191.7600298266957,3262.7287064274365
2025-07-06 03:45:00,2198.51150079106,2207.520394014917,2199.7722549359955,2206.280009942387,3132.2872474624887
2025-07-06 04:00:00,2202.3481588219506,2212.838698672522,2200.0065288261517,2207.731368902047,2207.021691908421
2025-07-06 04:15:00,2234.910556606967,2241.7263371185572,2235.1140544056334,2241.360414893831,1308.3976309996458
2025-07-06 04:30:00,2264.643092961836,2270.879804717542,2264.873195200265,2267.0417438015243,3016.4940348144396
2025-07-06 04:45:00,2260.535740201486,2262.5000593685636,2255.9350539017373,2258.4784479497052,4068.668308870121
2025-07-06 05:00:00,2244.034006876653,2249.3160824756474,2240.007706457403,2244.9466696695463,6025.321230839628
2025-07-06 05:15:00,2240.448405614193,2240.425599402203,2231.359994744644,2235.968104166427,8795.43893509355
2025-07-06 05:30:00,2251.233130680607,2251.8054364279283,2246.129070851808,2243.8436549409703,135.6816768758765
2025-07-06 05:45:00,2264.6222996515844,2269.3181193842083,2258.71472588762,2269.0978819962156,7579.840357002098
2025-07-06 06:00:00,2270.586656382172,2281.9020213823796,2268.9785533022823,2278.159972966435,7293.618894901006
2025-07-06 06:15:00,2279.064184557529,2282.546424778779,2269.6489012842953,2275.9407253587547,9646.183198896135
2025-07-06 06:30:00,2280.4059655017336,2282.4560155413305,2274.5890942581796,2284.0176192547206,1473.984694317306
2025-07-06 06:45:00,2273.242264180474,2281.1330156771573,2270.916747148375,2271.7809028251913,2529.934393589522
2025-07-06 07:00:00,2276.4420246280606,2277.59404913724,2268.4861982011885,2276.075905905724,1365.3706154982467
2025-07-06 07:15:00,2250.367596645341,2260.073659886003,2247.4397323435405,2251.279689581697,6779.527884385948
2025-07-06 07:30:00,2232.5993035365755,2236.4715438133844,2225.9730414724786,2234.279921721746,6518.884701170312
2025-07-06 07:45:00,2234.836135331696,2233.5632761685883,2224.72165453403,2226.4827983766677,9187.706387869861
2025-07-06 08:00:00,2218.1822213516307,2225.7924202900813,2213.262080015767,2220.5318925741253,6480.901943128834
2025-07-06 08:15:00,2217.2146848903185,2221.639327362669,2212.921097871875,2216.935322252685,3443.403815791171
2025-07-06 08:30:00,2214.4876857309596,2222.3537874555454,2209.5005491101047,2213.704800582533,4443.927154672978
2025-07-06 08:45:00,2212.4658642577324,2218.7030564345723,2207.2191455453217,2213.0707188082433,9037.224389887651
2025-07-06 09:00:00,2199.3278155168728,2206.576594000635,2197.3445007187684,2204.4301371414754,9552.70954474515
2025-07-06 09:15:00,2207.9900184019625,2214.0055921981375,2203.593868342326,2211.751805465775,3935.446077541104
2025-07-06 09:30:00,2213.1381240141473,2217.1409992532003,2208.5739522520253,2214.766575933526,7401.0649647323
2025-07-06 09:45:00,2215.872180249061,2220.0934294128733,2214.4912917705747,2214.779093573096,9330.38201516774
2025-07-06 10:00:00,2218.9156230061412,2226.621691386572,2216.5604392613423,2220.423744695046,6989.893606079233
2025-07-06 10:15:00,2200.1716632182765,2201.563579829563,2191.798102921155,2199.982458961053,307.4921400744614
2025-07-06 10:30:00,2201.107643887265,2206.750435856139,2192.969689938271,2202.488484929285,5098.736457511685
2025-07-06 10:45:00,2204.855478462091,2204.703034074368,2196.843472950162,2203.362251304557,2113.4646997112536
2025-07-06 11:00:00,2202.325827202593,2210.661645181293,2200.3111950831326,2203.0220492578987,7835.433959009
2025-07-06 11:15:00,2213.6081423746023,2215.7059475697124,2206.3201744891935,2214.2743546394136,888.1610909945385
2025-07-06 11:30:00,2253.4513279989123,2263.204551292057,2252.257245882998,2258.9754921878457,6416.085867998469
2025-07-06 11:45:00,2243.3952994224546,2246.2622876315886,2237.523793834009,2238.2098094078005,3624.8639454827025
2025-07-06 12:00:00,2246.3002701058813,2247.410008864878,2235.726389434537,2248.3625864794258,4788.367635612944
2025-07-06 12:15:00,2240.7533122511404,2243.834720671652,2237.9675621828355,2238.027303419121,6081.927390075109
2025-07-06 12:30:00,2237.725201423502,2243.6056572243265,2229.6690893070418,2236.45548002204,1049.8496460394476
2025-07-06 12:45:00,2251.8283512644553,2256.1298306076633,2246.902580472323,2247.8177969107237,9992.141740001292
2025-07-06 13:00:00,2263.682187602469,2265.8570592368615,2258.2135664161347,2264.5670589255633,3651.0323063589776
2025-07-06 13:15:00,2229.9275836367638,2236.1047931272906,2230.6773412960406,2230.3945855984007,6058.428310223854
2025-07-06 13:30:00,2255.451320615959,2260.1062957289514,2249.7743612971567,2255.4335467145897,4883.899537891222
2025-07-06 13:45:00,2255.6957926007794,2257.5653348229416,2252.0130506241553,2255.666880779061,8002.760666900651
2025-07-06 14:00:00,2258.3330620766396,2262.7269224030224,2257.253872353933,2261.924430590245,5381.523848946525
2025-07-06 14:15:00,2256.400017300782,2260.8822738818817,2254.067892913836,2256.592945750333,4740.986972393323
2025-07-06 14:30:00,2236.2947977319836,2233.6928285852855,2223.7785002010824,2229.3543719514614,8292.914068746588
2025-07-06 14:45:00,2235.5331366240493,2238.0301221387667,2231.6820266579357,2238.9627327680955,7378.153744889885
2025-07-06 15:00:00,2245.6371305584826,2248.1188592958806,2234.783910908103,2246.2705590332102,7914.719387200301
2025-07-06 15:15:00,2216.373655755039,2221.683764336119,2213.5295903311517,2216.4016683040536,7871.85743544724
2025-07-06 15:30:00,2222.4337993641307,2226.2127162672873,2215.046428887743,2221.4198587149276,1434.0066482559716
2025-07-06 15:45:00,2227.484410120033,2228.445063945223,2219.662839207735,2229.4489502227325,9247.781480008047
2025-07-06 16:00:00,2214.9450439511284,2222.249376390277,2214.5532158729907,2215.332461772629,5000.342139948239
2025-07-06 16:15:00,2234.4022491333817,2240.2794552240152,2232.3368811335836,2231.3643346570666,2379.593159136388
2025-07-06 16:30:00,2225.535365754196,2229.630273792157,2220.7396683636543,2224.7621690468745,7583.710778808699
2025-07-06 16:45:00,2236.781182284707,2247.689802954291,2237.147113737739,2235.4428955718763,8210.264439537077
2025-07-06 17:00:00,2207.6948537380317,2212.72570346841,2203.389941759305,2204.2795180031612,6458.907887078063
2025-07-06 17:15:00,2201.146974555994,2201.136823912344,2194.6384930695385,2200.1603125026786,1574.456457021004
2025-07-06 17:30:00,2182.7337833964443,2188.530014443394,2182.050036088371,2186.2630663422788,2321.4896738390216
2025-07-06 17:45:00,2194.0537656341326,2195.209727482379,2185.2585418488065,2189.694890244115,3227.596682202904
2025-07-06 18:00:00,2187.1367959667523,2195.4953150107376,2188.259575434516,2192.9993780141235,147.20201334903174
2025-07-06 18:15:00,2182.601544736806,2193.528439962228,2182.909363224972,2183.1518610179437,426.2273329717108
2025-07-06 18:30:00,2205.003305888157,2207.4560048275393,2199.827081264347,2201.516021690518,1660.8482637673849
2025-07-06 18:45:00,2186.703060474211,2195.2150403065084,2185.7100343390575,2188.649596121983,5946.960356256448
2025-07-06 19:00:00,2170.825463456494,2178.0488062763566,2169.523728012704,2174.169353868389,4087.6379085842677
2025-07-06 19:15:00,2199.976174902515,2203.017763075298,2194.31466639239,2194.3824906996133,4973.490005179939
2025-07-06 19:30:00,2193.526925425281,2203.9933761050866,2191.1831017962763,2194.233449960125,6000.263748497546
2025-07-06 19:45:00,2195.5288003167434,2204.8546951491717,2192.9053792202094,2198.8515942819213,3516.088455849684
2025-07-06 20:00:00,2184.402874650328,2185.0447622571105,2178.3311314423227,2182.281837240164,3934.6861084118436
2025-07-06 20:15:00,2192.8056579100303,2204.9184343770903,2193.175066748683,2196.404971772981,3782.5136124141504
2025-07-06 20:30:00,2216.1068729202852,2221.8799887939526,2212.628110068007,2214.39580346751,6125.147562463937
2025-07-06 20:45:00,2218.3523406829727,2220.9903342158836,2211.9151031649903,2220.597318473777,6416.962598833975
2025-07-06 21:00:00,2207.6100156090165,2214.0707241426476,2204.665079847591,2208.0035105672114,4435.583804287966
2025-07-06 21:15:00,2212.690306177551,2218.025795772689,2207.1680805972533,2210.79811703056,148.76440168229286
2025-07-06 21:30:00,2220.3840688390687,2232.9344607546095,2218.0041894927513,2227.7794773740225,4670.225477176138
2025-07-06 21:45:00,2225.329444091865,2227.274675098256,2216.9999872628755,2224.5380089377923,4441.34060548495
2025-07-06 22:00:00,2221.4185481571244,2231.079438474105,2220.5162558254547,2229.6523821813917,4560.74830986381
2025-07-06 22:15:00,2197.3405100772484,2203.3313732248953,2195.5460649146435,2195.4654263379307,1290.8363389793242
2025-07-06 22:30:00,2191.161504623511,2194.043157360233,2186.4670307378733,2191.7420942847248,594.7428214179606
2025-07-06 22:45:00,2182.9966232025345,2189.1956175219857,2182.34787850356,2190.47805283092,8358.194086213854
2025-07-06 23:00:00,2201.614484893615,2208.5584196844184,2202.1901264661947,2203.7754504004943,2507.2851383918487
2025-07-06 23:15:00,2185.5037272805184,2193.4291089229646,2183.6497047056528,2189.6207201983066,5654.042261163831
2025-07-06 23:30:00,2190.6586220694694,2202.3800159394686,2187.6576777878995,2193.0870480670333,312.812262290044
2025-07-06 23:45:00,2205.4967940444176,2210.7142871634906,2204.491251773242,2210.131282365204,7611.243908414444
2025-07-07 00:00:00,2222.687733820408,2224.795623897835,2214.2731936665123,2220.1820671264495,2639.8847362043484
2025-07-07 00:15:00,2196.1911898501685,2201.162157555716,2193.3341383339534,2200.6268276055657,3071.610354475615
2025-07-07 00:30:00,2192.9771778635645,2193.2128972484816,2186.8649813930774,2190.6104085887687,112.46713305652113
2025-07-07 00:45:00,2190.845698601012,2198.0862285986736,2188.027675208435,2191.797366217565,7966.786455204325
2025-07-07 01:00:00,2221.096501495347,2224.147779367519,2215.011785946354,2217.454638310782,704.5796273893145
2025-07-07 01:15:00,2200.6022735787037,2209.050757238445,2194.9963166585135,2205.4289746719455,3211.9852549701372
2025-07-07 01:30:00,2195.743680924094,2204.0510084116236,2190.1404442671364,2199.039286162513,5825.658288821715
2025-07-07 01:45:00,2218.4857206603865,2221.0615062043266,2210.4359088179663,2218.096524171123,5329.358421126503
2025-07-07 02:00:00,2200.9950498616195,2211.520920565905,2199.7903390722745,2201.2438620230546,1437.1866962438364
2025-07-07 02:15:00,2222.4900576543387,2225.882746221786,2217.2740205007667,2221.648163390743,2141.8103754759495
2025-07-07 02:30:00,2217.89397562174,2223.37478978606,2215.6688366153076,2220.7202570860436,7877.381120563905
2025-07-07 02:45:00,2221.972336224341,2226.8076335704486,2215.290950452686,2220.6797905628105,8039.004807399825
2025-07-07 03:00:00,2209.5796277015174,2215.132959984086,2206.4002262531744,2209.6637631445965,6631.004636907174
2025-07-07 03:15:00,2221.667418820997,2228.690839236212,2219.247525409223,2224.629512386629,9221.318973019597
2025-07-07 03:30:00,2222.744568891109,2231.267181714344,2221.117688835419,2223.9832562790416,6556.719451141397
2025-07-07 03:45:00,2217.212846341185,2225.1222281115292,2216.2704726205116,2221.3434892220876,2413.610150949472
2025-07-07 04:00:00,2228.5304168531293,2230.4496588404586,2220.1198953251287,2220.8691719125195,1073.4296231279732
2025-07-07 04:15:00,2215.7514485529664,2221.746985756135,2215.3652045012946,2217.4736592839404,8885.369665280512
2025-07-07 04:30:00,2241.1398133110115,2245.775155092252,2238.7749879731055,2245.5277761073935,5620.76223531942
2025-07-07 04:45:00,2249.872896137598,2257.136224139696,2248.0271505591213,2247.3073305768467,1243.264308922591
2025-07-07 05:00:00,2261.914484714137,2267.079404924677,2257.4607465585573,2262.6991725449225,8484.5204057718
2025-07-07 05:15:00,2230.5606615851325,2230.2688273930944,2223.484547126689,2227.7259952037375,5228.021541887484
2025-07-07 05:30:00,2222.4908507916703,2228.5320272826357,2216.7140448151667,2223.6748520210467,3434.2856127437913
2025-07-07 05:45:00,2239.4021592779195,2244.8013004408745,2233.386330716671,2244.3709986406143,7126.635605985307
2025-07-07 06:00:00,2225.079680427547,2228.864744902412,2218.4979211925483,2222.801533458987,3031.179788842992
2025-07-07 06:15:00,2232.721050158477,2237.5804646066713,2225.74372101073,2231.6614601546867,1849.2004000961074
2025-07-07 06:30:00,2224.004445098752,2226.4594257145245,2216.0365047679143,2219.2388255674,743.8444854568531
2025-07-07 06:45:00,2223.6216013681274,2228.8070575562883,2216.9426641505174,2227.686389784329,4084.728944832484
2025-07-07 07:00:00,2218.97009009147,2225.4675321639297,2210.37981509548,2221.612782686674,2663.0129794603777
2025-07-07 07:15:00,2237.1784707767874,2241.4072882035834,2229.6928329675775,2237.51206978529,6433.837370604218
2025-07-07 07:30:00,2211.0180964833835,2212.4534622881356,2201.595187202132,2202.6541508238697,6785.1415176762985
2025-07-07 07:45:00,2207.1002499695733,2210.377301537129,2198.809262580329,2204.737776920429,1835.709995720942
2025-07-07 08:00:00,2184.055636137528,2183.972312588871,2174.0709103445806,2181.062173286813,2726.4683153557758
2025-07-07 08:15:00,2176.9716083337794,2177.5137229750067,2169.4164218024457,2168.7493783775562,9127.412928089107
2025-07-07 08:30:00,2185.909642422448,2186.896720481649,2177.213126549456,2188.3405384051493,9936.07914751426
2025-07-07 08:45:00,2179.735472076347,2180.2155411871004,2168.8427939052413,2178.843954777445,1984.6938203278291
2025-07-07 09:00:00,2216.0547965003193,2218.9725685622743,2212.5481725409304,2213.97501206161,5033.892044858163
2025-07-07 09:15:00,2223.9846881812946,2233.592672366666,2220.9250146540217,2226.192052852673,8914.186228200891
2025-07-07 09:30:00,2229.4354210799197,2236.7120181759146,2225.500760625321,2228.6369076049036,2514.2492624858983
2025-07-07 09:45:00,2241.690351358,2248.098575329957,2237.562009334677,2243.9301186187236,8731.576428882852
2025-07-07 10:00:00,2248.8382670003193,2253.934491118398,2243.8784174392185,2252.3331439813937,9967.320949182224
2025-07-07 10:15:00,2226.8973348679137,2234.743328046719,2220.930072470567,2225.322254380362,5359.282794653513
2025-07-07 10:30:00,2231.8311009168583,2237.937101769455,2226.3149902570585,2234.437774510265,855.5681833188274
2025-07-07 10:45:00,2239.63406776811,2248.2781273993205,2235.7823200278276,2242.076402633875,1639.6250981393277
2025-07-07 11:00:00,2247.7731437768834,2246.2606690180005,2239.8651341902473,2238.37145101905,4542.525883151175
2025-07-07 11:15:00,2228.0902931970472,2240.426189061301,2227.14012906852,2234.34064397305,7832.941544431697
2025-07-07 11:30:00,2217.6618583979853,2220.8893478053105,2214.9985234516294,2214.097283721589,1990.2102513447844
2025-07-07 11:45:00,2200.369661626493,2206.689300352819,2200.0522030477846,2203.8453534343075,4458.879172247348
2025-07-07 12:00:00,2215.1175309604805,2220.5045774856826,2211.3993260386997,2215.4751378572855,4504.715834125498
2025-07-07 12:15:00,2200.955716939758,2209.02905525447,2201.551713003737,2208.440540772712,6559.367664834688
2025-07-07 12:30:00,2198.9807031140385,2203.4062425333914,2194.509712631926,2198.3635471222387,9485.610690468377
2025-07-07 12:45:00,2211.2400726641454,2218.006251023011,2210.458510946196,2215.882259482828,4066.9026766745023
2025-07-07 13:00:00,2217.2916207338544,2223.8872210215104,2212.4437861385236,2219.3413774424894,3048.5510628384295
2025-07-07 13:15:00,2208.340868698645,2211.7882608603836,2204.686360031376,2211.691451099565,6148.504948096973
2025-07-07 13:30:00,2211.8837636100716,2214.4489813896816,2200.215004560158,2211.590968160871,7506.471986057446
2025-07-07 13:45:00,2213.279956761741,2211.773383354343,2205.1578877524603,2211.5728873099265,1984.6061061570256
2025-07-07 14:00:00,2192.59347303644,2197.545328172938,2187.201668313115,2188.912389910555,1018.7507030668439
2025-07-07 14:15:00,2194.547522993696,2201.7393391639944,2196.032977432648,2198.757505981256,7130.456812764242
2025-07-07 14:30:00,2201.068262974816,2206.4526876434097,2195.7410532863173,2194.1155794220385,6207.850140357869
2025-07-07 14:45:00,2195.8311999493944,2204.107132762954,2194.032507632313,2195.639495273389,5946.11430196786
2025-07-07 15:00:00,2208.9274413140406,2211.059191694347,2199.1205143394377,2201.382227603899,9867.738047049066
2025-07-07 15:15:00,2222.5674526241455,2233.0538559487545,2221.125423243159,2227.2917743024955,8573.720666879148
2025-07-07 15:30:00,2196.57911848214,2206.0370090574747,2196.3322489308516,2198.1372917939757,3343.5036048005454
2025-07-07 15:45:00,2213.159681632843,2211.5170549048357,2203.240306090905,2208.8087453191292,3945.1874774515104
2025-07-07 16:00:00,2176.1156495265263,2181.591766314226,2167.3767192250566,2175.0584395825426,456.1737306712638
2025-07-07 16:15:00,2176.919470944487,2184.342343463433,2176.317836358946,2183.9172633718804,4224.434378823334
2025-07-07 16:30:00,2189.6554250581544,2195.1181627844344,2189.000833517551,2188.5156604966046,7667.014184881563
2025-07-07 16:45:00,2183.108723441401,2183.0822738907523,2173.1139389102527,2184.106644442701,4901.440390115859
2025-07-07 17:00:00,2199.02283653889,2210.5623811178834,2199.402472033847,2203.4155140228677,9521.138457363466
2025-07-07 17:15:00,2226.481682497706,2235.048161704773,2221.282072805312,2232.6783204823814,6506.56054108951
2025-07-07 17:30:00,2244.2610072483108,2246.919244134724,2238.702082797581,2242.2829107964226,3855.977930724721
2025-07-07 17:45:00,2246.203600842593,2245.3224381857262,2235.0961424832767,2238.4123851550257,8237.033556808914
2025-07-07 18:00:00,2227.9321586271362,2235.977211204316,2225.3759234676136,2225.678320046892,4946.777076492373
2025-07-07 18:15:00,2233.162760149189,2235.093474077049,2229.983217863839,2233.065138031716,1056.4945666709646
2025-07-07 18:30:00,2219.529969339035,2224.443554055854,2215.1360607172624,2218.567516475797,7495.729357762674
2025-07-07 18:45:00,2214.237191075463,2214.1615101956286,2204.509404843659,2208.864345117415,2847.6981118776803
2025-07-07 19:00:00,2197.5190080032676,2202.792950750994,2197.454051237377,2199.462826377735,3663.6022379340957
2025-07-07 19:15:00,2205.318038407681,2212.039208948036,2202.037247274876,2202.2285913821847,4780.673186724608
2025-07-07 19:30:00,2181.8312762952587,2184.650904260161,2176.5280894271355,2175.6415264557486,5613.078599376421
2025-07-07 19:45:00,2189.0054193071205,2197.1007161267044,2185.8253604759466,2193.630049404436,3052.3531877153605
2025-07-07 20:00:00,2207.116243338702,2207.6616437284147,2199.127383602346,2199.7310653193217,2369.2193833249285
2025-07-07 20:15:00,2229.623338084543,2237.258439577555,2228.836837537728,2239.069630545354,5411.85369979333
2025-07-07 20:30:00,2233.402635972438,2241.7721128534686,2234.8620016355117,2235.878831610967,9940.173660737248
2025-07-07 20:45:00,2245.2557688665706,2246.6774506490433,2239.6907352608155,2239.91056119148,5404.133786751332
2025-07-07 21:00:00,2232.2592374253422,2233.9096852984244,2226.59508610906,2230.9523772853254,6500.414803017712
2025-07-07 21:15:00,2255.117128224626,2261.000232706735,2245.3502275999526,2256.5741717239803,6211.1646112755725
2025-07-07 21:30:00,2253.931545490009,2259.0006638404247,2253.533429759968,2259.6734472248927,1670.9482945106333
2025-07-07 21:45:00,2245.776949103063,2247.2706855056317,2239.7734140515754,2239.348129644492,9083.70927799055
2025-07-07 22:00:00,2234.3272942497956,2245.1336687910116,2232.689062690564,2240.099758672481,4865.573255056492
2025-07-07 22:15:00,2258.775462334355,2268.441979694511,2257.9372318389023,2256.4068278268114,6957.630303175771
2025-07-07 22:30:00,2249.4624425505153,2259.697579778019,2246.201277859687,2256.1414128506526,9139.109299358926
2025-07-07 22:45:00,2274.5169270351284,2283.0713682059472,2271.79527322451,2278.511387688454,713.8877444235367
2025-07-07 23:00:00,2272.4023746696394,2276.8549124488472,2265.7277747139324,2273.785554586263,147.04431786418073
2025-07-07 23:15:00,2228.706290740534,2237.35315915627,2227.4242928321573,2229.0999414262546,1693.2887675265029
2025-07-07 23:30:00,2234.230753178519,2244.485443064537,2232.6428724139087,2239.6271986589863,7818.579481956342
2025-07-07 23:45:00,2226.910536929599,2235.845826023692,2227.846119297544,2230.533833553581,5025.194177788869
2025-07-08 00:00:00,2254.84050115066,2256.7466571033906,2251.986092542375,2251.058845900287,6695.709270826039
2025-07-08 00:15:00,2263.507728918451,2264.3989695615546,2253.2111165241827,2259.7174534064466,3006.1620108406446
2025-07-08 00:30:00,2256.4209723419426,2266.5364441339725,2256.912714724154,2263.868885569777,646.6563078514873
2025-07-08 00:45:00,2264.882204761285,2271.112302933761,2263.108756584801,2265.0907680053774,6341.389063534309
2025-07-08 01:00:00,2279.2590752891388,2285.08918314992,2275.1436681550867,2280.154493456148,7970.488800877467
2025-07-08 01:15:00,2277.0176446901364,2288.010485946229,2277.7758347683357,2284.5042321681744,880.5557550713722
2025-07-08 01:30:00,2259.9504074178485,2267.7340909263385,2261.6664761355664,2260.055875397944,5678.716501486145
2025-07-08 01:45:00,2257.402098298354,2267.690535579526,2256.37544030778,2258.7503276601738,6278.6299393358695
2025-07-08 02:00:00,2261.444655992915,2268.570563913121,2258.359653688648,2266.9071262437615,5007.454365374056
2025-07-08 02:15:00,2283.1267051344803,2293.0301215904997,2278.655568492223,2284.1608965668797,6078.565808546556
2025-07-08 02:30:00,2280.42945547354,2279.4318266297105,2271.894227319817,2276.8225742429636,310.8157733358157
2025-07-08 02:45:00,2297.209011480709,2306.200870441524,2295.1442182759365,2302.3023458762414,3383.166902337459
2025-07-08 03:00:00,2287.4264917862806,2296.1459752210203,2282.0853932185632,2286.805404619778,6412.541498174871
2025-07-08 03:15:00,2286.9767399852094,2294.9492886923776,2285.4536165731665,2292.4228226576133,5641.137444784547
2025-07-08 03:30:00,2299.8304290494125,2308.308800617302,2298.145372004448,2303.985209524076,6952.733657231152
2025-07-08 03:45:00,2307.1965499107905,2309.482916862302,2299.212609138409,2301.9561009001054,3814.8590825364035
2025-07-08 04:00:00,2324.436024948987,2325.8282030855826,2317.084106808119,2326.6552381841393,7366.287242236213
2025-07-08 04:15:00,2335.996435534685,2334.345342254259,2326.0069054554415,2333.525939022338,5314.710894817463
2025-07-08 04:30:00,2328.87235511836,2333.541107114243,2325.0621663234574,2331.5615515955724,8558.168435923693
2025-07-08 04:45:00,2311.940702469048,2316.049136217255,2307.0312872004242,2311.749210234501,3738.266273727188
2025-07-08 05:00:00,2325.205925838205,2326.7260618288115,2316.2804751708704,2323.1548321663795,4675.108901977441
2025-07-08 05:15:00,2311.1008469512426,2314.041548650701,2302.25868629881,2304.6428186588,1087.946118557858
2025-07-08 05:30:00,2309.7206509503944,2315.593857347534,2309.3685568608803,2316.6030547135806,2305.405797914363
2025-07-08 05:45:00,2338.311858399599,2349.1383899144626,2336.0764339960533,2337.8944785581966,8344.300711882164
2025-07-08 06:00:00,2340.0741208149707,2342.3954842223466,2329.7102463822557,2337.5071702732794,5384.556524921223
2025-07-08 06:15:00,2360.6540600483586,2362.946710775421,2352.1448028109303,2360.266859257065,8781.757333627833
2025-07-08 06:30:00,2349.0041126123606,2353.615663372859,2346.222144425345,2351.4845747937857,7892.708279802039
2025-07-08 06:45:00,2344.32878801705,2346.5315116568363,2332.1165242436796,2335.275866700612,7562.070594624568
2025-07-08 07:00:00,2329.9281323752,2340.1841901258235,2326.304366890442,2333.017821825462,8084.567507010309
2025-07-08 07:15:00,2355.0390073643707,2362.2267988124604,2351.5713634438775,2360.342802046455,743.3756086251032
2025-07-08 07:30:00,2364.5378143194353,2372.2338876105446,2358.3492291056027,2363.6859872869795,3434.7032287861734
2025-07-08 07:45:00,2368.0292469901656,2371.0625566797507,2361.0190754563987,2370.89850360135,6980.568432336621
2025-07-08 08:00:00,2385.1465181056415,2385.360142788272,2375.0922907175022,2387.225692750401,1702.4817059297404
2025-07-08 08:15:00,2350.139658755349,2358.1217682810416,2347.913200436913,2353.9842598593996,1491.0281909313019
2025-07-08 08:30:00,2341.987210666483,2344.8078007459644,2335.8140317083535,2335.5891405194043,9411.591829528861
2025-07-08 08:45:00,2314.7524210266474,2316.5048837184054,2303.4049136113395,2312.0236155573384,5025.7675406860535
2025-07-08 09:00:00,2295.625747206445,2304.4514344740005,2294.816008781206,2301.375287430288,5321.037150793372
2025-07-08 09:15:00,2307.315097514538,2312.068125924584,2303.3154230276045,2306.786234851364,3911.8499541512942
2025-07-08 09:30:00,2299.5624893529825,2297.508221316132,2288.666773939477,2297.4255507095804,2461.273059544504
2025-07-08 09:45:00,2280.0566180608057,2279.6647207052733,2271.8325868634615,2279.1527130033255,6937.561283095919
2025-07-08 10:00:00,2297.819882423617,2307.5117843282333,2293.8366094255025,2304.965359178785,4125.415620291954
2025-07-08 10:15:00,2295.836833087314,2297.7788415879136,2289.7600362748344,2297.926967437824,2437.0141871174255
2025-07-08 10:30:00,2266.655505979347,2271.8425333400733,2262.716047316917,2269.6924440935054,7197.5035146020755
2025-07-08 10:45:00,2290.2325194251775,2289.542979501954,2284.3024942415855,2291.7819843374973,3191.982697869505
2025-07-08 11:00:00,2294.2905390834,2298.819461426134,2290.2188028896867,2291.3199336431517,5367.733521502701
2025-07-08 11:15:00,2283.2443376850347,2285.0450601519515,2275.3825764552835,2279.992668136464,9227.62057259944
2025-07-08 11:30:00,2269.512816648794,2277.738564692212,2262.200074043993,2270.045504016391,2862.35136842181
2025-07-08 11:45:00,2283.971732734188,2290.6466754868884,2279.5905295749885,2279.7873684385013,120.88019178696061
2025-07-08 12:00:00,2288.814481202829,2295.8358294564136,2284.746119724761,2291.718001739528,1022.1814222133952
2025-07-08 12:15:00,2275.292999343152,2286.3232182755773,2277.1495447495677,2282.537140680515,1006.0286940232226
2025-07-08 12:30:00,2287.9160967759085,2288.742765556409,2279.555679081613,2287.6316649525797,6872.670488400854
2025-07-08 12:45:00,2277.3780356498805,2283.7583985390756,2273.0702819298194,2278.076527310408,7553.186962598332
2025-07-08 13:00:00,2269.844753250832,2276.968650966159,2268.118367433383,2275.997115596375,9736.782533556161
2025-07-08 13:15:00,2238.945600234472,2246.923126520749,2237.723027335071,2242.101640220762,649.3351106967681
2025-07-08 13:30:00,2249.1025990713565,2248.422456028629,2237.058117156932,2249.349702995056,9293.619429183962
2025-07-08 13:45:00,2246.6870588764195,2248.8235167255666,2235.4668785717863,2244.4234357715272,1737.8696549344832
2025-07-08 14:00:00,2237.873961839325,2239.3200187309953,2230.4400632661645,2234.761531877617,1019.557971272883
2025-07-08 14:15:00,2231.691612014244,2233.371844411039,2218.816224318607,2223.246713495962,3587.421838816075
2025-07-08 14:30:00,2231.44969572323,2241.6544916236826,2229.488289631664,2237.064953514433,1875.1078283479849
2025-07-08 14:45:00,2252.7614864114453,2260.1036181789455,2246.881643825372,2249.5978238786006,4757.280688957282
2025-07-08 15:00:00,2261.262194485818,2268.2670867891434,2258.1114051502864,2265.309063462127,7005.882884030307
2025-07-08 15:15:00,2248.0813078075494,2249.998757914729,2238.3991741008585,2238.9952486186526,3934.23635084027
2025-07-08 15:30:00,2245.0597104647677,2255.8838814336677,2246.837587389999,2249.704869634371,1625.417943071056
2025-07-08 15:45:00,2280.7009307645403,2281.110794200951,2272.4254315681337,2277.1570494505554,6239.075338727365
2025-07-08 16:00:00,2279.1551934793492,2289.3771867505952,2274.837140712361,2285.12938857268,5693.080211091868
2025-07-08 16:15:00,2296.398913016227,2307.791766119078,2292.0714101496587,2301.3885751476764,6524.237462695957
2025-07-08 16:30:00,2291.3490595484127,2298.398512802348,2289.8352352807424,2295.1500497345132,7944.901013483311
2025-07-08 16:45:00,2284.3425193068038,2296.312595759069,2283.7050353974437,2288.28773537985,104.59169608547427
2025-07-08 17:00:00,2316.617165934664,2324.8395971484188,2312.473442394871,2319.2677923228284,3208.744130571204
2025-07-08 17:15:00,2321.636919315617,2324.5494067641403,2316.064462543181,2323.5496652369643,7437.459625968864
2025-07-08 17:30:00,2327.6048708562753,2338.1606632712287,2327.27776551779,2330.749399327301,475.5528172509533
2025-07-08 17:45:00,2345.03523492939,2348.9914303742794,2338.192246244097,2345.445682073544,8812.955753949804
2025-07-08 18:00:00,2345.453780143183,2356.3716300200317,2343.6986769130262,2354.05081537357,7274.029247891318
2025-07-08 18:15:00,2333.555620624993,2342.643128121844,2335.781536309323,2337.0882850401804,7627.650830844864
2025-07-08 18:30:00,2330.733895612469,2331.488888418363,2324.7033515928683,2327.181330656356,5631.6222574043795
2025-07-08 18:45:00,2293.1212287092208,2301.7093800672446,2289.99262950891,2299.8187784026227,9000.863841053037
2025-07-08 19:00:00,2311.460054177424,2315.8886301442703,2305.5942783070223,2305.958613043459,2991.0496419959363
2025-07-08 19:15:00,2327.8399980771987,2334.139819672984,2320.840011513229,2323.476042914223,6938.245741990324
2025-07-08 19:30:00,2318.809039748018,2329.5329493927497,2316.8163423939473,2326.4801675427634,3276.6663583936183
2025-07-08 19:45:00,2312.1771205955756,2313.5707840338123,2305.6195649974634,2306.495871374546,5034.820160081507
2025-07-08 20:00:00,2313.820405488212,2318.4649303566016,2309.989118193946,2320.1876100690893,1305.8547641519804
2025-07-08 20:15:00,2291.3104337889577,2299.5583858740697,2285.459670722391,2290.441146343973,7986.058081348626
2025-07-08 20:30:00,2303.6183327673607,2310.771435199605,2299.987026776267,2303.499280977758,6536.015229741708
2025-07-08 20:45:00,2320.20031657621,2322.006392307291,2313.783232549481,2312.173548772762,896.8531245037592
2025-07-08 21:00:00,2330.210178500459,2338.359801515842,2328.1547259779904,2338.2968956675313,4743.530923946232
2025-07-08 21:15:00,2342.1931540450923,2349.7362193262766,2334.428361975317,2340.1435015818433,4128.136545023049
2025-07-08 21:30:00,2325.496075071149,2336.749200777159,2323.504404188176,2325.092976584832,2139.1253170807054
2025-07-08 21:45:00,2329.4560458123374,2336.8485900045016,2326.914944088971,2330.247455430258,3724.8500117646545
2025-07-08 22:00:00,2359.6398062717626,2367.2838780547418,2355.585155129322,2361.0872833925246,1950.4218192441197
2025-07-08 22:15:00,2372.707400622665,2383.2745070845253,2372.1573337066543,2375.812805445583,6233.266483777
2025-07-08 22:30:00,2392.410658903938,2395.7848266244723,2384.1748757612304,2387.1158739366115,7497.1136027133625
2025-07-08 22:45:00,2387.0592713541214,2388.5781843239297,2382.5564618477556,2381.2255611828987,2786.2479072613355
2025-07-08 23:00:00,2386.9085997696434,2393.930130345868,2382.8729404882747,2393.0790297276267,3099.9790063548253
2025-07-08 23:15:00,2399.0567143358903,2405.774249573834,2393.437542459119,2400.1235533301247,4093.250063131528
2025-07-08 23:30:00,2394.802820318627,2400.7163415693585,2391.6674030894715,2398.6914836739174,9067.939673419827
2025-07-08 23:45:00,2399.3233240768063,2409.7835708465964,2399.6781248322536,2399.0554125297194,6900.7607388042115
2025-07-09 00:00:00,2367.21567426139,2374.2496690532516,2363.674628540615,2375.223578629809,3556.467352969023
2025-07-09 00:15:00,2360.0955793287053,2366.167821307152,2356.967653849252,2364.390432710335,2745.8689836855974
2025-07-09 00:30:00,2351.433112317135,2358.684672952166,2348.8755549251546,2351.2425922759726,3657.379416107122
2025-07-09 00:45:00,2353.7997917137536,2353.5654336734046,2346.698711279832,2348.9636182596505,2532.237588262818
2025-07-09 01:00:00,2318.2019554358085,2323.594978915035,2316.0666378914343,2316.661394763758,7112.719656655821
2025-07-09 01:15:00,2307.1913807334086,2314.4810169145735,2302.3005812157585,2303.5179784351326,260.42539332881165
2025-07-09 01:30:00,2352.906416788007,2355.5325022586067,2341.8373603115774,2346.1579295217093,1724.6355055021697
2025-07-09 01:45:00,2332.6103530530067,2331.300527985878,2324.5087863464437,2327.8935838387943,9695.055440520846
2025-07-09 02:00:00,2304.0957326028333,2308.981624511435,2295.90137191491,2301.778886404316,7433.576944511469
2025-07-09 02:15:00,2304.9612537076428,2309.219172348788,2294.3055662090537,2303.9215139023217,3321.7710343737886
2025-07-09 02:30:00,2285.570879926595,2289.361025307942,2278.028000878543,2289.227115899472,844.3270545179466
2025-07-09 02:45:00,2294.758918907853,2300.6218472807964,2294.155979763232,2294.221794622963,1724.8297270493272
2025-07-09 03:00:00,2316.3484276641516,2326.969795525468,2311.332990117906,2316.2577124775867,1361.5174180838985
2025-07-09 03:15:00,2331.458814536319,2336.4521295226095,2330.0296578290486,2339.038986209901,4075.245586177783
2025-07-09 03:30:00,2333.121261679737,2338.7307091015114,2332.2752108452123,2332.4994452035016,9730.936015105066
2025-07-09 03:45:00,2324.1333275778716,2329.7307852184604,2316.51860075403,2322.7915022981892,7672.504782435129
2025-07-09 04:00:00,2319.2765364415486,2321.4668088980193,2311.0928630158296,2313.8440693768644,5217.85324998063
2025-07-09 04:15:00,2312.905156947829,2319.420594200372,2305.9839675341923,2308.128449418768,3357.2940779236633
2025-07-09 04:30:00,2309.148929832514,2315.006957945716,2303.6215726637797,2313.416016829619,8502.632705087015
2025-07-09 04:45:00,2303.9598755660936,2309.7687238196177,2295.4513369530478,2304.302424548203,9144.656791251147
2025-07-09 05:00:00,2280.1332532935126,2290.273500479292,2280.949017577153,2286.652395263619,9416.156001747344
2025-07-09 05:15:00,2256.687040220799,2266.478176130706,2254.0839036265356,2258.092537740834,6498.593183531954
2025-07-09 05:30:00,2247.110057803767,2252.1533328664073,2240.983331964905,2244.1595738136616,3407.3944826701
2025-07-09 05:45:00,2253.9729077907455,2258.8001797642805,2248.4715175114566,2252.1047049036474,8022.57090757738
2025-07-09 06:00:00,2266.3325841799733,2269.4738737154375,2258.337307216761,2259.550654913208,6554.804003908198
2025-07-09 06:15:00,2251.7693180234323,2256.959451370377,2246.815510646776,2255.7563236849355,461.717205884513
2025-07-09 06:30:00,2211.1885637066684,2220.1097289978175,2209.9908977682,2213.633408810724,9649.662205045144
2025-07-09 06:45:00,2235.649700459313,2239.6341153873295,2228.7323007062555,2229.841344837958,3384.200327764093
2025-07-09 07:00:00,2221.493814161609,2225.93595311726,2217.147875854613,2219.7578646286725,4143.667946279835
2025-07-09 07:15:00,2224.8320225867205,2232.4054045805206,2218.309129225831,2227.370004520503,8877.435776013273
2025-07-09 07:30:00,2238.269079066163,2239.4993312914894,2233.324965942487,2233.814618799845,8114.05994509493
2025-07-09 07:45:00,2212.0299901055682,2211.412368543222,2204.4224255846057,2203.538268194404,988.4260060795178
2025-07-09 08:00:00,2217.915145464852,2224.940528865997,2210.5605885404525,2220.997804063228,5369.304864769134
2025-07-09 08:15:00,2209.0287569354537,2214.046587174207,2200.0536824540345,2206.43183365105,4021.427236119524
2025-07-09 08:30:00,2209.2320570060438,2207.0002534896225,2197.4858585813786,2209.7060766572586,5209.577300571389
2025-07-09 08:45:00,2179.6404689415613,2186.1353834589563,2171.2086345191055,2180.714869475348,9168.593298099246
2025-07-09 09:00:00,2197.8885837657303,2198.360638629915,2191.3382728671477,2189.0906130083886,2307.696653381559
2025-07-09 09:15:00,2167.511515455146,2176.915349105521,2165.2397955150514,2173.925555422266,2161.0499575338517
2025-07-09 09:30:00,2173.47362223317,2178.248334928851,2164.1052194009935,2172.2609312178083,9128.406862319582
2025-07-09 09:45:00,2157.205608697457,2161.209277383428,2149.672072478924,2154.4707107257823,1015.7577455615706
2025-07-09 10:00:00,2178.786580036086,2180.273480774608,2168.0449808790922,2175.6612014498905,2319.6986592212143
2025-07-09 10:15:00,2174.0662851648585,2179.8617223235683,2166.5280547653992,2171.9280201967567,8469.347006720978
2025-07-09 10:30:00,2173.7093851696895,2185.7129266620777,2176.14188275957,2177.782896590482,9720.496275211155
2025-07-09 10:45:00,2152.6572596380856,2160.412462210487,2150.4530014831494,2151.605671058935,489.2363795768703
2025-07-09 11:00:00,2165.4391004343624,2172.410625584162,2159.2685316665543,2165.577134358736,8157.6304455398395
2025-07-09 11:15:00,2184.907173075606,2189.711354576443,2179.961305500182,2181.203865570916,3388.5052599686082
2025-07-09 11:30:00,2188.0738136043265,2192.7878244458648,2183.440168465983,2185.1884097523266,7442.636690601275
2025-07-09 11:45:00,2200.9017247618017,2203.8519305771606,2190.9804213018274,2191.9325787952907,8143.2711644330275
2025-07-09 12:00:00,2187.988910947318,2189.072249837249,2177.945010658019,2182.7732044180534,9729.839739592611
2025-07-09 12:15:00,2167.5163301853095,2168.832041668383,2161.2534156410857,2161.192784267938,9397.219374487519
2025-07-09 12:30:00,2138.70127470222,2141.7747978121342,2127.4687999858807,2136.1344074375393,5933.062899238748
2025-07-09 12:45:00,2138.32517963722,2140.7206441084077,2132.628667901492,2133.9172759065796,5892.9621817829075
2025-07-09 13:00:00,2130.77342263397,2141.9578063027952,2127.6589647379733,2137.0838437791554,3494.604616776561
2025-07-09 13:15:00,2135.5629654552226,2140.4471077444405,2130.1587624518684,2139.491424180227,6702.07113011597
2025-07-09 13:30:00,2141.144968670821,2144.4667251180267,2134.9478987891694,2139.499509294924,2717.8295148103202
2025-07-09 13:45:00,2140.658440804914,2146.4047103843627,2137.111599202093,2143.5514385258275,1932.6816633122555
2025-07-09 14:00:00,2163.0168269760406,2167.5022135747026,2156.3099094146132,2158.096081761579,3654.938652243766
2025-07-09 14:15:00,2171.3909389150426,2176.4671960382025,2164.844692556997,2165.096300987522,2478.801466818735
2025-07-09 14:30:00,2158.661069502102,2168.633925056088,2156.0706230665915,2164.0135647902407,7263.754170017658
2025-07-09 14:45:00,2152.352384361762,2157.0261397209224,2149.5622473585363,2148.6399079367684,203.8935314197397
2025-07-09 15:00:00,2132.2779936971165,2133.6122538087257,2122.817058213501,2124.8497917955983,1920.4202095296519
2025-07-09 15:15:00,2134.801964028424,2136.8823730045624,2124.6833486362952,2127.872099270794,1844.2251489043028
2025-07-09 15:30:00,2134.8062638004412,2147.2106534935356,2132.6949456190246,2142.2643051066693,4804.883465922942
2025-07-09 15:45:00,2137.4313700498265,2137.3627941763198,2129.4859789613943,2134.8625674036925,307.8812965223241
2025-07-09 16:00:00,2147.3216785201344,2155.9323966904994,2143.824124203643,2148.762832819477,165.50769924479278
2025-07-09 16:15:00,2139.7435586848233,2144.884267277198,2136.4423470278093,2140.326520673668,1853.2009950723705
2025-07-09 16:30:00,2111.4177931565714,2111.829833694294,2103.9116299083707,2104.8751438854324,2809.832367527272
2025-07-09 16:45:00,2111.0416608314267,2123.8594299925808,2108.274358917747,2111.442639771831,4230.084057491248
2025-07-09 17:00:00,2096.7994139871616,2098.6245003553863,2089.6904555588,2093.354323307637,4999.493391675302
2025-07-09 17:15:00,2099.6881667172806,2110.1341656497098,2100.171908390335,2101.8516957672045,3973.532966065695
2025-07-09 17:30:00,2108.9111714773653,2108.898410123624,2100.842928960927,2102.56262461601,1393.9431266086985
2025-07-09 17:45:00,2082.995342599194,2087.436616459426,2079.1214115101307,2082.9859775191885,9465.191529338126
2025-07-09 18:00:00,2074.094028799908,2074.660952575894,2066.5341059321713,2068.3707724392843,8905.865437992876
2025-07-09 18:15:00,2087.5004289073645,2090.0708883353655,2080.7111712160568,2080.613876713591,6990.505080068346
2025-07-09 18:30:00,2088.404253862583,2096.920718826041,2084.096890614734,2088.8758463036033,4294.519240574299
2025-07-09 18:45:00,2087.8283434781065,2089.298094738093,2076.550772743398,2083.2997400715776,5379.423058278275
2025-07-09 19:00:00,2073.19399840108,2084.9998590871014,2071.7355852162887,2077.2465747348433,954.4880986595388
2025-07-09 19:15:00,2068.1080648860507,2068.3937047691797,2060.2670099309653,2060.697841430036,3001.503035053975
2025-07-09 19:30:00,2063.8317628238137,2071.2283367903,2059.1238037679755,2068.130702509555,4624.944382144358
2025-07-09 19:45:00,2043.3228674656111,2051.259958946104,2040.1787019888661,2050.087776706839,5377.780867394051
2025-07-09 20:00:00,2059.8688274847395,2063.0739372497605,2051.2328966125,2055.6920321724183,9827.548686818778
2025-07-09 20:15:00,2034.7560910389827,2040.2935920707475,2026.1776822733025,2035.8693533801438,4945.837531153793
2025-07-09 20:30:00,2029.8577414701556,2040.8640222922018,2027.9346016847962,2036.4430203482686,4435.84778271488
2025-07-09 20:45:00,2048.5983398842145,2050.0163773519653,2040.7810199695464,2048.0206161397286,2431.6204839699567
2025-07-09 21:00:00,2032.9104371574906,2041.245676773123,2030.0477188790978,2040.2059757753575,4184.823473929193
2025-07-09 21:15:00,2022.7463551711976,2026.6453330749116,2015.2007214435273,2016.4275140613781,1883.8267892979445
2025-07-09 21:30:00,2021.7931382015897,2026.1573757738522,2013.5294748547149,2015.6922188007625,1998.0868663505553
2025-07-09 21:45:00,2008.6657713457892,2014.8600822208527,2003.902828808988,2007.0068020179053,8831.971900498387
2025-07-09 22:00:00,1997.8999861803054,1998.424309184355,1989.3762845128533,1995.1108944743337,2240.4872176846507
2025-07-09 22:15:00,1998.138809604965,2000.518765391312,1990.908442735793,1998.6221362242584,4056.116537017193
2025-07-09 22:30:00,1989.006820285985,1992.003242360234,1983.367798447235,1984.8417143617944,6404.981452920677
2025-07-09 22:45:00,1974.66873554508,1981.2504751743634,1968.813516454922,1973.802421409363,356.8770330179331
2025-07-09 23:00:00,1956.666191939186,1961.6161750021708,1952.833735178116,1957.879172219285,5901.355913321842
2025-07-09 23:15:00,1945.193872935147,1952.4150295527907,1939.6441625441173,1944.9577819674287,1482.9184767741208
2025-07-09 23:30:00,1918.217077871983,1930.7160228060443,1919.0308607184425,1919.3249493198366,9630.296280516926
2025-07-09 23:45:00,1923.5636088306321,1933.0032613631406,1921.215901090089,1922.4313977621896,1661.7809425460239
2025-07-10 00:00:00,1911.5382962335598,1919.0954576189713,1908.442376048573,1920.672276686893,3411.99082604105
2025-07-10 00:15:00,1935.8453797552513,1944.5698336364453,1934.8181784741848,1942.9702098579503,4868.3214983060325
2025-07-10 00:30:00,1943.6695163906504,1950.0099444007458,1941.9249251517688,1945.9566571781602,4797.804752217248
2025-07-10 00:45:00,1934.1250406411339,1942.5421839118105,1930.831736447661,1931.3434973629828,111.77715217303368
2025-07-10 01:00:00,1960.9280560689313,1968.5724436683843,1956.681822157075,1963.6377778914105,9475.480906351035
2025-07-10 01:15:00,1967.4570621120893,1975.6458492560953,1965.1409343583186,1970.8717454090213,4658.52696325762
2025-07-10 01:30:00,1989.6134518438816,1987.6897385901673,1981.294381562905,1980.5034868218622,2029.5904661671486
2025-07-10 01:45:00,1949.7774945169588,1953.7050263175045,1943.5850862811467,1955.7877060182607,8629.941732694688
2025-07-10 02:00:00,1955.424015818784,1958.7104341910447,1951.0936812550422,1956.0977690396608,5625.91238009992
2025-07-10 02:15:00,1961.3566358316502,1959.7216391051804,1952.4153840304227,1959.9161991457281,2370.870337924418
2025-07-10 02:30:00,1956.1327380470923,1960.883624835954,1951.6500533147898,1959.3106934688583,8038.987722792018
2025-07-10 02:45:00,1973.0400531868956,1972.9190006277636,1965.2651083297164,1971.0888432234126,4989.174912068898
2025-07-10 03:00:00,1935.2071951999105,1937.2718272780328,1931.5468651075644,1937.4894516487498,9738.001646711162
2025-07-10 03:15:00,1911.0295143547005,1915.4555023389246,1908.5296655682878,1907.6535968465332,1578.0267622288034
2025-07-10 03:30:00,1893.7218149588098,1903.0582161936861,1891.5956700013603,1895.7927146742704,4740.021386275718
2025-07-10 03:45:00,1879.8571609455971,1890.097606457095,1878.1370541781703,1880.3918370478161,9425.449867501015
2025-07-10 04:00:00,1873.8529475359358,1877.6202355513392,1871.0529187657537,1873.8682556098584,4744.312379955373
2025-07-10 04:15:00,1867.924190364773,1879.2062194453817,1865.960276539331,1875.9596364733661,8034.735564364299
2025-07-10 04:30:00,1868.8094462477536,1873.4422107112268,1863.5034848548373,1865.5583610251924,3963.7553589927224
2025-07-10 04:45:00,1872.2653354983097,1875.5618846694988,1863.8998074845542,1868.8986658955505,3798.43288644908
2025-07-10 05:00:00,1888.5660313221886,1888.8540019517254,1883.0189457810416,1891.2902673068586,5567.613313228264
2025-07-10 05:15:00,1904.0031378639092,1912.6661780835336,1902.4330029491994,1907.8003416058357,7248.736416806228
2025-07-10 05:30:00,1905.9170987997059,1910.9410251930294,1897.8466359809292,1909.9483751061189,7600.809582936143
2025-07-10 05:45:00,1855.128538793964,1865.1007369998742,1854.0824183863288,1860.3139690134801,3682.049361752889
2025-07-10 06:00:00,1849.9291648637156,1854.4994800005024,1845.3537818778016,1850.554576655841,8098.799668802179
2025-07-10 06:15:00,1847.4299850707212,1855.5408769320497,1844.1187464950187,1844.7676251966182,8721.011210702336
2025-07-10 06:30:00,1842.7882941092134,1845.0800924342063,1837.786726947618,1838.8984928971104,2916.771487244931
2025-07-10 06:45:00,1840.2040743660016,1850.5400369086024,1836.1667692322812,1843.8816700679658,7041.4524850927155
2025-07-10 07:00:00,1831.5805112454964,1842.164083687755,1827.6596503792462,1833.6963649704305,193.93844606355938
2025-07-10 07:15:00,1823.0232779094547,1822.167510282124,1815.243966456629,1823.102908955981,7314.319630266504
2025-07-10 07:30:00,1836.7806215271514,1849.2028208715208,1836.8501542019155,1841.6871952827098,2723.1133687951674
2025-07-10 07:45:00,1836.5841540793422,1837.2358112346337,1824.2960516128362,1829.5190033432523,9816.213637788527
2025-07-10 08:00:00,1820.7031156634182,1830.3803242193387,1822.00909223111,1823.7509002195507,9239.757639063295
2025-07-10 08:15:00,1829.9359162444969,1830.9606581853836,1820.3581037050603,1823.1153520756175,4962.176733142487
2025-07-10 08:30:00,1826.6784968189327,1827.0359502165534,1816.3130153757147,1820.0846264455931,8648.122604842003
2025-07-10 08:45:00,1827.0563167347718,1833.3827173672662,1823.2411411443718,1830.5885869145568,2674.230093752044
2025-07-10 09:00:00,1817.8942204777882,1818.08840979146,1809.521680694739,1818.402588210713,2859.3044434074654
2025-07-10 09:15:00,1797.9646826141673,1807.8184745565268,1795.7000698235559,1800.8955671216643,8159.064829787282
2025-07-10 09:30:00,1796.6907351748746,1798.4474204843834,1787.1714597561215,1789.715015443395,6050.526028303859
2025-07-10 09:45:00,1792.4351216352118,1796.5110980971688,1786.2075568065952,1790.6037015783775,2404.2523128842727
2025-07-10 10:00:00,1779.8365250391619,1784.478617031621,1774.3608726360012,1782.001573356056,8803.006329424199
2025-07-10 10:15:00,1755.4440138101318,1767.9114030302333,1756.3234054873706,1756.9713140924066,4248.811571117858
2025-07-10 10:30:00,1761.0658849403583,1761.2303312513543,1751.9232958225027,1761.1968087514058,7841.774355425029
2025-07-10 10:45:00,1753.6331306252123,1759.7065234421973,1749.3120342371594,1756.3676368408185,8708.30799956582
2025-07-10 11:00:00,1765.3622828657824,1764.7295241760667,1754.0490006841685,1764.1652721966295,7272.7669695785335
2025-07-10 11:15:00,1754.5532688730311,1764.555200544034,1754.0333517053934,1756.9700856168151,4771.1120786285155
2025-07-10 11:30:00,1766.2878434597926,1773.6682447583198,1763.0869307890844,1767.862970962343,3375.5504363400355
2025-07-10 11:45:00,1760.216201677883,1765.341891715928,1749.7142954924582,1759.1570495651765,530.9555699771004
2025-07-10 12:00:00,1780.1702218830983,1782.5148338252272,1773.0403813978348,1775.501363597878,8960.080393511476
2025-07-10 12:15:00,1797.4441158597692,1801.1381611429276,1790.9076851216462,1789.7460238843423,4413.815329449621
2025-07-10 12:30:00,1765.1422577288474,1775.9356015038684,1761.7829615961446,1769.3608526034225,9672.624495557657
2025-07-10 12:45:00,1778.8992742117828,1785.6305956467122,1778.7684636746312,1783.6880304562083,4609.979302189579
2025-07-10 13:00:00,1763.0998276977177,1764.9785944008722,1751.3440085175214,1756.417390197906,1148.4814719412666
2025-07-10 13:15:00,1784.486534851728,1788.9374838206152,1780.241835654264,1780.9520656711875,6864.948014882406
2025-07-10 13:30:00,1791.5767865917337,1792.638999010313,1785.747445822729,1791.2592628224597,8384.513102892059
2025-07-10 13:45:00,1789.3467346462812,1795.039465651175,1780.947138984882,1782.9534870143304,2923.654157318173
2025-07-10 14:00:00,1790.0627440904348,1799.7233702291146,1792.292740643668,1794.0522131496014,458.7743022187485
2025-07-10 14:15:00,1804.5351444882488,1811.0022882204594,1801.333548439376,1805.4904909568925,5048.539468992546
2025-07-10 14:30:00,1814.1905554610305,1814.8050512305197,1806.4600343540783,1815.287342338827,6133.182782490177
2025-07-10 14:45:00,1796.8413000564126,1797.7624824852016,1791.3505986637754,1795.5758858178162,380.04970988130765
2025-07-10 15:00:00,1793.0465248955352,1792.8946779547123,1786.6881650289517,1785.6872390483747,9384.52613494367
2025-07-10 15:15:00,1783.453785090786,1794.7684568316233,1780.010412204644,1786.061667152925,3138.1445706890977
2025-07-10 15:30:00,1792.2958998409126,1794.8859421333204,1779.8818094112107,1789.6299229044982,8429.967535029984
2025-07-10 15:45:00,1782.1865256949031,1788.2720757602376,1777.3177445305553,1779.2053542622589,1978.503008950414
2025-07-10 16:00:00,1776.4423242328282,1784.770401261979,1776.6581227631193,1778.5292879793883,2468.2652852465544
2025-07-10 16:15:00,1779.2347275151178,1786.3043036218567,1778.7567023095764,1785.1478346307574,934.7479474766326
2025-07-10 16:30:00,1784.321093030947,1790.388849193209,1780.1572874892727,1784.5637987326513,6111.29409614942
2025-07-10 16:45:00,1787.3901444296587,1797.8380751044117,1782.9968029258318,1785.9148340533409,6353.2869056049785
2025-07-10 17:00:00,1796.1303508130145,1796.790827885891,1790.7378269723833,1795.4245494984539,7049.082455498532
2025-07-10 17:15:00,1794.3990189345056,1799.9074097286777,1792.0154014449063,1797.1456646892927,6348.779425993277
2025-07-10 17:30:00,1796.5437191773424,1802.4925137065852,1793.4074451998113,1798.9614023055583,1957.3566689534314
2025-07-10 17:45:00,1811.056979093467,1818.1145881326286,1805.1220033712082,1811.6603634919309,3235.1053788403306
2025-07-10 18:00:00,1774.3190646946928,1777.9294786841242,1764.2600302230799,1767.0706472492725,4323.387035822005
2025-07-10 18:15:00,1766.8272330724308,1777.1172557206023,1764.3854616704778,1767.4700337516238,8034.087551667638
2025-07-10 18:30:00,1777.393773327831,1780.9973288161843,1769.1469193819246,1770.7575000132747,9196.96895245904
2025-07-10 18:45:00,1749.4309356186898,1752.3295371801617,1741.5208734063526,1752.31431516687,4896.560193349384
2025-07-10 19:00:00,1716.8487532965275,1727.4953396749609,1718.1165551468976,1722.3173817221432,111.67787693661909
2025-07-10 19:15:00,1711.1199170124016,1714.2869861324227,1703.5340009036124,1712.5863754097243,1076.852662032207
2025-07-10 19:30:00,1692.9278148933429,1702.5443598906222,1689.079834671874,1699.5524436845037,5328.452522306503
2025-07-10 19:45:00,1698.605525986768,1700.3292080786925,1691.7595004522484,1691.8898170108437,5833.538392098274
2025-07-10 20:00:00,1688.458657073249,1694.1265016987047,1682.1898972622305,1684.3032650592488,5592.890324034757
2025-07-10 20:15:00,1690.023292496771,1689.136759361572,1681.1306350526597,1686.7434653727087,4241.891687238935
2025-07-10 20:30:00,1699.0962025767708,1706.2017884757847,1692.4625505609608,1699.4317529341577,5880.404630100664
2025-07-10 20:45:00,1690.5158668568477,1698.7875452022943,1688.5394531810769,1692.193298385301,6209.697444300165
2025-07-10 21:00:00,1706.5920012386223,1712.870915069229,1701.7402651806544,1710.3574386278872,3358.3060098462934
2025-07-10 21:15:00,1714.9917498985872,1713.6339831054443,1706.6446433691556,1709.212312300363,8257.484878526635
2025-07-10 21:30:00,1735.9852557719325,1736.0128486710532,1729.3527710085964,1732.8267460777572,1834.4475385502997
2025-07-10 21:45:00,1736.3160261207654,1739.0230685092306,1730.4427489440716,1739.0913944041858,8749.262457940526
2025-07-10 22:00:00,1742.5775968403025,1742.6484999458187,1729.8235307435461,1736.1920114718962,1511.0980371971075
2025-07-10 22:15:00,1730.123373289631,1741.0203378901344,1730.519302610515,1735.5624089544094,8320.32751849014
2025-07-10 22:30:00,1720.8443625497348,1726.5177136082668,1718.3785861725057,1720.4851464105732,4815.798726993337
2025-07-10 22:45:00,1725.8219646053258,1729.0822210249173,1724.2144194601372,1728.5351247608703,5700.275423536383
2025-07-10 23:00:00,1751.7236917382006,1756.636452239191,1751.235790651034,1754.4376019399406,7804.712534070347
2025-07-10 23:15:00,1737.6857144030191,1746.0785619426758,1737.5259708337278,1737.564117223361,7822.23214224025
2025-07-10 23:30:00,1774.6346040665321,1776.8597943026002,1763.8698474944763,1768.8294418411542,208.95494951883651
2025-07-10 23:45:00,1748.124153148772,1747.7444610633152,1737.9334636306562,1740.7353330324904,6017.713401886252
2025-07-11 00:00:00,1757.1204726016479,1759.0719227324696,1752.4408393343313,1750.4041658825038,6629.278868391015
2025-07-11 00:15:00,1744.1201892878587,1750.5605107444937,1740.9186158561313,1743.4266598870493,5988.424847141897
2025-07-11 00:30:00,1754.110386387141,1764.08155631559,1751.9792030418191,1761.6924519811016,5551.4343265557445
2025-07-11 00:45:00,1770.4310586902714,1776.8910260013004,1763.8555372373664,1767.8400591234238,7909.423824496933
2025-07-11 01:00:00,1756.2595664697553,1760.476816642732,1750.4230311406375,1756.151891509954,4456.528676671486
2025-07-11 01:15:00,1787.9975935164707,1787.1753394141776,1780.433466188912,1784.0569428028732,7833.026680860912
2025-07-11 01:30:00,1787.0785121308966,1790.1242816172655,1778.5647320521575,1782.9172063432623,1127.3258455558498
2025-07-11 01:45:00,1771.3891367085494,1783.5493835936388,1770.6505860200036,1780.630232055968,3225.583190335954
2025-07-11 02:00:00,1771.2611634182178,1775.1938001573465,1769.6252599287873,1773.2855418319282,2556.968693211989
2025-07-11 02:15:00,1777.4141376094015,1779.4933668351175,1774.6886871388308,1772.9520256256278,3294.6684030411548
2025-07-11 02:30:00,1773.9780405809793,1784.6788079330447,1773.12476153505,1777.8302781159803,9630.40994533198
2025-07-11 02:45:00,1778.6243764018452,1781.100413210062,1768.1111598394752,1779.7983440591222,5976.912560125813
2025-07-11 03:00:00,1752.0665949796403,1755.2231326126166,1745.0193452139242,1752.121679387132,7450.944236637185
2025-07-11 03:15:00,1740.7053045707644,1745.0527000294278,1738.4714027572725,1743.5974586442082,3474.95760194902
2025-07-11 03:30:00,1747.4712390951508,1751.1302888567204,1739.2947612478383,1744.0623437539855,7728.9064436359995
2025-07-11 03:45:00,1737.911630875055,1741.1926408856455,1729.7375476657899,1739.7343850533446,9474.042396242427
2025-07-11 04:00:00,1741.0951950265767,1747.5441286618295,1736.3352790266918,1738.121256009704,4496.5139522141735
2025-07-11 04:15:00,1738.9441747645187,1744.6967537446908,1736.8302402270922,1744.7870180676002,361.65595487195344
2025-07-11 04:30:00,1768.0704665160008,1770.3158425786603,1761.4582679857879,1759.3712578915552,3709.287155557426
2025-07-11 04:45:00,1752.5091284268321,1758.7463997040998,1753.1352255387137,1751.1131964532249,7501.166757346977
2025-07-11 05:00:00,1752.310420058345,1757.5651168272389,1752.6153146044462,1758.8687131782406,2564.0346216798457
2025-07-11 05:15:00,1751.3942858755734,1760.143040453742,1752.0838384652202,1755.699046211073,3178.0146012614528
2025-07-11 05:30:00,1746.1357375373495,1747.4127654824867,1737.3811275409034,1744.9109778723932,6314.794207979875
2025-07-11 05:45:00,1752.3350540422339,1759.9155217684608,1750.0905173990568,1755.3090604179163,7950.738279357961
2025-07-11 06:00:00,1760.5538373610116,1761.60940774812,1750.7361516595604,1760.772331356518,2833.6347795439906
2025-07-11 06:15:00,1762.83608693863,1771.642256516815,1760.0562674076928,1764.5213878220343,683.3130709791008
2025-07-11 06:30:00,1758.479386111067,1764.0285770624187,1756.0198112335345,1757.0108541577624,5460.033197585373
2025-07-11 06:45:00,1745.3297720039143,1746.9597543541202,1737.192142314908,1740.818109232575,9296.296319233361
2025-07-11 07:00:00,1728.135514122598,1732.0152629660543,1723.1553507980761,1726.0341168709863,780.2324091691187
2025-07-11 07:15:00,1714.6120493263431,1721.3116658013505,1710.3544669371147,1722.1308802024562,4051.134481291838
2025-07-11 07:30:00,1711.2867035085494,1720.3415678888807,1711.6071169596116,1714.942063454838,6906.216374009326
2025-07-11 07:45:00,1728.0810475866906,1733.7763484040197,1721.7005520989235,1726.7626045865177,4775.838449232298
2025-07-11 08:00:00,1737.7389510361643,1742.3085394425598,1733.5274387597042,1738.128830129124,9762.712542196346
2025-07-11 08:15:00,1766.6382858799368,1772.8539638775212,1762.5080739438786,1772.5775667434662,8225.659455625133
2025-07-11 08:30:00,1766.9047291301706,1773.3588319893256,1762.6010425519319,1767.3637332412843,9592.899317994525
2025-07-11 08:45:00,1764.7688899535808,1772.3457718984941,1760.833726612036,1769.6937443349607,5514.806629001642
2025-07-11 09:00:00,1774.6699445194058,1779.1725175944623,1769.0753796843433,1773.9638167610096,8092.197669042037
2025-07-11 09:15:00,1765.098604540462,1771.919055755852,1763.3968031225204,1769.5052655535565,7304.265295137464
2025-07-11 09:30:00,1755.297973598297,1757.627233259648,1743.6777797569514,1748.3257685950355,1522.9193589731553
2025-07-11 09:45:00,1748.4577261479944,1747.8436841088312,1742.4634927394993,1742.1862127007735,1380.5972527130377
2025-07-11 10:00:00,1763.9635620172728,1767.6009081615216,1757.0299632867989,1766.4674956987894,5972.094266119898
2025-07-11 10:15:00,1745.0394944331392,1750.8735779570532,1740.8149823191195,1748.6507721772575,7211.178216836987
2025-07-11 10:30:00,1735.841400564549,1739.1235521717435,1724.075899164009,1734.993751801883,7828.309760709208
2025-07-11 10:45:00,1749.7862196996662,1757.945127494171,1748.0035462781516,1755.0181368600865,1512.9189176507855
2025-07-11 11:00:00,1764.0513315759185,1766.5188448488057,1756.152083746061,1763.5585654318465,8568.171231095444
2025-07-11 11:15:00,1774.512125532695,1774.9895889324257,1769.9492621184452,1775.5150333056229,1813.3732426569682
2025-07-11 11:30:00,1738.6626879915343,1747.7914334629509,1736.8283955868555,1740.2727824669794,8910.407241125791
2025-07-11 11:45:00,1716.47452627584,1721.261714531978,1712.0375998668126,1713.8083213656919,4844.533115218834
2025-07-11 12:00:00,1693.272940762847,1698.3228967477569,1686.7359399030272,1693.5414977715288,3964.8943955230543
2025-07-11 12:15:00,1673.253913529471,1680.3923014332352,1668.8291966544782,1675.540502011733,1956.7074423937506
2025-07-11 12:30:00,1668.9080552027444,1668.773152731238,1658.2393479079076,1667.676265252134,9975.985313894806
2025-07-11 12:45:00,1683.0338423815213,1689.7888943933676,1677.6229208842094,1685.5310453690317,5916.1576141259775
2025-07-11 13:00:00,1693.3176260473551,1699.5506976088604,1689.9170343249887,1693.8699059132339,6764.982324114923
2025-07-11 13:15:00,1682.519990741037,1691.789594401609,1679.8504185692639,1684.2653993961262,2300.319316690734
2025-07-11 13:30:00,1710.6845864735565,1718.8320425841105,1710.6376968945644,1720.4780668571357,9670.252862361907
2025-07-11 13:45:00,1687.0426244094267,1699.1944095354716,1686.5109090161502,1689.5405165064092,2969.891702884015
2025-07-11 14:00:00,1684.7596501314736,1693.4457925622198,1681.577211909692,1691.7234951346409,5348.7454577190065
2025-07-11 14:15:00,1668.9054161357433,1679.6601137831308,1666.0345871329034,1672.1635003889842,4935.567135378387
2025-07-11 14:30:00,1676.801055909065,1685.500855567048,1675.950166687613,1681.2941614361237,9769.619661160987
2025-07-11 14:45:00,1676.085569350865,1681.6143580790895,1671.9845221082483,1673.9261630014291,9670.050881687515
2025-07-11 15:00:00,1680.5497310168887,1684.626770503655,1674.213826579431,1678.9917322410595,3115.2841703374993
2025-07-11 15:15:00,1656.0281844958693,1666.7603259525465,1657.5674268179698,1655.7388043017304,3996.6214737771425
2025-07-11 15:30:00,1665.937526810791,1676.4301692592628,1662.2776011577987,1671.348394268656,7156.853020452431
2025-07-11 15:45:00,1661.7619257212343,1662.674793525586,1651.992806743027,1659.7277099297912,8867.642680641478
2025-07-11 16:00:00,1667.390736554109,1679.2935445752555,1667.467510873512,1675.156604351571,3228.614427816554
2025-07-11 16:15:00,1666.9323294655849,1669.7057552857013,1659.0532267879553,1663.565298157317,3831.861142121736
2025-07-11 16:30:00,1647.6816901488528,1650.4631360647154,1639.203735589162,1646.4770062263813,7708.553920840286
2025-07-11 16:45:00,1656.2168137746553,1664.7869366990683,1653.4644516009878,1657.6098782394026,4187.102406652828
2025-07-11 17:00:00,1650.2446193913559,1659.621364781094,1647.8807777039417,1652.429958050899,9293.0496121915
2025-07-11 17:15:00,1636.4022966605999,1644.2691985773315,1634.039808106923,1638.4580776286634,9572.647852081009
2025-07-11 17:30:00,1666.3524342061426,1667.5092504032425,1656.3360081941978,1665.1103904753563,6478.694052211606
2025-07-11 17:45:00,1678.422825270008,1683.5200343103786,1670.3134228496713,1681.0467285730615,8694.09603087306
2025-07-11 18:00:00,1685.7328072007524,1690.9599483014579,1680.680534751115,1688.1629868790883,6502.334879695604
2025-07-11 18:15:00,1711.0319406700894,1715.1001446928099,1703.9349261333923,1707.128698729713,3037.3873301518643
2025-07-11 18:30:00,1712.2847710698816,1716.5762467886366,1703.9381270527165,1710.2754226662846,4316.44321012635
2025-07-11 18:45:00,1721.7125255602195,1729.4777455169774,1717.7499543211627,1728.1021935614115,2421.2244460793418
2025-07-11 19:00:00,1721.0249241014592,1720.036729395334,1710.8809023889114,1717.6478983400739,1349.351253656932
2025-07-11 19:15:00,1687.5804521575826,1691.4912578922035,1684.2885892844613,1686.7568483619903,8223.470475202226
2025-07-11 19:30:00,1679.6391261619406,1683.1867644783913,1672.936256388015,1676.6245716607395,3416.6253678135386
2025-07-11 19:45:00,1669.033453758737,1676.6415123410213,1669.7595921514412,1676.53517491295,1692.8839432105349
2025-07-11 20:00:00,1669.1010716599474,1669.5685177035027,1664.7640917571298,1664.0013098834834,485.24156882862303
2025-07-11 20:15:00,1673.5187306150517,1671.854234658056,1663.1366707588047,1673.9012501772384,650.1092708520501
2025-07-11 20:30:00,1651.9986127946518,1652.3143574154,1645.5721181353185,1649.9885184939267,2036.5101709751236
2025-07-11 20:45:00,1654.1086364088926,1662.1409538952948,1655.6430566762888,1662.396540917567,9207.95784782832
2025-07-11 21:00:00,1644.3037403958303,1647.6596052415898,1638.2536970652332,1643.7576556751842,9572.921744608846
2025-07-11 21:15:00,1675.8188217499069,1682.4725578843825,1670.6486632254357,1675.3064134480512,5262.824228011056
2025-07-11 21:30:00,1683.685137925991,1692.0379972792607,1676.5576310200247,1681.8767999619486,4989.318710168461
2025-07-11 21:45:00,1690.558759287321,1690.3665096041886,1679.5188438995922,1690.1965701891643,2520.9536949939206
2025-07-11 22:00:00,1720.0576016814798,1726.1997865515127,1713.4409808030719,1721.5407547773796,8199.329305679268
2025-07-11 22:15:00,1728.1015227079865,1739.7626260916752,1728.8595045304353,1735.1987839913322,7789.18496715653
2025-07-11 22:30:00,1701.1364338472397,1709.2001331308998,1696.2807629210326,1704.2808121531586,1515.3755572633715
2025-07-11 22:45:00,1703.0330816752214,1710.1153905334977,1700.8101377874998,1701.6857022210518,3002.727144941614
2025-07-11 23:00:00,1708.4405755046225,1708.7378817392344,1701.7245761970626,1707.1528892036367,7638.6135498112435
2025-07-11 23:15:00,1716.3255619850702,1720.2216174716716,1708.5530389751843,1715.3768828205493,9543.607684411218
2025-07-11 23:30:00,1732.1566695310685,1737.5646619676245,1726.2295410021711,1734.8259639055177,8158.660606045793
2025-07-11 23:45:00,1739.6371062662558,1739.0394617454465,1729.9928209415482,1740.4143614134784,313.4232308846142
2025-07-12 00:00:00,1740.0621206117694,1742.0797794873947,1732.4645922096965,1742.8560154981637,5695.12108639393
2025-07-12 00:15:00,1704.2745443661722,1702.9710661712152,1697.7078159892862,1695.4801864388032,444.24824585461494
2025-07-12 00:30:00,1685.2661252414614,1687.9967780699062,1678.028695834032,1678.8598823292166,7328.863233755767
2025-07-12 00:45:00,1661.7336334933634,1663.303936056331,1653.792933202736,1655.6562542772756,8257.462095996274
2025-07-12 01:00:00,1659.4204184683583,1669.7850393065532,1660.3613150235399,1658.8991316705349,2269.0054963421844
2025-07-12 01:15:00,1652.0212734073868,1659.0592489971805,1645.73870896018,1654.9138911665766,6743.603180654741
2025-07-12 01:30:00,1673.8213872617823,1683.6028273860102,1672.5211758184116,1675.8388249258774,8683.457986900157
2025-07-12 01:45:00,1677.3195048828366,1682.6781025853008,1674.9507873662074,1678.778462857875,8050.705564330258
2025-07-12 02:00:00,1684.3909150548411,1690.8109672490075,1677.4611727484566,1681.2555653945442,5456.108023111184
2025-07-12 02:15:00,1687.934599297606,1689.2427186553084,1679.1622281928212,1682.585337624043,7517.628185566342
2025-07-12 02:30:00,1665.8823149076688,1674.9944899350162,1664.4236432072569,1675.2269423701528,6179.797785660516
2025-07-12 02:45:00,1670.9040481052969,1674.4752015623717,1667.1819074899179,1670.9422117049976,5118.343636805384
2025-07-12 03:00:00,1666.5938076554976,1677.6178656008071,1665.4920988070744,1667.4479265534537,8867.519381565286
2025-07-12 03:15:00,1656.1446865384287,1663.3188079096137,1653.9426306758266,1660.0743546733095,2180.5048495980413
2025-07-12 03:30:00,1645.4842514113336,1648.2806012174208,1639.023598903286,1641.922741723205,7027.457597587096
2025-07-12 03:45:00,1649.4434493021736,1654.0810504608419,1644.1753101771512,1644.352926435627,6265.154605508093
2025-07-12 04:00:00,1637.5373242038988,1645.1977212644933,1633.0706233986518,1636.7604801146788,9611.042486400698
2025-07-12 04:15:00,1626.300928177391,1630.6025861548717,1621.7909223467273,1627.8120959344592,4307.930939610114
2025-07-12 04:30:00,1635.496418640452,1635.9331335525212,1628.1617124224006,1628.3856507401113,7646.981079763315
2025-07-12 04:45:00,1618.4877851938334,1618.189230347639,1607.7678662928317,1620.1466070809279,4855.899826409406
2025-07-12 05:00:00,1641.2194933967548,1645.7099688298708,1634.659156823198,1642.5821388346703,4613.703982864609
2025-07-12 05:15:00,1628.2926384163695,1635.9435640050633,1627.5655687308208,1632.3075183155913,4803.083525635055
2025-07-12 05:30:00,1648.5163538254333,1648.6930173530134,1639.7273396793955,1649.375433112075,9441.168163039658
2025-07-12 05:45:00,1655.2654399533421,1662.459445778636,1650.1148459087951,1653.37916044473,4832.734810775285
2025-07-12 06:00:00,1695.1352236590872,1703.863404634373,1694.5718151593742,1695.9237773578386,8913.921134765686
2025-07-12 06:15:00,1701.7086348361593,1702.3267523726777,1692.6863661914654,1701.9368822588299,5929.779481649419
2025-07-12 06:30:00,1702.1643962544938,1701.6418166856922,1696.6816075627617,1698.6947162108825,8770.981671770862
2025-07-12 06:45:00,1714.709385937832,1718.198342427428,1705.1000683791474,1714.4608270128354,649.3097312450799
2025-07-12 07:00:00,1695.4699999163743,1701.5700606064352,1688.2764414592007,1697.100745487389,5079.219078575608
2025-07-12 07:15:00,1706.6815578590706,1707.9819239257392,1696.4427188108427,1702.5717566597395,2735.195388892603
2025-07-12 07:30:00,1705.873706899533,1707.303121493306,1694.3601029689369,1704.8571355902593,3747.4271659742794
2025-07-12 07:45:00,1664.9655546208598,1674.1286165886743,1661.9701288448396,1665.2410842967022,8215.556629750336
2025-07-12 08:00:00,1648.764508258999,1653.8031043291082,1642.119557270712,1644.3828910157404,6592.545606047903
2025-07-12 08:15:00,1642.2024942338855,1646.0823426399413,1636.8974024656986,1642.1434323041053,3523.3600889414884
2025-07-12 08:30:00,1651.965588104997,1657.8236788152465,1648.4852882285113,1651.214818752703,9868.912440346734
2025-07-12 08:45:00,1676.209413055373,1676.5547126351746,1668.196329898068,1676.543257143133,2381.150307645216
2025-07-12 09:00:00,1690.3804058147969,1691.0815176751198,1682.007821910269,1689.9508406121465,773.6861330564554
2025-07-12 09:15:00,1702.3568879050827,1707.6227859556698,1698.4554612903794,1698.6784933158533,9184.73762463187
2025-07-12 09:30:00,1701.6334851236857,1706.1784155480354,1698.8282912862724,1706.0013475980907,3263.6558644120214
2025-07-12 09:45:00,1693.095194600998,1705.165014480858,1693.2807040552682,1702.1114523664205,9654.528359888134
2025-07-12 10:00:00,1695.8517247454613,1696.63239996044,1689.4107937408119,1693.8804198931439,2524.8201515575374
2025-07-12 10:15:00,1686.9521276367902,1696.7445130377369,1684.6532480877324,1686.0631448450972,3785.1206064964254
2025-07-12 10:30:00,1701.5828195968525,1706.823983917857,1698.11822949118,1699.2228453813436,9839.501805731235
2025-07-12 10:45:00,1728.7976793239443,1732.0783525950496,1722.7573038548448,1731.6423352992272,5989.372530801406
2025-07-12 11:00:00,1737.7394057419274,1743.517963828298,1729.692034081093,1733.1325050053078,7479.579241393041
2025-07-12 11:15:00,1760.6918864215954,1766.534424609448,1755.7873675332276,1761.6859116022185,2229.4258743945893
2025-07-12 11:30:00,1767.7001178087667,1776.743810162696,1763.7672202613076,1765.8511572568732,770.6714525275348
2025-07-12 11:45:00,1750.6308003277989,1756.4260800925317,1750.5901959409284,1756.8820238460794,5084.022605548438
2025-07-12 12:00:00,1769.0992240172573,1778.8163455905867,1765.318538948569,1774.824696075663,6335.987168230204
2025-07-12 12:15:00,1762.2568434608363,1771.2591967364722,1761.4547916651804,1764.7262395896694,966.7262743493866
2025-07-12 12:30:00,1766.8029586228913,1771.575856010228,1763.8607011354554,1772.3761315606173,955.3347055507169
2025-07-12 12:45:00,1776.4389041984218,1776.8957419908543,1769.1688918959294,1771.2076873275973,6347.1166390365515
2025-07-12 13:00:00,1766.7963594407172,1766.914806402784,1758.0857184123943,1760.6364109778187,9121.846312920741
2025-07-12 13:15:00,1774.5225113663819,1782.2608841511624,1770.374289431145,1776.4673009851447,1087.0334415452062
2025-07-12 13:30:00,1797.307560006138,1805.6547960245139,1798.2077284373158,1798.8215155070116,6556.43277053
2025-07-12 13:45:00,1795.516401769745,1795.281325348396,1784.2757087680188,1788.2370948871219,8444.77821199291
2025-07-12 14:00:00,1802.4605320235692,1801.1270673869406,1795.121469645452,1801.6677425528603,2381.0981425019945
2025-07-12 14:15:00,1803.1800740505819,1806.3671198205786,1792.1305501275656,1802.2314087414552,7012.667876811346
2025-07-12 14:30:00,1791.4186311372032,1802.2752509825618,1792.0359916878742,1795.72172235222,1974.5299699280738
2025-07-12 14:45:00,1813.8659255358689,1819.4547566754618,1810.0432096695545,1816.7809373618024,6180.4430057721265
2025-07-12 15:00:00,1805.7394650397146,1812.0431668287874,1805.997600427761,1803.3256611661234,4117.382136810368
2025-07-12 15:15:00,1834.5643680487196,1842.2110471634498,1831.0818853145279,1833.6123794852315,9173.23607377066
2025-07-12 15:30:00,1818.755298947211,1822.5196255830565,1817.2298798501736,1823.041123723162,1169.4307436788056
2025-07-12 15:45:00,1788.8005843923916,1792.4357196115054,1784.4214969119414,1791.5429224861684,8215.456408201744
2025-07-12 16:00:00,1803.7096195725192,1808.921681594547,1798.8224687383804,1806.4704798121886,9252.84951689047
2025-07-12 16:15:00,1776.7289515491118,1779.6967891683378,1766.4523647162766,1770.8923337538176,4786.146293962226
2025-07-12 16:30:00,1786.155135730387,1795.187466073229,1786.1326693968324,1789.0726190049982,4761.214060208719
2025-07-12 16:45:00,1788.8036676121878,1795.7249906438608,1785.242481531964,1791.5173379692214,9551.46713952784
2025-07-12 17:00:00,1798.5643699413292,1808.5619610211077,1797.6532654946966,1799.2642554759084,7165.85275273214
2025-07-12 17:15:00,1787.8393031454623,1792.6456916614827,1780.381178072188,1782.5337485751186,2210.6957130809387
2025-07-12 17:30:00,1793.8702530506835,1797.0602373648724,1786.1724078685336,1794.0801730769626,9991.781616347736
2025-07-12 17:45:00,1794.4867379309435,1797.8570402460584,1789.2062292896292,1789.1105929935416,3544.6376743126502
2025-07-12 18:00:00,1796.0531119448747,1800.2193116247186,1793.2555381227917,1798.6551039691738,5135.016141742714
2025-07-12 18:15:00,1794.9746840849152,1798.0952066264379,1792.0868733585946,1792.869832010654,4815.063906072599
2025-07-12 18:30:00,1797.9072178700249,1804.7860629375464,1792.7523127728432,1800.326988443821,4483.9485770753745
2025-07-12 18:45:00,1799.8580297213007,1802.3186888288742,1793.6818280318964,1795.587901791988,745.6083436795959
2025-07-12 19:00:00,1790.894343729299,1803.4803619406064,1793.3395238271926,1798.0099862397462,6183.868818446874
2025-07-12 19:15:00,1791.1683037765345,1792.2780995542037,1779.5480663688422,1782.2445187238843,7299.063349503646
2025-07-12 19:30:00,1771.4907178138176,1776.0180731175255,1764.9204192171164,1767.9109523607408,1281.6145851555782
2025-07-12 19:45:00,1785.187006793532,1790.296961199061,1779.0105268006134,1787.676838903852,3808.4472113783977
2025-07-12 20:00:00,1779.169049947891,1787.2566153322678,1780.6383294525076,1787.5657424258113,5691.793296750046
2025-07-12 20:15:00,1776.1075711155506,1782.962974810639,1772.1734407188399,1780.412194624156,4484.438364166884
2025-07-12 20:30:00,1766.017913110611,1771.6916887099142,1762.913844711801,1771.7719461815175,4362.919649164647
2025-07-12 20:45:00,1767.4889700122212,1771.4744641785364,1759.3627715245968,1763.5294417626071,1982.6173247820404
2025-07-12 21:00:00,1750.2681801007564,1756.3988797857437,1748.4387419659963,1754.6297400863082,6404.159309893049
2025-07-12 21:15:00,1745.7836781065273,1753.7624225640607,1746.4810857618636,1745.8718270733052,8105.09788223741
2025-07-12 21:30:00,1742.8488325065198,1750.1822379310127,1738.020601447493,1749.9504735523822,1264.5562245351762
2025-07-12 21:45:00,1743.5055488009614,1746.3204490742312,1735.6320185121986,1747.6374887263694,8166.621207651362
2025-07-12 22:00:00,1740.6058178632445,1741.7417484011744,1734.6018507006825,1733.27751279463,7448.449133933655
2025-07-12 22:15:00,1707.9934407440858,1710.4861195127896,1701.9130158107757,1710.8136513288218,6850.382645598034
2025-07-12 22:30:00,1690.5292375990653,1695.6743874372908,1685.8686192991804,1693.4570104931238,9214.66831156575
2025-07-12 22:45:00,1681.8560188484246,1692.2239754888521,1682.602476862789,1682.0566164753184,7902.610084314282
2025-07-12 23:00:00,1691.333898898927,1691.2213773927172,1680.027511357786,1685.2504449514788,9775.513516634619
2025-07-12 23:15:00,1674.7680057589007,1685.370546449313,1672.3723644596541,1678.2672857601112,4562.983628018642
2025-07-12 23:30:00,1658.6638577361573,1663.1201267265192,1650.8649993528431,1662.25427854534,6205.40053654504
2025-07-12 23:45:00,1656.2702275564602,1657.1154783803822,1650.9638544723555,1651.6444697751215,8122.971419491913
2025-07-13 00:00:00,1646.9100263185974,1653.3238649408586,1644.7913131561402,1652.6054309642852,6134.447975860662
2025-07-13 00:15:00,1669.7316619036283,1671.8899310555873,1657.2884041529196,1668.747476325601,743.8573810930706
2025-07-13 00:30:00,1679.900778041127,1685.4645119951595,1674.1269794046684,1678.4864813699194,3445.8709366210437
2025-07-13 00:45:00,1680.4265874081527,1685.282389132988,1675.6410339151437,1683.3232504010537,8822.739494967242
2025-07-13 01:00:00,1671.0127087310648,1674.5309043512614,1664.553731255143,1668.768772239161,7789.785162723581
2025-07-13 01:15:00,1678.059285361947,1683.609471820177,1674.6526409288829,1686.1526708153847,6821.286901186342
2025-07-13 01:30:00,1656.672403485801,1658.6216955057498,1647.7664940704458,1654.9878686751765,1403.4358612148328
2025-07-13 01:45:00,1672.529599181417,1674.946749960716,1661.9546669891733,1664.6125695515932,6211.045468253516
2025-07-13 02:00:00,1666.5756555026178,1668.6354890173004,1660.413889644746,1667.332867560906,5464.324374879768
2025-07-13 02:15:00,1676.0012427605493,1681.9977942633611,1672.4910812533656,1679.4175859474697,9415.523244160087
2025-07-13 02:30:00,1663.5319600874548,1670.809119884191,1663.6657194930242,1667.281307620613,405.28291357904857
2025-07-13 02:45:00,1644.5085821503108,1647.6026756779638,1636.7639629322261,1637.3859976452868,8314.66645474042
2025-07-13 03:00:00,1640.6054409074488,1646.274258783757,1636.0296366391947,1639.071262780266,2737.8753691361026
2025-07-13 03:15:00,1648.4514942338583,1653.3922811444652,1640.7572679133277,1647.8863971082662,8657.470097803227
2025-07-13 03:30:00,1639.5746784152325,1648.8488709839808,1635.8931677498465,1646.1779014052706,2917.4687765810786
2025-07-13 03:45:00,1628.9690646673332,1634.5574557615764,1626.1355728456203,1627.2693507282738,696.477122489254
2025-07-13 04:00:00,1629.5841625450564,1641.713030198774,1627.7324588956283,1637.926553901333,7551.47029764106
2025-07-13 04:15:00,1654.7108294467282,1659.1976796451613,1647.4843011266046,1653.2724142595307,7784.5210437326805
2025-07-13 04:30:00,1666.722910455157,1670.327604084245,1656.2193832429657,1663.828282757105,2174.707886801245
2025-07-13 04:45:00,1689.2175596371237,1694.6949270473801,1682.6539999189633,1689.092355528357,1703.1591602642088
2025-07-13 05:00:00,1698.3907677854131,1703.2773873344279,1696.5435998236107,1703.0585910083996,1485.3244304369225
2025-07-13 05:15:00,1722.611797455565,1728.1293057341204,1716.745266437314,1722.8947463102904,9988.78233444581
2025-07-13 05:30:00,1747.9319836085317,1757.1561060609,1745.4163102361565,1755.934483410158,213.46215955578688
2025-07-13 05:45:00,1757.3827123003643,1763.4342589630771,1753.8982708614185,1761.5982465626425,9335.43600601648
2025-07-13 06:00:00,1743.4979175547512,1745.3143183991708,1737.7664072884554,1745.4115030380347,8666.4798233417
2025-07-13 06:15:00,1727.7986085020038,1736.520266173078,1726.7217327648439,1731.0023970363848,4921.8040424079745
2025-07-13 06:30:00,1740.386397040959,1749.799852152639,1738.391988776513,1747.2947620020987,6843.51395962557
2025-07-13 06:45:00,1731.280818362607,1734.8629409788407,1723.6807298874533,1728.2413200625765,1684.406365730254
2025-07-13 07:00:00,1761.3776332752454,1763.4042778005405,1751.4853418658272,1760.8341596608736,9584.703745013847
2025-07-13 07:15:00,1748.5014750138444,1748.4732449604935,1741.8938666231793,1742.8571926335032,6241.915950101768
2025-07-13 07:30:00,1729.8701626026332,1730.4015063387817,1722.5430300850333,1724.2937806389157,3142.9384788727994
2025-07-13 07:45:00,1726.6455112647286,1735.9717020904388,1722.0415305685863,1730.2957084934299,3128.6301351664943
2025-07-13 08:00:00,1726.64900164791,1729.876517237084,1716.5116781868076,1722.363962848519,2381.2820109123745
2025-07-13 08:15:00,1728.338070753724,1730.1101780910617,1720.8388584572997,1729.8750425771927,5458.1577657344405
2025-07-13 08:30:00,1746.6733795473222,1753.4530141787059,1740.0384948058934,1746.387854621415,5934.824354694624
2025-07-13 08:45:00,1763.9372111834416,1766.4564906965356,1756.178864135791,1760.325316259895,6401.845511164382
2025-07-13 09:00:00,1748.5209378494926,1749.384246771624,1736.9532169776178,1741.181774196305,6928.956456861233
2025-07-13 09:15:00,1767.6871568953743,1766.9195777352802,1757.0149621298244,1763.3013141675358,1443.1120016672573
2025-07-13 09:30:00,1748.3760452534655,1754.7998360219885,1744.245858939317,1744.8818035811498,3278.578031414079
2025-07-13 09:45:00,1747.856859383538,1751.0399164287837,1741.1731726723438,1746.3431946281314,6383.035231648066
2025-07-13 10:00:00,1759.552367269099,1762.8050336342524,1752.1502179332304,1759.967757445051,4297.370738140999
2025-07-13 10:15:00,1749.3620990044963,1754.1261311807034,1747.781895564329,1753.5660738224412,6548.775211331668
2025-07-13 10:30:00,1735.3440833451396,1735.570863998501,1723.2524669825905,1728.6780808608146,5822.936204916984
2025-07-13 10:45:00,1709.9850973146272,1714.551159294833,1707.0623725288124,1708.3004320371895,9883.821462136508
2025-07-13 11:00:00,1703.183098239214,1709.1490103579067,1695.190593182881,1699.0053000073988,8799.4470066293
2025-07-13 11:15:00,1707.1146828299954,1707.3978208856577,1699.3158402685963,1704.6041630216916,7635.353961349615
2025-07-13 11:30:00,1716.7818111154506,1718.372813399213,1707.6427840321921,1710.915169358737,2183.4093319728995
2025-07-13 11:45:00,1707.5111469117958,1710.6211362965178,1704.9191185202499,1705.3934904236844,7110.214994013222
2025-07-13 12:00:00,1733.8936426842442,1738.7946826479442,1730.071115165801,1734.5914340990178,3100.659101658235
2025-07-13 12:15:00,1738.2420219755675,1744.4703436612058,1739.3164937189285,1740.903128720443,5201.496674595149
2025-07-13 12:30:00,1734.7405387068184,1741.458191459379,1731.0851888510565,1736.537198412006,1277.5833267165676
2025-07-13 12:45:00,1750.321229909851,1755.477948978147,1745.8205267174453,1750.7923781703657,9880.007177063098
2025-07-13 13:00:00,1739.3467740862156,1742.3039803710494,1734.0469130442507,1738.7791551126509,3842.1725674543695
2025-07-13 13:15:00,1746.9830761855021,1748.1708251072546,1738.740653540766,1748.6307884521561,9949.621705358379
2025-07-13 13:30:00,1722.2045644149744,1729.462411008682,1721.8320609101488,1727.4133935699726,1583.1381753062515
2025-07-13 13:45:00,1751.2674515589854,1754.2985150834725,1741.5573703937916,1752.7575421007507,2738.8028808630097
2025-07-13 14:00:00,1771.9481607451585,1775.2362076603663,1768.6460139050023,1770.12116285991,5126.232544146075
2025-07-13 14:15:00,1738.7229326823835,1741.5090460221006,1734.5357794346876,1741.923529677052,5701.343080276778
2025-07-13 14:30:00,1732.3410139316632,1730.7254334304105,1721.763638975559,1725.7640079879654,3093.0467697683384
2025-07-13 14:45:00,1737.7324650451717,1742.2300752065958,1729.8540946818907,1739.0976172548435,5216.435815214274
2025-07-13 15:00:00,1728.9345185122174,1734.5246773093374,1724.9404727606561,1732.899648842454,6270.09668423243
2025-07-13 15:15:00,1742.3184558429216,1742.9053909869515,1737.643628413608,1744.8575030458635,3576.6749204858047
2025-07-13 15:30:00,1772.9966799240644,1774.1295402789196,1765.915143729469,1772.8421735280276,1440.9874774651419
2025-07-13 15:45:00,1784.1364825161065,1791.524152457945,1783.5922366256987,1785.735343452295,8902.212737797316
2025-07-13 16:00:00,1793.6867743872183,1797.6065444356595,1788.7142274606822,1798.9695869003403,3720.762373279807
2025-07-13 16:15:00,1795.9177169154673,1800.8833638475376,1788.5938235232093,1797.3221656904268,318.4660418691765
2025-07-13 16:30:00,1814.523839495906,1821.5088379755082,1809.0448577644706,1817.0168601344942,8929.530624263662
2025-07-13 16:45:00,1813.6403600664746,1823.0498712354358,1813.1988644974367,1815.8809947250115,510.087342979254
2025-07-13 17:00:00,1837.4097169692348,1839.8995627655136,1828.2801185139947,1828.1679238788904,6123.362976401556
2025-07-13 17:15:00,1853.061140378305,1859.2203432289689,1852.5963476165546,1853.25112261629,9817.369297746718
2025-07-13 17:30:00,1857.4519509569875,1861.5246530738561,1848.3211003293745,1857.4029859492327,4678.232275748561
2025-07-13 17:45:00,1861.6379195984694,1866.0860243259694,1850.7846152994175,1863.1023641981544,3318.321812427116
2025-07-13 18:00:00,1865.3949004632298,1869.6615105989556,1858.7113566176267,1863.4699339218712,2495.805031520504
2025-07-13 18:15:00,1855.436476656751,1855.4039598243623,1845.2364899669838,1852.7480234890252,8899.51835139672
2025-07-13 18:30:00,1857.8059317158954,1866.6607590309818,1851.2230618423175,1861.0674870946525,3694.566133825526
2025-07-13 18:45:00,1855.20274632206,1854.6413272048296,1844.3529171138928,1854.551180328737,136.68242558709647
2025-07-13 19:00:00,1834.5387731168094,1839.3021996983434,1834.1995824960425,1836.6818833752727,4244.614877034781
2025-07-13 19:15:00,1839.6166569164359,1838.6010856304333,1829.4517074372698,1834.2175078113662,8015.776443427237
2025-07-13 19:30:00,1832.5690840304526,1839.4217515857956,1826.570037791224,1835.9151623018383,7084.776557913532
2025-07-13 19:45:00,1825.0128072614266,1829.8138282615353,1819.933400706741,1828.869666836131,2870.251028012887
2025-07-13 20:00:00,1793.8308862223457,1800.9422603319706,1791.936537265689,1792.9887374077293,5494.256610716554
2025-07-13 20:15:00,1816.9835550853982,1820.2083969905827,1806.3831575215033,1811.5542494618796,1951.1260172738498
2025-07-13 20:30:00,1787.1287801237818,1797.9110561100294,1786.1984605477737,1790.9849067568935,5765.4899304210785
2025-07-13 20:45:00,1789.2410032847042,1788.4845263559587,1781.8076032747583,1783.0566380901084,6804.682206829152
2025-07-13 21:00:00,1809.7609271311642,1813.0886758793845,1800.3437817727001,1804.998500017856,4043.2188146311078
2025-07-13 21:15:00,1790.4570635184295,1795.7398816275943,1786.2915749759106,1796.5120829919615,9619.965630351138
2025-07-13 21:30:00,1815.4214202031865,1825.130838979389,1813.8705087266221,1815.4507037089681,1805.106950012407
2025-07-13 21:45:00,1842.3873152554033,1844.8725636446632,1834.4404458680233,1838.453065359309,5129.856588768414
2025-07-13 22:00:00,1821.3539528294168,1824.627992540679,1813.8073338760948,1818.426997177243,3575.931537553291
2025-07-13 22:15:00,1807.7134333695158,1809.0728848337578,1802.3320129150202,1799.7241842165963,5627.629334089144
2025-07-13 22:30:00,1801.1492980714897,1798.953151227375,1790.190718387549,1793.85266196479,8652.624445849353
2025-07-13 22:45:00,1808.6717374271152,1807.8578535603012,1797.7592973595217,1807.9212565692621,1258.1837911374075
2025-07-13 23:00:00,1835.2145390674639,1844.4285123619743,1835.9547956216127,1838.863182271199,7151.936708460235
2025-07-13 23:15:00,1854.4228925265922,1857.3956811910525,1844.5246706266416,1856.1037298923145,6926.69690137407
2025-07-13 23:30:00,1866.0555557828707,1869.3593666240497,1859.8876010125218,1862.7195548738036,3316.0486193079782
2025-07-13 23:45:00,1895.9515076210066,1897.1909867897923,1891.7547514953746,1894.7930918040286,9482.193582379916
2025-07-14 00:00:00,1878.6742149433248,1886.4531762771817,1876.4614381869164,1878.391603914257,9889.550966187699
2025-07-14 00:15:00,1868.582054430153,1875.4236114569692,1866.7731868686787,1871.7584470157383,1019.7362139247069
2025-07-14 00:30:00,1896.5372596139696,1899.0877050605034,1890.0610019973835,1895.1319281038805,6726.086334530969
2025-07-14 00:45:00,1884.9690946454718,1886.9891724885392,1875.5789151735776,1887.5759171467732,6589.329483375252
2025-07-14 01:00:00,1891.3328738197192,1896.6173561602855,1886.1727492874552,1890.1459117557436,6247.868957361257
2025-07-14 01:15:00,1898.1120190494894,1902.0874682079696,1891.9948936987325,1900.32589978173,2888.0607639506525
2025-07-14 01:30:00,1922.6675467293855,1927.5067313860045,1913.5632903345233,1923.7658065996025,2672.42879285063
2025-07-14 01:45:00,1941.9498005941457,1945.979785190158,1935.5719277300057,1941.6179765549462,1405.3583437120847
2025-07-14 02:00:00,1936.3866600686163,1947.3981261729434,1938.344036811053,1941.4439533864706,2151.1844297875095
2025-07-14 02:15:00,1943.8793527746855,1951.422963954984,1940.7033131156754,1941.9652626613843,142.84793531452624
2025-07-14 02:30:00,1957.7621999107273,1964.608263147873,1952.7585046846682,1962.5765237915743,5138.554535811995
2025-07-14 02:45:00,1957.8492707065218,1957.4945140218458,1949.3247585871914,1951.7490240231964,6056.63569155806
2025-07-14 03:00:00,1982.2560453266387,1984.1252325246164,1973.950014591683,1979.8108287179239,4430.098840531141
2025-07-14 03:15:00,1985.3891635327816,1989.2490497771998,1978.8476313136514,1983.6280452689366,4110.9674680443
2025-07-14 03:30:00,1988.3522477886024,1992.838030483371,1983.0965166367148,1990.5547832791592,6906.988650127667
2025-07-14 03:45:00,2012.2742143117562,2015.1843239433135,2004.7493012171462,2007.2384298047705,2180.70920652595
2025-07-14 04:00:00,2003.2422218255037,2007.4907642838393,2000.3577991966542,2007.753889197106,1144.930518289245
2025-07-14 04:15:00,2006.9467443579872,2014.4103597279227,2004.735415099057,2006.4829764210926,504.41707737712284
2025-07-14 04:30:00,1999.9359648504692,2005.987779044438,1999.1143050123753,2003.1318876865323,6250.620517362103
2025-07-14 04:45:00,1991.3003759619871,1994.4780887551306,1987.0992136869181,1994.334136741958,2267.088141024932
2025-07-14 05:00:00,1980.421546334311,1983.5487499015437,1970.8835444252995,1973.6611770485072,7137.283953089838
2025-07-14 05:15:00,1992.8858142387285,2000.340353729832,1984.9971966086205,1989.4841601946903,748.6862861481089
2025-07-14 05:30:00,1999.8601277844118,2010.9824441414873,2001.0046540896553,2007.1800422603897,8478.409593230612
2025-07-14 05:45:00,1995.6989507743758,2007.2624270372091,1993.1358646736614,2002.2639322108134,5624.286529137165
2025-07-14 06:00:00,2020.9954496092023,2023.1193211601592,2013.1435447270258,2020.3484485960994,888.8929848308579
2025-07-14 06:15:00,2058.791353652572,2061.1431664035827,2047.9044961645764,2052.1771169565855,2888.6869580621083
2025-07-14 06:30:00,2079.8601437310417,2080.0920659270996,2071.1254274401313,2075.033701043468,6448.395853418952
2025-07-14 06:45:00,2064.415918651613,2074.5626494074722,2063.71425374993,2069.5331546352627,8368.107068648189
2025-07-14 07:00:00,2064.715269769082,2069.953878782069,2057.7855772862613,2069.098921533464,7791.896587903819
2025-07-14 07:15:00,2075.9943447712653,2088.496840702071,2074.190468165728,2076.8233018021724,8829.444554970743
2025-07-14 07:30:00,2090.7692607809468,2100.4277866490042,2089.4371583796396,2098.914878769453,6425.899538883671
2025-07-14 07:45:00,2108.1054168846777,2108.123880946524,2098.747386795351,2107.453544980892,2741.179480676555
2025-07-14 08:00:00,2106.931162542412,2112.531607891266,2104.8571446443557,2107.818330374007,8700.909984195607
2025-07-14 08:15:00,2089.5181323318,2099.4057390821386,2086.1043815691232,2089.3567293571787,6670.2301832064
2025-07-14 08:30:00,2090.7965476387494,2094.8246868104884,2086.353836655141,2088.8823147441944,950.8318960004926
2025-07-14 08:45:00,2119.2299830472207,2121.804990144992,2111.993544294104,2117.802239962802,8716.138456932475
2025-07-14 09:00:00,2124.002383064642,2127.663680756303,2117.1284339513004,2122.774236748408,8091.380597731255
2025-07-14 09:15:00,2105.20006868969,2114.647127594234,2103.0463240034073,2104.573819387269,6564.102129425692
2025-07-14 09:30:00,2098.6411399476633,2103.4094652921945,2096.1441388285825,2103.185674712335,5600.432605616144
2025-07-14 09:45:00,2105.8356663002683,2113.042923280887,2107.6575224210987,2115.3857620352787,5720.7191577462645
2025-07-14 10:00:00,2116.9944481144457,2122.9150733663137,2116.15401040724,2122.3479978529463,4842.090583277354
2025-07-14 10:15:00,2135.991930938503,2136.0175465831508,2127.725314716531,2132.2921941097507,7879.366443565566
2025-07-14 10:30:00,2146.6240072225614,2153.5347994678305,2141.751108368089,2151.7553127974775,5157.704366802783
2025-07-14 10:45:00,2144.4227468345644,2145.6371094472966,2138.3442270393284,2139.1280367207373,2407.6960549210826
2025-07-14 11:00:00,2118.595771437944,2118.446934158279,2113.165170669951,2116.0973757094584,2001.0500971613205
2025-07-14 11:15:00,2111.620880729016,2118.415442602081,2108.326868894792,2114.964531915641,6478.068208967983
2025-07-14 11:30:00,2130.3368223837765,2134.6400405319046,2120.30296742048,2124.4513402890534,8867.607840785902
2025-07-14 11:45:00,2125.1289769122486,2131.148302875471,2124.3989172881093,2130.0549509890543,5238.936027458468
2025-07-14 12:00:00,2124.7034766213237,2135.5873739994167,2120.209554654354,2131.4915396615834,4778.212211166956
2025-07-14 12:15:00,2119.7347823659834,2126.315019858624,2115.2829069805202,2119.1248588280887,7996.833321578276
2025-07-14 12:30:00,2123.773003889864,2126.7853074404966,2116.1149067166016,2123.448556883719,5717.916445796546
2025-07-14 12:45:00,2139.6474409785565,2144.255353005465,2133.9519966746775,2139.0711886766007,3687.173677719193
2025-07-14 13:00:00,2159.8020866257934,2164.378755111898,2156.408366669003,2155.6691984811036,1832.0265451135303
2025-07-14 13:15:00,2171.1494340859235,2178.0860440717997,2168.004525438612,2172.2249450510967,7223.292979191151
2025-07-14 13:30:00,2175.2260536147237,2180.0084001231694,2168.0810416374634,2179.785280541448,6154.599567462949
2025-07-14 13:45:00,2166.8428009577206,2170.291704980905,2158.954736864484,2161.975757968813,134.10947837852672
2025-07-14 14:00:00,2140.664687873501,2143.060194445832,2131.7502111502413,2139.8186748080766,3321.713873284794
2025-07-14 14:15:00,2150.014906446609,2155.366731219018,2149.0771460291935,2150.537041704651,596.567759575468
2025-07-14 14:30:00,2159.9038253327885,2165.7036439406374,2153.4510567026578,2164.9235753873622,1378.9676321970235
2025-07-14 14:45:00,2147.3786419440885,2152.633550180959,2138.7032248311593,2146.348871878234,4180.410941345935
2025-07-14 15:00:00,2140.9138162254467,2147.023911902126,2138.19744954319,2138.5180773014154,3575.7249384745446
2025-07-14 15:15:00,2140.504478815371,2142.0525889563487,2132.3436854395886,2135.8052983235843,1286.8779125712304
2025-07-14 15:30:00,2145.235636919358,2157.8160510347248,2145.990057087864,2154.057824938066,8594.560919602889
2025-07-14 15:45:00,2165.9076661469344,2170.7158432470537,2156.8940333174637,2162.2494873670103,5549.636488815784
2025-07-14 16:00:00,2163.1988082627086,2169.131121016024,2155.3721649398176,2163.8970379957677,9095.529392291544
2025-07-14 16:15:00,2151.9369830115165,2158.106215753067,2149.8244108301815,2152.2548882696046,4654.201391146401
2025-07-14 16:30:00,2154.881588746918,2158.6772271807254,2149.8433792792525,2155.32795429397,7017.420085917539
2025-07-14 16:45:00,2166.8592233608306,2175.3452650641566,2165.3866789585823,2169.16491703238,6627.662081076872
2025-07-14 17:00:00,2145.316553154243,2155.9939741028693,2146.5912643189317,2149.8651953926246,7411.3669220226375
2025-07-14 17:15:00,2145.9375355237703,2147.7434142219818,2135.8041465343617,2142.792081059124,3556.834338711869
2025-07-14 17:30:00,2158.4131940406373,2163.9009297481325,2148.9162472828943,2156.270539415684,9708.986760380647
2025-07-14 17:45:00,2140.269797200501,2145.2121696390905,2135.721206389843,2138.5642263974437,3071.549495046273
2025-07-14 18:00:00,2138.6174330206095,2143.3538468501974,2130.729614430746,2140.629537805685,8211.801555279728
2025-07-14 18:15:00,2131.8346548140003,2138.6294504787206,2129.8496296833328,2135.946013829204,8348.846407251558
2025-07-14 18:30:00,2141.279786945692,2142.2243508990423,2130.7788121532117,2138.350049777137,220.08530759357484
2025-07-14 18:45:00,2101.714329783733,2106.9012575127426,2096.649991279745,2101.9554212768617,9609.007123597567
2025-07-14 19:00:00,2110.033251808526,2110.86596789036,2100.007771676867,2107.507955449063,3015.8920969872493
2025-07-14 19:15:00,2090.2801412715107,2101.0578698200075,2087.358781750356,2094.5379624096886,9258.221463840859
2025-07-14 19:30:00,2156.599092758185,2157.2510736877407,2148.075991277939,2153.905154623527,466.5755104194999
2025-07-14 19:45:00,2138.0595890629675,2143.7352134676635,2133.9147911908376,2138.1939638202975,9481.445332545994
2025-07-14 20:00:00,2095.170471965001,2104.6048825954963,2093.521029864476,2102.448099372836,8523.701081964386
2025-07-14 20:15:00,2067.0050150530187,2074.7996372179446,2065.758139625825,2072.177375213139,5702.695869681568
2025-07-14 20:30:00,2073.539321233669,2080.2705014283706,2071.3030127633624,2078.5859549806155,2660.801856049659
2025-07-14 20:45:00,2080.874195392402,2087.5145820393127,2077.861665150202,2083.3583982564624,1031.0771416355483
2025-07-14 21:00:00,2058.9031803176413,2069.729674652465,2056.60391457129,2066.0101778234607,535.3895564221272
2025-07-14 21:15:00,2050.3004323802725,2059.943220904316,2052.182859490219,2053.020899345723,6453.970589033274
2025-07-14 21:30:00,2053.9737789284377,2064.1093521738517,2053.0485907154584,2059.3426352179276,1890.6562198787572
2025-07-14 21:45:00,2049.133126847727,2053.6383140995604,2044.3544113330672,2050.8114353244555,9424.803293669029
2025-07-14 22:00:00,2052.3919272508097,2057.8515205493677,2044.9755549923984,2048.862495817489,3506.950746498604
2025-07-14 22:15:00,2040.9987172927956,2048.444685940164,2040.077080880342,2047.8973017410551,8475.122865693831
2025-07-14 22:30:00,2046.0608120990648,2058.4090886867243,2046.5065757077023,2055.705784768916,5752.886881645029
2025-07-14 22:45:00,2062.017544261738,2070.7320111916556,2055.8933815368664,2059.8923852776647,3086.858464861158
2025-07-14 23:00:00,2056.5551944794497,2055.553243788164,2046.624922471126,2055.511179845202,8033.158038635644
2025-07-14 23:15:00,2060.5104890635384,2066.236653125757,2057.1630548838007,2063.8055363694057,7327.788359912758
2025-07-14 23:30:00,2074.3912276962456,2072.2711949136938,2062.9326621506,2067.657789615962,2749.206739212558
2025-07-14 23:45:00,2088.550337032316,2092.5354529683436,2082.6630153474384,2084.555481129771,2223.546222588172
2025-07-15 00:00:00,2098.5994149135004,2102.387108851481,2090.5515282064607,2099.3314165614956,1790.607086242374
2025-07-15 00:15:00,2099.1669560506734,2101.7168504934625,2089.9925768252383,2097.1015403286847,3981.696442462958
2025-07-15 00:30:00,2117.0324379898098,2116.3095317387274,2107.9178386764256,2116.6615557549912,9956.62119577196
2025-07-15 00:45:00,2104.834257873032,2107.3185660568593,2101.8471572138824,2100.8044979258034,6398.819023717453
2025-07-15 01:00:00,2081.974896410797,2090.828112686896,2082.323216603315,2081.0433415211064,8296.538443509588
2025-07-15 01:15:00,2089.4151819002127,2090.258704513542,2082.8160684860854,2083.459679377152,8772.825108433542
2025-07-15 01:30:00,2078.0003831678555,2081.564342322966,2075.5087948804494,2077.60728539848,8829.613343051991
2025-07-15 01:45:00,2096.029012831886,2104.606749453793,2097.012518218534,2104.380653871904,3020.2081348312513
2025-07-15 02:00:00,2092.3085853103,2099.323921001021,2086.978554288583,2095.7366493820095,6552.8107811220325
2025-07-15 02:15:00,2109.0918187044326,2113.63841476567,2100.648711025123,2111.4737129692044,2644.4893768417946
2025-07-15 02:30:00,2124.1429803762317,2125.758511944823,2115.770185100931,2122.9050188760552,2094.5635477564874
2025-07-15 02:45:00,2127.3753857190195,2134.9891469952286,2123.7826903986547,2134.839784683257,3086.469413671284
2025-07-15 03:00:00,2144.311186347521,2147.638745791687,2136.7401665219645,2143.7568319728402,505.39833464654635
2025-07-15 03:15:00,2128.78214844048,2137.7484999254093,2128.3436191563483,2128.1952110693974,1957.1901779890868
2025-07-15 03:30:00,2141.947067380272,2146.934702552453,2137.677218073432,2142.3876128887778,6566.095155114277
2025-07-15 03:45:00,2128.7607723706715,2133.5632185249183,2120.5412558258818,2132.266231947246,8304.801688739139
2025-07-15 04:00:00,2145.079481752708,2153.9910956764757,2142.4317127963795,2145.484201671524,6554.6268302525805
2025-07-15 04:15:00,2151.8128317988117,2156.4931536477693,2144.8240257691286,2153.2776461114267,7285.465681985023
2025-07-15 04:30:00,2148.5457979040966,2151.84852328245,2144.259128881651,2147.1337487951882,6659.843591345554
2025-07-15 04:45:00,2138.135391115298,2142.43116521023,2132.775907127182,2136.8882525983017,3337.2928909996153
2025-07-15 05:00:00,2141.137239363126,2144.02078408477,2132.115654310555,2139.9923439227596,2084.980970639613
2025-07-15 05:15:00,2135.182028203819,2138.13191147958,2129.1533094987853,2132.818884667894,1920.9233071269232
2025-07-15 05:30:00,2116.9818080117875,2126.9169552178937,2114.030285310299,2118.110770228341,6595.43035995584
2025-07-15 05:45:00,2108.6661261231566,2115.494459701794,2104.3586975629796,2106.9787552983958,9313.713256819403
2025-07-15 06:00:00,2119.715607261667,2125.4261112016416,2118.212447502228,2125.7006429934645,6134.14779446115
2025-07-15 06:15:00,2137.885254725443,2139.4881604977536,2128.5382159804153,2137.467478471321,5771.48389741991
2025-07-15 06:30:00,2153.425969902204,2155.214670792327,2148.6136010590117,2157.3169652656065,9694.705130274951
2025-07-15 06:45:00,2148.63190360582,2150.587857323586,2138.1332249304446,2142.1287727554245,2285.873073394848
2025-07-15 07:00:00,2137.208397220579,2145.8002581538713,2133.534609296648,2143.549555411836,3311.5381005676218
2025-07-15 07:15:00,2134.1203877081007,2136.708595634415,2126.4465074206314,2129.096765417833,7749.648249673522
2025-07-15 07:30:00,2130.22076536918,2134.140472664096,2126.449070143373,2124.370464643132,5356.92614060173
2025-07-15 07:45:00,2131.323523158706,2133.970532127204,2125.0147560306964,2130.372746091701,9240.12954958658
2025-07-15 08:00:00,2147.0786006100116,2148.544607943945,2137.8394545461506,2139.9635587387756,8912.683364627623
2025-07-15 08:15:00,2144.958021254861,2153.2170458686433,2145.563081524557,2143.546715741109,5965.8302799196235
2025-07-15 08:30:00,2157.0369124947656,2159.498409362599,2150.1503367017626,2157.4385639602924,6683.055417957784
2025-07-15 08:45:00,2160.03993568967,2162.661661127764,2150.828778250754,2154.51779312995,5523.522234129178
2025-07-15 09:00:00,2135.3945424763515,2146.085984176645,2131.412937543366,2134.789220477695,9977.127192546171
2025-07-15 09:15:00,2145.949009925831,2152.1723140973813,2140.1671474168297,2143.4698951482414,8987.349183472394
2025-07-15 09:30:00,2159.319008429014,2170.9818823596065,2160.230158820748,2167.923410987896,1497.777827998102
2025-07-15 09:45:00,2147.948681508511,2145.9423036437033,2138.3227760083287,2141.0685656705446,6486.919733671549
2025-07-15 10:00:00,2122.521855958231,2124.5151933469047,2119.9081195172243,2122.0128331747483,8101.970149567533
2025-07-15 10:15:00,2101.5129642085963,2104.1968274853675,2092.7957445575244,2092.2924354088573,1459.9655645431249
2025-07-15 10:30:00,2078.6461625583083,2091.0045914558377,2077.784060195343,2086.307101541607,5063.8941386229535
2025-07-15 10:45:00,2063.508612633667,2072.126582852424,2062.228242052957,2065.9575956811723,9550.912705294075
2025-07-15 11:00:00,2047.7159531132436,2053.5930946871163,2044.0819783780444,2053.5885142496104,5427.367247714745
2025-07-15 11:15:00,2055.592769275582,2067.50249981977,2057.841402921742,2063.2918944824523,1188.6006086389705
2025-07-15 11:30:00,2056.314042282115,2061.718790161001,2052.398986519354,2054.607222650954,785.1036298558007
2025-07-15 11:45:00,2046.2669503950897,2056.7678560385375,2042.5065553593265,2052.9867192401566,224.7599527889564
2025-07-15 12:00:00,2036.2828269460783,2042.5328954521033,2033.7147730874785,2036.2901040989593,3399.776683963267
2025-07-15 12:15:00,2026.411738594661,2029.9439502547448,2018.76433214473,2028.3176538201744,7158.781471241185
2025-07-15 12:30:00,2029.339720600275,2031.971289374418,2023.3701022654666,2025.8431384096702,3490.1232146222055
2025-07-15 12:45:00,2010.376312831457,2011.4383944858084,2002.6567066183713,2008.9999161873561,6244.0454212194545
2025-07-15 13:00:00,1974.5267213750892,1982.0284387509944,1973.735036753861,1977.3777980132716,3808.1919283896523
2025-07-15 13:15:00,2001.6652105157484,2003.0459746362753,1995.286161454208,2000.0426415006339,1611.0797699475288
2025-07-15 13:30:00,2004.6038731556457,2003.0398294949603,1993.3433009894395,1996.4911113991286,3189.384212941093
2025-07-15 13:45:00,2027.195336142948,2032.2145420544414,2021.5383654361779,2020.2553234664751,3522.3380497794487
2025-07-15 14:00:00,1997.9147694191697,2006.0197130449067,1993.5307122547715,1998.2975936313837,1352.7992436428717
2025-07-15 14:15:00,2016.1047664614514,2025.283827012688,2017.0599678064489,2015.9770746779516,2485.6135461485633
2025-07-15 14:30:00,2025.9228473165815,2032.234397676599,2025.90808364956,2024.6435744441933,4925.338701627346
2025-07-15 14:45:00,2052.653204400742,2052.5989571035925,2045.1990166224145,2052.23675016815,4437.673136996106
2025-07-15 15:00:00,2021.0302246094766,2030.3995689645656,2021.7178311509233,2024.3994451808826,855.5756786328315
2025-07-15 15:15:00,2017.0615324065186,2022.5760836500608,2016.4771102505638,2022.0241031484443,2691.9833467560647
2025-07-15 15:30:00,2013.944471344491,2019.3648352822186,2011.182682831756,2018.8523993872284,965.422726989639
2025-07-15 15:45:00,2011.9154976473212,2011.6828628594626,2001.7078213195318,2010.0103548519535,3493.5899557563193
2025-07-15 16:00:00,2007.40770117427,2011.3905470726181,1998.5734551867213,2006.2849355862902,8602.194717791597
2025-07-15 16:15:00,2000.7097631004758,2003.5165898690084,1989.0760795280107,1997.8282638697744,5442.556129313708
2025-07-15 16:30:00,1972.2834434250149,1983.1961583856944,1971.5592342872026,1980.1685054314526,6958.240772053762
2025-07-15 16:45:00,1969.28819767653,1969.403247985077,1958.0907077771233,1961.9079553874792,6254.871632563227
2025-07-15 17:00:00,1977.0702093206917,1989.4264730534474,1974.9275457997715,1982.0243125581906,6954.996255599118
2025-07-15 17:15:00,1964.7750158795982,1971.1480112946463,1960.13172572933,1967.3987930031963,6966.000264362011
2025-07-15 17:30:00,1952.52932205372,1955.6082019722367,1946.6344388730097,1951.0344676710079,2919.2926403001547
2025-07-15 17:45:00,1962.7209177675638,1964.1046032233337,1955.2872644501233,1960.5666097665132,1331.9701794822176
2025-07-15 18:00:00,1975.8712382009378,1982.3370130442363,1972.421901213941,1978.170885471422,6426.291625186265
2025-07-15 18:15:00,1988.0101979623114,1990.6894489139036,1981.6236852076408,1991.2944662293994,8596.652016159791
2025-07-15 18:30:00,1974.5868541949558,1972.3984019528064,1962.3440126676264,1966.92981031112,9611.73696607154
2025-07-15 18:45:00,1989.2085784005712,1990.3970676748813,1977.335402607257,1981.9178079091298,8504.981187504074
2025-07-15 19:00:00,1999.1519362206634,2007.2837556066602,1994.5285527376511,1998.7405078434178,4929.278992333162
2025-07-15 19:15:00,2008.3239161416575,2012.5474797218071,2004.8675054271541,2014.0890310920606,691.2725502505452
2025-07-15 19:30:00,2006.6119960942328,2013.3928301562705,2005.4393422155474,2009.0107749290632,4621.146232887025
2025-07-15 19:45:00,1994.0620237747924,1996.120669872968,1987.6417835372142,1989.1217369223534,7255.907979333017
2025-07-15 20:00:00,1968.5713805465584,1976.4970916480163,1967.8430486494974,1969.748080305863,9897.104390893068
2025-07-15 20:15:00,1954.7173961571232,1963.987156433843,1949.8402967050372,1956.1475456048804,3108.3466032875144
2025-07-15 20:30:00,1925.2358880297036,1932.1737194596717,1926.0698848641987,1925.7464202275457,393.8954734208896
2025-07-15 20:45:00,1900.8618574075758,1908.767651780195,1901.9562550069668,1903.8467604883865,9778.883791310354
2025-07-15 21:00:00,1912.6596046258053,1919.1541288567767,1908.1965261406153,1908.9181602162635,6115.068112015765
2025-07-15 21:15:00,1928.2024925185563,1930.5871056458382,1919.8453514740481,1927.1448764479708,6032.8346736113335
2025-07-15 21:30:00,1925.8923769493533,1930.4012656969865,1916.5976001495833,1929.150849022788,9472.637260201429
2025-07-15 21:45:00,1913.7255407452212,1922.304286545997,1913.8494088793361,1916.905582571093,2578.601323666078
2025-07-15 22:00:00,1923.0599069041034,1925.6017260049086,1914.9221040074128,1920.7211503302813,2068.476183437448
2025-07-15 22:15:00,1930.5915307328942,1941.3156742202561,1927.6493289770256,1937.3437987206005,5945.954602682873
2025-07-15 22:30:00,1945.2672089196324,1953.1583245498532,1946.2767787291511,1948.9961603417319,3147.7059452585872
2025-07-15 22:45:00,1903.9768321328565,1915.3272992533139,1905.9120935538076,1905.6603164502267,2854.9887209785456
2025-07-15 23:00:00,1895.5489530752357,1901.16751425287,1887.3036083087486,1891.7912991737599,2900.0083948900683
2025-07-15 23:15:00,1876.9061475544058,1888.6886840551692,1875.7489989924238,1884.2511396593004,5071.199134561856
2025-07-15 23:30:00,1862.2843999510055,1865.797278078087,1852.3218559700965,1860.2272825929126,9533.358222844341
2025-07-15 23:45:00,1856.7764095961402,1862.8463089706997,1856.9147572097975,1863.4365377492309,2218.3598701354954
2025-07-16 00:00:00,1868.4184564664038,1871.4454580004667,1862.5887430231314,1868.736660240311,5513.378731842512
2025-07-16 00:15:00,1868.8439105268792,1876.8942521291528,1864.6371537251182,1872.776347639575,9903.109779296608
2025-07-16 00:30:00,1906.0573424378454,1913.392354373463,1906.9304746481762,1909.884481707537,8569.940999907876
2025-07-16 00:45:00,1907.244502123066,1913.7728357737092,1903.9011306792713,1911.279549495576,5645.5143734658905
2025-07-16 01:00:00,1926.4652971860942,1927.2799571546514,1915.6689948279884,1917.9638778338822,8472.511391647455
2025-07-16 01:15:00,1950.0604701780112,1956.326431956252,1949.127937571493,1948.8868325210974,4339.9309067232025
2025-07-16 01:30:00,1929.1210946047934,1930.548492900636,1923.7222497894347,1929.4306278313734,506.6215808362755
2025-07-16 01:45:00,1928.2513573488027,1929.779658361944,1916.6949319946766,1922.037682832327,8321.111644477196
2025-07-16 02:00:00,1905.0601587432666,1906.8067853483672,1898.3191895554291,1897.3188618994682,4860.867872168795
2025-07-16 02:15:00,1886.2835834348605,1896.1654354499499,1886.3572958556713,1890.6095950982333,2709.045867440298
2025-07-16 02:30:00,1908.3119558530648,1913.8468620034962,1905.3245742327706,1906.9545120613102,6850.6112698663865
2025-07-16 02:45:00,1899.320026235125,1901.6348512803181,1890.6160799120566,1897.2221191982524,9007.92532552973
2025-07-16 03:00:00,1890.8647352302223,1897.643202971004,1887.6436821967782,1891.2134286044345,643.319787875589
2025-07-16 03:15:00,1886.3579717657203,1891.587855303592,1880.6182255826723,1882.0453504899147,1276.6994541156773
2025-07-16 03:30:00,1880.1875743687597,1883.4088225622636,1872.5876665441015,1877.0311111783692,5271.606726108808
2025-07-16 03:45:00,1881.493028112899,1887.4006579067304,1875.5100359604387,1885.062463442445,9390.365142402961
2025-07-16 04:00:00,1858.0973760136358,1865.1015074076643,1859.494890541598,1864.865291714315,9670.908843720188
2025-07-16 04:15:00,1859.501961697712,1865.2448077167162,1851.9589545363974,1856.4562451859329,6439.948367672847
2025-07-16 04:30:00,1852.7696336333888,1862.3338384370481,1849.2563782955071,1853.9018475686635,969.0275292235443
2025-07-16 04:45:00,1870.0319230926134,1874.030137455862,1867.6582314162595,1874.795190812571,4219.190892282284
2025-07-16 05:00:00,1850.2101882748009,1854.2317680731003,1842.5939899166597,1849.7529092940754,3342.8952605421473
2025-07-16 05:15:00,1854.0196130439947,1864.1321145258962,1853.8280236843148,1853.1917866602637,2388.7689741372037
2025-07-16 05:30:00,1853.8976733569568,1862.0544731654145,1855.6098563460744,1855.7190533949383,4911.767962693575
2025-07-16 05:45:00,1865.8080346673376,1874.7265059530625,1859.2888408115393,1867.185865839439,748.8592000812977
2025-07-16 06:00:00,1851.989771768804,1855.1383237089549,1846.6910870583772,1853.544756079021,2724.652600842145
2025-07-16 06:15:00,1846.5815692629412,1847.4513345907365,1837.353475200357,1838.2790162313631,5720.215727538907
2025-07-16 06:30:00,1850.2975972979443,1857.9162136960576,1849.2974179326502,1856.4650054563874,805.0767486542713
2025-07-16 06:45:00,1839.0761951109594,1849.733306213945,1839.8142576063337,1843.3381515072565,8151.437637661159
2025-07-16 07:00:00,1824.3713154552386,1830.3805719758432,1820.7839057537797,1823.0035033423821,2417.3880068661415
2025-07-16 07:15:00,1835.136861145756,1836.731820875364,1826.0539567755325,1832.9251306598899,5376.857246125204
2025-07-16 07:30:00,1824.004198153516,1831.4764062045456,1817.7316204981962,1818.9710622837474,245.62744859170107
2025-07-16 07:45:00,1844.697171298501,1848.061366444116,1836.6234082474482,1837.6194985712564,528.3842618576676
2025-07-16 08:00:00,1856.736539807331,1864.4161848204467,1853.2473092345847,1863.2389643467961,2820.3613357311083
2025-07-16 08:15:00,1850.6965593866596,1859.286854159785,1848.84188705737,1855.6564000502021,6709.262572465845
2025-07-16 08:30:00,1880.4777473323466,1880.642185866721,1871.083627013295,1872.80504228155,8923.694755809616
2025-07-16 08:45:00,1875.052805676755,1874.731675429967,1866.4457723503203,1868.856093851454,7129.891032874145
2025-07-16 09:00:00,1868.8291380605563,1872.8514402164508,1859.9560181258746,1864.0293335593824,1640.9571118717654
2025-07-16 09:15:00,1836.7705973386849,1840.4252337603102,1832.6994593241766,1838.5268335975193,1671.3507434557732
2025-07-16 09:30:00,1843.1368507135326,1845.0798382136936,1833.8083215504544,1838.2456931690913,3216.980662317392
2025-07-16 09:45:00,1840.2354802779491,1850.3784743846747,1838.0166388435964,1841.4729633756624,7215.591287012007
2025-07-16 10:00:00,1877.5450822519701,1881.819374636813,1871.297027256985,1872.0847763865788,3754.5865139091056
2025-07-16 10:15:00,1860.0904960787404,1864.1097842206586,1856.188428418633,1856.2616035547824,1850.057061651416
2025-07-16 10:30:00,1843.6278683348878,1847.3536557337559,1837.3745710850178,1841.6334343671326,8631.46126590639
2025-07-16 10:45:00,1847.4062071689866,1855.22211012287,1849.0598207618868,1851.5473730860379,5079.59148024734
2025-07-16 11:00:00,1837.226221742026,1845.0324573157786,1832.9317717181402,1843.2208855833908,9142.67462361415
2025-07-16 11:15:00,1852.0740766234896,1855.6371102474866,1844.886879809799,1848.730232141443,7984.771061497072
2025-07-16 11:30:00,1842.5131409578064,1848.8967234949548,1841.9582303757218,1845.1572725562064,114.68101842106303
2025-07-16 11:45:00,1855.521627489577,1866.2247044311957,1855.1319899789248,1855.8943065745718,9638.540845958907
2025-07-16 12:00:00,1871.4121056277008,1869.4893644649212,1862.9761043469896,1869.5570046629402,817.0605443633444
2025-07-16 12:15:00,1844.1312802377336,1850.0725164337675,1841.9704064606779,1851.6447893297527,6041.017474275447
2025-07-16 12:30:00,1833.540725303667,1837.822020334278,1831.619115817219,1834.4200520416364,2228.717708350556
2025-07-16 12:45:00,1817.3506084138728,1826.582502772712,1812.7182094982752,1815.7951266745647,8381.441013608599
2025-07-16 13:00:00,1796.4608159414245,1801.2701833227768,1790.5907190825385,1790.8184466284642,3644.0676005958308
2025-07-16 13:15:00,1771.7961436549115,1777.8746527634328,1764.3301654956842,1774.1954964118331,5772.228084100582
2025-07-16 13:30:00,1789.9132597860125,1795.010406406839,1784.4575550655904,1792.4192092782228,9319.106269776088
2025-07-16 13:45:00,1795.8701209980939,1799.5130593278943,1793.7128663889798,1799.5659244307876,8378.457327339114
2025-07-16 14:00:00,1808.4786780686181,1816.3680676640606,1808.1268845282075,1808.0763445373286,5963.352757725398
2025-07-16 14:15:00,1808.221200060098,1808.3819075616589,1797.2676521448725,1807.5313842825165,3610.08704497491
2025-07-16 14:30:00,1798.1624915798486,1808.6024108507831,1793.9977137057142,1804.2976084339493,3689.2090819305313
2025-07-16 14:45:00,1799.2911833549165,1805.994778406536,1794.7703089784934,1802.4754667958102,6268.699766838474
2025-07-16 15:00:00,1794.317651004437,1797.9935869650812,1785.1321461453867,1793.3957717306662,8130.002404537948
2025-07-16 15:15:00,1790.8484333863555,1795.492340492205,1781.6317101989303,1789.1820107270755,9359.244559252678
2025-07-16 15:30:00,1785.4435158140345,1792.1091346599578,1779.5579818514923,1781.24285418526,4073.039819440347
2025-07-16 15:45:00,1781.2512194254014,1784.2870834811959,1778.7208068042353,1779.3795276264093,4307.714111726286
2025-07-16 16:00:00,1806.1913389740528,1804.4087036815956,1798.3644155821294,1803.167033352881,4364.490485191014
2025-07-16 16:15:00,1787.635086321819,1795.7247670967865,1786.318123991069,1795.5368053822851,9661.842014287995
2025-07-16 16:30:00,1791.9199521790447,1801.66079192741,1787.9822193202444,1798.1955346050415,3681.226312175012
2025-07-16 16:45:00,1816.615488083059,1818.0947136911702,1809.4388962126322,1807.6318813526743,3488.1564073136665
2025-07-16 17:00:00,1818.290141385963,1822.5929417232824,1814.7843004301033,1818.6357048103303,9580.506111530121
2025-07-16 17:15:00,1819.2922017654073,1817.2995535539887,1811.6164542710408,1810.676178719549,8450.6426378862
2025-07-16 17:30:00,1787.3599421346048,1788.644286262312,1779.9041278569985,1780.954154235016,9013.352898965273
2025-07-16 17:45:00,1774.6353924331706,1776.6901565467974,1767.461976155017,1775.5490432281092,8799.264169512948
2025-07-16 18:00:00,1784.5449760069444,1787.38461541762,1775.197828861639,1778.3457146734982,8373.034367589245
2025-07-16 18:15:00,1781.0873948889962,1788.4094952340038,1777.7621343508379,1786.4987267895913,4159.3322751085925
2025-07-16 18:30:00,1790.425852994405,1791.9981593930631,1784.538043012008,1793.6963126701648,6861.611373868649
2025-07-16 18:45:00,1804.4475185757333,1804.3161252240207,1799.2297639666842,1800.693497113573,9006.488116432585
2025-07-16 19:00:00,1794.2270391029117,1800.658394211389,1788.60417318367,1796.992897660738,8385.764695131076
2025-07-16 19:15:00,1786.5745903171435,1793.2875697842114,1785.7360807854143,1787.9416386886442,3379.1535218728577
2025-07-16 19:30:00,1795.779428363826,1799.335635300388,1790.2364790312417,1793.7460098359863,7509.720767099939
2025-07-16 19:45:00,1795.9348812473268,1801.0116280437392,1793.3491508387938,1797.4257725686014,6490.182266852225
2025-07-16 20:00:00,1803.830093294496,1812.7893836153485,1805.258646530604,1812.3748299957697,5008.388785139844
2025-07-16 20:15:00,1822.2074539130992,1833.433273813269,1818.9759267685513,1825.9606280660655,2125.4062431243883
2025-07-16 20:30:00,1814.1277604209204,1816.305342959886,1807.4638518893612,1809.3396844084814,3872.3048859858604
2025-07-16 20:45:00,1824.6185323462187,1833.1170136696198,1824.9556510687128,1824.8962022797582,1464.8599914616418
2025-07-16 21:00:00,1827.4604539703173,1837.8863318276847,1828.191488094182,1830.7732273425668,2247.737087281564
2025-07-16 21:15:00,1853.698580986039,1857.0700857424806,1851.1504317577455,1856.7853155922535,2015.3248854143494
2025-07-16 21:30:00,1852.974188226189,1852.2727858972883,1842.2791048015429,1848.0251802512857,4670.520302447925
2025-07-16 21:45:00,1847.2109785559908,1852.5537556523946,1843.2028702170878,1842.2994533279125,3545.2259460781647
2025-07-16 22:00:00,1859.4343017252172,1863.5719540367577,1851.5877305768888,1856.7843096010731,5376.193828151487
2025-07-16 22:15:00,1848.8696494263,1854.2859972018011,1846.4883051439751,1853.585192090787,6755.54632403198
2025-07-16 22:30:00,1854.1828202220943,1865.4429694821588,1854.9373965785992,1861.5782775593643,1776.9864351669978
2025-07-16 22:45:00,1849.3444065593935,1854.9990129833125,1842.1626586458128,1845.041280921295,1300.9534760396093
2025-07-16 23:00:00,1848.8046838610803,1851.642023097781,1841.208247964216,1845.4791370225548,4473.745379256764
2025-07-16 23:15:00,1838.8288563963529,1845.8903786543792,1830.543305241406,1833.4865479154398,6408.043269776309
2025-07-16 23:30:00,1812.3307572573547,1810.2833167119122,1804.7376031521487,1804.0828074714,5223.8717701261585
2025-07-16 23:45:00,1830.402820277229,1836.2040434991902,1820.627692776905,1824.8284528509823,1703.8208627427514
2025-07-17 00:00:00,1816.5092245752664,1817.4741893980233,1810.518585595126,1812.0402781751507,7780.256854018283
2025-07-17 00:15:00,1804.6374440231,1808.2159324179286,1796.2584792453752,1798.487073160831,534.3904456950441
2025-07-17 00:30:00,1796.7596882672044,1806.6057816107361,1794.2270896635616,1801.1588150036046,1313.040373063158
2025-07-17 00:45:00,1781.492657080662,1785.3785491020121,1778.4019752431072,1784.1406341032675,725.4528419544816
2025-07-17 01:00:00,1786.346389839124,1793.096775327955,1784.964276601248,1785.9875024496728,3722.589432894555
2025-07-17 01:15:00,1802.2872795289,1808.5079632152265,1796.714307650417,1805.3441749232015,4433.700761914924
2025-07-17 01:30:00,1809.5219541721103,1815.2530259352313,1804.5023698069144,1811.2536030346553,6947.792539109004
2025-07-17 01:45:00,1828.1617526637406,1832.9717937568905,1826.825549003414,1827.6375904372387,8464.612067349515
2025-07-17 02:00:00,1838.0077488710765,1844.9630983271304,1837.9577858443336,1843.6346561782702,597.7622500606492
2025-07-17 02:15:00,1847.0199349278262,1851.8037066240063,1843.2193380557699,1844.622860313483,5800.439968282941
2025-07-17 02:30:00,1845.6653556146582,1852.0784519123013,1843.318248447315,1851.6968932999046,7212.418966368852
2025-07-17 02:45:00,1833.370298669265,1842.3932826877287,1832.3342793216536,1838.3665733988437,8624.5555376932
2025-07-17 03:00:00,1853.4027675310099,1853.543833581353,1846.7600706449089,1849.1728752191311,8173.713574104692
2025-07-17 03:15:00,1871.7314928796263,1881.4769990147652,1870.7134317717325,1878.1353579687004,3141.687805778549
2025-07-17 03:30:00,1870.3347584946312,1872.8883131324737,1861.3325602280704,1867.307076650432,3864.4774199383405
2025-07-17 03:45:00,1865.528245246098,1870.2934941441754,1861.1895504673619,1863.1609259688526,5537.212328552549
2025-07-17 04:00:00,1875.9757788281868,1877.21624546997,1871.4393188709946,1870.857327232243,5540.826000798572
2025-07-17 04:15:00,1862.0385700718914,1870.2766229067784,1857.123314346302,1866.781277695043,1004.9558548171261
2025-07-17 04:30:00,1879.5811411411835,1890.0875992181955,1877.4089801189232,1888.5409883837735,1170.9385490909685
2025-07-17 04:45:00,1864.7257159950882,1870.9823499437302,1857.9584404102013,1862.7767450640038,6172.809586770814
2025-07-17 05:00:00,1831.834753393589,1839.3610663679444,1832.36553809793,1835.352732796417,6245.668464751801
2025-07-17 05:15:00,1829.0719465007503,1836.167940860763,1824.805414258802,1833.5676058429412,7540.350839338623
2025-07-17 05:30:00,1845.9163181876004,1853.3716993272792,1842.8178224371995,1852.7515421551818,9868.360854667237
2025-07-17 05:45:00,1834.8929889175151,1840.0082259982723,1830.3409767767018,1833.2918910653455,2189.947268106783
2025-07-17 06:00:00,1834.1524240211465,1835.074661656302,1821.987280088451,1833.6537449041311,4481.586578881919
2025-07-17 06:15:00,1829.7989839407812,1834.7808734205075,1823.9570334424516,1827.8553460280489,437.1733381361966
2025-07-17 06:30:00,1804.884756875758,1803.2756666659568,1794.0388804083261,1799.0616881074332,2757.6191774578083
2025-07-17 06:45:00,1801.9214583792893,1805.7548040844213,1797.004503543438,1803.1971219895067,7100.081616599486
2025-07-17 07:00:00,1783.0581797392827,1793.8981021240083,1781.380120520384,1785.5790434637288,2926.1909157209757
2025-07-17 07:15:00,1794.5594656266444,1798.8042365498925,1789.6605361949644,1794.104436295291,9946.179293666279
2025-07-17 07:30:00,1769.7546113896833,1774.4803687499675,1760.2428221676812,1763.0112225587636,9849.153870433287
2025-07-17 07:45:00,1768.7093562085295,1772.6214792806254,1762.9695531487441,1765.1233580814253,3068.320957733389
2025-07-17 08:00:00,1762.4694733729116,1769.787428821851,1763.4912502221641,1768.0563112889208,5594.75963015864
2025-07-17 08:15:00,1754.366182421862,1755.0700938831126,1745.8108177757983,1747.898589946565,6481.061044388047
2025-07-17 08:30:00,1777.0155630502618,1785.4005141777789,1775.3596860122093,1776.3499397447265,8342.497840887605
2025-07-17 08:45:00,1762.3030560039997,1769.3588197716924,1754.4964538642243,1761.4763253419665,1124.0488763778642
2025-07-17 09:00:00,1761.2268347574773,1759.429605908671,1754.031425929441,1760.0047377498242,3866.269012689201
2025-07-17 09:15:00,1749.6181576011995,1760.1832271962076,1745.9149879991278,1750.752073678875,1521.380723824526
2025-07-17 09:30:00,1765.5406643734484,1767.1990450936862,1753.0094521423614,1764.818769253869,660.4116444166997
2025-07-17 09:45:00,1771.245754427136,1776.7232528699183,1761.2530193080133,1773.6861865086548,5493.818269108728
2025-07-17 10:00:00,1737.4292606675706,1745.6986432084827,1737.0102230967702,1737.2976376779056,4743.248819326711
2025-07-17 10:15:00,1716.000311870224,1721.4731330265217,1714.839858833696,1717.8794257256861,1579.8923765766426
2025-07-17 10:30:00,1730.9491249482496,1738.1064525669515,1730.098195848977,1729.1567351921917,7098.354487024369
2025-07-17 10:45:00,1756.4391586263787,1764.0499255728105,1753.4598329469602,1757.00476651144,7341.367426222208
2025-07-17 11:00:00,1737.0033972193773,1746.2778753883147,1735.1079883148072,1745.300079395259,1911.7084083708737
2025-07-17 11:15:00,1731.2073459716976,1733.9233980031386,1720.595667325751,1730.1115548473015,7556.489930939667
2025-07-17 11:30:00,1721.5855011041251,1724.6823488729174,1712.468686909537,1717.358733040407,3646.522011718681
2025-07-17 11:45:00,1744.5650258932535,1753.0519920832548,1742.2261443814039,1753.3938802943833,618.045331055804
2025-07-17 12:00:00,1761.9328653893351,1772.482808540511,1762.6822783442774,1766.9021454989186,7033.270435327827
2025-07-17 12:15:00,1775.8524117563657,1780.5347186709178,1766.765828388599,1770.9649938025264,7285.490746500066
2025-07-17 12:30:00,1783.037526528693,1784.446709910042,1774.997211716386,1781.756162495675,6059.86484575479
2025-07-17 12:45:00,1794.0743064562905,1794.2292398475743,1785.5756366884127,1792.1445907317443,213.6227600079792
2025-07-17 13:00:00,1794.1086923704825,1794.2452059315933,1782.9684593324298,1794.7266488435162,2578.015518940367
2025-07-17 13:15:00,1794.6947368543736,1797.5733868841908,1789.2396489480127,1794.129885353829,5525.307252675133
2025-07-17 13:30:00,1807.3658521307368,1808.5893079471425,1800.1961102184575,1805.9725183436815,9808.593470211059
2025-07-17 13:45:00,1805.694927702301,1813.8687623747128,1802.651232278474,1805.1400111935764,7890.062249039631
2025-07-17 14:00:00,1799.5633361013668,1803.0816921146172,1795.2424956601042,1803.4067193448345,6925.628415354495
2025-07-17 14:15:00,1799.8212830305406,1800.7670094335322,1790.0010445200326,1795.8771404387462,9881.901552746775
2025-07-17 14:30:00,1790.372620540152,1799.3703548194142,1789.759695341433,1796.0192871040774,998.430840935723
2025-07-17 14:45:00,1781.1355574856852,1793.8802874619446,1782.035169208416,1788.7605954790324,2424.508671720399
2025-07-17 15:00:00,1781.831183690778,1786.2510381018105,1771.5376657230445,1779.9415312896415,8980.20257897001
2025-07-17 15:15:00,1789.3755026314286,1798.5419560372661,1788.7453747678692,1792.5829069738866,9737.564003666637
2025-07-17 15:30:00,1806.2681371646538,1811.4563377402499,1804.659477383471,1804.6601164363374,106.6468488284471
2025-07-17 15:45:00,1838.869647181743,1841.893816394145,1830.9726968676205,1837.4668722640008,9587.571539671633
2025-07-17 16:00:00,1829.541798943982,1836.1396931363374,1824.234721082136,1832.554039058451,4880.527171960792
2025-07-17 16:15:00,1836.8639677266885,1841.8457921021645,1833.8876682707794,1838.9560100467654,7518.419406199987
2025-07-17 16:30:00,1817.7645484946884,1822.2493531120135,1811.7238054094307,1820.0951781495767,6503.38009243079
2025-07-17 16:45:00,1798.5278129010194,1799.060274407612,1789.8224734331616,1794.4501524020488,8062.844303837023
2025-07-17 17:00:00,1793.7336284984563,1796.6319492980058,1785.8505909405328,1789.6096508267274,1600.740621076952
2025-07-17 17:15:00,1787.6550443732738,1795.0133052795184,1780.175803167366,1786.6056099231985,5808.751182116521
2025-07-17 17:30:00,1776.910176376091,1784.539113514342,1774.0664270865711,1779.9466434103454,2697.0828262092236
2025-07-17 17:45:00,1753.8684109615642,1758.195773646659,1749.0424472100274,1750.8163284369186,7303.548155897234
2025-07-17 18:00:00,1762.4936645202588,1767.296910106431,1758.6364242905997,1757.5589189438201,2426.695524254057
2025-07-17 18:15:00,1734.6443918541363,1740.5014402366896,1728.924627241034,1734.4328518377333,7633.378268824283
2025-07-17 18:30:00,1727.504155866384,1727.5257370756215,1719.317880693447,1725.458451761193,3815.679180276265
2025-07-17 18:45:00,1700.5114460969087,1709.020872544444,1695.4631854354618,1699.8761190285481,6435.574312332258
2025-07-17 19:00:00,1715.4123475365177,1721.7658581067512,1711.0195081649515,1716.3780057628614,5516.2518088567695
2025-07-17 19:15:00,1720.603557402275,1720.6396763742648,1712.699706821041,1719.529678185284,4328.259132021745
2025-07-17 19:30:00,1711.072193265481,1716.50463823304,1705.7588421210155,1708.1362406582248,5337.794607687424
2025-07-17 19:45:00,1718.6443802545982,1721.5037195499647,1706.2678312508474,1717.9868482854254,572.4283918634519
2025-07-17 20:00:00,1722.1170551642567,1727.2914156504833,1712.9533754000277,1720.347601477512,8032.819338901035
2025-07-17 20:15:00,1757.3920155887752,1760.5758448792299,1748.3798299704763,1754.4581955206766,1186.6095718022339
2025-07-17 20:30:00,1775.8988061305524,1779.9522171225158,1770.0649927443862,1776.4504035180394,487.7943873855267
2025-07-17 20:45:00,1779.5667664753528,1786.2021409341185,1777.5248014844526,1783.2554731742123,1447.0181301552286
2025-07-17 21:00:00,1776.7592621342205,1780.5847425087047,1768.371100760108,1775.77828525799,6689.454880038048
2025-07-17 21:15:00,1778.0027041032813,1775.6681803700685,1768.1883291907836,1769.2840083121625,4532.004398021565
2025-07-17 21:30:00,1765.1142837945836,1770.9619225571153,1764.8156041662721,1762.950637470145,9483.60006733406
2025-07-17 21:45:00,1780.1600702834264,1780.352743063464,1771.950115153552,1776.2510781996439,3609.493026261737
2025-07-17 22:00:00,1768.6338014463493,1768.9890789998594,1758.48964009941,1766.1397088066478,4849.457385090315
2025-07-17 22:15:00,1759.7261470824392,1763.3217182245141,1752.0948405318525,1759.4017792272718,9919.151717318235
2025-07-17 22:30:00,1771.0045295124357,1778.2149830730434,1771.029944690215,1777.202067572514,5184.422598843492
2025-07-17 22:45:00,1766.607277292847,1773.4994449947567,1760.4723362888958,1764.7452218448411,8591.993164739555
2025-07-17 23:00:00,1742.126978839424,1748.6780808257618,1739.7115371053185,1740.0604443517973,5112.793493162594
2025-07-17 23:15:00,1750.4231776676666,1753.5381792527041,1740.1751879001522,1751.5759490678809,5882.57463227754
2025-07-17 23:30:00,1716.7870276017818,1720.5502435662365,1706.9703110949638,1713.4699788680546,1339.9486305840587
2025-07-17 23:45:00,1721.1256404301052,1729.1816053874509,1714.2722309670164,1722.319021507775,9170.64680156843
2025-07-18 00:00:00,1712.4639859825106,1720.981378294778,1707.6723576220263,1711.976982352437,6096.115643188679
2025-07-18 00:15:00,1733.602243117592,1740.5767341387382,1730.5802842771527,1738.6776692697783,9467.368298640056
2025-07-18 00:30:00,1743.3401963447634,1745.5252391018687,1732.9092361270461,1743.94670763742,917.0358233420603
2025-07-18 00:45:00,1734.001636217477,1740.2021576315794,1729.3639523248835,1732.727333662,8554.818448460017
2025-07-18 01:00:00,1728.2756974043953,1734.1456359467898,1723.2449654526322,1727.9358024654205,1604.980497406023
2025-07-18 01:15:00,1721.7765376587354,1720.2793501167655,1713.4667503766823,1720.0937361935273,7662.379053609938
2025-07-18 01:30:00,1720.2465128683925,1724.2169298006638,1710.5200295285222,1713.1975913515098,3674.6393926916553
2025-07-18 01:45:00,1722.2404268914743,1731.536946452827,1722.857664116806,1726.7851345924637,762.4725222358929
2025-07-18 02:00:00,1730.804245271088,1736.1868217666613,1728.335928133306,1733.0490881953722,4024.621649507762
2025-07-18 02:15:00,1721.9121364498262,1731.7646992072016,1720.2218332701984,1726.3481898047191,6653.319631250016
2025-07-18 02:30:00,1725.2439934704391,1736.4777531646703,1724.1774442409762,1725.967214908069,233.28006659491692
2025-07-18 02:45:00,1774.1139598786897,1777.1335590121157,1768.5619667764954,1775.809983202264,3196.740570575334
2025-07-18 03:00:00,1771.4968748393837,1780.568222913878,1771.6800030203742,1773.5902647803143,459.69102389540353
2025-07-18 03:15:00,1787.430185860475,1790.903535899632,1781.471405257817,1783.7229521813022,5747.66594887955
2025-07-18 03:30:00,1775.1164915003176,1777.5033574603456,1767.3103031986077,1774.745461582914,3504.8618985126527
2025-07-18 03:45:00,1784.7255451233045,1796.9085845563582,1787.1131025918066,1792.525354829601,7760.890437229181
2025-07-18 04:00:00,1804.603758988926,1808.618749429527,1799.9165412533687,1799.5141194954324,3029.0206868018063
2025-07-18 04:15:00,1786.7496262683069,1789.6365866745982,1780.0808478530116,1786.4226311497262,634.5762033482341
2025-07-18 04:30:00,1770.8777994051725,1774.1288765255383,1761.4914697721604,1768.2602950872754,8080.229340667967
2025-07-18 04:45:00,1783.901160119414,1785.5339166679005,1779.6157395095527,1783.5916820532145,6412.7855197296485
2025-07-18 05:00:00,1767.623273102735,1774.411675866484,1763.751709068153,1764.6081895412901,371.3425621435888
2025-07-18 05:15:00,1771.1504657988003,1775.2371312622536,1766.1781416720737,1768.2098983067538,5511.883239217431
2025-07-18 05:30:00,1769.44768033356,1774.1335168684002,1759.8268235046696,1769.2914109902845,4638.002401145574
2025-07-18 05:45:00,1770.831644272557,1772.0027945372253,1765.6495163058694,1764.2750787813238,918.6037620546244
2025-07-18 06:00:00,1767.4497614740715,1771.9828560151623,1764.9867306318488,1771.0454891525512,1612.4278345839878
2025-07-18 06:15:00,1750.7953492569627,1759.2107430181109,1749.0782215077659,1750.9809970673386,9445.40417604615
2025-07-18 06:30:00,1751.0196426470825,1756.1349165169518,1748.3109210693215,1752.899773258856,5484.566182764396
2025-07-18 06:45:00,1783.7467091684193,1793.4429781558902,1785.7384534700518,1792.242352314357,911.8738593122335
2025-07-18 07:00:00,1803.9557351459744,1808.0269520668453,1796.236306445229,1802.106767497711,9014.951532491925
2025-07-18 07:15:00,1790.8242291852728,1795.283150764495,1786.67904072085,1788.5227754168166,7941.5607202394385
2025-07-18 07:30:00,1789.5136329549114,1794.0066492547987,1779.9248565604723,1792.5273433743191,1040.3418444524482
2025-07-18 07:45:00,1788.9551881642988,1793.1246121658232,1784.4691188015474,1786.3165701004127,6556.09107486439
2025-07-18 08:00:00,1780.654335899708,1789.1182873087344,1781.4400073665859,1786.8969919893564,5216.423875762735
2025-07-18 08:15:00,1806.5026288932181,1809.145820081266,1795.3756651417586,1800.4231991667696,9314.545057734716
2025-07-18 08:30:00,1833.854060976156,1842.5989262599662,1828.5926235829286,1838.9036464955311,8090.966058194569
2025-07-18 08:45:00,1861.2439893716082,1869.332461128944,1861.0672402472646,1863.1589840235185,4695.9021918639555
2025-07-18 09:00:00,1856.0597327680366,1860.1336713586752,1847.9705214015814,1858.6917924654388,8387.811049065975
2025-07-18 09:15:00,1858.498150299397,1865.3094804681723,1855.8700474170746,1859.4107862111834,3969.221044738447
2025-07-18 09:30:00,1867.144497083493,1873.3084531207264,1864.4949447746403,1866.9427364662579,324.00028457155383
2025-07-18 09:45:00,1871.9195996410751,1880.1251175861835,1867.2030912405537,1870.54203546998,3002.058207376146
2025-07-18 10:00:00,1836.3119434187906,1841.1334946784145,1827.4389773501234,1832.2008506705833,1702.3294228155453
2025-07-18 10:15:00,1867.2187332870276,1867.176775094213,1858.2161761583882,1860.6614139393519,2166.4410680653273
2025-07-18 10:30:00,1866.378934046336,1870.8557380519087,1861.0063746755327,1863.0876648405908,9641.46386589967
2025-07-18 10:45:00,1862.2677347237359,1865.6719672954837,1856.9796169075737,1859.4309895433498,5584.766745396148
2025-07-18 11:00:00,1834.7170565524525,1832.1039447628013,1824.6268417660287,1832.138686407014,6025.374932052625
2025-07-18 11:15:00,1835.166931875215,1836.223951356494,1829.778557882685,1828.638667199309,5696.7418649573865
2025-07-18 11:30:00,1837.818510796423,1841.290817204356,1831.3018227823452,1831.368742566273,3270.8896951620477
2025-07-18 11:45:00,1822.0780252705406,1831.1997569041637,1818.8871020128317,1820.873474474847,5630.680485955998
2025-07-18 12:00:00,1814.6009931921521,1817.1689935896327,1805.127478609727,1806.3151920584332,7385.043692765019
2025-07-18 12:15:00,1808.3155240738947,1813.3607699443355,1801.8874377288344,1806.1559399505552,1157.9195053424994
2025-07-18 12:30:00,1800.984412156296,1801.738295879301,1794.7595084495067,1793.3439050589257,2820.5551744712525
2025-07-18 12:45:00,1778.137866460931,1786.1099589225412,1775.1195644374825,1778.293816310714,423.54671360722784
2025-07-18 13:00:00,1783.8321966175595,1789.811329053816,1774.5621344871238,1778.634038680287,3772.660826590384
2025-07-18 13:15:00,1772.6178055552393,1780.8773099643486,1770.557317047184,1771.4175098326623,6319.010087118869
2025-07-18 13:30:00,1773.0132743788058,1780.5541164001395,1768.0973045659284,1771.896015812156,7160.418856149335
2025-07-18 13:45:00,1806.623612653394,1811.2973014242732,1802.2131220862914,1807.6129325813226,5374.238947277144
2025-07-18 14:00:00,1776.167811475987,1784.8144163307172,1776.7949383220819,1778.7812644513137,163.74554031274647
2025-07-18 14:15:00,1773.5201462214366,1781.7699005934453,1772.629560723175,1781.6374573874791,5528.618404920505
2025-07-18 14:30:00,1783.9339156892197,1787.104776760432,1780.2739222842442,1785.1771316371098,2999.6877348204043
2025-07-18 14:45:00,1763.7094087271778,1770.8250740762257,1759.5635442257806,1768.5599627978281,4251.514155917986
2025-07-18 15:00:00,1757.9438447178402,1764.3582960262002,1753.2651970535087,1761.9357652634808,4807.646042195393
2025-07-18 15:15:00,1757.4286329348852,1765.596982761198,1755.0156356363786,1755.7958903379247,6303.296889824431
2025-07-18 15:30:00,1750.7407186822322,1760.2222903005777,1749.8048841966397,1749.0857274033222,1530.4095100881357
2025-07-18 15:45:00,1737.6418414913626,1745.176027640582,1735.1006004063279,1736.9284767674776,6673.930966161639
2025-07-18 16:00:00,1775.6961188128305,1777.9516775655288,1767.923590374083,1768.319902939747,7557.0305591214155
2025-07-18 16:15:00,1778.81339252414,1782.1671619744272,1774.2777923991623,1772.8759445820474,6697.366676732344
2025-07-18 16:30:00,1759.130246388214,1762.0271836086806,1753.7836819849517,1760.4399276288254,3186.386725570295
2025-07-18 16:45:00,1769.8323861605097,1776.8002852851578,1766.254540467258,1770.6019494348434,6059.57712972204
2025-07-18 17:00:00,1787.4919363471865,1793.6090989683119,1784.6077613667794,1793.094976227334,7407.124581612957
2025-07-18 17:15:00,1782.5092909075788,1783.969886773953,1775.122559636123,1783.7897148844625,8047.772174062716
2025-07-18 17:30:00,1794.1924273066577,1793.953574695613,1786.3517639624067,1786.3787074435527,4770.531249180339
2025-07-18 17:45:00,1775.4093819843993,1777.4469531454715,1771.5017173764738,1777.4977554035656,7266.673993975469
2025-07-18 18:00:00,1760.0104289945066,1757.5132259924874,1747.7910730103954,1751.5203943635595,9651.48096592272
2025-07-18 18:15:00,1732.8395071018183,1736.581710542291,1730.776954067247,1734.750469872388,9283.054396986608
2025-07-18 18:30:00,1746.6953677396318,1745.801780935092,1736.8897120602976,1747.2785241004196,614.2454470016072
2025-07-18 18:45:00,1754.780559037873,1757.2329118730397,1747.9222888701083,1754.1223694238004,5842.576914220123
2025-07-18 19:00:00,1744.7713663584386,1745.439306954347,1738.5545994581419,1744.8678625579732,6810.762915839294
2025-07-18 19:15:00,1748.4083212084497,1756.60520753581,1747.6950107307969,1751.446121258331,4344.074551896276
2025-07-18 19:30:00,1740.3639828142236,1744.1837551916944,1729.8656851920289,1735.4252243833712,2178.7287718287075
2025-07-18 19:45:00,1718.9013142980511,1722.3261963820567,1712.0338245526277,1717.482624546838,3396.705719485059
2025-07-18 20:00:00,1688.203619664166,1694.6807148074279,1687.0234366266338,1685.2465764293322,7482.172123753619
2025-07-18 20:15:00,1679.7577439069435,1684.8976412507927,1674.4464609708461,1677.2783747506328,1626.776518718724
2025-07-18 20:30:00,1690.421625846461,1692.0350510751257,1681.5796749968183,1683.61603817128,9170.685275344393
2025-07-18 20:45:00,1666.5545814426234,1675.3596207363819,1667.8289710125603,1671.1136977902465,1570.7714188445975
2025-07-18 21:00:00,1671.8351687510433,1679.3815691611971,1668.771046415421,1672.730107619086,4894.846873464709
2025-07-18 21:15:00,1686.744746835815,1690.5551736514403,1680.795987990077,1685.9258812450637,109.70574446264186
2025-07-18 21:30:00,1696.5610722944748,1699.37738070162,1687.0308991758197,1692.9214809751393,4493.720640842512
2025-07-18 21:45:00,1684.382426322683,1690.0671757702944,1675.7490998075518,1685.796116371346,9124.457787356798
2025-07-18 22:00:00,1694.5757512283662,1699.6993348660876,1689.608233912797,1696.7306843125657,7945.053971677818
2025-07-18 22:15:00,1677.5851202641775,1682.4951364921644,1669.5879204531536,1671.6595761611225,3762.7435896078346
2025-07-18 22:30:00,1668.3080078198966,1678.190885084511,1669.1726823642587,1673.8264303658125,940.325832849705
2025-07-18 22:45:00,1678.490445549311,1689.259250827768,1677.4406403048017,1681.5055359090325,9080.920479391292
2025-07-18 23:00:00,1661.8908221526074,1669.1070831955321,1660.325538517619,1662.019406146005,8377.127391746422
2025-07-18 23:15:00,1666.4188256204025,1671.6612416205833,1665.0449628309486,1666.6545833481246,103.8100536031501
2025-07-18 23:30:00,1653.827157725965,1656.3003327333447,1650.4535712625443,1653.45941682739,959.5316008295363
2025-07-18 23:45:00,1685.9297571724057,1689.8481136637688,1682.539695000602,1688.1090520019627,7398.802601944935
2025-07-19 00:00:00,1661.8963361616989,1674.2396689172897,1660.5599767079493,1665.5622031757682,8438.015378157212
2025-07-19 00:15:00,1660.8668973804718,1672.5807982232734,1661.9141545392135,1668.5989668403313,7923.7740560328775
2025-07-19 00:30:00,1663.6200582594536,1671.3984883240519,1659.9363122836976,1670.877129159414,1114.964972744759
2025-07-19 00:45:00,1637.443492227607,1647.4881584089073,1632.3715039339522,1643.2754900117266,3786.2479345211345
2025-07-19 01:00:00,1649.1280616731844,1648.2909785241188,1640.0011406199776,1642.6850144284797,3120.174828212589
2025-07-19 01:15:00,1647.0431178989952,1651.6058807519796,1637.9419257688378,1649.3871787214,751.6772220938587
2025-07-19 01:30:00,1644.6042040796458,1650.8995108006643,1642.6872033886432,1648.1063179102907,1275.829142095784
2025-07-19 01:45:00,1626.124241248602,1630.8788860262864,1622.5256020884876,1626.0361133159813,3864.118797390992
2025-07-19 02:00:00,1631.3674540969491,1638.8499913837788,1627.9451507048036,1626.1994360963022,1398.1837801811666
2025-07-19 02:15:00,1630.1557789942137,1633.9339136228646,1627.1876635289918,1629.4293821736705,5055.001353443752
2025-07-19 02:30:00,1637.9906347984136,1642.1410154492842,1629.7878640975994,1634.6188572872481,1716.2077383585697
2025-07-19 02:45:00,1634.7365933412966,1643.1029543130005,1633.0536008535516,1638.781937416348,2939.080136239731
2025-07-19 03:00:00,1662.93828801081,1666.1315291739234,1656.8843854373938,1663.3508016730837,3084.692126661098
2025-07-19 03:15:00,1638.3951795668195,1643.3539506872899,1631.7328535412223,1638.61174809011,5634.650899638475
2025-07-19 03:30:00,1654.6211538115188,1656.9168555903834,1645.209788856967,1648.439840319844,3135.47677608593
2025-07-19 03:45:00,1630.1537041986123,1632.4083085548673,1625.8872774252736,1626.6991558659668,4394.728018973018
2025-07-19 04:00:00,1621.3372601993894,1629.1420485064561,1618.1152341494485,1621.8564115918862,2543.016829220999
2025-07-19 04:15:00,1615.8868849034973,1618.3566740244273,1606.2643880561134,1611.016431815413,9528.805036930102
2025-07-19 04:30:00,1589.238500896589,1595.7476746248863,1584.130057528299,1591.108935091153,7896.845611402265
2025-07-19 04:45:00,1560.1211065699902,1570.3006391815024,1561.8960665319921,1561.1547004600577,6253.14597366066
2025-07-19 05:00:00,1580.6387662300506,1579.4455489433496,1572.1142763350215,1571.590861547869,2308.311418758771
2025-07-19 05:15:00,1598.8535375084755,1600.9676198382758,1593.2103132246525,1592.390769864199,3927.730379376728
2025-07-19 05:30:00,1597.4724053901014,1600.620597343276,1589.3096182203308,1596.3546862643968,4783.023888212384
2025-07-19 05:45:00,1607.836197913277,1617.8588873812887,1608.2879976845486,1611.4716339963402,4154.124112464759
2025-07-19 06:00:00,1618.1678720896925,1628.4483879401782,1618.0153373357352,1619.8267292330108,1831.4300510105463
2025-07-19 06:15:00,1612.1589345242282,1620.7623791594256,1607.4328767871364,1611.245443862123,1034.2064098965238
2025-07-19 06:30:00,1588.923233265093,1592.3366073016462,1578.1052008355673,1581.716118145424,1625.0272759194008
2025-07-19 06:45:00,1549.6540359160686,1551.7667188496048,1543.2931948842067,1548.2748236004504,2441.923460130999
2025-07-19 07:00:00,1522.5148283636227,1525.8408194529509,1517.5769583795725,1519.459930310392,9442.092541643016
2025-07-19 07:15:00,1517.8663412484773,1522.5762076309124,1514.266986558856,1521.0688610244374,8414.512752918174
2025-07-19 07:30:00,1523.475521919942,1526.7933036264224,1521.9260566334422,1522.1387375337004,9198.722571664992
2025-07-19 07:45:00,1510.382077612564,1515.4496990471741,1505.9671667492296,1505.3924298132672,2378.9154691234507
2025-07-19 08:00:00,1511.2244328893005,1510.3671747765875,1500.2077260175931,1505.4638875595863,9801.34201673362
2025-07-19 08:15:00,1495.291633522993,1503.985757855791,1491.7575956261417,1495.8012354758132,7662.550686419657
2025-07-19 08:30:00,1495.6934997614799,1507.5004209546275,1494.454817923967,1497.1656119794475,7659.024665286814
2025-07-19 08:45:00,1488.9880232691155,1499.966957146026,1489.3221571819658,1495.736472031965,9181.9892181927
2025-07-19 09:00:00,1498.5420955335615,1503.530287154909,1490.8128024558068,1498.5995630592788,1887.485632596408
2025-07-19 09:15:00,1477.8652072559782,1479.4097152000227,1467.1879604859168,1477.289740944001,3536.0337274463814
2025-07-19 09:30:00,1489.2661992594046,1489.7625491996644,1485.0163094704797,1488.2174025244426,1066.5357296525901
2025-07-19 09:45:00,1503.473190005541,1509.5810281394397,1498.2016565521012,1499.764260260602,5820.738521015921
2025-07-19 10:00:00,1509.3802177755567,1514.1526017971432,1500.4151306036595,1506.4886829576342,1449.8426626487237
2025-07-19 10:15:00,1489.2463133918313,1490.1806586970113,1479.8895217912786,1487.961900793754,1147.9506414868542
2025-07-19 10:30:00,1470.282797934981,1478.3551928298439,1469.6750553550737,1473.0745943307145,6509.241673890235
2025-07-19 10:45:00,1487.2341350186973,1493.9227384409137,1483.5557534067104,1492.7583070410662,5630.087950599494
2025-07-19 11:00:00,1493.6028769800635,1499.487877567043,1491.564882811135,1490.8361011846628,5158.968405327672
2025-07-19 11:15:00,1481.4105001289824,1487.007935297438,1476.7424355259202,1488.5431062284838,6111.617969054011
2025-07-19 11:30:00,1490.8610371880154,1495.9766382692762,1486.2843175090625,1497.3679264189625,1668.6109008044984
2025-07-19 11:45:00,1517.572633662174,1517.3317326025697,1510.6688879503579,1511.9272744104658,1982.5824616880902
2025-07-19 12:00:00,1536.887966441136,1543.7070817176793,1534.2622367616743,1538.3283018249326,1672.6333505545047
2025-07-19 12:15:00,1534.5392684235612,1537.4668926369652,1526.9917467265097,1534.469491944682,8666.515868830355
2025-07-19 12:30:00,1533.191474777081,1535.2461663506772,1528.1298491089613,1531.3946552641512,7035.044890314884
2025-07-19 12:45:00,1524.7497458561318,1525.9381436111669,1513.305807057533,1520.3356055308645,3744.1046395741555
2025-07-19 13:00:00,1515.06580612947,1518.8174005733142,1508.7787216882382,1515.570336550162,2324.638149997021
2025-07-19 13:15:00,1489.6302430826688,1494.6500282448853,1484.561000955639,1492.317113489039,6947.874158256863
2025-07-19 13:30:00,1479.005837739418,1484.4706433471822,1475.5579233048336,1478.8104446134896,9822.988272461082
2025-07-19 13:45:00,1463.1848010321403,1474.6106701181375,1460.8124445657086,1463.5153013786419,1837.0351341682695
2025-07-19 14:00:00,1483.390282448257,1490.9215415364583,1479.0238976511719,1481.3477436207445,8268.373428451261
2025-07-19 14:15:00,1488.890717441128,1493.7944154403917,1486.756639933425,1488.9006559540092,346.87412336417367
2025-07-19 14:30:00,1483.2122026206137,1487.3316924746464,1482.353023620921,1485.5177285319487,5936.415016986842
2025-07-19 14:45:00,1504.0104402569118,1506.9337633289697,1502.0047407691868,1503.3442413840296,4660.817623893163
2025-07-19 15:00:00,1512.5071334510546,1521.1668460728827,1508.62212261659,1511.1817529030552,1076.2325290442607
2025-07-19 15:15:00,1497.343175307708,1502.3513351092315,1495.9252393604215,1500.800019088762,3971.977952156013
2025-07-19 15:30:00,1498.5863839050821,1503.3794560975239,1490.5010401671682,1500.1552304574925,7461.606537470407
2025-07-19 15:45:00,1470.221407466108,1474.5996526737372,1463.1843721825544,1471.4781547471944,9081.373739918172
2025-07-19 16:00:00,1473.0485831492924,1473.4704955290542,1465.0323497769587,1469.2417089204225,5624.162907509674
2025-07-19 16:15:00,1459.2103324846282,1469.62681774466,1456.7685754522493,1461.0917562218042,2070.567991627913
2025-07-19 16:30:00,1482.250853925755,1491.2875743558534,1479.6379936649691,1488.0386852135136,9410.465992082249
2025-07-19 16:45:00,1479.8915075601362,1487.4636872406938,1477.909988248107,1481.6774224026244,8326.211643836603
2025-07-19 17:00:00,1495.387523284203,1499.836003344217,1490.4780534341758,1498.8244283568283,394.61560305851793
2025-07-19 17:15:00,1515.0394884372365,1514.430325777635,1505.451927442856,1513.3759572593217,9508.27940714822
2025-07-19 17:30:00,1486.9479034466717,1490.3361669535088,1481.951985807365,1490.4593150848923,2230.4348364665516
2025-07-19 17:45:00,1466.7367827096466,1469.5758458697612,1458.8502170273475,1467.2362967794495,5742.898230967908
2025-07-19 18:00:00,1466.8623763072098,1477.2496604178345,1463.4951963127787,1469.6652188884261,1260.4235158788401
2025-07-19 18:15:00,1472.3222071675107,1477.0762138489565,1465.4179693533922,1473.3205967778838,2161.9585952444118
2025-07-19 18:30:00,1471.518934272595,1478.2323689954874,1465.664667745565,1475.1684186997913,6676.400561748021
2025-07-19 18:45:00,1498.4322049278358,1508.5383262547641,1494.683031732777,1499.7577652227635,7501.208202990924
2025-07-19 19:00:00,1515.6018578113105,1514.6305175042633,1508.9888700013587,1515.0911495827004,6520.770382277556
2025-07-19 19:15:00,1493.7918878283924,1501.2372248877707,1487.5644291190993,1496.313175232111,770.4472098945014
2025-07-19 19:30:00,1490.132590731771,1497.6390099244702,1492.0155839371428,1498.7550093635484,8926.557447210498
2025-07-19 19:45:00,1486.0817128780918,1494.700504340146,1482.812848841139,1494.5206911506457,5983.477933719451
2025-07-19 20:00:00,1494.7259304280774,1496.153563823511,1485.9954938207563,1490.2939961235613,6864.710353044489
2025-07-19 20:15:00,1499.916288299294,1503.6048365842287,1495.825206272013,1502.7283246695138,7805.806091702565
2025-07-19 20:30:00,1470.0431383836578,1476.3112920517692,1468.2083907407632,1478.338117302184,6102.378342060236
2025-07-19 20:45:00,1486.8079836897643,1486.8097806530031,1475.9017470359236,1486.2584604365404,9567.785420547718
2025-07-19 21:00:00,1484.9018582001338,1484.5072595766433,1478.2107021598224,1480.8003483074558,2609.2321678603316
2025-07-19 21:15:00,1494.7699270705598,1493.8725082222377,1483.288695049782,1493.3067833941045,8764.785745535053
2025-07-19 21:30:00,1495.4672587136565,1501.8737513369326,1491.8941083697594,1495.9509864971053,1555.9280690736027
2025-07-19 21:45:00,1517.0047504854288,1522.661711257721,1509.498394405813,1510.9892850466913,7499.527484244828
2025-07-19 22:00:00,1512.62206978925,1512.6385402078743,1502.6092760270094,1505.1827968766383,2881.614174752426
2025-07-19 22:15:00,1507.070612216379,1516.5901036500043,1502.4609559594637,1507.7799161181363,1578.5477244814065
2025-07-19 22:30:00,1510.6691043117673,1519.5636687599526,1505.7323313517543,1510.0954291807552,9554.291997428032
2025-07-19 22:45:00,1492.9585040412533,1498.3253037805841,1483.1745695318075,1488.2634642870894,2133.710352998307
2025-07-19 23:00:00,1474.3642496936923,1484.6923977326312,1475.830033850294,1483.6870402233696,5075.879623650372
2025-07-19 23:15:00,1500.8642741101703,1505.649699693328,1498.9180201460285,1507.1125585550376,183.39799326186554
2025-07-19 23:30:00,1520.458731670997,1528.4690367045018,1519.2868558054759,1524.307884389682,9697.750789816782
2025-07-19 23:45:00,1523.127936071531,1528.2569191308596,1518.3906053014703,1523.2023179041344,372.68997432158636
2025-07-20 00:00:00,1501.1976724709302,1504.9770663439158,1490.56488439845,1494.3585714212722,5662.709796555666
2025-07-20 00:15:00,1517.6597382376317,1528.6096025110535,1517.4620060184689,1517.297401459334,8926.957402148148
2025-07-20 00:30:00,1538.0705394193953,1547.0584676959738,1535.7618603972116,1537.212363538773,3208.8652801151534
2025-07-20 00:45:00,1529.1550222318697,1541.170608993884,1527.431178667125,1537.9769180070366,5603.338267799671
2025-07-20 01:00:00,1534.008788124094,1534.0599827487363,1526.0058952056036,1533.1421201544795,2473.7372810985985
2025-07-20 01:15:00,1539.7134370598214,1542.1682816414657,1536.0027542065723,1540.3300120393137,899.6770832777644
2025-07-20 01:30:00,1527.0496995138992,1532.4328808590635,1524.325530641311,1527.160302870588,2215.437588800498
2025-07-20 01:45:00,1535.653388333725,1539.8554585315687,1526.673832516497,1532.1581216462118,6481.729479361281
2025-07-20 02:00:00,1502.0178044163474,1504.1939351746405,1492.3038971007113,1501.8739172635785,5334.703661253183
2025-07-20 02:15:00,1505.4443300611504,1508.5657898667184,1497.0328289921729,1504.8081218456969,1441.0426833050983
2025-07-20 02:30:00,1503.582297591716,1506.1422431284789,1496.681313626781,1500.1977866886946,7259.341603062917
2025-07-20 02:45:00,1506.879481363686,1506.673057557349,1501.4155794256008,1508.170408787091,7215.021381805274
2025-07-20 03:00:00,1500.240240419868,1506.6915541095443,1498.1659750944032,1507.6712380854901,8201.806792132473
2025-07-20 03:15:00,1497.0978394244275,1503.5143382839237,1489.5835138847153,1492.0288665408839,9025.872136508797
2025-07-20 03:30:00,1503.5934125379447,1511.7851570390687,1500.538428041636,1505.7871250133976,8663.950326847316
2025-07-20 03:45:00,1511.2636761542137,1520.1470777523286,1508.5603728818292,1513.6959607675415,7515.786422396466
2025-07-20 04:00:00,1489.9443865370824,1497.6188498591396,1489.697688263388,1497.4280687340363,8659.704605869325
2025-07-20 04:15:00,1485.1375765013406,1488.9808403655966,1478.4602674481523,1485.7523014944538,7169.644534802818
2025-07-20 04:30:00,1499.5651870239676,1502.05654589962,1489.5309781212463,1491.6594271775466,9839.44398425726
2025-07-20 04:45:00,1512.2949718339942,1512.788771102174,1504.6068690302586,1513.2461523002721,4028.459578415607
2025-07-20 05:00:00,1509.3562634810876,1520.4922205803236,1507.5929368173986,1510.969422948671,8920.250792407493
2025-07-20 05:15:00,1509.6186556986065,1514.520498419519,1503.9396025422009,1511.450467932972,2433.981930246448
2025-07-20 05:30:00,1506.5190224394526,1508.1039379756746,1498.2088936077525,1506.06473485822,4272.873360526067
2025-07-20 05:45:00,1544.83482149557,1547.4281565776623,1533.3962597165098,1537.6565729655076,9527.652232257093
2025-07-20 06:00:00,1530.566524240304,1533.1825039644448,1522.4750102004934,1529.1447125434647,2539.9749898170785
2025-07-20 06:15:00,1547.2803065643536,1547.938619718331,1541.6662288373045,1549.432640028357,8708.202141276659
2025-07-20 06:30:00,1523.889488255432,1529.752228560029,1515.6277913188446,1518.6481986390602,1480.1590235743608
2025-07-20 06:45:00,1489.0900303930089,1494.5677444328528,1484.1543880372672,1493.5934895782896,8282.717879301956
2025-07-20 07:00:00,1475.1181967011332,1479.5206907526328,1470.0450683126044,1472.1665126150342,1813.0057684741705
2025-07-20 07:15:00,1446.0983929445927,1448.547011749541,1441.196506387237,1448.1230177997247,486.0770659461559
2025-07-20 07:30:00,1433.2694275013366,1438.9740570345477,1429.2246944903131,1433.3125400209406,6307.464204560373
2025-07-20 07:45:00,1429.0419063306388,1433.500921256709,1424.2070849134907,1430.763752830684,4307.983307867021
2025-07-20 08:00:00,1429.275371790245,1434.470271589855,1424.5784757317126,1428.605544793758,3010.908269050229
2025-07-20 08:15:00,1434.7845369232289,1435.5225667363482,1425.0581235037923,1434.8389754408538,4101.842517838017
2025-07-20 08:30:00,1442.5966420687055,1451.5373565808616,1437.9143380839423,1443.9241229240795,6907.266937027876
2025-07-20 08:45:00,1435.8913887712536,1441.9163844991497,1435.1269718235033,1443.3899332118424,894.8341754829494
2025-07-20 09:00:00,1434.3127121207965,1434.628048179209,1423.7599292908542,1426.7122927523308,5668.865295336442
2025-07-20 09:15:00,1440.6313592765316,1444.454083703311,1435.3049552200107,1441.6939317409297,8941.040792624815
2025-07-20 09:30:00,1421.3910541334246,1425.005506487327,1417.929020144768,1422.8947887017298,3784.590604673552
2025-07-20 09:45:00,1428.0399384397826,1436.4064845598596,1426.7860493868477,1434.9331768362401,3188.693704423552
2025-07-20 10:00:00,1457.7200426087918,1459.8976525719515,1453.6110471510406,1453.5042962656557,6847.5426435278305
2025-07-20 10:15:00,1488.0384742275667,1491.8956100873843,1481.5528324082732,1488.7923542938127,6235.8670033633925
2025-07-20 10:30:00,1490.7730998146767,1498.3698814149484,1487.9731522419056,1490.1089820461107,1244.2302259091769
2025-07-20 10:45:00,1467.5177475413514,1475.2225887548452,1467.217268053091,1465.4321087036103,697.3701829048094
2025-07-20 11:00:00,1462.4750425719837,1463.238499840502,1454.002771481414,1460.5339561139338,1096.9429176508497
2025-07-20 11:15:00,1448.3513821265103,1449.5225135507628,1439.690314758214,1450.817696474978,3049.5164663462347
2025-07-20 11:30:00,1430.402520728527,1434.837455841462,1425.5134641739767,1429.7409198173732,7077.814432867086
2025-07-20 11:45:00,1446.773515362625,1452.1514360749889,1442.3410977092062,1447.0342760828314,494.0006691312548
2025-07-20 12:00:00,1437.208390243984,1439.7566979581438,1427.6766910732429,1435.513254914864,4404.863373485911
2025-07-20 12:15:00,1436.8222907770491,1439.7469787108646,1428.1130488309075,1435.9061701669189,4428.9421375134025
2025-07-20 12:30:00,1453.8117199746819,1463.0684065356184,1450.4880406660775,1459.0111352444785,1618.170966301653
2025-07-20 12:45:00,1486.2522063303295,1488.7380526498864,1481.0798235546647,1479.5545898146029,3100.7245874286896
2025-07-20 13:00:00,1489.3040713828439,1491.364737857224,1482.1495439075948,1489.1138569732027,2462.7759443694817
2025-07-20 13:15:00,1506.893791761295,1513.0213892641561,1508.527737215051,1512.5226064902192,400.39192695986895
2025-07-20 13:30:00,1520.1222666472247,1527.54930375578,1520.557658160457,1524.954975564823,347.79876572592195
2025-07-20 13:45:00,1546.5465967447035,1548.8610483590803,1538.888252139045,1545.6145704184182,508.11401135394516
2025-07-20 14:00:00,1542.7940443965213,1550.337501816394,1541.6988835913178,1549.3429236388308,481.13118514255416
2025-07-20 14:15:00,1533.4435112022845,1543.4104916488184,1532.8537228144137,1537.303820078677,2719.8573988273733
2025-07-20 14:30:00,1517.6122291973677,1528.53845492796,1517.5201357253425,1517.7099821893262,1023.3444494456049
2025-07-20 14:45:00,1517.0290344031855,1527.7730892573875,1517.479771102116,1521.6064368270606,3200.0387684165544
2025-07-20 15:00:00,1538.0788181178589,1538.659005235905,1527.1829648186895,1537.5156261432426,4111.320769089247
2025-07-20 15:15:00,1558.0047706698215,1558.8772870214668,1546.377654514526,1553.32892639614,2113.991769947191
2025-07-20 15:30:00,1551.5659831162104,1554.9137483216414,1545.9500786205376,1557.3650709961464,6536.223429841048
2025-07-20 15:45:00,1537.4462694401007,1544.7114096775977,1533.3264017195338,1539.6882872559925,7531.294478370793
2025-07-20 16:00:00,1571.2059340426467,1577.6650457129804,1566.0761758088445,1570.8975658665565,5349.45619620967
2025-07-20 16:15:00,1581.5121943687927,1591.9849249307251,1578.4180804641603,1588.4729810862807,4250.602152081136
2025-07-20 16:30:00,1572.7679122932623,1577.2575737821037,1565.7044422746155,1568.0874302401703,9965.739854157213
2025-07-20 16:45:00,1561.789760742531,1566.338471508167,1553.102520809861,1563.628759064402,4847.746780327472
2025-07-20 17:00:00,1553.5653896693248,1564.1563461392354,1550.5985978134788,1557.0919875807956,3333.8712192855564
2025-07-20 17:15:00,1561.8655857129067,1562.4878264184613,1554.3389424620796,1560.3883760844346,6464.772704452732
2025-07-20 17:30:00,1575.2713774232682,1580.8912170225512,1568.5453015631253,1573.022432550217,1847.2636822453217
2025-07-20 17:45:00,1539.885053727884,1546.9470940439883,1538.5171630333427,1539.9158046660696,840.3694147668238
2025-07-20 18:00:00,1531.7289934807561,1541.3854102433465,1529.09206537284,1536.3867127853684,1980.4603004128273
2025-07-20 18:15:00,1526.4625577502184,1534.2473653607015,1519.8766572571042,1531.3344103154595,6670.094769781691
2025-07-20 18:30:00,1511.907426241416,1523.3915538554645,1510.183419687651,1510.9365867127071,6090.400296165373
2025-07-20 18:45:00,1519.4072778553887,1518.6020749989013,1509.4984513297309,1516.0461519623414,8627.994999138042
2025-07-20 19:00:00,1513.1556092170076,1518.5630857325373,1511.9839292761094,1512.953161487087,3496.615368381655
2025-07-20 19:15:00,1507.0311775867083,1512.4386285715757,1505.7252150051856,1508.1328346828009,6920.9790238989
2025-07-20 19:30:00,1508.850018906698,1508.6242896288795,1500.816916189294,1499.935883534859,6886.12729055564
2025-07-20 19:45:00,1513.0718122707924,1512.3420283461132,1502.3027759022837,1508.7750843054487,5708.646820095304
2025-07-20 20:00:00,1493.1836519867488,1496.1481789253712,1482.6334247603527,1487.3887528538494,3638.0716022519177
2025-07-20 20:15:00,1477.2445723629687,1476.7718284133193,1468.1888658755502,1473.8091123517613,9442.128520857961
2025-07-20 20:30:00,1471.0279837491469,1477.7386088304643,1468.1369330649718,1471.5520264602987,7970.846362903704
2025-07-20 20:45:00,1466.9015376570258,1468.4047051907967,1460.265930172638,1460.4204119435597,6816.035451536736
2025-07-20 21:00:00,1433.4160962373478,1439.8804151978513,1431.2895900963385,1437.245089713494,9856.955715101709
2025-07-20 21:15:00,1436.1376346690902,1445.2171217088032,1431.5925562247462,1432.635667225896,384.7419338976492
2025-07-20 21:30:00,1440.1049949125438,1449.5282602772522,1437.9902454529254,1440.400996009214,4943.205150671308
2025-07-20 21:45:00,1431.852550018545,1436.1796772920993,1426.8054058548762,1434.463899310799,6397.179287144073
2025-07-20 22:00:00,1420.2153498542186,1419.1732383985884,1410.8168708662197,1414.0804419690814,7528.835297986501
2025-07-20 22:15:00,1423.1028045130606,1424.7955214042188,1415.3729877521164,1425.6010231013513,2718.902292218488
2025-07-20 22:30:00,1431.8949099933666,1432.2935005825543,1422.629780303398,1433.2498427169385,5859.60464069027
2025-07-20 22:45:00,1433.383085589438,1434.876586388054,1424.1744624600096,1425.2874263385556,8033.998162512721
2025-07-20 23:00:00,1430.6697740648578,1437.1421622212124,1428.2316855792405,1438.1971873507669,2744.1897288131822
2025-07-20 23:15:00,1446.913139199147,1449.3395154380987,1438.0488580245535,1450.6403739300044,8097.153183029254
2025-07-20 23:30:00,1432.8540393155536,1439.8193734833374,1434.2707678636066,1441.1588716271847,5891.979404118821
2025-07-20 23:45:00,1457.6014630783236,1460.2738588637028,1452.0762646729142,1455.6093443878974,949.2721855381142
2025-07-21 00:00:00,1411.012689657599,1412.3182303020321,1404.2182699396192,1412.9057901870597,9283.787799108688
2025-07-21 00:15:00,1405.7463766135836,1417.3533995110263,1407.1461801090677,1409.3834548711613,2572.44843594839
2025-07-21 00:30:00,1424.024877915447,1433.7134703408044,1420.8005876984619,1426.055707764358,401.691657229808
2025-07-21 00:45:00,1424.300942938191,1427.8204837110447,1420.7273661397628,1425.0785178210747,994.8286177683732
2025-07-21 01:00:00,1403.2584547058693,1413.1622996635388,1402.3858130330523,1403.3949957043992,6335.808763328842
2025-07-21 01:15:00,1391.891525511554,1394.8483129184565,1385.1663293306024,1391.5607782525901,6782.484953032619
2025-07-21 01:30:00,1381.8404833541645,1388.8367597278402,1375.869187358383,1384.8514007379881,2072.6297592097126
2025-07-21 01:45:00,1411.0094815648354,1414.7022018801213,1405.1553151537305,1411.0220875157554,9652.174960307511
2025-07-21 02:00:00,1426.9988469866207,1432.0061330588146,1416.863204290768,1426.6683978438143,2699.666193447518
2025-07-21 02:15:00,1399.0788828820175,1403.5133114195523,1391.9542793483865,1394.8365050045659,2540.831886595623
2025-07-21 02:30:00,1418.9715018519582,1426.867849657535,1413.312421173115,1422.2158595880198,3708.1933368400933
2025-07-21 02:45:00,1435.865800361997,1435.3977852680587,1425.4668417889882,1437.6720220524915,5062.444269286396
2025-07-21 03:00:00,1450.5355834612112,1449.2162747644156,1440.8596709119695,1447.5677244822748,2155.7243390353774
2025-07-21 03:15:00,1442.1369971314027,1452.252537383669,1441.7132770301864,1446.4087977801437,2987.4350430477857
2025-07-21 03:30:00,1424.483934964606,1431.2310111622357,1419.9949297784904,1423.9606975980175,292.1597444089906
2025-07-21 03:45:00,1443.6020049736967,1443.7911578278627,1435.421048269544,1438.5134035855342,3369.2343228751024
2025-07-21 04:00:00,1416.8558626748495,1426.609828467611,1418.394522373181,1424.7941645480382,6215.993804516562
2025-07-21 04:15:00,1432.3793394296827,1437.6888570285737,1430.2852031720045,1438.912907365148,7507.788378266557
2025-07-21 04:30:00,1451.4464887111837,1462.0743427107684,1451.8511981221498,1453.197078000582,6875.67422367584
2025-07-21 04:45:00,1474.6121858453696,1475.4712645835355,1465.2203518907186,1475.814935050515,7863.114612073018
2025-07-21 05:00:00,1482.994455653489,1490.9537478568298,1481.2612044510813,1482.478058787454,3180.170699511691
2025-07-21 05:15:00,1487.811544075949,1490.106239394317,1478.8401130817986,1485.9441993388123,7509.309028623626
2025-07-21 05:30:00,1507.6901303889808,1518.9297638251787,1509.167264752321,1515.3866383880606,6754.376013755608
2025-07-21 05:45:00,1517.6190240535452,1527.1317365247173,1514.2601109029608,1516.8087191220798,3738.8870905462118
2025-07-21 06:00:00,1528.5581166835661,1528.9256421616783,1521.5718843494963,1524.1988662026768,2428.048067186296
2025-07-21 06:15:00,1543.9488612888506,1545.278189232219,1533.5324239600284,1536.1200641871085,6013.211423854258
2025-07-21 06:30:00,1540.309316123225,1547.524038771919,1532.898155949595,1535.4942026212868,1290.4095853023966
2025-07-21 06:45:00,1558.6789071359394,1557.5029552843096,1547.820179823351,1556.2873098972775,914.3586468883664
2025-07-21 07:00:00,1560.870482460406,1571.8950460634862,1560.7319141795097,1566.3960343310268,5740.2844914934585
2025-07-21 07:15:00,1563.6605116044852,1574.936755400587,1564.7782969114967,1567.3307876180552,7957.318112132992
2025-07-21 07:30:00,1575.8587695395213,1578.0819370766872,1564.6105947366273,1570.2482875591486,3113.3245541510537
2025-07-21 07:45:00,1543.8053196979595,1549.1508627966448,1539.2567356348015,1539.345374624982,6964.823915117432
2025-07-21 08:00:00,1541.1352327705767,1549.8756855756699,1540.6845343343794,1544.5758769886072,3765.977203856889
2025-07-21 08:15:00,1555.9150429708825,1563.8671071109532,1550.6999305514707,1559.4649556649117,8813.927539029351
2025-07-21 08:30:00,1548.6770245572052,1554.9314965866604,1545.8202242029756,1557.590531276333,5000.607096278939
2025-07-21 08:45:00,1543.6928813801455,1554.011934165952,1543.5097867737243,1552.7537548237706,180.64216296795377
2025-07-21 09:00:00,1576.840116829038,1575.9972028633915,1570.207458975302,1569.1909862106234,275.0777846375675
2025-07-21 09:15:00,1609.1858540070575,1610.0202128632645,1602.575985057811,1607.8460093295155,5500.6346306660225
2025-07-21 09:30:00,1612.6060324644025,1619.8842930513995,1610.9109938550562,1614.0935288445057,3965.4854808318305
2025-07-21 09:45:00,1593.8455545820389,1591.545033058112,1586.3991937649755,1585.6100902187286,3213.908417369713
2025-07-21 10:00:00,1567.6381734174045,1575.9692783041573,1563.565383320126,1569.9694477713251,4479.180106636135
2025-07-21 10:15:00,1552.1321333176577,1552.4706346227292,1544.7636923102136,1549.4768246750227,6046.30650165264
2025-07-21 10:30:00,1537.603192230741,1542.708876208085,1536.443145428846,1537.720993584504,8561.858713210228
2025-07-21 10:45:00,1553.4938000215914,1556.1999933935556,1543.5747614803163,1546.4764517456215,8887.645648084552
2025-07-21 11:00:00,1580.0246289817278,1586.3570077908814,1576.5815269760517,1584.7307374466102,7246.4490041545205
2025-07-21 11:15:00,1601.3611393153496,1606.6702928413697,1597.416991153255,1604.787998665608,8364.90669940142
2025-07-21 11:30:00,1593.3022643241102,1593.721678676096,1586.1221646924264,1592.3496841058172,7359.936423507671
2025-07-21 11:45:00,1596.786391128595,1605.6194766094939,1595.7813679278581,1599.876543784964,3725.1620921376148
2025-07-21 12:00:00,1588.815751894892,1594.4947402501323,1584.2461304826904,1586.0552042202016,9467.095368174554
2025-07-21 12:15:00,1571.7103050906178,1571.9473458971227,1563.4341730055667,1565.3363265039306,6869.717326909241
2025-07-21 12:30:00,1534.4617749307342,1541.8319308902824,1531.79771039486,1534.1423507696072,5688.196348021618
2025-07-21 12:45:00,1533.0197152722608,1535.2849849069269,1523.2729758314795,1524.053430090608,2398.0856588769857
2025-07-21 13:00:00,1524.8048519067665,1533.223725683783,1526.9262379131649,1527.0260161344497,153.20766741985983
2025-07-21 13:15:00,1508.0121701985488,1519.25600847653,1505.808088961085,1515.5231866653817,5615.731091803879
2025-07-21 13:30:00,1513.933740326191,1516.4436957001121,1506.0646893124692,1513.0590253780838,9356.034797683458
2025-07-21 13:45:00,1477.5649532869418,1481.8627935409884,1474.5988845751572,1481.047950212975,4498.216535166703
2025-07-21 14:00:00,1454.3295480918084,1460.638927921142,1449.2470035941221,1458.6948815944888,3749.964524332308
2025-07-21 14:15:00,1427.8366799204744,1436.4947273177252,1425.6061707452948,1434.6815700000436,394.31584667101396
2025-07-21 14:30:00,1444.138829266491,1442.5650872879237,1434.7153154924083,1437.155669777702,4596.0302988830945
2025-07-21 14:45:00,1435.786901059011,1441.6432361686143,1432.7635472718036,1440.5260450222395,1115.6318727868377
2025-07-21 15:00:00,1448.76251906942,1460.838439369201,1447.5739494057568,1451.6241235231955,6077.368814653596
2025-07-21 15:15:00,1462.4417021140955,1469.857350431051,1454.366466172509,1462.2660587047694,8369.57128084752
2025-07-21 15:30:00,1468.387631733679,1477.6238311713169,1463.9106660168227,1472.4942633474218,4685.269442505618
2025-07-21 15:45:00,1484.9981368861502,1492.7290899861775,1483.2528973690669,1485.9407398866256,8237.333959607218
2025-07-21 16:00:00,1503.0285605548243,1508.497184885258,1497.0818651778097,1504.3936814051053,5514.8122438741675
2025-07-21 16:15:00,1514.0165842589126,1518.680053163968,1506.6399125218795,1516.5662211199322,980.3860250869759
2025-07-21 16:30:00,1508.1821446392892,1507.8250905290051,1498.9094184373407,1501.3078775574115,9247.534129790596
2025-07-21 16:45:00,1524.099102870131,1529.2115688754222,1518.9479346705418,1526.5903856699895,4478.927498840903
2025-07-21 17:00:00,1525.5858571951846,1526.7285591224827,1515.4372464305497,1525.5384298470342,1351.7283021668497
2025-07-21 17:15:00,1529.2882159030312,1532.923669859835,1521.7926334140361,1523.4237804600689,4265.159293261725
2025-07-21 17:30:00,1521.045934930998,1524.6420885626148,1510.5684600809507,1519.7357228600897,4335.663136013017
2025-07-21 17:45:00,1508.134247185783,1517.8779494156913,1508.8274550499239,1506.6830540669987,7714.936316818937
2025-07-21 18:00:00,1528.3882530275796,1527.1557593511136,1519.3344391402943,1520.9275475897853,6386.407488767024
2025-07-21 18:15:00,1499.177637643229,1508.8268752254048,1494.2274874838706,1496.8834719190245,1356.2486287867669
2025-07-21 18:30:00,1503.7507461046482,1506.7835910123931,1494.304558444455,1502.734426407025,3160.8194003559397
2025-07-21 18:45:00,1506.84034657919,1508.8075595711714,1498.6333882440667,1508.4236686905388,8035.614276638795
2025-07-21 19:00:00,1481.0298048392644,1491.2611900625752,1479.3340779240696,1481.0744457569222,395.17102139212204
2025-07-21 19:15:00,1464.802511799615,1470.384274281607,1459.6403168316497,1457.8165296100517,5540.056875065388
2025-07-21 19:30:00,1449.4559956545372,1455.430049870162,1449.9376822588301,1449.3326442470789,8850.55916657068
2025-07-21 19:45:00,1437.5663988162776,1440.787475696096,1429.5055946974915,1435.4578099698733,8913.642113721127
2025-07-21 20:00:00,1430.7915947894157,1431.4504313729738,1420.3953504063832,1423.677448525327,5479.999769345186
2025-07-21 20:15:00,1439.0973118631937,1446.125030755308,1438.8955017914543,1442.927189963733,9033.964348119694
2025-07-21 20:30:00,1478.859344546612,1482.1220989799838,1467.1010530744231,1470.6115951944844,2639.373461507406
2025-07-21 20:45:00,1474.4618595503625,1477.6380929971433,1463.4735812001343,1473.3148552753487,5517.625978364395
2025-07-21 21:00:00,1464.2880994172049,1472.9496550377194,1462.4378899594826,1466.6236848634546,1464.4990807771621
2025-07-21 21:15:00,1459.3482702966037,1469.6790967545692,1457.2451110567897,1461.4300528597744,7880.42204479226
2025-07-21 21:30:00,1458.0192121507591,1464.5969390131975,1455.6310256214003,1456.3318712065684,2728.204600442069
2025-07-21 21:45:00,1468.2521528981679,1467.1096035279531,1457.3871513781087,1460.201479839633,9942.106070357984
2025-07-21 22:00:00,1447.2173536467312,1456.8551088621637,1449.1351500796113,1456.5213216038394,5810.276622086904
2025-07-21 22:15:00,1446.4531080031393,1449.8678823877337,1439.528960580866,1449.339200835018,6425.926640382059
2025-07-21 22:30:00,1444.3559965648756,1449.2390827570189,1441.1659529479039,1443.040070682149,7177.4062725037875
2025-07-21 22:45:00,1458.7200949663468,1464.5519835404666,1457.9283794637001,1459.4037447979786,444.2101197951414
2025-07-21 23:00:00,1454.3091808845563,1463.2596246377764,1454.3238745631827,1456.957299278489,2423.575068942377
2025-07-21 23:15:00,1467.306418185296,1468.1169877809216,1456.9124802136519,1463.0610841767989,9210.458204796767
2025-07-21 23:30:00,1466.5611092486768,1476.922559598199,1464.083242642998,1475.0300750068639,6198.108425923023
2025-07-21 23:45:00,1459.1624950838664,1465.5454004602507,1457.7900490178513,1464.3032101627753,6700.942845918577
2025-07-22 00:00:00,1470.5123208209454,1475.746755822928,1468.0490642307734,1474.595918172271,6106.939954101123
2025-07-22 00:15:00,1494.903786050061,1498.8123580090248,1489.2586002232167,1497.7580275195317,995.2387313744556
2025-07-22 00:30:00,1498.5870367942991,1501.54435990037,1494.6042389395595,1493.1304177200714,4061.316748348178
2025-07-22 00:45:00,1508.2623307303327,1509.868474641322,1495.3871967422215,1503.4346825145312,2043.5578505485842
2025-07-22 01:00:00,1475.2284580540897,1483.6785697009925,1475.617968907697,1476.847329622533,5810.369972041669
2025-07-22 01:15:00,1461.3057914841618,1470.4622579968611,1461.8576095252174,1463.1317057312103,4548.477073672992
2025-07-22 01:30:00,1460.5934137372706,1465.6181327410766,1454.8486614221338,1457.8161287096261,726.7406917866406
2025-07-22 01:45:00,1469.5559509118336,1480.0578793823493,1470.7826691279276,1478.8485448316317,5939.678153567913
2025-07-22 02:00:00,1479.1353146205518,1481.5902126883007,1471.0414240547382,1476.065321235716,2329.3916855837765
2025-07-22 02:15:00,1483.6248959127577,1492.4306071578376,1483.8394507618364,1489.2412539699508,3223.491790422536
2025-07-22 02:30:00,1504.7370086911885,1510.2749033548903,1501.1510842098337,1500.5383089923232,2041.2747230941716
2025-07-22 02:45:00,1467.1826406749337,1471.7466622501702,1461.5008504285831,1466.251371031865,7161.714330942286
2025-07-22 03:00:00,1444.5084730611973,1451.247391757425,1440.6590781011296,1440.6712990328206,6862.830701241303
2025-07-22 03:15:00,1463.8879723482696,1461.234696272458,1452.1517880388596,1460.9552325519394,2162.619855191645
2025-07-22 03:30:00,1423.7619420044932,1432.6950832437792,1418.1846527250382,1427.2321405568298,3188.931402498392
2025-07-22 03:45:00,1431.6361322459115,1440.7401073934955,1428.8200065055137,1432.7318643450328,3120.1395437010356
2025-07-22 04:00:00,1431.2329743828852,1430.3514984059973,1425.5477613992862,1425.001596522069,4259.307601485522
2025-07-22 04:15:00,1432.0081181621272,1435.4493991256236,1429.405159645809,1432.0688344531518,3082.0366987181246
2025-07-22 04:30:00,1443.9249282843505,1455.675629228376,1443.1996533207753,1451.3813930898636,8536.656077661046
2025-07-22 04:45:00,1432.4090470107658,1439.340236010405,1429.901844849117,1433.4776194941803,2079.4077016119427
2025-07-22 05:00:00,1453.17817561978,1456.557482571591,1445.5905577810868,1446.5918465294797,1462.679032736974
2025-07-22 05:15:00,1447.7115860827425,1457.5577422021909,1447.0724664164866,1447.2657447668141,2194.2299164672254
2025-07-22 05:30:00,1465.3921887172507,1475.799986301474,1465.7543205966651,1471.1513422106873,4053.968885958306
2025-07-22 05:45:00,1484.9923253819868,1485.4668503150062,1475.291993806282,1479.3603625775427,6244.1556922274485
2025-07-22 06:00:00,1490.9624734657004,1500.1386122861288,1486.355119345177,1494.3897060848121,7573.977838805771
2025-07-22 06:15:00,1485.2121605805744,1495.6913156988292,1485.8425282091464,1487.7399088697114,2976.6071597420787
2025-07-22 06:30:00,1482.4186104359057,1484.1171027907917,1477.2660175714702,1482.16619220516,5372.125217781226
2025-07-22 06:45:00,1485.9911608059992,1487.8108739745235,1476.3317497225219,1481.8537831705996,345.0307047900203
2025-07-22 07:00:00,1480.614728119092,1486.2148112066186,1476.4121427126233,1483.9999482595867,2671.6030936370785
2025-07-22 07:15:00,1464.621673665751,1468.9094818328872,1458.1508486607013,1469.5947580380273,1772.3513805374678
2025-07-22 07:30:00,1481.0407277825389,1488.3082804544272,1472.938786386571,1482.5935014892175,4639.299914776871
2025-07-22 07:45:00,1489.643900136212,1488.4455323589877,1479.6956435119582,1484.6353601324645,3237.235430285956
2025-07-22 08:00:00,1511.1381661741555,1508.6164076946177,1501.766560072831,1508.9416756130202,3354.583866039051
2025-07-22 08:15:00,1504.174322545479,1504.4145267431122,1491.7293693266718,1499.513951919275,7883.4008411416735
2025-07-22 08:30:00,1487.6726132179683,1492.7182297921872,1482.1022230261456,1487.25757617447,9115.571056483806
2025-07-22 08:45:00,1482.0206686802626,1488.547567702243,1478.4957706206567,1485.0510853187748,6746.15521026666
2025-07-22 09:00:00,1480.721052919331,1483.7395541140968,1471.6615401394756,1475.56208959594,2841.5299072774033
2025-07-22 09:15:00,1481.1895494053847,1479.205147457919,1473.446543910763,1481.2411550668796,4496.845320949492
2025-07-22 09:30:00,1480.3825359700286,1487.8133779502562,1476.8185298231958,1477.142397315399,2270.9459590928623
2025-07-22 09:45:00,1471.2974671874795,1477.3178767050683,1467.992225719078,1478.5928650022477,6930.745813546636
2025-07-22 10:00:00,1483.5903970034376,1483.6819594733308,1473.401053884762,1483.9437078256522,6931.786271536013
2025-07-22 10:15:00,1469.333461138614,1473.1722066815337,1461.5883568823322,1466.866787906059,1817.925530706272
2025-07-22 10:30:00,1472.9751441803135,1479.7375782732006,1466.9624551911663,1477.2623120389921,1939.5530900624678
2025-07-22 10:45:00,1451.4459624541537,1459.871363006607,1450.0833029784985,1454.947647974455,4695.777701437404
2025-07-22 11:00:00,1465.9937512350684,1470.4888266302182,1460.079317092842,1463.1807806342256,788.5693349090922
2025-07-22 11:15:00,1434.221923634036,1441.8231446443083,1432.2967229923643,1435.7310068543288,8419.781632615443
2025-07-22 11:30:00,1434.3579297173462,1442.6239173753304,1427.5045214034062,1431.5569959740164,4617.165715449278
2025-07-22 11:45:00,1442.3896320165697,1440.984669978362,1435.946089074268,1439.783933419227,9541.95086847185
2025-07-22 12:00:00,1444.3892252031271,1450.6258532144725,1438.7236400367065,1443.042796709643,7274.361433603594
2025-07-22 12:15:00,1439.4706008922467,1440.8170585735995,1433.974290274229,1437.1072035095024,1454.8367432657715
2025-07-22 12:30:00,1437.4552603391053,1447.341714957196,1434.2527525379219,1441.3553289085248,5289.548284264712
2025-07-22 12:45:00,1434.376010889186,1445.1735120711405,1435.14376162245,1434.1591049974586,9917.523871554617
2025-07-22 13:00:00,1427.3578625312377,1435.0240481705102,1425.6548402817882,1428.9736351944443,2953.165794063185
2025-07-22 13:15:00,1439.6689009475951,1443.7204773250426,1438.2293486894532,1442.8950943627362,240.50938169838315
2025-07-22 13:30:00,1411.5380452736085,1411.7152877402145,1399.0768732680156,1403.797525211111,9041.504027795754
2025-07-22 13:45:00,1383.7543996057207,1384.9564459881406,1376.4621261794448,1378.1076467397659,206.43494351103294
2025-07-22 14:00:00,1359.0086643539182,1366.4289373927018,1355.2463479793266,1363.987854868825,3983.722574697907
2025-07-22 14:15:00,1364.63203870012,1374.4532397584242,1362.649248311185,1365.009625143901,890.1978639377824
2025-07-22 14:30:00,1375.6817044331367,1378.9227679430549,1366.1384111667217,1368.948961362257,3596.1402258558346
2025-07-22 14:45:00,1387.7493512151511,1394.5468722524358,1381.488272277428,1384.7171604752898,7670.396536854072
2025-07-22 15:00:00,1387.4958155597897,1391.2923711434853,1383.1478617532243,1388.4185414081635,2251.425824342442
2025-07-22 15:15:00,1398.6807239196307,1401.6143853442836,1395.6658182459787,1402.6160231807528,1840.6735018305437
2025-07-22 15:30:00,1402.6318580053605,1408.2207298706894,1395.2045365392692,1395.9036705410354,4807.621045990607
2025-07-22 15:45:00,1433.1172318688639,1432.9812895640923,1420.7762205538397,1428.1099655337227,7685.614612305651
2025-07-22 16:00:00,1421.5824526730837,1429.5891125658372,1421.1971354017533,1421.540533161815,6038.01202801053
2025-07-22 16:15:00,1420.4059265513192,1423.303864519864,1410.9605971215992,1415.062679090513,5775.525003729767
2025-07-22 16:30:00,1436.1897394569628,1439.4077623508688,1428.521975837499,1433.3555399047573,7964.518928868785
2025-07-22 16:45:00,1431.5553773472923,1430.5981294818473,1423.012562918518,1424.3871075933714,4375.102016371747
2025-07-22 17:00:00,1418.6777355918625,1425.9567889978048,1411.3456827959556,1421.2806629303027,5095.364319557367
2025-07-22 17:15:00,1417.4528001651115,1419.879653386851,1410.8090133730216,1417.5727472064239,7928.238589025104
2025-07-22 17:30:00,1433.6505251563212,1433.7035024950885,1426.0024740342317,1424.7401142827139,1037.445470724173
2025-07-22 17:45:00,1420.2058567710303,1428.432716146449,1418.6328076554744,1425.9692918475755,6117.733054406937
2025-07-22 18:00:00,1419.6225890657875,1423.4390021508284,1416.4356883787605,1419.1267708907508,9323.597044811893
2025-07-22 18:15:00,1415.0831741386996,1415.806231410516,1407.9783291772355,1410.1942847210653,4819.250460467106
2025-07-22 18:30:00,1404.6916937744293,1408.9665576683744,1400.3689991666931,1403.379559933002,5446.323358375308
2025-07-22 18:45:00,1401.1614658325846,1408.6720083363416,1395.9332315613747,1403.4697198053586,1083.5052048748585
2025-07-22 19:00:00,1402.1784499751027,1412.4676730145013,1398.995746966943,1409.9796982118742,5681.743573898885
2025-07-22 19:15:00,1400.7419152455757,1411.6039059877326,1400.3130652712377,1399.5454750977763,5746.659869616012
2025-07-22 19:30:00,1449.1952835627137,1453.594686834209,1443.4800673325844,1453.5133202977868,6520.3597917565285
2025-07-22 19:45:00,1442.9320915997944,1449.1343660686432,1440.592981119405,1443.7872341481382,2739.1710277753473
2025-07-22 20:00:00,1426.3917564933174,1430.9676177802753,1417.6171902607073,1426.407791942099,2764.255985453658
2025-07-22 20:15:00,1443.6648844451568,1445.636436769158,1438.7058613660097,1441.3496345053313,1501.2970716339232
2025-07-22 20:30:00,1454.07194924755,1459.4826695599832,1448.8634014789952,1454.5678537778977,5281.510276250166
2025-07-22 20:45:00,1466.1732395103713,1466.519030264854,1457.9097346803803,1460.3408512230324,1504.5273399163434
2025-07-22 21:00:00,1464.600946982213,1471.5409100967297,1462.127014739213,1463.0440540218176,9573.631497446717
2025-07-22 21:15:00,1471.3173174301096,1468.9314679520585,1461.2243825465048,1467.2180893066245,2990.7031566358337
2025-07-22 21:30:00,1475.9111738059128,1480.0818436210832,1470.4679033825505,1473.930170904544,8595.074049751824
2025-07-22 21:45:00,1474.3598718135363,1483.9648218154896,1473.9545829200877,1479.8852730097394,1981.1636775105333
2025-07-22 22:00:00,1488.8775575759403,1488.6845040805235,1477.7348540986286,1487.3541803903795,5637.087917396117
2025-07-22 22:15:00,1488.6538744102702,1497.00936601547,1483.3977645018601,1494.6880538833093,8193.405737932339
2025-07-22 22:30:00,1492.8775046076519,1497.5811490765889,1491.7370745326975,1493.1583692767297,7684.284284332255
2025-07-22 22:45:00,1535.4321048936376,1534.7433098547929,1523.5172322375263,1530.764823872045,2367.2733648161684
2025-07-22 23:00:00,1534.7619337420592,1542.2932769543513,1527.0161002580346,1538.1690073241223,7473.5950268404595
2025-07-22 23:15:00,1526.2887469025495,1528.28915596639,1514.7092990867689,1522.6799253980394,6979.616895915613
2025-07-22 23:30:00,1530.3017779517918,1531.4389759639496,1521.9034164665125,1531.0865689228644,9476.195769478894
2025-07-22 23:45:00,1502.012747848246,1505.1266443668387,1496.825060608799,1502.4989048357886,3438.7007827490306
2025-07-23 00:00:00,1476.5211453680445,1480.1067201657258,1470.7318483523386,1477.4127630163493,3989.1542092508125
2025-07-23 00:15:00,1481.7958856282617,1488.923231926252,1480.585628998399,1481.901177876674,6567.733108262026
2025-07-23 00:30:00,1522.3712563517583,1524.7667290408608,1513.6622234473843,1520.8562888190224,3540.592197275476
2025-07-23 00:45:00,1516.1352833669898,1522.4034828108095,1511.13076311187,1519.8860011767424,9933.156305529661
2025-07-23 01:00:00,1493.0477501258208,1492.7727152862817,1482.5013774751358,1490.9117543600785,3905.921111278191
2025-07-23 01:15:00,1503.2796934924368,1505.5164491839287,1500.6518063621688,1502.1381713527844,3075.157995891283
2025-07-23 01:30:00,1510.1706529736693,1512.5678886837727,1504.4494915653308,1511.5599913758624,4498.4706569491545
2025-07-23 01:45:00,1524.3661755374242,1533.1010603835264,1524.189473544723,1530.9246317533223,1349.9743049327753
2025-07-23 02:00:00,1522.1113833199988,1526.1958772288353,1516.651702557884,1520.6062897541913,8442.780535385155
2025-07-23 02:15:00,1532.751669108151,1537.7682152594577,1528.7219285527885,1528.3904778796593,5861.029983235764
2025-07-23 02:30:00,1565.107726989558,1571.0689556752016,1566.2409592516499,1568.3717827830105,4655.493201526235
2025-07-23 02:45:00,1587.6167921583578,1597.9038095766953,1582.6009998000786,1586.4142117899758,154.1835403948845
2025-07-23 03:00:00,1582.892511598914,1582.8200472552617,1577.8793737632004,1579.1826176480238,9025.873154451932
2025-07-23 03:15:00,1589.9826517409388,1598.0814865526258,1585.44469150438,1592.7752238216926,6911.81895308106
2025-07-23 03:30:00,1613.4102016446348,1619.2159125130984,1610.7922337244354,1617.5128203376682,9243.903219756805
2025-07-23 03:45:00,1620.7401934670515,1630.8428009034503,1622.8823229036132,1625.555836215186,7972.371968756744
2025-07-23 04:00:00,1633.4577061785994,1641.917935134832,1632.6853362796307,1633.7294448285795,5197.56132633506
2025-07-23 04:15:00,1645.496901486236,1652.463684705062,1643.6013569852998,1646.0917358486877,3684.792044664424
2025-07-23 04:30:00,1663.2075670032618,1668.4374612126937,1659.3382411649666,1660.4474435124314,880.5473198954421
2025-07-23 04:45:00,1640.264497890897,1649.3116382982869,1638.4869216076365,1639.320855669197,9008.233015317948
2025-07-23 05:00:00,1648.164823814955,1655.940511707225,1643.5944999952887,1649.5513955347355,1111.2650083306348
2025-07-23 05:15:00,1658.955452476531,1664.4184415441487,1650.5912154028988,1662.8435254360033,8113.324398006949
2025-07-23 05:30:00,1663.7192906745358,1669.8301084618824,1659.8293345716968,1664.7025459471981,2370.6010857072292
2025-07-23 05:45:00,1635.3168364623473,1640.406719341745,1632.873950794137,1632.9213809857329,351.10451158455464
2025-07-23 06:00:00,1635.7341855792247,1645.2186320403275,1631.3235958690186,1638.9536564741375,3154.4017013990315
2025-07-23 06:15:00,1620.9537772871222,1628.0004424325602,1617.0551985160116,1618.0863888541182,9992.154137201951
2025-07-23 06:30:00,1637.1455908824391,1647.459631378726,1633.2135450407154,1637.9743782145924,1085.9692088898223
2025-07-23 06:45:00,1632.0570898782275,1639.1094397417153,1626.588455861149,1632.1005730002887,7898.940490104565
2025-07-23 07:00:00,1631.4347137789084,1641.8938937583675,1628.2950957231908,1636.7021642708671,8111.976656405268
2025-07-23 07:15:00,1652.517468051844,1663.2507383965706,1654.2532592051678,1660.15840972842,7145.801843730719
2025-07-23 07:30:00,1652.1646341700323,1662.3185529027103,1652.244872422131,1660.0962281544112,6672.825592176916
2025-07-23 07:45:00,1629.5065448473922,1632.7543329329233,1621.42504067893,1631.4200856144187,4750.6921672649105
2025-07-23 08:00:00,1639.4810298912669,1647.1359838757276,1635.5865416097108,1640.204522937097,4396.297859885839
2025-07-23 08:15:00,1642.2127410880014,1651.3242461972961,1638.400513357799,1648.66130981856,6432.272564236852
2025-07-23 08:30:00,1646.8490380039677,1648.8971075129673,1634.6590968476496,1636.9940223917117,3193.04927880644
2025-07-23 08:45:00,1629.4191300947778,1636.2467217409603,1626.748732222285,1624.4825650251298,1285.7420639542263
2025-07-23 09:00:00,1653.4157600295048,1657.035637330666,1648.7131689080554,1655.330431558472,8670.3013326502
2025-07-23 09:15:00,1654.4151007459966,1660.2874144779055,1650.059570822976,1656.490105456722,6695.05425266746
2025-07-23 09:30:00,1649.2196868105843,1649.3359048626462,1642.5561862828904,1643.167666579741,2669.0658981597703
2025-07-23 09:45:00,1624.6797297980902,1631.8367804560555,1623.4075988128918,1630.0085322773718,4638.0487295777175
2025-07-23 10:00:00,1618.476006208617,1628.088202697192,1619.1328057458772,1618.4007254576711,5099.834041680272
2025-07-23 10:15:00,1595.2856738662274,1596.7020274082995,1591.006104940267,1588.773684218988,1039.4392952153405
2025-07-23 10:30:00,1611.2263441826835,1611.3596131589557,1601.2525906219246,1604.5029465189234,8173.431079957192
2025-07-23 10:45:00,1590.0707728963782,1593.9666954288841,1581.8859589106933,1588.4850267080528,1499.3704930255255
2025-07-23 11:00:00,1589.8371104895296,1590.0384684257613,1584.186979017765,1587.730529967395,6314.427719602636
2025-07-23 11:15:00,1614.5725401014467,1618.0083382003365,1605.737370629925,1609.9361049987335,8537.618710150855
2025-07-23 11:30:00,1632.16837526815,1633.2526052940293,1623.800081409757,1630.0168893330563,2170.3345204050715
2025-07-23 11:45:00,1643.5960136056199,1642.7524238520978,1633.932890371998,1636.168274708893,2876.801901411156
2025-07-23 12:00:00,1659.4455550446723,1663.0693446189343,1655.5978614192568,1661.9324669315126,1914.7084547486147
2025-07-23 12:15:00,1641.354265644162,1647.3814690721324,1635.6729934957013,1638.6467588235744,8800.408154394969
2025-07-23 12:30:00,1658.5872689312928,1662.0084361614317,1649.8386513529704,1661.4064383877471,2539.4114081386106
2025-07-23 12:45:00,1664.3780871668619,1672.5768734645178,1659.8820652847605,1661.8349873894135,979.1798247912585
2025-07-23 13:00:00,1680.1503089178104,1685.0541631185965,1676.9891326511317,1682.8956711269213,8353.69016766409
2025-07-23 13:15:00,1677.2835212243147,1681.5828083699123,1673.9245957661929,1674.7489019983163,823.5793286517329
2025-07-23 13:30:00,1686.9923433068027,1691.4851260736611,1676.1911580454869,1684.9150437897558,7311.635923309826
2025-07-23 13:45:00,1690.2816319309075,1693.2500904911878,1687.2341676000888,1690.535483607895,1131.9491401225878
2025-07-23 14:00:00,1679.1096024610194,1680.468977879095,1674.9263053781237,1681.736315501003,3555.0788811091447
2025-07-23 14:15:00,1660.7676336989014,1661.162053918537,1650.2926703591495,1656.0052522926137,7386.775826121729
2025-07-23 14:30:00,1672.7080366200357,1674.4425091528058,1662.6336788358856,1669.8850537348105,6389.653083855957
2025-07-23 14:45:00,1670.653191666523,1673.5943860310676,1664.8438429138212,1668.767259822646,3195.7455113587434
2025-07-23 15:00:00,1681.0736312628615,1688.6367388622587,1678.4551709808957,1684.283708742105,5083.210877004445
2025-07-23 15:15:00,1703.3716165251724,1706.6215850748645,1692.5942453719204,1697.5390906345508,3072.533836780468
2025-07-23 15:30:00,1697.6087550277673,1698.9148469285394,1694.127741956641,1696.604011738636,1533.226140393815
2025-07-23 15:45:00,1678.3301991798173,1683.6873856791958,1675.942389508333,1677.1071108100255,8719.649914434282
2025-07-23 16:00:00,1695.1048733834207,1702.3334498057493,1692.3973520623792,1694.0016457348156,4122.871704734033
2025-07-23 16:15:00,1701.3200743602454,1701.2680346001016,1690.8517198963693,1696.6352764139674,5787.6940710499175
2025-07-23 16:30:00,1709.5809492215549,1719.3357056536095,1708.010548780684,1715.8450498016623,1741.8516527609231
2025-07-23 16:45:00,1688.4897083565836,1698.9513511455941,1685.093895517057,1690.7288006372885,5514.476305528577
2025-07-23 17:00:00,1700.992396506842,1700.9673599743467,1695.1097997602167,1695.9532021881864,2582.657758121454
2025-07-23 17:15:00,1692.2230740033472,1701.4765588760415,1694.473235394354,1692.08687656424,4934.585026468439
2025-07-23 17:30:00,1707.2487486448324,1714.9481980220132,1709.5752659420382,1713.9772413646817,9694.122481855014
2025-07-23 17:45:00,1714.109886853961,1714.450779908425,1705.6611833168654,1706.0998763685814,9655.859330459592
2025-07-23 18:00:00,1699.908880690961,1706.741863888698,1692.3982155304334,1699.968113387652,9477.755669770157
2025-07-23 18:15:00,1700.9411967907909,1703.5199582362445,1692.1857831318823,1694.4856180951306,7199.421808611655
2025-07-23 18:30:00,1670.6458988708139,1675.7273475684533,1668.4885319140835,1675.9425697078448,1697.2434521088796
2025-07-23 18:45:00,1674.8204256515562,1682.077009967989,1672.5113175831646,1676.8800596189049,3137.172704284764
2025-07-23 19:00:00,1677.8011287001268,1688.6999264446924,1675.9462919211724,1681.5971137240997,6116.41100305261
2025-07-23 19:15:00,1712.5402080378078,1715.4409895134604,1701.3656698481607,1706.048495385554,523.8664973945325
2025-07-23 19:30:00,1697.2897559327196,1704.2318536826951,1694.0383430877519,1703.2068516269487,8653.293244311066
2025-07-23 19:45:00,1723.1773484452049,1721.804839780112,1716.8234869379135,1721.8049370609967,6631.96807825115
2025-07-23 20:00:00,1729.8764155736778,1736.0386692155237,1727.4442445921345,1734.9648773069214,4447.289516433134
2025-07-23 20:15:00,1735.4328973182328,1743.5587354152324,1732.5810175450454,1730.992692730103,3345.459688027681
2025-07-23 20:30:00,1726.5922870190939,1734.709763160032,1722.3239463255918,1734.552181743877,2682.5148367393213
2025-07-23 20:45:00,1722.3326511745233,1731.3402354637951,1721.3372238190468,1728.3196404230712,4822.1414717098905
2025-07-23 21:00:00,1718.7253229372175,1727.988691812502,1718.1311223329928,1719.4869568574761,3914.0567584439013
2025-07-23 21:15:00,1728.9699105841917,1737.0178403101831,1725.9309632743864,1733.457594491855,8440.59427782356
2025-07-23 21:30:00,1758.273084725938,1756.815559863036,1749.3469915490473,1757.4570396647093,9908.961133214352
2025-07-23 21:45:00,1755.8370829039875,1757.8364459873333,1748.958300934629,1755.126366624789,3015.9443218787064
2025-07-23 22:00:00,1777.5286270287816,1786.4588562157267,1777.194374823872,1777.7343597900508,4489.642461029156
2025-07-23 22:15:00,1769.2853508911255,1775.646084618143,1761.855697579883,1765.5346191336344,2245.010999640823
2025-07-23 22:30:00,1791.266910214313,1801.8831940102837,1791.379586570418,1796.4675297979927,5326.892611140636
2025-07-23 22:45:00,1818.8142719187522,1827.3358561532584,1818.6067268215688,1823.0807292549032,6117.1006768686775
2025-07-23 23:00:00,1831.8462165104827,1835.0206495762684,1821.7742986382152,1831.986893437895,4882.409544575575
2025-07-23 23:15:00,1811.6751013323646,1812.379248106815,1802.847243632774,1804.1066849611623,3550.376385824051
2025-07-23 23:30:00,1813.7981313808689,1819.9957829759837,1811.266011573211,1818.8828547433102,799.0801805706737
2025-07-23 23:45:00,1818.68897754341,1822.2361323237797,1811.818849319619,1818.1795666383996,176.92225518127896
2025-07-24 00:00:00,1811.3244214592046,1817.571440602103,1806.010393226583,1809.528525954771,9099.850122364598
2025-07-24 00:15:00,1807.4177460719711,1816.318046623129,1802.3445396699371,1811.6337038673585,2815.46517557371
2025-07-24 00:30:00,1790.6773878244935,1796.5256553741683,1791.022137233404,1796.861267800913,8279.49691611643
2025-07-24 00:45:00,1820.8559780549788,1826.904755125904,1815.5491215858483,1819.216270997089,6954.0363675902945
2025-07-24 01:00:00,1826.379431374882,1832.2022458910478,1823.8554504234987,1827.0071421026596,4684.086024068771
2025-07-24 01:15:00,1809.422912189426,1808.0448683843051,1801.2653321527587,1809.3006040800676,8687.75399424251
2025-07-24 01:30:00,1774.132584446765,1774.2062358093901,1766.7954874385746,1774.2143855115507,9139.946638125368
2025-07-24 01:45:00,1772.8094757271942,1784.118536166627,1773.9631973247065,1772.9828960287955,3853.244819934273
2025-07-24 02:00:00,1792.6037768154345,1796.202060719141,1784.6820926397363,1786.9827629214785,3756.2421186211354
2025-07-24 02:15:00,1811.7338731266623,1816.366046688201,1808.194221538967,1811.5537034418367,420.6551697709953
2025-07-24 02:30:00,1835.704258905453,1847.8244676363222,1833.1653038280915,1842.322486782765,1034.4370573253514
2025-07-24 02:45:00,1813.3529105985444,1818.7604451802515,1813.7321072147352,1820.0908760462596,5202.521749659261
2025-07-24 03:00:00,1839.440563468177,1851.1201002842984,1841.0368426251634,1839.5576439825231,1823.9422603550663
2025-07-24 03:15:00,1826.0337938408986,1836.1052891249287,1826.7732998795634,1826.3674037373237,7112.517242595267
2025-07-24 03:30:00,1838.2719196099285,1837.9341253551556,1829.4130898973,1832.9089352151823,2889.9833005618666
2025-07-24 03:45:00,1835.4871661360294,1841.5205192137294,1834.9019537236366,1834.9933157334312,8569.153806353223
2025-07-24 04:00:00,1846.6861341916162,1852.1170912034956,1840.0427658499898,1841.13200241846,1327.750339698876
2025-07-24 04:15:00,1839.4189899829366,1842.0565431484893,1827.8068314026762,1833.2373703069316,8488.65543096411
2025-07-24 04:30:00,1852.2342573561652,1849.6009585848728,1839.3981744275252,1845.7250055246775,9776.746437324644
2025-07-24 04:45:00,1846.699330463481,1855.0186485977474,1843.2600514445407,1842.4525631608049,4609.402065516022
2025-07-24 05:00:00,1850.1496508645514,1857.6359477594265,1845.5488526685992,1849.6123439076684,6838.186013125302
2025-07-24 05:15:00,1832.8959242650192,1838.6788429950561,1831.873397908232,1839.8441274531574,4883.595667219111
2025-07-24 05:30:00,1845.3974229346093,1853.2405906439556,1844.3128453523238,1850.1031754233668,4259.136454776265
2025-07-24 05:45:00,1861.5066059442008,1870.3456574736292,1862.7260666052646,1862.510122694522,4565.2782321862
2025-07-24 06:00:00,1848.2639970739874,1853.6588408041664,1845.4003272587993,1849.477680153231,1574.7000106224584
2025-07-24 06:15:00,1853.051541901387,1861.19714587801,1853.7172013456584,1854.7647143670793,1273.2536802531731
2025-07-24 06:30:00,1872.5745958196055,1874.987606935444,1865.163757693829,1872.8552238980305,6634.461332098744
2025-07-24 06:45:00,1871.7668027247505,1878.7542460659768,1868.0091171423935,1874.8129883656234,2364.7652276704234
2025-07-24 07:00:00,1864.3708472007086,1864.6436722707492,1857.3780446533253,1862.5950105905615,678.7896763421911
2025-07-24 07:15:00,1859.8525676400304,1868.8003824938999,1859.1523775781159,1864.6153814965362,1311.708437420449
2025-07-24 07:30:00,1876.2362107570461,1875.903532406807,1864.2324245901032,1869.548170163485,3323.9671038212186
2025-07-24 07:45:00,1902.351837266781,1911.6691164810402,1902.8834690336423,1908.7467792084378,4830.801994635682
2025-07-24 08:00:00,1881.2356977097165,1892.151205914655,1879.8676583331735,1883.0562247304813,5431.150122793413
2025-07-24 08:15:00,1867.0810726398884,1870.887195935793,1861.4253142921789,1866.9338930548834,8534.72334662914
2025-07-24 08:30:00,1885.6010078339887,1889.228732243644,1876.9529468819364,1880.2676503455966,9500.148435964597
2025-07-24 08:45:00,1903.0799443664853,1909.9717096668849,1900.1801127968463,1909.9838295618513,7726.861620119379
2025-07-24 09:00:00,1912.9003843076825,1912.7185134609729,1905.3703911771702,1912.4855170607916,6689.182127406456
2025-07-24 09:15:00,1915.5970949989692,1923.1111784003758,1911.430167866747,1923.9864989931846,9051.185475447977
2025-07-24 09:30:00,1945.2626890859622,1952.9998311909055,1942.0878547354873,1942.926954126091,7810.820517678743
2025-07-24 09:45:00,1944.8488858309227,1950.4710224612813,1940.5399845347956,1946.9107156953164,7050.545527013791
2025-07-24 10:00:00,1948.8240494090305,1959.2863482133057,1949.387985264865,1950.006889107976,2329.666749122956
2025-07-24 10:15:00,1931.6890013667855,1938.152524800763,1930.8647152094195,1937.6253571671236,8795.909776654531
2025-07-24 10:30:00,1913.0224926374638,1921.203702306221,1908.7816551898127,1910.7993649040147,5689.020301420641
2025-07-24 10:45:00,1933.1186063145115,1935.9810231782058,1923.703506991773,1927.4264184956785,9977.838966568066
2025-07-24 11:00:00,1937.281666260202,1940.7761152391818,1930.1553553029737,1934.7700941068142,5570.462268799142
2025-07-24 11:15:00,1950.5330756224582,1956.1386455216953,1943.8820690170892,1952.9649214768112,2798.275071610013
2025-07-24 11:30:00,1954.199495449737,1958.1228893260375,1947.0905817675819,1958.1325773586939,5445.025367937203
2025-07-24 11:45:00,1963.0992152278775,1966.3411172652961,1954.6648119821014,1957.134903584767,919.9569472151063
2025-07-24 12:00:00,1957.2667214462463,1964.5718380246863,1951.98486600245,1958.0585318339906,6058.619273696674
2025-07-24 12:15:00,1969.3865250670372,1976.3272425718978,1966.675469191911,1971.2276480234182,6158.722677820118
2025-07-24 12:30:00,1961.4780466217574,1964.9515058817647,1958.576685032643,1966.2444767005652,3499.04559625957
2025-07-24 12:45:00,1971.1088738507253,1979.0960893435451,1969.445470168901,1969.678486839904,105.05653501271279
2025-07-24 13:00:00,1969.7032927816106,1977.8120665781487,1966.370717108707,1973.408615263962,7662.468681035315
2025-07-24 13:15:00,1984.141404769841,1987.9085271594054,1975.9416513125102,1978.4240499448717,5491.654350400821
2025-07-24 13:30:00,1997.2575022148903,1999.0714042753814,1992.6055454740224,1997.2507363356938,6174.842881178952
2025-07-24 13:45:00,1986.2610434685448,1986.2694714918591,1975.4857996415901,1985.2238566713024,8849.5681550116
2025-07-24 14:00:00,1945.7831019486293,1947.9499651071146,1938.3001126527615,1949.6779315658957,5665.496661416703
2025-07-24 14:15:00,1942.7985911008504,1943.5721753931941,1933.2075996030728,1941.997806780939,7370.744730606506
2025-07-24 14:30:00,1923.2812568551572,1930.6331542460025,1919.8462121514794,1930.2519441619197,2441.885718251676
2025-07-24 14:45:00,1913.3398512842587,1919.3663816030642,1911.6686965035008,1913.887341627865,1066.5122535363903
2025-07-24 15:00:00,1914.9564439219562,1918.7999342783025,1908.5095903185936,1916.173645949311,195.59326286675042
2025-07-24 15:15:00,1935.7617899121135,1945.579678662266,1933.9383135887795,1943.6632473730815,1987.4481121655792
2025-07-24 15:30:00,1935.8234901742173,1942.7728817827806,1937.5218557118694,1942.7066916525152,9065.463451456171
2025-07-24 15:45:00,1932.1393445113797,1941.479113397816,1928.5811243998633,1938.3003345857596,8754.743623981665
2025-07-24 16:00:00,1929.206460286857,1935.3529999608322,1929.1174301279627,1931.753347967073,3935.631808750114
2025-07-24 16:15:00,1947.833783854685,1948.6171519241905,1941.1004970555787,1946.2417577573626,1075.0787249958682
2025-07-24 16:30:00,1945.9194432318693,1952.6098312224203,1938.6795346113793,1944.9172809871593,1489.2826775674105
2025-07-24 16:45:00,1949.6997813409491,1952.2951003750452,1939.5744158766743,1941.542101551891,6847.198586985983
2025-07-24 17:00:00,1919.1583238641233,1925.8826159595553,1919.602382595761,1920.6971561347475,5223.635863632277
2025-07-24 17:15:00,1913.6393017001258,1923.0077751838678,1911.0407925290347,1920.6043381701654,1020.3190890368214
2025-07-24 17:30:00,1932.3397731967257,1939.7077083560418,1929.692915674362,1935.678285174154,4198.192802195928
2025-07-24 17:45:00,1929.8047828943077,1935.0839403196721,1925.2821849012846,1933.0928343470282,4240.0050772594195
2025-07-24 18:00:00,1940.289183827936,1940.6834438517978,1933.6396241908028,1931.9570310647548,4573.449189941682
2025-07-24 18:15:00,1918.0472022670954,1917.9556175917917,1911.9793593613047,1919.1608055610086,2654.8111911241635
2025-07-24 18:30:00,1914.823456389415,1917.0464456484824,1907.689617286248,1907.075973230471,9255.521792516565
2025-07-24 18:45:00,1894.7652506437905,1894.6919971034386,1888.9684996382657,1892.8238336571803,369.67658906805934
2025-07-24 19:00:00,1891.8876425882995,1899.0878050550916,1889.5303945727346,1889.75065603458,1554.757581830896
2025-07-24 19:15:00,1896.922851253198,1899.020155870286,1891.7149971021831,1898.978083697057,8888.470303929334
2025-07-24 19:30:00,1914.442979538993,1920.5802634684042,1911.1950784917176,1916.4675598382476,1931.2633011067446
2025-07-24 19:45:00,1926.9607624575328,1931.7331717717568,1922.6174499154922,1923.6481362636432,4533.571023179725
2025-07-24 20:00:00,1921.8846062006176,1926.3919146069109,1917.3419140447468,1926.989729885561,1836.1068725602736
2025-07-24 20:15:00,1906.393182586303,1908.1916772022114,1902.508684811218,1904.9745491945453,4198.17752942522
2025-07-24 20:30:00,1906.8531408166316,1912.8887085875822,1907.5666507776402,1911.7743118131823,9904.752051935524
2025-07-24 20:45:00,1909.5498582776959,1910.2884825330004,1900.6594156529034,1903.5693119268926,8739.822446260718
2025-07-24 21:00:00,1880.8133628629084,1886.5200165031613,1877.2267998188129,1885.3622686398553,6888.6542842718045
2025-07-24 21:15:00,1881.3218153575092,1884.966671385482,1878.7893192432439,1883.7522280035585,6309.961116084424
2025-07-24 21:30:00,1875.4222997705742,1874.950297465622,1868.5633940043083,1871.665772715985,1147.384393575607
2025-07-24 21:45:00,1862.0714660045737,1864.418820337432,1854.584156304102,1861.0150142411383,9067.465074238173
2025-07-24 22:00:00,1850.5464250694636,1854.7728159787303,1845.1953811013022,1851.9066790130676,4142.029917900931
2025-07-24 22:15:00,1869.6957559396635,1873.1245986987713,1864.0062490313928,1869.1027046447286,3742.7678437162463
2025-07-24 22:30:00,1868.7079216961695,1874.6590260010305,1864.350917827383,1863.7975268571104,2175.946364814638
2025-07-24 22:45:00,1871.7049872946002,1882.8317347025577,1869.0135630682564,1875.264339030272,8525.594338297644
2025-07-24 23:00:00,1861.7045862837522,1869.9062390703657,1857.2031621603792,1864.862720820263,947.2302630367901
2025-07-24 23:15:00,1843.5576563024515,1850.6155015459733,1835.4523101832165,1845.1183876232358,9972.60956917922
2025-07-24 23:30:00,1863.728605658257,1865.304247820922,1856.2853099230674,1862.7796899917755,9978.441585547193
2025-07-24 23:45:00,1859.7001114046495,1864.5901486320445,1855.87177368265,1860.3763222845203,2987.683009222394
2025-07-25 00:00:00,1851.5236785782872,1856.484695449532,1844.928336037455,1851.1476968171569,1347.038350851778
2025-07-25 00:15:00,1824.842193456447,1833.3461543239891,1821.3880641766636,1830.9904627178869,6376.784001853612
2025-07-25 00:30:00,1830.4310921484634,1831.5495488827387,1825.270698046849,1827.2437819862746,4941.913553989788
2025-07-25 00:45:00,1825.540136414462,1828.9940319485902,1817.1636761537006,1826.0720957956796,2133.195268049156
2025-07-25 01:00:00,1821.7546025838494,1827.5073912805656,1817.1347749803501,1824.1623696940787,4847.476400214903
2025-07-25 01:15:00,1821.248652721471,1831.708160480067,1816.691078286873,1826.4999680015158,9967.47747760661
2025-07-25 01:30:00,1829.9150184280645,1829.5663280968631,1819.0413308837667,1830.6116215462653,531.3670589037212
2025-07-25 01:45:00,1826.2689960675514,1826.959608678505,1821.1368935355415,1821.8158658939958,6169.547790901059
2025-07-25 02:00:00,1835.1923685568183,1837.8205862312195,1825.689858053655,1832.5771480905707,5087.966146939354
2025-07-25 02:15:00,1845.7779110589393,1847.003468894456,1839.1864508771232,1842.8586857595415,5673.849864499018
2025-07-25 02:30:00,1829.0489083456282,1833.0406699161397,1827.2291038808467,1826.107650972592,7884.976680988887
2025-07-25 02:45:00,1833.8378961873398,1838.8547639469973,1828.6335144968975,1839.226162846868,8406.972218687024
2025-07-25 03:00:00,1853.2214562698723,1857.8989167188947,1848.9027404088436,1849.4749449323374,7116.442637893958
2025-07-25 03:15:00,1840.7912457121545,1847.526139874955,1839.1488099700657,1840.516992914404,527.1245764092255
2025-07-25 03:30:00,1847.580401159744,1848.2721160215108,1837.676489345723,1841.4193543641675,3276.689486130669
2025-07-25 03:45:00,1834.8554061881723,1839.0133298516123,1832.7218355387697,1834.1908473949395,5438.047054288669
2025-07-25 04:00:00,1853.7628832212138,1856.3693579092912,1847.3125197813777,1849.5922599492037,2874.681236459107
2025-07-25 04:15:00,1846.548245888212,1848.2601978425655,1841.3252106507405,1846.308474088859,2204.8238210202985
2025-07-25 04:30:00,1835.644507441711,1844.5962026613852,1837.0820455274672,1841.450934560181,8428.342537477458
2025-07-25 04:45:00,1856.223176744541,1858.7057791536154,1848.5245400815418,1855.1402536364965,3356.6227155144725
2025-07-25 05:00:00,1816.7556300108893,1815.9154465506715,1806.4299657865724,1814.3239174022096,435.12018499842605
2025-07-25 05:15:00,1814.9259348529076,1821.1238216546742,1815.1936388842557,1819.6777174130543,5170.876462730481
2025-07-25 05:30:00,1824.993142085905,1827.6127076637736,1821.3655385068287,1829.2737565208395,1315.9918633924467
2025-07-25 05:45:00,1826.203112460112,1831.2858361114786,1819.8167460028144,1825.5641103765147,7374.08553009133
2025-07-25 06:00:00,1796.157966335186,1799.72369223919,1792.1648307000598,1796.0192679146392,6949.230843789604
2025-07-25 06:15:00,1786.7994561292546,1790.837650541658,1776.6035780849759,1784.256681079425,8351.607643729467
2025-07-25 06:30:00,1809.444536820454,1811.0324224964904,1802.5535632394128,1808.4620111174072,4328.043762599524
2025-07-25 06:45:00,1800.6998536957212,1802.8548669100662,1794.2989354073034,1794.7345194326565,6311.951985206079
2025-07-25 07:00:00,1790.3509564373815,1800.7381443330858,1789.4995986185643,1794.0345791541536,1763.3641702395619
2025-07-25 07:15:00,1800.6982528368353,1800.8942008607987,1792.697549606937,1801.4309590702428,4557.800886477563
2025-07-25 07:30:00,1809.0399230614657,1818.4586895804355,1810.8569857766804,1810.288936288272,5057.617531891326
2025-07-25 07:45:00,1820.125985766238,1819.2996513937412,1808.6974654777443,1812.5457942508774,1421.4999525886876
2025-07-25 08:00:00,1815.3256375454714,1818.8926259822654,1811.6572700646416,1812.633573859344,1241.9105107766948
2025-07-25 08:15:00,1806.8542949392474,1816.1347062998207,1803.837707987362,1810.4919062465883,4787.825725503731
2025-07-25 08:30:00,1808.7574430159086,1812.0850867011632,1802.8745278326355,1803.6271712557723,8689.598662856675
2025-07-25 08:45:00,1798.2484704158878,1804.3654802843375,1795.5224826417461,1797.2871570264335,668.4986889410313
2025-07-25 09:00:00,1801.8298446197405,1810.0359639186024,1801.694747478605,1806.414590935387,9429.254550649594
2025-07-25 09:15:00,1818.6831326206204,1819.4117756934688,1808.7437786596754,1810.521110130056,6637.175851270218
2025-07-25 09:30:00,1839.3786097526106,1844.9827791327039,1830.4844940281214,1833.9574442102225,9341.38260809142
2025-07-25 09:45:00,1859.2750179815241,1860.9481926186106,1848.9792095023643,1851.251887204215,9147.202571969492
2025-07-25 10:00:00,1848.3270010903454,1858.1571353159575,1847.6655519204314,1853.861703616062,1963.5146589581532
2025-07-25 10:15:00,1843.5606806241922,1848.1730323819747,1834.008500352164,1839.4286281133122,117.23959154253228
2025-07-25 10:30:00,1846.773514170639,1851.0461134178831,1839.085124491768,1841.5925886305668,1185.7075817383075
2025-07-25 10:45:00,1822.2665058125165,1830.7182258032285,1822.1546505750914,1823.5894362765666,151.7815546187934
2025-07-25 11:00:00,1825.3252463665992,1827.9936401561906,1814.0086338879485,1820.7596968000676,2786.514022289921
2025-07-25 11:15:00,1800.0992895303223,1807.7224625332785,1797.817818217696,1805.584241860456,8046.717451517961
2025-07-25 11:30:00,1791.7465663723935,1801.34708193258,1786.2174554950022,1791.3956537274253,2070.1901617857275
2025-07-25 11:45:00,1813.5620462783625,1815.8649846340613,1806.1282036058205,1818.189705667024,5945.91213549415
2025-07-25 12:00:00,1833.453964679401,1837.4549442348223,1823.6474584192981,1830.0436560788778,5613.605395768216
2025-07-25 12:15:00,1815.9671996002842,1823.0585208677003,1815.458710063413,1815.657142732879,3704.19988565833
2025-07-25 12:30:00,1831.5145456602818,1839.848516302913,1828.497141823994,1838.8747027671877,1358.179397525089
2025-07-25 12:45:00,1835.616043921183,1843.8135647541096,1832.8943751381107,1835.6076818882977,8983.941496022519
2025-07-25 13:00:00,1845.9767120177482,1854.0041345423292,1840.7715514690399,1847.927364030739,4894.886280821776
2025-07-25 13:15:00,1826.5828259515513,1833.209221838549,1819.6783694936075,1829.8361788891295,9469.131758515643
2025-07-25 13:30:00,1820.6604019854817,1830.0847189907295,1817.3273577413402,1818.3504555277018,4533.2408124530475
2025-07-25 13:45:00,1829.5231168144844,1828.943715020232,1819.8084548419117,1820.4203970501148,6025.796739163575
2025-07-25 14:00:00,1847.8710777324573,1857.4389119913092,1843.9346155159512,1846.2286237891876,630.6039756102592
2025-07-25 14:15:00,1839.163004686442,1846.5421802565786,1839.2533146190879,1837.6665777091373,6493.082275304172
2025-07-25 14:30:00,1841.0805607506784,1843.6951637828645,1833.3324049231137,1834.0429234557744,9291.43331116041
2025-07-25 14:45:00,1836.0137701476963,1841.2680260443544,1827.1498952399204,1835.6179909717855,3963.239547276811
2025-07-25 15:00:00,1830.6025856557155,1840.9824805896421,1828.0739034297146,1837.223648491829,463.66552579802425
2025-07-25 15:15:00,1848.548142478948,1852.8738463280524,1845.7792186518247,1853.6618518498396,406.68054247812654
2025-07-25 15:30:00,1849.1296689023065,1855.72393186963,1849.1479766129105,1849.7237849667895,2398.8803982569275
2025-07-25 15:45:00,1866.7215714834053,1873.8946497599725,1862.8741455956927,1865.1851280146982,7910.469616574881
2025-07-25 16:00:00,1871.1925715454306,1876.96821107044,1871.4543237337318,1872.1856865372,269.2659159231681
2025-07-25 16:15:00,1897.0925424794123,1898.233792547603,1888.559159850825,1894.7328111574486,5867.49513419044
2025-07-25 16:30:00,1877.349271566403,1882.3219133806394,1875.239542108394,1877.6944547739922,283.32137871374937
2025-07-25 16:45:00,1877.3808507390027,1876.852572142787,1869.4430592211118,1877.6197145645597,7640.232404492653
2025-07-25 17:00:00,1885.0001071542677,1885.4989633599992,1879.5933345345416,1882.1798180562198,7905.323603271179
2025-07-25 17:15:00,1891.8266120250119,1898.4413489765466,1888.0846380612861,1893.812505155439,6576.752576089422
2025-07-25 17:30:00,1893.4248481163518,1899.5895116353568,1891.3692313100946,1892.3842499509356,6409.776868800327
2025-07-25 17:45:00,1858.7753069564362,1863.6775098581659,1857.9106722652784,1856.9306956887824,3089.3600870059745
2025-07-25 18:00:00,1868.391499971323,1877.3348925757275,1867.1603028437642,1872.968056237109,9208.002727509767
2025-07-25 18:15:00,1860.7552416524557,1870.526492204147,1860.2349406573844,1860.9365430773196,9314.792027786585
2025-07-25 18:30:00,1867.0820017750534,1871.0713496224637,1860.6926487717362,1861.647701246533,4612.030990431552
2025-07-25 18:45:00,1858.6838664248198,1864.9558680900986,1855.663327377941,1863.1932180895776,9060.334516350998
2025-07-25 19:00:00,1871.1757308678532,1871.4912020495894,1862.5907107181176,1865.2863042353122,4844.012077352775
2025-07-25 19:15:00,1859.5114551953095,1867.4152015747745,1860.4041017112902,1864.4348237784816,7201.025697424504
2025-07-25 19:30:00,1857.159710549418,1856.3209241714894,1849.4441556887643,1857.9928225808608,9111.201921242462
2025-07-25 19:45:00,1848.9328781369732,1848.9583125450492,1838.2868212760272,1845.4388096160549,6961.79039216034
2025-07-25 20:00:00,1838.0013628641111,1840.1509762677786,1834.977945263623,1839.4755542075222,7931.318626608455
2025-07-25 20:15:00,1859.8160392655382,1862.1024030496799,1853.0741671156195,1861.0198319239835,8237.721154500645
2025-07-25 20:30:00,1871.5501991885496,1873.8691223673538,1862.4424575944304,1871.8442751393122,6958.9721905723345
2025-07-25 20:45:00,1881.1630348013719,1882.1652869277007,1872.6773425871338,1880.3631826850096,3842.2107074609607
2025-07-25 21:00:00,1858.926728851907,1864.5756174634557,1857.8695372283673,1857.351480682724,8268.300650636374
2025-07-25 21:15:00,1870.8086864875502,1876.7176204448424,1868.9082840872995,1873.1796984444657,4525.201918265727
2025-07-25 21:30:00,1853.5526666710914,1862.305315982704,1854.512904886105,1856.402239783857,6009.4003052505495
2025-07-25 21:45:00,1831.9833879709668,1829.743698818773,1820.197839505036,1828.0551607245543,1550.1668473351897
2025-07-25 22:00:00,1842.5136098741395,1841.9949304663385,1836.9636306759644,1834.784482097606,5802.368424048575
2025-07-25 22:15:00,1838.8680845885815,1848.2074033005636,1837.5332634125637,1843.3215146455923,9640.99991562602
2025-07-25 22:30:00,1848.0468802751786,1855.0558260339394,1846.2933524351695,1852.417603524818,7844.827261320793
2025-07-25 22:45:00,1861.8052972392497,1868.2004064566213,1855.3904477436752,1866.4763873445386,7345.511548781537
2025-07-25 23:00:00,1873.9070520945647,1879.731442391585,1867.0710760453826,1871.3084267511076,2918.5871126395223
2025-07-25 23:15:00,1850.3740503156555,1860.6069115638875,1850.6551070929909,1857.5346851614868,6190.827524527116
2025-07-25 23:30:00,1849.3324125415124,1857.6596384758639,1846.2579261655753,1851.8975522756532,1276.6818012106125
2025-07-25 23:45:00,1841.729843098258,1850.1650971661988,1840.8272451352127,1842.8439004453928,3480.4398536432527
2025-07-26 00:00:00,1863.761788076115,1864.2129957156176,1856.0285432661428,1859.302568070721,7758.63161961161
2025-07-26 00:15:00,1877.5395290031486,1875.9069370201696,1869.1659157380304,1869.0884132738652,6987.1254812612115
2025-07-26 00:30:00,1857.7980804349668,1861.6625814897643,1850.9307956889345,1861.4135350329484,4842.889085966304
2025-07-26 00:45:00,1874.569404520189,1875.1147513523545,1866.4043321092995,1871.5607242205579,3759.212752366199
2025-07-26 01:00:00,1866.2787702724079,1873.4884414235196,1862.3271088604592,1866.9207737530503,8513.677710782846
2025-07-26 01:15:00,1881.5966948329187,1881.2960812637143,1872.77437876091,1883.4974490465968,6753.919975903583
2025-07-26 01:30:00,1848.1009909883298,1856.2651455357332,1846.8487253806065,1854.227253562769,7457.265384319362
2025-07-26 01:45:00,1853.7468540880545,1859.4616980509168,1851.4182576606486,1860.0365336077018,9953.159573091989
2025-07-26 02:00:00,1860.3167653548617,1860.1468634666146,1848.9279470672536,1859.8992945248212,9437.152456737336
2025-07-26 02:15:00,1848.8611392207688,1858.2126500410106,1844.231903789795,1853.828066196878,217.63790062039064
2025-07-26 02:30:00,1862.760334365138,1865.7813455617963,1860.0122628021295,1864.3201719325532,9955.084035230102
2025-07-26 02:45:00,1886.6640870345868,1885.9840808535419,1877.703649218642,1884.4878403379007,8061.967469551241
2025-07-26 03:00:00,1882.5363907496549,1890.5191910411045,1882.7929452507506,1885.0871112982322,3047.777561391956
2025-07-26 03:15:00,1875.1295943813623,1885.0811615215803,1873.6001573318242,1873.0378069228047,8763.974714641516
2025-07-26 03:30:00,1877.293549749934,1886.971508424903,1872.7353360748864,1875.625847646493,3488.8183327524002
2025-07-26 03:45:00,1896.3434551676123,1897.8726250510792,1888.3079640324718,1898.052408206437,1805.4816314220996
2025-07-26 04:00:00,1891.1289731275886,1897.587936759884,1887.6902299727346,1894.2208742279242,9564.094206866364
2025-07-26 04:15:00,1866.5345537352046,1868.6857174274567,1855.6756203637424,1861.2826222732676,3095.065110574324
2025-07-26 04:30:00,1841.7260646014147,1843.6625807246453,1833.235252411502,1836.0368112966385,9131.45555921833
2025-07-26 04:45:00,1828.1647903842747,1830.1158512709978,1823.2452262637498,1831.0850273552114,6396.081527108802
2025-07-26 05:00:00,1839.7277277376168,1840.0316341743141,1832.5607044915325,1840.7370476313317,8423.269959679166
2025-07-26 05:15:00,1840.868241126483,1843.2713463267678,1833.1835959531563,1838.480892721415,7979.629827711037
2025-07-26 05:30:00,1815.889550341113,1824.1985632687679,1809.1583135632209,1813.9196986602215,5071.386099504869
2025-07-26 05:45:00,1822.0759229002765,1826.4078569562764,1819.298944373117,1824.8362743582707,4835.856398523156
2025-07-26 06:00:00,1793.6874206521538,1805.3222786909027,1791.09736644335,1800.66360276785,2235.161552983657
2025-07-26 06:15:00,1793.304654409858,1791.6269783821224,1784.267947677825,1790.527443500904,9580.92449013321
2025-07-26 06:30:00,1783.5981868802623,1784.025312002343,1775.2777487872488,1782.2483918947344,2889.0368839257094
2025-07-26 06:45:00,1784.7634901587112,1783.110633587184,1772.7554076225424,1782.735699119504,6197.871039929115
2025-07-26 07:00:00,1776.4914895027466,1779.8113622533463,1767.416574472184,1780.067576202512,1305.3631902565958
2025-07-26 07:15:00,1765.8336050766497,1774.3330333515405,1767.10721917348,1773.9530620316978,1270.5446064450766
2025-07-26 07:30:00,1783.0551377788997,1790.0575041134764,1781.6786904743576,1788.9086727952567,7139.067186230428
2025-07-26 07:45:00,1799.5457914138192,1804.710259160664,1793.7935110592227,1804.896171627048,9327.687968502616
2025-07-26 08:00:00,1804.5131802308692,1809.5456790598912,1798.3839908975672,1802.667138643386,5190.279797237946
2025-07-26 08:15:00,1800.7439834686147,1800.3906264427271,1791.6769428668877,1799.282913309462,5630.386732891858
2025-07-26 08:30:00,1779.6046619159226,1785.4314688749757,1772.836518585235,1776.0390131611643,2544.1238997392006
2025-07-26 08:45:00,1774.308097691498,1778.0334204428248,1769.951375123131,1775.203953793225,1920.8573493839847
2025-07-26 09:00:00,1756.3173931990189,1761.6208513699282,1750.2404321294568,1757.0332163903634,5986.160263569353
2025-07-26 09:15:00,1762.329012147247,1762.9332656231534,1754.7645822033246,1760.7617201645871,2391.55082169348
2025-07-26 09:30:00,1776.445183380522,1784.8054773546328,1770.2245612393888,1779.8229854304918,6078.771619650312
2025-07-26 09:45:00,1781.9341496996701,1787.3918919392847,1774.0953951609997,1779.737650060771,177.8040802651812
2025-07-26 10:00:00,1803.2151887121631,1807.390628210642,1797.3511233542515,1803.8963694740091,6216.291108656658
2025-07-26 10:15:00,1804.4127075180745,1811.8258219684028,1806.2055195961184,1810.7738305380697,7187.3605656715345
2025-07-26 10:30:00,1791.7756481003364,1802.3277978006272,1789.012448633144,1792.0845050520097,6517.824830128899
2025-07-26 10:45:00,1796.5562995399885,1800.638038912795,1789.5101533227034,1798.5856388384632,138.30019185510832
2025-07-26 11:00:00,1799.9234427419167,1805.8356698860546,1793.2346812470162,1798.1840291259603,6397.822354509782
2025-07-26 11:15:00,1819.0283481707324,1825.9352137403916,1815.8899353597112,1819.1660537236298,6112.598093504116
2025-07-26 11:30:00,1802.6624325175517,1811.1444566283678,1802.8746860926317,1804.9027602010472,5649.6597152427275
2025-07-26 11:45:00,1813.8730941144456,1821.9774164792175,1807.0405380690502,1810.4856757352638,5722.528689079919
2025-07-26 12:00:00,1832.570572692456,1831.4692318041627,1823.8168160774248,1831.234017977111,5545.484137736801
2025-07-26 12:15:00,1819.1440348304984,1821.4410906464157,1813.6421078562007,1820.197595940236,8814.398487689912
2025-07-26 12:30:00,1815.8299884657638,1818.0433175536841,1807.3001687152534,1811.680874497729,8138.946045447303
2025-07-26 12:45:00,1810.234707520898,1816.9614842140045,1807.6496363899653,1813.1416616286328,9102.598391880183
2025-07-26 13:00:00,1826.888745217978,1836.4632637335335,1827.1216410140573,1827.0531911824353,7779.7388371894995
2025-07-26 13:15:00,1825.712220414593,1834.7627429169074,1828.4321727550819,1827.47093782435,6291.16127952172
2025-07-26 13:30:00,1827.6718362160868,1832.7818526818155,1820.6544469013306,1828.093130543996,7967.43065993694
2025-07-26 13:45:00,1829.2854954559793,1836.7572123896723,1825.219834362629,1827.4938385472149,1024.1491233406723
2025-07-26 14:00:00,1816.548777411735,1818.8321954739374,1810.463745990793,1811.0104103457545,4809.543663415779
2025-07-26 14:15:00,1838.7095816485928,1840.5449867068696,1831.824636915615,1835.0691890012304,3003.5128816109523
2025-07-26 14:30:00,1836.4049156147673,1841.20622336599,1832.1255462597917,1836.9066419263268,7178.586574859916
2025-07-26 14:45:00,1855.9908834839264,1860.6608807820724,1851.6380184983086,1854.1976452182462,1669.1010044771467
2025-07-26 15:00:00,1869.4361431328857,1872.1717739351661,1862.1112886675683,1866.1552804160535,8877.853862816466
2025-07-26 15:15:00,1866.515514576868,1869.2380405621611,1856.6290568559573,1862.606505760642,8670.615691785895
2025-07-26 15:30:00,1837.7960860529279,1845.9111195951484,1835.6536752163422,1837.1247685091757,916.3112254252609
2025-07-26 15:45:00,1847.1468306875724,1847.856744446612,1838.0223207134586,1838.7776690410622,6836.3315218397
2025-07-26 16:00:00,1844.8930899655224,1856.2588833714753,1847.3237920726697,1847.8609610821024,8872.818669997278
2025-07-26 16:15:00,1825.1691297010025,1836.8364670462806,1821.9565005969937,1830.5078706938427,5551.108516190824
2025-07-26 16:30:00,1806.8354736799122,1810.2688965636826,1799.5385932615816,1806.362866209774,8000.729123083684
2025-07-26 16:45:00,1809.1002799944993,1816.954858434575,1804.6496499531502,1814.4610175758578,5958.506882322518
2025-07-26 17:00:00,1810.0737419162747,1808.637067008723,1802.4853000231415,1804.617565938777,9813.046072455005
2025-07-26 17:15:00,1806.5390596164518,1811.7461950961833,1806.777113002875,1813.8895830457502,9085.236408220011
2025-07-26 17:30:00,1818.0110740982711,1817.165678942999,1809.6227945664057,1813.0054331227182,6550.5745242338035
2025-07-26 17:45:00,1813.616127318542,1826.5904881035465,1813.432727878944,1816.0465182562175,1363.3187247803628
2025-07-26 18:00:00,1858.5556609670818,1860.4503644201454,1851.6213383727686,1853.0318209816603,5062.977566499401
2025-07-26 18:15:00,1854.5057076031096,1864.6932011203364,1854.6329265583424,1861.154204031581,599.8216300656212
2025-07-26 18:30:00,1825.9379185673092,1831.8116318952311,1823.1574222405884,1829.1796359131772,9640.322586399898
2025-07-26 18:45:00,1829.2925441178895,1840.1054424042882,1827.5477996078785,1837.5242427583275,8275.39752127908
2025-07-26 19:00:00,1811.4483593873301,1815.8071542425564,1803.2817625872544,1806.0245276354844,3625.3310150838993
2025-07-26 19:15:00,1795.845853414822,1798.1722493249567,1789.3955123012215,1793.514266620305,331.09192818519296
2025-07-26 19:30:00,1786.1041655921708,1792.3587276773324,1783.2244180485702,1793.6009003237964,6102.0678873746465
2025-07-26 19:45:00,1773.5318810895953,1775.076275765691,1761.3286654702076,1763.9137978770054,807.6527399762085
2025-07-26 20:00:00,1747.9533383044122,1756.5918482007767,1744.665675210949,1750.480714076956,6650.574488647614
2025-07-26 20:15:00,1743.950991053234,1749.8802389312013,1737.7281354348813,1744.1874285774438,4760.291886407975
2025-07-26 20:30:00,1749.7408663526041,1754.5674175054169,1746.6925493012575,1753.4048338244029,6089.601776691308
2025-07-26 20:45:00,1749.3570794160853,1749.7280207818153,1738.424739152813,1745.388238991758,6120.974021021554
2025-07-26 21:00:00,1737.6432629173828,1735.4371503573846,1725.871755738647,1736.2822755692903,7254.248398846298
2025-07-26 21:15:00,1704.6668614460013,1711.467839230084,1705.7783376102827,1709.923623468095,4942.2905068689015
2025-07-26 21:30:00,1695.2285230000987,1702.9329991655882,1693.7891453491857,1702.3229146497677,7125.9937314351255
2025-07-26 21:45:00,1698.2346475396464,1706.77282542777,1697.1190475126714,1704.734387727221,4560.701038914249
2025-07-26 22:00:00,1705.3926121350798,1712.3988919468707,1703.4635957142739,1713.4789134207979,905.4316203253767
2025-07-26 22:15:00,1716.6843354566925,1722.1912247040734,1713.1290092949337,1719.5098719228047,8558.568439094908
2025-07-26 22:30:00,1705.6421798620136,1708.2306159762318,1695.0543119010606,1706.5955896773926,5589.791044476843
2025-07-26 22:45:00,1695.038751082117,1701.0909046778404,1689.6631899293416,1690.0199482715843,3520.041451588601
2025-07-26 23:00:00,1693.3070759693958,1693.3435062417252,1685.87553297218,1683.5279090252068,2915.040539090218
2025-07-26 23:15:00,1687.7230414006033,1696.2127824392035,1688.0773983810182,1689.6574381398543,8153.428726860566
2025-07-26 23:30:00,1687.8757157357684,1692.72450004759,1678.1694096692086,1680.9568758176733,3353.6509208771554
2025-07-26 23:45:00,1681.2942580568665,1683.5663753785695,1672.7582344878524,1681.0721707355913,5254.939438429788
2025-07-27 00:00:00,1661.795973819532,1666.6377884396393,1657.7406651534955,1658.975288527117,2171.9564063269318
2025-07-27 00:15:00,1681.4491416195367,1684.3954091734834,1671.0311971018684,1681.9710066935418,6749.5197221731805
2025-07-27 00:30:00,1646.1883444707546,1654.1954217827918,1644.0053213977365,1644.9089834996582,5141.426239156441
2025-07-27 00:45:00,1635.7851649533902,1642.9693613144889,1632.649666495198,1638.8933939006167,643.4865118717281
2025-07-27 01:00:00,1654.4979888226833,1654.8382936254477,1644.6281533932788,1647.4912816603046,4041.6502204282137
2025-07-27 01:15:00,1660.350860617814,1665.6504050559122,1655.2592736486038,1661.4299184075678,6492.365348714411
2025-07-27 01:30:00,1661.9105284438126,1665.3888378119593,1653.2051011698165,1659.328441865526,2485.9492619921803
2025-07-27 01:45:00,1653.8378912493163,1660.6688010580206,1653.6988644212731,1662.1651832532389,8165.825691246332
2025-07-27 02:00:00,1638.935560359321,1648.6817289436556,1638.3333816232039,1642.0174206741822,8466.246804268763
2025-07-27 02:15:00,1661.67083150454,1666.9296217331541,1661.0573812382652,1663.2269340611354,1397.1944458408373
2025-07-27 02:30:00,1651.397313201447,1655.3231237713724,1643.1825047378525,1654.2379015491101,7303.451199465186
2025-07-27 02:45:00,1652.6316001910857,1656.8019959564592,1646.9133088743326,1647.2388490518445,5027.425643794955
2025-07-27 03:00:00,1646.082286904248,1653.702916551339,1642.5964225827206,1649.2015057103345,7545.426696192781
2025-07-27 03:15:00,1639.064700676071,1643.2631295981362,1634.504435433818,1636.4997349841574,838.1006005957339
2025-07-27 03:30:00,1637.5623491134643,1644.0388696153523,1635.9961542928631,1638.103662873096,987.6537569658523
2025-07-27 03:45:00,1628.58014388638,1638.9224861189407,1629.3624147643359,1637.893950697103,3509.9963613027853
2025-07-27 04:00:00,1610.9211485372207,1620.5767827730826,1607.4907334117083,1614.5064325464505,6432.478251673176
2025-07-27 04:15:00,1616.5824328360975,1625.3864896737803,1610.0246621287467,1618.847823706707,9203.789241507377
2025-07-27 04:30:00,1614.6480383045127,1613.654345797823,1603.557703725118,1613.9326686857894,6498.792329050495
2025-07-27 04:45:00,1589.729476591147,1599.8930835869155,1584.6212251016063,1594.2405792709899,5275.785805611186
2025-07-27 05:00:00,1587.078555163413,1589.700550956331,1580.3844720874645,1590.9269923391528,4306.758675384597
2025-07-27 05:15:00,1559.5932362473263,1565.350929162063,1554.113242048756,1566.315029264769,7182.020289152939
2025-07-27 05:30:00,1546.4865664798178,1553.1496295272198,1546.2014148345322,1550.8833107853795,4983.578424409969
2025-07-27 05:45:00,1530.527905923398,1534.175707738052,1522.4994216297205,1525.4598974559356,4708.54325023309
2025-07-27 06:00:00,1524.9494327474342,1528.8855824510117,1521.1544050425518,1524.1345038492123,2045.6337486230527
2025-07-27 06:15:00,1493.486653448112,1500.893530574555,1492.511754626493,1495.174907484493,2717.299046444946
2025-07-27 06:30:00,1483.1537478859193,1492.3824451199266,1484.2163830908528,1483.2156414124688,2043.4540723240948
2025-07-27 06:45:00,1473.996671949343,1482.9139287504752,1470.2743041945175,1473.6891733801133,9325.464534615448
2025-07-27 07:00:00,1461.0581019395393,1460.9311325199426,1449.7380225155032,1460.314506083413,2854.364214680377
2025-07-27 07:15:00,1457.223015102233,1462.3635475748974,1451.917266649956,1457.225009002411,6868.494457299356
2025-07-27 07:30:00,1450.016065386576,1451.6742958004586,1442.5811901031004,1450.0818772463256,8572.686233788181
2025-07-27 07:45:00,1436.1493470714827,1446.0242508635847,1433.2547982401818,1441.9120606300141,1050.8162949079144
2025-07-27 08:00:00,1467.1183026814535,1471.1904364097659,1460.2330269240988,1467.8126528848122,1201.3945874771841
2025-07-27 08:15:00,1453.4231987598348,1458.3521168540296,1449.092151150622,1453.7548712934883,4284.475114917523
2025-07-27 08:30:00,1449.1184677420765,1456.337099817659,1449.5623207883577,1455.4178146631596,4245.257404757301
2025-07-27 08:45:00,1441.9774191218953,1449.490483812387,1440.2760055759024,1442.0718313238485,6619.021030422717
2025-07-27 09:00:00,1449.2318566295048,1452.69457895407,1443.882421043011,1454.5212100997483,3214.19052165996
2025-07-27 09:15:00,1447.8583209401886,1457.1195323086122,1447.1319800736374,1453.4223810522114,9163.990703804628
2025-07-27 09:30:00,1474.678815675578,1477.5354347841537,1467.6273875456848,1471.50441695084,9371.494661402905
2025-07-27 09:45:00,1466.2380953114819,1469.1713579712512,1463.475674205782,1462.562237082857,4501.532587864536
2025-07-27 10:00:00,1456.3994626371136,1461.6759479855066,1456.0935879944323,1454.2910619920265,8224.537339987652
2025-07-27 10:15:00,1414.327016868769,1421.4073967421134,1410.8510838548473,1410.7042629771784,420.486762580543
2025-07-27 10:30:00,1427.6742494717448,1430.8241195273063,1426.4773227230783,1424.6497274829646,650.1685971879101
2025-07-27 10:45:00,1436.1850765032602,1444.1498945008307,1432.0511288218609,1436.2564696119334,1680.8838147336248
2025-07-27 11:00:00,1452.0808668911995,1455.7518204500673,1447.5502562926781,1451.729725762067,8367.463977017593
2025-07-27 11:15:00,1423.698501197578,1430.8431092959568,1418.15369744971,1424.6181660147836,863.0748208647527
2025-07-27 11:30:00,1440.4962294043935,1444.1866699630425,1433.9983957528302,1436.5709335861063,1781.6272534034808
2025-07-27 11:45:00,1419.5532827322197,1427.0321050765388,1415.4628930426434,1422.9133642848767,3659.356039705597
2025-07-27 12:00:00,1441.4921622113848,1444.0556485772372,1437.5304562866518,1438.4271880226306,4104.721295986035
2025-07-27 12:15:00,1431.993894255495,1438.9992368385233,1432.0066397478522,1438.4923151685048,6415.208063328729
2025-07-27 12:30:00,1443.6922675512285,1452.750856796917,1442.6643230477625,1449.0825772125415,161.40699765460732
2025-07-27 12:45:00,1452.9518632363995,1460.8051741832392,1453.9611703846565,1461.440788575492,9470.234647714109
2025-07-27 13:00:00,1438.5484085010773,1447.6224564975023,1434.7731976587554,1437.0266531874752,5601.581941415149
2025-07-27 13:15:00,1450.3061942132474,1450.7933491858828,1439.5860131087081,1448.8798693840204,8673.901124498445
2025-07-27 13:30:00,1448.3096008600958,1452.1455865289233,1443.7033840887282,1453.0892232468182,4578.667740158763
2025-07-27 13:45:00,1469.0468140052296,1478.2346011056964,1467.4057289670673,1473.6875610248526,5850.219759721206
2025-07-27 14:00:00,1467.593977041507,1479.802370509957,1468.3458234379855,1470.4179937088775,9040.718681858056
2025-07-27 14:15:00,1454.1994135919467,1462.391882488759,1452.8448698288391,1454.191647447589,9676.287580187944
2025-07-27 14:30:00,1455.964214355215,1465.921543821464,1456.107529353596,1465.7921367053725,6500.721127974329
2025-07-27 14:45:00,1449.8658705217772,1460.1231269286388,1449.7381373508601,1458.1134374004232,6361.1973875187605
2025-07-27 15:00:00,1475.1082309917103,1477.8906477670816,1469.1059193206327,1477.608918883278,4521.510393466648
2025-07-27 15:15:00,1467.9487229916665,1474.608009422915,1464.874628621495,1464.84133430926,4733.197146819532
2025-07-27 15:30:00,1456.6356841554273,1455.9764855439844,1444.8818246628673,1449.860318253601,6534.925006107016
2025-07-27 15:45:00,1442.1470512769563,1449.591219924952,1436.5078617365596,1446.3674440984867,5817.453969600271
2025-07-27 16:00:00,1430.5326839602906,1434.8608113199277,1425.2021360489657,1425.991044968995,9403.542767192612
2025-07-27 16:15:00,1412.5453487792988,1413.5440657201048,1403.607743663351,1414.0487341692453,3866.0471814094626
2025-07-27 16:30:00,1406.7136438771377,1410.899775623447,1399.4940262024832,1404.5022320218354,2321.710191073095
2025-07-27 16:45:00,1415.064939263554,1420.8229110731638,1408.504938894185,1413.2090930053614,8730.403455600155
2025-07-27 17:00:00,1405.353397145909,1408.0860066128369,1398.3898969855138,1403.3182290916757,9525.265806554415
2025-07-27 17:15:00,1407.608067947191,1409.3354697724164,1398.4634970437005,1402.3219163562114,921.1318737251456
2025-07-27 17:30:00,1408.5696827660997,1411.1271950562034,1400.4847862136173,1405.30965782154,3852.3416453299806
2025-07-27 17:45:00,1416.6604416508944,1417.7105798262296,1409.372509232957,1416.5277939253651,2860.3440116644674
2025-07-27 18:00:00,1392.7013053303178,1393.7044456147864,1387.039191397293,1391.6806181683355,8111.508703717474
2025-07-27 18:15:00,1388.008075203131,1393.3365426214982,1384.9967808138927,1387.2573200804445,7282.965779971364
2025-07-27 18:30:00,1387.298879817014,1395.558486473827,1385.1628090203658,1384.7371238560618,9420.94290528791
2025-07-27 18:45:00,1375.9315269960568,1376.8430068270134,1370.1252918053888,1376.2737544714685,5632.165371068977
2025-07-27 19:00:00,1391.8745205893874,1398.5440819963408,1388.2478355140724,1398.4407346385713,8268.122932181232
2025-07-27 19:15:00,1389.927680731518,1391.353008733463,1385.8309183452318,1391.7325066023182,5605.368977775405
2025-07-27 19:30:00,1396.2169198319584,1398.667828488115,1390.2801259959176,1397.6973457294653,4094.2261139085053
2025-07-27 19:45:00,1391.7840961570876,1394.00135132642,1385.84972384017,1391.0731191021857,4935.525329406439
2025-07-27 20:00:00,1402.4967606445844,1405.2409444867214,1394.149373764599,1393.5936168466042,5811.455583552335
2025-07-27 20:15:00,1392.1086040824637,1398.0135500272725,1384.7117128983962,1388.919635411735,8035.1643413456395
2025-07-27 20:30:00,1368.1503883738737,1373.2656085134515,1364.649292351027,1371.250945218835,6916.5456075737675
2025-07-27 20:45:00,1367.0738445892305,1368.8326450845661,1358.9291530941011,1366.5352553526288,9492.477702416423
2025-07-27 21:00:00,1365.24037649363,1373.065197208135,1361.564062203142,1363.0241280094633,9893.407907185567
2025-07-27 21:15:00,1369.6615700581249,1376.688690366991,1368.610267224765,1371.1262529045016,1091.0875056837933
2025-07-27 21:30:00,1398.3499717200095,1401.5069547740893,1389.265244629936,1392.997091004112,186.86763506497354
2025-07-27 21:45:00,1407.68007985662,1410.9059813750066,1398.7941098535223,1406.0832212899747,8890.76245241244
2025-07-27 22:00:00,1389.7545896444788,1397.147930818848,1385.3452390299842,1393.6261747140104,1627.7127020439457
2025-07-27 22:15:00,1406.231498421663,1413.552714628299,1406.8147242475197,1412.229720867097,1426.187388838723
2025-07-27 22:30:00,1424.7184632301949,1431.2404221716765,1421.8386066106775,1423.9081824932907,4602.92134438793
2025-07-27 22:45:00,1419.6619606644867,1424.7903451402517,1409.052789538606,1413.3396807312483,1139.5586097409807
2025-07-27 23:00:00,1416.721478040855,1420.5708411051896,1411.536896874417,1412.0002081318482,4780.522359562035
2025-07-27 23:15:00,1406.172963892422,1407.1816360563453,1400.3326061908447,1402.8840853830839,299.3765603889713
2025-07-27 23:30:00,1380.9493956826745,1391.7407250819372,1381.6243793359358,1386.8152781814651,7169.400623910943
2025-07-27 23:45:00,1354.7934401387536,1356.6752243808496,1351.4683859204902,1357.125894554712,6979.152257379348
2025-07-28 00:00:00,1368.9049545888033,1374.6468532644774,1363.1401309421635,1370.3627973980063,7547.697240566225
2025-07-28 00:15:00,1392.5522630447695,1393.8095263175478,1384.083650943997,1390.7815734824871,698.1236942958143
2025-07-28 00:30:00,1382.733006116047,1390.3277206561231,1381.0563801367778,1388.2093185115768,2406.104476334386
2025-07-28 00:45:00,1383.4786485304166,1387.61103096193,1380.9654200091713,1382.2613936027553,5132.349920582216
2025-07-28 01:00:00,1356.0911175711237,1361.2405910124987,1349.4994435294827,1351.0490512688211,841.8024410925605
2025-07-28 01:15:00,1352.730875616838,1362.0558041252145,1350.7722302021148,1353.614292881465,2506.512147775441
2025-07-28 01:30:00,1360.4255471182105,1366.6549389502711,1353.25815449682,1363.1673448314618,7852.695712891977
2025-07-28 01:45:00,1355.6183759237438,1358.8989738341609,1346.7088845880849,1351.3264898532675,2797.6808915480233
2025-07-28 02:00:00,1347.845451962832,1358.3591790401194,1345.4115773830551,1355.7277008760152,9352.490257082858
2025-07-28 02:15:00,1345.2768897244532,1351.0258873685796,1343.025687174122,1348.55065211468,4603.370732409958
2025-07-28 02:30:00,1331.4333260504898,1338.190949009444,1328.3898852027469,1329.7823625125013,1403.7710747314609
2025-07-28 02:45:00,1330.870121831206,1340.207141988587,1331.8801310759918,1332.9116901614127,2220.2503238912254
2025-07-28 03:00:00,1317.8113100643084,1324.1174124209333,1310.8088064190704,1320.4073535153962,8785.534009625098
2025-07-28 03:15:00,1317.172139448103,1324.594878881724,1312.2785976268965,1317.0177798564455,1160.7746765345428
2025-07-28 03:30:00,1340.163167704646,1346.6512907287079,1338.4045873257917,1346.2777730829287,2651.2173474789697
2025-07-28 03:45:00,1325.9291004005652,1330.2461503300888,1321.4982300112129,1324.0572079989079,3237.005885447931
2025-07-28 04:00:00,1326.432973794535,1330.448934561443,1321.8459104018082,1330.0289892598137,3707.10707382227
2025-07-28 04:15:00,1331.0043950964389,1333.6787089943168,1322.0945583755874,1326.9980890811005,3618.952893687987
2025-07-28 04:30:00,1323.3429562205135,1326.8724730723793,1317.3586803629826,1323.3969247658506,7669.504623238074
2025-07-28 04:45:00,1340.9260568853924,1341.532620141549,1330.0216637679614,1337.179764549276,4154.670698716269
2025-07-28 05:00:00,1331.9504937346014,1337.6453680203933,1326.2611435447598,1330.047480193216,8394.507936028553
2025-07-28 05:15:00,1349.92493609807,1347.785751120122,1338.7587562358012,1343.4162082064488,9238.955220408377
2025-07-28 05:30:00,1346.561919865529,1353.3360673391815,1344.1796347161267,1346.6352244135958,4167.976560220181
2025-07-28 05:45:00,1347.3741039491063,1354.1345858675452,1342.2059974808396,1351.5156542637128,5995.138512635078
2025-07-28 06:00:00,1327.8401784813495,1338.1642013807448,1324.3285622364708,1334.9275341944096,6432.495527143573
2025-07-28 06:15:00,1316.7864036064977,1320.2768223810922,1308.8241494080614,1320.1082566363173,5665.965256999557
2025-07-28 06:30:00,1319.0138781317014,1321.997417079751,1309.8224706281255,1313.7759975940419,3731.278371999773
2025-07-28 06:45:00,1306.4000872726142,1309.4099077267017,1302.1929006199414,1305.8073595829849,1470.4807527448709
2025-07-28 07:00:00,1298.6931768000065,1303.5597903679243,1294.8427329982574,1293.9693514212408,3332.508100047012
2025-07-28 07:15:00,1313.3725093748624,1324.8294566805898,1314.259358984968,1320.0780638465983,4630.940214274419
2025-07-28 07:30:00,1329.3939811583193,1341.226800306985,1330.340216679365,1338.4668052367983,258.80739430101244
2025-07-28 07:45:00,1313.9952596497906,1320.763867128958,1312.2169288717168,1321.4228554604094,1087.3960284132527
2025-07-28 08:00:00,1340.2872895910264,1341.2389941920865,1333.9072434436932,1336.6731331560973,337.6840240363955
2025-07-28 08:15:00,1339.1993108446761,1344.533070453809,1330.006575183427,1338.4137997168227,4757.452064240435
2025-07-28 08:30:00,1318.562851417305,1327.860965794728,1318.545725086352,1321.4262161555582,2553.6821853229417
2025-07-28 08:45:00,1332.5442445479746,1344.3217575965302,1332.7756334067394,1339.4464208601055,1889.60661340871
2025-07-28 09:00:00,1337.5277109989984,1347.7413376785246,1337.35540724709,1338.9811699971583,9680.174987522732
2025-07-28 09:15:00,1340.1637761487395,1348.5345728354578,1337.771142859761,1338.9973493061334,4240.143576601342
2025-07-28 09:30:00,1346.9791095652552,1350.1691762237256,1340.4149792439707,1346.1538911462533,1997.393037156143
2025-07-28 09:45:00,1336.4249378131558,1341.1021932806173,1330.456879831479,1330.7113332460249,5162.8671311976495
2025-07-28 10:00:00,1332.5964027465382,1342.2973261209872,1330.9293758970316,1332.3923056867154,7939.556403042059
2025-07-28 10:15:00,1311.4937153107817,1321.2478737418774,1310.0237853822723,1314.7911564156932,1057.5909340737458
2025-07-28 10:30:00,1309.0020422056598,1310.5408333701707,1301.0328277168878,1303.4053951008007,998.3275294911383
2025-07-28 10:45:00,1320.5259254693235,1324.8882849495865,1316.7016900669184,1327.5548613352069,7061.502386515624
2025-07-28 11:00:00,1336.5862640322575,1338.3207482122393,1325.7450097790527,1330.247619573715,3201.5962276146656
2025-07-28 11:15:00,1343.619938501733,1343.8732785148736,1336.762936456655,1336.8529643749373,1844.207792346431
2025-07-28 11:30:00,1355.3114602480148,1359.6372636527315,1348.415266251396,1352.3916586424948,3335.3743055090217
2025-07-28 11:45:00,1381.797330473011,1385.6551046240747,1372.8126248780243,1381.2438454995893,509.3462569654204
2025-07-28 12:00:00,1357.6559756027666,1363.6452138976938,1352.0055827087817,1355.2983236484408,4222.178044540819
2025-07-28 12:15:00,1355.4386805137458,1358.2243367117394,1346.3116303318686,1354.791133456105,9889.261510374312
2025-07-28 12:30:00,1356.0519348551074,1356.7177437733867,1351.849226571657,1349.2256192607472,9300.906430151517
2025-07-28 12:45:00,1363.1979752723444,1373.6156832802333,1358.5083257272627,1363.8703700107678,8945.695731762082
2025-07-28 13:00:00,1380.8917058606605,1385.3755343851594,1373.8131174919909,1376.5284191643252,5515.958432942593
2025-07-28 13:15:00,1359.2153560734857,1362.8622023553453,1351.946294375662,1354.2319755197693,1631.652728903562
2025-07-28 13:30:00,1358.4131712659694,1359.8461369168642,1350.3601734459348,1354.519347041686,8118.539873374675
2025-07-28 13:45:00,1346.0950694523892,1348.9473436835515,1340.5761925083336,1343.513687844757,2687.5293568403717
2025-07-28 14:00:00,1349.2730396940615,1353.6141918460364,1346.3214136874963,1348.8429247716203,4138.046091984176
2025-07-28 14:15:00,1366.3120561558962,1369.1737544612179,1360.2184253711052,1368.792753400859,1408.3246329031988
2025-07-28 14:30:00,1349.6191960885737,1358.4479632451526,1349.9394544298866,1353.065505932931,9125.20046209034
2025-07-28 14:45:00,1368.2990704836277,1377.31613818362,1368.0800903247357,1370.3716129875302,1298.133546736655
2025-07-28 15:00:00,1418.9455149945315,1423.3310193617926,1411.981009713634,1414.5972016336075,1574.281165917873
2025-07-28 15:15:00,1402.4574050231395,1404.1337923342046,1392.0536914594425,1395.7975379279533,7300.592812311989
2025-07-28 15:30:00,1417.6952002541545,1420.455978474299,1410.4067671291118,1420.2750063397639,1850.5701806662646
2025-07-28 15:45:00,1416.7463800281664,1418.4650350829581,1407.284580191128,1414.541881046055,1110.0727355405627
2025-07-28 16:00:00,1404.83303457044,1412.4246506532427,1400.179923028987,1410.9981459195371,3180.9960575917157
2025-07-28 16:15:00,1401.573676278244,1409.6774490622545,1399.7437033363767,1405.08221913808,1000.351977118429
2025-07-28 16:30:00,1399.1199315308002,1399.4281156703462,1391.7500266743928,1398.7586892818426,306.32254787964087
2025-07-28 16:45:00,1419.5974891508733,1419.4007075987217,1410.704506203521,1413.568283541853,2670.6703513117536
2025-07-28 17:00:00,1391.5451923529276,1401.1763301444926,1388.2949060366536,1396.9544978138533,9375.898054497704
2025-07-28 17:15:00,1422.9852465699214,1425.8237849177892,1414.5473255747331,1413.6257544943703,3850.2777007940995
2025-07-28 17:30:00,1436.2867812255545,1441.9333834713327,1432.3822049353494,1436.4793403270787,1886.4902052867862
2025-07-28 17:45:00,1456.422102199791,1454.2660271581935,1446.7793415837361,1447.8462883725897,5489.270493187303
2025-07-28 18:00:00,1444.801960538374,1448.2892348711728,1439.6475561139084,1444.6063187645138,1899.5912750762195
2025-07-28 18:15:00,1460.5048128618246,1464.7860394177267,1456.1202611314282,1460.824877738945,2472.3089211056636
2025-07-28 18:30:00,1421.2736786997248,1425.315241518362,1415.2432244450522,1423.9830107190974,9269.835791075238
2025-07-28 18:45:00,1423.3788482120603,1427.056404908097,1416.5767265803254,1422.0484626661923,5564.064518911458
2025-07-28 19:00:00,1407.2578320368805,1417.8282120250817,1408.4277960425904,1414.500749340628,5856.492435292154
2025-07-28 19:15:00,1439.2479401368362,1447.5144213028095,1436.3223418348653,1441.418351948749,8665.098321926602
2025-07-28 19:30:00,1429.5912485680215,1433.054605428728,1421.8284462879149,1434.355121755891,7161.514242992851
2025-07-28 19:45:00,1403.6464786135039,1413.0388413144306,1403.3617699487736,1408.6102082162693,5433.504009931379
2025-07-28 20:00:00,1419.7870573818054,1426.6486420141953,1418.7468327376794,1419.3682034480669,9698.194389096849
2025-07-28 20:15:00,1412.1661167483148,1417.8990782521305,1406.8923743267067,1408.4622011897561,8352.806738225765
2025-07-28 20:30:00,1435.6150861903393,1441.039399514657,1432.8860422796363,1440.390005375131,5956.832115721033
2025-07-28 20:45:00,1452.778769921413,1462.8691652004584,1448.6526877942638,1454.284372665213,5113.984530738362
2025-07-28 21:00:00,1441.4388905851229,1443.5789362864639,1435.9480519842673,1434.2407205899392,4241.816153949168
2025-07-28 21:15:00,1430.3391249847186,1431.4788280510102,1418.1443107815808,1424.1403884227689,8117.457858553756
2025-07-28 21:30:00,1417.067929879326,1415.7705865417133,1410.2463329595453,1415.6145438331387,8084.984520022844
2025-07-28 21:45:00,1425.2124358183423,1428.91532214951,1419.2587587431706,1424.516410296729,1454.306129429276
2025-07-28 22:00:00,1416.2370859604175,1418.2975266150872,1408.538746396704,1416.8088799355182,9225.335137743334
2025-07-28 22:15:00,1424.8153776086572,1430.3554082696357,1419.3368312894681,1425.6580240568114,3035.801689156839
2025-07-28 22:30:00,1434.236675408294,1441.5661084929516,1433.7560103411931,1441.2385331972928,8993.856498963292
2025-07-28 22:45:00,1425.4613986401114,1428.9587636957187,1419.6368654521193,1424.551580951916,3298.8395918677584
2025-07-28 23:00:00,1442.0394769031122,1444.7836265674457,1436.351852388299,1435.7367762175725,6529.773762313701
2025-07-28 23:15:00,1436.2769112068333,1435.147768659421,1427.1701725783473,1428.3995268714334,5344.712498660139
2025-07-28 23:30:00,1427.3416151899953,1434.5094050624878,1424.9250345679643,1436.770840809422,6019.128968196634
2025-07-28 23:45:00,1440.098927248326,1446.5483135621264,1436.5512681885198,1439.3281269961583,3996.682477924107
2025-07-29 00:00:00,1450.5537008056394,1452.5002643560442,1439.3468537204465,1444.6703486690512,7459.003445338296
2025-07-29 00:15:00,1457.6643839621654,1468.3853287342467,1454.1401376063225,1465.6407721281782,4301.862788950586
2025-07-29 00:30:00,1475.7388138479955,1474.7890969363757,1466.388253496099,1475.483081314244,8983.720073078737
2025-07-29 00:45:00,1469.2776979636246,1470.7116921422648,1460.0015836675866,1466.8658690091224,5880.9611750689555
2025-07-29 01:00:00,1482.0535373861267,1485.5096142995524,1474.8219983149284,1481.8337398936908,9059.016976602146
2025-07-29 01:15:00,1465.7815663689669,1466.0581373850655,1459.9060110492235,1462.6835466697912,884.9423624592213
2025-07-29 01:30:00,1450.4749337954058,1459.6785893631582,1450.6288332609952,1458.1461068227247,5836.3978125950935
2025-07-29 01:45:00,1470.7656142316328,1478.1720373901296,1469.1037304182091,1468.363194954093,3408.8250636198136
2025-07-29 02:00:00,1486.8962611292827,1490.661397065664,1480.720866399507,1481.3732392994789,3034.0321101981554
2025-07-29 02:15:00,1481.0644352791833,1491.5774879342287,1477.6507009190116,1490.146493464289,4104.17114828121
2025-07-29 02:30:00,1469.337483217257,1479.9679051522653,1469.962331750502,1469.6219543439113,991.2482065973304
2025-07-29 02:45:00,1481.0259337756813,1487.1039014447133,1478.0783700118889,1482.4468291907765,3194.0174720789596
2025-07-29 03:00:00,1497.403640554263,1499.2839840146796,1487.608719281341,1497.850713785425,361.68635892425266
2025-07-29 03:15:00,1494.6673162648665,1500.6891604717994,1492.0595721675152,1496.556047764663,2019.130817357118
2025-07-29 03:30:00,1484.759036353319,1494.8067670183332,1485.6029810784812,1484.5418902271792,836.5513908127158
2025-07-29 03:45:00,1502.4496848291435,1511.032223591484,1497.5035346310292,1506.3305462251938,6215.265186080065
2025-07-29 04:00:00,1487.5671123747377,1493.8001251841774,1478.8691234159696,1483.5565879067847,1398.3001310477116
2025-07-29 04:15:00,1491.9383701886566,1496.2482964660799,1482.6060944073427,1488.0503675305533,1668.8059075003068
2025-07-29 04:30:00,1456.0546186472613,1460.1294727230602,1454.339276900655,1453.131945080672,2425.8033376330673
2025-07-29 04:45:00,1435.6243942575436,1438.7100675318468,1430.5802945005757,1438.8902042244724,1433.4320253649769
2025-07-29 05:00:00,1439.646403278431,1441.2022259088944,1426.8571840740096,1435.7827456532507,2265.30608278338
2025-07-29 05:15:00,1445.2803268841426,1447.1490060383233,1434.018833462377,1444.5341280431855,5046.168076843018
2025-07-29 05:30:00,1449.3468873892982,1454.025486434593,1445.2244549886418,1448.796359783506,5425.079021554893
2025-07-29 05:45:00,1455.7610473224017,1464.235344539976,1456.0919449175449,1461.3965254566453,2528.8645947222662
2025-07-29 06:00:00,1468.2403431122896,1472.7900586735373,1461.3019574835332,1463.0602188907992,1963.7090763462306
2025-07-29 06:15:00,1479.0763050955463,1483.3078670202756,1470.577100181447,1481.2054530670982,3880.2048121531698
2025-07-29 06:30:00,1467.3360473603054,1478.387073951909,1465.6808266104695,1472.450634320574,204.7407872604153
2025-07-29 06:45:00,1468.8203068297512,1476.381602352383,1469.351210106448,1468.8069974314437,9725.09413552191
2025-07-29 07:00:00,1466.4626121477393,1475.1542359374675,1467.1376403761699,1474.541135081176,8031.34991744918
2025-07-29 07:15:00,1464.4207991236622,1464.312949490533,1457.5810215701265,1458.1256170408963,5193.064795298255
2025-07-29 07:30:00,1457.0993273880288,1458.1983860649082,1450.9886241630556,1451.3835950562022,5260.607161578035
2025-07-29 07:45:00,1416.7180835554432,1421.9271316056781,1417.3763207577465,1419.8662750006947,2734.2654730819727
2025-07-29 08:00:00,1431.020769009956,1440.6022851722378,1427.8461843532443,1433.768674156301,6988.4051184315995
2025-07-29 08:15:00,1438.7239788665727,1448.4781032012656,1435.367740341077,1442.631483411163,6247.279974918328
2025-07-29 08:30:00,1444.6650820120753,1454.403789188002,1441.894565742015,1450.3032118343463,3764.7548519215984
2025-07-29 08:45:00,1441.5728445266122,1442.4425193751583,1433.0577264237388,1436.6588974111557,8970.646603592108
2025-07-29 09:00:00,1440.6668202900994,1446.4674298829552,1439.3988310487089,1440.8049736798396,6482.374224890737
2025-07-29 09:15:00,1442.302387196126,1448.4918687768313,1437.7703648271488,1448.2874985034596,5447.1849913186215
2025-07-29 09:30:00,1439.5857775042587,1438.9669516300364,1432.963771150935,1432.637060687898,8455.885014044788
2025-07-29 09:45:00,1442.5440942709306,1450.021344638282,1441.8062743577923,1443.9296106201452,3033.6512948094696
2025-07-29 10:00:00,1447.9281768990904,1448.927696968866,1442.0657816941368,1443.3711648224012,834.8716237430332
2025-07-29 10:15:00,1424.1224888331456,1430.0696541505351,1425.0831307289895,1427.6353750254602,6256.3653195250945
2025-07-29 10:30:00,1442.514510674069,1445.575501160706,1437.4373388348492,1445.5146949377752,9094.663387002885
2025-07-29 10:45:00,1425.309694709619,1431.568588973663,1416.3984135038816,1425.6520167015096,9524.631758828353
2025-07-29 11:00:00,1437.2700262936398,1439.2315040976086,1430.1395235451994,1431.6544678154617,4296.896378118874
2025-07-29 11:15:00,1453.3853664882452,1459.0599579668294,1445.5258334890616,1448.4013340468432,1703.7390911495622
2025-07-29 11:30:00,1433.3313379626154,1441.0976934186904,1431.7288519629003,1439.0175918366754,5806.801619643689
2025-07-29 11:45:00,1415.4468264798502,1422.5225787057439,1409.7890487451155,1411.487226953791,2369.116762049198
2025-07-29 12:00:00,1435.0787153245537,1440.9183136617153,1430.387225534929,1429.309339899064,2515.1579116104067
2025-07-29 12:15:00,1437.8179588875373,1440.0739333922725,1429.104217139847,1431.9741254356898,316.3208195848217
2025-07-29 12:30:00,1416.6281407303748,1423.2036171456493,1412.5912543652985,1422.118353032483,8480.904806770586
2025-07-29 12:45:00,1426.0428310224816,1430.292407749239,1419.553668224724,1422.6169561579031,7771.744363285406
2025-07-29 13:00:00,1427.867953784926,1434.8810648224548,1425.5229949837212,1426.116306421391,9750.10681387793
2025-07-29 13:15:00,1420.5255655476367,1423.2101147915291,1416.98427299168,1422.1148561376435,7877.7682750176555
2025-07-29 13:30:00,1421.551632343044,1429.3423217798313,1418.2070375224969,1421.2538367146542,5647.684813852589
2025-07-29 13:45:00,1397.5736948115875,1397.0976787514812,1389.75714403411,1398.1185862920001,6113.620758839447
2025-07-29 14:00:00,1389.8225828128523,1391.5886687420978,1380.1234178751297,1381.939684002917,5043.282650536931
2025-07-29 14:15:00,1393.6749163983727,1397.4060345357466,1389.8029027560801,1389.526807691941,4670.281106123616
2025-07-29 14:30:00,1408.8435042570572,1416.75654530674,1403.5061789344916,1411.5117589013917,3778.2477840427323
2025-07-29 14:45:00,1407.8639079143877,1411.7603699073152,1400.4998854335872,1409.8589252687202,4206.350675896353
2025-07-29 15:00:00,1412.7722963959059,1411.0932260192549,1405.4751236457428,1409.0830605546275,3692.637998486095
2025-07-29 15:15:00,1428.7240961715158,1434.223327663898,1421.872156030224,1432.3412195274877,487.57577386107783
2025-07-29 15:30:00,1450.4245455288788,1452.1427421918718,1442.0450772006202,1449.90967817419,1218.644715916104
2025-07-29 15:45:00,1425.6068865082302,1436.9530138001937,1428.2711355481774,1428.538776733462,1890.8009661277133
2025-07-29 16:00:00,1437.9534761402288,1437.3322101673868,1426.4280788893982,1430.6545124717552,3971.6509511133604
2025-07-29 16:15:00,1449.3560758529466,1450.2636072841444,1441.8709806382465,1448.0703581156595,4917.8970261603445
2025-07-29 16:30:00,1461.3024114693665,1473.353089365757,1460.4550542870393,1468.0568061511626,6056.255968200904
2025-07-29 16:45:00,1460.3776069150774,1464.7065783475157,1453.6820408711253,1457.7376986142087,2783.251549643441
2025-07-29 17:00:00,1475.5482557898642,1480.7609283132647,1466.7223341364545,1472.2647580176058,1075.6420088644838
2025-07-29 17:15:00,1465.0476381904232,1471.029520698232,1460.1348017158796,1467.6793593384805,5578.61348244593
2025-07-29 17:30:00,1481.6977380886135,1487.2755667951117,1476.7400045504673,1480.683260846615,6823.283367332571
2025-07-29 17:45:00,1493.5552092323646,1498.112336169549,1490.54517080036,1492.7580022733644,3115.002886127401
2025-07-29 18:00:00,1500.5597980519567,1503.2898213766296,1493.4127434150284,1503.2510427099894,2064.2439080671975
2025-07-29 18:15:00,1465.882550642613,1474.6809334453355,1465.9202938528701,1468.0876893654704,173.41567756595367
2025-07-29 18:30:00,1475.8343561881939,1482.2232212696033,1471.8946089624578,1481.6177053609545,4779.538805362928
2025-07-29 18:45:00,1471.9434278346184,1472.124965520131,1461.6526655915259,1466.1188633648076,4998.757773746684
2025-07-29 19:00:00,1459.7603179355478,1465.880628195631,1454.6055626464176,1466.172227175905,6565.19240644515
2025-07-29 19:15:00,1446.4864590733582,1458.0027917561565,1448.5135400921213,1453.1932965184294,6084.62840538105
2025-07-29 19:30:00,1470.303880722354,1471.1387811555594,1458.5483263298624,1468.4758068747096,1042.2584749747748
2025-07-29 19:45:00,1464.1127266493984,1470.164750387669,1462.9024135644706,1464.4127865899418,9870.919561512175
2025-07-29 20:00:00,1489.1564637345805,1496.3028644261658,1485.3613275345183,1496.075917449709,1977.0457778875602
2025-07-29 20:15:00,1527.1661887812538,1530.028755602645,1515.7086713211752,1527.3734422763932,1819.4012576651955
2025-07-29 20:30:00,1531.5137211943947,1532.2803197503324,1524.8504889162675,1526.3338622896276,1471.4771962658283
2025-07-29 20:45:00,1504.438303744317,1511.8280119167362,1505.49885128069,1508.4502520587687,3632.9402045398683
2025-07-29 21:00:00,1491.6949671604889,1493.904961243324,1484.6718149355756,1490.2928270547727,8096.88530981332
2025-07-29 21:15:00,1487.3046570365345,1486.8113843704277,1476.4057173644112,1478.208642168415,3606.1779523030164
2025-07-29 21:30:00,1466.885210450897,1473.8969258134741,1464.6589163747085,1465.55835636788,9169.407091299916
2025-07-29 21:45:00,1457.4193693210593,1464.5470115286091,1456.1954374151755,1459.6172968242156,2215.1717103186197
2025-07-29 22:00:00,1458.891379787611,1459.7796099147083,1446.73963941398,1449.8359878784397,3594.161265434993
2025-07-29 22:15:00,1415.019603585636,1426.7243489579819,1413.6501024220672,1417.6489704667777,3915.0973166394188
2025-07-29 22:30:00,1413.90562474365,1423.381030777814,1415.0415563001404,1415.2985045421487,3384.1780414719515
2025-07-29 22:45:00,1402.7288691765923,1407.7429526776427,1399.8110842073613,1407.3251771044072,8591.059793229517
2025-07-29 23:00:00,1397.8610209683598,1403.181359649241,1388.4674420671067,1396.4323335655663,9820.590985511477
2025-07-29 23:15:00,1402.5417983195323,1400.374374988052,1394.2460547720057,1398.4501762928476,2055.3635954442743
2025-07-29 23:30:00,1392.7267662979377,1397.1190784898859,1386.760630986193,1395.6281171905457,1561.6839480627252
2025-07-29 23:45:00,1372.5783797630206,1375.509450813199,1364.3474173551353,1368.3020753217454,2015.6236106412277
2025-07-30 00:00:00,1379.166847311196,1385.381029390798,1373.324093031622,1379.2935447215318,6153.261852900429
2025-07-30 00:15:00,1398.3687914851855,1396.641602472606,1387.2988136593613,1391.6628417008858,2877.44471761395
2025-07-30 00:30:00,1383.1363438464118,1392.0164843261168,1378.8427409115973,1387.1114012456933,5540.174854998037
2025-07-30 00:45:00,1375.0127659705227,1376.6021659598077,1364.5325815777069,1369.340895039977,6226.656282815399
2025-07-30 01:00:00,1359.0053540529623,1362.2109623019849,1357.0659817800117,1361.5694660401884,2453.2238756546317
2025-07-30 01:15:00,1363.1250581072902,1363.4361804108191,1358.8130318630483,1358.5423052606209,6628.039021633326
2025-07-30 01:30:00,1369.3800265684283,1373.0781529801345,1363.429151529524,1363.8655865410394,5739.640434713951
2025-07-30 01:45:00,1384.2040964640425,1393.5285064345585,1379.8218365663001,1389.9468112805891,7174.7526970102135
2025-07-30 02:00:00,1389.5868366096915,1393.8259235036767,1380.8395641189347,1387.85057577344,718.0387833088306
2025-07-30 02:15:00,1368.6148322196905,1373.0001311534884,1360.5958346043353,1369.3250565522212,9136.908047535828
2025-07-30 02:30:00,1378.4870137112975,1388.8883694768238,1377.8692866526949,1387.0783576404408,668.3627483014574
2025-07-30 02:45:00,1396.7235409114899,1394.9049787131607,1389.290309205103,1391.2527077906543,3418.8750730566503
2025-07-30 03:00:00,1385.1753304165954,1388.8765128840594,1379.0075482136278,1382.4773180050356,2309.061844833999
2025-07-30 03:15:00,1388.9323421638974,1394.729892106602,1385.6833112668849,1390.9101502049555,7069.2659899406635
2025-07-30 03:30:00,1400.7464334518313,1411.0519910495173,1401.7738936757733,1405.7103980192408,3073.2366661035894
2025-07-30 03:45:00,1395.9344911502715,1404.9779373071888,1394.5681945564713,1401.9123244098744,611.5127057493521
2025-07-30 04:00:00,1399.7096443457428,1399.4847985239942,1393.652902209838,1399.9610835014303,437.4903006028954
2025-07-30 04:15:00,1393.4128981817857,1397.3208356741898,1387.6518227767954,1395.663216814092,1622.2308892299295
2025-07-30 04:30:00,1388.5116359650717,1399.166557649391,1390.8392158878448,1396.5698705775933,5500.535217165997
2025-07-30 04:45:00,1411.6298406927278,1422.3871699935844,1412.4944433838295,1410.8175052285499,7505.981366198243
2025-07-30 05:00:00,1399.6757311785364,1400.105718787953,1390.6692939694567,1398.8494290162482,555.6623012482705
2025-07-30 05:15:00,1370.470621672393,1376.9097940276292,1367.7692104350128,1369.5808106769473,9850.54956549279
2025-07-30 05:30:00,1372.3252205266665,1378.5822366153488,1371.2355213145318,1375.1882679837154,195.47367140428673
2025-07-30 05:45:00,1356.6724353642196,1354.8253191114068,1346.260001209013,1347.1645656247415,5150.761522525189
2025-07-30 06:00:00,1331.810857128148,1337.4810662087416,1332.9726241926298,1333.5306471825718,3920.4614604739745
2025-07-30 06:15:00,1300.3742208462054,1311.853457752194,1301.1230081613976,1306.5340099991047,2472.6213773434747
2025-07-30 06:30:00,1324.5501433972308,1325.9633181041647,1318.349952501562,1322.4133947724497,9894.15625314021
2025-07-30 06:45:00,1325.5829346277949,1329.6449596193072,1319.5117149596042,1317.918012462823,4552.246002770711
2025-07-30 07:00:00,1320.8859601600525,1325.1791549928969,1318.1434866392078,1317.0498103896957,9084.953362571614
2025-07-30 07:15:00,1300.6879983079125,1301.527613632721,1291.0464142319613,1298.382127495532,5054.167324723735
2025-07-30 07:30:00,1331.8668525955964,1335.479076471258,1324.3072394523035,1330.844415832917,5191.9241986464785
2025-07-30 07:45:00,1311.2599470359444,1314.2303057897066,1304.2022717632944,1306.9446756448087,706.9059730948097
2025-07-30 08:00:00,1312.0454843708974,1312.765831088792,1302.2006103048743,1306.8275384354058,3909.418136958709
2025-07-30 08:15:00,1307.63796666496,1309.4383725179202,1302.9180867995096,1303.9505435798453,9998.372590911247
2025-07-30 08:30:00,1296.2013725484153,1301.6672441358457,1292.8860764498659,1301.4524042670623,8583.71311071325
2025-07-30 08:45:00,1271.3900050792165,1281.918570216947,1268.233904262273,1272.5061968124667,8351.730899979882
2025-07-30 09:00:00,1275.1840734799925,1278.8153228150459,1268.2645576751497,1273.751815066098,1353.5859824601398
2025-07-30 09:15:00,1273.9867624135868,1278.3923481310364,1270.0569610855161,1276.7651767770071,2010.7323840223773
2025-07-30 09:30:00,1302.4874074011816,1308.8473195943054,1297.0277428258876,1303.0305682136006,8688.63151733383
2025-07-30 09:45:00,1298.9190677247109,1307.5994840121114,1294.2392263143265,1305.536010146434,4277.601364569509
2025-07-30 10:00:00,1291.2399295652078,1294.0898146676298,1285.6360547618544,1291.3189985222737,6919.019101932717
2025-07-30 10:15:00,1276.243184314647,1280.2530577730847,1275.4069603522914,1276.3591552912062,9405.494000757193
2025-07-30 10:30:00,1250.649354107466,1261.7624131696114,1251.326859006133,1254.0729496827896,687.731641996505
2025-07-30 10:45:00,1273.538532183943,1275.8364211381888,1267.9085310417204,1268.1333215270033,2360.759249085417
2025-07-30 11:00:00,1282.226051028299,1284.871639898208,1275.204739656118,1278.4255823774492,8929.983462678973
2025-07-30 11:15:00,1273.9368530119564,1281.949282112087,1274.3951834171578,1280.298961001272,5650.009115116638
2025-07-30 11:30:00,1305.098269632596,1306.8981126120639,1295.5512659446917,1298.6220410943833,924.4207485033035
2025-07-30 11:45:00,1291.8084577157329,1299.8969581706417,1290.8670526443611,1291.927333193858,7508.945074686373
2025-07-30 12:00:00,1300.3573289998433,1302.8445893075043,1292.4981508626577,1301.70616718818,2196.468330524723
2025-07-30 12:15:00,1280.1701277582367,1284.4589796632738,1276.6486047747487,1281.434074595019,6469.8101603763325
2025-07-30 12:30:00,1280.3177656946232,1281.2667437358996,1273.4493486595375,1281.018185359142,9926.422831469754
2025-07-30 12:45:00,1295.176693087746,1300.3624027681956,1290.582078039709,1295.5594912002107,7882.039277930741
2025-07-30 13:00:00,1308.402105465009,1311.6883788818723,1302.8813058459334,1304.9766875299663,4528.090382907306
2025-07-30 13:15:00,1327.2657533066426,1330.8875282638016,1322.678926356665,1320.807058627353,356.5791345543414
2025-07-30 13:30:00,1381.1972229512805,1378.4166361508203,1373.9969642313501,1378.2336637581545,6826.26417314527
2025-07-30 13:45:00,1394.5232839842804,1400.3376539818612,1390.5997041358248,1392.9996309734256,6226.217362839071
2025-07-30 14:00:00,1393.7861775938336,1400.0916384120014,1392.5705401715175,1397.3467580199667,9129.833730849354
2025-07-30 14:15:00,1395.7124915924733,1404.998566809483,1395.0027377832964,1401.8872797359297,2096.9377720225702
2025-07-30 14:30:00,1391.807204162399,1396.0072551564656,1386.6169810614715,1394.8180798615026,2826.96538603479
2025-07-30 14:45:00,1388.4635027226072,1393.1146396488198,1381.997798099378,1384.6277210461506,3253.7872166482925
2025-07-30 15:00:00,1369.233980582934,1379.1066332133876,1367.5276351314862,1372.5855420744026,508.6486004355023
2025-07-30 15:15:00,1373.1122664787545,1377.8248452686692,1364.1261452688775,1373.8650369384272,5497.094782855676
2025-07-30 15:30:00,1405.7327181489522,1410.4184438905475,1398.159689870655,1399.231240035692,2872.674290757501
2025-07-30 15:45:00,1403.8591334538824,1410.108615526607,1397.7946689235746,1402.9437876385362,8858.824326578058
2025-07-30 16:00:00,1389.7709854416667,1396.0016696690427,1383.3984250146705,1383.8188295078487,8946.910650832653
2025-07-30 16:15:00,1376.5331932594042,1376.4997707785592,1365.519050047552,1376.687385592293,1302.5319910642281
2025-07-30 16:30:00,1375.5986403274792,1379.5569208639956,1370.117356470509,1375.6199369356639,1761.6078166871296
2025-07-30 16:45:00,1380.9902004906821,1383.8324992331145,1373.1652392584265,1372.338469749184,9092.805920770365
2025-07-30 17:00:00,1382.6188347138443,1390.9409445186645,1379.4380144639426,1388.3832603732887,2380.619140894332
2025-07-30 17:15:00,1380.149674831606,1390.1272700609784,1379.6032646445492,1387.6652278910167,3868.544959275491
2025-07-30 17:30:00,1367.5745221908794,1379.53757553885,1370.2903005631902,1376.475194698073,3836.9103848535783
2025-07-30 17:45:00,1352.4742229562835,1350.2729877507918,1343.042490103231,1348.8361630071872,3109.8711128151567
2025-07-30 18:00:00,1358.4029922311968,1363.1190795067753,1348.9905383046537,1354.1323953393955,9649.72118338458
2025-07-30 18:15:00,1332.2103659266688,1341.7197984899533,1333.0791591562677,1332.4793654553096,8310.149418028146
2025-07-30 18:30:00,1335.2016002121331,1343.5448737837091,1335.596305420103,1338.553717010357,696.2942280594916
2025-07-30 18:45:00,1334.4533450273784,1338.1257476819505,1324.609048371363,1332.0487640928309,9854.467937227091
2025-07-30 19:00:00,1362.8972897998372,1369.2331936372573,1357.1076909551682,1358.892795839093,643.0431081706803
2025-07-30 19:15:00,1339.8646108157109,1337.9798621486375,1330.023597653128,1340.0416067248768,4549.8236989020015
2025-07-30 19:30:00,1355.58224227151,1354.7091349671182,1347.1270051599035,1347.5844912955201,1485.533923220303
2025-07-30 19:45:00,1342.7259860027275,1348.1138554638733,1340.670814670257,1340.975926837195,7240.145637942593
2025-07-30 20:00:00,1375.8247877759707,1382.0782073308585,1370.6545989003816,1377.3534840160028,3183.307579860138
2025-07-30 20:15:00,1356.0047321043598,1365.8347060210551,1353.9798060680023,1359.9331076693143,9306.160809152076
2025-07-30 20:30:00,1323.1014908952766,1328.764189618462,1321.518322578662,1328.7892563648177,5532.486625266544
2025-07-30 20:45:00,1321.519655755583,1323.4228798383112,1312.6369086321884,1319.7123788736865,6182.857928977578
2025-07-30 21:00:00,1323.828129123448,1333.8441920911848,1323.827511703904,1327.1846895796473,3062.592716616714
2025-07-30 21:15:00,1332.63473076013,1337.7003499365337,1329.244793306327,1334.37987791587,2621.0906326489257
2025-07-30 21:30:00,1313.9463944312738,1319.6374068542248,1307.1081698737762,1315.4364623183972,6203.8828169255585
2025-07-30 21:45:00,1302.0378799445637,1308.2846175519915,1302.0013997555554,1309.0977794878052,8607.797118802908
2025-07-30 22:00:00,1293.258358863456,1303.450205189779,1288.6794020426864,1297.2860948735529,1268.5773738162288
2025-07-30 22:15:00,1299.8367089148903,1307.2979606359302,1292.452000297995,1304.5553365214196,653.971254960971
2025-07-30 22:30:00,1317.2943467684559,1326.6187941976996,1312.9708244155127,1324.0124502250628,8225.22715297823
2025-07-30 22:45:00,1313.9210484573887,1322.8735251597088,1311.1475204627632,1321.4615849226673,7672.467566162709
2025-07-30 23:00:00,1331.1065779858714,1330.2263602206735,1322.205677934183,1324.7176004017417,7170.451617799005
2025-07-30 23:15:00,1344.7344926524763,1344.545957296605,1335.8181193650814,1336.8243299383616,2869.7700327314506
2025-07-30 23:30:00,1327.79217386786,1337.3662043371976,1325.7703095358765,1328.9370793686007,2063.3566073470356
2025-07-30 23:45:00,1347.1419733960029,1355.5813210323006,1346.098522457619,1347.2752386448965,9385.323937460738
2025-07-31 00:00:00,1360.9087502673558,1364.2660556396493,1353.0189706859323,1362.332244544128,3924.466289750971
2025-07-31 00:15:00,1335.7680543181675,1339.4779982110415,1333.8130169558212,1338.1047837242872,6324.158310432014
2025-07-31 00:30:00,1343.187370419352,1348.226617897743,1339.8663399808122,1344.756246104481,7081.610965744249
2025-07-31 00:45:00,1322.5912806426666,1331.7764259298324,1323.3766563220304,1327.7911005206345,5011.334843126087
2025-07-31 01:00:00,1342.195178618263,1342.294699308823,1335.4119380101197,1340.193614193188,5308.60686621205
2025-07-31 01:15:00,1350.0432823709361,1355.0527501743152,1343.6165907683385,1349.1888121233758,1026.7450089137637
2025-07-31 01:30:00,1366.6516619286142,1368.4567716952804,1362.76701821662,1362.3203397258255,9718.634819822932
2025-07-31 01:45:00,1355.584627745679,1361.3819974320813,1352.5166729303523,1358.2865149990575,1152.065472888538
2025-07-31 02:00:00,1370.4660409404378,1374.951323658166,1363.4335575984892,1373.949617793144,4587.633438449072
2025-07-31 02:15:00,1392.6259877081154,1404.616448367024,1393.6562551637305,1395.861325515185,3991.1059978807225
2025-07-31 02:30:00,1424.6702992106802,1428.37038998739,1419.0001675773542,1422.070495972506,5731.694010676071
2025-07-31 02:45:00,1419.5577521845737,1426.1926894880257,1418.1199645281845,1423.9669450857082,3190.546436983644
2025-07-31 03:00:00,1416.3660555181361,1414.6229144165025,1407.361350953842,1415.5781434609828,3898.015105613506
2025-07-31 03:15:00,1403.7877224075846,1409.698196692796,1399.627068191093,1404.9337514673277,3357.5597181091607
2025-07-31 03:30:00,1394.2689603263723,1406.4787128076982,1392.3880197877058,1397.7253464396563,4194.391622083929
2025-07-31 03:45:00,1395.2242169786036,1399.6918665280216,1389.8884877077596,1400.8917808380984,2710.419677012207
2025-07-31 04:00:00,1392.0294200041951,1401.3818761475748,1390.1556278935986,1393.6178495587133,7710.174760011428
2025-07-31 04:15:00,1399.5741648772391,1401.6392723371148,1396.3821300040138,1396.265115672033,8212.059501134001
2025-07-31 04:30:00,1420.7302533181978,1420.7452779514936,1414.013805711489,1418.740595252424,159.53147880560437
2025-07-31 04:45:00,1440.236620293807,1443.4118694914814,1436.9492002114825,1442.081773785843,7880.379181658464
2025-07-31 05:00:00,1455.2242877314675,1459.4643744184532,1448.1804474145863,1453.136679006127,7033.398592494597
2025-07-31 05:15:00,1460.222446638836,1462.6622800642317,1448.8485428163897,1451.58224518958,3535.0208739506875
2025-07-31 05:30:00,1464.1309728375982,1464.141970932342,1454.903918835762,1463.534943021604,1831.9708669395054
2025-07-31 05:45:00,1460.9238562616756,1462.737727632797,1455.628672653828,1455.9353016541047,6724.767444058354
2025-07-31 06:00:00,1447.413368030364,1455.9283338384168,1446.7781007401547,1457.024542544124,4040.872963073244
2025-07-31 06:15:00,1467.4528593443124,1472.308627676756,1463.119818485366,1471.1159745800546,9919.502578434729
2025-07-31 06:30:00,1448.0856163436376,1458.126659703218,1447.7378177266735,1457.144939053521,2414.760604267225
2025-07-31 06:45:00,1439.2722072476763,1440.9030146015173,1433.223963346166,1440.7864856428068,7620.26836993211
2025-07-31 07:00:00,1456.831966402953,1464.8573146970134,1452.736209307958,1458.4733754637875,3589.699591993736
2025-07-31 07:15:00,1467.1292850855286,1468.2348172253655,1458.8382427977867,1465.7916282121016,6905.028715640483
2025-07-31 07:30:00,1443.704545276173,1452.0488381968976,1440.760386903958,1448.6301015240383,5402.61860875285
2025-07-31 07:45:00,1464.7620020385862,1464.5481166316736,1456.9129367627575,1456.8862803945094,7553.927608807049
2025-07-31 08:00:00,1464.809896422391,1473.0635473328098,1465.3873144805316,1471.7451472833743,641.1568031626467
2025-07-31 08:15:00,1468.1602797268374,1467.7280632573418,1455.9798118810545,1462.089805222004,2813.6535297291775
2025-07-31 08:30:00,1466.0190300781462,1473.9288079672829,1466.270089518385,1470.3029285619596,395.8433655087803
2025-07-31 08:45:00,1492.1735578939085,1496.674489453278,1486.700256930409,1490.6149605121375,6365.999343707239
2025-07-31 09:00:00,1496.7475937019476,1506.8353538029446,1494.885888805512,1499.0834094370755,4919.415088415339
2025-07-31 09:15:00,1488.8229697851948,1494.9764525532416,1485.8576805988191,1494.948783733176,6134.165517127125
2025-07-31 09:30:00,1503.8343481859963,1511.8120846735972,1497.5058937180438,1503.8674803630552,8320.001528098446
2025-07-31 09:45:00,1509.8920338937478,1512.864011525024,1505.0268122948864,1508.0713740231438,9169.371770594713
2025-07-31 10:00:00,1490.8752032942666,1496.4202620399676,1489.2000841264887,1492.0972317327914,6826.490603017371
2025-07-31 10:15:00,1487.9757320563087,1495.0792222914718,1489.7791586133164,1493.7852441373236,5982.7507597581325
2025-07-31 10:30:00,1484.8919355885314,1487.1151862367296,1477.056481178555,1483.7632881810737,7387.662660813373
2025-07-31 10:45:00,1492.9638455850757,1500.07939609853,1492.0004500719813,1491.1453413766328,6560.444149285394
2025-07-31 11:00:00,1501.0386920323804,1507.284307190356,1496.0488657774852,1496.0975050092975,238.37174802749448
2025-07-31 11:15:00,1479.1138790070777,1483.2545454403948,1477.228683514609,1480.5801919826245,8482.923051534928
2025-07-31 11:30:00,1481.5305540007614,1487.2471674681624,1472.9912126998133,1474.55492461037,2471.4787145259934
2025-07-31 11:45:00,1460.2760189883722,1462.5204184703584,1455.1358332434095,1456.2628076062397,2943.712093891486
2025-07-31 12:00:00,1473.276351194119,1472.8570148996828,1466.3283840458732,1469.3293104700888,3127.737816136208
2025-07-31 12:15:00,1477.2029855899889,1481.9913849035765,1470.3612248734366,1477.404837908275,7087.816880467052
2025-07-31 12:30:00,1450.9241933047622,1458.4811620753608,1447.6342293919724,1451.5313796825162,4318.993387855843
2025-07-31 12:45:00,1458.8239269085382,1459.775957367632,1450.7734034631121,1451.5417748920554,7158.26967870785
2025-07-31 13:00:00,1458.3032470252372,1459.605373516553,1452.7449447414583,1455.6557913022,4247.917269261311
2025-07-31 13:15:00,1460.652780638026,1464.4647295504728,1454.0467205655304,1458.9270950598054,6186.380161916557
2025-07-31 13:30:00,1472.0113757300194,1481.2436682548637,1468.7963419691735,1474.979077148558,2022.305905417199
2025-07-31 13:45:00,1461.1055185228324,1468.5657392156834,1459.0278127600116,1463.351309287729,8413.103395883016
2025-07-31 14:00:00,1486.154474620317,1497.0209011984382,1486.7629275982858,1488.840668216803,1097.0602944638053
2025-07-31 14:15:00,1483.8255757336383,1490.2343482384526,1477.2699506729584,1483.0794357517073,8246.215643430163
2025-07-31 14:30:00,1452.4862307249532,1458.8973770892746,1446.7610967958644,1450.1531642880454,1922.7293804901353
2025-07-31 14:45:00,1465.6860051014116,1470.5488710818179,1457.4569000650504,1459.8019819507435,6809.281761404873
2025-07-31 15:00:00,1422.70146626073,1429.9332900829513,1417.6474117745802,1423.8239535347739,6885.08050383126
2025-07-31 15:15:00,1442.088984226306,1445.3734669466417,1433.6481987916545,1434.939867144658,4181.784519486886
2025-07-31 15:30:00,1426.7702878161251,1429.1463370241079,1421.6500354151444,1427.7194767186768,3481.584244063277
2025-07-31 15:45:00,1392.3305521608777,1402.1253498560452,1392.0485674556667,1394.4986573904225,5341.903202354787
2025-07-31 16:00:00,1407.2967588446043,1417.0132755941445,1407.513207700102,1406.520936510107,3417.0713034489504
2025-07-31 16:15:00,1424.2815879076138,1426.5731623792,1420.6214590519573,1422.631031288332,1947.9349809854432
2025-07-31 16:30:00,1430.1580793350263,1429.2115075572117,1419.0269893514208,1424.6522598814656,5774.672735878132
2025-07-31 16:45:00,1432.345115548923,1434.6975407669725,1429.6633277628423,1436.1443046662826,5179.1346242000145
2025-07-31 17:00:00,1457.2956624457513,1461.500304170042,1450.7561276154993,1453.8452929303712,5449.411604020266
2025-07-31 17:15:00,1458.5754758332232,1463.472697603431,1455.957940774009,1454.060209747124,8282.979477872963
2025-07-31 17:30:00,1470.0571416836892,1474.0953125004376,1462.1110825655428,1469.992935551526,4709.4667641297565
2025-07-31 17:45:00,1441.9248683983346,1449.2985245579307,1438.1348779342302,1445.0683523043126,6226.806477126734
2025-07-31 18:00:00,1467.219490121053,1468.440016273695,1457.6687715420449,1465.1829203004402,9646.237829460271
2025-07-31 18:15:00,1455.6047957184655,1461.009071342813,1447.755623434532,1460.0883687763353,1783.487460351073
2025-07-31 18:30:00,1445.7463895853653,1455.7828114457877,1445.3199322622297,1449.1034321237187,2441.477582073512
2025-07-31 18:45:00,1453.1645280538069,1457.890548663972,1445.7356805331087,1455.711475775796,9706.713322324824
2025-07-31 19:00:00,1474.908749812626,1477.633231368377,1465.1608356788897,1468.5278947143443,6948.515729840651
2025-07-31 19:15:00,1478.8300502341076,1481.557892604416,1472.495972633132,1479.0281178078396,134.39018022664158
2025-07-31 19:30:00,1487.2128712467932,1491.029261323941,1478.0969465870965,1486.2999913389756,421.6675580450992
2025-07-31 19:45:00,1462.5266228218486,1472.894302760529,1461.8342534978883,1466.4390776274033,4571.332241552081
2025-07-31 20:00:00,1437.5448149846968,1440.070441440844,1433.806578854281,1441.6489219492578,9272.390868434086
2025-07-31 20:15:00,1440.8693399279846,1446.746018144552,1438.0357644517271,1448.5496865237217,9951.972909050683
2025-07-31 20:30:00,1437.7252926293859,1441.731788121841,1433.8443863491493,1443.1548121164892,3780.1812828221928
2025-07-31 20:45:00,1437.8663048992032,1440.2579832598901,1433.2593663623657,1433.2534621855418,6796.543399139905
2025-07-31 21:00:00,1428.70147079018,1432.1473746057625,1421.770895028281,1427.5449106332528,7019.290762380941
2025-07-31 21:15:00,1430.9797084747834,1440.445080658196,1430.56276854088,1432.792857008648,5338.06846675512
2025-07-31 21:30:00,1441.9821688384382,1446.1806287157988,1436.6892968710886,1438.8037574737896,350.603956247563
2025-07-31 21:45:00,1448.7371877836658,1457.6320781906134,1447.263389273125,1447.8389305850872,9765.940813262108
2025-07-31 22:00:00,1438.4794511520415,1447.1445201869017,1437.6491666853733,1442.6784085231868,4699.183309131778
2025-07-31 22:15:00,1424.2640365891666,1431.066009532183,1419.6337730493963,1422.560322665733,1297.4139535386992
2025-07-31 22:30:00,1416.5920784937957,1423.3097419000476,1417.7585835154216,1425.7531257984783,7140.940441712837
2025-07-31 22:45:00,1450.1669762339657,1452.6054763343375,1440.1613631437278,1447.487113500593,3173.7891520878898
2025-07-31 23:00:00,1436.2971015523158,1442.3968952828945,1433.6002583520453,1439.3772207425861,729.4224196790115
2025-07-31 23:15:00,1448.464584096591,1453.5191471381158,1444.6271631682594,1445.2110246883253,2052.834271823561
2025-07-31 23:30:00,1452.0732364080502,1460.6510882992586,1449.3763205505418,1458.1249098806277,7356.374287395852
2025-07-31 23:45:00,1470.7291500478977,1477.9602007942233,1466.9157005091254,1468.0530546242342,6084.625739773108
2025-08-01 00:00:00,1440.6271300308636,1449.1173493254867,1439.1238239926809,1440.4354262459597,9836.065814798081
2025-08-01 00:15:00,1442.8946304084661,1446.6643376083234,1440.804022066876,1442.080932247842,6011.081060375873
2025-08-01 00:30:00,1434.2052862188864,1436.0030876428282,1427.8508056172402,1430.7550452872977,6036.05647167363
2025-08-01 00:45:00,1440.888920374568,1443.617608141347,1435.340386419304,1436.482308442427,9445.663562120122
2025-08-01 01:00:00,1430.5542089527655,1435.9767924234377,1426.4396198413556,1424.6483081829595,4463.901301471608
2025-08-01 01:15:00,1434.750873049394,1441.0184638059711,1432.6470193258801,1438.243782566966,5590.415733490921
2025-08-01 01:30:00,1441.0760471528129,1446.6980247848167,1435.976389177385,1435.9296761364565,5420.982308593162
2025-08-01 01:45:00,1436.2400301158461,1442.6797831898402,1430.7481436209682,1437.0618097753334,2403.8171151600363
2025-08-01 02:00:00,1417.694523493363,1427.2824620381455,1415.7803956738694,1416.351128473008,2922.6725850492426
2025-08-01 02:15:00,1419.3206696897453,1421.5843877318468,1411.8796061676949,1417.1558140292952,5041.425533917894
2025-08-01 02:30:00,1430.4667054176264,1435.2245169171142,1425.0797334995395,1425.097385392495,3324.243578732849
2025-08-01 02:45:00,1428.9417707764635,1431.9862550319776,1416.6293157613181,1424.950038687676,5181.201702664159
2025-08-01 03:00:00,1430.254420008109,1434.674457517568,1425.6455928861303,1435.2465766688717,6010.19882197124
2025-08-01 03:15:00,1448.3641699344944,1447.8168076985653,1436.8589915916255,1445.339003741375,2068.8060360083005
2025-08-01 03:30:00,1428.4054027131176,1436.0095600646237,1426.3784143048863,1430.1004371128074,6665.160152239005
2025-08-01 03:45:00,1435.1840644633473,1438.571758777643,1430.4953088201305,1437.481748063104,1849.6854766860047
2025-08-01 04:00:00,1447.8060486039294,1452.9503159733833,1441.1852297277849,1442.944216217252,6868.816621800398
2025-08-01 04:15:00,1433.0136662940338,1436.1013134036496,1425.0035652990014,1435.235554173138,1099.4829880266275
2025-08-01 04:30:00,1434.0571177197726,1440.194456727289,1434.420345418361,1441.0347355486476,2425.339418394595
2025-08-01 04:45:00,1451.8300185474886,1458.6499543403343,1445.9361126140998,1453.6504622614818,6634.593401808824
2025-08-01 05:00:00,1432.4246312678815,1438.5320600316861,1424.9024640461048,1433.0089171841562,9291.336391576742
2025-08-01 05:15:00,1429.3571994292136,1440.254279189838,1428.9337332650593,1436.775934073727,8132.506938317587
2025-08-01 05:30:00,1435.345252977375,1433.537208083177,1424.6069625102648,1426.3539336940646,9760.989029178914
2025-08-01 05:45:00,1466.0825877931197,1476.0315711158628,1466.6293403043512,1470.1757140324894,7820.524835599203
2025-08-01 06:00:00,1439.2970038041424,1441.4996333850302,1436.2688795336883,1436.5999771195718,8275.482925283912
2025-08-01 06:15:00,1410.131533082333,1417.272304044296,1408.5000999340111,1416.2126106276144,6088.444438972056
2025-08-01 06:30:00,1395.3981371277757,1401.0554308873513,1389.5668121522897,1401.5253309684379,8624.738380756267
2025-08-01 06:45:00,1404.5498679750835,1404.770401296023,1395.3650000397092,1397.7093633531724,9433.183748120444
2025-08-01 07:00:00,1385.7271466986354,1390.205779702262,1382.6541106951156,1389.0208633592765,5709.9644375625585
2025-08-01 07:15:00,1363.847566414226,1374.2783740878244,1364.7986506267227,1367.493577328614,3002.1834975118577
2025-08-01 07:30:00,1353.6727777321685,1362.4167574336977,1352.039289896285,1353.183263519004,7428.346342161082
2025-08-01 07:45:00,1345.3440610091313,1349.792000396177,1338.3360982658492,1339.8287261889554,2184.5105587423545
2025-08-01 08:00:00,1319.1416889170382,1319.7418422470791,1313.38695569415,1314.1252615425324,7538.164162065381
2025-08-01 08:15:00,1293.176625309125,1299.0266690283943,1288.0706577950689,1295.7168847893827,5864.775574244162
2025-08-01 08:30:00,1299.407320482413,1307.0738838472846,1298.6602570197836,1299.689304319096,7434.417801186132
2025-08-01 08:45:00,1288.7626059079698,1299.201363340851,1283.7039137037536,1289.703394635183,2959.117686205783
2025-08-01 09:00:00,1302.9343621962,1304.2037899198865,1294.8074286506237,1300.5005122232783,7509.532184281201
2025-08-01 09:15:00,1327.9827689379288,1330.6632922272322,1317.3482296763939,1322.4088175001714,2879.296036117308
2025-08-01 09:30:00,1324.9382591666267,1332.624428981411,1324.8122211014459,1329.0635380796589,8951.903329001778
2025-08-01 09:45:00,1346.5470113083968,1351.2847643696325,1341.2805303477264,1343.1318694423699,8645.54135618743
2025-08-01 10:00:00,1366.177752929483,1372.1127825023334,1359.5455203523172,1361.8888288663495,6152.128390968982
2025-08-01 10:15:00,1362.5937352499188,1366.51747466259,1351.8337129506097,1357.8542199616072,5047.000837677995
2025-08-01 10:30:00,1374.9511721215233,1376.1207288973405,1363.6567444612342,1372.6822242590652,356.3739717154417
2025-08-01 10:45:00,1381.6870425108211,1386.0402542772301,1371.5516558235327,1376.7616034270131,7494.40052893826
2025-08-01 11:00:00,1394.2951942993468,1401.4007322003597,1388.3311837274482,1398.0864028758929,3136.8725600923467
2025-08-01 11:15:00,1406.6956483874878,1415.1166866057965,1404.9355845531338,1406.6368992837224,8425.22149871291
2025-08-01 11:30:00,1407.5950011543243,1413.8939945094546,1400.4781323692828,1405.6186268917331,1173.6336441553262
2025-08-01 11:45:00,1411.6223698250262,1414.7545179832691,1405.1772799497671,1411.8068523710622,4846.088607942921
2025-08-01 12:00:00,1428.5801664481698,1437.3096418287143,1428.2813876366922,1432.6522446429194,236.1489730510347
2025-08-01 12:15:00,1447.7674255725062,1457.4531742711727,1447.6562862595454,1451.7382615751137,392.0852279836721
2025-08-01 12:30:00,1477.0225926419005,1476.9936357199738,1464.703995527191,1475.2613540135271,3459.6314092353155
2025-08-01 12:45:00,1475.1488862103702,1479.923159932434,1466.8865400245247,1472.7771613677728,913.1112312323528
2025-08-01 13:00:00,1482.0653095736511,1483.2459207135898,1476.1389473287538,1477.4438679741445,1488.2823399719766
2025-08-01 13:15:00,1472.8337669306918,1479.8169877579585,1472.0888216000535,1472.2205476722602,6841.529246083286
2025-08-01 13:30:00,1468.0190823012842,1474.7616163942832,1462.1210377844845,1470.785744793624,8544.68759519507
2025-08-01 13:45:00,1487.0713241837122,1491.5844253204011,1484.9603874150084,1492.194316666006,7613.830533385628
2025-08-01 14:00:00,1456.5244105617453,1458.2492084549178,1448.7067829603118,1453.022640935643,906.9722961010464
2025-08-01 14:15:00,1460.884036196699,1459.6334687300648,1453.4816930733766,1459.9158649169078,5605.016344976469
2025-08-01 14:30:00,1455.4292881179124,1459.5440800134875,1449.4229651034814,1449.5497647563664,6915.597786846322
2025-08-01 14:45:00,1466.2921858375273,1476.6986133213247,1463.6033267270125,1473.3624923752832,6434.7759414337625
2025-08-01 15:00:00,1489.1106187612668,1492.189778936088,1480.6361995225325,1489.5155442835014,2377.5570343486893
2025-08-01 15:15:00,1463.0032134723008,1469.4979674281024,1460.6432410188984,1467.2692949738116,9295.275644201858
2025-08-01 15:30:00,1478.3084788667438,1480.9063600031845,1467.0537528283614,1476.6830676152538,1621.0538504070794
2025-08-01 15:45:00,1457.637926359794,1465.0609856433737,1455.6485524038033,1458.21968464061,5758.760254355904
2025-08-01 16:00:00,1467.7110696592376,1469.5405834413548,1462.5162047722697,1469.1920666732938,3779.987981366081
2025-08-01 16:15:00,1463.5985996209272,1475.635723652199,1464.7517739969273,1470.1055231823627,6133.121445039377
2025-08-01 16:30:00,1473.8520226886487,1477.8702954730256,1466.350722029975,1471.4511143309453,142.96655800367728
2025-08-01 16:45:00,1478.6208807170158,1483.0605981232552,1472.1945690432728,1476.9496061367777,8317.9437594122
2025-08-01 17:00:00,1461.7707025599157,1462.6409582165873,1453.4363303250373,1462.2295223294357,4860.4134413293095
2025-08-01 17:15:00,1456.6911421551467,1460.5717198424272,1447.456072266732,1452.9260488639006,1175.2900716858908
2025-08-01 17:30:00,1447.6984514319543,1454.1263363897797,1441.497884236917,1450.278674967554,3259.2257624567906
2025-08-01 17:45:00,1448.0752354856252,1451.2945444672432,1441.8251026441235,1447.472077936746,258.57073365748784
2025-08-01 18:00:00,1464.986611898289,1472.993363523476,1462.4552640674335,1471.2220288914493,433.7869694909115
2025-08-01 18:15:00,1469.4935019290085,1476.2961341984828,1471.6614070741991,1477.4416150316674,8549.451846488619
2025-08-01 18:30:00,1456.7859669087727,1464.3549320474326,1454.158998746843,1463.5873815347952,2957.9844264656294
2025-08-01 18:45:00,1441.3903389469247,1451.413987186156,1440.385494304847,1447.290653789948,9875.30972369908
2025-08-01 19:00:00,1418.2099816048299,1422.2019206170628,1411.1015282353144,1418.6916598466084,6098.535346165082
2025-08-01 19:15:00,1411.51723279276,1416.067986553253,1407.1866120952177,1411.7916289531881,7799.572030741357
2025-08-01 19:30:00,1411.3312037444848,1415.422518762518,1409.1317924143793,1416.388797674229,7121.460305381701
2025-08-01 19:45:00,1407.7298789338702,1415.576527664288,1408.9374489953416,1416.1817354996035,5687.8397750614
2025-08-01 20:00:00,1420.1951255440774,1429.1121118689653,1417.9016396017357,1428.7335108006184,8492.734184151694
2025-08-01 20:15:00,1409.8641872062967,1417.1112926295684,1410.5950227005378,1414.5034981725194,5253.766420778111
2025-08-01 20:30:00,1409.0094956825112,1419.1272245562757,1407.5218810086185,1418.3645264471536,4498.427361345717
2025-08-01 20:45:00,1402.748293276652,1408.1067434704905,1399.3556376980177,1409.7935857114958,6393.254952857063
2025-08-01 21:00:00,1418.6076844515605,1419.0341975432375,1409.6099548918055,1409.7298578839718,4883.994084389191
2025-08-01 21:15:00,1422.6932520829114,1429.0611667635503,1422.8847064517481,1429.0419506409946,8194.499346867568
2025-08-01 21:30:00,1465.929847736824,1469.6398088240944,1458.0911371704608,1464.9964909308226,1123.5951856315314
2025-08-01 21:45:00,1472.0099530305845,1479.8889638855057,1466.6549674211572,1476.8920175829364,9190.735624033136
2025-08-01 22:00:00,1469.9825749498211,1474.9558259431801,1465.664023125232,1466.4311730152365,6070.96655356456
2025-08-01 22:15:00,1506.034412893398,1512.8056939674652,1503.6234201878895,1510.7490953688084,5043.057404873848
2025-08-01 22:30:00,1529.924054639523,1540.1551285552418,1526.9682719124032,1539.4226810731318,6898.99084703316
2025-08-01 22:45:00,1522.9642344724323,1528.866222803946,1521.857446252835,1521.394048892742,7936.719380977839
2025-08-01 23:00:00,1520.0788003016216,1523.6578117629415,1514.7298711771627,1517.397398924944,7797.655377010312
2025-08-01 23:15:00,1525.566676996429,1525.9547025655668,1515.9741359466414,1524.3247617331351,7287.031534410609
2025-08-01 23:30:00,1515.5667197558269,1514.3485688915512,1503.3378648161463,1515.6196599909294,2198.8468619151095
2025-08-01 23:45:00,1505.053328954024,1511.4195593631516,1498.443043628852,1500.950182184425,9628.48147467722
2025-08-02 00:00:00,1497.3579387171349,1503.511672214853,1492.2427718702088,1495.5206936052407,9820.132523040886
2025-08-02 00:15:00,1490.6597345339621,1494.8866462632186,1485.0139010685066,1492.641505678888,9007.247998013676
2025-08-02 00:30:00,1487.430213346002,1495.4784064778141,1489.5729712189607,1490.2846699151562,7797.050921008407
2025-08-02 00:45:00,1496.6840370330067,1499.336435511569,1487.7631615012515,1499.2709546283213,4792.7697196025565
2025-08-02 01:00:00,1480.9576813739513,1482.7118622785397,1472.1548490702123,1481.0788633855736,2294.8243655631063
2025-08-02 01:15:00,1449.3338503648597,1461.072569279321,1448.5390668305072,1453.9136834292176,5085.893648122271
2025-08-02 01:30:00,1466.9989011605776,1469.2276344019322,1462.31424109205,1465.6197903798152,9700.44156175297
2025-08-02 01:45:00,1474.452621564372,1483.5601883404831,1473.7470599587934,1479.3842579418144,8607.820435025662
2025-08-02 02:00:00,1480.9972686397368,1483.3673946400806,1473.5253142184893,1480.5894642361159,9903.778715353617
2025-08-02 02:15:00,1475.390316240925,1476.0578175393384,1465.3548309828452,1470.4323445413975,6514.674044497401
2025-08-02 02:30:00,1462.1028381228211,1468.5790295374793,1463.0239192406189,1461.0283274062353,7849.305069814481
2025-08-02 02:45:00,1482.2668414229322,1488.3526690473298,1476.8396427967896,1484.4094476742441,125.48029382900359
2025-08-02 03:00:00,1472.3307559505622,1479.381957523772,1470.623134991385,1475.9215998191519,8840.622491754542
2025-08-02 03:15:00,1487.137834448428,1497.9562697763452,1487.890878004367,1487.1724153931175,3595.487995881206
2025-08-02 03:30:00,1532.523068530952,1534.4531094935649,1520.8275613527173,1531.843344715689,5134.638000516394
2025-08-02 03:45:00,1514.5859898188905,1520.5310024887906,1507.962921155495,1517.523585669988,9728.115517923034
2025-08-02 04:00:00,1529.5741773446675,1530.5082654965136,1525.632207561468,1527.6788165236856,3338.450884084717
2025-08-02 04:15:00,1497.00109881606,1497.5822747402676,1490.4906152496362,1498.98159686992,1472.3046028104443
2025-08-02 04:30:00,1518.6442870847216,1521.6543331220546,1512.459588067374,1512.2410986478246,842.9191995271783
2025-08-02 04:45:00,1512.7191979147128,1521.9416335885774,1506.6263709652371,1516.946248405449,3084.844031367481
2025-08-02 05:00:00,1515.9067494148037,1523.2391125833851,1509.4822553586896,1515.2627894824532,2020.6203166190721
2025-08-02 05:15:00,1528.174071439281,1538.3531841759623,1527.3287873846018,1531.1873306859627,4603.305091436434
2025-08-02 05:30:00,1531.8817903327654,1534.8288720170833,1527.161957149872,1531.907265832242,7082.521883170877
2025-08-02 05:45:00,1535.5844451436121,1539.4042709646797,1529.2381701593015,1538.043681156132,1128.1266585791498
2025-08-02 06:00:00,1528.0657746931388,1533.2572120853097,1525.9689840879385,1530.660403383934,2454.9638351358185
2025-08-02 06:15:00,1526.8690836709443,1531.510490113122,1520.2498832972133,1521.5188317111472,652.7797658811711
2025-08-02 06:30:00,1521.6798299540712,1525.384347608382,1514.848174428976,1525.372006109714,361.9806079238744
2025-08-02 06:45:00,1527.0540790577804,1530.7393454311284,1521.686101638066,1529.2849724543737,6189.8619692815455
2025-08-02 07:00:00,1530.3340141823276,1541.8307406102388,1527.3925137742376,1533.8654525367108,4437.029508973014
2025-08-02 07:15:00,1532.5773750636074,1537.8541253823291,1527.0594395365606,1533.7508129957212,1388.3513098600151
2025-08-02 07:30:00,1508.0868148147863,1518.2410160151524,1504.4900954813622,1509.7128959978618,156.74829038815108
2025-08-02 07:45:00,1512.9440089605232,1517.2790783306864,1511.4993149354934,1513.98469989096,8627.03134394688
2025-08-02 08:00:00,1532.432147288733,1535.6901981677174,1526.7093171048505,1530.1176016904037,4012.706386078328
2025-08-02 08:15:00,1534.8776495980762,1542.8089154851175,1530.1194512241907,1538.6668849314663,8343.992566550212
2025-08-02 08:30:00,1524.2379793100451,1532.9679452445146,1522.1125003613267,1526.160939070166,2617.505509310242
2025-08-02 08:45:00,1520.6601036642292,1531.7662075549363,1520.5675072912131,1527.5106105667812,1115.3340447554328
2025-08-02 09:00:00,1536.9416885058806,1547.3175561582177,1532.008557786196,1536.1066650701478,9848.715698590828
2025-08-02 09:15:00,1537.604955019707,1539.908891050713,1529.5189258508315,1528.0123504043675,2767.4318550514513
2025-08-02 09:30:00,1527.4223703630562,1530.7982142995647,1522.3882593966528,1523.2413239166901,6198.610097910068
2025-08-02 09:45:00,1528.8437056502366,1529.664270523081,1523.031391626374,1531.1479620534892,639.9697591721333
2025-08-02 10:00:00,1502.4355121887056,1510.1741672795044,1498.7581741076278,1504.6593448683864,7819.7578793471075
2025-08-02 10:15:00,1479.7587397613147,1485.0056680704588,1475.9723871805793,1479.467843426105,8619.931772189899
2025-08-02 10:30:00,1468.9697471519778,1468.124939348828,1462.0560259348545,1468.6245793641478,6624.87889379096
2025-08-02 10:45:00,1485.585973451323,1496.018884582963,1484.1866992680175,1491.4958779429392,3077.585672606145
2025-08-02 11:00:00,1513.2534135761232,1514.900385698808,1501.1551058001526,1511.7510194966173,9763.531798527029
2025-08-02 11:15:00,1516.3409725536806,1521.1501565258425,1512.5593512136486,1513.3682553384442,9374.429034791232
2025-08-02 11:30:00,1525.3981916574276,1526.6426746962693,1518.4370532203366,1524.7014998741079,6596.615675631442
2025-08-02 11:45:00,1498.7348081655637,1501.8615959173287,1493.77711902179,1493.439882147244,9225.921383067822
2025-08-02 12:00:00,1506.5094502530585,1510.968185714403,1499.524181567157,1505.3270933763226,6634.688855288306
2025-08-02 12:15:00,1519.3323261130008,1518.9341236043347,1512.1691871088594,1513.2901789612633,1543.6733417274593
2025-08-02 12:30:00,1529.721690267844,1534.7850618898092,1524.3950712352669,1532.3822745944665,4972.136076058925
2025-08-02 12:45:00,1522.8124741520694,1526.5557604088815,1516.6655490226308,1515.4290793585074,1208.9231949015757
2025-08-02 13:00:00,1515.494243417423,1525.1041272610848,1517.213140183338,1518.7187365102989,482.7186122968117
2025-08-02 13:15:00,1529.5543266512582,1532.8207461007532,1525.4812833585984,1532.1197105930437,3034.479292671658
2025-08-02 13:30:00,1536.1559139593332,1541.6619141950785,1533.582583037524,1534.6218239540933,9868.778113728995
2025-08-02 13:45:00,1529.8446391157338,1541.8648413806322,1530.8751508463572,1538.8463613385247,8098.854931187469
2025-08-02 14:00:00,1560.678770253792,1564.8189073699727,1554.816163771635,1554.6764086664439,7337.509679313569
2025-08-02 14:15:00,1569.9109517540621,1573.5475850302312,1564.6051718990655,1565.600073501322,2341.2389208766776
2025-08-02 14:30:00,1584.0760030274023,1590.5107382215251,1581.7425388215502,1581.293593545996,811.7438345517531
2025-08-02 14:45:00,1590.4656702580573,1594.8247406431985,1582.649264164634,1592.351150865865,115.83327320270106
2025-08-02 15:00:00,1604.8965683669167,1607.6603353000994,1593.1716393898346,1600.141113900343,4244.2954928397485
2025-08-02 15:15:00,1630.8894685542396,1640.9768216304626,1628.6590689180466,1635.9239664514437,1912.6942823021495
2025-08-02 15:30:00,1624.674769726618,1633.8643068842036,1620.6379748338063,1631.514745599838,350.7714428401838
2025-08-02 15:45:00,1620.4204540833762,1632.9657105906106,1619.8426524538897,1627.4375962426157,3923.2261164428232
2025-08-02 16:00:00,1622.3338391001394,1628.457821376589,1617.712112498521,1624.2856375074919,7415.625209670635
2025-08-02 16:15:00,1640.8755455982882,1645.1551779959925,1638.5674883472398,1637.3101164476197,2177.3081240841293
2025-08-02 16:30:00,1618.7625979705067,1621.3875397469221,1612.9571852570136,1621.5147094403856,326.5364669365174
2025-08-02 16:45:00,1604.784475867045,1610.3688255911816,1599.0750691185162,1605.8052449809923,3692.9718098934864
2025-08-02 17:00:00,1623.2841135898393,1624.7900865569466,1617.8079410667947,1620.3006757250064,5908.382611038037
2025-08-02 17:15:00,1564.9022807769747,1574.8599796896483,1565.4097389605452,1566.168092247973,7779.315349111875
2025-08-02 17:30:00,1571.5130568938484,1577.5199504887673,1567.1822741788549,1577.028400103267,868.3989256629053
2025-08-02 17:45:00,1606.3762768506886,1615.2822068372896,1601.3370221498071,1606.8006308680144,1443.314941849065
2025-08-02 18:00:00,1610.697891145991,1616.5152824373283,1610.3384668268852,1614.4279473657791,9919.723464800887
2025-08-02 18:15:00,1619.414247874655,1623.1317749531015,1611.0628993456799,1614.5084947139799,4989.506001254473
2025-08-02 18:30:00,1588.0178726916222,1596.4849042163687,1589.8518583877008,1590.9971463086663,5920.534677203462
2025-08-02 18:45:00,1605.9142396737386,1606.9316739538274,1597.6154799928775,1601.6304005281954,3626.725117212282
2025-08-02 19:00:00,1619.5037908214158,1626.0043235779647,1612.3169370873288,1614.8811393437509,2311.1966600743403
2025-08-02 19:15:00,1601.1463945700204,1603.0603789308486,1594.0026733389698,1594.8065692287346,2203.977191353125
2025-08-02 19:30:00,1586.76930858833,1592.0957407348553,1582.247892705949,1587.2326551335163,9238.914542717519
2025-08-02 19:45:00,1596.527672301552,1601.5174221442533,1588.6407140906888,1592.6098835895716,6275.039454015043
2025-08-02 20:00:00,1619.1757771597165,1619.1172613772794,1609.4419219634483,1614.439495418242,8767.41636660484
2025-08-02 20:15:00,1600.564820431098,1600.8999709661875,1593.8890547876892,1601.4418897851463,1491.814738844574
2025-08-02 20:30:00,1591.5579107305532,1594.522151828699,1579.197050139801,1585.03851836641,5108.4299658748905
2025-08-02 20:45:00,1607.7533264810766,1609.1474318960168,1599.3745074628139,1607.97261828555,8048.918306213634
2025-08-02 21:00:00,1597.5453857034418,1601.1924198639852,1587.6112096012432,1599.277679699287,2702.7167253119806
2025-08-02 21:15:00,1589.2484669567102,1589.6648529969423,1579.91553984595,1590.0569286917264,7341.320708900393
2025-08-02 21:30:00,1605.3450606519345,1606.9005663223063,1596.8279777549624,1597.7456517430928,4147.2445734800385
2025-08-02 21:45:00,1613.339218310603,1617.556601087609,1609.7602064580765,1612.2854815841156,8667.45621015094
2025-08-02 22:00:00,1601.475190478974,1610.5952148819167,1596.872078706367,1601.9224339950629,4398.222376231062
2025-08-02 22:15:00,1592.7519157613724,1601.8505139905146,1589.6552745642443,1592.7176260331973,5188.205374215226
2025-08-02 22:30:00,1608.377002863086,1607.5570348472152,1597.3574444181554,1599.7121238268678,1075.5132010047284
2025-08-02 22:45:00,1568.0249651299678,1573.9138201208268,1564.6700217213179,1566.205726287371,3693.302389424027
2025-08-02 23:00:00,1597.605175934964,1604.8520623638844,1597.1906454028574,1601.5303244572544,7519.184121932665
2025-08-02 23:15:00,1605.865296267644,1613.823731915931,1601.8725531067546,1608.4880295030682,6026.220411743923
2025-08-02 23:30:00,1611.4091047478619,1613.0097068995046,1607.069432280703,1613.946264413066,1709.2923435619132
2025-08-02 23:45:00,1622.8766935564274,1630.487063545796,1622.5220309365368,1622.5839193468148,2567.669777079466
2025-08-03 00:00:00,1622.1483579260987,1630.533111764847,1618.7446684092624,1627.2654499551018,966.8392419430794
2025-08-03 00:15:00,1619.985592634294,1628.3654297259864,1617.7197449000685,1622.7292300055221,9438.157800218873
2025-08-03 00:30:00,1591.2944046534947,1598.418487202179,1586.370792542293,1590.5602761164628,9553.918932281906
2025-08-03 00:45:00,1595.4373851137516,1605.534143233435,1597.8678867487658,1601.5270996816444,2720.6325247750588
2025-08-03 01:00:00,1575.8078571231945,1583.964587853392,1573.6543840308138,1576.6932377972744,5078.452286685577
2025-08-03 01:15:00,1578.46085118305,1584.3989579768597,1578.3656563700247,1581.3710875673669,1887.0634911702666
2025-08-03 01:30:00,1573.0898212001946,1574.4970135489723,1562.1295470466694,1573.9177696758777,6835.480482959074
2025-08-03 01:45:00,1559.531860832605,1563.656880811651,1549.4144556294707,1555.1699409432383,392.9938719059417
2025-08-03 02:00:00,1559.3369301444552,1565.3343262071978,1552.156306065222,1554.1331236147926,3372.846843397699
2025-08-03 02:15:00,1563.538797748602,1564.8988319478728,1555.0377116996526,1560.8471226454758,663.8289564089216
2025-08-03 02:30:00,1563.28725200411,1569.564671963977,1557.2728699218303,1563.6055783920967,4542.582471176429
2025-08-03 02:45:00,1545.8083184874558,1556.1411271773545,1546.2814260181203,1549.6444437368095,8055.204758441974
2025-08-03 03:00:00,1523.6166081829356,1527.2434497587687,1515.619421876785,1523.111459700554,9015.958962263841
2025-08-03 03:15:00,1504.6784743130133,1515.6393182083225,1502.9506846896672,1507.2671635661968,1157.1957641007652
2025-08-03 03:30:00,1504.2767773257506,1504.0033657423262,1497.2799435040024,1504.5668898840365,7030.687567997404
2025-08-03 03:45:00,1480.1066783221688,1491.2668555427917,1478.2342111448181,1489.0570631554926,7783.603365956639
2025-08-03 04:00:00,1474.0496777157377,1482.0905198730889,1473.1207149706531,1480.0616372552417,1184.1154888091237
2025-08-03 04:15:00,1475.7131093258947,1483.233321562555,1475.6845832936258,1484.594749004142,877.6731768987722
2025-08-03 04:30:00,1494.424864242199,1496.1442693915337,1485.814937839762,1490.4409842027098,4813.813058203399
2025-08-03 04:45:00,1476.1077313499782,1478.8423548601972,1469.5071104581416,1468.2033304546865,7474.512894439104
2025-08-03 05:00:00,1488.2446094248426,1490.607486227492,1478.9538880444507,1481.6968805133827,2266.578200758269
2025-08-03 05:15:00,1490.1522202221008,1495.9926130733572,1481.9612628069974,1490.6591353115423,4582.644829224289
2025-08-03 05:30:00,1486.7922916845455,1487.6951438296085,1475.4257416849541,1478.3353235835373,829.0437329834665
2025-08-03 05:45:00,1489.7739236144637,1495.9499187877784,1482.5049729937605,1483.4971837544563,5882.233100048611
2025-08-03 06:00:00,1484.5630018596385,1492.2063480594595,1479.7171503355285,1486.5020368416738,3130.5142964251036
2025-08-03 06:15:00,1461.0606303618601,1469.6847914452364,1459.7497569879615,1463.6581657269805,2006.4872240560755
2025-08-03 06:30:00,1476.6479076787723,1480.9100714116134,1471.443811422789,1474.9927879325205,7408.220862943164
2025-08-03 06:45:00,1489.5167945204737,1493.3778339148755,1480.9965836987735,1490.3117787288377,4025.792641401823
2025-08-03 07:00:00,1505.8338576380254,1509.8876948765576,1496.970670117872,1499.9723838091966,3393.2930973661855
2025-08-03 07:15:00,1509.2785051423634,1516.5494841330262,1501.3440572512397,1511.6994710611034,9440.767521562053
2025-08-03 07:30:00,1505.3992570276027,1508.2466400241417,1502.768735842961,1503.6314635826225,5476.925597945748
2025-08-03 07:45:00,1511.4851723150969,1514.5339712364591,1508.680044464055,1506.353903339512,868.7583518854277
2025-08-03 08:00:00,1503.4214378267002,1509.0244725296031,1498.6500733235714,1502.416325538738,3907.153717423292
2025-08-03 08:15:00,1506.1398104350078,1509.408097193534,1499.9870003181657,1503.03399138029,7628.890608612248
2025-08-03 08:30:00,1491.2952470493258,1493.982321696209,1484.1472041161446,1482.6479253488885,3455.4200963618737
2025-08-03 08:45:00,1501.769974495107,1505.9714915002983,1498.8885613530103,1499.249430696096,5853.169444709889
2025-08-03 09:00:00,1512.7283427642747,1517.2146363525274,1512.3212509408977,1511.8625896085507,5518.114343088291
2025-08-03 09:15:00,1542.543481296944,1543.7757931586277,1530.9347859449522,1536.3944428123727,8372.152933575826
2025-08-03 09:30:00,1546.0820680519655,1554.9161161422182,1543.0481320040037,1545.5208195019234,8316.553066805278
2025-08-03 09:45:00,1517.2158678687954,1517.4336926635826,1509.1561273295729,1513.044700786258,9557.136451010856
2025-08-03 10:00:00,1485.701195131147,1497.672518609565,1483.7783926014083,1488.6688388796836,5357.242122417843
2025-08-03 10:15:00,1489.1960249960566,1495.9061052694915,1491.112899318827,1497.3695490476223,824.4466463183766
2025-08-03 10:30:00,1498.308410879918,1507.2135272777898,1492.8547966449942,1500.0192003156833,596.419011183011
2025-08-03 10:45:00,1514.7136041126491,1521.0021675000787,1509.0220095790046,1512.6935604518576,4974.856256507917
2025-08-03 11:00:00,1530.994938609879,1537.9845435266257,1524.5693603465043,1529.0920566151333,8340.68540933794
2025-08-03 11:15:00,1521.5987274502377,1525.7941486951527,1515.5857080920048,1523.9759631597597,4504.252282793298
2025-08-03 11:30:00,1503.8699421396877,1511.0886752771448,1502.8359514482213,1502.1467310854082,7907.780378400431
2025-08-03 11:45:00,1537.2215537763334,1539.8396200103928,1530.4402847835768,1536.0186220916526,6331.623833378123
2025-08-03 12:00:00,1523.9767093900807,1529.6322175049477,1524.1761530805322,1522.3652164507337,2107.895044473139
2025-08-03 12:15:00,1517.270632466344,1514.7867617978955,1507.938231766154,1509.689089820269,4460.304999397417
2025-08-03 12:30:00,1542.5957546072088,1546.942843885475,1537.272677352477,1539.1272400684688,4768.500549149058
2025-08-03 12:45:00,1561.3016026052642,1560.8591530612925,1552.4769488698155,1558.4952025160949,2713.6680760050695
2025-08-03 13:00:00,1562.5539099384005,1563.6797382948566,1553.5693750257599,1556.6763165399288,7502.738509832153
2025-08-03 13:15:00,1559.5940080724251,1562.9676426278893,1557.7077755846408,1559.2746039853628,9870.11184925638
2025-08-03 13:30:00,1564.1569413513214,1572.6046540118793,1561.8370772777132,1564.5445423034766,548.0639145911173
2025-08-03 13:45:00,1604.968564983256,1606.507782161221,1598.1722378334775,1605.2476638492276,1961.476438047471
2025-08-03 14:00:00,1623.942113742071,1627.8067805636688,1620.221228615159,1622.003198284755,6695.36812288518
2025-08-03 14:15:00,1618.6357205422796,1625.1129935526885,1617.7241863694742,1619.4049338818863,9764.59393088812
2025-08-03 14:30:00,1627.9210241847968,1635.8563538605079,1626.3453783299124,1624.5732487177524,5665.147679155238
2025-08-03 14:45:00,1665.9894073541543,1672.1914420714065,1658.3140918102933,1669.10294509135,599.0237459953864
2025-08-03 15:00:00,1668.288563625974,1678.2217952265555,1669.3581924333969,1669.3719070665113,7877.580621194904
2025-08-03 15:15:00,1682.8526910485095,1691.3379227749076,1678.9363488392178,1682.87786427145,9292.230886371739
2025-08-03 15:30:00,1723.7933607717412,1735.4621490190782,1721.072246694151,1726.76406485825,1199.1163507795097
2025-08-03 15:45:00,1716.4597186626454,1719.3343549015042,1708.5455600161608,1707.8896176258224,2265.924465907107
2025-08-03 16:00:00,1705.7969719507796,1710.7609353737307,1698.1469437235257,1699.273722494635,1257.543123523462
2025-08-03 16:15:00,1695.9472452483726,1707.1284913033592,1691.9185245365013,1696.8188143827695,4699.563202941399
2025-08-03 16:30:00,1674.380398597022,1684.293776363163,1673.5676169459252,1680.420590632755,2914.7504738145403
2025-08-03 16:45:00,1673.82146507228,1680.695817754774,1669.5886861617312,1679.9041280319245,9573.032186525394
2025-08-03 17:00:00,1675.6791935862161,1678.6646481513021,1669.6959977518964,1674.1226953229382,9475.209798712558
2025-08-03 17:15:00,1690.0467148874957,1693.696445828383,1680.1192501345508,1689.8448649812324,1825.273582423131
2025-08-03 17:30:00,1692.0385104021075,1700.277296181203,1688.8461162549083,1696.1739857827545,8083.230257202702
2025-08-03 17:45:00,1693.7392608535888,1695.7801997156066,1689.3106927728336,1691.162859535759,9237.69145876652
2025-08-03 18:00:00,1720.9053125318421,1723.588600235177,1712.514751425639,1716.9708209819532,3918.026398132052
2025-08-03 18:15:00,1722.9728680881494,1720.8778704430792,1711.5979338373386,1722.8638880490166,8534.931168945363
2025-08-03 18:30:00,1725.7971888131162,1734.9161426361954,1727.8728120583662,1728.6520756613706,5568.682264233396
2025-08-03 18:45:00,1761.2663936655267,1765.3339577672475,1759.1084677695833,1762.5280999618435,9562.401434294612
2025-08-03 19:00:00,1738.5889572600677,1747.1174188495768,1736.388280623158,1739.2492257275653,5835.096627820902
2025-08-03 19:15:00,1739.4965392603629,1746.769169870038,1734.108121600928,1738.2928249872316,8391.840665742602
2025-08-03 19:30:00,1734.9074461630375,1744.9773377156823,1729.2417874533235,1737.8767391001327,2638.673708328521
2025-08-03 19:45:00,1747.6079325753838,1748.0354597433834,1740.2615968587272,1740.1882382984672,8209.095933963434
2025-08-03 20:00:00,1749.4067902987222,1749.932049625185,1744.405154247425,1749.4305455204465,5267.318169736505
2025-08-03 20:15:00,1772.5647911380318,1784.2205782074582,1774.5255965452623,1775.0251793341997,6548.82384875249
2025-08-03 20:30:00,1782.286051875405,1786.1146225549928,1776.5589480753076,1779.0200771640637,7999.129473345027
2025-08-03 20:45:00,1805.7537470845366,1810.2496398513226,1803.268282316989,1802.3760448935404,420.62809104683396
2025-08-03 21:00:00,1782.0162702253017,1791.504775790291,1781.3859593084865,1783.927852261737,7342.2226180577545
2025-08-03 21:15:00,1797.7486046108675,1805.898444508977,1798.09516181649,1797.185272236559,7506.672592278507
2025-08-03 21:30:00,1774.3050571816423,1782.6771370181496,1773.4606004926402,1776.4154214352031,168.18969173537536
2025-08-03 21:45:00,1796.5239659466167,1803.3030178697352,1793.0426525372932,1794.554803646871,7027.835733744345
2025-08-03 22:00:00,1801.133476791181,1812.6316569170033,1800.8422223073298,1805.331536680518,2482.7637800827115
2025-08-03 22:15:00,1798.2538868700894,1801.729798808709,1787.5344241816274,1798.4481074858684,2356.8864159744353
2025-08-03 22:30:00,1800.0321721134171,1802.294119632252,1795.5062071475882,1800.7821363311105,8809.661340495699
2025-08-03 22:45:00,1805.6565251935845,1810.3115386144177,1797.54881873965,1804.6872900464666,3798.465110113304
2025-08-03 23:00:00,1816.6432462461717,1815.8902039418792,1807.6085593893538,1813.7855894913675,5598.403999305217
2025-08-03 23:15:00,1809.4747289646386,1818.4647905192267,1803.905986485315,1807.959285357409,9675.157432531656
2025-08-03 23:30:00,1808.7413084320694,1815.1110257434589,1804.4150950656642,1813.1616427850859,5632.546329579688
2025-08-03 23:45:00,1784.4866074003735,1792.375530585451,1782.3567951958362,1789.456035918289,2141.452745547147
2025-08-04 00:00:00,1789.4280143989838,1791.424894552534,1780.2774893167245,1784.35957376033,5249.914521753486
2025-08-04 00:15:00,1771.2907483048411,1780.5665237559854,1769.5198596685202,1768.9756204097796,4222.265307005371
2025-08-04 00:30:00,1770.989819912416,1775.6304257158156,1766.895718790924,1767.741285168104,8788.844705995934
2025-08-04 00:45:00,1770.131995071453,1780.5514444328728,1765.952369433075,1771.446315036739,7932.167093994398
2025-08-04 01:00:00,1781.4700517198614,1784.4356690497975,1774.9998469241732,1776.8478091188156,2970.164238417878
2025-08-04 01:15:00,1779.1753712405975,1783.1282092632694,1768.6551961258097,1775.1155159128814,6695.822331486077
2025-08-04 01:30:00,1774.5143973031902,1777.373715623162,1770.6346126636108,1776.35273377245,3531.697935898719
2025-08-04 01:45:00,1738.8116294317003,1743.6413358490263,1733.4795094697795,1739.9339454959488,176.04300954367494
2025-08-04 02:00:00,1719.5699893429899,1729.4365961888816,1718.8098794176926,1721.3099734002121,3555.477277613064
2025-08-04 02:15:00,1686.8059115888627,1690.592815349148,1681.5637201497311,1692.4410979361558,5862.603483715421
2025-08-04 02:30:00,1672.6165711367319,1677.504967351858,1667.4639248400538,1677.3116576212938,7841.114174157909
2025-08-04 02:45:00,1679.4791917821267,1683.8706687885958,1668.9144450939816,1673.114034841891,8865.659036833065
2025-08-04 03:00:00,1673.2568326183618,1674.3855307182234,1666.2549322560824,1669.6759280433728,4039.565017605767
2025-08-04 03:15:00,1647.197328606281,1649.9574552694905,1639.0082456028792,1642.7888616513715,405.2291545041429
2025-08-04 03:30:00,1592.8500520173882,1596.676570700555,1586.4536431754595,1590.3424091774857,3260.744794191123
2025-08-04 03:45:00,1609.9578238313495,1614.2708800192415,1605.011227739679,1606.7555120626498,1757.9941668488743
2025-08-04 04:00:00,1600.013645994007,1608.1284933954842,1598.3820618690852,1598.318867116101,8354.650644041889
2025-08-04 04:15:00,1602.8886309427667,1611.7031672198764,1600.1629581266727,1610.0433944794197,8542.36991806229
2025-08-04 04:30:00,1615.6448472933532,1616.8009327908348,1609.7674493078898,1614.995401118172,1324.6499040408662
2025-08-04 04:45:00,1603.4002962435936,1609.52173438478,1600.5836303021536,1604.3930620778033,9545.768600707539
2025-08-04 05:00:00,1593.2995393991775,1594.927435297071,1589.294512493734,1589.0606863914516,4355.269641598278
2025-08-04 05:15:00,1603.694071663761,1607.6695396898442,1599.395929234557,1609.9527493351736,102.36083595748681
2025-08-04 05:30:00,1616.8752268463304,1621.5584426368387,1614.596474015099,1614.7613402127704,6748.750279193605
2025-08-04 05:45:00,1610.4218980602432,1615.08858286627,1602.2536626485878,1612.929955061943,429.9844919063001
2025-08-04 06:00:00,1599.1237958158454,1599.6827245333486,1593.5130243006288,1598.1610777089636,9236.25590989395
2025-08-04 06:15:00,1597.111361264959,1600.282317383829,1594.113287295199,1601.312247548118,8306.448619872528
2025-08-04 06:30:00,1594.5123911081253,1603.9123020052814,1590.0899162934027,1599.9273172040348,2481.253695163537
2025-08-04 06:45:00,1576.716660110202,1584.3731236352469,1575.469178497497,1576.7985922653763,7976.6296622740665
2025-08-04 07:00:00,1591.6989472916996,1596.7342314139878,1586.9453680066736,1589.715674161212,3057.1953958880486
2025-08-04 07:15:00,1613.3225425448684,1619.0460331378151,1609.1956700817752,1616.0476529417856,203.73499238492246
2025-08-04 07:30:00,1639.0457342253144,1638.7996697918882,1627.7221280677416,1640.0350238983344,5032.232661628328
2025-08-04 07:45:00,1644.0281873645645,1654.0859292323762,1642.8439233468796,1649.6332171201402,7765.287397802188
2025-08-04 08:00:00,1663.7002373594466,1671.926405075545,1664.4803805751899,1665.2992152367851,4075.4984838834093
2025-08-04 08:15:00,1675.7758943649578,1684.475548172167,1672.8896490741836,1676.599127811905,7786.758049938805
2025-08-04 08:30:00,1684.0492809056482,1688.0894544112227,1676.7373406790273,1680.2850882261541,2780.113925587797
2025-08-04 08:45:00,1659.915360677447,1667.3118267459636,1660.6770117787123,1664.4353981550655,6080.764393796875
2025-08-04 09:00:00,1666.8159973344805,1672.4880731576675,1667.1866629559086,1667.7329885229958,4506.544511538757
2025-08-04 09:15:00,1639.523811001902,1641.4416740745323,1629.7087433008287,1636.410519210151,7871.503454722703
2025-08-04 09:30:00,1659.1353659861768,1669.8432616945718,1657.3945328110824,1661.7704906974277,6239.171608405343
2025-08-04 09:45:00,1649.7344202520646,1659.517256932047,1648.6234418610288,1649.0922125366735,4996.671226704284
2025-08-04 10:00:00,1658.0293527552776,1663.89388216539,1655.3691611096874,1657.7919317111694,6400.3937840792005
2025-08-04 10:15:00,1659.0412897456115,1666.945767825416,1654.4273797014644,1657.178342769958,7891.9011377090455
2025-08-04 10:30:00,1681.1229849936776,1685.948607413198,1676.4906482079773,1678.5010039891113,3780.664421686417
2025-08-04 10:45:00,1653.9173911118357,1656.5097553856313,1645.1269044609753,1656.8490119601233,2107.324511092842
2025-08-04 11:00:00,1638.6676687777558,1637.2735573994348,1631.7402111436115,1633.459595779352,9712.14240174168
2025-08-04 11:15:00,1608.91696054434,1611.1504554809558,1604.964373346498,1606.281088602362,4448.454258959687
2025-08-04 11:30:00,1598.759479687767,1602.643078935098,1588.5996315810278,1597.5355039589972,9197.646728205433
2025-08-04 11:45:00,1585.6269401811576,1595.5334140026355,1584.231732734987,1587.7740101789952,3745.1325818148593
2025-08-04 12:00:00,1571.7809363379276,1577.454292837753,1564.0238023018114,1575.8349898109857,2448.6638351507786
2025-08-04 12:15:00,1527.1514793395122,1534.8646101739355,1526.6422820464427,1530.5118785900768,1967.4922285959233
2025-08-04 12:30:00,1528.2151766864952,1536.4508637250492,1524.2117010723969,1530.3282867270793,1986.7904383996647
2025-08-04 12:45:00,1535.9609395589537,1537.0087641584198,1524.6928784815045,1534.2380102999612,744.7005192577403
2025-08-04 13:00:00,1540.5395116850434,1545.8801048570494,1536.0456684208832,1537.5187681520335,4161.216367391706
2025-08-04 13:15:00,1509.7965748168422,1516.3242257534598,1507.941429182232,1511.5292006984942,4689.920037480431
2025-08-04 13:30:00,1516.6279607489005,1524.8345939903168,1511.302226739915,1516.5911948115213,6285.026307386125
2025-08-04 13:45:00,1499.5814865429738,1507.0079028667556,1497.4166986585562,1500.5151423466973,534.9717205630762
2025-08-04 14:00:00,1496.9816358892135,1497.7481988849481,1488.870579408631,1495.0370574952788,9273.38454165068
2025-08-04 14:15:00,1478.0755048678059,1482.3649140281927,1473.9066777605367,1472.3179238778316,3925.06039258138
2025-08-04 14:30:00,1477.8775200227883,1487.0726163579102,1473.377877603598,1483.4948786364391,5614.318643455902
2025-08-04 14:45:00,1472.4449025986082,1473.0807724559331,1467.560121247973,1465.546125306149,1528.5071447750356
2025-08-04 15:00:00,1454.0210354718668,1458.4880156305362,1448.7925075614178,1452.8746857600938,4703.216181619309
2025-08-04 15:15:00,1446.0124984799556,1456.242465959701,1446.3471641288131,1449.9083454192648,6313.149504390285
2025-08-04 15:30:00,1456.310770256455,1463.9413807576555,1449.7643956936015,1460.734120313168,8300.6452545176
2025-08-04 15:45:00,1475.5071093396984,1480.462214199045,1473.9435972256008,1476.3416778998098,4239.228669064622
2025-08-04 16:00:00,1494.0141265600764,1494.7308481209582,1485.113906804634,1487.5615990949655,2569.733440378165
2025-08-04 16:15:00,1475.3995466633446,1481.897600031316,1471.0171425634287,1474.485017410109,6966.617387701335
2025-08-04 16:30:00,1478.0782783049765,1481.3558327633748,1468.73404622213,1474.797557298391,1116.6521345319952
2025-08-04 16:45:00,1491.9200927250226,1494.678216648225,1486.7984681952269,1496.4237742401601,1453.1338931754367
2025-08-04 17:00:00,1466.58681237107,1477.2269622447159,1466.0431840291308,1471.4951665500225,9938.208646111525
2025-08-04 17:15:00,1480.4319328705683,1489.013970622076,1473.3775735218119,1476.4900484104166,1690.6539094969205
2025-08-04 17:30:00,1490.5717514710018,1492.6507165613903,1482.516147388249,1486.8825392012375,2472.0473576946956
2025-08-04 17:45:00,1486.6513941388607,1489.9054118564154,1479.4350801640194,1488.5043941509969,8560.122370933417
2025-08-04 18:00:00,1476.093747432112,1477.0857112679637,1465.4967473397294,1469.263120913539,897.7221370889882
2025-08-04 18:15:00,1464.9693845330482,1474.6453550844749,1463.3521441753498,1469.5971351616108,3421.9867017755114
2025-08-04 18:30:00,1458.18635038162,1460.7932678615218,1452.1328084782947,1450.3482045579653,4680.2217749909205
2025-08-04 18:45:00,1444.8979308709204,1451.3387615781419,1440.173574871933,1448.0169409484372,8676.018705016722
2025-08-04 19:00:00,1445.0712216661095,1445.2622434270834,1439.7817417257695,1438.5441442422884,4309.9568717132925
2025-08-04 19:15:00,1447.4049541561567,1451.1465140567288,1445.0273788501743,1450.5152124313336,6136.042565060191
2025-08-04 19:30:00,1460.4256570643067,1463.96321671619,1450.4644597737404,1454.5356675933126,5614.956927775292
2025-08-04 19:45:00,1445.9051386112899,1456.7298528205981,1443.861694064781,1446.4751258635306,4684.753664738721
2025-08-04 20:00:00,1444.7666765925849,1442.4312728889702,1432.33348346961,1435.358382525037,8971.450461369726
2025-08-04 20:15:00,1447.9727745008847,1457.4901445589471,1448.7494046303636,1453.6069898546643,6431.670304920708
2025-08-04 20:30:00,1465.9963631641342,1468.6009564077876,1459.1334016256124,1467.2870268927363,751.510118450826
2025-08-04 20:45:00,1474.961271742351,1479.7222420685457,1469.2281111939524,1473.5879162946167,1413.5927857236788
2025-08-04 21:00:00,1465.8815372743763,1472.1341871621692,1461.9949158568538,1464.3432732413337,4365.9168527160045
2025-08-04 21:15:00,1493.1725514646068,1494.0333401381843,1483.4514099819494,1493.466089746226,7628.16766502509
2025-08-04 21:30:00,1498.116616967225,1501.3386486675386,1491.840205231108,1495.0594201464583,7712.313296323078
2025-08-04 21:45:00,1508.4581501427347,1507.0696138622952,1501.3885760720962,1504.2468309548465,1652.8770532496787
2025-08-04 22:00:00,1491.5067454762197,1495.1054492730855,1481.06017156166,1488.3083537724617,1830.9563808248504
2025-08-04 22:15:00,1497.123940845043,1506.1916212692938,1496.1019625765537,1501.9573813965753,5538.262181873729
2025-08-04 22:30:00,1489.8291226227316,1500.417736187256,1488.7735020268728,1496.3317480131927,5227.438485713252
2025-08-04 22:45:00,1516.3183707243636,1517.2682270016378,1506.9188445167572,1513.477164060074,1168.049398920867
2025-08-04 23:00:00,1503.6019665867022,1511.068923699792,1504.714581127935,1505.3522263216646,3858.967868323771
2025-08-04 23:15:00,1526.8143498888865,1533.2371286542877,1522.909436892282,1523.700078378303,1110.2178286106766
2025-08-04 23:30:00,1501.2106512572777,1507.002003490585,1500.157048564126,1505.4127611828387,580.0774236875905
2025-08-04 23:45:00,1515.6855087350195,1519.0122783916495,1510.967564343371,1518.4513440201436,5094.39753267216
2025-08-05 00:00:00,1527.2729485887762,1526.79620586719,1519.3150736509958,1523.243397909938,2231.806727938029
2025-08-05 00:15:00,1542.253373486923,1544.1821481779416,1534.6054718395721,1534.2631506880023,3385.732437678428
2025-08-05 00:30:00,1549.620929666921,1561.3191280690075,1551.1557504088091,1550.2692728109491,8982.69042129636
2025-08-05 00:45:00,1544.1130830241784,1553.9260323379342,1543.4167079974088,1552.3581735391451,3651.1571336404704
2025-08-05 01:00:00,1548.1179041936693,1551.3551499718333,1539.581802108651,1544.1548830668055,6685.9506029596405
2025-08-05 01:15:00,1558.99179644742,1560.9968040045549,1547.763359028815,1557.2276397781604,3269.6235468095856
2025-08-05 01:30:00,1534.6155949185493,1537.583187958643,1525.9594122698154,1527.615450851714,5923.435987677988
2025-08-05 01:45:00,1526.4792099503406,1533.8535388538187,1520.5850361599828,1525.3688155572809,8576.957868383723
2025-08-05 02:00:00,1550.1984938448368,1550.0074049200293,1543.2770758107508,1549.1113561455718,6175.268977644525
2025-08-05 02:15:00,1521.53682154246,1528.0159076948346,1514.516518460621,1522.0160812161007,2320.5621469295775
2025-08-05 02:30:00,1535.9350905811334,1538.4257841158887,1527.892199029279,1535.3625060494405,3154.949246623721
2025-08-05 02:45:00,1534.2460103527171,1539.553080122185,1532.5487874790458,1539.6279107797645,9543.488543166886
2025-08-05 03:00:00,1547.4620516529092,1551.8990904273119,1540.357346150608,1547.402625781288,4973.97117007822
2025-08-05 03:15:00,1543.2329897361647,1548.0324918487624,1540.0012852709726,1541.5387777685742,3817.4719305970743
2025-08-05 03:30:00,1529.7874675836226,1533.147771763923,1522.4396595013272,1527.0473648445459,1836.5743236436188
2025-08-05 03:45:00,1519.908773746469,1525.3990100675856,1515.4290372894927,1524.705840195679,5192.586147556794
2025-08-05 04:00:00,1517.3897536578068,1515.746100388945,1506.216917258508,1511.513733078686,4599.136465690147
2025-08-05 04:15:00,1501.1410318557,1511.1257304935536,1498.1583271337122,1500.4899704292186,7777.889567076481
2025-08-05 04:30:00,1520.710774154401,1520.6273051616781,1509.8892089804979,1515.6207584147394,858.8378352130217
2025-08-05 04:45:00,1523.9840887981766,1526.9846969756413,1517.3136024512307,1524.227679911132,4295.872263216021
2025-08-05 05:00:00,1533.5640325198863,1536.406212613913,1525.1772800117458,1528.297862514075,2104.2569893557516
2025-08-05 05:15:00,1524.5339630091855,1532.0085276247416,1519.2399965187226,1524.268070291715,3648.6032715441206
2025-08-05 05:30:00,1502.9198415260134,1509.936520135999,1499.5597163104192,1506.625344782633,1606.6904824188687
2025-08-05 05:45:00,1514.4032543080148,1516.4756452471418,1509.3336365153036,1514.706196674941,2952.481452942663
2025-08-05 06:00:00,1502.5691215319325,1509.0633708815062,1503.4535649133938,1501.9930771965837,1102.611959569348
2025-08-05 06:15:00,1492.588839162921,1493.4243710455655,1483.3283461379117,1490.6566765395503,8948.531847268016
2025-08-05 06:30:00,1499.3142926093622,1501.8795414208573,1496.596963211674,1497.4998797027845,2988.6862715826032
2025-08-05 06:45:00,1482.2645921052897,1491.4094714998619,1478.2099335633281,1482.1337445583779,7909.8495828564355
2025-08-05 07:00:00,1504.3830629650329,1510.9541822848655,1499.9146906902618,1502.6244535377082,7189.78190612272
2025-08-05 07:15:00,1507.291777520983,1512.2297376284564,1502.8626192009917,1504.3914636153615,3934.7256089096068
2025-08-05 07:30:00,1508.965452434315,1513.6762896915284,1502.288813458898,1501.8956427957094,3891.669353132543
2025-08-05 07:45:00,1515.9944682850505,1513.9742095251938,1507.5410793938522,1510.4136184807899,1909.9629246654326
2025-08-05 08:00:00,1516.2882168400688,1521.3207641457304,1511.4420435521072,1517.0199959506735,3597.1397343557337
2025-08-05 08:15:00,1517.1644362617499,1519.5803085099947,1509.1571643173506,1518.8776683437034,1506.065146404855
2025-08-05 08:30:00,1521.566726043705,1531.716792267151,1524.4974130653081,1527.5457313162922,414.61030019654453
2025-08-05 08:45:00,1527.106568029579,1535.4699244356684,1524.7202505278194,1527.0867257750547,5392.049680814202
2025-08-05 09:00:00,1535.9295002516121,1544.527010465956,1531.348395808094,1538.4164935736421,5418.999728098743
2025-08-05 09:15:00,1535.687188587834,1542.533419073132,1537.1583532648401,1539.2411655949402,4616.982270478895
2025-08-05 09:30:00,1538.5181500890953,1551.0552708437704,1540.2821883307145,1546.979200273428,8575.99776161235
2025-08-05 09:45:00,1536.3911331826482,1542.4770994940802,1537.6296460601586,1536.058877198095,7459.471945111045
2025-08-05 10:00:00,1523.766994645601,1526.2731429525766,1519.5961845449674,1519.113346169173,3376.266078943011
2025-08-05 10:15:00,1504.518355935484,1509.1388546217427,1494.1631833942317,1496.833328041723,1255.4165446818208
2025-08-05 10:30:00,1508.494407059838,1516.1469152582038,1506.4114264485565,1514.5344297838092,1856.6024041754247
2025-08-05 10:45:00,1515.0539152071715,1515.502473990373,1505.7158725665763,1509.4674249600569,8881.078910476741
2025-08-05 11:00:00,1520.1297250516254,1523.0754904956834,1516.1008088930732,1522.1141210036662,911.4558609564825
2025-08-05 11:15:00,1528.8044780386595,1533.2307319433853,1526.2638067180835,1529.1957651961704,7789.822119158602
2025-08-05 11:30:00,1537.389157559867,1538.0229643167027,1530.3673445377297,1529.1359536358818,9904.725569711836
2025-08-05 11:45:00,1532.6337541194741,1531.6491392082432,1521.4384575776642,1532.296627149578,6785.296526848436
2025-08-05 12:00:00,1519.724166629605,1519.5436993166982,1508.17163788031,1511.8123052523727,1455.7715975272515
2025-08-05 12:15:00,1528.7070282730174,1531.8822204264955,1523.8957693040952,1524.2698185280601,5165.826054336395
2025-08-05 12:30:00,1499.2908209660052,1498.7248552723352,1491.99082074661,1495.9432283036222,9591.441746048855
2025-08-05 12:45:00,1478.2460312685464,1487.1095697889718,1476.6780281957238,1475.823137011437,4591.501597530665
2025-08-05 13:00:00,1491.4398665904505,1495.9571671639367,1486.570824683792,1488.517127714749,5628.107264949436
2025-08-05 13:15:00,1490.6639035326543,1498.807829172209,1486.112873649707,1495.4013617216933,7534.482373026418
2025-08-05 13:30:00,1491.6078786637327,1499.3672130890884,1489.9112943250386,1493.0825116963156,8545.550619245618
2025-08-05 13:45:00,1498.107214728952,1498.1725192718245,1487.1722522257955,1489.7060409679684,4497.952989879921
2025-08-05 14:00:00,1511.8289612074398,1517.829062649322,1509.6419368753977,1508.8741129448877,8666.7884671368
2025-08-05 14:15:00,1508.0945758412677,1508.1193817398075,1503.4673595936863,1508.0718175423547,5052.786366876172
2025-08-05 14:30:00,1500.2327526983568,1502.3230869504082,1496.695258586354,1500.4569867381615,8124.289048374198
2025-08-05 14:45:00,1490.1109065762387,1497.1152500629473,1483.39604499961,1494.8248861799011,5165.401263550539
2025-08-05 15:00:00,1482.1406641769827,1490.931879735738,1477.358070403513,1480.6905075944308,4443.642171186933
2025-08-05 15:15:00,1493.0849885067519,1492.7632861850902,1484.3409274512537,1485.704361753138,6480.998417819042
2025-08-05 15:30:00,1453.6828329500524,1453.726815621944,1443.092169480441,1448.8386026039293,8163.43004131232
2025-08-05 15:45:00,1445.1505575041062,1443.8879291931485,1437.282438852371,1440.2580752403276,7499.85210881392
2025-08-05 16:00:00,1431.98513597776,1434.2888930617837,1423.6208951096507,1428.430907739408,8566.082117260748
2025-08-05 16:15:00,1426.6292360620612,1432.550814522275,1421.3524936864071,1424.9606097162666,8020.397768446102
2025-08-05 16:30:00,1405.4253685565488,1411.9220241777787,1405.912728808841,1414.0835371832045,7214.178359635683
2025-08-05 16:45:00,1417.7697713098216,1428.0179660413728,1418.5616452481688,1424.804853979349,6737.128374119393
2025-08-05 17:00:00,1446.166057110487,1454.6094320668642,1445.101653576111,1452.7868342962815,9102.583223512464
2025-08-05 17:15:00,1470.0947376719428,1474.5654430809266,1460.8457233359034,1471.8666038592528,5470.532712891061
2025-08-05 17:30:00,1489.6182673872888,1493.367185042261,1478.8755104664708,1486.9481522853284,8932.605847723757
2025-08-05 17:45:00,1506.0649603709512,1510.8726610855208,1501.2810328345402,1502.454298945657,4770.891563381363
2025-08-05 18:00:00,1506.9698376978865,1508.9022802048755,1498.895592624182,1504.0314613629175,2373.2607841822187
2025-08-05 18:15:00,1511.2947606318069,1514.1908787681234,1501.505588386448,1509.1805784950914,5834.422052214679
2025-08-05 18:30:00,1491.6158063873163,1492.9388171923479,1479.36047816938,1484.0671661536953,795.3476801275594
2025-08-05 18:45:00,1466.7354333349126,1472.2821446417079,1465.083354036691,1474.195652519907,462.0188344207891
2025-08-05 19:00:00,1491.0136588473435,1497.6661944280213,1483.744720389158,1494.1727223831474,1500.727361614275
2025-08-05 19:15:00,1509.4599426970474,1514.9714867759776,1504.6875671203863,1505.952723396248,2573.958700946136
2025-08-05 19:30:00,1512.1626332809474,1518.4893627605766,1508.7012319793155,1507.59581957814,3508.964769566144
2025-08-05 19:45:00,1480.5116302135166,1485.8876057858995,1475.154288929027,1483.8107131660606,5214.822996869242
2025-08-05 20:00:00,1486.8352189489729,1491.7884739576818,1476.3278085368067,1485.694130577906,8379.254717497177
2025-08-05 20:15:00,1493.198021331742,1495.0339052855452,1483.3915186855515,1494.3897167109353,5130.958192194317
2025-08-05 20:30:00,1484.7108058078466,1488.4156556280006,1478.3633426929987,1485.340202734897,8104.322762245606
2025-08-05 20:45:00,1495.9317649929817,1503.4601943908308,1491.463860550872,1501.7476665402821,2038.141906143334
2025-08-05 21:00:00,1520.9083631536491,1522.9534979336856,1516.4269044708788,1517.395799323982,4785.565106771645
2025-08-05 21:15:00,1529.0067577426391,1533.2492280071372,1520.0229315366782,1527.8697461043976,9834.194106592604
2025-08-05 21:30:00,1508.8874768207131,1517.6659677295058,1510.003951909729,1514.2139551773303,5668.740483351222
2025-08-05 21:45:00,1525.8352495622926,1532.303996588664,1520.6463775876687,1530.1323729570965,4816.70453743866
2025-08-05 22:00:00,1538.590793581641,1543.577499652404,1533.6237275392966,1539.8261397988963,5517.007082588308
2025-08-05 22:15:00,1503.7970342666815,1510.36406572578,1499.7581430354096,1506.437528892834,1620.1636814315846
2025-08-05 22:30:00,1506.2032029013724,1514.550626219151,1504.3280671669975,1511.617752976684,171.05929184750246
2025-08-05 22:45:00,1504.5802804841953,1508.4841403149526,1496.6178840124467,1497.0351432677808,509.45711858078727
2025-08-05 23:00:00,1516.4911641101912,1524.3256454408445,1512.682285835622,1516.0797831084415,8623.764293969358
2025-08-05 23:15:00,1528.0235470411944,1529.3162522487505,1519.455400881255,1520.4972742149705,6792.379021524562
2025-08-05 23:30:00,1534.9072272714047,1543.9153164115232,1528.0647391524324,1534.2657958675893,7613.286020221292
2025-08-05 23:45:00,1545.9729547220343,1547.5089719237153,1538.5891556830559,1543.0391139024325,8589.13019384624
2025-08-06 00:00:00,1549.9297872499058,1550.5082928565498,1540.5479324544795,1552.2545749205058,3694.0552843949613
2025-08-06 00:15:00,1557.3222764471222,1557.8212812625427,1550.2313666755347,1552.5338238787579,7253.98688027681
2025-08-06 00:30:00,1595.2163393053615,1606.625420836184,1594.2094973169264,1600.232186134501,7150.537281494013
2025-08-06 00:45:00,1606.5026124871263,1611.470808560507,1602.3329185514197,1603.1399092726224,6035.199024493059
2025-08-06 01:00:00,1620.588016631169,1623.0209861337014,1615.4144607172577,1621.5550433856695,2699.2490702556674
2025-08-06 01:15:00,1631.7139689208175,1632.9975721435044,1624.4440680119442,1633.0640785374803,5748.253251766453
2025-08-06 01:30:00,1615.6120562623387,1619.310876445796,1613.0199123532093,1620.383109012621,2864.684675200355
2025-08-06 01:45:00,1635.1483133669929,1637.7267110234552,1629.6288548538853,1628.606774915676,3785.0741833430934
2025-08-06 02:00:00,1645.7677288750695,1646.7653010224653,1637.4893638437954,1644.1636322101701,7021.408395100953
2025-08-06 02:15:00,1635.55919557006,1635.563038169701,1628.176611585927,1634.5893099233165,5257.403599296638
2025-08-06 02:30:00,1628.8273143928802,1636.1229262811853,1628.525442816915,1636.856338377806,6207.499962921862
2025-08-06 02:45:00,1644.9929116785681,1645.4307182843738,1638.850913514523,1645.7863776217037,238.18461056011697
2025-08-06 03:00:00,1640.2524599163091,1647.252220308149,1640.0970855747962,1641.2578255413764,2645.029400624615
2025-08-06 03:15:00,1660.9273612174998,1661.7385639748102,1653.0460238692697,1652.471939828981,9261.741761955394
2025-08-06 03:30:00,1639.907681617205,1641.2651346019757,1636.5291373233977,1636.914932415691,3664.1138769263353
2025-08-06 03:45:00,1654.4849898706564,1658.8842121557582,1647.1104389168872,1649.6231110615697,2281.505564056598
2025-08-06 04:00:00,1646.036192645333,1648.8616132059797,1639.8886579559814,1648.179038564037,9303.668371506266
2025-08-06 04:15:00,1641.5580660197188,1645.6363707671135,1635.4409218243848,1634.7681596452887,9651.741475409071
2025-08-06 04:30:00,1622.632779497583,1626.8149140365167,1619.0825206665072,1627.8804086081961,9907.267958878545
2025-08-06 04:45:00,1630.3581561708045,1636.1897272302435,1625.4711942039023,1634.5962174375231,3259.006031704231
2025-08-06 05:00:00,1649.265388165463,1651.3166835536226,1643.5457987031539,1642.2128095378143,4734.401624245051
2025-08-06 05:15:00,1635.8191171017652,1645.2143080555873,1633.3253963607444,1635.029456015287,3474.9038554665995
2025-08-06 05:30:00,1652.0283423144797,1653.7072986953453,1647.6518518579617,1648.9652566221,9588.612875136863
2025-08-06 05:45:00,1631.089795543527,1638.7026178949998,1625.6075521226226,1629.6023275359057,9726.882799162791
2025-08-06 06:00:00,1612.8841147781898,1622.1595444029379,1612.165961382285,1621.2256271355384,4858.591668534231
2025-08-06 06:15:00,1600.8709921053182,1607.390259078865,1598.393916033754,1600.7635580089045,2514.6731910389644
2025-08-06 06:30:00,1617.6575667745274,1627.8067826253175,1614.1736300647115,1624.7668413762515,3649.7062281699573
2025-08-06 06:45:00,1597.7855822673296,1602.036049042074,1592.2651858264958,1599.2581300656186,9342.419818422139
2025-08-06 07:00:00,1600.754039970702,1605.8040715331122,1592.7800260729025,1596.1045118241273,964.8456946680327
2025-08-06 07:15:00,1611.6971106477542,1615.16868205993,1608.3340928604134,1612.6188834285724,7914.833080413779
2025-08-06 07:30:00,1608.499578892106,1612.109025572813,1601.1055930617333,1607.6023236760363,124.17272231989188
2025-08-06 07:45:00,1610.9679942742114,1613.1673476011258,1600.1141770095885,1610.3646170903744,1294.8049863193805
2025-08-06 08:00:00,1642.3616651815892,1642.1439250284889,1634.7472912384715,1639.9228227098192,8400.17028092737
2025-08-06 08:15:00,1653.9937672477802,1658.1779419209279,1643.582505797111,1649.9280257943217,3195.374053709154
2025-08-06 08:30:00,1668.5550514712734,1667.8521730012974,1657.781857680756,1665.8830932134963,2150.335934060804
2025-08-06 08:45:00,1632.9108841252557,1634.3103903130695,1628.0020170562484,1629.193510741429,9718.164748528583
2025-08-06 09:00:00,1616.2102533587963,1621.0498219758783,1612.7385954857834,1615.0505989378573,8616.913896572536
2025-08-06 09:15:00,1624.0471003266264,1627.325054902099,1620.4445698902223,1621.7537201837033,7710.5233569427655
2025-08-06 09:30:00,1647.2514104113347,1655.1794053744857,1644.5531492914204,1646.8421100054334,2320.42477407251
2025-08-06 09:45:00,1636.4056187649683,1641.2806307272776,1628.10558530789,1628.567854692142,4673.8617324346405
2025-08-06 10:00:00,1654.6421933375043,1656.5212570610859,1644.4022559860869,1650.6333543711469,9027.425417695407
2025-08-06 10:15:00,1630.198262327775,1639.0804270467513,1625.3497942280082,1627.1289292308034,8367.47962975992
2025-08-06 10:30:00,1662.741871845757,1664.8543442571113,1652.8094504529186,1660.330285037592,9577.562093818446
2025-08-06 10:45:00,1662.5382518888366,1670.4526062557316,1659.8769696107875,1666.8506672191377,7414.355895911767
2025-08-06 11:00:00,1672.7648755354642,1671.856406811388,1664.4099878089542,1664.3151768075127,2568.1254953197267
2025-08-06 11:15:00,1687.6441439197927,1694.0605452580858,1681.0436626548117,1692.7588363748462,1949.1361211463789
2025-08-06 11:30:00,1693.158885357004,1699.5637217397289,1687.4196636794084,1695.3037026477132,7942.805040980537
2025-08-06 11:45:00,1682.984239172046,1681.5277705268938,1672.281291267489,1680.0069556514127,9391.094425713112
2025-08-06 12:00:00,1682.983801813637,1683.8119082393544,1675.3095409465009,1676.0891162458302,368.3574053863078
2025-08-06 12:15:00,1692.565580350834,1694.6957418451866,1682.2470714514297,1684.2601289322708,6272.353792377355
2025-08-06 12:30:00,1691.8009093870703,1698.8169274447748,1691.0970420015196,1693.292765117301,1203.4500075422275
2025-08-06 12:45:00,1702.1984224109524,1703.8773956613843,1691.9294523337066,1702.1632146008333,6504.871136646455
2025-08-06 13:00:00,1690.2305677105896,1693.8351726468024,1681.5618174197402,1692.9967929831814,8632.698334454177
2025-08-06 13:15:00,1687.6823788662043,1690.7783136035694,1681.5659311491247,1684.421343131308,2432.646292528987
2025-08-06 13:30:00,1685.3378223930015,1693.471989972803,1685.3998258443414,1690.0832389014547,7503.4436962986865
2025-08-06 13:45:00,1699.7149954838321,1702.4515921387724,1691.8389791635946,1695.0015402884999,1458.805838744415
2025-08-06 14:00:00,1703.1805346574054,1708.1415744459239,1695.193496076108,1699.7880420129395,7254.797363725221
2025-08-06 14:15:00,1691.6255477255577,1702.347601801687,1692.8112995050947,1700.5709166446138,6090.901113934084
2025-08-06 14:30:00,1698.0037145665679,1704.2518648668836,1693.2549962278486,1694.761377002943,8594.357117958152
2025-08-06 14:45:00,1691.5859715377974,1697.3863248694681,1692.1539739043635,1695.802281468052,4913.115174548949
2025-08-06 15:00:00,1684.3874233520983,1693.0778529633528,1682.6713585278048,1684.5877364512976,1236.0545915664413
2025-08-06 15:15:00,1685.9109346868925,1688.386297915016,1676.2631801254483,1680.5582149397897,5169.4155639646815
2025-08-06 15:30:00,1706.010438913069,1710.7849432173557,1699.9606948252228,1703.8323686230135,5514.924515588393
2025-08-06 15:45:00,1712.1821179261121,1723.0304592027296,1707.9143742589874,1719.7960378225214,8472.209628145112
2025-08-06 16:00:00,1698.4612976420494,1700.996099854667,1695.0146015444627,1694.6857064568874,2903.174503141976
2025-08-06 16:15:00,1690.5099249692344,1691.4107211931116,1684.3041687534892,1684.8679935563594,7083.310320579826
2025-08-06 16:30:00,1707.1495899451913,1717.5770319534674,1708.881089733349,1713.9612354796839,6244.678326846929
2025-08-06 16:45:00,1705.6758045544684,1709.8556487347391,1699.5593753981311,1699.8830533832163,2909.1529907334966
2025-08-06 17:00:00,1683.8491688426252,1688.4276504501997,1678.5651437001598,1685.9636487889304,4972.375935725801
2025-08-06 17:15:00,1697.1862894749452,1704.950617540549,1692.7952713388602,1700.6976958680063,6562.944311035816
2025-08-06 17:30:00,1680.5147591234327,1686.1641007289084,1678.3160571446213,1685.6647611983665,660.2455730805514
2025-08-06 17:45:00,1699.7793226997517,1702.530905134764,1695.6975145076408,1699.1194037772707,8204.090580233997
2025-08-06 18:00:00,1713.7927456402072,1720.8938813349316,1708.8676577868741,1717.5123683471381,9861.755935886435
2025-08-06 18:15:00,1723.9591089183227,1724.5006987798633,1714.287088629749,1718.4750182127852,8261.327981154634
2025-08-06 18:30:00,1719.7431842248036,1722.8187856370423,1711.942852509426,1718.1862923084327,1071.4069893155397
2025-08-06 18:45:00,1718.432519121816,1724.28862475541,1715.0058386257963,1726.0348705145636,5666.955383443055
2025-08-06 19:00:00,1732.2200607747507,1739.6272688708395,1730.8873561747325,1736.6776823484722,3189.455303081803
2025-08-06 19:15:00,1753.6108596637587,1759.5881644411998,1746.595841015702,1751.941765383875,2809.578824377605
2025-08-06 19:30:00,1723.5470251643558,1726.1818207860929,1720.729698032494,1718.8564050463358,8665.138294260094
2025-08-06 19:45:00,1704.558137275159,1705.9494577095695,1701.4107458561573,1706.6403550957098,6494.9328532200325
2025-08-06 20:00:00,1718.9079321429044,1725.7941652826512,1717.7653501570514,1717.4893989245847,7543.239154355463
2025-08-06 20:15:00,1743.7780958833903,1753.9606659408041,1744.7270756039982,1747.3278171759619,3959.9637335688294
2025-08-06 20:30:00,1754.6716920136646,1756.7827455579372,1747.3222612553923,1746.615781823557,3009.1046966404833
2025-08-06 20:45:00,1756.0211876238466,1760.6048318274397,1754.4424316064146,1752.3007677415242,6637.3166692666455
2025-08-06 21:00:00,1780.2284317530891,1786.9076230419091,1777.3173401146441,1783.311242768041,8975.709244551295
2025-08-06 21:15:00,1768.1369021760377,1766.3003395221876,1761.7171583558254,1766.029697315905,5752.621651871347
2025-08-06 21:30:00,1772.847708534435,1779.2706182739842,1768.9257624592412,1776.9737471751607,8600.479527468764
2025-08-06 21:45:00,1780.6619126041228,1782.7002883147463,1776.1362062996193,1775.368337600396,5396.5388617276885
2025-08-06 22:00:00,1795.4058022294528,1795.1599950949465,1784.0318189677039,1789.787698193742,9233.447469800762
2025-08-06 22:15:00,1781.762810769968,1785.4063388246725,1777.0136232480945,1776.9094431871356,3086.8881931509595
2025-08-06 22:30:00,1794.1000602438924,1792.005733240706,1787.915758626695,1785.3325209962236,9655.686086654514
2025-08-06 22:45:00,1784.1099578194278,1790.14095501435,1781.182588448832,1787.2073023411997,4104.686397463889
2025-08-06 23:00:00,1790.0316039658126,1793.2221581867705,1783.3552536133489,1791.9854596941625,6900.939509009619
2025-08-06 23:15:00,1804.238102345714,1809.2842683788513,1799.2354472170045,1806.790741654155,2894.8576303375794
2025-08-06 23:30:00,1812.6125910896142,1818.8315131780269,1805.525849489041,1814.9944646680503,1318.6306346871909
2025-08-06 23:45:00,1824.5136416228875,1831.3815856950407,1822.7708143286372,1823.0443220224597,6287.984680335837
2025-08-07 00:00:00,1833.8707654235143,1834.424985771036,1823.5209862957236,1825.18181349805,7371.588429650245
2025-08-07 00:15:00,1823.1239840662581,1830.268742143985,1819.5891969191075,1822.2748476405868,7171.848369562717
2025-08-07 00:30:00,1832.8094799597532,1834.3903439627056,1826.5146425803093,1831.5799054126342,2906.46885825124
2025-08-07 00:45:00,1852.97750214887,1855.979111477679,1849.7864377978592,1849.92249712121,7788.454105137606
2025-08-07 01:00:00,1879.6850709608966,1877.1664425225795,1872.1681904795876,1877.8900980866756,8347.872466723316
2025-08-07 01:15:00,1895.879444733095,1902.7406270634974,1892.06428640229,1893.1166765095115,4552.18418217742
2025-08-07 01:30:00,1875.2991724013966,1880.8397339380067,1875.6859154617828,1882.3378084315455,9715.98225876171
2025-08-07 01:45:00,1888.0699546598055,1895.584220710558,1882.026144016274,1885.5077094228134,7491.539659815222
2025-08-07 02:00:00,1903.0552578496408,1906.0415149781877,1895.3300382563673,1899.0608571970254,6934.605236690561
2025-08-07 02:15:00,1929.147629552016,1933.8155336186821,1921.9577283524175,1925.727264450627,8018.721264256137
2025-08-07 02:30:00,1918.1495546997057,1916.8838169617186,1908.9837475478669,1910.4667789294522,264.52712088274336
2025-08-07 02:45:00,1904.5432188019463,1911.8752586631235,1902.2114021144891,1903.5961118806997,8310.949959981743
2025-08-07 03:00:00,1889.7275267185673,1894.711584084706,1882.4512812325372,1892.2490088450857,3660.092293759212
2025-08-07 03:15:00,1886.8031735385007,1896.0490909268701,1884.220721490925,1889.2250223302146,5525.206643585231
2025-08-07 03:30:00,1896.5730094836754,1904.125800716373,1892.8975653593266,1898.7084917187706,7717.316240649447
2025-08-07 03:45:00,1923.6509570748076,1931.127485431122,1921.9986258867702,1925.6203043193577,6634.482273264867
2025-08-07 04:00:00,1942.0486084318134,1943.35287002747,1930.7168317525256,1940.5216966907583,7088.484831984357
2025-08-07 04:15:00,1922.8795037793282,1926.2794348515167,1917.5376312300286,1924.4914437579096,5954.250307191059
2025-08-07 04:30:00,1925.268826868356,1932.9231451888154,1925.4409079959407,1933.023149365747,1317.682227811499
2025-08-07 04:45:00,1940.9141769953328,1943.026447654771,1930.646007409053,1939.4401967646809,4975.878618963576
2025-08-07 05:00:00,1945.1853452950493,1945.6012384763437,1939.142679698081,1941.0010492347753,8983.776592626356
2025-08-07 05:15:00,1950.9980549498985,1960.4208336036277,1947.049231327549,1952.643796406227,4709.003748322941
2025-08-07 05:30:00,1978.1276650003354,1984.231860478167,1970.7605156306686,1974.981684172284,1271.5898963793618
2025-08-07 05:45:00,1967.3682688818485,1971.1320690145344,1961.7278376836641,1966.1786359837258,7095.064174357579
2025-08-07 06:00:00,1951.9896724881326,1958.014293453119,1945.1042303745382,1952.7119017470632,8488.468933645734
2025-08-07 06:15:00,1958.6291082551672,1963.758607808918,1958.049972511255,1961.231095904607,7852.677431017115
2025-08-07 06:30:00,1960.2543307936655,1959.8862026381407,1947.9238926394466,1957.8739538107359,9225.565848804717
2025-08-07 06:45:00,1969.0592585060383,1971.0913608292835,1958.6013965954899,1965.8340012370938,4148.93881280795
2025-08-07 07:00:00,1962.4099747694395,1972.8532393565363,1962.4982278526525,1971.0851480704882,4049.3206412505133
2025-08-07 07:15:00,1987.4651177651656,1993.924932830557,1980.711096054834,1992.024576965293,9315.804676918135
2025-08-07 07:30:00,1996.9723930300704,1996.864713787328,1990.8867238630685,1991.9199346729026,726.4254785976683
2025-08-07 07:45:00,2008.1575442376236,2008.6917668521003,2002.6857371650049,2000.4086052390558,610.4137833138988
2025-08-07 08:00:00,1996.6568729110872,2001.2492449866215,1986.8819938245358,1995.4328753241077,8731.007448463912
2025-08-07 08:15:00,1991.8274656665903,1999.4686585113566,1990.0017843545413,1987.8829276126125,6372.428008294544
2025-08-07 08:30:00,2004.264722845358,2008.6326461400702,1997.9893580154812,2007.287951369141,5768.654399396577
2025-08-07 08:45:00,2000.927230132651,2009.350884905516,1998.745833628931,2004.0479236848048,1612.5063300682111
2025-08-07 09:00:00,2035.0383359611515,2037.1599063165243,2026.2331846284346,2035.2903635783766,822.9619336313409
2025-08-07 09:15:00,2013.118363008658,2013.6261624722156,2008.879356478405,2007.3356478651103,680.6221681816813
2025-08-07 09:30:00,2000.431122491553,2005.5649373740205,1997.2231891438057,2005.444290507219,8989.490589920411
2025-08-07 09:45:00,1989.4571400136797,1990.4975174624706,1984.8897809858559,1989.6105114396041,4966.044980677389
2025-08-07 10:00:00,1984.6810999054462,1985.8997115321367,1974.9821032855261,1983.9365780625976,5665.51418028728
2025-08-07 10:15:00,1999.8265441868323,2003.584729482412,1997.0087967770412,2001.3093430905585,1926.5606909719372
2025-08-07 10:30:00,1986.7671008733985,1991.2439810842104,1977.9108296464149,1985.972099260961,399.801797844314
2025-08-07 10:45:00,2003.5318633727893,2005.0776720686617,1993.0204532990665,1997.3052874629404,6251.992068726474
2025-08-07 11:00:00,2009.7520487057393,2012.2687791849917,2003.7902743180998,2006.1173102894097,9493.72612358388
2025-08-07 11:15:00,2019.5500228830851,2023.1063800700772,2014.5219109909763,2016.9012501299633,7665.027911539221
2025-08-07 11:30:00,1988.3816659109432,1997.8898641645255,1988.0019916128435,1994.2079026671433,3289.8282336697876
2025-08-07 11:45:00,1995.1181583212049,2000.4336467689564,1991.4981853494592,1996.2574716329132,1574.6409430749193
2025-08-07 12:00:00,1995.3261444722323,2006.6921361513275,1993.3319211520902,2000.2991076655244,106.9406384210841
2025-08-07 12:15:00,2014.5835249253819,2025.7655406112558,2012.9832328954976,2016.4588245742657,2915.348860973384
2025-08-07 12:30:00,2013.8902067352553,2020.7463894506436,2010.3136160564152,2012.530367024305,6597.133872086279
2025-08-07 12:45:00,2026.6069047827355,2033.4726089611786,2024.8850415584457,2025.3682019129558,6175.788240867452
2025-08-07 13:00:00,2039.8511029110105,2047.5246672133155,2035.982463204107,2042.1643995355657,7734.9072975332765
2025-08-07 13:15:00,2032.6538079631832,2034.58863922555,2023.2950454083023,2029.7470203797527,8301.02050510362
2025-08-07 13:30:00,2061.6218181644836,2065.6709124956888,2052.9967232969,2058.3907040112317,3399.5672328576024
2025-08-07 13:45:00,2074.6901515560107,2083.3509997898477,2076.856766421793,2074.549015760106,424.36468288932485
2025-08-07 14:00:00,2076.455441287094,2077.398631006216,2068.3306007726324,2077.2387718873583,8314.296581217424
2025-08-07 14:15:00,2076.124833537426,2076.558568529453,2068.89944007197,2078.5899183747647,532.3874461880466
2025-08-07 14:30:00,2123.33680249235,2126.089865262806,2117.5870506890137,2122.580048638383,5525.709980548159
2025-08-07 14:45:00,2116.3486003983294,2119.597325529273,2106.3695579996374,2116.028117427061,137.5141756200149
2025-08-07 15:00:00,2121.216588856919,2126.5077656642584,2119.201762965926,2117.307098596776,5530.245616211052
2025-08-07 15:15:00,2108.673785065847,2115.2407620968165,2107.3312201842004,2110.36359699301,6708.278627428786
2025-08-07 15:30:00,2122.4238508866247,2129.4388497771906,2120.661984691085,2122.212539027101,4838.4365394161405
2025-08-07 15:45:00,2129.148153433378,2128.0628604226235,2120.5700178742286,2128.8645091122485,864.0034120782145
2025-08-07 16:00:00,2140.1533217828382,2147.1698865411145,2136.9883078322096,2135.7540985731616,6472.49714772005
2025-08-07 16:15:00,2124.828850298262,2127.845917484006,2122.5215338261105,2121.147672859567,891.2261897316957
2025-08-07 16:30:00,2124.817640321964,2128.3586817046958,2121.3663008679277,2125.1813826756625,4504.3876233095725
2025-08-07 16:45:00,2136.3198377851154,2147.8060367058024,2135.5768668527317,2138.71472236791,4274.522374721194
2025-08-07 17:00:00,2144.281667359764,2150.588948031769,2141.243442576417,2149.496548503757,8921.094172376797
2025-08-07 17:15:00,2158.1291524031185,2161.169918065929,2153.755675962647,2160.755699961196,314.3694057521053
2025-08-07 17:30:00,2156.939501401363,2163.888618031914,2149.78617164356,2158.27752961646,7792.385597844613
2025-08-07 17:45:00,2160.1441551681437,2168.2927619458524,2157.03000311302,2162.150858820502,8935.599660644992
2025-08-07 18:00:00,2187.4069212846407,2187.6618896079212,2175.56346652136,2179.1696961947237,5542.635960610164
2025-08-07 18:15:00,2213.2899330165237,2216.8314344211494,2211.1534010643563,2214.3242105404456,5636.194087689139
2025-08-07 18:30:00,2218.2131088417477,2220.316400369625,2209.22540308489,2214.4764962625472,2463.3941201657804
2025-08-07 18:45:00,2220.7415189716094,2224.95662623106,2209.9498028318035,2221.2790667096597,1734.9838854043928
2025-08-07 19:00:00,2210.377150173423,2222.1880214377593,2207.6051433596676,2210.536733879111,5558.9310442224205
2025-08-07 19:15:00,2225.6974050246376,2225.6680878867214,2218.3761467034155,2225.9241384010184,4752.749186799488
2025-08-07 19:30:00,2210.3880396510954,2222.7879067703,2208.311504512571,2213.424565667071,6068.446282194718
2025-08-07 19:45:00,2220.4924243991472,2223.047010583408,2211.4128497081306,2220.990080156204,2703.3645403175447
2025-08-07 20:00:00,2203.599892530764,2202.342466261304,2197.3462746738705,2200.1729680124918,282.38508180152365
2025-08-07 20:15:00,2186.178937597101,2192.565083736378,2180.012374411995,2184.45570693512,1244.6573175852504
2025-08-07 20:30:00,2189.8628828152837,2187.941502977867,2183.018975083978,2186.4166372487457,951.3944081237208
2025-08-07 20:45:00,2199.4709713848783,2210.545481595975,2201.274029208903,2206.1811448116437,4096.1284799078685
2025-08-07 21:00:00,2214.0583097607496,2222.556172056442,2207.954896026715,2214.535853167921,6585.733499827125
2025-08-07 21:15:00,2211.685192803011,2221.378446494127,2208.6717766482675,2210.2584704503483,3309.414130772183
2025-08-07 21:30:00,2181.2682695444205,2192.3703253599965,2181.509562833491,2188.7252902621403,8588.301553435698
2025-08-07 21:45:00,2175.712648810711,2184.540066114669,2173.9030655158776,2183.806028795242,216.53605630279958
2025-08-07 22:00:00,2161.666233720629,2163.5001069406885,2153.7254380794775,2161.5024283034704,2125.925935013854
2025-08-07 22:15:00,2144.9767285477296,2145.333568710148,2134.6303606873826,2142.1078304437124,4857.314960424771
2025-08-07 22:30:00,2125.6089227102793,2135.215326608332,2123.9063658768464,2133.8302221634117,6072.608533642866
2025-08-07 22:45:00,2128.954148256785,2133.124632560716,2120.2086700990976,2124.9249915390246,1305.188059899451
2025-08-07 23:00:00,2117.6203984292624,2124.0409584230288,2115.498916438969,2124.829028813688,4700.270525848894
2025-08-07 23:15:00,2102.389150169621,2099.8295460940026,2095.5561717287364,2101.564840961971,5873.276688636501
2025-08-07 23:30:00,2109.803704346174,2119.900837585559,2110.662419610726,2111.7766192597046,1392.504612027517
2025-08-07 23:45:00,2107.581458633588,2118.2405192584706,2107.0984428727465,2116.6230296701633,9695.493370456432
2025-08-08 00:00:00,2098.859141203902,2101.1551956990647,2090.9251849075486,2100.197217071565,8936.538449615811
2025-08-08 00:15:00,2086.1049874409296,2093.7809312975005,2084.449662108106,2090.99552874363,9508.498464258266
2025-08-08 00:30:00,2063.5970429771332,2073.209207737793,2060.8047883465892,2061.6859458068184,2881.2471643720623
2025-08-08 00:45:00,2072.64874603215,2074.8460020880766,2065.9624259530983,2069.53419015486,8895.3394939526
2025-08-08 01:00:00,2054.53450284611,2059.2879469199224,2050.7004377354197,2055.3694523942822,2476.42950563655
2025-08-08 01:15:00,2059.4786617977516,2062.9947451091925,2050.5221365848843,2060.7382851313155,8843.454720577804
2025-08-08 01:30:00,2042.280588294213,2049.0856227364147,2037.5334396854782,2043.0220320346732,8989.000612492899
2025-08-08 01:45:00,2049.673926718686,2058.641330227675,2049.796291776476,2055.169873996234,824.4238417515089
2025-08-08 02:00:00,2046.5227148580154,2056.8534869699815,2043.3003795775837,2052.5329459445734,7173.604789598751
2025-08-08 02:15:00,2046.8102795264658,2056.716959034114,2043.9134584088956,2054.795869453499,931.224374169949
2025-08-08 02:30:00,2037.269465618921,2043.054368821,2035.149436803694,2037.0879896671536,9114.670594931433
2025-08-08 02:45:00,2020.0429769896368,2026.6554460708326,2019.7394292586773,2019.8006164027904,3272.410114009931
2025-08-08 03:00:00,2025.3012128203163,2026.759462526433,2018.0612977511478,2024.9628688360585,3264.28855793964
2025-08-08 03:15:00,1998.3941371346814,1998.8833067603714,1991.2783986105821,1995.0039840836691,4563.246817991801
2025-08-08 03:30:00,1992.8989932005823,2001.6968966344748,1991.3462336748387,1993.527951374772,6439.04468216646
2025-08-08 03:45:00,1991.6020723942765,1997.9623893092114,1989.684414485198,1994.1189608475552,6795.343752528453
2025-08-08 04:00:00,1996.8361196417459,2003.764858855316,1994.7214985497749,1997.1776803663204,4480.662069778596
2025-08-08 04:15:00,1995.5341913247728,2005.913233470214,1994.6025086294894,2001.3913644773424,1540.0710803599077
2025-08-08 04:30:00,2006.4246137491543,2013.395383096051,2004.7274768125005,2012.721402863722,2673.512596973925
2025-08-08 04:45:00,1988.6521918891508,2000.1406190333234,1987.2135382676838,1988.7091649304737,9378.91552650697
2025-08-08 05:00:00,2009.9017481079468,2013.1894962001525,2003.5528022004833,2003.931806310929,5803.371624311166
2025-08-08 05:15:00,2012.195554622563,2018.9748107952014,2009.2466048535732,2013.656846489102,8303.988724746363
2025-08-08 05:30:00,1998.3354927884984,2000.7450367019144,1993.0713883175,1992.994649836834,6031.717710888892
2025-08-08 05:45:00,1997.1234242021621,2001.4139674612716,1995.6369389067752,1999.1483303876344,2762.2185502159896
2025-08-08 06:00:00,1995.0465209692945,2001.3398414016663,1991.7650594065587,1999.1522368943517,9985.347605729836
2025-08-08 06:15:00,1995.2031377291075,1997.5132111971154,1989.493479535372,1991.741669288074,3914.966296669627
2025-08-08 06:30:00,1970.6255829724578,1969.9115255663899,1963.6931260149906,1968.9048147650544,3156.5912434437737
2025-08-08 06:45:00,1968.791472549725,1975.530868644906,1968.5785189494675,1970.1465251149884,4918.093627528003
2025-08-08 07:00:00,1964.6071116292046,1968.965262955654,1959.8625532713718,1961.1551689124244,7962.689213601414
2025-08-08 07:15:00,1935.5154423338208,1945.7810935902157,1932.3617138056552,1935.721301601249,8539.594519631342
2025-08-08 07:30:00,1931.221153806408,1938.6943919486203,1926.9698969557917,1928.3966479309463,4140.471599860534
2025-08-08 07:45:00,1955.2676863244321,1959.4089000593062,1949.2289606350344,1952.3556036284333,7913.345129485405
2025-08-08 08:00:00,1936.9849520943817,1942.7083849806786,1935.6860147431346,1939.1111571117615,6240.144097169533
2025-08-08 08:15:00,1919.8925350447744,1927.0364165095896,1916.9691271452784,1924.1758576170885,4513.274406842517
2025-08-08 08:30:00,1913.445436959636,1920.0958431244526,1909.1115335279062,1915.7052926188303,6716.641945641331
2025-08-08 08:45:00,1917.1920725284986,1921.8087255489645,1911.637920767417,1918.7892088261049,3057.372825032114
2025-08-08 09:00:00,1899.9242979565417,1903.8517708747647,1891.784702834843,1899.2012060710942,8597.88834859634
2025-08-08 09:15:00,1911.825060889539,1917.3892482278463,1909.8221202829147,1917.5026671787775,7439.1322350249875
2025-08-08 09:30:00,1933.5784035972501,1931.9484632611272,1924.724426639894,1929.3883834560293,8446.920577354904
2025-08-08 09:45:00,1954.031878992175,1962.5994724237135,1950.8743211215767,1958.5715847447132,3483.2821803869424
2025-08-08 10:00:00,1962.5239938792406,1967.017369259854,1956.7153693796288,1965.676594898461,6406.50120663635
2025-08-08 10:15:00,1972.8135825254083,1971.6629649377305,1961.7580898102801,1969.709703004484,4103.341180035002
2025-08-08 10:30:00,1949.120260132977,1957.3670410549842,1948.961802438818,1947.9560401099864,9627.40903887135
2025-08-08 10:45:00,1965.3742043239884,1965.7081159094844,1959.1712616794616,1963.5221563789717,4249.45764182981
2025-08-08 11:00:00,1952.8472872367838,1960.8656283995206,1949.2947464405145,1957.9757015481443,1132.0839244345912
2025-08-08 11:15:00,1984.2234396576166,1988.6835442162164,1975.8416747653823,1982.8210657410245,7535.575565089466
2025-08-08 11:30:00,2002.8474151489238,2013.081451180709,1997.8917731783422,2010.1789739244932,654.0074269611526
2025-08-08 11:45:00,1995.48437446864,1999.4023205270025,1988.3857885802865,1998.4228700326387,8656.786027801225
2025-08-08 12:00:00,1992.188440039229,1994.752589865165,1983.9780581964949,1986.8955596206472,8145.221514995258
2025-08-08 12:15:00,1977.0678951407453,1982.721813479267,1970.0703061664633,1973.927013047604,6129.525540330932
2025-08-08 12:30:00,1968.608334981374,1970.9077048475476,1963.7605482893723,1967.8653780494737,2058.6168864956317
2025-08-08 12:45:00,1968.4013913352926,1976.2216787595712,1970.0405276308302,1968.8361392741172,2168.5717974000418
2025-08-08 13:00:00,1974.867288268573,1975.4145627408159,1964.2362993923834,1976.4937458401098,7279.814410069395
2025-08-08 13:15:00,1982.4626792968613,1982.2801216113917,1974.4602433603307,1979.3314771112478,8477.71953986292
2025-08-08 13:30:00,1987.2771024855288,1993.7527551657347,1983.4102919850973,1990.8744179686942,4743.8274626870325
2025-08-08 13:45:00,2020.7320711528748,2022.041296149004,2013.1366525322453,2012.5340362623792,3598.2365631633375
2025-08-08 14:00:00,2043.989256689342,2047.085449548697,2037.1544231812456,2039.8539172425958,4556.450733094311
2025-08-08 14:15:00,2047.910627810666,2055.277882171878,2044.5345759378247,2047.6434128109624,7384.860902099032
2025-08-08 14:30:00,2043.1730479640669,2054.5958470990954,2044.8809469640112,2046.0937463012074,9192.458134747003
2025-08-08 14:45:00,2051.5591236546384,2058.683070198964,2049.935716353267,2054.3067197630016,3479.1807279277214
2025-08-08 15:00:00,2024.8154494092141,2031.1603239750568,2020.497678482093,2025.0042173766606,4851.692145129897
2025-08-08 15:15:00,2038.2391002129577,2045.4117579564804,2034.8093413204408,2041.0200084643095,8754.77783824676
2025-08-08 15:30:00,2036.209249808413,2038.191495990834,2032.961356363214,2034.650920727752,8052.306646051834
2025-08-08 15:45:00,2033.2725436104208,2040.9963501609056,2032.1816012671775,2038.8117194302743,2014.246920462606
2025-08-08 16:00:00,2041.6298804103774,2044.0555203466297,2034.6212553227342,2037.0447828950958,3367.113143853805
2025-08-08 16:15:00,2032.571257760399,2039.0475746521977,2029.08322415528,2026.8958068355676,7432.414362438419
2025-08-08 16:30:00,2024.8015672974182,2027.3359376519759,2015.0255103161621,2022.0033533994715,9338.077277848759
2025-08-08 16:45:00,2011.7857221373981,2016.4180444990534,2008.1113269807615,2010.7636247097294,6882.1103963788155
2025-08-08 17:00:00,2007.1542613791748,2009.9253340818798,2004.4136080786618,2012.077234947155,5330.151906246871
2025-08-08 17:15:00,1992.6107520852297,1999.93814067411,1989.423111254117,1992.2379929072379,4131.568903855325
2025-08-08 17:30:00,2022.4397958575566,2026.534753762765,2019.3477682328678,2023.9884545264554,9504.061779490412
2025-08-08 17:45:00,1999.7370615816528,2000.754808166051,1994.0929623920622,1997.7723513817077,9290.898626532424
2025-08-08 18:00:00,1984.5378337124548,1985.2109444649457,1972.1157855666845,1975.8850768733062,3460.8728447017725
2025-08-08 18:15:00,1980.9979758256231,1984.5172246634243,1972.3206415341303,1977.6022342339743,9855.996609881704
2025-08-08 18:30:00,1993.3040651826582,2000.1559294532021,1989.3632796781087,1991.581165215715,2341.3713253295923
2025-08-08 18:45:00,2018.6030598267246,2017.1597586843225,2007.1349988067311,2012.4170778406005,6116.050720316786
2025-08-08 19:00:00,2034.9266522531088,2037.6692965202692,2029.1095855370029,2031.546758684137,2858.6591585440656
2025-08-08 19:15:00,2053.8493216419815,2058.384128112123,2044.23987937854,2055.8039472814057,7045.595899522873
2025-08-08 19:30:00,2075.125763667959,2074.4420854935556,2066.025330943401,2072.975805207909,3083.1222872029557
2025-08-08 19:45:00,2055.5785663352867,2068.5511909529864,2055.091268568005,2057.4263303976254,2713.3985083931952
2025-08-08 20:00:00,2056.4073399070335,2062.0005924228603,2052.656238815729,2052.6278445329017,4188.511694141989
2025-08-08 20:15:00,2020.4188793359097,2024.6673316051795,2017.94217623905,2024.6501816000628,3372.5948775960996
2025-08-08 20:30:00,2014.8275763060262,2018.5879790440135,2009.13856954688,2015.405007965322,8385.926163812688
2025-08-08 20:45:00,2026.424010557071,2027.5858646005033,2015.9641694876545,2024.2733298035391,4631.425677096687
2025-08-08 21:00:00,2027.3728284044691,2034.9137148774255,2026.5527980853767,2033.6653378667145,7124.199405155988
2025-08-08 21:15:00,2040.4125783318932,2044.5196130627446,2037.7367352798851,2041.6821831937543,350.3806220136304
2025-08-08 21:30:00,2027.5214685734838,2035.716170052769,2027.902538382032,2032.7160088741218,7089.058734585855
2025-08-08 21:45:00,2030.7681438147997,2036.3611629466996,2024.8392175411457,2030.2173966318703,7109.113147484123
2025-08-08 22:00:00,2023.5445100469358,2028.0073807039562,2017.8656292034502,2025.0551174384252,9571.82879703366
2025-08-08 22:15:00,2034.8539758908744,2034.7906911265882,2027.649337226283,2026.0129319276255,5952.797193041475
2025-08-08 22:30:00,2032.0518311854744,2037.4252028986252,2031.4867079632882,2032.6024866441364,9052.753212337655
2025-08-08 22:45:00,2024.548474397294,2029.9478143355284,2014.7787548288725,2017.9605100428732,6150.737341590413
2025-08-08 23:00:00,2000.9219583554095,2002.0680767496679,1992.087952088422,1997.2068038928776,7329.449000533638
2025-08-08 23:15:00,2011.9150525477996,2012.113354719597,2001.3194777245287,2005.4989429579512,6380.780690231501
2025-08-08 23:30:00,2023.5793552741186,2023.5939920139917,2017.2936847277415,2024.7222966979384,9712.155041226317
2025-08-08 23:45:00,2031.2139104612222,2033.3047633575165,2025.9703770078,2033.3218563402254,912.4059753451298
2025-08-09 00:00:00,2039.128019171104,2046.9663283717996,2040.9142865531228,2042.6181526810255,894.4467108837298
2025-08-09 00:15:00,2027.182541500853,2036.8553314123437,2024.5007145251973,2027.1940093880469,6754.335138032435
2025-08-09 00:30:00,2050.617869621968,2051.241684957375,2042.813846762144,2047.653980993195,7417.470390725044
2025-08-09 00:45:00,2030.0886741718034,2034.6247388298038,2027.2299498564528,2032.6779262481502,806.8979378769295
2025-08-09 01:00:00,2059.619801650542,2057.716418283844,2047.5995666336755,2050.833803706736,5739.282997272547
2025-08-09 01:15:00,2058.0586328027634,2061.6770610368776,2048.0894796597804,2050.868232455353,8670.29169165221
2025-08-09 01:30:00,2051.4254794292806,2049.641960895906,2040.6377122177412,2052.004403593446,1999.1749639798443
2025-08-09 01:45:00,2059.97935256756,2062.629879556634,2054.167279789526,2054.2421898176663,3206.003146238527
2025-08-09 02:00:00,2060.9886030094785,2068.5970973492995,2053.8297041636915,2064.9654093613804,5719.281436494256
2025-08-09 02:15:00,2050.285450014586,2059.400544848692,2050.068459911958,2055.5614422933854,6011.694431228953
2025-08-09 02:30:00,2044.6885210264907,2047.4086921263893,2039.9214600470716,2043.2831367395468,4697.895177685777
2025-08-09 02:45:00,2061.9775107998444,2064.1754443033665,2052.633112952239,2060.8686760193964,5453.992660503123
2025-08-09 03:00:00,2043.409219324288,2044.2732984522938,2037.173255102268,2044.4776682221302,5424.014599587458
2025-08-09 03:15:00,2038.9659616987792,2047.6224326345264,2038.6594729639912,2045.301372939817,5877.812167710123
2025-08-09 03:30:00,2037.1288609485628,2041.682908908544,2032.7203353225202,2040.5098209375344,6853.737827525419
2025-08-09 03:45:00,2038.2652326530754,2039.4277215628288,2028.2985372130847,2036.3490397731077,2394.3228942434084
2025-08-09 04:00:00,2011.3151912611222,2016.0382870808148,2002.3806959517347,2008.6945186042665,7853.394958691983
2025-08-09 04:15:00,2004.7705284225722,2004.4099805919768,1996.717503423143,2002.2542997411078,7413.456091402398
2025-08-09 04:30:00,1978.890235546912,1987.324186497678,1976.1035844791513,1985.740490769046,2551.759731546655
2025-08-09 04:45:00,1965.9070847425205,1975.2189118948288,1961.712093099261,1967.4230553867208,7823.820553006958
2025-08-09 05:00:00,1964.0444384633495,1969.0545619089676,1954.4123725827778,1956.5642097031746,8057.560866362299
2025-08-09 05:15:00,1970.1021548781532,1974.1178435009188,1963.7091288791917,1971.844065687172,6165.239603749898
2025-08-09 05:30:00,1966.7368660977538,1969.8100183892082,1956.7805477597324,1959.7926259359176,933.3053372232083
2025-08-09 05:45:00,1972.4763776260852,1976.2826678505717,1967.004856235721,1970.0258152759588,8968.625759146807
2025-08-09 06:00:00,1984.5651219960132,1987.593049531571,1975.5696097968191,1980.6886504422225,2804.75008047795
2025-08-09 06:15:00,1985.2438460263072,1994.9784656825725,1980.5410691095024,1985.913327603385,7333.4247154825225
2025-08-09 06:30:00,1991.621356508718,1996.5836045141914,1987.1748392071595,1988.8540489124382,4011.6634665772945
2025-08-09 06:45:00,2018.252436771224,2023.7100180340094,2015.7362959672048,2019.3261558625695,5098.71167582789
2025-08-09 07:00:00,2022.1917334102884,2032.3268744878587,2024.1201255431429,2027.5960214913684,3389.813842648853
2025-08-09 07:15:00,2030.3062162422407,2030.556732479014,2019.744916538129,2028.3398680266887,4660.698902778655
2025-08-09 07:30:00,2022.742010835413,2027.8305096913887,2022.2932102621444,2026.4932280102878,2545.849538314989
2025-08-09 07:45:00,2038.6695127180599,2047.1179641793797,2038.799559052232,2044.1451517151706,5003.602218439903
2025-08-09 08:00:00,2064.400772273876,2070.917848002425,2064.921019318882,2065.8027716215533,6395.8103529512755
2025-08-09 08:15:00,2070.7823413181486,2074.344695010931,2062.940332472657,2064.8217292895515,6728.502907057701
2025-08-09 08:30:00,2068.11037531911,2072.1253013633245,2063.966567750388,2065.3620717991867,3130.80862378107
2025-08-09 08:45:00,2073.505230740292,2080.178986087498,2071.2516145464965,2076.739902501262,7227.131172940474
2025-08-09 09:00:00,2084.7385799311164,2089.6406436384664,2080.372091671785,2090.683081273297,5614.160527863174
2025-08-09 09:15:00,2080.8286566114716,2084.698193747115,2077.7103027180087,2083.267009264233,204.55947600353622
2025-08-09 09:30:00,2070.3900748504475,2081.5532367203796,2067.0434480949484,2076.2647991975787,5222.768848459447
2025-08-09 09:45:00,2080.762216415853,2083.7547476795708,2073.548443170751,2085.5739061883396,5169.547318924991
2025-08-09 10:00:00,2078.846260361354,2086.0925595842996,2076.741698491935,2084.182022304415,9766.536723106534
2025-08-09 10:15:00,2075.279594123445,2082.3880839150834,2075.2280695316354,2076.4772524703117,350.81696269555744
2025-08-09 10:30:00,2094.212551615271,2102.1484335371006,2090.1654639054277,2098.412990001049,9669.681831609307
2025-08-09 10:45:00,2083.6834390509043,2086.7956654106006,2075.912933848026,2083.7789696478244,9297.793633190997
2025-08-09 11:00:00,2062.3359927655515,2064.4443492632563,2057.6182106665997,2061.0016547627606,7970.903352487486
2025-08-09 11:15:00,2056.145474218032,2062.639275215099,2054.316469582705,2061.343274078757,9160.55047651316
2025-08-09 11:30:00,2053.487432301805,2060.7489491321994,2052.138263530104,2053.130863008895,7237.871655866545
2025-08-09 11:45:00,2051.9323486277162,2056.349695247295,2049.9413700686378,2058.493854915254,2392.6778590746158
2025-08-09 12:00:00,2068.562220413015,2071.5389112791345,2058.4637405142944,2065.2724519374906,4664.905295200567
2025-08-09 12:15:00,2039.0522309366972,2046.3897312018075,2036.3233296511326,2042.9382065206432,2137.2595198847125
2025-08-09 12:30:00,2044.6741409968756,2054.872097918524,2040.3328118259135,2044.4767825961826,6121.514734099251
2025-08-09 12:45:00,2051.14225633827,2057.727047488528,2047.215989030735,2056.4146781665713,1870.7749523674574
2025-08-09 13:00:00,2075.1549980272584,2077.968283308034,2065.603468735385,2072.707126797872,5724.797709304648
2025-08-09 13:15:00,2076.0203828003578,2077.668544754739,2069.852921126986,2076.4012542617,5822.989270346437
2025-08-09 13:30:00,2048.14927945031,2048.269797956459,2038.6329541399577,2043.395887472658,9209.949383466117
2025-08-09 13:45:00,2043.0725440006524,2050.1184605712638,2045.0092572172355,2046.4481041679435,211.00828801154094
2025-08-09 14:00:00,2036.0866560007094,2044.1049491483138,2034.8978686553983,2041.7610924013497,8202.404939536158
2025-08-09 14:15:00,2051.2291074961067,2059.934757373886,2049.1299380418786,2050.9459125992885,7559.358922838867
2025-08-09 14:30:00,2060.542960618275,2071.9879162160646,2060.7399335450946,2066.236524217639,4835.033551403614
2025-08-09 14:45:00,2070.4356860749235,2072.6437837866424,2064.675239357878,2069.231472622423,563.9445732737854
2025-08-09 15:00:00,2063.5941106630644,2071.915184704104,2059.9492776033526,2064.9528491515366,5575.313823931008
2025-08-09 15:15:00,2089.2635039952957,2091.328487286004,2084.347637817076,2089.165656654994,5285.591287068521
2025-08-09 15:30:00,2089.3742095727034,2099.2489914970442,2091.4678301825484,2099.0393259108423,5776.2236197903085
2025-08-09 15:45:00,2101.5997603407723,2113.582429130096,2102.0103737314685,2102.7066276527503,9784.876422526104
2025-08-09 16:00:00,2108.6402314812667,2118.3989333580707,2103.9113647692657,2114.23494804503,345.96054578403687
2025-08-09 16:15:00,2114.5425644764578,2115.3278417789156,2107.4078216754215,2113.57779028299,8665.13261886191
2025-08-09 16:30:00,2119.7681208050813,2128.3935674454938,2118.422704031768,2122.4552346288037,8388.407836103477
2025-08-09 16:45:00,2144.4449798714454,2145.7423182976313,2134.7534265866407,2147.1238363022353,6323.3512545811545
2025-08-09 17:00:00,2136.951033160638,2143.490919705914,2134.334778833609,2133.3593902936423,6851.224470702789
2025-08-09 17:15:00,2144.0892183167907,2148.4016755872212,2135.379071960289,2138.0015159320405,4642.281372959459
2025-08-09 17:30:00,2153.8539819322796,2160.7281676281214,2153.088161514059,2162.006396183754,8249.62419194964
2025-08-09 17:45:00,2145.624857453037,2147.4044443059724,2138.6126720630386,2143.602484492808,2904.821081487264
2025-08-09 18:00:00,2140.3661318082036,2146.894454741936,2139.1808980759306,2143.775674937041,523.2730892417794
2025-08-09 18:15:00,2130.6641808024997,2131.5676085186205,2123.6223200601075,2127.495807406038,7096.830703798251
2025-08-09 18:30:00,2148.1272086412523,2157.8064173775238,2143.7949385902643,2149.20280204737,660.9818609172212
2025-08-09 18:45:00,2160.5405990456907,2163.2426005871566,2157.4017907841776,2157.923494288122,5719.905624053919
2025-08-09 19:00:00,2151.642000127246,2156.42350914346,2147.205605979777,2153.519981100731,3108.977567159239
2025-08-09 19:15:00,2159.7206017271365,2159.115381957294,2149.5638734155214,2157.849190188743,2485.9760547789338
2025-08-09 19:30:00,2151.7505310891725,2152.9911724060644,2144.6167300084626,2151.4397829790723,6935.884618383795
2025-08-09 19:45:00,2137.5896535751035,2142.1002818930365,2133.1329102662276,2130.9134482167233,6734.4800837728635
2025-08-09 20:00:00,2138.33628396345,2142.9134059510834,2128.5782944619727,2138.136703953728,9953.64027808339
2025-08-09 20:15:00,2118.2315096326693,2120.5698518639306,2110.338127742705,2117.35108147769,2671.0824457893755
2025-08-09 20:30:00,2111.902310213401,2112.5455645745456,2105.8090574998982,2105.351246294295,6583.217252013644
2025-08-09 20:45:00,2109.2704661842486,2116.8758203770867,2105.221494893564,2114.9306741873206,6755.739917253295
2025-08-09 21:00:00,2098.675663548675,2108.75739243504,2095.0293346928356,2105.7093476864306,9349.657146757982
2025-08-09 21:15:00,2068.782746528818,2068.193805426096,2061.81841693378,2064.060415923603,5490.653751352893
2025-08-09 21:30:00,2047.1735136992004,2052.803096335394,2047.2818415720028,2048.799723801061,4477.228709691587
2025-08-09 21:45:00,2054.4001382359356,2061.4780235766816,2053.58485431283,2059.0401517463456,3578.322238835019
2025-08-09 22:00:00,2049.259196203229,2049.079720857526,2040.1693175085657,2048.400436609048,7157.421338815216
2025-08-09 22:15:00,2061.8860728964246,2064.8794084957567,2049.261147245847,2057.146350371622,2625.9300701875222
2025-08-09 22:30:00,2068.8881322518846,2069.550510836603,2058.1543559026763,2068.9047502786516,3637.9227601364632
2025-08-09 22:45:00,2037.1138969538508,2035.1177206359207,2029.5473735170415,2032.5816367678108,8841.436839576327
2025-08-09 23:00:00,2041.6780940766484,2049.2817026130288,2040.3412595343452,2042.618187349417,8889.60280970302
2025-08-09 23:15:00,2061.3712851625405,2066.3191316302664,2054.23203871077,2059.010116587409,731.3305117727574
2025-08-09 23:30:00,2045.7936593541133,2050.6734500362213,2043.0904590224156,2045.44305357528,1629.1667900562495
2025-08-09 23:45:00,2061.275333013858,2061.7241810942523,2050.4872349504076,2061.5618839398753,5033.330264447547
2025-08-10 00:00:00,2062.1236399735776,2061.194301234896,2052.4479376177337,2060.542800361922,9703.604099393042
2025-08-10 00:15:00,2047.5348340364862,2052.766726729091,2045.3003727268558,2050.413445112363,1507.7488596435514
2025-08-10 00:30:00,2058.151667501374,2062.34950873586,2052.0783499852537,2059.5326874307375,9075.921595780286
2025-08-10 00:45:00,2046.843878563539,2054.6576310305927,2039.1361339050077,2049.5017883399178,9306.143219938549
2025-08-10 01:00:00,2030.3740835433966,2036.0078153310458,2024.30687065248,2026.8071888919173,8664.632276628525
2025-08-10 01:15:00,2028.121248918512,2028.3933387233378,2019.5901667398489,2022.7464451698197,1886.712445614169
2025-08-10 01:30:00,2004.6706664183978,2010.2799644479721,1999.199957606493,2008.5817159999312,6548.338891619271
2025-08-10 01:45:00,1995.3781646697341,1999.0341559872202,1985.3554142993755,1992.6330901515403,3549.9871086582366
2025-08-10 02:00:00,1972.2272254901898,1976.902293882188,1964.3257860614292,1965.1161812351806,8550.978606051927
2025-08-10 02:15:00,1970.510863440331,1976.8882550388191,1968.2356867937956,1974.254973873886,4401.140986719002
2025-08-10 02:30:00,1965.1460528488078,1972.8437910657206,1963.0771285574815,1966.3293374495431,4334.961765665048
2025-08-10 02:45:00,1955.2327105801196,1963.3036382474697,1953.2252179274346,1952.143009985647,6668.233825723427
2025-08-10 03:00:00,1973.7361227653803,1981.11645253396,1966.7628333991647,1977.424713821324,7815.430294664021
2025-08-10 03:15:00,1980.8970065017384,1987.409180021818,1977.5538306562314,1985.472308912805,1776.9145291653806
2025-08-10 03:30:00,1981.5646270098546,1990.1977445385266,1981.44303739754,1981.5490135886466,4990.428813187084
2025-08-10 03:45:00,1950.8722590012696,1961.455629157493,1948.9883142081862,1956.9721172968502,6902.205582654717
2025-08-10 04:00:00,1939.22900331152,1939.543945259338,1931.2342419154493,1940.139687922232,7595.5351208361035
2025-08-10 04:15:00,1917.557913608185,1924.7984755498935,1914.6120007768207,1922.435216146881,9386.902114351986
2025-08-10 04:30:00,1921.1547685791702,1928.8989783330162,1917.797163940835,1927.698422778151,745.2046265859858
2025-08-10 04:45:00,1907.0594086695612,1914.656284407025,1908.172582910245,1907.6771362388415,2530.5035833675797
2025-08-10 05:00:00,1888.8412301822361,1896.0107865294024,1887.8333989222597,1888.6134288423007,8964.053303787767
2025-08-10 05:15:00,1861.2177413350666,1869.0650241832802,1855.012876071791,1863.4787962528405,4831.149835509604
2025-08-10 05:30:00,1822.4116938982866,1824.0914828974635,1813.4963730855006,1822.7121832183568,8020.864678488998
2025-08-10 05:45:00,1841.187008813636,1843.0296758297188,1828.7166851129248,1832.8626130783896,913.5351933336514
2025-08-10 06:00:00,1861.1548955699338,1867.069313219127,1856.9560658709129,1859.194948132093,5053.004475331009
2025-08-10 06:15:00,1858.553418052897,1858.3520745153755,1851.2640654288596,1858.9047799829666,942.181603968641
2025-08-10 06:30:00,1855.6046257264118,1864.5331898835896,1854.3768613374732,1860.2508896320626,1064.3037973113514
2025-08-10 06:45:00,1876.4942320874354,1886.6008136193125,1874.0207255006653,1876.3005247204705,3493.8622829952255
2025-08-10 07:00:00,1851.8563155430093,1857.7100626584488,1848.8103952202662,1854.7169638947435,2139.6334942941207
2025-08-10 07:15:00,1871.288222727246,1874.0748544254182,1862.0868790418783,1862.0391169730979,965.3827480848113
2025-08-10 07:30:00,1851.2956516720644,1853.7777279783627,1848.958374884086,1851.7469546790346,6903.460821925018
2025-08-10 07:45:00,1854.9882102672748,1857.3766841366007,1853.0576668196052,1859.1638448117053,6484.729352104609
2025-08-10 08:00:00,1858.448132214133,1863.86871222531,1850.0196746669817,1860.3661399595999,3537.8636533705603
2025-08-10 08:15:00,1853.0817151693902,1855.2966345160967,1845.0586799739053,1845.8848984121869,7311.136550754049
2025-08-10 08:30:00,1823.24558262059,1835.2598220938917,1820.3759154445456,1827.7977250413044,4585.109391646894
2025-08-10 08:45:00,1817.2980387986038,1819.7977022070343,1807.1249768906912,1813.770278089541,2877.158274550348
2025-08-10 09:00:00,1797.0674198332501,1802.8390605031152,1796.6620306515822,1801.0361749083734,5710.778974669202
2025-08-10 09:15:00,1823.4927514783706,1832.447905377017,1821.5350781671727,1830.5667982759194,9464.671974384812
2025-08-10 09:30:00,1826.5105227464837,1834.192500869095,1826.6975424695,1832.027001780231,2878.754471696589
2025-08-10 09:45:00,1835.8688903124457,1834.8133359965407,1825.353937843408,1829.9494843478524,756.4690883766241
2025-08-10 10:00:00,1872.3190538138942,1875.6594543044653,1867.2178947502566,1873.9539413276812,2233.9934329249236
2025-08-10 10:15:00,1869.192456436733,1871.3047778358602,1862.363359953548,1862.6267255011655,4158.779594376756
2025-08-10 10:30:00,1866.0691829429552,1872.587076733995,1865.3889513767037,1865.151658645689,766.6808761342705
2025-08-10 10:45:00,1878.6919775688668,1885.992755259916,1875.4503359574123,1878.2442921573868,7489.745805563049
2025-08-10 11:00:00,1886.8739428884767,1890.1819053416614,1878.0722403888717,1885.5806454345407,3363.1879521027495
2025-08-10 11:15:00,1865.2424890484374,1870.593181835482,1860.9813010562088,1863.649652073002,7667.195346926383
2025-08-10 11:30:00,1894.2918369349056,1900.2954657496166,1894.3216117449717,1895.723700406113,3553.5387306144894
2025-08-10 11:45:00,1877.6274583653162,1880.3967152582222,1871.6472308251143,1871.5334123187417,9275.363832544392
2025-08-10 12:00:00,1869.2747605757736,1881.0170351290003,1867.3760964723276,1869.550872779524,4808.677616656093
2025-08-10 12:15:00,1845.32069176163,1847.113287357661,1838.9416138532413,1838.3541394612803,2089.8287666529686
2025-08-10 12:30:00,1821.6951658165685,1824.5277214518853,1816.4720198259404,1823.1478222775243,1870.4073213120696
2025-08-10 12:45:00,1826.8722634204526,1829.2501430343366,1817.2966473409979,1826.3243935610813,8665.261928802945
2025-08-10 13:00:00,1825.0742472694712,1825.0923838772912,1814.1598098959946,1824.0067022242506,6453.610479492956
2025-08-10 13:15:00,1799.0572760870762,1804.1210675697694,1796.357814620812,1796.696928302656,1308.2285612625408
2025-08-10 13:30:00,1795.473534823273,1797.963458359654,1786.4892223779495,1788.8006346318684,3456.887723829146
2025-08-10 13:45:00,1792.7138275359996,1791.7969792467625,1786.0475491990046,1787.121332621544,1187.7792127439784
2025-08-10 14:00:00,1771.981245480569,1778.5898049885561,1764.456452191083,1768.3282287508773,4245.560108986173
2025-08-10 14:15:00,1775.9805963332656,1779.468447470726,1767.6369301210739,1777.0179648929313,4520.801124161414
2025-08-10 14:30:00,1740.8228460338767,1750.5841135880053,1740.7214099730195,1739.081733673279,9321.85463025557
2025-08-10 14:45:00,1740.917251386755,1749.6203097517516,1735.529146402642,1738.8911392531525,3420.706645536721
2025-08-10 15:00:00,1734.3603784795087,1737.9804645374572,1726.5757151044413,1733.5259101946078,4134.356836231438
2025-08-10 15:15:00,1762.360728675587,1761.1406206317197,1754.660486280011,1753.7841973671636,9189.020545984407
2025-08-10 15:30:00,1755.3924815427722,1760.3604633671382,1748.4249865006166,1756.1075737658753,9539.380864847626
2025-08-10 15:45:00,1774.8039758133605,1783.3266005320784,1767.6619554544689,1774.8199052303914,9521.885031330099
2025-08-10 16:00:00,1767.3496224706773,1772.951990268013,1761.179813573942,1768.8738904274292,936.6423848036427
2025-08-10 16:15:00,1781.3737437003451,1788.7052014146461,1781.1797287948314,1788.7138276368175,7435.699782549817
2025-08-10 16:30:00,1786.0646494652115,1795.7251117609242,1785.4914923879646,1784.917229969411,8084.3948601002185
2025-08-10 16:45:00,1804.9719573337904,1815.580818529652,1802.2607789435708,1806.2529396297775,4109.595764031408
2025-08-10 17:00:00,1811.2979110518884,1811.6016878061919,1801.585281557305,1803.15322569644,9558.668248977587
2025-08-10 17:15:00,1805.2499114862815,1808.25008823918,1798.5591873766216,1801.2842884044767,5705.733054642364
2025-08-10 17:30:00,1807.8358830342268,1808.0176519351594,1800.756138525883,1804.2316792349025,143.57318260255255
2025-08-10 17:45:00,1789.7906854936805,1799.33987883603,1790.4742373885483,1793.987929931187,5394.514106413548
2025-08-10 18:00:00,1810.6921836681674,1817.935458680572,1807.9627402578585,1813.3795724935012,7522.209279676733
2025-08-10 18:15:00,1821.6349190013786,1826.9626004047666,1820.6756191988216,1826.4737003291839,8319.303009322764
2025-08-10 18:30:00,1827.416055354745,1835.4625294170696,1822.8519077306432,1826.3310753995247,6637.153309682214
2025-08-10 18:45:00,1848.758133457406,1855.1378770927554,1845.2018703430188,1842.976395397981,8585.757893153166
2025-08-10 19:00:00,1858.3997016920034,1863.1228368623938,1850.9492778623542,1860.4411061433937,5598.974775634004
2025-08-10 19:15:00,1840.5095940478768,1847.205031763345,1833.7973590919491,1840.8402122452137,1152.8156822058004
2025-08-10 19:30:00,1874.89258412642,1875.1059854254786,1864.2923616058522,1865.8015934709981,7295.172607137518
2025-08-10 19:45:00,1875.678997779366,1884.1084493323133,1873.2876961970078,1879.7592297359377,2675.9491141379513
2025-08-10 20:00:00,1851.6089340205253,1861.516653787108,1850.9074367906449,1854.7186622025256,9176.731498094052
2025-08-10 20:15:00,1838.8303865431792,1847.0371804515553,1836.069925961438,1843.8148418643566,2107.5463005813995
2025-08-10 20:30:00,1842.8062756381373,1847.8275974086043,1836.3274106581337,1843.407580540829,7481.681981101602
2025-08-10 20:45:00,1826.131259376461,1832.3770929138852,1822.6948640555806,1829.6156591610768,3903.069845810655
2025-08-10 21:00:00,1832.8573006300594,1838.7099804448678,1826.8420968875043,1832.6025746562937,9870.698394441564
2025-08-10 21:15:00,1838.7894041898733,1842.9477479180173,1835.0451266150562,1836.5334706332808,2589.681182283848
2025-08-10 21:30:00,1846.6982570753323,1850.566547689752,1836.0817916618757,1845.7971733321274,6350.342056281263
2025-08-10 21:45:00,1849.152903800934,1851.656308172057,1838.534950953589,1842.7458586056782,8902.75077566902
2025-08-10 22:00:00,1860.3573307353513,1868.2574179723347,1855.0324917283524,1863.2417893419658,3050.81991501447
2025-08-10 22:15:00,1850.6610376391022,1861.9364940631729,1851.3049008958444,1850.4588025132764,6418.178846654424
2025-08-10 22:30:00,1874.5000350047226,1877.4614704992048,1864.4436502871943,1873.8153023474633,4335.190344301878
2025-08-10 22:45:00,1877.4957159424316,1880.7030870924116,1867.8161606898757,1871.0487204975336,2184.8584060029334
2025-08-10 23:00:00,1881.0097562340402,1887.6905620881878,1873.950519912431,1882.6642442295674,2471.6539361337536
2025-08-10 23:15:00,1880.5262483566507,1882.4776416507077,1876.2264250268368,1874.8081669309406,5616.685830506051
2025-08-10 23:30:00,1891.4355235432947,1897.7010327180615,1883.858278189007,1887.8010868151325,5331.557406258299
2025-08-10 23:45:00,1906.9789261779138,1912.6484334999848,1897.7195465831392,1901.332618707022,3701.323741952358
2025-08-11 00:00:00,1885.9512734001914,1888.7957397167315,1875.0795555374332,1886.002592801942,4807.2087030465855
2025-08-11 00:15:00,1902.202850746253,1901.7671077422278,1890.1866028899444,1893.6383833654238,4996.223942123048
2025-08-11 00:30:00,1906.2102330973769,1915.60226361983,1905.7194010845683,1906.0608688302298,8252.996921390433
2025-08-11 00:45:00,1898.4970692002212,1905.58196445553,1895.1950406209894,1898.0675799056214,4952.810508316664
2025-08-11 01:00:00,1885.289972770337,1893.2337206241834,1883.3472410644822,1882.5527895586813,5543.222418697545
2025-08-11 01:15:00,1886.3253953795584,1894.5123624435334,1881.3069485176711,1883.9964705810728,3760.516881454845
2025-08-11 01:30:00,1877.5982922807748,1884.2442079078132,1879.5503699263352,1877.1250465492742,8130.1787579858765
2025-08-11 01:45:00,1856.0538634938198,1859.583983645207,1851.747020310735,1859.4800255579053,5335.302736611559
2025-08-11 02:00:00,1864.9991938494666,1867.5378404549322,1858.7734583911788,1859.0165042837225,8281.422549141811
2025-08-11 02:15:00,1871.0099840701575,1870.002225356668,1861.9945153676854,1863.8074290356644,4059.2050778440685
2025-08-11 02:30:00,1857.3452293830815,1862.7257100422053,1853.681539813509,1859.4824651114925,4679.937874141759
2025-08-11 02:45:00,1866.1188132516008,1869.2796496504434,1860.5475253143713,1865.6154338648275,438.58431693312525
2025-08-11 03:00:00,1848.9827722683422,1854.2707405377462,1840.3056841949847,1843.880612005814,1339.3387597798037
2025-08-11 03:15:00,1828.2210495438003,1831.8943362367113,1818.458719229381,1821.1699629153766,8455.640170828763
2025-08-11 03:30:00,1799.9679343016285,1810.0198148445288,1798.7589205786844,1805.3033688924227,8715.16436036013
2025-08-11 03:45:00,1794.3996104982489,1799.5476063330682,1791.8113621158159,1794.2484806474667,6170.529472804597
2025-08-11 04:00:00,1786.5349212960477,1791.2599920116375,1786.222770538345,1792.8814146366226,9079.469341506618
2025-08-11 04:15:00,1780.9356521288894,1786.00567515894,1779.227884534865,1784.3276115683348,6925.511134895509
2025-08-11 04:30:00,1806.6780262929828,1811.9063490595934,1800.4882250687172,1808.946942492652,4139.6619921657475
2025-08-11 04:45:00,1792.3330218608703,1798.1797255121912,1790.8230501067255,1796.6324552111723,4336.833608252525
2025-08-11 05:00:00,1780.9946933768242,1790.597308877576,1776.3050740064214,1779.7820573555914,8679.901233579298
2025-08-11 05:15:00,1804.9949265034852,1807.9335441542457,1799.0432493338271,1806.592710202238,1837.1032514182236
2025-08-11 05:30:00,1829.2174931298991,1835.5462278377793,1822.7483095824973,1829.7665718478881,1458.3997781009882
2025-08-11 05:45:00,1843.4446474900703,1847.1332028715976,1835.0694686076222,1842.1478752889727,1363.2675373890643
2025-08-11 06:00:00,1849.0702897581393,1849.3256999326695,1839.1554131904259,1842.3281236755925,4000.2764828715663
2025-08-11 06:15:00,1855.6681139941454,1859.1218968053074,1847.690930386995,1854.2906742068685,2950.6285142077627
2025-08-11 06:30:00,1823.7207118752935,1832.1233187976156,1823.9883702176678,1824.2981665608074,9126.916020592225
2025-08-11 06:45:00,1821.0545036118606,1827.4070753690553,1815.7351497637758,1822.844751138582,6299.662346004919
2025-08-11 07:00:00,1822.7479070467014,1827.338336974701,1818.2568963494898,1823.6603150833946,3819.966840801573
2025-08-11 07:15:00,1814.2572017944788,1826.6884048332308,1815.6734766144607,1822.7956228903615,9141.981139098654
2025-08-11 07:30:00,1791.7068848186439,1798.327085885524,1787.3734574048706,1793.594988500409,3648.500202077294
2025-08-11 07:45:00,1775.1249017345808,1773.8592333528786,1764.4310491230551,1775.1802195348448,3538.0261642567225
2025-08-11 08:00:00,1758.0029929595992,1761.104894546198,1748.1436600441634,1755.8536625511551,186.33747847450448
2025-08-11 08:15:00,1741.266625657914,1745.905779057888,1739.055563853538,1741.230282293169,8111.5591185901685
2025-08-11 08:30:00,1758.653017508759,1764.0848877600504,1756.3655629124617,1760.8768007703356,2215.3642129538816
2025-08-11 08:45:00,1792.1128502986378,1795.5462871431155,1782.6330745199123,1786.719714003012,4182.133929264085
2025-08-11 09:00:00,1767.6725768524632,1778.3920189948776,1768.5038891487745,1770.6727156622605,8880.02122788995
2025-08-11 09:15:00,1792.7751140424143,1794.910230322729,1787.7892125515177,1787.3457907616557,4457.832655532772
2025-08-11 09:30:00,1775.8830480117767,1783.9324699453398,1771.4971872499784,1778.1703374124895,7798.50415555695
2025-08-11 09:45:00,1786.586593563061,1790.8403423571222,1781.376424128699,1784.0094167584891,4639.183599145143
2025-08-11 10:00:00,1815.8791263696983,1818.4003595974918,1811.351540126507,1812.798979419365,6117.337066299396
2025-08-11 10:15:00,1827.9623881288737,1837.8055776773808,1827.6603316378519,1827.6524473654927,2045.7637962585468
2025-08-11 10:30:00,1854.197661789769,1860.0703356512422,1850.0768979863008,1850.5887121934302,2329.7203965163867
2025-08-11 10:45:00,1832.5872943995037,1838.4966021424748,1831.9961837547007,1831.511096538294,408.67613510056043
2025-08-11 11:00:00,1822.317660232566,1832.5929379948354,1821.1235984428608,1829.9114771810657,9376.260143723963
2025-08-11 11:15:00,1827.4262972700824,1830.7518220547463,1820.915490042921,1824.7292354948895,5698.207831493001
2025-08-11 11:30:00,1818.9720857975533,1823.5445791350862,1813.7698478312407,1820.7769448289764,757.9890196227088
2025-08-11 11:45:00,1821.0594585885908,1832.9876663877565,1818.5787372174898,1822.7311876700442,6652.904642468549
2025-08-11 12:00:00,1815.8675222631932,1815.5595163196865,1803.9118649684472,1811.3797719693675,7192.779478558279
2025-08-11 12:15:00,1804.0139148861417,1810.983277306683,1798.5597158682835,1800.7223339859022,7773.009119027041
2025-08-11 12:30:00,1828.9099616172673,1837.1713648519765,1828.6329070210186,1830.6197831704626,5020.484969512323
2025-08-11 12:45:00,1849.3532051178768,1852.558268601359,1842.4599421831397,1849.1456047329302,3210.854948213439
2025-08-11 13:00:00,1847.400780387981,1852.1671119757318,1840.7568843956394,1851.4645029941103,4150.26292769117
2025-08-11 13:15:00,1831.1197060620896,1839.5534964828341,1832.4633930001867,1833.3981065494188,5040.722957510115
2025-08-11 13:30:00,1809.7314605142114,1816.6953334564873,1802.0319644200601,1807.56162161065,1692.0686070679158
2025-08-11 13:45:00,1799.5297425017864,1808.3451285303822,1801.2876112143065,1804.0309080059915,5217.066356799948
2025-08-11 14:00:00,1833.1618960501346,1834.1130589117367,1826.0664131030355,1831.490241768713,7936.920151437499
2025-08-11 14:15:00,1831.0336120302536,1839.5219459059767,1830.7739422930144,1834.5367300529751,3535.574988348643
2025-08-11 14:30:00,1809.5812720661993,1817.7217006460698,1806.1640444154004,1811.2973244027341,5973.850937205768
2025-08-11 14:45:00,1803.3296933904494,1811.884190760628,1796.6050978078435,1806.981586479466,5542.604976567608
2025-08-11 15:00:00,1821.4496486602548,1824.4934659478713,1813.8822028257343,1820.6251832913629,500.5059237204446
2025-08-11 15:15:00,1835.0136006001987,1840.5170722736157,1827.0367587625472,1831.696261903017,7639.802053673375
2025-08-11 15:30:00,1826.4818118368685,1829.0823723436079,1823.708248244023,1827.2899772573726,5766.273265554368
2025-08-11 15:45:00,1832.1512725718048,1844.1082046767754,1832.343116079465,1835.7838467713225,684.1537745889622
2025-08-11 16:00:00,1862.6856418435045,1868.0284720638151,1859.968888672054,1866.778000063263,8318.532334889996
2025-08-11 16:15:00,1885.144080967155,1895.2293525212172,1881.6688353713405,1887.1572911526455,2398.6376575943364
2025-08-11 16:30:00,1898.8941039219733,1902.9336367046258,1896.0824693392697,1894.3629940293936,4567.878289542261
2025-08-11 16:45:00,1901.61380683844,1906.9589714009276,1895.3702194606801,1898.092344902287,5232.915902541368
2025-08-11 17:00:00,1892.5698886372509,1896.4133983793386,1890.4253061418324,1893.6683224054727,3562.361876678026
2025-08-11 17:15:00,1901.1319686610254,1906.902001357117,1894.8186226609341,1902.1198350714133,4110.425210582237
2025-08-11 17:30:00,1925.3280947451196,1930.2813818524353,1921.346859054778,1922.6308560390755,6314.173855695147
2025-08-11 17:45:00,1930.8994226515263,1934.8972792232876,1922.301715977813,1925.6885178633433,6030.223823028079
2025-08-11 18:00:00,1891.5394365980835,1901.9473788697653,1893.3394344935286,1891.7344684434438,4723.312490924165
2025-08-11 18:15:00,1875.1087015992275,1880.2103752582032,1870.6029360151492,1877.2946511994924,3328.265220084844
2025-08-11 18:30:00,1883.6995155479217,1891.3526857896506,1883.367657494355,1888.8341446204897,8552.042777045053
2025-08-11 18:45:00,1871.9512462187845,1881.2128434730494,1872.950858635657,1879.7814294314555,9923.216088742958
2025-08-11 19:00:00,1879.8622861220151,1886.9082832946951,1881.2956700804361,1886.1476378426796,5508.154508511006
2025-08-11 19:15:00,1855.1613001350793,1863.078787284265,1855.198965174308,1861.9900592966567,6506.996697151243
2025-08-11 19:30:00,1867.748408017429,1869.6115788679203,1857.3916289436925,1865.0960062754948,7510.83437077372
2025-08-11 19:45:00,1888.7777493254619,1893.3588230164446,1884.0902411977352,1887.3853873678345,292.51543879259975
2025-08-11 20:00:00,1900.4212692873737,1909.866854325796,1900.5296815850143,1905.6426866039321,9492.884095665662
2025-08-11 20:15:00,1893.9037816643943,1898.2871642543255,1885.4034063024792,1889.825171060965,9214.497032661522
2025-08-11 20:30:00,1887.9320355195573,1897.151367873892,1889.636378134591,1896.0304206537471,4608.761208269256
2025-08-11 20:45:00,1891.1974651682488,1899.0378267361743,1888.755690706609,1893.8935563096288,3194.121700809325
2025-08-11 21:00:00,1900.839498958895,1909.4811397139654,1899.5356551740435,1897.8427234203236,9764.448491734347
2025-08-11 21:15:00,1915.007433900116,1917.630169088246,1904.8301269582562,1916.4265753959367,2078.6510750376665
2025-08-11 21:30:00,1951.0834083944146,1950.3149025327136,1940.309417695641,1949.0350545366741,5863.366478132621
2025-08-11 21:45:00,1942.2908034084317,1948.0830591193564,1935.0702250239738,1942.5089510783273,6566.4753419958115
2025-08-11 22:00:00,1928.730884653094,1937.759689722403,1923.5918178630823,1930.941441924017,3256.3067156660027
2025-08-11 22:15:00,1903.0283720359694,1905.7600672161948,1896.77773923874,1900.6718325108336,1256.4066790884708
2025-08-11 22:30:00,1890.3873687576888,1900.3933617447317,1887.7924469461752,1895.9417934848784,7797.680630446251
2025-08-11 22:45:00,1879.6789858886655,1878.1624364792401,1869.7899661417136,1877.865150941477,4971.655276507968
2025-08-11 23:00:00,1881.3951471457901,1887.5437674368409,1879.9248263676136,1886.4358741148,6692.819712565313
2025-08-11 23:15:00,1883.50530645798,1884.9504240301055,1873.9158165369568,1882.8567151472316,7065.547188370595
2025-08-11 23:30:00,1898.538640708124,1897.8509298870385,1886.5416750380405,1897.3659188054594,4281.87665692129
2025-08-11 23:45:00,1903.9465176670728,1915.35111509792,1899.885634769151,1910.8477935741407,8451.842592802699
2025-08-12 00:00:00,1885.4508253050428,1893.3991776724738,1880.349831191651,1884.5666698638302,3108.116516817516
2025-08-12 00:15:00,1878.9288514162108,1889.4185613331301,1877.55312151693,1884.4289953624732,1044.3393775754914
2025-08-12 00:30:00,1902.0312753981536,1904.8852729830467,1894.9157584489626,1895.5355742036165,7039.154206475801
2025-08-12 00:45:00,1912.3259765902994,1916.4860144941863,1907.2485076387725,1906.0487821731062,8293.030606618777
2025-08-12 01:00:00,1919.690618722528,1918.7199039630855,1908.505935365179,1912.019123965934,6720.223949093276
2025-08-12 01:15:00,1901.6532044585927,1911.8647265984346,1897.7624878176823,1904.4021993332658,6154.437147479323
2025-08-12 01:30:00,1929.0176071974959,1929.7272888694222,1918.2597116258978,1920.503007453562,1884.3517129789739
2025-08-12 01:45:00,1918.0588012627943,1918.040462359399,1909.6655375629825,1918.5930263776334,1762.4401483688305
2025-08-12 02:00:00,1934.327910546939,1939.6999842643781,1932.587539443177,1931.2162628542164,3196.2752284280796
2025-08-12 02:15:00,1918.263042126581,1923.065413022231,1910.958375558149,1914.9696430323331,2900.4504517608484
2025-08-12 02:30:00,1922.0494559313256,1928.3650358788714,1920.1632998553341,1928.5439985332546,2460.628290652827
2025-08-12 02:45:00,1930.97320723165,1936.945097068492,1924.0498331800904,1932.7695689903246,5621.780817461178
2025-08-12 03:00:00,1935.7561631657086,1945.7433586457396,1935.5875203501132,1936.0141672213888,9952.221103970718
2025-08-12 03:15:00,1949.8049768160406,1950.2591907293634,1941.3751806264647,1947.370023707012,1266.022920938805
2025-08-12 03:30:00,1934.3057753243947,1937.6440080539592,1930.2024109222584,1937.0474446860496,9206.410831705849
2025-08-12 03:45:00,1941.0897229535544,1944.406487062023,1933.316986514681,1944.782658580239,4306.992328421919
2025-08-12 04:00:00,1951.4863865991417,1955.243776092979,1944.9501319177139,1944.4323521629135,8117.959120213763
2025-08-12 04:15:00,1953.142802343057,1951.8353214069418,1945.687959904468,1945.648806058483,3875.132741599569
2025-08-12 04:30:00,1945.7082929465669,1948.425894168031,1942.6292853312345,1948.3702219826764,9379.772781512966
2025-08-12 04:45:00,1936.9353959508132,1942.532727102337,1935.6241992280882,1936.8277684901977,8505.136332494618
2025-08-12 05:00:00,1941.1196151691042,1941.0545068550496,1931.6715950274563,1940.3815864419175,1662.9824295006117
2025-08-12 05:15:00,1930.4850496024399,1938.9787930890543,1931.1517283408577,1934.2768240505955,6909.2784918274065
2025-08-12 05:30:00,1962.1952683428042,1964.6816550057933,1955.7893849356701,1958.0502498384346,2220.6566641561803
2025-08-12 05:45:00,1975.3744952702348,1980.098603927831,1968.2902022190667,1968.2033542440702,1010.4631296650756
2025-08-12 06:00:00,2014.7985762162323,2013.7563296332407,2005.120491472163,2008.8214278173061,3343.000226561282
2025-08-12 06:15:00,2007.0047827985184,2014.9538672850758,2006.1076428289557,2007.3714344736673,3297.7646211467777
2025-08-12 06:30:00,2013.2818440294427,2014.468693953207,2005.0652974483833,2014.252664756267,4669.333678647623
2025-08-12 06:45:00,2011.82824582863,2017.9469324188688,2011.7248303748395,2014.2206802730475,5355.912776872251
2025-08-12 07:00:00,1990.6644707957298,2000.4537171559937,1986.7630202706505,1988.5494450098995,1479.4932970725529
2025-08-12 07:15:00,1992.7546196123517,1999.4709503170966,1987.2392711306209,1997.235395181474,6151.28516387919
2025-08-12 07:30:00,2010.652627076995,2014.8953076368116,2002.9997117698042,2011.1727568062113,3617.0548929788815
2025-08-12 07:45:00,2018.987725101886,2023.6541783326159,2015.5812195941892,2016.4187645591592,6414.813097202446
2025-08-12 08:00:00,2011.6341569876458,2014.1734846447912,2003.2132564020599,2006.5091433684415,2742.4834515393495
2025-08-12 08:15:00,1992.8401385143165,1992.233718725771,1985.9105937232284,1985.8237572030616,4861.470799508976
2025-08-12 08:30:00,1997.5634219550345,2002.8696227783864,1991.5614660205024,1994.2503742854951,7452.531348598798
2025-08-12 08:45:00,2027.4499839451275,2026.2125700147435,2019.8906797761333,2027.5364533197442,1779.3974407048215
2025-08-12 09:00:00,2005.5648105434072,2004.2703338881333,1993.9240230989417,2001.7681938303876,267.77115772523376
2025-08-12 09:15:00,2009.3564512022638,2014.1432351768306,2004.7723028445496,2012.3942449033998,1503.9388418322753
2025-08-12 09:30:00,2006.0594424028577,2008.915057508621,1997.990250196377,2004.337311009848,7291.063687040451
2025-08-12 09:45:00,2000.3714595553502,2004.932259116374,1996.4150723133516,2005.43002997468,7033.690789361415
2025-08-12 10:00:00,1988.4012739494658,1994.230108547791,1983.088097259625,1993.1008036837982,2713.7496748660533
2025-08-12 10:15:00,1977.4716823582748,1983.5431241734173,1968.573348995076,1971.9859600389175,9812.519149599748
2025-08-12 10:30:00,1973.4880693291582,1978.0106306350183,1968.938121886988,1975.3248968846715,990.1385001186408
2025-08-12 10:45:00,1974.5236602174987,1983.5209661283793,1973.415964098831,1982.4710521877462,627.2835108335848
2025-08-12 11:00:00,1994.036172394258,1998.0007117438686,1990.012179303692,1997.9555369152222,3216.5837816015264
2025-08-12 11:15:00,1995.7977847175416,1997.4059265953229,1986.1563197286998,1991.300215270929,4014.2825873751412
2025-08-12 11:30:00,1988.056356117087,1993.4308537121797,1982.1435396313439,1990.554156854271,9983.749212808638
2025-08-12 11:45:00,1964.5728906861377,1976.0771061594164,1966.1098729685605,1964.2667179771852,5147.952569398045
2025-08-12 12:00:00,1970.8431897240716,1980.3400964476152,1967.7786817303156,1977.9070554830837,6374.225724910435
2025-08-12 12:15:00,1976.287259714584,1979.5998775405733,1968.4250213677246,1975.5116779558582,7386.258836793876
2025-08-12 12:30:00,1966.1629195157905,1973.3686848961195,1967.380379139292,1972.4468361131235,3399.5660162843524
2025-08-12 12:45:00,1991.4186041639557,1996.0648929927675,1983.3372459304367,1989.1264944117797,2422.635405970039
2025-08-12 13:00:00,1964.5375404370036,1966.9729022547558,1957.3996485329044,1959.0029007648266,1513.5277709698921
2025-08-12 13:15:00,1937.7183940065875,1945.3113997152223,1933.1024373721039,1937.7125580658915,5949.736900638624
2025-08-12 13:30:00,1941.7673234304978,1944.178363336344,1935.6771636559372,1935.4003850543377,7393.9268449014935
2025-08-12 13:45:00,1922.987045748892,1928.5306881368292,1917.414780341326,1927.1367728321327,4500.631442566459
2025-08-12 14:00:00,1937.279501077454,1948.3027404258862,1936.2714255973715,1941.1812099946287,8163.694740582109
2025-08-12 14:15:00,1934.1407753710655,1940.6882548467192,1931.6091189784065,1941.7424586040863,4112.244588182263
2025-08-12 14:30:00,1932.4673785488658,1942.5622689736736,1933.1799335829123,1939.7862606444387,5668.069878700697
2025-08-12 14:45:00,1934.5035539303938,1944.1643874962667,1931.3020255104207,1935.9226430873946,7933.134936955346
2025-08-12 15:00:00,1941.5420421922856,1942.6138277278317,1935.154792089111,1941.0942138652904,389.04023665578984
2025-08-12 15:15:00,1941.644977669145,1949.4870605574104,1939.2511551699235,1948.5667681185262,6586.598365621113
2025-08-12 15:30:00,1928.9214178646125,1933.5660527822536,1925.2185622753632,1923.791783796744,775.0524268283601
2025-08-12 15:45:00,1922.7117336824556,1930.3123330351307,1918.0627094360013,1928.0276143538858,2238.0465866438576
2025-08-12 16:00:00,1925.983735079159,1932.1506740954642,1920.1225990835678,1922.5399496278344,1709.919595526849
2025-08-12 16:15:00,1921.0099181532655,1930.7288310067688,1918.3827679772594,1927.5153449999784,5674.045138939878
2025-08-12 16:30:00,1912.8181148536212,1920.061027935229,1911.0419207227208,1918.4516898736877,8750.25351431793
2025-08-12 16:45:00,1909.436561520866,1914.8260518064794,1904.8729908305577,1914.7304409285737,3573.4581090688876
2025-08-12 17:00:00,1908.289420459511,1916.8165601108635,1904.7023131063402,1912.538147778564,5916.115655859731
2025-08-12 17:15:00,1904.6523763995176,1907.8998210778338,1896.3347794462038,1899.9734659284736,6931.15160928907
2025-08-12 17:30:00,1921.4252504506592,1920.7306073138684,1914.9511064068372,1923.553158377508,9603.890335779579
2025-08-12 17:45:00,1927.8695547005575,1932.5088215854944,1918.8909923563565,1930.5625086486698,972.2177685932089
2025-08-12 18:00:00,1919.1176344942562,1926.829959510846,1915.932069984237,1918.2782717024052,7692.383820346319
2025-08-12 18:15:00,1928.225000073342,1936.1691651082754,1930.582737969706,1934.7422270676477,4681.787001228455
2025-08-12 18:30:00,1931.0411825988003,1938.5506666454546,1932.078682570143,1930.3493830740972,314.814364464469
2025-08-12 18:45:00,1937.492309028034,1947.0797363612605,1937.551228865013,1946.754508365012,3339.7960430147496
2025-08-12 19:00:00,1936.4049369335933,1942.9946443686204,1929.6150479237438,1936.0631780103326,4970.764081349097
2025-08-12 19:15:00,1945.8358046753674,1944.6366760651651,1936.105520386539,1939.3443956895428,8442.092063074988
2025-08-12 19:30:00,1942.226202291431,1951.5707338688862,1939.5651257536579,1950.0785600749791,7778.233303311664
2025-08-12 19:45:00,1943.723944621969,1949.4443274655323,1939.5101204021864,1946.6320200527716,7383.127011763953
2025-08-12 20:00:00,1947.906731029317,1948.0218001947917,1936.642858885528,1939.3651449362874,2452.2294974683323
2025-08-12 20:15:00,1948.4691714502967,1956.3886272625207,1947.1568846085602,1951.2055758706388,7705.324159221786
2025-08-12 20:30:00,1946.62778085615,1955.8044258502327,1941.9291949199985,1947.5290499142063,4692.584018285822
2025-08-12 20:45:00,1922.680007321032,1932.8371024098367,1920.6532582667123,1927.329655658544,1304.443132592369
2025-08-12 21:00:00,1915.1199258645624,1923.5943340221995,1912.5916573808997,1916.9127527817034,1102.2363441871394
2025-08-12 21:15:00,1917.7401996832216,1923.5552440248107,1918.4223943941606,1918.7997676547377,554.2103874813063
2025-08-12 21:30:00,1917.6718906055937,1925.1506919597657,1913.2250369097571,1916.7896859466869,6694.046757736394
2025-08-12 21:45:00,1889.2512775515397,1896.2412042386773,1888.4399770640853,1894.5739596974056,9691.792116612942
2025-08-12 22:00:00,1931.0989452468837,1935.5494988265948,1923.7046080162804,1931.858891605546,7556.202846977947
2025-08-12 22:15:00,1931.9938041882335,1933.036401296327,1925.3404804319482,1931.1458342513054,3249.9865444733528
2025-08-12 22:30:00,1930.0495693102273,1931.4616078032109,1919.081538872614,1922.118816105018,3637.094215416851
2025-08-12 22:45:00,1942.9763072120595,1947.2232083083381,1934.7001600864628,1937.6463957220828,1528.7869558377736
2025-08-12 23:00:00,1932.109364978098,1934.616788571734,1926.1167916252211,1928.6020434349314,5708.230339997924
2025-08-12 23:15:00,1944.7077922736848,1953.6180360741362,1944.6600432487091,1947.677380464556,4461.24551986182
2025-08-12 23:30:00,1918.485203146841,1924.2043057694168,1910.766568061729,1918.9668357770333,5852.799903259971
2025-08-12 23:45:00,1929.4336346706243,1932.524517816357,1923.9432326638068,1925.7515531830136,7287.737634304615
2025-08-13 00:00:00,1931.0997051192737,1935.0072588072944,1921.138168181369,1924.629828974119,4695.6666629818355
2025-08-13 00:15:00,1929.7292158718817,1939.2487743712823,1926.872506549304,1928.3899385464786,1115.295856750593
2025-08-13 00:30:00,1921.6110086480378,1930.0155832114228,1915.8878737150958,1925.0325891210528,6971.549097374053
2025-08-13 00:45:00,1929.2324247671886,1936.6463456125498,1922.3044936317456,1930.175113960005,5168.000298511181
2025-08-13 01:00:00,1943.4715813941325,1941.7663414171618,1935.2275067549417,1943.54797284717,1115.2594314480114
2025-08-13 01:15:00,1950.4429541838585,1950.2270823241518,1939.1524244081381,1950.2246456179323,4900.853419402998
2025-08-13 01:30:00,1960.0668838642312,1960.9933803691551,1951.8423056954907,1958.3998369130352,1714.8780789016598
2025-08-13 01:45:00,1951.826917883462,1956.262773815495,1942.4464399883661,1952.564056701735,6237.949425867051
2025-08-13 02:00:00,1973.8637245445464,1974.1042489887602,1965.8926394103914,1973.2069325743937,3333.678138367699
2025-08-13 02:15:00,1966.3655250170727,1971.4997426360749,1961.876391435385,1968.3199232462803,5350.951292069956
2025-08-13 02:30:00,1956.3739033043626,1963.7292299360568,1954.2282405094907,1960.6232745620168,3617.1907211889343
2025-08-13 02:45:00,1940.0806957818907,1947.6675806634578,1935.7152792266836,1942.2727279656876,214.75084734618986
2025-08-13 03:00:00,1926.860620354687,1930.5250106015917,1920.8470512197541,1928.528094285057,5767.6584602785215
2025-08-13 03:15:00,1926.2989504035843,1934.397209048284,1924.956728257129,1926.5983613070082,6427.462613607732
2025-08-13 03:30:00,1920.2973970198723,1923.296855303326,1916.6137043196766,1918.9474548977978,1217.3669470700488
2025-08-13 03:45:00,1899.739382630166,1911.0028413571608,1900.1524449544152,1908.186039814414,1547.0598956906147
2025-08-13 04:00:00,1914.8323045740008,1921.9970536419069,1912.8736984389866,1915.613719943978,8488.446029296545
2025-08-13 04:15:00,1896.713169847889,1905.6615307060738,1893.3228412251767,1901.2714424814874,6041.52738434672
2025-08-13 04:30:00,1900.5703983074045,1912.7830549003793,1899.571157311232,1901.514079248499,4038.7650811987965
2025-08-13 04:45:00,1883.2228199663268,1894.370525388182,1884.833354106992,1888.769508824089,4522.691419805202
2025-08-13 05:00:00,1881.354494843586,1882.650953962907,1870.645815626063,1877.1513130249577,4133.554432087974
2025-08-13 05:15:00,1895.4368417793194,1899.3232384151977,1888.7008898325084,1894.3524912147764,5125.163022563667
2025-08-13 05:30:00,1911.1298357429632,1916.758823035316,1904.4147458444004,1911.2521963628526,7156.16882838906
2025-08-13 05:45:00,1887.2028511985761,1896.3070626916283,1880.8209077150743,1884.544341012402,6965.4585472653025
2025-08-13 06:00:00,1857.6618998445465,1865.987042508234,1856.2716126168546,1860.0858030094814,9978.29795752635
2025-08-13 06:15:00,1856.9489482742633,1861.5299314512833,1848.8539346573555,1856.3217189042646,4903.293151666608
2025-08-13 06:30:00,1867.485246794208,1876.4293601019253,1866.8768021667722,1873.3682117837338,1967.2543250965102
2025-08-13 06:45:00,1845.03153136608,1846.6922717536188,1840.9752024941472,1839.6559277505512,3467.5803234854793
2025-08-13 07:00:00,1839.7998990538447,1847.4141267499851,1835.3596397962917,1839.1937355415164,4309.838849539646
2025-08-13 07:15:00,1859.686011346833,1864.886533603062,1853.4757588078385,1859.7191125810957,8749.987487350003
2025-08-13 07:30:00,1844.1709065985885,1850.8996526642836,1843.5642508133794,1845.5230681751998,5213.104321469086
2025-08-13 07:45:00,1848.5027618826814,1851.8808862499452,1843.8694674449935,1852.70313459497,5982.446299098977
2025-08-13 08:00:00,1826.191216825126,1825.0543544201037,1818.3322398083153,1827.2764946922566,281.075835821915
2025-08-13 08:15:00,1832.4995993185264,1838.7629497415312,1831.707383565178,1837.02689357401,5089.787044206998
2025-08-13 08:30:00,1797.540556608613,1801.127433360197,1790.3132088837099,1795.8329383376604,2103.4487773547794
2025-08-13 08:45:00,1771.247740151175,1778.0622898525037,1768.9756155040798,1770.1482099987072,5918.9310151215495
2025-08-13 09:00:00,1786.6328044390198,1786.1614925637823,1777.406052873104,1780.28386278263,9813.950909822455
2025-08-13 09:15:00,1784.097579835234,1785.826007638538,1778.9923139541454,1785.3161088008396,9841.609520717271
2025-08-13 09:30:00,1793.7162491064826,1796.4904388275502,1786.2452981563702,1790.215115567423,1400.9686740835261
2025-08-13 09:45:00,1774.372454194397,1780.5446248773253,1767.115021873805,1773.5791969734732,9211.136681233464
2025-08-13 10:00:00,1788.9634577783208,1795.8026483148392,1790.5568820528538,1789.9689221156339,6416.618673067351
2025-08-13 10:15:00,1772.567896348353,1772.7180405527479,1761.0615328774518,1766.5284847393298,4758.034851165398
2025-08-13 10:30:00,1776.4209366000778,1787.0974564411265,1776.3084838193986,1775.5107898483886,2849.8748964425417
2025-08-13 10:45:00,1778.0729197773362,1781.738773680925,1774.7258522796994,1778.2256041865855,4498.212779708723
2025-08-13 11:00:00,1779.2605668315357,1779.3450557373403,1773.4589658012808,1780.4200442990127,7130.582443734138
2025-08-13 11:15:00,1776.5010100810957,1787.951723173351,1775.1482716783664,1784.2583209075258,3153.873502773851
2025-08-13 11:30:00,1771.2358371230478,1776.4562889279314,1765.7510156582186,1767.5374752383682,6746.524340021835
2025-08-13 11:45:00,1755.0702906247766,1763.2208848341854,1750.6280483728376,1762.0219601631024,9938.941979938312
2025-08-13 12:00:00,1755.089004882854,1764.7808188824072,1754.4870675369532,1755.332738364363,7818.172573647368
2025-08-13 12:15:00,1754.8800454359744,1760.0747243342717,1748.5906375886966,1758.6675725197176,9915.16898794016
2025-08-13 12:30:00,1759.9516564498356,1766.5128220545755,1755.046227059961,1760.0584179736484,6356.117233141393
2025-08-13 12:45:00,1775.7328029414139,1776.6228436145,1768.1092887248803,1776.3853709082882,1449.8496158104454
2025-08-13 13:00:00,1775.8401059814778,1783.5336069452417,1775.809052341158,1774.3167262184727,1406.839593065636
2025-08-13 13:15:00,1785.3755003703482,1797.2607195810085,1783.3837425145641,1785.7854559720588,4541.4650143043955
2025-08-13 13:30:00,1787.4500255100365,1794.4233105253747,1781.9165377555887,1789.454779176412,9728.54526188417
2025-08-13 13:45:00,1823.6565114215846,1825.934767374116,1818.8612265803213,1824.330118922215,9841.120534906468
2025-08-13 14:00:00,1828.1327435868657,1835.6639674265023,1826.7291718897734,1828.6548923153869,6748.600526961531
2025-08-13 14:15:00,1828.0996690173963,1829.173895569598,1817.045920260039,1821.7434032509475,851.1676077559754
2025-08-13 14:30:00,1824.3794542198345,1830.4967467973297,1822.4183162858221,1827.2514383098144,4894.767262692612
2025-08-13 14:45:00,1803.383583361648,1810.0068411988236,1797.9916722660307,1804.5469153711642,4546.064998356018
2025-08-13 15:00:00,1823.8970878208652,1828.615451300255,1817.0430485360891,1826.9497185272483,2347.756636628408
2025-08-13 15:15:00,1810.8514143374878,1820.9601985292068,1810.5294223394674,1811.6023088918316,868.0250402249337
2025-08-13 15:30:00,1797.4778383111368,1805.2593150815571,1793.7293674003838,1800.6854544352168,2861.86861542012
2025-08-13 15:45:00,1809.8145830154945,1820.889310946802,1806.5391313243547,1815.728097308082,4515.57035455415
2025-08-13 16:00:00,1808.7099385376646,1814.391879191169,1802.253331704174,1810.4087665273212,9474.328823206326
2025-08-13 16:15:00,1824.0178926230342,1824.9147590907826,1818.900167395885,1821.7311330047532,925.1651880908789
2025-08-13 16:30:00,1842.6607702015249,1847.1311893490847,1832.0648251046966,1842.8264874466024,9380.780038729741
2025-08-13 16:45:00,1833.4747328128383,1837.9650703722314,1825.3223390915052,1831.938522341361,4543.3756951694
2025-08-13 17:00:00,1775.1025464581758,1781.1295597015255,1766.7354401706316,1770.5018049766459,7530.251904942032
2025-08-13 17:15:00,1755.502572483531,1760.1072267822003,1748.2853735323636,1750.1111606855814,6939.879033013676
2025-08-13 17:30:00,1753.691276798849,1762.7352185700092,1753.5878789712513,1755.9931024026534,2898.7817581653158
2025-08-13 17:45:00,1748.7754783930209,1753.2067427315058,1745.166221924276,1749.0078954600135,3699.3424325753995
2025-08-13 18:00:00,1743.3335635472658,1754.6757779105087,1741.8528447821295,1748.677314775735,6303.108160616743
2025-08-13 18:15:00,1750.2933200605364,1757.4096142261076,1747.2781404603925,1750.500211046914,1137.4473787658114
2025-08-13 18:30:00,1768.6109871690253,1776.3597792411754,1766.9660858092966,1764.4842713336052,1092.7682302117532
2025-08-13 18:45:00,1791.4470699727622,1796.8646531101995,1783.4361949706704,1791.479138258014,6998.055016414571
2025-08-13 19:00:00,1774.0175449556637,1774.2025291680723,1764.8244144452701,1773.3295716492833,7129.038004359551
2025-08-13 19:15:00,1762.8873030184877,1770.4777258296588,1761.6322056486445,1763.181342551315,1299.200012800446
2025-08-13 19:30:00,1783.336882632626,1781.714999430763,1774.5364115351842,1780.0844510527327,249.8404756677473
2025-08-13 19:45:00,1752.2017388960344,1762.33938913574,1749.3292485065713,1760.4388182077157,2871.4586665230954
2025-08-13 20:00:00,1742.032685841006,1743.1842257474916,1732.8112630256958,1740.6045911783986,6319.467985549698
2025-08-13 20:15:00,1698.5601038541686,1708.276318073519,1698.4887620042357,1699.4201702147604,9059.786660808082
2025-08-13 20:30:00,1697.806231512062,1706.3251544419963,1697.226138440429,1706.8382750683988,991.996664646054
2025-08-13 20:45:00,1672.497514445528,1678.381580922174,1668.3346013325395,1668.4262606978953,9192.258340613185
2025-08-13 21:00:00,1676.59973102672,1679.1329141762542,1673.0820354982957,1677.9473761062163,1954.2605076102457
2025-08-13 21:15:00,1686.3092493064846,1697.0672045441681,1687.08221808254,1693.7687896570335,8695.433093513282
2025-08-13 21:30:00,1691.673149561329,1698.7864982541053,1684.8341996265485,1694.2356839630327,1325.6731861325934
2025-08-13 21:45:00,1703.9279837138347,1709.2947262004734,1695.6664530954604,1707.1202092775468,6131.752844102684
2025-08-13 22:00:00,1709.7083459456594,1711.9677155706995,1700.455535893612,1705.071820961026,9335.995310539005
2025-08-13 22:15:00,1691.5905425615604,1698.3564779180201,1687.7330178593338,1692.7933173083238,8071.566452582763
2025-08-13 22:30:00,1706.8060278709038,1715.2514701272653,1705.2619164839532,1708.381234366132,714.6576848032686
2025-08-13 22:45:00,1722.811791825797,1725.0290033456208,1713.9767661215797,1719.330499449727,729.5535279448852
2025-08-13 23:00:00,1737.4091630584371,1743.5346882923209,1731.9659222369828,1741.92969210724,8118.52315434259
2025-08-13 23:15:00,1741.635124031258,1744.254178140694,1734.336944351617,1739.2260128706555,7032.870933220185
2025-08-13 23:30:00,1733.7819385859905,1740.9311859390095,1733.5375753649864,1734.837776017914,1471.5880456133527
2025-08-13 23:45:00,1743.343718149617,1747.550629690901,1739.657547579959,1737.6535177221824,7720.476850021735
2025-08-14 00:00:00,1739.663208713713,1738.530085485509,1732.6757627967806,1739.7740080958085,9515.757937939781
2025-08-14 00:15:00,1743.9828133702501,1747.234856143085,1738.5625458695474,1737.6193829284518,8832.964337705049
2025-08-14 00:30:00,1770.30330943045,1780.917499808316,1770.3091219834419,1772.8900832822724,4097.84533030041
2025-08-14 00:45:00,1773.362081989612,1779.353396975033,1769.7018184799304,1774.5541917239968,1258.8125284555158
2025-08-14 01:00:00,1789.7401286069523,1794.9233565114403,1785.3986508109278,1790.7794417900345,4573.335494550612
2025-08-14 01:15:00,1777.89878574552,1780.7403428558166,1770.6821996646663,1779.1706276887385,7541.1820385167375
2025-08-14 01:30:00,1785.0124985200696,1785.7806823641079,1774.6727437456634,1786.3695249138896,8469.218118329476
2025-08-14 01:45:00,1778.393420331234,1786.2107902359173,1778.0724842861162,1781.0480960465313,9870.257697618956
2025-08-14 02:00:00,1781.723898068908,1788.0111790881617,1777.730877228209,1781.788759224017,8492.070136791333
2025-08-14 02:15:00,1800.5355387321765,1807.184219713232,1796.0235613303958,1796.71373722511,1841.9638470117188
2025-08-14 02:30:00,1809.8252172041498,1817.6496951265556,1808.3300719385559,1816.9698708120713,6584.710460047226
2025-08-14 02:45:00,1825.6636479974118,1836.1022968165205,1822.553992773273,1827.1600404487747,5132.299004322681
2025-08-14 03:00:00,1815.234039500059,1823.180024076456,1812.2210720445157,1822.1648660574724,5547.606663637774
2025-08-14 03:15:00,1803.6019754392833,1807.9659484618196,1795.5187881895483,1796.0087257679586,5175.9532418057015
2025-08-14 03:30:00,1787.2863322855321,1798.474645348796,1788.1288326094775,1791.5061085684158,3653.9817097804366
2025-08-14 03:45:00,1775.2369317025612,1780.6996463736969,1766.975384057275,1774.8952526212693,833.8210289902901
2025-08-14 04:00:00,1782.617194113985,1789.9230282697079,1779.6393865125526,1789.744142080619,1833.6260958000894
2025-08-14 04:15:00,1803.6051760302398,1803.0226172108623,1796.928969692411,1803.7238914092145,9970.805051811418
2025-08-14 04:30:00,1805.4896078609613,1816.7633065369089,1803.8856856203602,1806.8359097757539,9950.075774345401
2025-08-14 04:45:00,1798.9990163298364,1803.1943580068496,1792.0601654547406,1795.5975371862585,6235.616548118704
2025-08-14 05:00:00,1798.1670333149061,1799.3071659838051,1787.8012471349882,1798.7403762372735,7315.728127829916
2025-08-14 05:15:00,1796.451404148118,1804.9842483845898,1797.5537618812805,1798.2271364735045,1485.088629405833
2025-08-14 05:30:00,1791.6494936026693,1800.649579584399,1790.1223294017855,1801.0152458419275,8185.098035205436
2025-08-14 05:45:00,1776.2352291826223,1785.8483071296146,1774.3668066924765,1774.2984011808264,2003.1334827214173
2025-08-14 06:00:00,1787.7962344551531,1789.5131256575582,1779.4317256966826,1788.6167402770006,2500.0760653504185
2025-08-14 06:15:00,1773.9347280491083,1778.9978576901215,1769.4320649383405,1773.664768933629,4769.81676220581
2025-08-14 06:30:00,1764.0446286669019,1767.1321123787684,1756.8735451770062,1767.5454993153753,7268.090506071468
2025-08-14 06:45:00,1778.7385510869879,1791.04637456551,1781.545197692193,1783.3200995047118,1720.1195087769215
2025-08-14 07:00:00,1798.312216278954,1802.4299647825812,1793.8241444610287,1801.8709423385333,9666.732014827812
2025-08-14 07:15:00,1832.6921046550358,1838.6935574696754,1825.008952153631,1836.017143375058,2595.173189671692
2025-08-14 07:30:00,1830.9568393665331,1841.82390798027,1829.467056808599,1837.6386519392347,3193.891924598785
2025-08-14 07:45:00,1845.8798907103478,1850.8846842232754,1837.038290080406,1839.728935872347,7900.382452017436
2025-08-14 08:00:00,1834.3496349286866,1832.7822120720716,1826.322805136182,1833.3291557623832,676.0196678868389
2025-08-14 08:15:00,1830.6913431577411,1834.585208344492,1828.0836482649797,1829.2555467882805,7532.897157352346
2025-08-14 08:30:00,1828.8017712853589,1834.0715387968407,1819.9065496960923,1824.394447969582,4323.663318946613
2025-08-14 08:45:00,1834.7516859008012,1836.898741618873,1826.9227957772714,1828.548444620995,3944.609664857421
2025-08-14 09:00:00,1836.1903037002214,1837.4609621368925,1830.38516655207,1835.771052673555,5632.271450107583
2025-08-14 09:15:00,1847.3654756928045,1858.9998473349958,1844.251304774244,1854.3415396480168,4109.6154008644935
2025-08-14 09:30:00,1853.1644718514342,1861.5094365596087,1852.3030744349644,1852.6592725532896,1607.5320516676147
2025-08-14 09:45:00,1867.9592000290384,1869.61323374097,1859.515364588273,1861.92672780553,4873.324097565837
2025-08-14 10:00:00,1839.74263754154,1846.8235606043456,1834.8068425618756,1841.8097186079428,178.5304374970312
2025-08-14 10:15:00,1833.7575480439618,1838.373120412928,1828.8542692337273,1828.7944685826114,4463.027056441825
2025-08-14 10:30:00,1847.5363722789739,1850.2806857369735,1843.6169723928613,1846.2860167485496,7901.93449509023
2025-08-14 10:45:00,1853.9029294816405,1858.1064116506136,1846.0980402503144,1858.4182624082998,840.0239241976763
2025-08-14 11:00:00,1844.3386319702972,1846.5826373911689,1839.987478948382,1846.2025035527179,2095.308862721313
2025-08-14 11:15:00,1832.5497566601773,1837.7961083028688,1828.3474292586723,1832.048581693628,6881.676822333107
2025-08-14 11:30:00,1817.4696144909412,1817.8684739873252,1807.6997354980292,1813.7257833313631,2971.149773668784
2025-08-14 11:45:00,1809.5371538000195,1809.5677323200491,1800.5168871496737,1809.9414774086786,5402.418224015478
2025-08-14 12:00:00,1819.922085797726,1821.6127247790216,1810.1833844703133,1811.4596884111197,5050.300429330034
2025-08-14 12:15:00,1834.401553301766,1841.2689687051634,1831.452103583309,1832.2500612588844,5507.3101103232175
2025-08-14 12:30:00,1825.3756994701812,1835.5140465746815,1822.074566482771,1827.4979124493152,1628.4015156719065
2025-08-14 12:45:00,1847.2853513971613,1847.4391314558968,1835.3957087978254,1839.2413472267979,3519.3509913039347
2025-08-14 13:00:00,1824.1607149830668,1831.9271910048408,1821.3482562960744,1826.8944296464813,9465.328652270933
2025-08-14 13:15:00,1831.6092882234307,1833.408635585683,1823.5929782406365,1830.707072284734,6805.452534338124
2025-08-14 13:30:00,1839.3540396546266,1845.3488079812066,1839.398621937489,1841.5355659167692,1844.1655815504994
2025-08-14 13:45:00,1859.4236544287094,1862.323902340416,1850.4241808054926,1859.5280817800617,1810.038910810213
2025-08-14 14:00:00,1846.7011404608259,1852.5231362325458,1842.9600894429313,1851.645273451604,4795.130357390136
2025-08-14 14:15:00,1825.3266270616346,1832.1542209380177,1826.95877896183,1827.785984388702,2015.845312241118
2025-08-14 14:30:00,1835.6158738049592,1840.6244654736847,1829.120623495736,1835.3946687367654,4183.918207608112
2025-08-14 14:45:00,1831.0978355200027,1836.1159119702352,1825.9780136321954,1830.0282709899266,7775.963396192072
2025-08-14 15:00:00,1830.4750936033831,1831.6877434196808,1820.453322890195,1821.9545668459139,4513.452557884797
2025-08-14 15:15:00,1798.1208216599225,1806.9342215542833,1797.9130338782415,1801.867068499024,8387.9037001955
2025-08-14 15:30:00,1793.9749077710492,1800.7473940776927,1787.2406844296388,1789.4932298341437,5262.039975065756
2025-08-14 15:45:00,1788.0634546699434,1789.7510628187645,1778.1064122911187,1786.3260369050126,9061.305307419729
2025-08-14 16:00:00,1760.895836835223,1772.274531565425,1758.0939166155604,1764.3768148045417,7721.677919248672
2025-08-14 16:15:00,1776.2734467135335,1783.5815210768963,1771.61468445598,1780.8867607468771,4187.473498252906
2025-08-14 16:30:00,1801.8446174284961,1804.4769124600257,1791.6881569599543,1798.4217540546313,8044.0357983238355
2025-08-14 16:45:00,1810.901567403761,1813.341236895789,1802.2407518538075,1809.3827895698182,7103.880263505454
2025-08-14 17:00:00,1773.001772741321,1777.2761066066896,1766.7981145643296,1773.956539554388,9786.871959432248
2025-08-14 17:15:00,1786.4020424841517,1785.513471628257,1779.215740960377,1781.862124518196,5295.121158039523
2025-08-14 17:30:00,1796.9236581777354,1800.3772864335438,1789.032683416821,1795.623350329673,9811.997306118523
2025-08-14 17:45:00,1780.2157428956307,1778.9620703336209,1771.7382463315037,1771.2680296184726,9994.406862186175
2025-08-14 18:00:00,1775.5780675428084,1778.4372081086171,1765.2517265565486,1774.874275762064,6296.449961279085
2025-08-14 18:15:00,1749.1018375185947,1757.751641805891,1745.3896180347417,1745.513619410604,5526.675814962157
2025-08-14 18:30:00,1761.4155296273789,1769.1967987705777,1759.3687022781098,1770.2335380770658,8565.151163895847
2025-08-14 18:45:00,1787.7929858343384,1791.55029429186,1779.822387601105,1783.793664522088,2953.659766903242
2025-08-14 19:00:00,1794.8804998914338,1802.6353913443488,1787.6469790811193,1798.3227854217507,2900.972649277284
2025-08-14 19:15:00,1793.2571951929497,1796.761033622442,1781.3551832745072,1791.9757320497968,8229.08323243599
2025-08-14 19:30:00,1786.670028017952,1791.7894042773032,1782.1450210590613,1787.406389491699,8503.09325598822
2025-08-14 19:45:00,1748.725289497881,1758.155960877865,1745.4136034885817,1748.0928104236648,4511.632651293589
2025-08-14 20:00:00,1747.8962771779925,1750.3974220424998,1743.6836568491203,1752.0290555748752,8914.522203441156
2025-08-14 20:15:00,1754.4216357162531,1756.6340084403555,1749.236558041755,1755.9904288391706,5073.90727472883
2025-08-14 20:30:00,1765.1375397583904,1769.033661626303,1759.6670095775403,1764.046679107261,8008.002073458873
2025-08-14 20:45:00,1764.6848161141875,1765.1497772040505,1754.6975744321148,1764.4385243109753,9131.747939261706
2025-08-14 21:00:00,1750.9623191555459,1761.9949288144182,1749.997240813477,1755.3557541673572,3569.907090573663
2025-08-14 21:15:00,1761.7451610329897,1763.8539889745573,1752.668588859451,1757.3799574358452,1796.8597640165199
2025-08-14 21:30:00,1756.3606546884944,1755.603365714827,1746.6013908245118,1755.3213033701786,122.70994282591373
2025-08-14 21:45:00,1778.4396920461888,1778.3112306202545,1767.8287577850638,1771.1934647571898,9372.044366892676
2025-08-14 22:00:00,1764.7099792868073,1770.7442724225627,1761.0525751254936,1767.271052869815,4127.118099984669
2025-08-14 22:15:00,1773.4863562627022,1777.5785017691862,1767.1798168067066,1777.8483475649693,8589.003761368152
2025-08-14 22:30:00,1770.333963587447,1770.5174325897779,1766.283060619181,1765.4528280839213,8714.53800686319
2025-08-14 22:45:00,1785.901815473123,1789.0051166096146,1775.9745438094044,1785.3547199514285,9589.65862063043
2025-08-14 23:00:00,1753.0625475110112,1759.8920050535733,1749.587776014292,1747.8172495682647,4855.044791905186
2025-08-14 23:15:00,1743.2079004144978,1742.9535904752302,1736.867914140804,1743.1331625499397,4711.621608105651
2025-08-14 23:30:00,1718.7971131921952,1724.1799464689932,1718.9374801700271,1716.93467311615,7807.98800451693
2025-08-14 23:45:00,1703.3826657482598,1707.9336020050314,1697.6685541283503,1701.2799302439557,263.16095204418104
2025-08-15 00:00:00,1697.3166828092296,1697.8942394426565,1691.26150131858,1697.4298308503246,9111.521783374055
2025-08-15 00:15:00,1685.2428468396195,1686.1638271397408,1675.4935827083573,1683.1652368582627,4169.81438768959
2025-08-15 00:30:00,1656.0130708197614,1661.8253297540537,1653.2574732866399,1662.6883162506683,2607.445304511982
2025-08-15 00:45:00,1635.4345291942914,1643.8873678145897,1632.3385803758617,1637.665913784846,8917.807738306974
2025-08-15 01:00:00,1600.3850652196606,1601.3516389452075,1595.4870553188646,1597.9841307732509,2755.3040277730865
2025-08-15 01:15:00,1599.5788171474387,1600.6477097254046,1590.1141261691253,1596.9005534969558,4688.743124192858
2025-08-15 01:30:00,1595.5321037527524,1594.8946270552556,1584.751526458213,1592.0705007831687,3214.0571046573946
2025-08-15 01:45:00,1604.3104613541673,1609.2172428508072,1598.9030904558754,1605.2751221307014,5380.326180432138
2025-08-15 02:00:00,1606.6254594159202,1606.58647429207,1599.9436044004215,1605.742158803547,8214.562445344713
2025-08-15 02:15:00,1594.035291805734,1600.1345511691957,1587.0634365198573,1597.8908338304268,2775.705917230954
2025-08-15 02:30:00,1611.888571998348,1618.5431120861408,1606.8863508651893,1615.1653233239547,3043.1399933799307
2025-08-15 02:45:00,1620.7167533044108,1623.5587369073282,1616.7947272098127,1625.1230861780298,1780.8153625702992
2025-08-15 03:00:00,1609.8916833968085,1618.722574577595,1611.6616744652442,1615.5422094728178,2377.3590238306897
2025-08-15 03:15:00,1618.7456602244047,1622.596767008387,1614.6135273697523,1623.5015222135296,3866.1174602854812
2025-08-15 03:30:00,1625.2312700406792,1623.067656400975,1617.4307073800576,1623.952011703061,3563.239063830441
2025-08-15 03:45:00,1623.0195676886767,1625.035380205841,1619.6427395510868,1619.0458235751375,6778.931599270549
2025-08-15 04:00:00,1634.7583001400335,1639.9939599687616,1629.5411229983058,1630.125701477033,7754.076427169791
2025-08-15 04:15:00,1626.8545067585992,1629.8598839496112,1624.9536583439353,1627.9402599729187,3142.2314572239056
2025-08-15 04:30:00,1654.1680404603594,1662.6345799331755,1654.2882279335292,1654.400070221212,2070.3644619768843
2025-08-15 04:45:00,1674.7924053199993,1679.4599196079316,1670.9588564915525,1671.4722065615947,3651.866092904802
2025-08-15 05:00:00,1673.5187327471112,1676.9908377748711,1663.3790500339144,1667.834908951784,3239.683608367417
2025-08-15 05:15:00,1666.340110128357,1667.732498000972,1660.4523564451351,1668.642933437301,6172.767984914059
2025-08-15 05:30:00,1647.5436342942983,1647.4275493794212,1638.3976205966082,1640.684731667906,904.4238294755831
2025-08-15 05:45:00,1647.4060360379142,1657.6116007358887,1646.4555972521202,1653.3070654409462,7317.5458280127605
2025-08-15 06:00:00,1642.3497024258968,1650.4908715393515,1641.3083202021412,1647.3419910953976,7268.808808071294
2025-08-15 06:15:00,1615.935292325038,1622.8689539089933,1615.6020471468441,1619.157454352075,4309.907445985615
2025-08-15 06:30:00,1606.477566449573,1607.559488650534,1598.0580264520227,1602.204764382301,2611.9376916326814
2025-08-15 06:45:00,1617.2614662963122,1624.3554599879371,1617.4944807695786,1617.955191620534,7143.982361005507
2025-08-15 07:00:00,1645.8516025998183,1643.939930522102,1634.1329143899065,1642.5001930873075,9672.403920270755
2025-08-15 07:15:00,1644.536468879899,1645.1715820615757,1638.2806169083785,1643.107647509615,6098.866357951661
2025-08-15 07:30:00,1655.4341669920314,1665.4103618207953,1653.4642143921599,1654.835081057562,9126.585524455302
2025-08-15 07:45:00,1689.2661627544753,1700.3668883350833,1687.2879707095688,1695.2850884285886,3297.7166281306922
2025-08-15 08:00:00,1718.5250645447675,1726.0066579995848,1718.3012712850525,1722.1734916126732,5258.62118130849
2025-08-15 08:15:00,1715.5468036581951,1716.3720945693233,1706.3764962365506,1711.9441874538559,3152.7937710145247
2025-08-15 08:30:00,1726.6024714654159,1731.3646564571116,1722.337215875404,1727.1477195011307,6301.360385604413
2025-08-15 08:45:00,1727.359454620198,1737.2580027520078,1725.2844757146247,1736.4976537656198,7208.365611311015
2025-08-15 09:00:00,1740.1139160067244,1747.9853399343897,1734.15165815221,1740.7752182349743,3328.4673147589524
2025-08-15 09:15:00,1726.0856543444531,1733.3320074376318,1721.761937369585,1729.5037851715142,3749.0009778901713
2025-08-15 09:30:00,1746.9400590453365,1751.0818390343004,1737.721437111988,1741.648471534236,4647.521801939115
2025-08-15 09:45:00,1730.9123294307499,1735.1441513881875,1721.6376726168971,1727.9616668117599,3710.7036687624873
2025-08-15 10:00:00,1727.1211726521337,1728.838816562339,1717.788458586704,1719.962353676217,7165.813778862762
2025-08-15 10:15:00,1731.2741534679617,1732.9513615322264,1722.8740447191985,1734.3340569854895,758.3916846917053
2025-08-15 10:30:00,1696.1674927075164,1707.357033069792,1693.2196226557962,1702.1945642446792,6326.477103482071
2025-08-15 10:45:00,1693.585805355238,1699.0441941487459,1692.2642040937767,1693.816745479406,4582.551689467284
2025-08-15 11:00:00,1697.594039098292,1703.2155860732103,1695.013956676588,1699.856734926988,1671.2409375721818
2025-08-15 11:15:00,1708.14809645802,1711.2240789182404,1697.7003222855337,1700.3299256044238,6061.816311002316
2025-08-15 11:30:00,1697.2776583727073,1701.0450259261781,1687.6135846055859,1694.587715574915,5860.249142061459
2025-08-15 11:45:00,1692.976744821803,1691.3498993768549,1684.5881328132828,1689.8554026386457,4430.967973822493
2025-08-15 12:00:00,1682.8577005701693,1686.5035651162955,1681.7426073263782,1686.3454341371653,2062.961129320908
2025-08-15 12:15:00,1685.751930668324,1693.2305450297265,1684.0262384662142,1683.1973965241443,1852.5010733134827
2025-08-15 12:30:00,1663.1591769575762,1673.0816480130115,1662.0732003381115,1668.9008695326017,2087.644589272029
2025-08-15 12:45:00,1653.8481554598204,1661.3167144274107,1654.664932672766,1661.7050415705105,4540.321753630471
2025-08-15 13:00:00,1677.7325838904312,1676.6405135150574,1668.664695831435,1677.070644663291,3582.414768879428
2025-08-15 13:15:00,1661.5911493610556,1665.293876232128,1651.4673588454823,1654.2480589846023,2058.6000628743714
2025-08-15 13:30:00,1664.6994554195521,1665.1377751441155,1657.0921964277438,1658.6806962940177,373.74063366950463
2025-08-15 13:45:00,1669.2504919742653,1674.2433958872505,1664.2598565095977,1667.5900689705454,2013.7981243624406
2025-08-15 14:00:00,1675.232464430964,1679.7046742885163,1665.6266089267372,1671.9335273063853,9495.961033369624
2025-08-15 14:15:00,1651.932457028628,1656.3568074310897,1648.1541377372027,1651.565830438793,5095.8465079177595
2025-08-15 14:30:00,1653.772129728407,1661.359706862869,1647.7778307173385,1653.7886024629213,2227.897387824955
2025-08-15 14:45:00,1652.871115265293,1657.1099690669575,1646.9205846717775,1654.8279432100371,4587.768090057181
2025-08-15 15:00:00,1635.2352267401916,1645.8183835971952,1634.797714215947,1638.1540025473676,7499.813732969462
2025-08-15 15:15:00,1643.2096489708465,1645.2283080406444,1632.9791776020588,1642.8290133109597,9032.106566196724
2025-08-15 15:30:00,1620.9869857078088,1628.0174601980254,1618.9756885532358,1628.0345270461883,668.4613431524647
2025-08-15 15:45:00,1638.0933448571873,1639.3244081800874,1629.742179809853,1631.592768527036,2228.9397623341874
2025-08-15 16:00:00,1628.9834816511222,1630.4908463557388,1625.5576785465812,1626.4875202029841,8241.164179042757
2025-08-15 16:15:00,1628.5413503550967,1635.4054704354328,1625.429497286526,1628.639600043034,4420.528938843269
2025-08-15 16:30:00,1638.1639490096575,1640.435992842455,1633.2027624143293,1641.9418407028002,9974.865983887183
2025-08-15 16:45:00,1652.4064942002274,1657.0479131641507,1646.3583201538704,1648.5279766410447,3967.9336240041453
2025-08-15 17:00:00,1642.3233314424194,1649.8562625418253,1640.1255361492304,1649.2345800509445,4150.648273387571
2025-08-15 17:15:00,1643.2507854447028,1644.7072023521318,1637.7856449358578,1640.7364449722506,8411.106649893425
2025-08-15 17:30:00,1652.3144516708037,1659.0418170358705,1649.687437105449,1652.3292288728346,576.2510613778325
2025-08-15 17:45:00,1644.5404010711575,1655.347925676886,1641.7061997245473,1653.326205663454,5678.773463185984
2025-08-15 18:00:00,1662.3382143910085,1662.6740820867374,1651.3373905048431,1655.6423557923495,5288.006371238058
2025-08-15 18:15:00,1656.1504086661403,1655.9926992807716,1644.3545904096072,1654.4343053759337,5769.850368185982
2025-08-15 18:30:00,1639.996680365693,1649.6607894031165,1636.7090861950624,1642.992677946702,222.71256820040608
2025-08-15 18:45:00,1620.5794306554578,1622.260218490649,1610.9862973068884,1612.951771082071,6310.438956327283
2025-08-15 19:00:00,1614.097533579701,1624.684008089771,1611.1945807115678,1617.7801439432894,3879.0238322795267
2025-08-15 19:15:00,1624.9054764274008,1625.1044901243315,1618.62611490863,1621.282456309204,744.3728717294857
2025-08-15 19:30:00,1623.6507280328285,1633.3812439609994,1621.3030829451634,1630.5892149035187,7070.956979294009
2025-08-15 19:45:00,1602.6406440134829,1607.359766464213,1600.3817544512099,1603.1002669472923,9036.246553495017
2025-08-15 20:00:00,1585.8909890611887,1588.693688720267,1574.0931651107635,1580.0197821182412,8458.789714742019
2025-08-15 20:15:00,1575.8294859304417,1577.7880499712285,1568.9594711152924,1573.2314155549166,5211.586447577092
2025-08-15 20:30:00,1556.899191805532,1561.8478609835233,1551.6097013538108,1559.968500353096,3466.711692540078
2025-08-15 20:45:00,1548.2479857334674,1557.857890093693,1548.1689082234827,1550.6360064609303,3491.4745384133753
2025-08-15 21:00:00,1541.4337059067066,1551.2830652963987,1539.9417006960484,1540.955689820119,9841.5717505296
2025-08-15 21:15:00,1527.0839635694133,1534.0149867506348,1526.2652329203218,1531.8967936859583,4163.929185067698
2025-08-15 21:30:00,1538.6846948019204,1547.7177809645896,1537.8447586140758,1540.6548520306806,241.9157249964723
2025-08-15 21:45:00,1546.530813184367,1549.971982886529,1538.3512260516404,1545.7993943696088,8585.20949413799
2025-08-15 22:00:00,1545.5317660896021,1551.9199872451065,1542.8691742851477,1542.9281710461455,344.2696666303033
2025-08-15 22:15:00,1524.792220015102,1529.8404884962126,1521.929522591992,1524.0560407508472,2944.497059425105
2025-08-15 22:30:00,1541.7997476211988,1549.708143144328,1536.56337930632,1539.6550723939126,4237.253915967667
2025-08-15 22:45:00,1552.6341762892803,1553.6084771295393,1543.381724439948,1547.2063330356273,1973.5835674175842
2025-08-15 23:00:00,1531.2745545171242,1537.3242973290667,1529.8105754915741,1530.382203632565,714.4156733402581
2025-08-15 23:15:00,1529.483348378324,1532.1058883737712,1522.1384984805618,1532.9090263508908,5714.985180520653
2025-08-15 23:30:00,1541.442849874994,1545.4464636141056,1533.4023798514088,1541.1429947671866,5173.224783556363
2025-08-15 23:45:00,1553.1300976071484,1559.102144846145,1547.9129275373825,1550.1741534814616,4219.542158256885
2025-08-16 00:00:00,1560.4476265686478,1568.1992426296417,1557.0863934751724,1565.1988179401371,7081.068573790137
2025-08-16 00:15:00,1566.8277918480976,1570.624110513705,1556.9419044033455,1566.218117774166,7709.0173318517445
2025-08-16 00:30:00,1579.6968827756757,1587.389799287038,1576.1814908712815,1580.3199531793803,3405.8688928688953
2025-08-16 00:45:00,1586.2020401757854,1590.5839300878597,1581.1611198174483,1588.5447880876986,6520.532203098434
2025-08-16 01:00:00,1575.849767237566,1584.1429355971882,1574.889226309275,1579.170401445785,4120.7628135221
2025-08-16 01:15:00,1583.3463622253291,1592.1333155174,1584.5634793923807,1591.8388960420486,1793.7619983928703
2025-08-16 01:30:00,1597.9852292536195,1601.421758529359,1590.85396382892,1594.377025762234,2015.1420881774034
2025-08-16 01:45:00,1593.7583780524542,1599.9408403729717,1589.1361281581612,1595.9767050612056,4688.014248126021
2025-08-16 02:00:00,1601.1655364492817,1607.650242874493,1596.2383165362412,1601.43764327667,2158.8932239583723
2025-08-16 02:15:00,1586.2949821873162,1594.1127286427204,1585.8885629189379,1587.699334730579,694.8269639345486
2025-08-16 02:30:00,1596.6284132736375,1606.6594307155517,1595.2398393574956,1595.7163385948209,5974.515345078732
2025-08-16 02:45:00,1603.0333504041303,1611.8672847806133,1605.5582233720816,1609.111142833306,7905.165960296348
2025-08-16 03:00:00,1589.9802483575645,1594.579317520359,1584.4874656809454,1587.9847865888682,8774.429362650642
2025-08-16 03:15:00,1578.794110897987,1580.6920850634478,1573.5222346015416,1579.9974674464245,4715.047601598428
2025-08-16 03:30:00,1593.529441515123,1600.9500743625374,1592.8949598713082,1600.4803914357792,528.6664714894275
2025-08-16 03:45:00,1603.6325603110397,1606.5428940008783,1598.248647964156,1604.4494331270093,8577.18618593425
2025-08-16 04:00:00,1607.338513674738,1610.0288715781655,1598.5448616122746,1603.6223949975624,2498.3638060405524
2025-08-16 04:15:00,1603.1510665879412,1606.1570983460554,1594.843685878822,1597.6691060017054,2255.1802350266635
2025-08-16 04:30:00,1610.311088988012,1622.2060892074107,1611.392044522161,1615.5629072667466,5655.764596073258
2025-08-16 04:45:00,1604.7459946296246,1612.6520172406324,1602.6773378318003,1609.8433797279822,2252.1167068959085
2025-08-16 05:00:00,1584.216624885966,1595.7370635493608,1581.7448209078002,1587.3862428265427,6684.946548046881
2025-08-16 05:15:00,1577.656375479623,1584.7314919206308,1576.295821460445,1575.5423403403265,3151.2578963807787
2025-08-16 05:30:00,1586.7520273014234,1592.361633260169,1587.5431531263803,1593.1261260582444,2837.8283316596435
2025-08-16 05:45:00,1600.6061224715909,1601.8694533374567,1594.559947349643,1599.5746443643804,2638.897551663026
2025-08-16 06:00:00,1602.6208176555122,1607.928320262709,1594.6551251738035,1601.2014933982548,4860.23026235842
2025-08-16 06:15:00,1609.8393094166152,1611.919918528663,1598.0970804205344,1600.9098145582036,8990.370234927608
2025-08-16 06:30:00,1600.724138260523,1606.601337249403,1595.1412297402987,1602.75411455142,8865.87126603662
2025-08-16 06:45:00,1597.236435733358,1600.2868513413262,1592.3757047361937,1593.1721939596941,1001.2684412861784
2025-08-16 07:00:00,1586.1581134156036,1596.1379144629627,1582.8394333019696,1585.7644659486668,2116.7447370603804
2025-08-16 07:15:00,1598.5617783525,1605.9110905139503,1593.8585859751197,1602.5848282992417,5902.602040173006
2025-08-16 07:30:00,1577.6499727356584,1579.9316161840677,1571.7184000276254,1576.181601267309,286.52192213741404
2025-08-16 07:45:00,1571.7537923496361,1574.126510658969,1563.4897659077587,1568.2529860671764,6997.720369834222
2025-08-16 08:00:00,1553.7963831949237,1564.7271706743445,1553.7826170038009,1557.2270087290458,4079.9656498215904
2025-08-16 08:15:00,1579.19847101223,1580.4642010364564,1572.0289719367815,1573.5090313048872,7368.377506069806
2025-08-16 08:30:00,1568.1276021495298,1569.3427011489143,1560.4839769394368,1566.9861227039987,2490.18086223285
2025-08-16 08:45:00,1572.9803235109732,1578.6283511722456,1572.557927238217,1578.5542277775764,4342.30276873335
2025-08-16 09:00:00,1565.7140645797172,1574.123402874692,1566.0171507254292,1568.8235852002624,3653.8525180474626
2025-08-16 09:15:00,1580.9059270225039,1584.2290793151976,1573.6074428108157,1579.9856892975702,9193.372770110265
2025-08-16 09:30:00,1567.8588653929676,1574.3861653585193,1560.7634589909508,1564.1561927517737,6287.2504370096585
2025-08-16 09:45:00,1551.776354367472,1558.085174016135,1547.1132069385037,1554.2973327379973,1232.084761968328
2025-08-16 10:00:00,1548.8081992551984,1550.7072516261835,1539.3262692840951,1546.7107011105018,2809.0198933086035
2025-08-16 10:15:00,1541.7978289900302,1542.4799523256884,1531.006984835421,1535.4981701999313,2684.658271984738
2025-08-16 10:30:00,1552.98713758157,1559.2828727553417,1545.733799989744,1552.3348300844118,2375.924930765115
2025-08-16 10:45:00,1527.388362970767,1528.3945858344039,1520.3601505239976,1520.1220499512349,653.7147487005542
2025-08-16 11:00:00,1495.7341174332878,1497.3354515306428,1485.3703000496428,1488.8007427437517,2551.3961303953697
2025-08-16 11:15:00,1487.6188473429486,1486.975783918586,1476.765448137011,1479.907388573307,8384.329671623414
2025-08-16 11:30:00,1491.7451656184708,1495.5906669940405,1490.3753028105891,1492.092640296621,7227.177816145
2025-08-16 11:45:00,1500.0206452800155,1504.9158095386117,1495.863832430349,1502.3455239151085,7289.823506751623
2025-08-16 12:00:00,1474.4302748064908,1479.5959618945315,1470.3531293850301,1472.1041424560772,359.284982801944
2025-08-16 12:15:00,1471.4730095708687,1476.5883411914451,1466.8014113153604,1472.4093614878639,1971.514764822196
2025-08-16 12:30:00,1491.19616002637,1499.5512470322076,1487.174832225319,1493.5963147432892,5915.649524804956
2025-08-16 12:45:00,1495.9245569456107,1495.3993194050513,1486.1969900635543,1492.630999335103,815.8476354840067
2025-08-16 13:00:00,1494.8583659479136,1496.5501318363551,1489.8602024297606,1490.9283041077274,9098.162312856242
2025-08-16 13:15:00,1505.0872630623614,1508.1363038960155,1494.5679763029677,1500.1070424642105,2729.503100403872
2025-08-16 13:30:00,1489.537572587525,1490.3611579080982,1479.977488194371,1484.5054632596646,449.0949585054766
2025-08-16 13:45:00,1467.8568938307742,1471.3912695412014,1459.1120871779503,1462.2310402447622,1975.6892067836027
2025-08-16 14:00:00,1427.2781492200515,1434.9267230306982,1423.2430419223112,1429.402856283541,7826.646497695052
2025-08-16 14:15:00,1422.3918431188074,1426.0473697505156,1416.7445715303643,1427.2435575451198,5694.70501486536
2025-08-16 14:30:00,1422.710526356568,1426.6993872539822,1417.0813049412618,1425.3360687844072,337.32946671065497
2025-08-16 14:45:00,1410.3394859317164,1411.8622438451025,1402.3715113729795,1411.0534012812996,5176.190364986341
2025-08-16 15:00:00,1394.7269558987107,1397.1970580683071,1385.771991327948,1391.4527098959343,1060.268957139384
2025-08-16 15:15:00,1384.3854277681646,1388.4145412254047,1378.7780467660455,1381.3829312431608,1822.3739997753676
2025-08-16 15:30:00,1394.7447923426146,1397.8325764492254,1389.1254241509064,1398.2048972968535,8485.556285516876
2025-08-16 15:45:00,1423.4077194635609,1423.557450160999,1417.901004411385,1420.877483057699,3159.308755463733
2025-08-16 16:00:00,1423.123021501649,1427.348893259795,1415.5438575270418,1424.9723854841766,9865.994739916001
2025-08-16 16:15:00,1440.8872056080756,1439.1128261666277,1430.6173304639415,1434.2417247964513,9019.50285366821
2025-08-16 16:30:00,1423.8129899204844,1421.3781950759032,1415.1978828071956,1419.3199344843865,896.7793273718618
2025-08-16 16:45:00,1408.0097224392803,1415.6858836250383,1406.6542036131495,1415.7683565755217,8518.737027797817
2025-08-16 17:00:00,1415.8732637742276,1420.5487990965999,1410.7025289710612,1417.0745918716793,2389.491913493131
2025-08-16 17:15:00,1405.9070573267254,1415.1348941995327,1403.996602461237,1408.3106170552558,295.1537706559609
2025-08-16 17:30:00,1412.6463262518039,1414.8889013478504,1409.893117907089,1408.4669797614652,8007.9315444903605
2025-08-16 17:45:00,1413.583231457586,1415.8975687779703,1411.22151086499,1412.17615890148,4882.815431434113
2025-08-16 18:00:00,1413.1718468143608,1421.670012823123,1409.9716338089838,1409.4123283818956,9221.688974381967
2025-08-16 18:15:00,1414.9080174052522,1423.4342602319657,1412.5606226621767,1419.7008348612242,8032.899188231474
2025-08-16 18:30:00,1391.0276696061412,1397.5796378548425,1393.0198330670567,1391.4937194205097,4161.578488368646
2025-08-16 18:45:00,1406.3340337003826,1410.0608224633036,1400.751418630205,1406.9460080144693,9903.69964846943
2025-08-16 19:00:00,1394.7757182528633,1399.107890065228,1387.456056750827,1387.4791574597662,4939.075455797128
2025-08-16 19:15:00,1399.4729363867582,1403.211066388034,1391.2826809663866,1397.2821093956084,7650.203847341499
2025-08-16 19:30:00,1406.9811731537377,1410.2127441473117,1404.2505677955603,1411.1376218059286,5984.469637900739
2025-08-16 19:45:00,1395.6919349711045,1398.2901853275766,1386.2208937426046,1389.9899423852075,2894.373107876734
2025-08-16 20:00:00,1387.9509738052027,1396.3186421988744,1382.4642627012483,1392.3125552140925,6002.340005554701
2025-08-16 20:15:00,1384.919177956754,1390.5676362594045,1378.0210748378358,1389.062897361508,3567.4156255127778
2025-08-16 20:30:00,1385.4170812769187,1386.5095211858475,1376.9145746760407,1380.3530014454504,3598.412784726316
2025-08-16 20:45:00,1366.5225176260883,1376.1778466716207,1365.5661890669126,1374.4586277777446,7211.199780007413
2025-08-16 21:00:00,1378.1745976902398,1379.7712139965035,1370.8882860492345,1374.0340252584424,2041.4449989985621
2025-08-16 21:15:00,1381.316874413396,1381.695998832183,1370.473093252446,1373.5717571502992,3353.6302549917077
2025-08-16 21:30:00,1367.4519014238851,1369.7062903222345,1358.825382004049,1364.9407491191557,7766.35612613993
2025-08-16 21:45:00,1347.2377376614402,1349.109904901556,1337.8246221143872,1340.9383780505298,5252.55643603233
2025-08-16 22:00:00,1347.138860204082,1350.5893268316877,1342.7029409390086,1343.833914368662,1035.833318117398
2025-08-16 22:15:00,1371.9164238919789,1377.0172106357186,1364.8030651740467,1368.7073272835441,211.34998099719434
2025-08-16 22:30:00,1387.7311277385202,1390.4868851240967,1377.7922107404124,1384.47609529484,8086.199846055769
2025-08-16 22:45:00,1394.7153361364676,1402.7812830397622,1393.9946942697447,1401.3530967379074,8365.063721999955
2025-08-16 23:00:00,1386.9226560104667,1394.1213052427352,1383.8425581817478,1385.7187336616987,6101.526041548323
2025-08-16 23:15:00,1398.0336066827765,1402.309875177623,1395.3835930732093,1394.1592789411543,4376.003581557188
2025-08-16 23:30:00,1399.5409007576447,1410.035999700559,1398.8505823046526,1405.6808008853052,5205.455526803695
2025-08-16 23:45:00,1382.7244830333389,1384.4364982359348,1371.472058821953,1380.289281658377,8506.904993598973
2025-08-17 00:00:00,1375.677205110533,1378.9140864739288,1366.8526306510664,1371.2123758969133,7509.7390117222685
2025-08-17 00:15:00,1363.5302017415738,1370.312264012187,1365.6645771072947,1366.2214599512454,2851.588818049642
2025-08-17 00:30:00,1366.7751449641382,1369.4995608181787,1363.168480254912,1363.8712085405277,4142.149893334608
2025-08-17 00:45:00,1370.238142464396,1375.3013477241643,1362.8160058895378,1368.042087079984,3643.071457582462
2025-08-17 01:00:00,1326.2521109431716,1336.6573534650358,1326.4970129115693,1332.492015186859,1076.0064565866555
2025-08-17 01:15:00,1344.4032374951582,1346.749145388646,1335.5608126474908,1343.12409856572,9748.822187310652
2025-08-17 01:30:00,1340.4316149270453,1348.444536697292,1334.249042934259,1345.5947480555296,8532.053964752766
2025-08-17 01:45:00,1350.1531815289804,1359.0763751439918,1351.443087857821,1354.564680863501,3399.3700471339466
2025-08-17 02:00:00,1377.1113045587422,1381.2961573146138,1368.4777578480782,1378.4763916822874,8899.440716464238
2025-08-17 02:15:00,1371.5265946272286,1378.302808585969,1369.6113100020013,1377.570575592602,7090.135328738375
2025-08-17 02:30:00,1385.1464759873595,1388.2590233292026,1378.6635658187827,1382.9759363437602,6515.931389819673
2025-08-17 02:45:00,1387.9455922365594,1392.1305787696747,1380.3564279789862,1385.8484794340009,9523.523294010185
2025-08-17 03:00:00,1378.391120264545,1383.681376898166,1376.5834327761938,1376.977576149356,624.2988061468035
2025-08-17 03:15:00,1362.980977267916,1368.4648196285743,1360.1407662903496,1368.6922289284787,5446.335833909895
2025-08-17 03:30:00,1387.906599411498,1394.1567304580024,1385.2233484159374,1386.837368330269,106.74014847633042
2025-08-17 03:45:00,1375.976244537792,1375.9802692916585,1371.7319240256168,1372.3962300669061,1610.7761990097845
2025-08-17 04:00:00,1352.5029738020924,1358.0808709980358,1343.756686974701,1349.363573177997,2935.498029974404
2025-08-17 04:15:00,1357.323854553258,1362.4474588416222,1349.0829175706137,1358.1515140829945,4661.467683916428
2025-08-17 04:30:00,1364.1905146122283,1371.3566733518537,1358.1109377438431,1365.3581232999434,6343.023711451349
2025-08-17 04:45:00,1390.6781456445108,1399.6078831136751,1389.4470004210507,1397.6752779891483,6792.4782296902085
2025-08-17 05:00:00,1389.4468794074658,1397.6765074395732,1386.6759962743217,1386.227387724043,1744.0527395325007
2025-08-17 05:15:00,1384.7663503511912,1390.3709833199634,1381.5181218433192,1382.190719565304,8061.066261897499
2025-08-17 05:30:00,1381.5573607695062,1390.6931716059348,1381.4615322246143,1381.321835190985,4671.482404100853
2025-08-17 05:45:00,1358.1308148193207,1365.366446422583,1352.4966007615137,1356.0836529308885,677.2375899790014
2025-08-17 06:00:00,1360.8092870585272,1367.476850125587,1358.1305100318582,1357.9320607920783,2369.309839431553
2025-08-17 06:15:00,1358.8580569340215,1360.8785165548998,1348.0959490772661,1351.852434896041,3787.444375901314
2025-08-17 06:30:00,1342.4535929366318,1345.6155844222988,1336.4228482897415,1342.5229062011686,6858.3664116980535
2025-08-17 06:45:00,1320.8010641258059,1325.1084283099974,1315.6006903448747,1321.0506347186001,493.1278178640158
2025-08-17 07:00:00,1318.673496444351,1316.2943668309556,1310.5138890665833,1311.984203059902,9866.07944547479
2025-08-17 07:15:00,1308.6915746722352,1312.4867197303483,1303.6990726864653,1313.9990090583185,1535.7377931151987
2025-08-17 07:30:00,1330.229535295618,1340.1441457150015,1327.3587476472162,1334.4782766699393,729.2467378019383
2025-08-17 07:45:00,1338.065683388998,1339.70769614958,1326.2733932596364,1328.216410504731,3472.606705920089
2025-08-17 08:00:00,1336.1202363397388,1339.0468830077589,1331.037068160863,1336.295866970347,4421.732716489002
2025-08-17 08:15:00,1347.6471590122364,1355.0989812643481,1345.4698284733843,1349.1381038811119,1019.9187000562838
2025-08-17 08:30:00,1366.73182884278,1366.4351165913604,1356.1302293103147,1360.4943608535195,4150.575422192864
2025-08-17 08:45:00,1365.1342735895018,1373.3671774498546,1367.3803940280382,1366.0368154915295,2500.9873747025104
2025-08-17 09:00:00,1390.8818880608312,1393.849246697969,1382.1245851624506,1392.1221190559434,6620.929356990695
2025-08-17 09:15:00,1420.5279615432562,1423.9686708841805,1415.6147050436105,1423.1302469563723,8650.222920693946
2025-08-17 09:30:00,1426.7719079695732,1438.6913250630155,1428.0613235261776,1434.0771365865821,5574.307414497135
2025-08-17 09:45:00,1424.7673411349701,1436.758522226157,1426.419278198292,1425.354663447478,9473.594221693298
2025-08-17 10:00:00,1428.4027641370606,1429.644643850068,1417.8721075699646,1428.3079498595835,7965.184244679522
2025-08-17 10:15:00,1445.3135971176362,1448.9588251522582,1438.9143890297498,1448.253546989273,1049.1850676759286
2025-08-17 10:30:00,1426.9481655771917,1438.5031440066873,1425.023060572015,1426.4788030925592,2332.5562629635556
2025-08-17 10:45:00,1460.0460655007053,1469.4835691773749,1453.9063020266217,1462.139872183519,1214.8404038118485
2025-08-17 11:00:00,1462.9520744523588,1467.6468761402132,1455.3534655311764,1459.779176495233,7774.143174515396
2025-08-17 11:15:00,1462.97670389613,1465.5245598773502,1458.173300388927,1463.2583158140876,4298.358546893319
2025-08-17 11:30:00,1464.9980896332881,1476.036119396078,1464.410658253727,1464.4584205237204,2654.6805403887442
2025-08-17 11:45:00,1449.5766536020083,1453.8600382377963,1445.1136717422985,1452.2958711822803,9644.166494006531
2025-08-17 12:00:00,1447.8711371165568,1452.364744576894,1442.579391422041,1443.8255007863959,8574.508607910153
2025-08-17 12:15:00,1447.3905316416221,1450.5879186629347,1440.4102654640594,1448.1631211588115,5646.849343422819
2025-08-17 12:30:00,1463.9442643135749,1473.922124980835,1460.2632347893878,1470.093740608614,1233.0306633260898
2025-08-17 12:45:00,1449.8573898953975,1449.0576774366002,1440.8226555256365,1443.2474147818032,2180.057838570565
2025-08-17 13:00:00,1458.2662438562222,1463.0865610165106,1453.020593078541,1460.0930321975225,2665.6018702666693
2025-08-17 13:15:00,1449.354378811166,1456.173719513084,1442.015936743356,1451.261782036501,4810.226381422014
2025-08-17 13:30:00,1431.1426226298904,1434.8687911060383,1427.404002055621,1433.1123721558079,3363.6650354162216
2025-08-17 13:45:00,1434.4743096609536,1432.0352766249596,1423.625969419093,1430.576410216545,7869.188857760949
2025-08-17 14:00:00,1408.1845448964443,1414.5666384577505,1402.3494871403975,1411.9158950258652,4875.126302048686
2025-08-17 14:15:00,1408.2960417415038,1414.3875474686504,1407.0718515235878,1407.503803691512,973.4592879676004
2025-08-17 14:30:00,1405.5193760878199,1413.6832446949709,1408.1141958968221,1410.3730868913535,7708.045795693836
2025-08-17 14:45:00,1445.315139241666,1449.3938644725213,1439.710079651121,1445.8384813529458,1751.7369733120397
2025-08-17 15:00:00,1439.0620099105984,1445.6350932389655,1436.778905761377,1438.7058279437204,3452.195576829445
2025-08-17 15:15:00,1448.8307718673627,1450.6937904068259,1442.6063404367464,1449.1401896551606,7585.814606947794
2025-08-17 15:30:00,1453.4483149349749,1455.235189985032,1441.3516579428326,1447.9282419751235,7910.447269596666
2025-08-17 15:45:00,1435.9793060544391,1441.7731064855557,1428.6297792121113,1430.2255974371933,810.2729356748127
2025-08-17 16:00:00,1437.8886189799246,1448.237515090322,1436.8960908173597,1437.4444734576812,9055.660436083732
2025-08-17 16:15:00,1437.138599258436,1445.8608961320663,1432.2915523407348,1443.278010102234,2691.7911671380543
2025-08-17 16:30:00,1471.5929411332588,1481.52723622443,1471.0823339659817,1478.7213584646806,1180.9780281204237
2025-08-17 16:45:00,1490.9130373538426,1494.1902415556735,1485.6558817904518,1489.5359285793973,2668.0893299483455
2025-08-17 17:00:00,1465.0613616124435,1471.2864610263625,1464.2608559737098,1469.8452042927895,5846.869859328086
2025-08-17 17:15:00,1466.021390892899,1469.8330762050393,1457.833849983141,1465.024071098262,6842.138729388283
2025-08-17 17:30:00,1481.217180831094,1492.9201131248508,1483.5260679833643,1485.1420516496476,7132.240860472457
2025-08-17 17:45:00,1526.328567092793,1524.6638707872576,1519.3079968621898,1523.2263603877643,967.5615781718875
2025-08-17 18:00:00,1542.4126483977443,1544.2567568390805,1536.195044884957,1536.543073010343,856.1547681834834
2025-08-17 18:15:00,1532.5277888681997,1542.3218951629947,1530.6375742309117,1536.2858729825664,5336.046066604796
2025-08-17 18:30:00,1536.3296684381737,1537.953927452032,1528.653321665481,1533.4937186998404,2646.113365003037
2025-08-17 18:45:00,1521.3204654196225,1528.2316624558616,1513.381565832674,1517.7853081998298,2145.5303164459374
2025-08-17 19:00:00,1527.1051669024482,1536.8602736901169,1527.273741832937,1528.8830947783592,7443.16845129244
2025-08-17 19:15:00,1532.4060131453136,1535.8404963778878,1528.5742976684292,1533.1853128205146,7988.956847676439
2025-08-17 19:30:00,1522.2290818477736,1530.9681337923944,1519.3777538914471,1530.8923312503912,6442.814831256911
2025-08-17 19:45:00,1511.0792780326378,1517.39313987147,1510.2281586855827,1516.6512650171715,219.98065113960826
2025-08-17 20:00:00,1520.8357666452705,1531.945524208746,1520.7969485952276,1527.8333742426871,2967.9614859749445
2025-08-17 20:15:00,1509.5205554697948,1515.0915540197225,1504.3849499582618,1513.3905938586424,4861.364347456828
2025-08-17 20:30:00,1519.505262967521,1522.0189164820054,1513.3893399731564,1516.077329413966,4063.1224033488643
2025-08-17 20:45:00,1516.47076797165,1520.389933873295,1512.747512019894,1513.8267179193335,5358.300752618752
2025-08-17 21:00:00,1523.1479026594106,1522.7784636047045,1516.963367382363,1519.0976361175335,9701.235767491438
2025-08-17 21:15:00,1530.9420937577393,1528.8612090605754,1519.888512391582,1527.7844263348688,5210.667314128246
2025-08-17 21:30:00,1544.6088681341298,1542.989096505274,1538.3368715000897,1539.4664125773672,3076.5685846560123
2025-08-17 21:45:00,1538.4499842835953,1541.330474907174,1527.885397437424,1536.046987927888,9125.677699122582
2025-08-17 22:00:00,1534.7122876521728,1535.1873477187364,1528.9866486020856,1531.714739229679,7859.990615921482
2025-08-17 22:15:00,1543.3935635114005,1548.110082732002,1537.5394495690132,1541.2440144015402,1065.7866231612913
2025-08-17 22:30:00,1533.176524979999,1539.988896364759,1534.6306390549119,1541.1597465483408,6859.287018109837
2025-08-17 22:45:00,1522.8457115050767,1532.3954103502995,1524.544048112861,1530.6897418707342,6179.599423918642
2025-08-17 23:00:00,1525.881317221033,1529.1471825891394,1522.4774690621305,1528.2107875036754,3281.5674608347167
2025-08-17 23:15:00,1535.686526341597,1537.038758330467,1532.4981745284288,1529.8891696542637,3276.071644687746
2025-08-17 23:30:00,1520.6573920748524,1520.0924939299462,1508.6761788620458,1513.527734720709,5286.428833761391
2025-08-17 23:45:00,1509.4548484925908,1515.8244762337997,1504.724108362589,1505.0613631570473,4345.4496236122595
2025-08-18 00:00:00,1522.1223395275993,1520.7011005454356,1510.4650475535707,1515.4143432821852,2455.278968092647
2025-08-18 00:15:00,1510.5506830795816,1517.6705047058038,1507.5006979505972,1506.9001107407719,5992.708412523552
2025-08-18 00:30:00,1518.8330913852874,1527.4801407682899,1520.3755287010683,1527.601037453933,1066.4548443565886
2025-08-18 00:45:00,1523.0055198388025,1529.9837124186845,1520.134963091914,1526.9581165769764,4413.2054132704925
2025-08-18 01:00:00,1531.7049513005643,1532.4835295057185,1523.1617352333055,1527.2873631373925,9924.174479145342
2025-08-18 01:15:00,1527.2150013233631,1532.4924186914157,1519.937753347641,1529.481815525929,4426.854326715312
2025-08-18 01:30:00,1534.2165619508064,1541.0144468367798,1535.3144759987429,1533.9864052747566,5661.989623657505
2025-08-18 01:45:00,1530.8599452721367,1532.7000247495344,1526.1723048705478,1527.9212199158635,5419.903455795815
2025-08-18 02:00:00,1519.2818856684162,1527.9475675771996,1514.8140516300678,1526.3142484835896,455.6839151011703
2025-08-18 02:15:00,1513.6156998000297,1520.0558586560123,1508.0700540346193,1516.6162860762538,5709.832019700414
2025-08-18 02:30:00,1481.1955889753472,1485.0404367682193,1474.914619195202,1483.58133259868,8951.35218563238
2025-08-18 02:45:00,1487.6045772005632,1496.0841082621978,1481.0327317575889,1491.2746729682037,9567.030625723883
2025-08-18 03:00:00,1487.917108142703,1490.8731683170722,1477.6266151784514,1484.2113736221038,9457.37208208273
2025-08-18 03:15:00,1459.5067120671006,1466.1953658589978,1456.694900913421,1464.793942824062,3464.4798485814526
2025-08-18 03:30:00,1442.2701206679103,1444.2174057240527,1435.3285254784896,1444.0980731694408,1385.5801730481114
2025-08-18 03:45:00,1448.8518181751317,1459.008314200596,1444.2633942902519,1447.984019973214,7912.122787796479
2025-08-18 04:00:00,1444.94571922348,1451.9312973666024,1441.4348927602184,1445.977830540212,578.7131128793089
2025-08-18 04:15:00,1462.9595911345364,1466.5759053703052,1453.2299440995528,1455.8520389825042,9626.884831331521
2025-08-18 04:30:00,1477.6587288139237,1483.1929693490524,1472.5907279283877,1475.4049834264615,4530.490247822903
2025-08-18 04:45:00,1475.6017647425556,1481.1413753928628,1473.4189122981945,1475.1717440632676,617.8075887507913
2025-08-18 05:00:00,1495.2178275161432,1503.5858892339977,1495.041953368238,1496.3457361161416,6671.725716095639
2025-08-18 05:15:00,1502.1407641462633,1507.2906642079743,1499.4635875427825,1503.8306650992567,7203.564705500061
2025-08-18 05:30:00,1506.6218190336006,1507.3337064826167,1495.9738650682125,1507.6163882342933,9544.386862815034
2025-08-18 05:45:00,1483.590419822456,1487.6402190587075,1478.1737877292296,1480.613588909217,5263.443280778127
2025-08-18 06:00:00,1507.420283313402,1514.1032765098735,1502.0148717520817,1507.8806200503925,470.47441387902893
2025-08-18 06:15:00,1497.9904387680278,1503.3133455091233,1490.7531892664651,1497.09387149559,2021.3729579577641
2025-08-18 06:30:00,1494.2719473803581,1499.6538367031276,1490.3698725550687,1496.3474746807508,8722.605876217645
2025-08-18 06:45:00,1513.201576265463,1517.309129660893,1504.7131798080711,1507.4724778142781,9793.849040988713
2025-08-18 07:00:00,1525.456791271961,1533.1428641259145,1520.371567004046,1522.1731339577054,2413.2727975507114
2025-08-18 07:15:00,1563.1919885299023,1573.9063732307213,1559.127884242489,1566.7837785386084,1724.980589950789
2025-08-18 07:30:00,1576.2803530490803,1578.5465587358065,1564.5033003971787,1572.2733365616086,8613.7889920756
2025-08-18 07:45:00,1577.6282273843476,1579.3193016626535,1568.764551597402,1576.3985717338585,8573.603640714564
2025-08-18 08:00:00,1571.6697900912372,1573.7879677234926,1561.3545920438264,1566.4352851524602,1307.3450870367844
2025-08-18 08:15:00,1580.2411199774415,1588.0512229111614,1575.6748546353085,1582.7614420781722,7975.830111636766
2025-08-18 08:30:00,1601.378827230926,1608.7397283100183,1596.9904283098078,1603.15565825261,5305.703108794289
2025-08-18 08:45:00,1609.2932463449224,1619.0877453999797,1610.1129257838163,1610.0598077621255,4906.77363259672
2025-08-18 09:00:00,1602.650661380022,1607.653688308741,1595.7732874556925,1598.355198261646,8148.455798625025
2025-08-18 09:15:00,1600.2634249064959,1609.108677584418,1597.8231961894653,1601.557485269467,3755.0429047578777
2025-08-18 09:30:00,1593.5819585357112,1598.9981447686976,1587.6639407649227,1591.7246979619226,4306.616682993423
2025-08-18 09:45:00,1618.8913534821888,1621.7789662599753,1612.950235588477,1613.1926865802864,5904.865924119966
2025-08-18 10:00:00,1608.062469759878,1617.7589981216634,1609.0602603575055,1608.0386347293534,1644.5114917556764
2025-08-18 10:15:00,1585.06662349795,1589.618592726105,1577.3087336573217,1582.4539278305515,839.7211139956362
2025-08-18 10:30:00,1598.0039732495345,1601.0864473059046,1588.4968848792007,1592.6408748888184,6062.4283407848425
2025-08-18 10:45:00,1612.2726166196128,1613.3749180275483,1607.101729986522,1612.4686176119558,5176.183871936964
2025-08-18 11:00:00,1602.6082800308318,1608.0003325257949,1598.1901463324778,1606.2998541927545,5356.427323326494
2025-08-18 11:15:00,1609.4888234685482,1611.842825983008,1600.2802953470186,1605.1776671991036,8765.150485309498
2025-08-18 11:30:00,1620.4103662520254,1627.8847650891764,1616.982731383265,1623.4141119034814,8640.552270949736
2025-08-18 11:45:00,1640.9194968283564,1641.937348091412,1632.8273683207065,1637.6327301699762,246.87164601296539
2025-08-18 12:00:00,1652.6603079932893,1654.5961524766542,1645.499327976151,1648.4187649818737,7293.704718981028
2025-08-18 12:15:00,1678.5387103242092,1680.404243335453,1671.3624043428888,1675.6798658725131,6484.777766795844
2025-08-18 12:30:00,1667.3797339747748,1672.8235359710145,1666.1028576135145,1674.9472189609123,9076.079331967014
2025-08-18 12:45:00,1694.7283793961824,1700.5819131416117,1687.5413045634332,1691.497917032553,2208.238369572437
2025-08-18 13:00:00,1692.3994938896185,1691.358109420241,1686.3296122105762,1693.4014276955986,6022.94006650086
2025-08-18 13:15:00,1680.3567767310185,1681.2144069908038,1672.6641223102972,1671.932203503885,7807.0797810626245
2025-08-18 13:30:00,1650.277935027444,1655.9455926548867,1645.6935583775419,1655.549740998643,5329.575809274193
2025-08-18 13:45:00,1659.1000919602516,1662.95540173382,1654.5964724190728,1662.43477411706,3547.774515394878
2025-08-18 14:00:00,1645.6436784925054,1653.6356627021867,1640.7641420912694,1641.6768799080537,4067.745457881817
2025-08-18 14:15:00,1637.2236608010267,1646.4389458767778,1636.2244525214012,1643.5152431127233,5620.826274646982
2025-08-18 14:30:00,1634.5551496680184,1634.7333185723103,1627.2176580489563,1634.3368072383007,5726.9573024255415
2025-08-18 14:45:00,1637.3054785024688,1642.6863214834275,1630.778056395395,1636.6741481349402,2493.1543613251933
2025-08-18 15:00:00,1663.1249872872293,1667.1111948218331,1658.6146237802297,1656.231963445108,928.9832072317271
2025-08-18 15:15:00,1648.435495985743,1658.0745867393928,1651.3688496536738,1655.4318713746184,7165.458932323766
2025-08-18 15:30:00,1649.9944566462361,1649.0390153474602,1643.4006253143218,1650.9312455990637,301.2023860955384
2025-08-18 15:45:00,1647.4053323359035,1656.6681960577532,1642.6037445173718,1651.939229524132,2356.9751694368547
2025-08-18 16:00:00,1640.3536862734722,1651.333303683172,1637.923368108565,1643.7970143571547,9309.532968689624
2025-08-18 16:15:00,1645.2101463549732,1647.9617854891521,1638.0887227359774,1643.854650277966,3192.372967718576
2025-08-18 16:30:00,1620.3434864195738,1626.476240421486,1620.4451886920908,1619.233260318973,8010.408305386757
2025-08-18 16:45:00,1619.801529083632,1624.0417544722159,1617.8507674816458,1622.1594695826086,7764.361546168999
2025-08-18 17:00:00,1617.8881529912514,1621.6004594719477,1607.202064019047,1616.0600934691856,8316.734961146605
2025-08-18 17:15:00,1606.4478556962843,1612.253733725815,1602.556713211839,1604.4964833716517,644.768323055749
2025-08-18 17:30:00,1640.0552301218233,1646.248222653106,1634.950174443995,1637.9883304757307,5401.342253498828
2025-08-18 17:45:00,1632.454650652844,1640.5104033686036,1629.479438380151,1636.0762863677228,2401.482130362044
2025-08-18 18:00:00,1657.0781568688597,1668.467165451333,1658.3134413667553,1659.8886651964326,6858.6914069403665
2025-08-18 18:15:00,1653.9206560727373,1665.2166505408875,1653.2029488288317,1654.0034969104993,1018.2886911548885
2025-08-18 18:30:00,1663.2845091969773,1668.9817106086332,1660.7503789200125,1664.0640411551058,8363.744353267988
2025-08-18 18:45:00,1664.1344427381628,1666.6181459467082,1657.3970891664585,1658.5970811924208,8982.81174800097
2025-08-18 19:00:00,1647.0361297683032,1648.078144430403,1638.3111174615024,1638.942369147047,5645.72854827933
2025-08-18 19:15:00,1648.2366782528975,1653.373439978578,1645.9424040617587,1646.1649519904552,7938.837305521085
2025-08-18 19:30:00,1641.8851089047928,1649.151643585301,1639.9007258604443,1642.4046476836231,204.68685960553972
2025-08-18 19:45:00,1659.7952650014738,1665.3077545695237,1655.0026729480437,1660.6156981603751,9669.502076319746
2025-08-18 20:00:00,1664.1280621759518,1673.849339561905,1659.7085452744438,1669.7650980175172,6750.043629536439
2025-08-18 20:15:00,1644.9646059330626,1653.3598635137932,1643.0977861412164,1645.2686475501398,7056.629700942318
2025-08-18 20:30:00,1660.8548138937078,1664.6976651179596,1651.0205473552383,1661.9881314821534,4501.078773350716
2025-08-18 20:45:00,1637.5467337279697,1643.0501999089718,1633.368407531264,1644.677252130254,440.0104018707684
2025-08-18 21:00:00,1633.4243345679185,1635.2626026014527,1625.4431859211431,1629.0837383099963,4056.714360612532
2025-08-18 21:15:00,1643.4767053528722,1647.4429349131096,1637.456782248233,1643.9711364238938,5011.823683910002
2025-08-18 21:30:00,1653.1481411128154,1660.9478833223918,1647.508588988226,1659.1583277738569,2056.582379894913
2025-08-18 21:45:00,1634.876685230292,1640.118974800978,1630.5722825818143,1639.151548758407,3202.282791916205
2025-08-18 22:00:00,1630.9104436484713,1631.9927239375597,1619.8062809865469,1626.4962479004703,7334.209402412068
2025-08-18 22:15:00,1617.183113263601,1624.9953640242627,1618.2777257906696,1621.4810486952565,5622.547869500576
2025-08-18 22:30:00,1628.2049970925364,1630.319142800769,1623.2070663277543,1625.5948476265958,7120.6036184970335
2025-08-18 22:45:00,1619.6580372228248,1627.1529916378706,1619.670927217377,1618.1864809586987,9883.620158997954
2025-08-18 23:00:00,1610.5022051123146,1619.7116092177173,1612.135593625042,1618.5879320540673,1059.0988335803188
2025-08-18 23:15:00,1617.5946338076724,1624.8912004033027,1615.3498897669883,1616.0315343165498,626.9519504270687
2025-08-18 23:30:00,1605.5079309723737,1616.6940349009974,1601.8671551678137,1606.571116162339,9604.293281169203
2025-08-18 23:45:00,1591.644566220568,1593.8655392323242,1587.3235530238558,1593.3152526016281,5646.979599867194
2025-08-19 00:00:00,1590.190302578924,1597.825104051401,1586.2758102552325,1593.0454804357755,8041.759702033435
2025-08-19 00:15:00,1584.394390747651,1593.4670296312834,1582.6436843343254,1589.6006830268145,8352.465487831443
2025-08-19 00:30:00,1582.612033313191,1585.3360039190766,1575.1990933704335,1581.9377809801936,240.12776980988428
2025-08-19 00:45:00,1594.4907060636374,1603.591696354505,1593.8418678456544,1600.223293540464,8856.107769547772
2025-08-19 01:00:00,1621.109249891695,1625.2887993585036,1619.8284230492895,1626.544693935187,8329.783551973089
2025-08-19 01:15:00,1604.6482900862259,1603.115156702726,1596.558792415502,1602.4112355803354,8665.698442551256
2025-08-19 01:30:00,1581.920926110902,1586.6283082302664,1576.1024435419147,1581.9871610275457,1938.4926178377473
2025-08-19 01:45:00,1558.9382216669646,1565.9536234602133,1553.8348311898915,1562.2648370158995,1420.0848045433115
2025-08-19 02:00:00,1597.152445925573,1597.946858060851,1590.5932927072881,1594.6982919844945,7586.786529530638
2025-08-19 02:15:00,1607.9525120151359,1611.2493912664365,1602.3577742383552,1608.174994790172,3958.0633905929835
2025-08-19 02:30:00,1586.4786457883192,1596.4060283365006,1588.562322896405,1593.163052037357,3155.777458702175
2025-08-19 02:45:00,1575.6416847235944,1579.221558430103,1574.404227432595,1576.6531199924027,9468.85635669563
2025-08-19 03:00:00,1580.1181917635085,1584.195845807487,1573.437799319358,1580.6981602088565,9258.413425061852
2025-08-19 03:15:00,1592.526670508652,1594.1662011119656,1583.050869582327,1587.6102265321763,3410.1817305827108
2025-08-19 03:30:00,1591.2553022231855,1597.3697160527045,1587.428632979914,1592.9516787462537,4788.4321635494425
2025-08-19 03:45:00,1579.3684285798963,1587.5560668251635,1576.1169713929949,1587.7810570070246,1412.0487975286583
2025-08-19 04:00:00,1592.894930235503,1598.0650286956145,1587.231176626107,1593.8024118398243,4038.2985577231225
2025-08-19 04:15:00,1608.2684804181038,1616.8097169558646,1603.1165760510396,1607.7031964948906,1666.8280740731966
2025-08-19 04:30:00,1619.2180563949207,1628.095337873081,1614.9928550119816,1624.0902235453173,8687.407480260645
2025-08-19 04:45:00,1626.7876671643126,1638.8440689828005,1625.555789179062,1627.65920682187,4449.621550835877
2025-08-19 05:00:00,1633.4588385407428,1643.1166861053277,1635.0140677112097,1638.6236734512747,7139.24236647804
2025-08-19 05:15:00,1612.983784078568,1617.805074723131,1608.620923536308,1612.7677824231075,9711.181881881152
2025-08-19 05:30:00,1599.5024055784716,1608.9937253688827,1595.1563245766863,1599.8893486307738,7891.064423892398
2025-08-19 05:45:00,1604.0047245306973,1609.5335665887787,1600.1077469260795,1608.0770974765464,2445.4923347491203
2025-08-19 06:00:00,1606.2889195658001,1617.4765375009933,1605.1773732629438,1607.3029718382231,3783.8943895330444
2025-08-19 06:15:00,1581.7620459169962,1584.2799293699068,1576.2163609769239,1578.7891976583132,3293.3548332576675
2025-08-19 06:30:00,1598.6641279281132,1602.0289993521783,1588.5024419348886,1598.1734135603183,7147.617442787563
2025-08-19 06:45:00,1596.9371068467565,1600.1661852511866,1590.3559457030678,1599.0393624759054,1058.3399784545002
2025-08-19 07:00:00,1606.2760643560014,1604.6421287471321,1597.853831678925,1607.220010451763,5009.386618692808
2025-08-19 07:15:00,1595.0563459394805,1602.5582955372436,1594.1341595904507,1594.3280840496043,9486.092189781155
2025-08-19 07:30:00,1612.5099273581834,1612.196282244757,1606.496991492769,1610.0300881731118,6682.810950249004
2025-08-19 07:45:00,1608.2276315493639,1614.1256528929016,1602.9291370228743,1608.7234283154912,5578.2975331469515
2025-08-19 08:00:00,1602.2549918862228,1608.3057655148411,1598.649602818139,1608.6065425843085,9653.918027886379
2025-08-19 08:15:00,1630.4108896341522,1632.9465385620722,1624.2813022112362,1625.5060266660412,2212.0825340460833
2025-08-19 08:30:00,1638.1397968256774,1645.0080226543075,1635.5932103977177,1647.4245736142766,7552.608935731753
2025-08-19 08:45:00,1657.9278767238538,1666.9437601602747,1654.0333534530685,1657.101972371632,8207.690061096142
2025-08-19 09:00:00,1677.8085913341122,1680.8785985299962,1670.704715361848,1683.1483824905422,5761.002461223883
2025-08-19 09:15:00,1706.58166026928,1710.6402118588887,1701.3261172140317,1705.9483925600348,9726.934526704865
2025-08-19 09:30:00,1699.9065158478468,1705.9627062559694,1697.6142865436982,1702.8868802234656,472.40933417138694
2025-08-19 09:45:00,1689.858188436116,1694.0177876617904,1680.289937282511,1686.3176669440807,2594.910566061381
2025-08-19 10:00:00,1677.9728269845334,1679.464323098738,1669.116241244967,1671.8576384541993,1578.2512290916875
2025-08-19 10:15:00,1673.6258645585776,1672.88010227226,1661.2723986044043,1668.0908046583672,774.5910912346188
2025-08-19 10:30:00,1668.3743323542037,1667.7795114162288,1660.7599631874941,1667.9906953613768,8188.472094452214
2025-08-19 10:45:00,1653.5133765474116,1655.4655292387763,1647.0031709438028,1650.7363883393177,8630.903137107223
2025-08-19 11:00:00,1647.7361144183276,1655.3332531806457,1641.7211286293227,1647.868023649815,7304.8486967216895
2025-08-19 11:15:00,1655.2334592714544,1658.224142679431,1648.1509387476158,1647.6508916755563,1747.6348222063716
2025-08-19 11:30:00,1642.2379302963238,1649.1137095720042,1639.4355223388075,1650.0170505228486,8346.108648031752
2025-08-19 11:45:00,1663.1257964883773,1670.3299411736953,1657.8924471417142,1661.3464202900789,9795.118824390203
2025-08-19 12:00:00,1656.8543444763461,1659.9491414275503,1651.0649194501152,1654.2244508041447,8122.250277040936
2025-08-19 12:15:00,1637.5122831667177,1649.1786404511922,1637.5172268203103,1640.69635805685,2804.9326546768675
2025-08-19 12:30:00,1641.3191865636418,1647.5296580271174,1640.8095949900178,1640.0734033222984,1131.5440573514472
2025-08-19 12:45:00,1639.7625718098802,1647.5692018477457,1635.004283708045,1638.4540723222074,3506.158112121423
2025-08-19 13:00:00,1644.3720849384033,1645.5675824438035,1639.6347316360311,1643.8251926113962,684.1659249262664
2025-08-19 13:15:00,1647.2468744669018,1654.9795272319902,1646.0655935286934,1646.6769994054596,8536.13560710008
2025-08-19 13:30:00,1635.1471590992307,1641.5889564444144,1634.6205955727987,1638.9314803563195,6843.971094233039
2025-08-19 13:45:00,1651.1977545482912,1653.0222598022615,1640.522546865552,1647.984655137273,9725.70422576474
2025-08-19 14:00:00,1658.9182193765357,1659.0533561258612,1652.420330583761,1651.797229697657,5220.876239385827
2025-08-19 14:15:00,1636.0727135561804,1635.055722319196,1628.281845250052,1631.8474851970502,4599.740530161101
2025-08-19 14:30:00,1637.5740265718491,1642.4670745812334,1628.0429342205878,1635.5802149133938,2748.7264378646105
2025-08-19 14:45:00,1661.9797768345281,1664.9811326859456,1655.3609701226703,1663.1729111041307,1217.8936989107742
2025-08-19 15:00:00,1657.9118586795205,1657.5463347304135,1650.8449514171482,1656.4080914984831,5286.516180040189
2025-08-19 15:15:00,1657.5490268976512,1660.419981192357,1646.5719230639909,1648.9560899430915,695.2690686754466
2025-08-19 15:30:00,1660.380999651571,1669.0326291595254,1660.5842734910284,1658.4237981656486,3101.525248311618
2025-08-19 15:45:00,1655.4023852651444,1658.7444524615184,1651.7046767488434,1650.8882715071984,2958.015353334826
2025-08-19 16:00:00,1668.66929246947,1678.2817078352957,1667.6043724733695,1671.3236208257854,2282.6562618808102
2025-08-19 16:15:00,1656.927183316283,1662.9569609341108,1650.5560848001053,1655.5468278200126,3454.0472668280477
2025-08-19 16:30:00,1637.1480444895506,1647.9975843303991,1633.5987283840059,1637.2750415016083,3642.2893644378723
2025-08-19 16:45:00,1628.0114613929404,1629.8429043167157,1620.1628645790381,1631.3416938611203,5824.23644177033
2025-08-19 17:00:00,1628.9727987043784,1634.534482660302,1623.4014780760435,1630.1377266560655,2663.637421477588
2025-08-19 17:15:00,1628.2571688083299,1636.4137175040446,1627.708274754474,1627.2394001567031,9602.913805990076
2025-08-19 17:30:00,1648.1047729439565,1649.39458252576,1641.3536125106784,1648.719661445947,1514.7579576722146
2025-08-19 17:45:00,1663.2039191871909,1667.294479354264,1656.0059732644181,1665.413611633446,2636.258571416283
2025-08-19 18:00:00,1669.077336055177,1676.1198260597316,1666.923600126373,1668.5376323408968,9115.797698914552
2025-08-19 18:15:00,1671.6356065092286,1679.7538463798194,1668.588523234508,1678.2310385190092,3037.026703995599
2025-08-19 18:30:00,1707.5630338538492,1706.290134249866,1701.5596723389226,1703.015354196509,8202.128623793782
2025-08-19 18:45:00,1710.516024979438,1714.0398445899025,1705.296588685909,1709.1611852091391,9985.071607113861
2025-08-19 19:00:00,1682.8334281545492,1684.9856028590686,1672.7889544758136,1679.6766409884515,2042.9215686706757
2025-08-19 19:15:00,1661.300585057142,1667.3811173411293,1658.1210571711545,1664.380725498995,6569.317653550094
2025-08-19 19:30:00,1679.4978139628117,1684.170544809861,1678.4082265953014,1676.5758762384528,8654.618542972843
2025-08-19 19:45:00,1659.9372466899097,1662.196738844079,1650.1682117589019,1655.834159036318,7240.737598120865
2025-08-19 20:00:00,1636.9601342026801,1642.1574493560968,1631.9280854443377,1633.743227607398,5473.566839145878
2025-08-19 20:15:00,1606.8347328538473,1614.3684838827198,1605.7481211848342,1607.957094597397,1889.0619027667665
2025-08-19 20:30:00,1636.9344842168032,1637.705079633056,1626.4412971918189,1637.3499256457083,8465.28416310471
2025-08-19 20:45:00,1634.8422494683987,1639.88227187395,1629.1807669560292,1630.735888471157,5138.155791203692
2025-08-19 21:00:00,1614.7900414887872,1618.274185455361,1610.024086063988,1617.2941934495198,3066.9192382497654
2025-08-19 21:15:00,1603.7320928741258,1607.3011824072926,1599.7597302224517,1606.530921367698,6312.430517030606
2025-08-19 21:30:00,1621.26483143734,1621.5360917808598,1612.3292879968071,1612.5891332380522,1280.5848336517195
2025-08-19 21:45:00,1595.5298686603526,1607.4649826291782,1595.7730295414804,1601.7047232196126,9623.516257540967
2025-08-19 22:00:00,1602.6054620104364,1607.8168739554055,1601.515214442805,1607.8365961464365,3247.512601840527
2025-08-19 22:15:00,1599.3864097668538,1608.8945540714585,1597.1311802983005,1605.3547847966179,9089.784797943625
2025-08-19 22:30:00,1619.6714512575993,1626.335570510636,1615.8224134809711,1617.292218218398,8708.59358051871
2025-08-19 22:45:00,1618.2269398602982,1622.127168944201,1612.4614481792635,1623.6728070280667,9446.945315237172
2025-08-19 23:00:00,1632.8912953270155,1637.530927041979,1629.1420863930155,1634.867457009982,4637.009475609699
2025-08-19 23:15:00,1616.5115972951905,1624.0976129896671,1610.4603124079429,1616.7463943937637,4660.669192486386
2025-08-19 23:30:00,1617.0184027205642,1619.624962877504,1611.4371261138458,1616.9730391051287,4795.726530739315
2025-08-19 23:45:00,1640.6390341810381,1643.208940850685,1636.6283541528117,1637.8843113529529,7643.253591396296
2025-08-20 00:00:00,1646.4711937865661,1648.5718746530172,1639.504095947782,1641.9942192534336,3213.639081825041
2025-08-20 00:15:00,1611.5359680407046,1614.5860952133155,1608.0360032857382,1608.8903169108899,7055.916272556658
2025-08-20 00:30:00,1592.7889115020387,1603.2597216285465,1589.8696763141324,1593.8792717770862,9562.314395513904
2025-08-20 00:45:00,1588.128784868963,1587.8056013903333,1580.5459167411166,1581.2049119901726,9215.860930544286
2025-08-20 01:00:00,1585.6439537097028,1591.9449779820084,1583.8585305471286,1590.7242451554062,2627.396938479988
2025-08-20 01:15:00,1582.7069708962972,1586.157959083721,1580.3978896260041,1582.5778710309814,4019.6473724192574
2025-08-20 01:30:00,1589.0821275077033,1599.3022373139952,1586.425559383913,1589.994780426512,7021.976321642469
2025-08-20 01:45:00,1587.553909638333,1588.292385655451,1577.2792818189566,1583.4295623803646,781.664677969295
2025-08-20 02:00:00,1595.8746302039067,1605.8513668303826,1592.0784776548726,1596.6592577881606,2846.2494077756182
2025-08-20 02:15:00,1602.6671169726706,1606.8650200528416,1600.0458060868345,1600.8150874296796,6559.536857114665
2025-08-20 02:30:00,1574.1961932894687,1581.154471766121,1571.2206386636112,1574.1327420497603,1807.7365090912394
2025-08-20 02:45:00,1579.2049691624125,1586.7070777693689,1576.233093402815,1579.3209253081488,1107.5789553969903
2025-08-20 03:00:00,1576.2774086754164,1583.2381792820465,1571.7074518973366,1579.2087907507837,5540.929162802461
2025-08-20 03:15:00,1556.1032701757376,1556.0109786438584,1549.4045699646217,1548.6237726544812,6888.906311170339
2025-08-20 03:30:00,1560.6083962524417,1566.0371043844993,1556.3849244479186,1563.0443106758346,8066.987757156616
2025-08-20 03:45:00,1554.5120408800583,1558.7746887353674,1547.1172266628284,1553.9925037594714,3894.710586098869
2025-08-20 04:00:00,1566.1492864282682,1574.3449882556802,1567.1563699189412,1567.0528044930213,6323.120090091872
2025-08-20 04:15:00,1570.009926271187,1574.5540475992589,1568.810483042339,1575.8507230842993,2188.0106517332506
2025-08-20 04:30:00,1556.6560232410359,1566.1156170733527,1552.2986542310946,1559.911117533859,601.1458037849345
2025-08-20 04:45:00,1548.0084751997479,1554.5649945949103,1545.1146283592682,1544.6839856614092,4590.7220823799435
2025-08-20 05:00:00,1534.64611550239,1534.668704073173,1525.9809150132285,1531.4629623621154,2699.279098535955
2025-08-20 05:15:00,1514.3952251247174,1519.9485397601527,1509.7115472595458,1520.949137358226,4147.903633696431
2025-08-20 05:30:00,1511.4811638948722,1513.4509734845228,1506.685515908834,1509.3667253209503,8623.314722153207
2025-08-20 05:45:00,1505.6597609637965,1511.2833800227816,1501.8315673867414,1508.019222682082,771.977807231861
2025-08-20 06:00:00,1487.3132728301423,1493.7396764190958,1486.8854840396677,1489.7454587828615,4659.561120679935
2025-08-20 06:15:00,1500.4591583885183,1507.368729728671,1496.9858197608075,1499.06127695463,8465.565940836794
2025-08-20 06:30:00,1494.5771441299182,1504.0429955349123,1492.0036179257258,1496.4083509603877,1065.2334171340258
2025-08-20 06:45:00,1506.0274783359807,1510.8792483373102,1501.4478449276585,1507.7217605547548,5071.371294860212
2025-08-20 07:00:00,1522.2311036922736,1526.1340049963937,1515.042857904513,1524.4605505191032,2492.529418717915
2025-08-20 07:15:00,1527.5777188174611,1533.1117649377502,1519.2389232312282,1524.1527380540724,8340.339613430133
2025-08-20 07:30:00,1545.1903096099313,1546.1185270047506,1534.8920976699928,1541.9605574113632,4386.882225286215
2025-08-20 07:45:00,1536.700635568035,1546.2491730737725,1534.3749698789716,1545.2446168504948,3605.2711719233457
2025-08-20 08:00:00,1574.0322291343848,1579.342716770065,1573.3965427710868,1576.9422872842003,1710.897169787701
2025-08-20 08:15:00,1580.393791996892,1582.6785656457837,1572.3836223516755,1583.6762978097536,2212.0045038611124
2025-08-20 08:30:00,1586.7927657059213,1590.1438292112566,1581.0657526238417,1589.2461048322232,9392.096217340111
2025-08-20 08:45:00,1589.0845975333575,1596.400943139671,1591.1754237613768,1591.0613767019468,3628.5837123134474
2025-08-20 09:00:00,1563.223022875042,1573.2909836373508,1561.266357234916,1563.7938861652813,2713.245998668205
2025-08-20 09:15:00,1575.2713816546993,1576.1741446461504,1569.5240922144658,1574.7341421001684,5892.649460584941
2025-08-20 09:30:00,1573.1467817107011,1576.3640936342138,1568.8331053818079,1575.7376838231087,9330.206196587531
2025-08-20 09:45:00,1571.3170254618701,1579.1235229543909,1570.2136605791507,1572.4252290347595,8486.249439616702
2025-08-20 10:00:00,1606.8619190056825,1606.2108931914272,1598.6353453192044,1604.629397484301,4680.717022558918
2025-08-20 10:15:00,1550.9703387304642,1561.7416273287054,1551.2042735641141,1558.2870501221398,7071.745121442942
2025-08-20 10:30:00,1546.5887844879678,1556.2079956258194,1547.565466741446,1552.6466211928496,537.609933591626
2025-08-20 10:45:00,1546.7431811661893,1549.971441368182,1539.843294727312,1541.0778698989707,5234.1401042699
2025-08-20 11:00:00,1543.949992962658,1552.1567489231136,1540.7559139020125,1549.3275349372755,3966.1319988531845
2025-08-20 11:15:00,1539.0764850739536,1543.2919670872286,1533.4763275508776,1534.181003936124,7854.558935090399
2025-08-20 11:30:00,1532.046866436848,1542.63372345891,1529.1443656915653,1535.2959007092231,5639.341582086428
2025-08-20 11:45:00,1537.9495114577214,1547.5308885906923,1536.3161451209664,1535.4477465875163,4231.281706889766
2025-08-20 12:00:00,1557.366854085521,1562.777541338625,1554.2124415972633,1564.3836366544606,7860.170708220258
2025-08-20 12:15:00,1580.5604311229445,1586.8889210402585,1579.0731462115325,1583.7347408663588,3823.85930911081
2025-08-20 12:30:00,1554.4713825983695,1556.7084358217785,1545.9480737320748,1556.3555826555707,6723.603278150268
2025-08-20 12:45:00,1568.7711952141494,1567.0451295438488,1557.365404546084,1563.4690934097025,4977.34391736726
2025-08-20 13:00:00,1569.1701340872808,1570.3288477636809,1559.3592976460252,1563.7732521913629,7336.7477206202475
2025-08-20 13:15:00,1555.7269545567408,1562.566305447106,1555.2214578861503,1561.3972400887258,5310.645875432224
2025-08-20 13:30:00,1565.3486731684472,1570.659362521424,1556.9562402930305,1559.4619170060298,4367.132862592148
2025-08-20 13:45:00,1548.571296157051,1553.5179016161546,1548.1050580065614,1546.4538226066998,4848.5861274611125
2025-08-20 14:00:00,1574.9883709878495,1575.29307751623,1565.3994224843013,1575.0742765957173,7754.18541041993
2025-08-20 14:15:00,1578.4311174470665,1579.2291467154682,1567.0770368869662,1578.2980930097683,7583.979331587747
2025-08-20 14:30:00,1559.6642478670026,1567.463123534993,1557.7084995037012,1562.9652815272734,8817.043906023462
2025-08-20 14:45:00,1573.5416516883313,1579.2240037692304,1571.3060097697307,1576.4500894668502,8552.956263172558
2025-08-20 15:00:00,1574.599806336963,1582.8047394147409,1569.834756938477,1575.1777623019357,2054.962141082603
2025-08-20 15:15:00,1587.5561288778622,1597.1533995015732,1583.5046962796475,1589.9897084633767,7167.556196147626
2025-08-20 15:30:00,1593.952173829195,1593.8239214448981,1584.939835979185,1594.159614304263,2066.427973416072
2025-08-20 15:45:00,1592.9175623869446,1602.1591807901984,1591.781243012268,1593.7070126731985,7107.464831147455
2025-08-20 16:00:00,1589.789780705469,1590.855926461756,1579.5968400433194,1587.8964685209892,9926.812820957517
2025-08-20 16:15:00,1581.4044317114126,1584.3490845831932,1574.5870482401056,1577.0325318711182,5834.643403816409
2025-08-20 16:30:00,1587.9717494324464,1590.0689154361469,1578.4976228306602,1583.3467983531575,6609.789571734626
2025-08-20 16:45:00,1595.517657633436,1599.17555409172,1589.2056952280057,1588.9814590405902,1640.8084817333904
2025-08-20 17:00:00,1596.8378749304447,1599.2972264711702,1594.3558008896111,1597.0145243191246,8055.338834796292
2025-08-20 17:15:00,1595.298334115841,1595.5512580112904,1588.7746035218265,1589.730049971165,4223.524234469893
2025-08-20 17:30:00,1570.4135445710335,1580.0301883227796,1567.0674405509853,1574.05859078134,2030.5436742719396
2025-08-20 17:45:00,1590.870873432481,1598.194903976144,1583.1930716379009,1588.776543030121,474.98446898005136
2025-08-20 18:00:00,1589.571085287377,1595.131660090358,1588.1518917593664,1595.5337228089938,4085.046714256213
2025-08-20 18:15:00,1575.6574648506396,1582.1618498173868,1571.2184725146747,1580.7861201185221,1982.6324347402906
2025-08-20 18:30:00,1587.3860278497643,1599.494876118546,1585.9003340565343,1596.5010600804399,3881.8759546241786
2025-08-20 18:45:00,1589.0295769437269,1595.1523520660146,1583.0167618369533,1588.7823057723094,3416.1388903037346
2025-08-20 19:00:00,1589.699471170897,1587.612158206978,1578.912638000386,1580.216154449736,713.5316556406367
2025-08-20 19:15:00,1593.2194834812979,1591.7155686999224,1585.5060233823785,1586.2518165256906,3304.2529660226155
2025-08-20 19:30:00,1607.11329307665,1612.4704447169886,1598.6062167184443,1606.9089627147318,8563.959073781689
2025-08-20 19:45:00,1613.022285041776,1619.0328120675895,1610.8067259784873,1613.0563814340371,1498.7621979835835
2025-08-20 20:00:00,1612.6582453668964,1615.6994160736624,1603.7745347828884,1613.478701174262,7799.406748529428
2025-08-20 20:15:00,1622.025508335721,1625.200327379412,1617.7625578061193,1616.573410905333,7497.319914988517
2025-08-20 20:30:00,1623.4259343652836,1627.1693346516042,1616.8802045650605,1627.4567013265446,7131.539431865824
2025-08-20 20:45:00,1664.7876647237908,1671.050915185619,1661.7451160712694,1672.1184116554127,9764.630090579838
2025-08-20 21:00:00,1651.6061577688042,1648.9521611420626,1639.686347428752,1642.9741378150384,8713.378521892391
2025-08-20 21:15:00,1637.4075204639755,1637.5610034998344,1630.2463136013623,1631.9036384088172,1134.6345873985022
2025-08-20 21:30:00,1640.333906695212,1641.6585794381303,1636.1296240174602,1641.074158386416,1403.9060305365404
2025-08-20 21:45:00,1645.941465304087,1648.8143325096933,1637.4991711041037,1639.5783297021248,9324.798953103633
2025-08-20 22:00:00,1646.145420930856,1645.1871817949295,1638.4157070898418,1638.9849564808987,5193.5112547583285
2025-08-20 22:15:00,1672.1692126974276,1673.03406481627,1667.969075225134,1674.3381652922724,4463.433942714391
2025-08-20 22:30:00,1650.9253886080273,1657.370025157324,1645.8335817587,1653.0392905354242,3259.9500184265607
2025-08-20 22:45:00,1646.5409341711597,1655.3909257112398,1645.0623784609115,1651.9659998828329,4727.765197772968
2025-08-20 23:00:00,1652.2254311306285,1656.8554496160216,1648.28254368507,1651.1216628271566,1297.8274181235058
2025-08-20 23:15:00,1643.8949233864078,1651.7855242873093,1642.7011278498562,1651.1220552703485,3110.8141037351693
2025-08-20 23:30:00,1633.4646649316242,1641.4386397986618,1630.3879397408375,1635.2440040584254,1739.21805867623
2025-08-20 23:45:00,1629.965804629746,1638.1460003307031,1626.3695675863619,1629.7177580477542,6904.02127998691
2025-08-21 00:00:00,1619.6535081148875,1619.4296901621703,1608.691182293323,1616.011071041869,3380.0133901607437
2025-08-21 00:15:00,1614.4318860821022,1619.2878890087875,1613.969103549109,1621.5254514953444,4352.941022791968
2025-08-21 00:30:00,1624.3353527167503,1629.8184737410024,1619.305058433904,1620.8334310984428,8456.61798130998
2025-08-21 00:45:00,1595.2822481969706,1600.6064187214045,1587.2888085883956,1591.8645008143812,1358.6409704866421
2025-08-21 01:00:00,1590.3403923390038,1592.7414945390944,1585.1697677541717,1589.0962907864048,8345.664723844862
2025-08-21 01:15:00,1606.9366624474987,1605.6308094109004,1595.4664432025672,1606.5132587247233,1971.5363332529514
2025-08-21 01:30:00,1608.861183608063,1612.5205112763836,1605.1035281317195,1611.1619630946946,6606.292578047903
2025-08-21 01:45:00,1581.0421579594386,1588.7381833865625,1579.508223867918,1584.0860492437098,3588.6923298564407
2025-08-21 02:00:00,1595.7198333668061,1602.9945239763067,1595.5549170454926,1595.5772518445435,2277.39023393432
2025-08-21 02:15:00,1587.3972335679784,1599.6758323187823,1584.9254033148156,1595.7214360691169,6552.650930166715
2025-08-21 02:30:00,1601.0257696765384,1609.1072110152584,1600.062005534866,1605.5049536705176,7713.510866722387
2025-08-21 02:45:00,1630.8024030779197,1629.9356802290974,1623.7016119592329,1623.7923457687884,6476.162566824359
2025-08-21 03:00:00,1603.7538145131991,1603.014506098511,1593.2748824513785,1594.1132237522334,2953.890310388093
2025-08-21 03:15:00,1577.8045334661613,1579.4108392968212,1569.8879776986576,1575.4479557945347,1989.426074245362
2025-08-21 03:30:00,1567.8081395451995,1573.5967616909386,1561.9524335767576,1566.713811904974,718.9469849597626
2025-08-21 03:45:00,1560.7481063736032,1570.347902843617,1558.1677807801084,1566.3639737319145,5008.587255633718
2025-08-21 04:00:00,1549.1645409876862,1552.5431079829616,1540.4351963739502,1546.3517574440868,113.36161499654139
2025-08-21 04:15:00,1570.113118879966,1570.5398990985086,1561.5354179347912,1569.4454947242432,3985.1948224945163
2025-08-21 04:30:00,1559.355892615028,1558.1738673034456,1552.1590738781751,1553.9807086245924,5675.420526717719
2025-08-21 04:45:00,1575.842982245838,1579.331115936696,1570.0814040905739,1574.7656672675032,5032.213066344039
2025-08-21 05:00:00,1537.560535299997,1543.954041138141,1534.2058039198241,1543.6101644048404,2420.2648654991963
2025-08-21 05:15:00,1538.7935760880546,1538.9769052659426,1528.3210515341073,1535.3028588499233,2512.4003372978523
2025-08-21 05:30:00,1544.1357104233023,1549.0014278044691,1539.818909123591,1545.0085389833298,7082.620003619694
2025-08-21 05:45:00,1544.9077027871158,1543.8779043492884,1533.7774378228523,1540.3987862263043,8845.970644712814
2025-08-21 06:00:00,1532.1445199649568,1531.1171365773343,1521.336110712961,1530.0370848483049,9620.90193436105
2025-08-21 06:15:00,1529.7223432385397,1529.1904674409564,1521.8051871335038,1529.335388543298,6719.19175901205
2025-08-21 06:30:00,1519.9692383705717,1524.0109074055422,1513.2659523503185,1514.744155018564,6396.4421618328615
2025-08-21 06:45:00,1524.04290618452,1527.0505952297954,1517.4855124930941,1517.7625752739118,5527.014724880921
2025-08-21 07:00:00,1514.8578509432775,1526.2231788434497,1514.2663993101557,1519.7690362421492,8848.810698632042
2025-08-21 07:15:00,1531.6118802433557,1533.8107803486491,1524.6494192000794,1532.7203603618987,8868.965769103304
2025-08-21 07:30:00,1542.5861655987696,1550.7559109500446,1539.9545687774614,1544.0807325498288,8034.204902583428
2025-08-21 07:45:00,1534.9375795906917,1541.3769232342677,1532.7233738284783,1542.5675450628346,8596.88704077771
2025-08-21 08:00:00,1523.7657553688798,1523.2017549980098,1515.6356609286222,1517.5104330692009,4730.814857141475
2025-08-21 08:15:00,1538.7442988284647,1544.025422161223,1530.5475729668237,1534.2062184427955,4059.9754313992585
2025-08-21 08:30:00,1522.0244449063655,1530.7139521261859,1524.1291127710194,1530.9554760693782,413.69515181675916
2025-08-21 08:45:00,1542.5436394120602,1543.8569466808572,1536.6126170083076,1542.027062776159,227.0427500743255
2025-08-21 09:00:00,1548.035812417222,1548.6564649963257,1538.9922691893325,1541.2350905291482,291.5332416656093
2025-08-21 09:15:00,1542.689153588909,1550.119366232968,1543.623826031967,1547.079060462259,8013.328804989767
2025-08-21 09:30:00,1561.4743864233994,1564.1797946602642,1554.734274729586,1555.5770256923768,9823.061625861139
2025-08-21 09:45:00,1549.174315439564,1553.7232703780865,1545.3247802279898,1550.974461827072,6732.254169767019
2025-08-21 10:00:00,1551.834657653464,1558.3412332762905,1548.0952275138263,1550.2066820174684,2429.9552467065782
2025-08-21 10:15:00,1563.8278050013432,1568.5512376559516,1555.8467770358734,1567.7553878607453,6645.326652693218
2025-08-21 10:30:00,1529.3222891296034,1530.4629451822584,1523.5138458568276,1531.6717237287523,8677.18053292048
2025-08-21 10:45:00,1560.9038637046565,1559.1242822901543,1550.0891701518265,1558.0055979397239,3194.675484469358
2025-08-21 11:00:00,1549.142171146803,1554.2364835511219,1544.2161991022188,1549.558349750016,9871.812349178377
2025-08-21 11:15:00,1547.3457935896763,1558.0711154584285,1544.0930173409245,1547.9954048432228,1151.0719714916092
2025-08-21 11:30:00,1549.2429365074465,1555.0158889392762,1543.5414922014847,1549.6393569825823,197.3602330459268
2025-08-21 11:45:00,1564.6500814866934,1564.5283700528269,1554.336192856412,1556.3651212941493,5417.989651901606
2025-08-21 12:00:00,1549.0895591231,1555.3543027508108,1546.6822447186446,1553.171271380958,6526.608302785416
2025-08-21 12:15:00,1559.479582179611,1563.0723574914236,1552.6195019316974,1559.5371615629065,8626.606450922844
2025-08-21 12:30:00,1542.7015536056322,1549.943402844397,1539.9146948386463,1549.7699314780582,6187.664454155951
2025-08-21 12:45:00,1542.5853844179346,1543.2717419706903,1535.2571251669642,1542.0232648402105,5343.4686233944385
2025-08-21 13:00:00,1554.5244485677601,1552.5387308639456,1544.5871377547226,1553.5413023912226,7418.060321721054
2025-08-21 13:15:00,1545.7021382032704,1549.2435488387446,1536.9427432010398,1546.677793156075,7439.153571317506
2025-08-21 13:30:00,1556.5431595591206,1566.9073924596078,1557.148563114553,1554.8318979368844,3717.4799483755246
2025-08-21 13:45:00,1529.895300202235,1540.3962439189056,1530.1346388757581,1529.725826138212,6905.443825066072
2025-08-21 14:00:00,1511.7290354205682,1519.06305735251,1508.1677371754788,1511.8520696904811,5765.3502726626275
2025-08-21 14:15:00,1510.1932345091966,1515.2201552439626,1506.460197871721,1513.2648854629679,5029.836541491777
2025-08-21 14:30:00,1535.890251302695,1541.6249919825923,1530.687945455756,1539.54529538213,7324.717031670343
2025-08-21 14:45:00,1555.7761625361861,1556.800365287604,1545.522177438022,1557.4041448023152,4409.994992297173
2025-08-21 15:00:00,1543.3601968919836,1552.2455780858293,1542.2309478059253,1550.5772373614457,543.28542307051
2025-08-21 15:15:00,1540.6866173370072,1540.4481091378773,1531.8674373617578,1540.7483135874586,3415.106797335548
2025-08-21 15:30:00,1529.2415743367176,1534.0254161667165,1528.6300010789967,1531.457981012833,4514.986741384607
2025-08-21 15:45:00,1518.2455595528643,1526.0945954075003,1519.6187141416106,1520.321483208141,6677.444330069872
2025-08-21 16:00:00,1544.945472677519,1548.3520803894144,1535.62071219952,1539.880206097671,1672.1575038264114
2025-08-21 16:15:00,1539.4322046724894,1540.899539294552,1529.2551039751863,1539.123571754511,9324.170972781132
2025-08-21 16:30:00,1550.5087434374493,1548.1961172550311,1543.1849196769272,1550.6744222020081,765.2268282012427
2025-08-21 16:45:00,1537.149948925002,1542.7898228906754,1532.5583168174535,1537.5564410215643,3866.1624917613262
2025-08-21 17:00:00,1518.7328504425673,1526.1066865199393,1517.2904210863405,1523.3968476651146,4365.590010837592
2025-08-21 17:15:00,1533.717882523943,1535.511921248787,1524.7780938058804,1529.0767451202505,4414.08748038559
2025-08-21 17:30:00,1522.2493982322046,1532.4999600466047,1524.2751415119276,1523.9118074125934,9324.936836605051
2025-08-21 17:45:00,1534.1212893662328,1538.0764192442223,1524.3339178699805,1526.639984556046,3720.7759561642188
2025-08-21 18:00:00,1522.4039479159705,1533.4761932576998,1523.0736550060121,1528.0106781332704,6747.931102124994
2025-08-21 18:15:00,1544.6322705656319,1551.6383295832024,1542.5964776348876,1551.0289615974186,9851.889077761747
2025-08-21 18:30:00,1549.743938517757,1551.133869362567,1539.4717214914212,1547.7384636791785,6739.065862765925
2025-08-21 18:45:00,1551.0000394892013,1556.408250476524,1551.3900677917873,1555.2647807449305,5287.812485930562
2025-08-21 19:00:00,1558.7691801792469,1568.9117154446737,1555.8012542457957,1561.6267435951804,6913.577154240571
2025-08-21 19:15:00,1575.547284217788,1578.7750471771049,1568.081300149157,1574.8359320738334,3557.657739745311
2025-08-21 19:30:00,1584.1503432912375,1589.6642853156789,1578.680342496658,1587.0672544744,5050.497115375513
2025-08-21 19:45:00,1592.9804530657611,1592.3817696709941,1584.3363942060885,1591.5701177823653,1389.4313807172862
2025-08-21 20:00:00,1616.6977570643219,1623.4552253261677,1611.131938010875,1622.7024600208767,3954.8311495198877
2025-08-21 20:15:00,1653.5716914389568,1658.4788022593766,1647.3091051175916,1655.2327427523282,8103.145563453864
2025-08-21 20:30:00,1629.0293381701663,1639.2857978541508,1626.295689271055,1629.2107995319304,7453.301243050228
2025-08-21 20:45:00,1623.0889202652372,1623.8889135387894,1614.8963701200487,1616.148908429832,2337.8699169103857
2025-08-21 21:00:00,1598.285950836521,1599.322638640336,1591.4065922523143,1594.727521277855,4474.54879339677
2025-08-21 21:15:00,1585.882185571588,1589.5473408786102,1583.0165386540932,1585.1919756627613,7666.060915600443
2025-08-21 21:30:00,1604.3199297472318,1610.102915796687,1596.486456406034,1607.6816028265596,4923.837165978865
2025-08-21 21:45:00,1599.5706274834508,1609.7146640131907,1597.824159282609,1607.0332665883902,6123.923396803113
2025-08-21 22:00:00,1628.4480650212588,1635.902227800466,1624.8905209370891,1628.8485124764836,5314.7448671325055
2025-08-21 22:15:00,1637.6202737390358,1643.491161919594,1634.2377995277936,1631.5563000273562,4727.575928837585
2025-08-21 22:30:00,1660.8862867129244,1669.4641277776752,1658.4759091963306,1666.384709648415,8713.070790814641
2025-08-21 22:45:00,1644.6952703905208,1650.1124112687307,1636.6474223185924,1641.7989758529839,126.5960244168834
2025-08-21 23:00:00,1667.5287986218746,1679.574681815197,1669.7609461800337,1672.543512248169,5654.802524892164
2025-08-21 23:15:00,1679.1452058620257,1684.78464211499,1672.8586233183366,1679.948478970471,8632.640555041571
2025-08-21 23:30:00,1679.5296658558336,1685.0176012026097,1675.1649103154182,1677.6483442311103,2751.020518257532
2025-08-21 23:45:00,1662.912384649392,1669.8733454986561,1657.4804474397968,1659.6517283007213,7787.920192527116
2025-08-22 00:00:00,1651.2875943677684,1656.2303052559882,1643.5846984140182,1648.3567300449572,1439.0999063442957
2025-08-22 00:15:00,1634.1761735715081,1641.73133055603,1630.8388358384157,1638.1710488485814,7132.717841142891
2025-08-22 00:30:00,1616.4721600333728,1627.3581536106724,1618.2582269943114,1618.0385606211714,2678.726983785423
2025-08-22 00:45:00,1644.202543677756,1644.66682963924,1635.3207576065076,1639.209054178272,9381.201454675824
2025-08-22 01:00:00,1618.8089687372521,1626.3332247381243,1611.093554714086,1616.6828477850515,7645.851020799923
2025-08-22 01:15:00,1647.882775354716,1653.5090257215957,1641.5019785702887,1649.3390677237928,3579.280095454118
2025-08-22 01:30:00,1653.9200359513204,1664.7548963969398,1649.521129508019,1661.9355477495114,5476.251080553678
2025-08-22 01:45:00,1671.6703552627375,1674.7822917576614,1664.9985698268686,1674.0921405213585,6551.7734689173485
2025-08-22 02:00:00,1684.64037795008,1686.8735243108754,1677.2282314029742,1676.0205159693367,6528.946246175754
2025-08-22 02:15:00,1680.0691983852391,1690.9660550888946,1679.2955769350817,1687.6996714446393,520.3672320068725
2025-08-22 02:30:00,1672.6329806530732,1679.8484136131528,1669.6390652005596,1676.387248703873,600.3312189693488
2025-08-22 02:45:00,1655.5488767077704,1657.2120963526133,1650.6146756272904,1651.9325593807243,3301.477444929048
2025-08-22 03:00:00,1676.8653522982406,1680.5171739007471,1673.1747704818538,1672.0922672904503,4049.171750317499
2025-08-22 03:15:00,1659.0217087983303,1662.0255075989996,1654.3836408327045,1654.9394360351557,4189.289974007992
2025-08-22 03:30:00,1652.2994683320678,1651.7212138641348,1646.6624331167566,1654.0521679233407,2674.820072458919
2025-08-22 03:45:00,1643.705923621068,1649.4260786283792,1638.0865522964998,1650.379117941,6036.355312611538
2025-08-22 04:00:00,1647.5703464664703,1652.4089710453577,1639.6990244927847,1649.1747398130356,4062.581249538776
2025-08-22 04:15:00,1644.411587486516,1650.8058592022805,1642.3753585727054,1647.6604865658846,171.88442169025242
2025-08-22 04:30:00,1652.1974118342687,1657.7870061444326,1651.0171029514256,1652.0809067988573,2802.292523818961
2025-08-22 04:45:00,1646.2153599845592,1652.084783343888,1642.397386349009,1643.4561481579206,7865.555453090813
2025-08-22 05:00:00,1654.0168636055841,1656.6320298460014,1644.3084121227093,1647.5270595425961,3663.1439091150246
2025-08-22 05:15:00,1648.027297909173,1650.9538321523676,1637.062898963441,1647.757957451264,4718.863151308752
2025-08-22 05:30:00,1645.9769411072232,1656.3508497828266,1642.8600304033137,1652.936823902406,1907.1918574064127
2025-08-22 05:45:00,1634.641033147337,1643.480897028012,1632.4664719147647,1642.6674863878868,1041.2083202032536
2025-08-22 06:00:00,1664.0166137329427,1667.403287403984,1661.2750630912305,1666.259612464497,177.3777171432563
2025-08-22 06:15:00,1670.3694441906412,1675.9578276033847,1669.2357137100794,1676.318490291132,3927.1849739947033
2025-08-22 06:30:00,1707.3977118284713,1716.4681702743812,1706.6047127204454,1714.9526599705414,161.53623833594992
2025-08-22 06:45:00,1739.4811949581124,1740.3774864615978,1731.9068412818267,1736.409813020852,8867.7311808795
2025-08-22 07:00:00,1724.3632651028406,1732.2175192621276,1724.932764398558,1731.6489326106896,5581.504596476143
2025-08-22 07:15:00,1718.3876089171508,1724.3769132819823,1712.8052808514158,1723.3912952753074,5529.076158989018
2025-08-22 07:30:00,1749.9638570887182,1750.0775525969839,1742.0601310081859,1747.5978849943324,4586.924180878146
2025-08-22 07:45:00,1759.4419977990638,1764.9705427216345,1757.6432157974175,1760.1145738358832,6056.789212656177
2025-08-22 08:00:00,1730.2620981394955,1738.5958905568605,1729.346430311658,1738.6270002256092,6481.671889250904
2025-08-22 08:15:00,1737.8629245600116,1745.3852128550832,1732.2351048806777,1741.669579012824,9066.372710781514
2025-08-22 08:30:00,1733.6892316825872,1740.3806074320378,1731.9868809928525,1731.9437287593207,5910.665079647963
2025-08-22 08:45:00,1734.71424439136,1735.5697436610485,1729.3933752786293,1730.9702470200773,7841.098710550435
2025-08-22 09:00:00,1752.4742674252188,1754.0623946663766,1745.078665377592,1755.4823066709287,8045.497231106874
2025-08-22 09:15:00,1732.9166352274356,1743.391503581728,1730.8761595891285,1740.5927624454484,797.7490719786197
2025-08-22 09:30:00,1736.1858606038516,1743.2507215627274,1734.9045056315806,1736.4886536874374,1669.762054230935
2025-08-22 09:45:00,1764.1172878708333,1764.8575229063756,1758.9145608446006,1766.8365861401487,9496.500358093313
2025-08-22 10:00:00,1781.3987187241476,1781.2819914808586,1774.7750768663977,1777.8620255968506,7366.773334075141
2025-08-22 10:15:00,1762.9721296250036,1772.668737112499,1761.4930416587595,1763.9582935076353,1483.2934915105143
2025-08-22 10:30:00,1796.3496241239097,1800.80724881664,1794.3301781695486,1794.4031283485745,6948.540008751721
2025-08-22 10:45:00,1794.0331507653345,1794.766778042126,1783.6794973341339,1793.9913157464964,8008.047517515596
2025-08-22 11:00:00,1786.7949217532316,1798.3526933064275,1787.455457837987,1794.5608911545053,758.9591895266584
2025-08-22 11:15:00,1815.8105745855826,1817.0027456550542,1804.390695695927,1806.787290374054,3761.280758707402
2025-08-22 11:30:00,1784.5211987565408,1785.5012859957951,1777.5403854447115,1778.0621537305633,3958.5515358096623
2025-08-22 11:45:00,1784.21751542386,1787.6740081973658,1781.633021465873,1786.2233915251275,770.7897491301683
2025-08-22 12:00:00,1809.514168007526,1822.0303211109328,1811.986565669374,1814.4242909232692,9500.193829190537
2025-08-22 12:15:00,1829.5813428257113,1832.8684433863668,1826.0223022009602,1825.8499864981964,3126.282945552984
2025-08-22 12:30:00,1819.9294466134547,1829.1913638615429,1818.1432564557988,1820.0657926715942,4963.331947582016
2025-08-22 12:45:00,1778.1721946930538,1784.96847741795,1778.7413460840683,1779.9694315454487,7328.807595941104
2025-08-22 13:00:00,1809.7705180730725,1814.2606882675075,1803.6751119787855,1813.6195466500033,3695.0044797922587
2025-08-22 13:15:00,1801.3348515848063,1807.1102490082092,1792.5297748434152,1795.828307250509,2933.888970649479
2025-08-22 13:30:00,1787.833364179142,1796.5280036665822,1782.2514371783611,1793.212365344651,9556.141086162615
2025-08-22 13:45:00,1761.1757740002574,1761.2778366000884,1755.5021205122716,1753.9342977255835,1656.3062934849363
2025-08-22 14:00:00,1756.2712579206448,1759.119330663025,1749.696559795188,1754.188847243304,681.0822715663822
2025-08-22 14:15:00,1753.068300192019,1756.9261848103536,1745.1587733880838,1746.7228679512823,5462.863764140978
2025-08-22 14:30:00,1749.6431312266513,1752.6211847026873,1740.69714145254,1745.2121820883901,250.36440469413924
2025-08-22 14:45:00,1733.6775512752404,1742.58757971775,1735.4641150895131,1741.5965487389883,4263.002599895719
2025-08-22 15:00:00,1741.0267605858699,1740.1352570522208,1733.0443207648693,1740.7329232600914,2986.3896953770136
2025-08-22 15:15:00,1738.9496602851582,1742.601542735141,1734.7511048634765,1734.473607467915,7085.545924387651
2025-08-22 15:30:00,1767.2713674813149,1777.8748931447044,1766.2178587319574,1773.1243651823563,8188.0029871436145
2025-08-22 15:45:00,1784.3864678860168,1792.4282297301131,1786.7159002039941,1785.6055853051603,4247.737997572463
2025-08-22 16:00:00,1813.122899000243,1815.2040461284205,1803.6651728035743,1804.4141008970423,9844.310564996671
2025-08-22 16:15:00,1792.5122009098707,1799.781730787853,1792.059824579219,1794.3460764379404,8972.737075789135
2025-08-22 16:30:00,1821.8225600741098,1823.8161259813874,1814.360279960733,1821.0865222251598,9075.832546057856
2025-08-22 16:45:00,1823.7739804325192,1824.260283591607,1813.4597074993721,1817.9736371795418,3564.202739991193
2025-08-22 17:00:00,1798.4194846536766,1806.9392607530413,1797.9085593762586,1799.7140978027287,8053.281240011457
2025-08-22 17:15:00,1785.5514800474166,1793.0630914854055,1785.1800794553506,1792.9314069880145,4957.855633670363
2025-08-22 17:30:00,1810.3886049972473,1811.2225081781646,1804.2224998137017,1805.4104004235353,4880.721673851671
2025-08-22 17:45:00,1811.3843966947977,1814.6293681075067,1806.5655044347955,1811.8262860738944,4736.742027192368
2025-08-22 18:00:00,1796.3273652116834,1803.4254893537861,1790.2464105474605,1797.4083125948503,1154.2694137743251
2025-08-22 18:15:00,1805.2762908070722,1810.8031763342128,1799.0944851719576,1806.891972295603,523.6754713250942
2025-08-22 18:30:00,1829.2976514661748,1829.8415124234418,1818.228410740696,1828.8491723802272,250.63717436980323
2025-08-22 18:45:00,1816.488859500874,1818.7670754084731,1808.2723629621005,1817.6184783625245,8572.392231770631
2025-08-22 19:00:00,1820.267696475703,1824.0790181582295,1819.3679974873814,1820.3467573737723,3205.341303269552
2025-08-22 19:15:00,1828.1139900568692,1833.7139467820111,1819.5183121654736,1826.1673488286444,2294.039279895458
2025-08-22 19:30:00,1805.5607072860823,1808.283007776577,1799.7545566020497,1801.0591905243168,8878.451254236454
2025-08-22 19:45:00,1818.6555994193043,1825.42265491525,1815.1070106409659,1819.8299204883788,8421.529227352024
2025-08-22 20:00:00,1828.7120391028802,1835.4993203451324,1826.8729495105456,1829.0877140221019,1628.4395688824814
2025-08-22 20:15:00,1849.5843016873764,1850.994896162883,1843.7051436249874,1848.4325900280635,6270.298998478803
2025-08-22 20:30:00,1865.8233747594002,1864.9998286650314,1857.1748927050694,1860.3311743183046,7074.144785568779
2025-08-22 20:45:00,1866.1717755556394,1867.4012183622247,1858.5403343455675,1865.3372308563908,2031.368024616777
2025-08-22 21:00:00,1842.6345821305256,1853.6476229501222,1841.0535395573156,1850.4517182748748,5933.233598493423
2025-08-22 21:15:00,1847.680100067744,1852.9315049494155,1847.3317840622724,1852.9396200414508,6056.923566116051
2025-08-22 21:30:00,1850.252230704144,1849.3009592427784,1839.8603718902866,1850.1629840845521,6217.584616699411
2025-08-22 21:45:00,1851.134582156602,1861.8112990587122,1850.1263251887826,1856.1592588660383,4719.806905549003
2025-08-22 22:00:00,1827.2068793276972,1829.0408508762152,1822.9781854371456,1822.260415921526,3181.471395312223
2025-08-22 22:15:00,1826.1665750855511,1826.2229526141896,1820.2199281023272,1825.3685353140395,5634.934420084745
2025-08-22 22:30:00,1820.7705888273388,1825.8272398178296,1815.6262645280801,1820.981372713393,5202.963615962355
2025-08-22 22:45:00,1836.2745189595203,1836.3875688396831,1829.87300000112,1836.4716462856923,2570.865487721865
2025-08-22 23:00:00,1841.4026550485573,1849.6222418474842,1836.2858988652056,1838.782494135061,1702.7932328224554
2025-08-22 23:15:00,1839.1979307636977,1843.1817707828002,1830.6652273488435,1834.538309155496,3911.860315708133
2025-08-22 23:30:00,1836.181082204458,1844.431899477787,1831.6387334253498,1841.4401963470236,9568.68866067836
2025-08-22 23:45:00,1818.7142702507922,1825.8064846204054,1818.1031982896452,1821.9951444453002,9896.653084248666
2025-08-23 00:00:00,1827.2289458640385,1825.7000147807387,1819.2929508286832,1820.9623296711738,6358.499879352132
2025-08-23 00:15:00,1829.1338900356202,1832.3115069840567,1821.0917805107206,1828.988069202914,1983.0059838407913
2025-08-23 00:30:00,1814.1230484733317,1816.2552617319518,1809.0337423967865,1809.7798705388054,1443.6741816603985
2025-08-23 00:45:00,1813.5680934934412,1818.5836819083302,1809.986163738397,1818.2961317028862,3381.7052233165155
2025-08-23 01:00:00,1818.7095979501496,1829.1016572694307,1818.0095065598139,1827.2115545639804,7470.1745677323615
2025-08-23 01:15:00,1844.2656615414749,1847.2787944186757,1838.4039530222658,1836.9607001412994,4017.3993715904485
2025-08-23 01:30:00,1828.4584941557343,1833.8471079086892,1825.570319931654,1833.4197767861683,8568.51457499158
2025-08-23 01:45:00,1800.4005680742955,1810.5465418644578,1798.8959191648796,1809.214465475303,1331.2306871821017
2025-08-23 02:00:00,1782.9972350141863,1789.1487522657746,1779.2303508795571,1785.3163355422678,1408.3271121962714
2025-08-23 02:15:00,1784.0673327746156,1785.9112141450273,1778.0101152843658,1784.6830049684806,6252.4440513282925
2025-08-23 02:30:00,1792.8299593555,1798.7028087992262,1787.1118193729985,1789.4936681721895,4893.894402936333
2025-08-23 02:45:00,1775.5097866690496,1775.7043189069384,1767.447544586418,1776.1901547300865,1391.2943044211986
2025-08-23 03:00:00,1774.7759095487404,1775.271234990748,1768.5684768302804,1769.389162861935,181.66387934176242
2025-08-23 03:15:00,1760.9419748171929,1769.5184972257864,1758.6028003777542,1760.8724544696245,2717.3737727669945
2025-08-23 03:30:00,1770.7266074100787,1777.6225072961295,1767.7631083373244,1775.4664791548605,8793.394357765037
2025-08-23 03:45:00,1780.2434905643743,1784.104724292487,1774.5556412772785,1774.575769707989,8881.303518281497
2025-08-23 04:00:00,1777.7872405684298,1784.0462796888469,1774.6971579762771,1777.391546832024,8372.972739520072
2025-08-23 04:15:00,1773.7814870969644,1779.9754229669552,1768.2858022634489,1773.3819766605402,3812.537207441076
2025-08-23 04:30:00,1793.725848604308,1795.8661775711453,1781.9680120075027,1790.0907426181582,7154.5139205736195
2025-08-23 04:45:00,1797.9124511195735,1805.044643221703,1791.984316142324,1796.992435997529,9732.603384641077
2025-08-23 05:00:00,1785.819603991057,1787.019204299784,1777.0068044859322,1784.9057196057997,619.138871478896
2025-08-23 05:15:00,1785.8482538704689,1796.9022155183036,1781.491416358844,1791.9861713493442,5111.292722788369
2025-08-23 05:30:00,1767.5502952270322,1770.229084929853,1765.0688615763484,1769.6887810098958,7422.573771896847
2025-08-23 05:45:00,1750.279898489206,1762.0389639879156,1748.8190883678662,1758.28977466855,5636.633186335181
2025-08-23 06:00:00,1753.2221930789165,1756.670150786537,1744.9823841383013,1743.941740021028,948.9410312187657
2025-08-23 06:15:00,1713.6522862662678,1722.826369647537,1712.6194767046852,1715.530770355631,4615.121582953734
2025-08-23 06:30:00,1718.705619356608,1721.6649863657049,1714.9887414606264,1721.0299502378602,1864.376882918937
2025-08-23 06:45:00,1722.9829257085294,1727.18871294379,1720.2403820377224,1725.0487450764645,5263.249554120809
2025-08-23 07:00:00,1727.1959868217273,1733.8761819554463,1724.9442044671612,1732.613975867425,5914.7616823623775
2025-08-23 07:15:00,1710.821394571299,1717.9284009832159,1703.7125390258855,1709.8114716905804,2196.6135580151044
2025-08-23 07:30:00,1713.3841591477897,1715.0019772303094,1706.2505738341958,1710.5537459562784,3915.08733181207
2025-08-23 07:45:00,1708.065678985909,1718.9736047346819,1707.4451927012046,1708.4496951646406,3305.3305641554234
2025-08-23 08:00:00,1722.0418854411296,1727.0333861643787,1718.4844900265891,1726.2315936391922,5862.280402632846
2025-08-23 08:15:00,1712.5406279803515,1720.7652005743528,1706.7882679282964,1711.4352630795872,3595.3069526520517
2025-08-23 08:30:00,1721.364406896877,1721.7887256445772,1712.0316086064583,1715.0426408983205,3798.209463071668
2025-08-23 08:45:00,1702.5137912688008,1711.4531019047447,1701.6353373744025,1709.1236040622732,864.3980819801609
2025-08-23 09:00:00,1703.8376581545158,1712.0150348394895,1699.719757589924,1710.143454905578,9201.657190667414
2025-08-23 09:15:00,1701.9451608125094,1704.316651026719,1696.776890202069,1704.1211025711264,894.8652745720899
2025-08-23 09:30:00,1708.1987702796862,1713.0312283375742,1703.3331147244526,1706.7598517030265,1288.607056214296
2025-08-23 09:45:00,1706.9125962727878,1710.277584841511,1698.2237783890023,1699.2160881074908,170.25314497371176
2025-08-23 10:00:00,1684.0745778094117,1691.0949631278818,1681.209797909078,1681.1087002063598,3417.084241773984
2025-08-23 10:15:00,1675.300370108891,1682.9333221394527,1675.4455322238562,1679.965792991067,9361.84468520252
2025-08-23 10:30:00,1687.4519025726984,1693.631316535471,1679.5685499854962,1684.5387878096387,6428.604440874925
2025-08-23 10:45:00,1674.530389798443,1672.3489511055225,1667.7614937580029,1666.1551607219815,9735.773802005511
2025-08-23 11:00:00,1661.53533080643,1666.9972018994986,1655.9801502126802,1666.8986704879587,679.9653644274223
2025-08-23 11:15:00,1651.4175483347778,1657.4678938428074,1648.546595766931,1653.778808118676,3303.1191191013977
2025-08-23 11:30:00,1656.6716152204474,1666.5222983665324,1656.7550236366387,1656.6952888476962,5493.284513811863
2025-08-23 11:45:00,1681.2102519399616,1688.0839964822783,1678.3359679662096,1683.726907247228,2604.8362107445723
2025-08-23 12:00:00,1684.2767883484191,1688.582317875024,1678.844360457405,1690.4776777512025,3444.3101277894475
2025-08-23 12:15:00,1658.2910612635562,1663.5314001681909,1655.0506217767552,1664.7060160427898,7917.974785138115
2025-08-23 12:30:00,1650.6154684120281,1658.0538796212975,1648.0555161337493,1646.3672471831492,3596.0404846686374
2025-08-23 12:45:00,1655.2447017879251,1653.7793812509087,1645.199606552618,1647.8101678834107,6115.12393500522
2025-08-23 13:00:00,1635.9746586756423,1642.7068429639085,1630.4564319328347,1633.314852771509,1221.3525736805911
2025-08-23 13:15:00,1623.9028063701162,1631.4372745551482,1619.9802890763558,1626.227204547489,9171.76304980247
2025-08-23 13:30:00,1632.4001827239858,1630.3104229939922,1621.270837130015,1625.4684036486653,4739.092150028906
2025-08-23 13:45:00,1637.0267170531502,1635.5743387435414,1629.4079058954205,1628.7678017201029,2518.7457435888023
2025-08-23 14:00:00,1633.6404640282583,1641.950212322036,1631.3649398237314,1637.9554697167596,4544.0242073758545
2025-08-23 14:15:00,1621.4992862605347,1621.992229585237,1616.4421693427744,1617.9027597626912,9836.752907947539
2025-08-23 14:30:00,1604.7690839023544,1606.544672128143,1595.5484253722386,1599.805633359225,3449.347105778364
2025-08-23 14:45:00,1581.8187261223718,1588.7076392395832,1577.1718106186402,1586.6083145573127,8267.223898690487
2025-08-23 15:00:00,1592.0193589019646,1597.0398103323787,1586.6523009612122,1591.5173605938646,9369.130549454163
2025-08-23 15:15:00,1596.0454024655537,1598.503944601184,1592.3964561337389,1599.667042517244,5521.018623468445
2025-08-23 15:30:00,1598.6464411435293,1603.23273804301,1594.461019951733,1595.7473683946641,8268.934961207375
2025-08-23 15:45:00,1598.0034489758232,1603.4766984670312,1595.4455143652453,1594.6093518175321,3054.5819360358273
2025-08-23 16:00:00,1600.5285796334774,1609.4514631202312,1599.881437821788,1604.4485723442524,4286.991506575867
2025-08-23 16:15:00,1590.1537917377484,1594.4203454769015,1583.7071555253185,1587.6442544225674,2458.811153891956
2025-08-23 16:30:00,1598.037246536084,1608.138513221109,1593.8484607032638,1601.7300569517026,2821.1004219787997
2025-08-23 16:45:00,1600.498014849852,1605.9139506471045,1597.3842029941345,1607.628941171439,4856.080369784531
2025-08-23 17:00:00,1600.6972715941204,1600.4354568373924,1591.8044005698123,1602.2098561588396,2975.848619443536
2025-08-23 17:15:00,1593.236380810835,1604.547811336423,1593.9650085232488,1595.191427694107,8114.768445727229
2025-08-23 17:30:00,1564.3634978144369,1573.7574085210629,1564.2669782670253,1571.3503197966775,6058.9207478381495
2025-08-23 17:45:00,1554.1707627453889,1555.6612899623549,1545.2684478709002,1547.6810822494235,9697.964759775283
2025-08-23 18:00:00,1553.5169289386074,1559.7554945506656,1550.6050638836182,1558.040309738197,4742.792143234514
2025-08-23 18:15:00,1571.5821537564589,1575.3470600965381,1566.5525852253004,1571.1687094654653,3871.0004095748855
2025-08-23 18:30:00,1554.5380164402943,1563.5330897000035,1548.5273636757604,1552.6694209703605,9384.795274350148
2025-08-23 18:45:00,1560.2785014452047,1567.9941303617356,1560.217268200383,1562.0231673194576,6597.9975093583
2025-08-23 19:00:00,1538.9631280781507,1539.9267201569178,1529.0577878374245,1539.3254362898085,6352.714534593499
2025-08-23 19:15:00,1516.1395670898178,1522.4555976197998,1514.9208733995379,1518.0689784479573,8185.286265660982
2025-08-23 19:30:00,1507.6166806055626,1515.2823815922616,1505.7240369906197,1507.2178485139834,8237.026554189215
2025-08-23 19:45:00,1490.5411472262958,1496.489511853339,1486.668534665555,1493.321535519298,2683.534434395221
2025-08-23 20:00:00,1492.8307517189871,1497.622561556185,1488.6389682161587,1489.9534682575984,6085.8239449579605
2025-08-23 20:15:00,1491.3624501206425,1492.4326191876394,1484.9597658690493,1484.0459566466757,7776.107983128295
2025-08-23 20:30:00,1476.2508368350354,1485.6923094200213,1472.1220828414473,1481.5923184836145,4548.462328310296
2025-08-23 20:45:00,1474.5470601595991,1475.393059839319,1465.3109989762256,1470.7253193360757,8790.34744554404
2025-08-23 21:00:00,1474.8550950086872,1482.3974349322466,1473.4179122349021,1477.5092967587902,3027.0878902427494
2025-08-23 21:15:00,1492.7489719878681,1501.9631392976366,1491.652189116348,1497.87813397129,3868.8558208704867
2025-08-23 21:30:00,1484.5512807646915,1487.5117686677165,1477.5666140020573,1482.2182188128224,8241.015257976635
2025-08-23 21:45:00,1477.4573041183091,1482.731287845974,1471.113585561587,1482.6827810056893,5088.74383019778
2025-08-23 22:00:00,1482.358243001492,1488.4714140445658,1475.3551390893551,1481.4039950708232,6825.3170165727815
2025-08-23 22:15:00,1468.7545955736778,1473.7830499952458,1458.2717621929887,1461.9977792249772,1542.4749633968827
2025-08-23 22:30:00,1470.819182737193,1475.3955569716106,1469.0085895223588,1474.382722514658,9566.972773514744
2025-08-23 22:45:00,1466.416601977137,1473.245367098255,1464.347349700818,1473.5503124799832,1275.9854914133505
2025-08-23 23:00:00,1452.7707557560304,1459.8238917307087,1451.3109182888127,1453.057828887487,3107.80208920367
2025-08-23 23:15:00,1456.1648945547654,1466.660544124104,1452.9130138789155,1457.0314362466586,1637.7058856554793
2025-08-23 23:30:00,1464.5037347158511,1471.8399104114694,1465.1983331721706,1472.6952103313163,4176.946132822561
2025-08-23 23:45:00,1449.972410657247,1457.3771709737553,1449.5181417799104,1453.234914697139,9507.566917085764
2025-08-24 00:00:00,1459.9425754324373,1461.9341862885888,1455.1981917669366,1456.834045325797,6114.675273280114
2025-08-24 00:15:00,1434.8191394947062,1435.047099497074,1428.0303039426315,1434.7382731329724,6169.286524263772
2025-08-24 00:30:00,1437.2497716917885,1443.9449276034354,1434.9932101232891,1433.8887952355992,7542.363735696294
2025-08-24 00:45:00,1450.2328432788483,1450.4263287427457,1442.3162844227872,1448.8510249529418,5730.620140059091
2025-08-24 01:00:00,1447.9307993647199,1452.6643157013027,1442.0423677490955,1448.9157954407451,5756.483938219351
2025-08-24 01:15:00,1468.121642330563,1471.2822001147695,1458.3567074949233,1468.898309721909,5635.127520585872
2025-08-24 01:30:00,1464.3442354563133,1473.7753317404495,1465.0109487316215,1464.179759175031,3341.1072240208514
2025-08-24 01:45:00,1494.077297496154,1499.0789779808392,1489.2242517029886,1490.700808129288,9063.671478858889
2025-08-24 02:00:00,1477.7911942635124,1485.5378428660024,1476.0803897987234,1476.399475781121,1044.8506713509069
2025-08-24 02:15:00,1491.7840435044257,1493.2503681657709,1480.8323651314088,1484.1653439019294,5660.6079438653205
2025-08-24 02:30:00,1513.352129461684,1514.5115224037613,1507.7245974572393,1508.458447026216,1804.8246621788621
2025-08-24 02:45:00,1512.7875921247644,1523.0833250896578,1509.0028138027337,1512.7485541395542,2401.600473834649
2025-08-24 03:00:00,1517.6007161373254,1527.635694663585,1517.6286269639463,1519.9402025731713,2474.902388177666
2025-08-24 03:15:00,1489.4437877149999,1494.1731758173373,1484.8700453147583,1487.373930949498,5150.44203518538
2025-08-24 03:30:00,1502.4050330693444,1503.4150290507016,1492.568305615844,1494.8364745623217,7465.354291809674
2025-08-24 03:45:00,1508.0026266074974,1511.0027579724904,1503.4307992704569,1510.671453995947,8346.839312588518
2025-08-24 04:00:00,1511.6949320829192,1519.0315660217702,1505.4783137958052,1506.7532585993995,1131.3647326356186
2025-08-24 04:15:00,1516.346235839127,1523.1683757472501,1513.7519275511606,1516.798931139721,4465.126295375089
2025-08-24 04:30:00,1533.8990110558127,1537.4895178555569,1526.1389386108917,1530.580595507397,4136.923337044538
2025-08-24 04:45:00,1520.7836329053846,1525.4669383444505,1519.3151915636724,1522.6117045421934,8926.946385403236
2025-08-24 05:00:00,1488.608123826677,1491.2049134677864,1483.399627688568,1487.2264050399217,8162.865175048867
2025-08-24 05:15:00,1465.3018269975366,1464.8884894487933,1459.9344003611068,1466.0811665978345,107.04425138694114
2025-08-24 05:30:00,1463.235996751557,1469.9089474076081,1458.7318579922917,1467.8995457355886,1071.27736034329
2025-08-24 05:45:00,1469.24115224773,1467.8665541551006,1458.6083362283434,1465.731213770441,5007.296921454933
2025-08-24 06:00:00,1481.1670188431506,1484.7114618704113,1476.3852172841284,1482.973495043557,4698.603105983197
2025-08-24 06:15:00,1471.515197107467,1482.420512952266,1470.9040013602958,1476.3160759039888,4864.857788499742
2025-08-24 06:30:00,1453.7332949358918,1456.2140782927636,1443.3288636253253,1451.4760610036628,8593.13145948423
2025-08-24 06:45:00,1456.8608656995143,1458.6361101833659,1449.9566224322323,1452.0387203912396,6755.168198519584
2025-08-24 07:00:00,1443.4082429139464,1448.4469770311944,1439.4255108556786,1439.523733250596,8813.168087663053
2025-08-24 07:15:00,1424.0703678382624,1430.0242001239521,1422.8152612571353,1430.956241382367,579.4198927886513
2025-08-24 07:30:00,1463.971811941417,1468.3154308908377,1454.9720801042006,1458.9599077785824,1165.4057650107095
2025-08-24 07:45:00,1448.8851834772986,1457.1472575140192,1444.3254507180347,1445.4763247450694,3581.8667216390727
2025-08-24 08:00:00,1466.7461320325265,1469.5187466549717,1460.3510718303262,1470.1347601611055,8850.804944442008
2025-08-24 08:15:00,1460.1797407778936,1463.9247617590918,1453.3542253914882,1455.1847115931907,9679.007203804227
2025-08-24 08:30:00,1449.7035452548419,1454.1505138418722,1443.7872866249973,1450.8391636474535,7003.171428370502
2025-08-24 08:45:00,1453.0855159109756,1455.640470195337,1443.0358465355027,1448.8394323540276,2948.7013179407963
2025-08-24 09:00:00,1460.8848821048218,1464.727052192062,1454.516192919247,1463.8130789505624,5803.1716810087
2025-08-24 09:15:00,1442.6071143299016,1450.8209970213206,1444.0718609727974,1443.2138028836716,131.07100749388184
2025-08-24 09:30:00,1461.1082282669356,1463.0876626567003,1452.3240935291897,1457.7164223935395,291.58933226302673
2025-08-24 09:45:00,1462.0051186142769,1465.1698009722759,1453.9709291868796,1461.0339898714158,2040.6331254400886
2025-08-24 10:00:00,1468.5948314492489,1469.6575814584585,1459.0671167529924,1470.1454226018645,3512.3264904674966
2025-08-24 10:15:00,1459.7346399274816,1466.8169024369954,1456.132715125858,1465.8102724414916,9566.055752223223
2025-08-24 10:30:00,1482.009557964443,1489.2521523219095,1479.8228572280711,1486.5911723893898,1257.3117049767013
2025-08-24 10:45:00,1455.48579891197,1464.5152161108745,1457.7818373569364,1457.1222979767458,4090.7848008059955
2025-08-24 11:00:00,1478.4548774172013,1487.4176864306505,1477.7535128884592,1478.9661124523711,7570.452225186914
2025-08-24 11:15:00,1503.862459503576,1511.7393116914138,1501.0725013762037,1506.5643678322456,1829.2489316246827
2025-08-24 11:30:00,1513.4564640857805,1512.169632343605,1504.3011832012141,1506.99218880557,6647.571904000749
2025-08-24 11:45:00,1488.7306288564264,1496.2216786663537,1482.7238564988918,1485.2451472932335,413.85359146683527
2025-08-24 12:00:00,1478.1912784481765,1483.099380243699,1470.937018360924,1479.1233189036386,9668.652350274311
2025-08-24 12:15:00,1458.6426233829884,1459.43852104435,1452.2456191190943,1452.7422000865408,6729.398749801822
2025-08-24 12:30:00,1449.8131992524618,1457.6225913454732,1445.402152444807,1450.3873453126416,9960.17501236782
2025-08-24 12:45:00,1462.3580519131824,1462.3942638622505,1456.7864108955982,1459.5048239698979,485.6909407366927
2025-08-24 13:00:00,1462.1463949720571,1472.705270441239,1461.0020091858944,1469.0526675269698,6175.460446004959
2025-08-24 13:15:00,1471.3646340876767,1474.7924038086644,1461.318413888072,1464.1036154094108,7134.104277452529
2025-08-24 13:30:00,1462.691663340837,1465.4151112931384,1454.600780422755,1461.8615878358555,6855.17212103737
2025-08-24 13:45:00,1466.0907481503004,1472.078467201062,1464.185630803422,1469.5701403277155,7146.442802003854
2025-08-24 14:00:00,1492.3609624305593,1490.6492298125675,1484.2857056074313,1483.8211761367713,332.46239936072004
2025-08-24 14:15:00,1505.6177793770592,1509.746785691633,1505.0917056484905,1502.9637461096195,4057.3217901861726
2025-08-24 14:30:00,1495.2291919137917,1500.007323127495,1489.635427583957,1495.033066255806,1918.2779047477868
2025-08-24 14:45:00,1524.4808317727443,1527.1540607838458,1518.6156096996096,1518.4001265178324,5976.160521767789
2025-08-24 15:00:00,1534.8248762307076,1535.9161141428472,1526.536747863346,1535.4002955490912,1351.4554829015945
2025-08-24 15:15:00,1546.007748092487,1553.6792654257297,1545.018668469896,1546.3985104106785,7057.824757547725
2025-08-24 15:30:00,1554.6514781820706,1556.9078013242295,1549.347196859394,1553.9833346269234,5207.404401907157
2025-08-24 15:45:00,1556.2243254461814,1565.1691319392285,1551.8682521432183,1556.8287694919147,2649.837467840066
2025-08-24 16:00:00,1543.6898001547265,1546.1219074052328,1535.9386894862319,1541.963901943559,8726.64347070473
2025-08-24 16:15:00,1524.838182972177,1526.4879456576305,1518.4656266565567,1521.521129306952,4565.757076536681
2025-08-24 16:30:00,1522.1294915753365,1519.9619958662126,1510.7281260875613,1513.9021144807812,2115.643406364229
2025-08-24 16:45:00,1503.3170200937866,1506.3533509695576,1497.2023694445063,1502.3733215354184,6425.559404390333
2025-08-24 17:00:00,1512.360459269003,1512.211176454782,1502.6528736687283,1507.8561861935837,4762.518046088719
2025-08-24 17:15:00,1511.9271136793793,1522.131808210638,1508.9545636314037,1520.6557848983325,6231.765483224869
2025-08-24 17:30:00,1541.4388850981888,1540.9885787617511,1530.1668867514802,1540.0328490904437,2756.6231819108316
2025-08-24 17:45:00,1546.9558784789251,1545.3526066380978,1540.0483907868852,1541.5608882360896,9662.343589122609
2025-08-24 18:00:00,1539.842866835297,1547.0827230210425,1534.4259005778997,1542.737367701894,2076.4032916485144
2025-08-24 18:15:00,1587.720801181525,1589.8065085471353,1579.4665969418465,1585.5511594695413,3643.068891163127
2025-08-24 18:30:00,1576.4847428317407,1579.7139213680068,1571.683266715407,1574.1395486471504,8612.555887416802
2025-08-24 18:45:00,1586.1847705886394,1588.480517925307,1576.491791802828,1577.0379722311689,3944.7160850827618
2025-08-24 19:00:00,1582.8676723911176,1587.6932542999657,1574.163279661337,1577.6204990455165,9555.000750230105
2025-08-24 19:15:00,1582.897572930064,1587.347561165672,1578.9216857761737,1581.9513726948276,8525.907929170538
2025-08-24 19:30:00,1572.2863446605738,1575.2143316650827,1561.7656620454154,1567.897658947474,6884.618409388025
2025-08-24 19:45:00,1579.9053029836007,1581.3878534761595,1573.2747402195066,1574.135869107225,3506.094268279727
2025-08-24 20:00:00,1567.7922605909775,1569.3987071444992,1558.2308401222035,1564.4159743680816,8790.45333702623
2025-08-24 20:15:00,1577.1784613148893,1577.1786091998943,1570.82208002973,1570.1347985407738,7738.905701288086
2025-08-24 20:30:00,1600.900875234329,1606.02774656745,1594.3567048529665,1601.0363181019522,4396.290894377071
2025-08-24 20:45:00,1575.3468339189922,1584.3172669757575,1574.957762102884,1576.1254853605164,4521.62818490274
2025-08-24 21:00:00,1541.3872748430417,1551.3273323733504,1540.5803691557296,1549.3466607766277,5846.395154109642
2025-08-24 21:15:00,1538.3132706026784,1537.9272855960178,1531.111244849957,1531.123665489995,177.60537649159113
2025-08-24 21:30:00,1550.7297384590108,1559.5928875386383,1547.7123512775224,1553.1390993667937,3790.534739765091
2025-08-24 21:45:00,1550.4107317572134,1552.2902388685545,1543.7082127274427,1542.9622713986184,6114.237703150061
2025-08-24 22:00:00,1545.2065000869488,1549.9509750067928,1542.2063091197779,1542.257617722458,1685.806160492051
2025-08-24 22:15:00,1580.8931658564552,1588.5605394954432,1576.8410573543047,1579.9730152413895,1166.1647789534004
2025-08-24 22:30:00,1566.7780418199993,1571.0293761669207,1562.2944104049632,1562.4769459116644,4499.752213709653
2025-08-24 22:45:00,1559.2424184417453,1566.0649403146867,1552.4092402021581,1561.8646602444053,6187.0584627405215
2025-08-24 23:00:00,1554.2118840922567,1556.6063945999858,1547.3768459664527,1555.9374951511559,3671.796715025643
2025-08-24 23:15:00,1559.3906118921016,1568.1887141534125,1557.6125736020929,1560.9439175215864,3777.089463739697
2025-08-24 23:30:00,1544.0873228050918,1553.7118694702194,1545.6678380006542,1543.6360224289626,3473.8155376584036
2025-08-24 23:45:00,1523.762761141025,1530.3668636689533,1520.8195714959845,1525.0284793401956,5801.394645959509
2025-08-25 00:00:00,1534.9033288956336,1539.451193017768,1530.8520262598818,1532.9126479132847,6095.652631503723
2025-08-25 00:15:00,1546.0449040379183,1554.2269054574042,1545.1988395733363,1549.978258897183,4503.212570566302
2025-08-25 00:30:00,1544.4925649588693,1546.8693566409108,1539.0111655017379,1542.6848006127614,9756.242228070525
2025-08-25 00:45:00,1547.326537409842,1549.895777301664,1540.9568727753813,1544.883387353809,2735.022947726705
2025-08-25 01:00:00,1563.9985156496132,1573.1400907493685,1562.441076025613,1563.3147608818401,4788.299441592686
2025-08-25 01:15:00,1577.2186499264826,1584.0880424728853,1575.0783783706893,1573.4040626064816,5332.499452916378
2025-08-25 01:30:00,1602.9057331829658,1612.2767682686674,1597.984667833407,1603.9250248477267,6466.56188923667
2025-08-25 01:45:00,1616.2289205462157,1618.9240064367805,1610.8826165247704,1613.4613886065758,1738.348854143257
2025-08-25 02:00:00,1585.1137755020177,1590.854116918713,1580.2642279546867,1587.6052019419258,3810.9840057651004
2025-08-25 02:15:00,1593.5100352372085,1602.7817521616637,1588.0625229007414,1593.711082736452,4612.4068088255635
2025-08-25 02:30:00,1617.3846809383872,1624.6851777068753,1618.0474339323064,1624.0703998179697,3702.5346884249134
2025-08-25 02:45:00,1624.1172512207784,1634.8166981834297,1623.9903468656637,1623.2857976702417,8322.285357873565
2025-08-25 03:00:00,1635.2617401654502,1634.0230494722841,1625.0985868157857,1635.6667137431182,4729.6909592692
2025-08-25 03:15:00,1620.4217306834964,1625.6429611535793,1614.1972397620195,1617.1521487472937,7125.325873509129
2025-08-25 03:30:00,1621.9226753625353,1623.1697027290377,1611.7836664084018,1612.3345968457754,9880.159242648613
2025-08-25 03:45:00,1603.882031037201,1608.1639942148,1601.7150544089475,1606.667313132368,8915.350299539368
2025-08-25 04:00:00,1590.1897824201071,1599.801590056738,1588.1824055473012,1590.3298332450852,2724.9568951571055
2025-08-25 04:15:00,1594.882563314341,1599.5657390677568,1589.5031558713902,1592.3809188738494,2134.3863630843007
2025-08-25 04:30:00,1596.041701413434,1603.7981717025352,1591.2272029948351,1595.7741070428997,8266.897369754643
2025-08-25 04:45:00,1586.6091973106304,1586.8701474669388,1580.941744213779,1580.1293655473823,2096.9229244980643
2025-08-25 05:00:00,1581.9339500544868,1585.5150411143893,1575.3512898824833,1581.1864998803073,5103.0436898240305
2025-08-25 05:15:00,1596.983362569078,1595.8777282342583,1588.0301798979517,1594.447472937007,6806.939243169871
2025-08-25 05:30:00,1584.9864642256969,1592.7095604335225,1585.0060416734493,1585.9312455183674,9406.169721808077
2025-08-25 05:45:00,1583.332742671277,1591.9376938585683,1585.4966938583345,1584.122805939111,6452.70371080482
2025-08-25 06:00:00,1584.2485427307292,1582.5005755997668,1573.2552905984876,1577.7923653999933,3108.3512053862173
2025-08-25 06:15:00,1576.7350597446157,1586.3222057133116,1573.570246130169,1578.2529832427535,7276.803602597735
2025-08-25 06:30:00,1580.199661127894,1590.447848391967,1574.9610666484652,1577.9267390950326,242.55947179331469
2025-08-25 06:45:00,1584.164420898606,1586.2569751687126,1576.611189389038,1578.861992985994,3491.8760567530403
2025-08-25 07:00:00,1604.3077963318378,1613.1346106870405,1599.3180577197102,1604.2934414680497,1564.1210309712403
2025-08-25 07:15:00,1590.2479770928376,1600.4699183227028,1589.5434567033471,1595.8229908109008,3835.4880447355804
2025-08-25 07:30:00,1603.1112499115748,1610.871839960564,1596.314562783201,1607.9771392336936,4323.68579671207
2025-08-25 07:45:00,1596.4647684502995,1599.6820780421174,1594.2257870637068,1593.5632824200939,2776.7095584440203
2025-08-25 08:00:00,1599.6263560769435,1598.603194668859,1588.593397186449,1593.4695437795333,7378.43726479234
2025-08-25 08:15:00,1613.250107894882,1622.6634202934033,1612.851506859394,1616.9274096476315,8898.769165947815
2025-08-25 08:30:00,1626.5426814550679,1629.9570135309827,1618.4469774523434,1628.975785116254,6108.443434259931
2025-08-25 08:45:00,1633.1738042597244,1639.7058095850934,1627.3534843084215,1637.7264158133914,1528.2316961644126
2025-08-25 09:00:00,1624.2338461927382,1627.836218540002,1621.923595098443,1626.5324309331686,2160.6165480271884
2025-08-25 09:15:00,1622.4241399814532,1624.6635319009868,1614.9251556886118,1622.6083808997387,9455.155076319375
2025-08-25 09:30:00,1605.656002293411,1613.2907473767973,1605.1095269780951,1610.0051624129133,2319.208362182946
2025-08-25 09:45:00,1628.1932953111539,1638.609461653664,1628.7491125284548,1627.6137291784864,4392.7177387331385
2025-08-25 10:00:00,1629.155837119494,1640.0250839243013,1625.3677343021322,1631.830084019997,4241.047293772036
2025-08-25 10:15:00,1633.3043885110428,1635.171207194422,1630.4416282176783,1628.6719584682378,2272.2724140908545
2025-08-25 10:30:00,1635.1200528097932,1644.3608819252017,1631.61730981067,1642.1644950345337,8239.093525787659
2025-08-25 10:45:00,1627.02252916041,1633.6949714681402,1628.6888948195276,1629.6031958347558,6479.680170319639
2025-08-25 11:00:00,1642.7904352881112,1650.9836066761475,1639.6380000993504,1646.4836529420238,4587.63799896187
2025-08-25 11:15:00,1654.7731737102156,1661.5551929922012,1650.842125415625,1655.828093582525,6255.10288767621
2025-08-25 11:30:00,1642.3731877071034,1651.3999458805426,1639.376029133165,1645.7393125528502,5985.801396591591
2025-08-25 11:45:00,1651.4684502737434,1651.357158566719,1641.7249564566052,1648.8267883441408,3756.5209434713993
2025-08-25 12:00:00,1653.541886007009,1655.120077450566,1644.3888620969294,1649.6199085095952,1613.468480802015
2025-08-25 12:15:00,1663.3974878951449,1667.567137497762,1655.3997669103394,1661.0062509588179,9316.92101758474
2025-08-25 12:30:00,1657.8061317829186,1663.0417928770469,1656.7611432882907,1656.943827844005,6894.468941427069
2025-08-25 12:45:00,1659.2008550331875,1664.0523660139538,1652.420008340841,1662.074914395892,3272.7795375966525
2025-08-25 13:00:00,1632.7974951953847,1635.5061529866127,1627.8497303474433,1634.3689084543664,376.05828080334135
2025-08-25 13:15:00,1649.938658778099,1652.4922107709647,1639.0533984001763,1642.5929054073245,3884.839336902713
2025-08-25 13:30:00,1652.4500744408242,1657.3534531712526,1647.6135506761404,1653.2675554510104,8110.113831894174
2025-08-25 13:45:00,1660.3502174233975,1667.1126977176407,1660.3349812159615,1660.0487204214658,2938.573472773036
2025-08-25 14:00:00,1642.5855127182447,1647.7857938153336,1640.923589519646,1649.1834855130437,2760.9509412164803
2025-08-25 14:15:00,1629.2103342845446,1632.7291297198562,1619.1847094119464,1628.2938275648414,4286.099385819266
2025-08-25 14:30:00,1628.570037524056,1633.4806273201682,1624.2523302350899,1632.7456012036891,2770.274985122898
2025-08-25 14:45:00,1628.5220807756643,1639.4739128781887,1625.2575518958959,1631.5831888389396,1445.571755427536
2025-08-25 15:00:00,1627.3438449485814,1632.8089037068007,1625.1515101789319,1628.9477769506987,5603.792467743035
2025-08-25 15:15:00,1657.6616366101687,1663.0564910962469,1653.4233288410085,1655.6491348877582,3883.9161092445697
2025-08-25 15:30:00,1651.7287647318265,1651.8336471497826,1645.6174036828218,1647.0750201361361,1370.8493817641865
2025-08-25 15:45:00,1658.427508182102,1661.1205062886495,1650.996770599094,1659.4149197368668,8421.572568639749
2025-08-25 16:00:00,1670.408876883172,1676.456215745039,1668.3762614471375,1672.6618051979337,936.9428415517884
2025-08-25 16:15:00,1667.4273826466012,1667.1932604772314,1655.6763421179633,1665.5535370674872,4179.6830698782505
2025-08-25 16:30:00,1674.9668367368636,1678.8575820030371,1665.0744936157384,1673.0071485781398,2904.0669001552146
2025-08-25 16:45:00,1664.4025058497239,1670.1193346232008,1656.9834953100426,1662.4261723886461,2250.3457056586376
2025-08-25 17:00:00,1668.743090035336,1666.787913199293,1656.815321135945,1661.401305398747,4870.531803897642
2025-08-25 17:15:00,1658.8447320062621,1658.167866532611,1649.4207949920042,1653.6730639430923,5219.11614857263
2025-08-25 17:30:00,1642.7606017181026,1647.655132089755,1636.7927963126392,1638.7177017949282,2718.3976074896755
2025-08-25 17:45:00,1649.4487393747534,1652.833295564541,1639.0288653607681,1640.8042775184288,6871.630342990188
2025-08-25 18:00:00,1674.7214246582853,1677.0752517515095,1667.011883831931,1672.923294717765,6899.52686617714
2025-08-25 18:15:00,1668.5102599383479,1673.223623825338,1663.8508384471152,1666.8785734208868,2622.943645727848
2025-08-25 18:30:00,1660.6472218385939,1661.552168790842,1653.261107263406,1659.0619102704402,3616.6266657230226
2025-08-25 18:45:00,1667.1151538906292,1665.0078352360426,1656.8494963929757,1659.1733743272293,1793.543897184482
2025-08-25 19:00:00,1646.1068096453569,1645.943054975253,1637.5187166913022,1641.110966695415,6508.095422430467
2025-08-25 19:15:00,1661.6610922125883,1664.8759084635458,1655.069358664409,1661.7940691760223,4853.10179111151
2025-08-25 19:30:00,1635.9619450843516,1637.5509299657454,1629.9418966209482,1630.0998281082843,2023.437164129166
2025-08-25 19:45:00,1638.0822494080614,1636.8952096179078,1627.3866705093976,1636.701633906617,9646.658174050655
2025-08-25 20:00:00,1641.2471108089035,1644.9038953663019,1634.6343158046668,1639.2651185740187,3239.3292758336725
2025-08-25 20:15:00,1639.991620652243,1649.4559547383083,1637.099959126475,1645.9920578605388,7574.097332525712
2025-08-25 20:30:00,1636.732257334616,1638.677798555629,1627.9187927677315,1637.9870774827143,3188.738076465915
2025-08-25 20:45:00,1645.7677972155789,1650.0674683992434,1638.8532695537824,1649.1746349267273,6819.864679761286
2025-08-25 21:00:00,1650.3704432170598,1659.5183529010733,1646.533292793208,1650.7186248610087,6438.062793047425
2025-08-25 21:15:00,1641.62424445552,1643.644269918772,1633.4986358505444,1644.329569858675,833.2942970859309
2025-08-25 21:30:00,1642.0970451224402,1640.8828372150326,1632.5379232345856,1636.4878064437848,967.7289551617852
2025-08-25 21:45:00,1645.9925061817203,1651.0125632745962,1639.5310287241593,1642.9098991347153,9174.43429066392
2025-08-25 22:00:00,1634.0975495451717,1641.9335128097143,1633.1843712441535,1640.3902576871656,902.7720380184489
2025-08-25 22:15:00,1635.573435239041,1639.5038055293414,1629.321201548075,1639.87480808779,5754.510447735687
2025-08-25 22:30:00,1634.2266537419484,1642.261526609302,1635.7650177392638,1641.3136495573494,1677.7973140020315
2025-08-25 22:45:00,1629.134697023466,1637.184274946089,1623.0133810972495,1625.5667883053884,8993.860086861405
2025-08-25 23:00:00,1600.885299504229,1605.3396901141143,1598.2311671132582,1602.9936468812134,9371.24786079517
2025-08-25 23:15:00,1582.3924893859796,1585.5253170600502,1579.528192287663,1578.8233861102196,583.51000769274
2025-08-25 23:30:00,1567.9176994869272,1575.3137318977306,1566.5799324964269,1575.616890089046,2725.3978202020035
2025-08-25 23:45:00,1570.7902603513078,1582.5266523630848,1572.7100055105236,1578.686539106092,6685.23886818366
2025-08-26 00:00:00,1588.2719022287206,1591.806258072146,1579.4589808879005,1590.0397620137608,4652.780192713785
2025-08-26 00:15:00,1590.5749405900467,1597.3738945420891,1589.6335576238303,1589.6204186457792,5437.486606572501
2025-08-26 00:30:00,1571.526434257535,1575.223866784961,1566.2259241164925,1569.2463070913286,7659.601731923158
2025-08-26 00:45:00,1557.931489926679,1564.6155028241317,1553.936144515194,1562.5309800372336,8839.37754096278
2025-08-26 01:00:00,1566.792181135468,1573.0386058134482,1562.598943097789,1565.2982135478883,1598.9750321917156
2025-08-26 01:15:00,1553.819336879862,1557.1263361735582,1550.0460926210626,1553.0719980448443,9402.993639148892
2025-08-26 01:30:00,1551.7787529970183,1564.2126862850919,1552.1429286466146,1556.5391156132407,6129.134382095657
2025-08-26 01:45:00,1552.0734948577187,1562.813742083524,1551.6442918988855,1556.9558757736118,2630.027219170434
2025-08-26 02:00:00,1569.4178623156865,1573.6069743935288,1559.195510140116,1567.656701684507,6678.468322399562
2025-08-26 02:15:00,1553.811404352723,1562.92095897454,1549.4082750829962,1554.1315050579146,2847.2358317242197
2025-08-26 02:30:00,1575.6274290115975,1576.2020024676822,1568.8556910904763,1569.394783838816,2357.3493711465785
2025-08-26 02:45:00,1591.9935333023375,1602.6598019026947,1594.5493751964552,1591.75608052129,6669.878779824449
2025-08-26 03:00:00,1603.8483503157483,1605.5004980310716,1597.14626976612,1599.9658496885359,139.1909362759722
2025-08-26 03:15:00,1597.6544635016953,1599.8086362620436,1591.613794658209,1597.9968907378177,9754.82224558472
2025-08-26 03:30:00,1599.793694888969,1603.0793293068705,1593.4814544030066,1599.7819628983,148.23132196889526
2025-08-26 03:45:00,1587.167963422369,1592.3804484644613,1581.4526626775162,1581.086979307413,8071.290742844482
2025-08-26 04:00:00,1584.4973604194208,1589.8723953223946,1579.8023444825799,1581.6216335448696,8418.828341423141
2025-08-26 04:15:00,1601.160746195071,1610.0629453381716,1603.192545725668,1604.8016238932978,9381.504902608314
2025-08-26 04:30:00,1617.2352118191518,1623.807395899214,1614.297160033794,1616.4435028164883,6970.004357763255
2025-08-26 04:45:00,1598.7340551263517,1606.4373470984613,1594.2306199612037,1594.804806905982,2177.7031214348085
2025-08-26 05:00:00,1621.6993967271756,1626.7301503985746,1620.0455268838418,1624.060414575198,5498.025294347818
2025-08-26 05:15:00,1609.7990129743557,1617.6172249659132,1608.2318961659546,1619.165927066614,4560.35270960109
2025-08-26 05:30:00,1607.2648338827307,1607.195118700276,1600.952017494013,1602.9652420445473,7477.181437591658
2025-08-26 05:45:00,1589.0998137809202,1598.0534895022693,1583.3452985135523,1587.4965624340484,7528.397163472029
2025-08-26 06:00:00,1594.8114314764564,1602.6898962481378,1596.0195610889548,1602.3036507818013,1758.8356576746428
2025-08-26 06:15:00,1589.546425966349,1597.3080731824189,1590.3847642351172,1588.569713848848,9259.372622392402
2025-08-26 06:30:00,1560.993064981734,1569.0807359988023,1556.9190655147893,1568.5770323008435,2567.6761758803978
2025-08-26 06:45:00,1552.836429492178,1559.7231075022773,1547.4296501027022,1551.713823534,2477.6982606320485
2025-08-26 07:00:00,1558.8558039056077,1565.5258022054084,1557.946068002525,1565.2023758648133,1054.0730951102507
2025-08-26 07:15:00,1540.7191620421322,1550.2319848525087,1535.3377098493604,1546.979583112558,816.5852700805785
2025-08-26 07:30:00,1542.2039647822007,1541.800054388666,1530.236579190057,1535.8056617881152,9737.033068306899
2025-08-26 07:45:00,1524.834497644647,1526.9742993711086,1515.6909038415968,1517.578650721108,7611.452734485315
2025-08-26 08:00:00,1540.3184088518435,1545.014382226176,1533.2481800939797,1535.9734285661948,5323.648520346915
2025-08-26 08:15:00,1538.520131758342,1540.6335247971408,1532.4278163071865,1531.0118527004784,2248.837915466196
2025-08-26 08:30:00,1531.1543724213682,1542.5683794610438,1528.1652992424113,1533.8098221970229,7120.3059377813615
2025-08-26 08:45:00,1531.4699820888013,1541.028805516384,1531.625886211651,1538.5538662635643,4569.256737501229
2025-08-26 09:00:00,1509.9292824076656,1510.6828763956335,1505.2077473742493,1505.1242897631664,9237.061116509629
2025-08-26 09:15:00,1490.6665633419266,1499.0775679356711,1485.6999270273989,1494.173256863294,597.9166619146629
2025-08-26 09:30:00,1482.3623485841294,1486.351222209889,1479.5335559166126,1485.8385955342048,5109.769219283498
2025-08-26 09:45:00,1500.5014902348735,1504.8449375953849,1489.9957755131682,1493.59838968618,6004.932393557972
2025-08-26 10:00:00,1500.3306724603121,1507.5965833705495,1497.1440505590892,1502.9435118972312,3738.5116095738463
2025-08-26 10:15:00,1496.0670351430547,1502.6777286004099,1494.3093063790843,1500.3460474302456,8481.870649536488
2025-08-26 10:30:00,1480.740453721491,1485.6131117184545,1475.67270921809,1481.8557435482694,3981.5984533849687
2025-08-26 10:45:00,1477.9248397345511,1477.581473938298,1466.8376470167846,1471.8123740268634,3607.197784807955
2025-08-26 11:00:00,1467.266115977,1473.3008597191206,1463.8264326453696,1472.0800584226583,6336.023268199424
2025-08-26 11:15:00,1479.7975974610897,1478.3221902813084,1469.6972540392676,1480.6480862201622,6135.167543944736
2025-08-26 11:30:00,1451.3835324714196,1457.668602075675,1447.5078726011914,1458.6864679430932,8704.588399126986
2025-08-26 11:45:00,1454.9428868013222,1460.5915407400585,1447.815940673409,1456.3449308734614,1257.607273451701
2025-08-26 12:00:00,1462.9606631697272,1474.8742346122297,1462.3818706368324,1465.6534692046002,5005.502745919799
2025-08-26 12:15:00,1481.6702283293387,1488.8513035808492,1475.6311738229524,1482.0420634182826,1836.2618682534967
2025-08-26 12:30:00,1476.5195024130555,1488.0951879286374,1473.9821728910506,1475.442201306536,7137.212261834264
2025-08-26 12:45:00,1488.071438563247,1490.647970970624,1482.7957163263666,1485.0510047536025,7342.4610300812765
2025-08-26 13:00:00,1493.3898739439878,1495.8034282740064,1484.801663614724,1485.3549222341978,5929.056618924832
2025-08-26 13:15:00,1513.5405515605707,1515.3749107838487,1504.77160858352,1512.7521159515193,2160.8318718138353
2025-08-26 13:30:00,1520.8769554121493,1519.5719396826382,1513.0186597461236,1520.3304323082903,9657.588839801114
2025-08-26 13:45:00,1502.4003816926934,1504.8689786135533,1493.797974466861,1503.0464277831975,706.2217094582002
2025-08-26 14:00:00,1506.323731470181,1512.6573400894079,1504.1397191152673,1504.289531686479,5218.998760260731
2025-08-26 14:15:00,1515.7194545753339,1518.1816690060684,1513.2445906763744,1512.9901515331926,2732.2599366216186
2025-08-26 14:30:00,1520.6809396972417,1528.8823897528177,1518.8718164132224,1525.6912225973795,7346.41710379012
2025-08-26 14:45:00,1523.8077762395264,1526.403336541706,1517.9327657183505,1525.6204780863848,1234.6852003081262
2025-08-26 15:00:00,1507.6171798729213,1512.8004327246626,1504.914042650058,1512.8319375881133,7659.711450303774
2025-08-26 15:15:00,1514.7883545273637,1514.6892398001467,1503.2189189471615,1513.1218267660522,6716.701127432013
2025-08-26 15:30:00,1497.6804796408724,1504.0531595305727,1490.61148747528,1493.5664222924593,5097.677656545015
2025-08-26 15:45:00,1505.9458839627814,1514.1206863595075,1506.0469849093054,1514.8581438914741,8550.45208416058
2025-08-26 16:00:00,1518.1170533978498,1524.9708943070818,1514.2015830534883,1514.1940533076433,3754.4030126767625
2025-08-26 16:15:00,1513.6451877773782,1522.681627144413,1511.3842561116035,1519.3310860263707,9213.41804142486
2025-08-26 16:30:00,1514.4335632040918,1521.0552207670573,1510.847777661891,1518.1096723952476,5086.217802599729
2025-08-26 16:45:00,1483.9097962241167,1493.0820075872014,1483.8072486675335,1490.6491455553476,8299.184550589192
2025-08-26 17:00:00,1483.84108551595,1483.2343705223216,1472.2108904627014,1480.7123786421014,7297.179341476053
2025-08-26 17:15:00,1468.7118392084267,1473.362850434895,1465.1724407148151,1467.1601946292906,347.82673778723625
2025-08-26 17:30:00,1508.4848485955365,1512.0323436608116,1501.6561921709856,1509.4490569603522,933.9112888925138
2025-08-26 17:45:00,1520.515338422427,1524.2522486404418,1515.0117311472345,1521.6419179286233,5123.658885998642
2025-08-26 18:00:00,1508.710711361716,1511.7137359843582,1502.6831642472068,1510.9114405134856,2101.3397819513966
2025-08-26 18:15:00,1502.8462284112527,1510.0169701012926,1501.421103141142,1504.5199071092552,6621.316026092854
2025-08-26 18:30:00,1501.0568092379192,1504.8651579325795,1492.2373052117027,1498.2059847102846,9147.665301474943
2025-08-26 18:45:00,1507.1123050575277,1514.193517486301,1503.637769541324,1508.5521020639383,7348.122934501971
2025-08-26 19:00:00,1520.8917261582112,1527.0267552654548,1512.8081077226566,1523.4977904534253,605.3959678823899
2025-08-26 19:15:00,1484.1888324581953,1488.512077476449,1476.851108968552,1480.6389049221928,719.3142678189739
2025-08-26 19:30:00,1488.934501334741,1495.218154284429,1483.9525997643634,1489.5276986063345,5443.036230056432
2025-08-26 19:45:00,1479.0282166776235,1483.327190394969,1477.172993352159,1481.5759159208314,5730.95710338417
2025-08-26 20:00:00,1482.1831462294292,1483.5386190975346,1471.7915549036939,1480.9483745262555,3741.2509383076836
2025-08-26 20:15:00,1461.1300087716322,1469.1870791662145,1459.4647433182502,1457.618754650523,2739.472749147527
2025-08-26 20:30:00,1491.6311882370408,1500.597939868372,1492.4244991105265,1493.6189419119992,4581.453922696929
2025-08-26 20:45:00,1496.050535916572,1499.920235577874,1492.5038703243604,1497.8368526780348,8241.5408068699
2025-08-26 21:00:00,1478.7609948438774,1490.7159376959885,1478.405623032006,1485.0094609433788,607.7018978982782
2025-08-26 21:15:00,1466.9128793919836,1474.360693800869,1462.801909347545,1467.4943421482722,656.4976321469511
2025-08-26 21:30:00,1466.7958298749818,1469.5204570863702,1456.7180635192535,1461.8136300266651,586.3751381384395
2025-08-26 21:45:00,1463.2511335691395,1468.1093242350923,1459.3835997992305,1465.2639126450656,5616.187079473245
2025-08-26 22:00:00,1468.745380734782,1477.8675360904442,1467.019094060738,1475.8476386572675,3595.9571162743982
2025-08-26 22:15:00,1446.301989806153,1453.2140487639113,1446.7112588283185,1449.6357555672005,8472.60217526172
2025-08-26 22:30:00,1458.6290538613891,1460.6999724833406,1448.0903604527714,1454.2957133053985,3188.999937934176
2025-08-26 22:45:00,1443.6581670843852,1454.4875707624699,1440.6000596960964,1446.5754744477988,8672.944193329928
2025-08-26 23:00:00,1455.1473490332935,1463.9441658124754,1452.5447219336913,1459.4508532744694,3735.8760155028244
2025-08-26 23:15:00,1452.312784649376,1454.1546136829886,1440.5103879354149,1443.7480360608636,5540.28639019321
2025-08-26 23:30:00,1452.1094754428145,1452.559295757398,1444.9456891803857,1444.8251087761907,7554.520140310699
2025-08-26 23:45:00,1454.805011742085,1456.7316845669243,1446.203510330234,1448.7982186875165,3942.120300312803
2025-08-27 00:00:00,1443.3359669359868,1452.3288511034723,1445.8602243161497,1446.856436257722,7260.849337778737
2025-08-27 00:15:00,1418.1596767851659,1421.6870617975912,1413.3969026208017,1415.3594767462666,139.23483725205293
2025-08-27 00:30:00,1420.1928032126955,1429.6253994198137,1415.594855723235,1426.7330038054386,5125.70003109678
2025-08-27 00:45:00,1415.5092074326246,1423.7811882678466,1408.7388068895891,1416.9945389078023,6504.177468202941
2025-08-27 01:00:00,1419.4881707847167,1423.5166135490927,1410.9839743040775,1414.645152679909,8892.984986894819
2025-08-27 01:15:00,1444.893101780568,1448.7688430183334,1438.4760577997085,1441.3543089195286,2414.2819128821584
2025-08-27 01:30:00,1421.6461211719056,1427.9916792339232,1413.0323570740027,1423.8792498141495,2478.2302810397946
2025-08-27 01:45:00,1417.358299885546,1418.944618797124,1408.8384602856863,1409.9872326094746,674.6969686168428
2025-08-27 02:00:00,1404.8792683607087,1409.3443702384607,1399.6124072584626,1407.921804478599,8834.638959542024
2025-08-27 02:15:00,1403.4786271568366,1410.8241397747647,1399.243788587323,1405.784991884506,4523.528635660115
2025-08-27 02:30:00,1403.9136146043866,1411.860569610746,1401.7078119255332,1404.8715001082235,1065.0404461040043
2025-08-27 02:45:00,1387.7008831980459,1392.266454522185,1383.5633274196168,1392.043287299822,6404.7387977703265
2025-08-27 03:00:00,1373.0532817365956,1383.2583931108986,1374.1217077184685,1382.0149934054514,4122.8612564169725
2025-08-27 03:15:00,1370.6616518646501,1373.5214160106225,1360.66041029058,1363.6349049135558,6650.12055805607
2025-08-27 03:30:00,1365.5328609119936,1372.2975344763488,1362.6240436923017,1366.544257562351,2441.482382429481
2025-08-27 03:45:00,1365.8764890333139,1374.262637134311,1364.6385603939102,1370.6969253922273,5043.646249041603
2025-08-27 04:00:00,1363.1926355739472,1367.4731945851915,1355.420619361062,1365.4817747861473,2617.472652297497
2025-08-27 04:15:00,1398.7544752283782,1401.8934055295883,1388.944879803298,1389.6648820697606,963.4219866617403
2025-08-27 04:30:00,1381.6052857626723,1387.319517485857,1378.3110929893448,1387.702207763383,5753.415619323655
2025-08-27 04:45:00,1378.4586807396925,1383.8323069463431,1376.4016729324278,1381.9220932532362,3635.882525205224
2025-08-27 05:00:00,1391.659942834974,1395.1949566532844,1382.0353189693624,1393.3679924827063,2013.2076886461277
2025-08-27 05:15:00,1406.17694485367,1414.2653550922378,1400.7557905379485,1407.3494018742986,1528.9184248134186
2025-08-27 05:30:00,1397.7392217286204,1403.4628201549592,1398.7935996298236,1397.8661793485323,3937.5954926976333
2025-08-27 05:45:00,1384.478986390924,1386.316543029746,1380.6850640286334,1378.9385912998432,3238.013275190425
2025-08-27 06:00:00,1384.6086540948656,1387.5734739783486,1379.5121297200474,1386.7776122096968,6519.336685456902
2025-08-27 06:15:00,1399.6100870675928,1407.763730465442,1395.0474337211483,1398.3928625452281,884.2449034354527
2025-08-27 06:30:00,1409.5114684542457,1416.9823341735744,1404.0425200436966,1407.8235913856195,2089.4013431160806
2025-08-27 06:45:00,1399.7555372454322,1402.136881283421,1391.0483701249686,1394.6918982084944,8578.97413766548
2025-08-27 07:00:00,1396.3827094474261,1405.0770039880506,1392.7514013119523,1400.7467561154538,898.3521764637235
2025-08-27 07:15:00,1383.543422505234,1385.8533085847662,1381.2301410860869,1381.0831375026544,3271.400027238402
2025-08-27 07:30:00,1382.2177232603945,1386.6891622739888,1373.2502900946147,1378.3469500193835,9254.92403179077
2025-08-27 07:45:00,1391.9952942569755,1394.8708825613587,1385.920415114379,1392.639608267624,4079.041497405791
2025-08-27 08:00:00,1388.899772483913,1397.5925087701212,1388.642456265583,1388.242326439691,4856.89772421785
2025-08-27 08:15:00,1401.4965466411647,1407.281974291155,1396.2672443285667,1404.0702154281144,9047.859298514637
2025-08-27 08:30:00,1396.75805894968,1399.413616743565,1393.5939865431928,1394.3374679385822,7322.599480480154
2025-08-27 08:45:00,1411.1217914104068,1414.135112775991,1408.0940660854626,1412.830334171962,8665.955698191503
2025-08-27 09:00:00,1407.646872284298,1410.8288331371755,1404.0173609473009,1408.539656801093,8661.063736657012
2025-08-27 09:15:00,1411.9582484220664,1417.259551511422,1404.295274891396,1404.8925807877506,5588.339073411829
2025-08-27 09:30:00,1391.9643026121657,1396.9395179856742,1388.4248286963075,1393.8323136285399,7166.257343132639
2025-08-27 09:45:00,1399.9907804886586,1397.884810777874,1389.2034076197042,1399.941068480041,8948.339585811194
2025-08-27 10:00:00,1399.8416545682137,1400.8425760529867,1389.489824886217,1399.3139996204447,9372.906195071975
2025-08-27 10:15:00,1386.3207503026056,1395.5927465637324,1385.4093034777516,1388.8631644641662,9253.956175568956
2025-08-27 10:30:00,1410.5519901252862,1414.341912425611,1405.902636292141,1407.5671439440027,3957.5117010945823
2025-08-27 10:45:00,1394.2298829191445,1400.0385311506259,1390.637675954348,1400.754569346447,1492.4741008315527
2025-08-27 11:00:00,1411.3767360944616,1410.1177102779473,1399.2744907380738,1411.2966103389533,1877.10130653205
2025-08-27 11:15:00,1414.2511449849173,1415.4412954976067,1407.3177014815521,1408.4817165685754,3801.0594653931357
2025-08-27 11:30:00,1425.1225692751764,1428.876387783434,1414.4377902416666,1418.8555627728344,8021.48303499684
2025-08-27 11:45:00,1411.579154369493,1419.1870629176663,1407.6709472464258,1412.3716208777953,6445.916542389908
2025-08-27 12:00:00,1405.222726624166,1409.446071102987,1399.196911675724,1404.9686254397222,4233.7596232821925
2025-08-27 12:15:00,1438.0186884359591,1438.454455925509,1432.7939706976556,1432.6013397828538,1188.4578349271073
2025-08-27 12:30:00,1438.3077995697643,1447.0419445172395,1432.9369654593913,1437.143358209037,5306.873524772008
2025-08-27 12:45:00,1464.1879585308877,1462.424605127117,1454.4613100018846,1463.9247442066028,8338.608378457955
2025-08-27 13:00:00,1472.2352996161999,1480.8478218565426,1469.8497498932077,1481.0098141689882,9771.379226979274
2025-08-27 13:15:00,1478.9750999542039,1481.6658329708469,1471.493101310598,1481.9125057282897,1640.3171705020607
2025-08-27 13:30:00,1499.6454817768129,1507.8124763440974,1493.649898558947,1502.7832502910655,4479.965913163872
2025-08-27 13:45:00,1483.2260361368565,1488.0571431721175,1478.7466865396727,1487.4549671326008,7895.408088345682
2025-08-27 14:00:00,1482.0755411417208,1485.0205371377494,1470.7887548051835,1477.5040859111546,2164.9376244621376
2025-08-27 14:15:00,1507.342017668034,1513.6259683823469,1506.091532764861,1507.2559116224077,769.3510484787648
2025-08-27 14:30:00,1497.4501975334877,1505.4784778212002,1496.6438967627341,1497.8166563018844,9413.08350668691
2025-08-27 14:45:00,1495.0166639347408,1500.738454412518,1489.25426347985,1497.9564547717875,604.1174830919847
2025-08-27 15:00:00,1504.5411034355175,1508.085409643839,1496.8240631547712,1499.4982486369609,3986.2025134803444
2025-08-27 15:15:00,1505.662393421692,1510.2184281099048,1500.6869610402607,1505.9466325057583,7570.470001535453
2025-08-27 15:30:00,1478.6935891156825,1483.7328957814898,1473.754615037092,1482.1355992894266,8265.51453836098
2025-08-27 15:45:00,1453.9875422887474,1458.852529179612,1453.2707056734089,1456.359074384597,4185.692080208252
2025-08-27 16:00:00,1451.7447636771005,1453.3688319218952,1441.8926796637306,1447.7955120264385,9760.729744021297
2025-08-27 16:15:00,1427.8630797108583,1428.065180220004,1419.5843130164092,1420.5881855059315,6816.934781608332
2025-08-27 16:30:00,1431.4423155142522,1433.3183021374712,1425.8356264706556,1433.4533852023997,9848.849705382116
2025-08-27 16:45:00,1420.9116854649076,1423.8573447653225,1411.479378176842,1419.7140049075333,7727.935437818078
2025-08-27 17:00:00,1407.6672909950432,1414.6494168159109,1403.3541111422574,1411.623210706299,5793.360722879443
2025-08-27 17:15:00,1423.9622270572365,1430.1002388408174,1416.470537876394,1422.2340803922623,641.5923023813797
2025-08-27 17:30:00,1449.7080666742531,1450.9294763796727,1442.713438100447,1446.207388240814,8095.575935841569
2025-08-27 17:45:00,1423.4095877004588,1431.8774434237346,1421.7856710281126,1426.4156449880172,1261.4192845820746
2025-08-27 18:00:00,1431.3970212918316,1439.9719352188165,1428.030979576762,1431.4124362595342,5291.41455507692
2025-08-27 18:15:00,1455.507441076451,1458.7378591297654,1451.441592995094,1456.5000633382817,8169.257647281227
2025-08-27 18:30:00,1450.4599942519678,1456.0943772823289,1447.4347034506545,1455.424930732353,3779.0804857234943
2025-08-27 18:45:00,1438.1944756412013,1444.0134143761243,1434.3833562595373,1443.0492710595738,1587.6542829628709
2025-08-27 19:00:00,1446.2460135208287,1445.633899029449,1436.1125645411867,1438.0240622797628,5225.544755703918
2025-08-27 19:15:00,1478.255698208769,1486.292876032088,1474.6507677910329,1482.4467252422835,8326.249782960158
2025-08-27 19:30:00,1481.4452544132332,1485.7887679841838,1476.4631614954271,1485.0200154091283,6908.976165389911
2025-08-27 19:45:00,1502.134427144096,1509.4453678962539,1499.797772968248,1504.7933000213695,8253.448684632205
2025-08-27 20:00:00,1493.0750810295824,1499.1253656782706,1490.7341502833422,1496.1090470675435,7742.582363872755
2025-08-27 20:15:00,1462.8138003438191,1466.21408370694,1456.6685346991092,1460.830606819831,1642.923472072999
2025-08-27 20:30:00,1476.4381684381492,1477.1283634709614,1471.4319817003816,1474.8187111632392,2383.2382464728266
2025-08-27 20:45:00,1476.7082072502467,1485.401750417772,1475.305356479722,1477.6848398661627,6624.786019319783
2025-08-27 21:00:00,1503.5127623265462,1510.135650926713,1501.4311320012132,1508.709965753785,3896.8250417579875
2025-08-27 21:15:00,1519.0030566812457,1524.807539288614,1518.7565032795392,1518.387459730673,262.01959789410523
2025-08-27 21:30:00,1545.5273807225847,1550.9153914774731,1541.1822354360606,1547.8854562572656,9285.11671827236
2025-08-27 21:45:00,1563.753914212114,1566.678390161892,1553.8100909858013,1562.3994411026529,1550.0835005973618
2025-08-27 22:00:00,1576.139816859855,1578.3892436363758,1569.6467761437725,1573.4266166380532,3949.4964980123436
2025-08-27 22:15:00,1573.305785124636,1571.548888109071,1565.8491442021275,1574.1400785042138,6655.916410764859
2025-08-27 22:30:00,1577.4417305728157,1578.4511496250784,1566.6633178537572,1574.6457909574801,239.10643284943694
2025-08-27 22:45:00,1543.5287647458676,1555.3370339148898,1540.1889921533532,1546.2339631157934,5217.6973378903085
2025-08-27 23:00:00,1568.8627342954787,1570.7360705950537,1560.5359084221673,1567.6881754725507,8041.277952447276
2025-08-27 23:15:00,1582.1094581417178,1588.277611700646,1576.0886392015234,1584.308382778133,5172.0882189429085
2025-08-27 23:30:00,1573.7748574710292,1575.205191868142,1562.950037076733,1568.6267404233522,913.5394415896503
2025-08-27 23:45:00,1589.7627351690091,1591.1270397786795,1585.1961410958945,1589.911621491309,2583.1570660942853
2025-08-28 00:00:00,1569.0592413983452,1575.984575388658,1565.267054340387,1565.7477043521296,555.0517541024296
2025-08-28 00:15:00,1585.2976768387846,1590.749111389159,1576.7039408716844,1581.5426646677422,4895.965451167823
2025-08-28 00:30:00,1590.6370003585541,1591.4319861477138,1583.2290400932532,1585.9230315929879,4222.519292777822
2025-08-28 00:45:00,1583.2861917629912,1594.5574008580668,1583.6654842593834,1586.4821662287675,7477.389555825109
2025-08-28 01:00:00,1581.8165313744128,1581.027613232411,1570.7437761929095,1581.002657772889,8257.838358044883
2025-08-28 01:15:00,1567.495197499982,1571.5605911110208,1564.7043195108256,1572.8897646289552,9023.205656325652
2025-08-28 01:30:00,1549.4741418716933,1552.262115480389,1543.7209031280177,1551.9432874632432,2959.7849028505198
2025-08-28 01:45:00,1551.5651214866175,1557.0581539030084,1541.5327072541647,1553.1650887543033,9114.176013908746
2025-08-28 02:00:00,1588.6468053630676,1590.7622678411335,1583.4090388950353,1590.7383121011305,5279.045961612719
2025-08-28 02:15:00,1588.0552453150738,1595.9948227048849,1585.1044154794631,1591.7630150721448,7847.549788829779
2025-08-28 02:30:00,1577.0902178973952,1579.3483402829988,1568.3906313532934,1580.4996547353983,8946.003581135446
2025-08-28 02:45:00,1576.3817100006515,1579.6532423276074,1566.949650476134,1576.5965307429938,9633.400766411707
2025-08-28 03:00:00,1579.0338348230202,1581.9298833365604,1568.784899892893,1576.6841487685724,5908.313298373485
2025-08-28 03:15:00,1563.6931429140327,1563.8190152046882,1555.7741933342172,1556.60828807297,5926.104816895229
2025-08-28 03:30:00,1538.3373733513552,1545.9045759189016,1532.1101115129911,1540.1094716513192,3248.659763553575
2025-08-28 03:45:00,1556.3951513248358,1558.9134969148993,1547.411645378504,1552.6168351505914,917.657011392111
2025-08-28 04:00:00,1565.8614818110634,1577.0961251204048,1563.70333047648,1572.7812752568057,2020.772004610119
2025-08-28 04:15:00,1564.6412491563656,1565.667410164285,1557.5800275347767,1562.6617177223518,4262.838900368358
2025-08-28 04:30:00,1566.4692846421688,1575.2376194233366,1568.0106397775796,1565.7224549948562,7287.025246903584
2025-08-28 04:45:00,1576.2677422171216,1580.6760291681778,1569.877098410132,1574.7480716543369,7547.357641191576
2025-08-28 05:00:00,1562.392836061465,1567.7511690535255,1557.0019739682996,1563.5899383112694,1626.1270483239894
2025-08-28 05:15:00,1559.099835664863,1567.2871674084095,1552.879096369891,1559.5113153662928,2556.6990978062217
2025-08-28 05:30:00,1527.1764727913182,1532.5585025875976,1526.7134644951168,1525.4877602072104,2978.441058881986
2025-08-28 05:45:00,1537.9804707382862,1549.6777891495015,1536.1147553796038,1544.7846404211932,4267.1785963736165
2025-08-28 06:00:00,1545.2081040481849,1550.4754670565774,1540.0827808748845,1544.7571391086178,4061.41046657944
2025-08-28 06:15:00,1545.6892250514152,1554.2132340335097,1540.7008692322872,1551.782293309735,2550.4047848454293
2025-08-28 06:30:00,1552.3145656407687,1551.4856279626479,1542.7686678192827,1552.0630232844894,3534.3670725670886
2025-08-28 06:45:00,1550.7546748441105,1556.8746419712297,1547.161822140024,1555.907582382495,2613.347574436142
2025-08-28 07:00:00,1572.2447354429007,1577.5189700598955,1569.5102165515223,1572.2198196026743,751.9776786066806
2025-08-28 07:15:00,1574.7168033428304,1577.1683889225317,1566.9291892575561,1571.316240875496,7046.360537784065
2025-08-28 07:30:00,1562.3590229035997,1570.8881728141025,1560.913499731029,1564.817768004447,9492.943265119695
2025-08-28 07:45:00,1556.4081992206586,1563.5610237465664,1556.5841675735282,1562.2974032175196,9217.575823141371
2025-08-28 08:00:00,1548.5191758553372,1554.4098268215341,1545.1875167995265,1553.2150170886912,4619.091037878051
2025-08-28 08:15:00,1540.2330058161851,1547.2231137987524,1537.261403538804,1538.633252940449,8131.657031302201
2025-08-28 08:30:00,1553.6314401227642,1556.3369152078737,1544.42568497133,1554.487460081857,496.05556958168114
2025-08-28 08:45:00,1556.5309259301694,1557.7365350982827,1546.3574791278263,1551.8935505704458,4432.914864983659
2025-08-28 09:00:00,1551.81509092903,1554.3002427665288,1545.3281290875195,1549.0582928713497,1029.3734523409182
2025-08-28 09:15:00,1563.3772657648624,1566.0647540233392,1557.0216033489235,1560.0260330185442,7177.843799889937
2025-08-28 09:30:00,1571.3892001150646,1574.4268862425058,1563.8821347309558,1563.7875636425642,1929.2631055883892
2025-08-28 09:45:00,1565.2574758225671,1569.2950704275206,1563.1255162509028,1561.5912177195416,6014.828301200478
2025-08-28 10:00:00,1568.6200824051152,1572.021734491873,1563.4881332557375,1570.1543056064072,8148.472744719122
2025-08-28 10:15:00,1591.2718094461484,1598.0121848451613,1590.6837266856992,1595.218969920616,9214.080811369762
2025-08-28 10:30:00,1593.3253884825274,1598.008080219555,1586.3126571938592,1596.5334367227251,216.25065321199867
2025-08-28 10:45:00,1587.9204911264433,1599.476842624215,1587.589695264822,1596.187985899945,9459.803977392956
2025-08-28 11:00:00,1587.8364319322227,1595.8205948990437,1587.4615990508837,1594.921857264329,1337.0840737622839
2025-08-28 11:15:00,1591.9932521575408,1596.612728535035,1585.99960405085,1593.5026972614098,5872.965973420769
2025-08-28 11:30:00,1597.191001519852,1599.9488382057796,1588.2812795511927,1593.5626324245925,9554.518453493172
2025-08-28 11:45:00,1576.1313599741352,1578.8036952787459,1570.2747986215759,1575.9723734128709,1380.6056636563285
2025-08-28 12:00:00,1566.2533802189935,1572.8175197670168,1558.660243992295,1563.939754849586,7607.399235192509
2025-08-28 12:15:00,1553.6814078385296,1562.5327962064343,1549.3728962658397,1559.0863363908888,7102.825089509335
2025-08-28 12:30:00,1568.003184833699,1579.7703382347472,1565.4366742238644,1575.797732101741,4821.37229738432
2025-08-28 12:45:00,1567.0301379658595,1570.0639844472698,1561.957334402959,1565.5770526314845,5461.827298349927
2025-08-28 13:00:00,1547.2267266944662,1551.480163432119,1543.6862146866656,1544.488736217096,8797.961200104337
2025-08-28 13:15:00,1544.2191891234834,1552.77762013958,1539.9680436017227,1549.5621517900104,3169.477279576397
2025-08-28 13:30:00,1546.9784505022192,1547.8082183699744,1539.3197792752317,1544.0010289043576,6179.049494341013
2025-08-28 13:45:00,1541.721652345295,1541.7433442255194,1533.7301068444801,1539.1258449317288,3299.8629084753957
2025-08-28 14:00:00,1538.2109174053383,1540.4984718895735,1528.2246364980467,1530.2755059233648,2480.554924321486
2025-08-28 14:15:00,1528.4773647114976,1532.70483645179,1523.0061187377694,1533.0293353694478,1034.210355423229
2025-08-28 14:30:00,1517.2902692197022,1517.298391306241,1511.8844158464135,1518.4859547545643,5213.93615261199
2025-08-28 14:45:00,1500.2098135608674,1507.9370552039536,1497.880807775968,1502.6200769550971,5332.296756263527
2025-08-28 15:00:00,1473.6674686179715,1476.0456558120493,1469.1518467958333,1469.5612271906402,8944.288605640071
2025-08-28 15:15:00,1493.2078620678742,1500.206808405389,1489.6818738471648,1492.0805004474207,186.70136137479784
2025-08-28 15:30:00,1495.0358452348678,1498.8826099492198,1487.5218562907567,1495.6653810590053,4870.863880424786
2025-08-28 15:45:00,1492.2840323463263,1497.409524390784,1489.3988073508742,1490.4667730212861,2784.8057867715947
2025-08-28 16:00:00,1508.4190372110284,1514.0161415217215,1505.6012802168552,1514.6763002908945,395.30474011343296
2025-08-28 16:15:00,1516.8017223633742,1518.85286099246,1510.980538934179,1509.6243931844372,8698.416603738977
2025-08-28 16:30:00,1518.0923455269387,1523.8124041084336,1511.267797039618,1513.0126035951196,1519.8668137501356
2025-08-28 16:45:00,1510.2289060612793,1516.325924936157,1504.0191623443807,1510.6048415661621,2036.7006236624086
2025-08-28 17:00:00,1524.3270855299877,1535.448501592308,1522.2473550213979,1532.0773397737303,2852.710884107561
2025-08-28 17:15:00,1526.647959446857,1533.95389102886,1523.3169679336265,1534.7819833201715,6590.26988777508
2025-08-28 17:30:00,1530.1393140510008,1534.8201208782066,1527.4440765267368,1528.4753090448223,4317.4246563180905
2025-08-28 17:45:00,1538.3190965055533,1540.6901481496566,1533.9128496233432,1534.900038364409,5295.008341139705
2025-08-28 18:00:00,1521.404131847673,1530.3678018596938,1521.0873700776945,1520.627161144694,5633.502216184787
2025-08-28 18:15:00,1525.5949488676304,1524.437342386338,1517.3295542358267,1516.6727768222358,4386.176812338942
2025-08-28 18:30:00,1528.000240975816,1530.58622127626,1517.2607309629802,1525.8072568873224,8243.804519782378
2025-08-28 18:45:00,1542.1941655879264,1550.9865783720772,1539.8814033195222,1542.3536831195247,7248.68222832652
2025-08-28 19:00:00,1540.8902539179041,1545.673369464397,1535.671309723448,1537.9532677299644,4680.187816991238
2025-08-28 19:15:00,1537.3165880393221,1539.4832426805515,1531.054823261331,1530.0868755569925,5293.620306971711
2025-08-28 19:30:00,1531.2433411004,1541.705513239142,1527.8391973221628,1535.0157132091415,3684.823916436747
2025-08-28 19:45:00,1513.845225727352,1521.699044477415,1511.5357937163778,1513.9735308956542,3390.9400652872664
2025-08-28 20:00:00,1515.583315470255,1524.7628425196613,1517.876002033936,1521.2030351716885,2424.8082512377177
2025-08-28 20:15:00,1540.3980459734817,1545.4077643742985,1537.8181333540183,1540.8884292222856,5929.61526318464
2025-08-28 20:30:00,1546.2325690041941,1556.2296926126025,1543.357317189353,1546.396017708057,9977.825741393004
2025-08-28 20:45:00,1552.201332978113,1556.5565379157426,1544.8025956034473,1550.8175564852434,7831.1561287354625
2025-08-28 21:00:00,1588.9312568572216,1593.0567971960602,1583.1790315314154,1586.8994376509709,2795.5972701030937
2025-08-28 21:15:00,1612.5486253798733,1616.1364138793515,1608.3879861389169,1614.2580233222611,3841.9157115414896
2025-08-28 21:30:00,1620.3374948037804,1629.1845982872553,1615.2713021307793,1618.8660271904691,763.1848199446667
2025-08-28 21:45:00,1599.839690086624,1606.2291150685824,1596.8659446570448,1599.173525832701,7407.369972078169
2025-08-28 22:00:00,1612.4854398871557,1617.890489178453,1608.9961508354052,1611.2291439835944,6709.79278723437
2025-08-28 22:15:00,1641.7836666066573,1641.3759851816333,1635.7654749640271,1641.5281166354328,4273.661133216858
2025-08-28 22:30:00,1635.692530866463,1637.210651001225,1627.5744280047143,1631.4431443615535,8624.476138507318
2025-08-28 22:45:00,1630.388504511778,1634.2804763834838,1626.446520970908,1627.8784975139715,794.2909582120429
2025-08-28 23:00:00,1628.4554224634398,1632.1331502147236,1623.8314474868623,1633.5657746542076,7980.393761042977
2025-08-28 23:15:00,1640.5075928570127,1647.7545754796713,1637.4180754690735,1644.6689183499268,3224.801871298718
2025-08-28 23:30:00,1642.648858667114,1651.9163372000085,1639.3524842864658,1648.3432070499837,4334.029813618445
2025-08-28 23:45:00,1652.0177698127854,1659.8764950830398,1646.0427608716525,1652.086204810426,6841.836530785558
2025-08-29 00:00:00,1655.639663906685,1663.6654404573621,1653.5771827698834,1659.7558299647317,1901.1936827577429
2025-08-29 00:15:00,1653.5427897180737,1657.4752415199853,1647.2054873812012,1650.0306844375446,8381.841612996966
2025-08-29 00:30:00,1659.764010623226,1664.1142408191981,1658.7574683011621,1658.0205600398967,4134.848355483157
2025-08-29 00:45:00,1683.6845570799585,1691.5621086696024,1681.7815400163101,1683.0234028678776,2875.4993058238306
2025-08-29 01:00:00,1670.0645353965238,1678.3651945328518,1664.9402970455892,1673.0194305675407,1422.4985273023747
2025-08-29 01:15:00,1673.9898625958765,1679.605985640365,1673.2102893828758,1678.203093091909,5774.292143788294
2025-08-29 01:30:00,1665.5925274169415,1675.8096328030947,1665.2335107382924,1672.6020834835235,3361.322032753484
2025-08-29 01:45:00,1667.2429929011755,1668.9881098752335,1664.114132435385,1668.3995003063376,8271.733194058408
2025-08-29 02:00:00,1648.2237802693614,1652.58320659687,1643.4118846310485,1645.8426040185132,4553.997057406229
2025-08-29 02:15:00,1643.397001740851,1648.7776139758728,1641.085547909271,1647.9284744960835,2712.930480385926
2025-08-29 02:30:00,1660.4737056411852,1670.7398112105113,1658.7820146348947,1666.2841034043697,2315.8770883436478
2025-08-29 02:45:00,1675.5608365752914,1681.7689710972816,1673.4595364730083,1675.7593413533546,5902.934558176566
2025-08-29 03:00:00,1653.4041097419915,1654.4155735921395,1645.802108933383,1647.659716334401,2614.2399286707628
2025-08-29 03:15:00,1658.6341258971272,1661.7933075303943,1651.1579168321202,1655.3829778002466,9288.591269237357
2025-08-29 03:30:00,1624.1249234289803,1633.6437218021474,1622.648768343402,1630.804979213745,2357.0373076043516
2025-08-29 03:45:00,1661.6592588119804,1662.1831589889557,1651.9411956676358,1661.1535632740247,7501.192819796939
2025-08-29 04:00:00,1653.0157928907001,1661.787709286439,1650.3876737993346,1655.5775163788849,8531.219351411784
2025-08-29 04:15:00,1667.113409117023,1671.8044902173926,1664.743806200488,1667.4065221193107,5039.075321926307
2025-08-29 04:30:00,1669.381303207464,1674.5284662074657,1668.5901802360834,1675.5467751710544,4789.228932194543
2025-08-29 04:45:00,1664.6395117186987,1672.8911372303396,1660.8003279267248,1668.9178489156413,1418.9243935920572
2025-08-29 05:00:00,1695.2955354933702,1698.243596242892,1684.6758440192932,1696.1481487543467,5007.6799883376125
2025-08-29 05:15:00,1692.5532608276444,1699.5804997447283,1686.026436649729,1696.0984226339224,2718.5613140449454
2025-08-29 05:30:00,1713.644236885324,1717.6033968276033,1702.6586835155256,1710.423577884746,9480.930584477266
2025-08-29 05:45:00,1704.0550455050663,1704.3239554606082,1697.948749788569,1705.1695632341898,6547.488271093104
2025-08-29 06:00:00,1722.7819993422133,1722.6367710896307,1714.9953259633112,1722.1145802712963,7506.301749592847
2025-08-29 06:15:00,1690.6732977346924,1698.8239928891967,1688.5295658699524,1692.672799996445,4932.131796378537
2025-08-29 06:30:00,1676.4478773035353,1680.2005262389366,1668.8701948929215,1672.1829320854754,4756.311547616267
2025-08-29 06:45:00,1645.6419712184338,1649.200746849777,1640.185262488544,1642.2512014925546,4953.916750434708
2025-08-29 07:00:00,1647.5692890650719,1651.393538354472,1640.7614579030162,1646.6629240319617,2035.4235574879133
2025-08-29 07:15:00,1658.7865793374988,1659.5155595063588,1654.950505207378,1652.8363404258969,3938.845691975796
2025-08-29 07:30:00,1671.1510846329575,1678.4750540031264,1664.844918517275,1668.6819684089744,1245.9393356953674
2025-08-29 07:45:00,1687.822958335509,1693.224820420318,1680.2781291616016,1692.435297219239,7962.703184880717
2025-08-29 08:00:00,1671.1869220556212,1674.603723721113,1663.350998282756,1666.0639217267494,2882.8515704518436
2025-08-29 08:15:00,1674.9787457301036,1675.9472536149933,1668.2863274036154,1671.9988851260857,1993.1945395191844
2025-08-29 08:30:00,1680.5474627942658,1688.0930893957373,1676.0996809683234,1681.8032360138213,3159.535735230519
2025-08-29 08:45:00,1651.6354745371468,1663.8885741744984,1651.6484312377597,1653.832851358194,600.0512804633834
2025-08-29 09:00:00,1664.1482693308733,1662.580826151299,1654.5206642120074,1659.192856920942,6921.805274166269
2025-08-29 09:15:00,1695.6986964502632,1698.2560540041125,1688.6459837544573,1688.2174529449194,9362.108512077188
2025-08-29 09:30:00,1684.3547001486322,1684.3244114791232,1678.225023220203,1678.0187689847437,9557.586556276152
2025-08-29 09:45:00,1680.6370369172719,1681.2776366012406,1672.5487779568518,1672.9412626705507,691.5330852653249
2025-08-29 10:00:00,1701.2320039974823,1711.2480905142565,1697.7068036240078,1710.1614348369244,6185.796362224512
2025-08-29 10:15:00,1684.0315172640499,1687.6643741656803,1675.7143460983661,1685.9373558989616,9633.859986949628
2025-08-29 10:30:00,1698.426510465218,1701.1943431213017,1688.3731751570078,1697.795578802756,7308.405576684213
2025-08-29 10:45:00,1699.0703011102505,1706.597437863919,1698.1989507605142,1702.7536136976962,835.0927415511159
2025-08-29 11:00:00,1723.6529607134175,1729.0087845848998,1717.1663942517348,1720.177612889209,847.0600079193879
2025-08-29 11:15:00,1713.1352353738203,1717.0227032518785,1708.4117333733977,1716.8666929600154,6306.209787122497
2025-08-29 11:30:00,1687.6017268685123,1692.9453409203606,1686.7859948218213,1690.7260456972729,9715.911245297355
2025-08-29 11:45:00,1691.4943679341127,1694.3693098958636,1684.265714772283,1685.6751238817403,9546.85080225283
2025-08-29 12:00:00,1710.9796934669973,1714.7402013126002,1703.1726281268384,1710.8950173108442,2573.9955147186124
2025-08-29 12:15:00,1709.0935820182374,1716.7452277311597,1706.4816512159687,1716.2806361138132,2356.7998068581005
2025-08-29 12:30:00,1738.4605279716816,1744.0859475119094,1736.8402959671864,1738.9959028652581,8878.602224657418
2025-08-29 12:45:00,1744.2612760384145,1746.706065861459,1732.355563631003,1736.738122650518,561.8694620301435
2025-08-29 13:00:00,1728.3747014116188,1732.996706071452,1718.6888344278093,1722.224189868405,3452.161474146342
2025-08-29 13:15:00,1729.049519644042,1739.743931793199,1726.1592494654565,1730.3930889368398,2200.4674026203797
2025-08-29 13:30:00,1742.4170341641347,1744.0189716023563,1735.1139677330432,1734.0421909565243,5328.237419207354
2025-08-29 13:45:00,1732.2704335179963,1737.0884781659342,1725.223293550637,1729.347665769017,7167.565864417198
2025-08-29 14:00:00,1721.2373587884547,1723.9011899699788,1715.9921182581313,1715.0051081352256,9179.761783640557
2025-08-29 14:15:00,1730.2168043960123,1734.198998035571,1722.8626571645295,1729.0289871363486,8385.462028451515
2025-08-29 14:30:00,1727.0271900182154,1732.3696376050625,1718.6637710875048,1728.5161025864224,7908.580379953597
2025-08-29 14:45:00,1760.477369870092,1767.48875856868,1758.5563404727334,1759.746564235746,7960.140937118374
2025-08-29 15:00:00,1793.9303010846486,1794.0366812308669,1782.0512957731125,1788.1120701241402,8669.101415840036
2025-08-29 15:15:00,1799.555653258896,1802.2393193104913,1788.7222675431026,1796.6735249533006,3657.223984031832
2025-08-29 15:30:00,1790.5406634532173,1793.4659752907178,1779.9937295716343,1787.3770967820685,148.60195449203286
2025-08-29 15:45:00,1807.9249572167605,1807.033804667324,1800.9572869993665,1805.5630338486553,3792.129745458511
2025-08-29 16:00:00,1794.8163327655357,1798.9047020478033,1789.6403263473017,1796.337086600662,7557.199210843622
2025-08-29 16:15:00,1793.3349599012047,1801.7508902900413,1790.455410825457,1791.706675688083,397.78494586112885
2025-08-29 16:30:00,1818.5983374607629,1817.4851834982626,1811.402126980374,1816.741651627477,1495.7516966833712
2025-08-29 16:45:00,1800.4246883601763,1807.4693507289485,1800.380394459095,1807.4276853176693,742.6693264540854
2025-08-29 17:00:00,1842.2210622816067,1849.7194903010188,1836.1142273435514,1845.9148882684851,835.9094674291943
2025-08-29 17:15:00,1833.9404450134105,1835.9189661153516,1829.8580407334532,1835.8892071265352,4767.508166661492
2025-08-29 17:30:00,1829.5746149872166,1837.6616035495683,1827.312614397215,1832.8794646132073,9568.47934166508
2025-08-29 17:45:00,1819.5412428803215,1826.536885060231,1820.915543187778,1829.0177004786717,3300.034469684669
2025-08-29 18:00:00,1830.4956269782733,1832.4605596766557,1824.254107467842,1831.4950759275314,6619.294578257181
2025-08-29 18:15:00,1821.8399598771657,1827.6441688993257,1817.5975142783361,1823.395621668743,5402.281312883742
2025-08-29 18:30:00,1821.1614057527606,1827.1736249927667,1817.1403052238886,1825.1047605662875,4875.703744593874
2025-08-29 18:45:00,1843.4834348676486,1842.6583159560478,1835.5692750361145,1833.6997902560474,9115.710095824483
2025-08-29 19:00:00,1798.5576540786503,1804.2016356393292,1796.0298644337836,1798.0103120760396,3590.2736763046437
2025-08-29 19:15:00,1785.5148481093272,1791.9013413747407,1783.234597640036,1790.7358279101807,9628.99923448162
2025-08-29 19:30:00,1803.5660553001815,1805.505493921073,1796.9573335523403,1799.2579703002586,3257.134036169946
2025-08-29 19:45:00,1788.1450973568494,1794.3378886341861,1782.5369481000134,1784.3507281910681,8745.679567917663
2025-08-29 20:00:00,1775.3891343577482,1779.3266632992757,1765.0781554507669,1775.2295416333259,885.4653391837522
2025-08-29 20:15:00,1759.1317942915116,1762.2595146017588,1753.6870503883026,1753.2892527898268,9532.168387017718
2025-08-29 20:30:00,1764.2330352220267,1769.5797817812654,1761.9948942043318,1770.5176936719063,8960.008533829636
2025-08-29 20:45:00,1779.8268094572838,1785.4774687046904,1773.989884398293,1777.0190815785522,4471.9476187326245
2025-08-29 21:00:00,1779.9480638982955,1786.6279945236793,1781.6677418554787,1779.1471017015765,2626.6624746786656
2025-08-29 21:15:00,1806.0731461634855,1809.4923341556855,1799.957120044305,1800.2843083651408,1604.3582519109502
2025-08-29 21:30:00,1820.782105701357,1826.574604642917,1814.5147098648415,1820.8492542775873,5780.83647408005
2025-08-29 21:45:00,1820.1867546141732,1821.2076850886633,1812.650230751442,1818.558824352966,581.6083653220835
2025-08-29 22:00:00,1819.2493639881895,1830.009099468134,1819.857197945566,1822.1148909446365,3842.2204427882907
2025-08-29 22:15:00,1842.5353646863198,1843.9540070533035,1830.5397439073972,1842.354224435286,741.4330980299194
2025-08-29 22:30:00,1850.1002941455272,1853.647293996263,1843.5785909759516,1843.7110480184654,5140.052169533941
2025-08-29 22:45:00,1858.3171048630159,1868.2925327093087,1857.4594830324406,1860.3357594238703,5311.157897196059
2025-08-29 23:00:00,1856.2793122186774,1861.9055612716934,1854.66549934531,1862.2217429017674,986.4231339455768
2025-08-29 23:15:00,1861.6156282298102,1868.1183253207369,1853.708434369637,1864.0904112322148,3171.36388233242
2025-08-29 23:30:00,1865.4694390239674,1870.4723057675849,1860.3495690463224,1865.9877186478093,3196.180012862581
2025-08-29 23:45:00,1868.107662988858,1878.6071332362637,1867.9456063673788,1872.0448035840898,4161.090625023569
2025-08-30 00:00:00,1859.577009492777,1868.2547509680044,1856.6411657610365,1867.8768154667086,4927.10550728136
2025-08-30 00:15:00,1878.553966667444,1878.820927111353,1872.9384934240309,1872.4854362240594,6784.732286014446
2025-08-30 00:30:00,1874.2414146769815,1872.4999745870389,1863.5531099549962,1868.5926814909983,4843.915572177836
2025-08-30 00:45:00,1909.7037868818659,1909.1092036435828,1902.7567092548456,1900.484109305263,6370.337503943519
2025-08-30 01:00:00,1920.5243822059815,1929.5780197223928,1921.4465170245683,1923.6131526475683,8454.616127001256
2025-08-30 01:15:00,1929.868482102552,1934.369352415047,1926.1720764656388,1927.1588591586885,7844.925771158678
2025-08-30 01:30:00,1942.1798899231992,1944.2786709006884,1934.9412824146912,1940.7561032325318,5824.7745763216735
2025-08-30 01:45:00,1932.5208975505757,1941.6605602087684,1932.4623794350302,1939.4087010188377,7608.621612790884
2025-08-30 02:00:00,1928.6341293189053,1935.481891549828,1928.2543578408006,1932.5122144109284,5057.039735821528
2025-08-30 02:15:00,1970.3094285204172,1971.3794335123237,1960.0386804267998,1968.3132776070568,5856.22282152105
2025-08-30 02:30:00,1969.8801543802963,1972.758476042242,1964.0375722003273,1967.0444028333027,1953.4963023682974
2025-08-30 02:45:00,1967.4141739932047,1973.3746453550857,1965.895610686518,1965.2148243301274,2482.67576452111
2025-08-30 03:00:00,1994.9934104957622,1996.3620986048231,1987.954908066215,1995.0332452027787,5297.344918660613
2025-08-30 03:15:00,1983.558034382954,1983.037559558027,1973.3529541892578,1983.8389347627667,3946.113651962762
2025-08-30 03:30:00,1976.3651760451514,1974.5952278789484,1965.4226668917504,1974.1700305466272,2282.1751795715913
2025-08-30 03:45:00,1968.2375535321082,1966.5791657495195,1960.9945083721884,1960.0106722975777,2618.0027399760424
2025-08-30 04:00:00,1976.3654156801215,1978.944749603912,1969.1112081710453,1970.9784913212357,1301.6744055195586
2025-08-30 04:15:00,1972.0766915893798,1980.3081857634593,1972.4947831518728,1980.445515336285,1121.8916471973832
2025-08-30 04:30:00,1996.916014194066,1997.1919277710035,1985.8005610175442,1991.8517938306209,5517.594752835541
2025-08-30 04:45:00,1999.1996766461427,2006.434444561681,1996.6096840869818,2001.0129483501385,4606.0344543322735
2025-08-30 05:00:00,2023.0419674712305,2032.7914538344519,2019.2664853977703,2028.161235235534,1595.2541447139229
2025-08-30 05:15:00,2035.0793005431985,2034.6766252608393,2024.4621503850651,2028.5918928428962,311.74544806920403
2025-08-30 05:30:00,2005.7555833083638,2012.084865986754,2004.6942445164736,2004.5397530216162,331.57839448474306
2025-08-30 05:45:00,1986.0863365953437,1995.8471168490532,1986.6317217533492,1992.610951289942,656.9893797503196
2025-08-30 06:00:00,1992.346472507269,2002.4335135450347,1990.2185907881894,1995.5261285934528,9989.268986154884
2025-08-30 06:15:00,1983.285766398559,1992.9480221997612,1981.3115327584733,1988.7345598268494,442.45411852031555
2025-08-30 06:30:00,1977.7359007986947,1982.1062294919552,1972.3792670324392,1973.8721358134694,4644.749549861
2025-08-30 06:45:00,1981.4602122223746,1979.8963827731031,1974.4500890619395,1979.7780854059206,9929.171166551736
2025-08-30 07:00:00,1957.5058043107056,1959.1630477567144,1948.6266964000367,1954.788692243685,9583.633358982484
2025-08-30 07:15:00,1958.2616231203378,1967.626273570883,1956.9386605527357,1955.668129281364,9932.501791607076
2025-08-30 07:30:00,1938.9395957650045,1937.5108646473107,1931.547733990556,1934.2061729343172,9734.999799511037
2025-08-30 07:45:00,1946.6272462165534,1952.0067584103042,1943.5890592535106,1942.6498619107435,7009.476132709402
2025-08-30 08:00:00,1949.5422512285777,1958.2390373278552,1944.9520249757559,1955.285655477954,447.87126102091275
2025-08-30 08:15:00,1943.5826942477856,1944.7402790406727,1934.5480634004339,1943.1882721171269,4652.793817611774
2025-08-30 08:30:00,1933.0995769851731,1938.7265971098795,1925.0179766187357,1929.1138118303247,7924.259855101403
2025-08-30 08:45:00,1918.02368937835,1921.8739845787454,1915.2571814066293,1921.633472272079,3563.0508393017344
2025-08-30 09:00:00,1920.6037192477702,1930.4179827163434,1917.809757430315,1919.55831560844,1926.1545855961865
2025-08-30 09:15:00,1918.4173382018157,1920.6032440381105,1913.9109718680058,1912.9689464335245,7872.055348547157
2025-08-30 09:30:00,1920.7092582794962,1924.104942183639,1914.6173199988395,1923.9255047671252,4745.78382736944
2025-08-30 09:45:00,1951.2958296789036,1951.0503967732202,1941.6003558595519,1951.047148849982,1288.5210043324746
2025-08-30 10:00:00,1943.4476955359476,1950.52253789717,1945.2309065705847,1952.014108790853,4466.183586135312
2025-08-30 10:15:00,1956.0738242263171,1955.3784769074791,1947.556589906569,1952.3379513707048,7250.86292911516
2025-08-30 10:30:00,1957.1439557195945,1959.6503269473792,1949.0677235079393,1954.066336866143,9801.155964557063
2025-08-30 10:45:00,1945.8677650177206,1955.578733187594,1945.1701774552575,1945.8302734253593,5926.220866557962
2025-08-30 11:00:00,1943.971452149458,1948.5991575404041,1939.0904741363945,1942.5509344619177,8120.247170649011
2025-08-30 11:15:00,1959.4231255861841,1966.128116182263,1958.3711760155186,1960.1093208476068,4353.1940671295915
2025-08-30 11:30:00,1959.778928067545,1962.9720678030585,1957.945768500928,1956.4340507247312,7562.909757629497
2025-08-30 11:45:00,1950.4962369427767,1954.2324390260346,1943.15285003941,1944.8886825572763,5559.7505905348125
2025-08-30 12:00:00,1983.0430524098144,1986.8370033845297,1973.4464518521327,1976.203576419216,673.02298853989
2025-08-30 12:15:00,1970.3965125101308,1973.952207287143,1961.629097622997,1970.0800549583228,8868.867929115038
2025-08-30 12:30:00,1960.029268975562,1967.547457277424,1957.0514678418795,1967.8701278353483,405.074633966137
2025-08-30 12:45:00,1959.968046985619,1968.5027731747407,1962.9116560074972,1960.4764284083496,8869.643128290289
2025-08-30 13:00:00,1985.4002716474843,1993.725078986364,1984.5765124800976,1990.1953488356887,8815.38352887529
2025-08-30 13:15:00,1984.8950740568002,1989.5530691173542,1978.5179557501574,1986.8894658547922,8713.774494250356
2025-08-30 13:30:00,1969.5230070119605,1973.255812452516,1968.1063076326077,1971.3140023497679,2161.2976360942325
2025-08-30 13:45:00,1958.9810707327238,1963.4903809244706,1950.912142725754,1954.3229484667165,2309.1774877567514
2025-08-30 14:00:00,1920.3931035267947,1926.442228082428,1912.4463235723879,1923.376009163301,3839.9946363313907
2025-08-30 14:15:00,1919.2768674362162,1925.65321339855,1912.079078055345,1922.9158999265878,1215.4496724324065
2025-08-30 14:30:00,1898.3773188071448,1901.7972527310017,1895.7234707838302,1900.067566285742,8060.704878554861
2025-08-30 14:45:00,1912.3482430904821,1922.9742671021677,1913.4692493700734,1915.9429883057792,4306.799226007542
2025-08-30 15:00:00,1912.2173320792633,1912.004422125801,1904.01047361405,1908.1049355332202,5935.2206652151835
2025-08-30 15:15:00,1912.898365036379,1918.9765879598883,1908.455690943841,1914.0554910880467,7509.439209464476
2025-08-30 15:30:00,1927.8647636051417,1938.4372867920367,1929.4681651998778,1935.5541239334032,7765.374832432584
2025-08-30 15:45:00,1931.2558024545324,1937.25273751143,1927.7805385322347,1931.4326183614905,2623.139916930667
2025-08-30 16:00:00,1932.1529295020202,1940.8637741991824,1932.8380523605765,1933.9261486544697,2698.2591447706577
2025-08-30 16:15:00,1954.7411298178854,1956.7341692964553,1942.6681800219012,1949.444651736062,1869.7569007045815
2025-08-30 16:30:00,1966.9232562728064,1970.824391515168,1963.1485401114783,1963.251345448277,1405.8316169672958
2025-08-30 16:45:00,1989.5267727333096,1994.8530200910561,1984.6131253413205,1987.1368333848773,7808.147663433434
2025-08-30 17:00:00,1998.0462554634466,2005.5811017210976,1996.5016335437708,2003.8423659950352,1097.1201992004085
2025-08-30 17:15:00,2019.7374241951256,2031.3819888740986,2017.089970732528,2025.088361921413,446.59836471862565
2025-08-30 17:30:00,2022.5479895213036,2022.2437672316296,2016.5023884292623,2023.6105726741866,741.6365334073752
2025-08-30 17:45:00,2036.390215441648,2036.0568638943168,2026.4283167995727,2029.3653750474584,7435.774911385309
2025-08-30 18:00:00,2028.526802807334,2037.5735679233653,2025.481983858387,2029.8791412420728,5423.708769135729
2025-08-30 18:15:00,2014.6662606514228,2017.1326804560724,2006.1799710887606,2015.4238001901226,6269.385733940655
2025-08-30 18:30:00,2006.6850698164874,2010.0963707140916,2001.1481567714563,2005.687078711553,492.60619932081926
2025-08-30 18:45:00,2003.1430689545407,2011.3926958969205,2005.0090906339594,2012.452075216499,9767.520127356263
2025-08-30 19:00:00,1992.1497675471578,1993.8123105910197,1986.7256065779175,1993.4382011835207,5173.701819582275
2025-08-30 19:15:00,1976.845794527379,1979.2070074247563,1969.337462121923,1973.8544170828486,1238.649832172497
2025-08-30 19:30:00,1994.0480425930973,1997.0703977771843,1982.8734546403448,1990.2314943830593,2433.892582759754
2025-08-30 19:45:00,1969.587189526684,1969.8328218314098,1959.7173415069988,1971.082901892685,9338.077155772167
2025-08-30 20:00:00,1980.6893888997108,1985.0056698585563,1971.1117963808213,1980.9640356088767,4838.314355180602
2025-08-30 20:15:00,2003.5886827792337,2011.8588717530154,1997.9898620429524,2008.3010932575332,9498.546901287089
2025-08-30 20:30:00,1996.3478488939093,2005.3871050318007,1991.4751310616973,1999.2799430743676,737.1722186226236
2025-08-30 20:45:00,2000.4809900035857,2001.6176292442904,1994.101665805532,1994.9429856771915,4235.577415573482
2025-08-30 21:00:00,1986.9994807178998,1996.4684716573995,1987.5638003137922,1987.9376435336426,7209.3078252579135
2025-08-30 21:15:00,2016.7985620514419,2020.3446054439685,2010.176342521092,2017.879457660432,5595.106677273726
2025-08-30 21:30:00,2030.4277277456956,2037.7098330275815,2029.1641796623635,2028.9053877191889,6922.423557949403
2025-08-30 21:45:00,2033.50170215937,2039.0515317062618,2026.1261447671438,2034.2584923321172,5853.779789541341
2025-08-30 22:00:00,2048.6226245713915,2053.3215852078365,2043.706757730317,2051.225152883353,5096.736744161054
2025-08-30 22:15:00,2054.7651362131637,2059.5031298161057,2053.288076228794,2059.0991679511726,1624.8882915391746
2025-08-30 22:30:00,2061.015820601676,2070.426987900699,2058.5849141106514,2069.543265182417,4207.296965397851
2025-08-30 22:45:00,2074.7552489850873,2082.740774190556,2069.313991110801,2076.1691600325703,5339.753647480875
2025-08-30 23:00:00,2069.462751871543,2071.445413836068,2062.6172565394118,2064.172293062187,2572.776056496522
2025-08-30 23:15:00,2056.632900491478,2063.422087907015,2053.053046614965,2056.1741018833877,9465.628169453756
2025-08-30 23:30:00,2055.213889159743,2058.42493712668,2048.1456167402457,2052.5005169911524,8367.675483835743
2025-08-30 23:45:00,2055.679393354562,2059.1675848872073,2050.183751417173,2054.7996134755904,2500.708107972093
2025-08-31 00:00:00,2052.9512360021467,2057.84196341992,2046.93746785444,2050.446849801248,9580.099309205601
2025-08-31 00:15:00,2060.809266436764,2062.3531346979717,2055.0428452805795,2062.559116169866,8834.83405182628
2025-08-31 00:30:00,2056.041221395111,2066.3432873016905,2052.7315836995836,2058.731061208625,5306.421111866504
2025-08-31 00:45:00,2068.1601435679954,2072.639275194624,2064.136025576224,2067.9856719849854,4563.241130036957
2025-08-31 01:00:00,2066.4863720286876,2066.758399624558,2058.218783355665,2057.691638995887,6903.384367398398
2025-08-31 01:15:00,2051.3052226312057,2053.7036524349496,2046.1180905308809,2045.8843091931528,9370.29183900156
2025-08-31 01:30:00,2058.534091073146,2061.6596272699894,2056.8756250795623,2059.237643651441,3267.483930053742
2025-08-31 01:45:00,2070.9115682830293,2076.0365816925505,2066.825275545534,2072.762507314867,7282.6806182669025
2025-08-31 02:00:00,2093.4221544611914,2090.829619323499,2083.4203074172037,2089.0252858378867,7730.321962560716
2025-08-31 02:15:00,2118.732575522946,2121.368195753538,2113.345636060109,2121.8719056893706,1000.1838060064988
2025-08-31 02:30:00,2135.3160764797276,2146.6762401160136,2131.6803974226796,2136.7278492622004,3572.0322825676894
2025-08-31 02:45:00,2123.4198314398636,2132.583235987979,2125.3097421277016,2132.0297932706326,1889.6075848764776
2025-08-31 03:00:00,2143.8827638367206,2151.667759701748,2144.4893748271884,2147.104660595697,9932.688765669182
2025-08-31 03:15:00,2128.0862093530172,2131.9033540514665,2121.2566842663155,2124.0034039014126,4383.982399280974
2025-08-31 03:30:00,2123.026056065408,2125.607669446122,2117.181239545686,2126.0518098372345,3694.4331329374218
2025-08-31 03:45:00,2108.7090135940243,2109.3589638421818,2103.291695749543,2105.503474508105,6487.874083562966
2025-08-31 04:00:00,2100.768204611141,2112.635530585513,2098.8206083604314,2102.9718134486743,5864.817567287941
2025-08-31 04:15:00,2109.2931785088763,2119.7327146782077,2107.424339326649,2118.1939515954396,714.2661294610518
2025-08-31 04:30:00,2087.9632335574943,2096.5238023022944,2086.1232415799013,2092.495151061514,7456.499682923544
2025-08-31 04:45:00,2090.204180967435,2098.972337137391,2084.313539680447,2095.7094025343677,6868.680726120947
2025-08-31 05:00:00,2093.6015518066906,2098.600083543381,2092.3064953175935,2098.5096256153042,4062.182703464379
2025-08-31 05:15:00,2083.097813122055,2094.0545869414636,2084.984913646943,2084.4835551246942,9716.265061485337
2025-08-31 05:30:00,2056.8861611715447,2064.099761652097,2057.058932710753,2055.1999725282053,8820.476149216282
2025-08-31 05:45:00,2062.1586607819772,2069.093807087929,2063.7856874095255,2067.2533693642936,2618.9600622803937
2025-08-31 06:00:00,2077.0988983576335,2087.5038431920825,2073.502774554668,2080.8283633812594,7182.244102746976
2025-08-31 06:15:00,2099.6085738134125,2109.805256017531,2099.1563588254135,2107.3393607504427,2174.1145947706414
2025-08-31 06:30:00,2085.3564371263865,2089.0014058491784,2077.6176729279055,2079.1224924539342,8820.444689400158
2025-08-31 06:45:00,2090.502026340176,2092.533165073683,2082.655789936652,2090.9524923252516,9450.654807465029
2025-08-31 07:00:00,2056.6844442198017,2059.066018752027,2050.5983288073903,2055.826590084664,6398.044907487719
2025-08-31 07:15:00,2061.22001941227,2070.513713821224,2056.020991626977,2060.8323737572705,9265.079047655985
2025-08-31 07:30:00,2067.2673620479422,2071.1065366229886,2063.125595365357,2065.993384049135,3496.8751732838823
2025-08-31 07:45:00,2087.054280911384,2086.703421773737,2080.9963629979625,2085.779778956707,6395.9650961605885
2025-08-31 08:00:00,2064.7371396332574,2073.19460886889,2065.0159360479793,2065.8435760632947,4485.034793601949
2025-08-31 08:15:00,2068.127159273767,2074.3019351120943,2064.0560014036623,2071.5881968567296,6479.91308865123
2025-08-31 08:30:00,2066.6806035299205,2066.216373773137,2061.6673388488775,2067.903754740885,1355.6176922794232
2025-08-31 08:45:00,2045.8281943764323,2054.600434009049,2044.557688523603,2046.9444313573629,3652.6338402389606
2025-08-31 09:00:00,2059.5444037926472,2061.248510670841,2048.071571276009,2055.7505953482273,5004.607826355641
2025-08-31 09:15:00,2068.0236369119184,2076.27072726029,2061.8405387607545,2066.265487619348,7724.135354331671
2025-08-31 09:30:00,2060.616779697135,2069.5724664536556,2056.4901276748033,2060.95830540654,6332.977280840881
2025-08-31 09:45:00,2067.7153797364745,2078.3718354120847,2065.8034017617492,2075.3190397772146,7910.658271743929
2025-08-31 10:00:00,2041.8839470977894,2045.1374201067538,2036.4342054316357,2045.305055108324,6577.170335627365
2025-08-31 10:15:00,2034.855347106779,2041.5404283245732,2026.3484893044536,2033.1294407204653,221.2322573325353
2025-08-31 10:30:00,2046.1605042465235,2050.3123527855673,2038.748177622629,2046.4356673419973,3608.3917303772805
2025-08-31 10:45:00,2032.0729508957636,2038.9459785709726,2032.6576410743357,2037.3428278405117,7759.374915572045
2025-08-31 11:00:00,2059.605161470632,2062.7746580024054,2050.5218401019088,2055.2011783801713,9076.721594567975
2025-08-31 11:15:00,2065.5948167281235,2076.417462132465,2065.579606827127,2068.6906047822476,1607.6066975348797
2025-08-31 11:30:00,2041.6939102011029,2049.5964026974034,2039.971805467986,2041.0734672511385,3969.324104816414
2025-08-31 11:45:00,2074.2917853462295,2077.2916003454734,2064.2330538589754,2069.5685754844253,4250.655441678084
2025-08-31 12:00:00,2061.7736231882504,2069.742426329792,2056.9600290971566,2059.347906332619,8498.080892162307
2025-08-31 12:15:00,2037.6292537502823,2044.9976815647087,2035.0557120150386,2039.8353618115261,2468.8684809221727
2025-08-31 12:30:00,2035.2549654226511,2038.2107680215304,2027.655821038704,2034.9162536107901,7236.98263696344
2025-08-31 12:45:00,2037.6628968357716,2046.1934041047723,2036.1862854824765,2047.2047813564395,1843.696911514956
2025-08-31 13:00:00,2046.9375769871467,2050.9368661027893,2039.1059314148563,2041.4356307472003,182.50175056207752
2025-08-31 13:15:00,2040.2371121275999,2047.8425737732234,2042.014153712052,2043.6329902324333,2302.5892481332394
2025-08-31 13:30:00,2067.9540911539266,2076.1472995434483,2062.6633180290173,2069.0776238108265,1474.986395106508
2025-08-31 13:45:00,2074.0044597966253,2077.168761694398,2070.533684831389,2073.0706320128033,7049.425205768243
2025-08-31 14:00:00,2066.94938007023,2069.3006761822526,2061.5275951587696,2061.3843225945784,9479.363458052863
2025-08-31 14:15:00,2070.997134856476,2082.528684002415,2069.8980690543494,2072.5083485221935,2412.531116257791
2025-08-31 14:30:00,2053.5310459311336,2064.18995029775,2051.633094746348,2059.8891051128103,8809.387137982723
2025-08-31 14:45:00,2058.8708530397394,2059.636590573792,2052.31264626972,2058.011737930068,2337.2491520696317
2025-08-31 15:00:00,2060.1539472624827,2064.341180911719,2056.8542725979487,2063.351892677113,8641.812219089417
2025-08-31 15:15:00,2064.339516362527,2069.502602618476,2055.324433616321,2060.425127759841,8663.756828474796
2025-08-31 15:30:00,2072.8898221242366,2077.3728334220914,2070.1284751475478,2073.5048077904394,9429.966400223282
2025-08-31 15:45:00,2080.803265474997,2083.850696269062,2070.7262705602066,2076.2706829140707,6789.909248179115
2025-08-31 16:00:00,2088.4157951911425,2096.01187219449,2089.052455994841,2091.6689831593862,1006.8090625222849
2025-08-31 16:15:00,2101.5534598617314,2105.337344246426,2097.5655648447314,2100.63326946003,3730.6163057978456
2025-08-31 16:30:00,2094.003496178648,2103.5942818893163,2089.211718846119,2092.74608408602,4798.810918221945
2025-08-31 16:45:00,2105.515566495974,2107.8824947574317,2099.034746688448,2099.944562174423,7779.99591800122
2025-08-31 17:00:00,2092.362746369295,2095.5165054071736,2083.933624112892,2087.805607006628,4744.724694786904
2025-08-31 17:15:00,2096.6458629441095,2103.4419049854973,2091.5378833608074,2094.7528928969937,6345.488491229097
2025-08-31 17:30:00,2094.3073427779022,2098.325898797401,2089.362803538595,2092.7207789608233,357.88007202732916
2025-08-31 17:45:00,2090.189170170067,2095.37438840031,2086.7652874263663,2087.47531191094,6875.665031876132
2025-08-31 18:00:00,2081.785528552074,2087.680477463247,2078.155363725037,2085.0751671760295,7008.472870616497
2025-08-31 18:15:00,2075.810237715716,2077.7656025509755,2065.8138717180514,2075.1499845981402,8419.322824284061
2025-08-31 18:30:00,2057.847089457653,2065.923918279891,2057.795934956268,2064.503383114152,2258.9703310548616
2025-08-31 18:45:00,2046.4604549205858,2049.35139351307,2037.4957638281796,2045.2202251821318,3155.621542035931
2025-08-31 19:00:00,2043.6078379724431,2047.0153382683595,2034.860597443869,2044.2177880382242,5409.21342520564
2025-08-31 19:15:00,2032.7094477060273,2036.4748260032145,2029.7163386008588,2034.6822048954577,9049.950610210992
2025-08-31 19:30:00,2042.2621331547787,2049.179912579828,2040.7607150971407,2041.5219640257333,1595.2486083264473
2025-08-31 19:45:00,2061.731186260166,2062.7783089580494,2054.180845334152,2061.0587372857276,1664.223806423255
2025-08-31 20:00:00,2054.134000836878,2059.87668691301,2051.512354939429,2052.978274282899,9406.290976813121
2025-08-31 20:15:00,2031.2881497146902,2031.9011019595932,2021.5102455461063,2033.2741637701408,5003.876976644155
2025-08-31 20:30:00,2040.2399843984067,2042.8581529000596,2031.5229468644588,2034.5560787352906,5948.41288508034
2025-08-31 20:45:00,2016.5428606977443,2023.4401782275866,2010.729400175772,2015.6034598137876,2704.7483618166875
2025-08-31 21:00:00,2015.260462769631,2020.683339336553,2010.59981905265,2012.2014962457015,4551.778303693707
2025-08-31 21:15:00,2012.8942315743084,2021.4900960482364,2012.4634488382744,2015.0427584130077,4445.427465954771
2025-08-31 21:30:00,2030.3827792432,2035.2854067901674,2023.4886836972055,2031.750612202476,535.5213591660901
2025-08-31 21:45:00,2001.8673522123988,2008.0733348422295,2001.3153985562003,2003.4987311945195,7099.521025306918
2025-08-31 22:00:00,1993.6768445817434,2003.9177051881777,1989.6539051616144,1993.5049114992205,5907.251408535957
2025-08-31 22:15:00,2007.7676154901803,2010.6306197481042,1996.0513917443152,2007.669928935521,5529.077247349026
2025-08-31 22:30:00,2011.517697566351,2014.6651616081704,2006.9301501709554,2009.0538831047477,6806.224742759186
2025-08-31 22:45:00,1989.3882567449011,1993.6418692569016,1983.4718080296911,1990.9418779599698,6218.762860336439
2025-08-31 23:00:00,1994.8530624639654,1998.3522419241854,1984.7291158065061,1988.2281067308106,2755.5337053991166
2025-08-31 23:15:00,1984.5784291724574,1985.3925669075054,1977.2402765624154,1983.0960081742053,656.9483755418147
2025-08-31 23:30:00,1990.8050882057946,1995.800969426902,1990.9175261219348,1991.4165671192736,9309.614674163571
2025-08-31 23:45:00,1983.0426996356653,1988.7619564413158,1977.8895469543252,1980.0562414465783,3108.6524893882684
2025-09-01 00:00:00,1974.5036638831416,1977.9129144113697,1964.0085973972466,1971.287834016892,7942.706062144538
2025-09-01 00:15:00,1978.2800212902896,1986.2265709844562,1976.0512833201592,1976.084077308273,5686.133545675879
2025-09-01 00:30:00,1996.8609766105728,2001.1146970982884,1990.433552059599,1993.4719492574018,3258.1626802744568
2025-09-01 00:45:00,1981.873725469629,1989.9861793113062,1979.8138812267302,1979.2535181991125,9674.156415270496
2025-09-01 01:00:00,1986.15607374012,1983.63713657223,1979.05877751935,1980.9191848557507,1166.8363820517131
2025-09-01 01:15:00,1957.3728028002881,1960.2644783003514,1945.7640296012996,1950.7584898325026,609.4747431187827
2025-09-01 01:30:00,1962.9329158255566,1966.1973152527999,1953.89363965955,1955.6406099256687,1261.9143492292953
2025-09-01 01:45:00,1992.159227198886,1995.5888339008757,1989.4991703912149,1995.870137166514,8083.945967252196
2025-09-01 02:00:00,1982.3940103396092,1986.4134054800666,1980.0917663100936,1982.6963314266382,5754.56060038907
2025-09-01 02:15:00,1994.4381737148458,2003.882653662021,1996.809902701944,2001.320572730962,5125.508060662842
2025-09-01 02:30:00,1998.0086364645692,1998.975197639495,1991.6494155267708,1998.1955414359554,2205.0564748116226
2025-09-01 02:45:00,1979.6141191008476,1980.5600775195321,1972.4034920268427,1979.6507748472395,5094.0046352929485
2025-09-01 03:00:00,2021.3829897654014,2025.3097906189857,2013.211704519416,2022.7084442016253,3477.009650871581
2025-09-01 03:15:00,2044.469304263579,2048.8284129350886,2040.6030201998517,2041.8086123137532,5193.726101780573
2025-09-01 03:30:00,2030.9671865121081,2040.4515008851588,2029.8371173219377,2032.9538291759684,3362.037045561517
2025-09-01 03:45:00,2012.5500391031715,2014.6907580171085,2007.1280693837996,2010.6445690870517,1260.743539508112
2025-09-01 04:00:00,2012.8336181072518,2020.728565417905,2012.5898861510916,2015.1806156766204,3198.563327802362
2025-09-01 04:15:00,2001.8275607483884,2005.392871733748,1996.1557084615029,2004.5582585980237,9896.316681599723
2025-09-01 04:30:00,2009.1006404396387,2008.781371910476,2002.8263941688874,2008.6786357262308,1505.583528224769
2025-09-01 04:45:00,1998.4192700556496,2007.9310857993069,1998.384630555672,2000.6945563746372,3259.154406621069
2025-09-01 05:00:00,2007.8323781379788,2008.8151677279352,1999.7338833244319,2004.5086795409584,8533.411552958982
2025-09-01 05:15:00,2032.8464939273558,2043.347048449836,2031.2918253749535,2039.0176819158694,8784.279668409617
2025-09-01 05:30:00,2022.8912415045183,2028.9725392510666,2017.0629165298496,2027.9199582088675,9933.211856934131
2025-09-01 05:45:00,2035.0363827643866,2032.330684065943,2022.9116531851944,2034.7259921205036,1124.0353482868222
2025-09-01 06:00:00,2033.8522425473684,2040.0066615263863,2031.2600909916227,2033.703822039541,1619.499189050776
2025-09-01 06:15:00,2040.1140966092892,2048.4139169269183,2037.3281889219595,2042.1300787685032,474.68225338850766
2025-09-01 06:30:00,2061.697926466146,2059.179082761386,2049.942096872091,2054.9366982307106,5547.963233098476
2025-09-01 06:45:00,2057.7396531422705,2060.783895770513,2045.9986816609885,2054.0466769053614,9419.287303100813
2025-09-01 07:00:00,2053.2444419812537,2055.722467026248,2046.6609459279555,2055.962848090397,9916.386321530857
2025-09-01 07:15:00,2056.467225203976,2056.110771072197,2047.9920577524438,2051.7541788818203,1800.839981554881
2025-09-01 07:30:00,2037.5518419252032,2045.0538069496504,2035.5558853208584,2040.1115895703595,8734.460287560001
2025-09-01 07:45:00,2027.6466960477605,2032.5164899489016,2021.0548664867051,2025.3443906912519,7920.280008101911
2025-09-01 08:00:00,2010.3545020536674,2016.8114382009633,2009.826538430671,2014.096056790259,7103.905840616998
2025-09-01 08:15:00,2024.3714852750782,2032.9050691976693,2023.735306633237,2027.1973720198846,1730.5954634404334
2025-09-01 08:30:00,2014.1900849114704,2017.0189151036159,2008.0320287997981,2017.127225664272,3490.146811264803
2025-09-01 08:45:00,2023.6374237426423,2032.6509343835191,2022.659789606883,2026.4734131732935,7864.245644862167
2025-09-01 09:00:00,1998.5131015340926,2001.7893775930172,1988.7713073536029,1994.0179788061705,2951.0951174595025
2025-09-01 09:15:00,1971.9987235984797,1977.9861635902478,1966.2254573467042,1972.4372476826275,7453.614108758142
2025-09-01 09:30:00,1958.7583145771114,1966.8703484423595,1954.2387365146494,1955.057880870898,1692.2004036958758
2025-09-01 09:45:00,1963.7264789960873,1965.7725378975915,1953.7560681645996,1953.985532368042,6854.285088911721
2025-09-01 10:00:00,1947.7464108399488,1950.0174450768152,1939.432357092019,1949.5149624391333,9443.887000506931
2025-09-01 10:15:00,1955.707442533577,1955.607152174626,1946.441079486907,1955.3405320690179,1482.142183899117
2025-09-01 10:30:00,1955.8192955290467,1961.095041359776,1952.6609756751104,1960.004329827563,1826.3758631952674
2025-09-01 10:45:00,1957.2997692816668,1968.5144051078148,1957.47470215864,1958.7289781075738,3514.725122214847
2025-09-01 11:00:00,1975.0550012837189,1977.370884210868,1969.3863603050315,1974.2101375518978,589.4927522860526
2025-09-01 11:15:00,1967.8453920129373,1975.4066647431878,1962.1103632300444,1971.5457954120225,9794.490578248151
2025-09-01 11:30:00,1955.511763673814,1954.564263617775,1944.8630504966632,1949.1867093846945,8223.739327387506
2025-09-01 11:45:00,1943.2591876192776,1954.278646231534,1942.0401332483566,1944.3397003642658,3918.079169198943
2025-09-01 12:00:00,1934.4537915921528,1944.5785498548546,1931.2647640226612,1936.57338653213,9697.360733250445
2025-09-01 12:15:00,1964.6975180267686,1962.7878387869146,1956.2732030481627,1961.2272306430993,6106.104832004588
2025-09-01 12:30:00,1979.5613247247397,1986.1982221996561,1972.579703559499,1975.6930626270648,717.6668758406412
2025-09-01 12:45:00,1958.7077683962912,1966.850368345018,1957.7704928497155,1963.6323726263201,6657.005699608354
2025-09-01 13:00:00,1963.0505354993336,1969.8665136242437,1961.6661245408288,1967.3815702493196,3963.501269976229
2025-09-01 13:15:00,1961.29209622401,1962.5031284288032,1952.0806395125796,1955.8874666743757,2856.4946263046477
2025-09-01 13:30:00,1965.7267468475545,1976.9308379060474,1963.3760244927987,1972.2343396370807,9979.408882109095
2025-09-01 13:45:00,1992.6523648426976,1992.4225634022355,1985.7831848439273,1987.6425897132701,7468.371900385004
2025-09-01 14:00:00,1986.2836187366897,1996.0492880904683,1983.171892420461,1986.7571761579004,4107.285958991339
2025-09-01 14:15:00,2016.1137608433528,2022.431964013221,2009.1766306365503,2011.784548332415,1688.533080672915
2025-09-01 14:30:00,2027.0205073437323,2036.7515384481421,2025.0581776555812,2032.5214941379127,1001.2949047827562
2025-09-01 14:45:00,1987.613733390731,1988.9513069776383,1980.3458183925452,1985.7408956924023,2496.6420859370596
2025-09-01 15:00:00,1969.4477442940233,1977.0782977015547,1965.1269311925134,1970.50130807322,5290.481623461961
2025-09-01 15:15:00,1975.134531203474,1975.0180061452197,1966.241192551408,1973.4709414944782,5800.245042260449
2025-09-01 15:30:00,1945.3548359562212,1953.4566411337162,1945.1000890671003,1950.7953045821155,483.0206317475601
2025-09-01 15:45:00,1938.7058674944458,1940.8351546835688,1930.3387249256014,1932.1912192145496,7420.621558137944
2025-09-01 16:00:00,1918.006873762656,1924.7343713408914,1912.2544799139641,1920.427881325128,9579.63540533474
2025-09-01 16:15:00,1912.5204461934043,1917.565746252887,1905.130985064988,1912.378398346818,3782.691828075063
2025-09-01 16:30:00,1898.9399695598024,1905.803348321966,1894.3349983956593,1896.3991727378902,3007.3396001222814
2025-09-01 16:45:00,1887.1932914943607,1889.4797119450934,1881.5464600438206,1884.0363187027492,8702.308056379585
2025-09-01 17:00:00,1880.3410685525935,1885.7004327568645,1876.3583381186475,1885.4603947355447,3981.7548847123944
2025-09-01 17:15:00,1905.1092605427837,1902.2271600871243,1895.66623630102,1902.9581844034938,9606.652175045978
2025-09-01 17:30:00,1889.6635550201615,1894.6159392763814,1882.0876942525256,1885.6500434455274,6509.5672257882625
2025-09-01 17:45:00,1898.657123825141,1904.5490157777983,1891.905295043867,1896.4918400000524,8365.197655944032
2025-09-01 18:00:00,1909.5093008401868,1915.3469730414938,1907.9442347301917,1911.0415730408367,1646.0604811024255
2025-09-01 18:15:00,1913.2817061982857,1918.3047126739123,1907.206095851237,1910.602895783904,2137.2370009839447
2025-09-01 18:30:00,1914.0996950119973,1918.0481723229045,1908.0669486561321,1915.1814725347685,1252.0624946361058
2025-09-01 18:45:00,1927.0221227568768,1934.4708197650846,1927.2380743519823,1929.8076116232285,8640.413184177793
2025-09-01 19:00:00,1935.98613128702,1946.726458159209,1934.4505909639636,1943.7340879671835,554.9316651926853
2025-09-01 19:15:00,1956.6119384037868,1962.800551828671,1951.435452654403,1959.122887367353,2671.5831017379587
2025-09-01 19:30:00,1936.8367693242556,1937.2355014314041,1931.2929694971353,1937.6678668935137,3847.4732307482614
2025-09-01 19:45:00,1921.9162859064227,1925.5351945120858,1913.718979439744,1916.6711031275202,8776.544042169622
2025-09-01 20:00:00,1924.3651009167415,1930.1646084223992,1920.167617105028,1926.7622641126711,3240.5397910252777
2025-09-01 20:15:00,1923.6345766903974,1931.306395945749,1922.404176113073,1921.1368610973734,6725.71742649166
2025-09-01 20:30:00,1916.4570279614081,1921.0069167778938,1913.351067338849,1920.3702240312887,6200.049529529158
2025-09-01 20:45:00,1897.3039727380542,1902.5096219285476,1894.680065036999,1903.526548222023,8359.271717098954
2025-09-01 21:00:00,1882.9565031759655,1890.5820579887722,1878.324380975073,1878.730465527738,9575.323051693758
2025-09-01 21:15:00,1878.8262016766464,1883.5485915708462,1875.1334845375561,1876.729967379556,3296.607137850618
2025-09-01 21:30:00,1863.0485336562956,1868.755434675525,1858.5679570917312,1865.7328133878398,518.6229813652449
2025-09-01 21:45:00,1858.2783251538806,1862.1351888419083,1852.3224989223147,1853.6628398475498,5567.578776215528
2025-09-01 22:00:00,1846.691345085945,1847.8654951751564,1838.8275972214346,1845.9621564478257,1377.1950785390875
2025-09-01 22:15:00,1830.386168215244,1830.9820226039258,1820.8812319029573,1828.008517688199,7122.597980043368
2025-09-01 22:30:00,1840.36497761518,1842.9453763028323,1836.4037433046906,1843.0844385403477,9102.805471131891
2025-09-01 22:45:00,1839.9004427662132,1840.547287541157,1829.1866382831424,1838.3583547409899,5973.550400511611
2025-09-01 23:00:00,1844.9603939070166,1849.6198192350676,1833.947508745742,1843.8841174504303,740.1144437060698
2025-09-01 23:15:00,1815.5701434533325,1824.017734940861,1811.508858622663,1813.4355159043548,2035.8226432070908
2025-09-01 23:30:00,1821.9201312552589,1826.0684413732833,1814.6359675095812,1823.953939827541,6144.304056472617
2025-09-01 23:45:00,1833.624743668009,1836.3082881748664,1822.7098167692982,1830.569164805812,2240.222363757944
2025-09-02 00:00:00,1804.0294808190404,1811.9935244074336,1798.9707697106871,1809.6705885406827,4273.9809410630605
2025-09-02 00:15:00,1812.895046826413,1812.59884470098,1804.9863988409586,1805.8389648577995,2016.1737101379113
2025-09-02 00:30:00,1821.8202049468,1823.6908411606453,1809.4131149865389,1820.652549083482,3071.1038902586774
2025-09-02 00:45:00,1814.109999009835,1817.6691609459292,1803.2128246749228,1809.27197204185,1585.5423033764637
2025-09-02 01:00:00,1802.348976097462,1804.2715839707953,1794.0251855778845,1803.7186246767224,7671.687756962414
2025-09-02 01:15:00,1821.1010362977227,1828.0778559906607,1820.463294880225,1825.9621736321753,4316.34527100201
2025-09-02 01:30:00,1814.4329801022309,1822.527470073921,1812.6616886689126,1813.4356684019485,6513.776121445371
2025-09-02 01:45:00,1818.613985987221,1820.5480396468552,1810.434637358399,1814.0360750618722,3808.6946772618985
2025-09-02 02:00:00,1831.316036639973,1835.3310074606502,1821.8018070164123,1823.7319201695184,6092.339450011207
2025-09-02 02:15:00,1806.0884611965728,1814.0281534606688,1806.7686562792242,1805.855301248973,2543.6067778075735
2025-09-02 02:30:00,1818.5785024999807,1821.7710755992675,1812.569525219686,1813.126411890988,1727.1553330997122
2025-09-02 02:45:00,1836.6410225360453,1840.3333821969165,1835.8814226746258,1842.2125468187157,6480.595361101715
2025-09-02 03:00:00,1830.5507499088944,1840.5484453500742,1825.9670511341299,1833.6611231674854,7258.233583315318
2025-09-02 03:15:00,1828.9794393030584,1833.4836429821455,1824.379230230098,1828.7356849808352,4873.425144529426
2025-09-02 03:30:00,1858.5310823456077,1862.1034009725818,1849.4245536466506,1853.5645245441817,3706.0610090049013
2025-09-02 03:45:00,1866.8375966735905,1868.9153281366544,1857.550875192734,1869.5967043959893,3174.8428744152375
2025-09-02 04:00:00,1862.7020880960667,1869.364580279354,1859.9804856081635,1862.0644887268006,6382.124583364511
2025-09-02 04:15:00,1858.869525955399,1866.289260210302,1855.0620133104196,1856.5800778481641,9954.890241828021
2025-09-02 04:30:00,1832.359718624837,1840.2380146289013,1834.5218537123071,1841.0052409406806,9983.00660678382
2025-09-02 04:45:00,1826.6443545893376,1827.0653394178228,1822.3880045452452,1824.1893598960803,7862.351771159503
2025-09-02 05:00:00,1797.4012036147915,1799.1279301249683,1792.4124970518187,1797.9237973056006,4188.446027295315
2025-09-02 05:15:00,1764.1161608105301,1769.5843754171774,1761.0131295810402,1763.1177198426776,4761.232865413781
2025-09-02 05:30:00,1761.9776235182017,1766.0176976993496,1753.261812047116,1760.3085789239792,7027.353060034273
2025-09-02 05:45:00,1771.6555025611144,1778.2386212048687,1771.3983198852172,1770.5356255287818,3608.8785392375676
2025-09-02 06:00:00,1782.4495226300573,1791.6303869293033,1776.7496767664913,1780.00256111291,3030.825644736151
2025-09-02 06:15:00,1776.0436383984234,1777.8862566532682,1765.5038945984334,1771.4495080228687,695.0449376400097
2025-09-02 06:30:00,1773.363138445668,1774.8255695664745,1766.2856047965417,1766.273597794514,9832.439453047222
2025-09-02 06:45:00,1763.3685997547618,1769.4911752069174,1760.7233222912087,1769.5080435944287,4570.749878176015
2025-09-02 07:00:00,1787.6274647188795,1793.2710846227887,1787.1276451375545,1791.9285717260964,4523.258221963292
2025-09-02 07:15:00,1811.016731052931,1815.6347644559307,1805.5450991010764,1806.493625420819,908.7126085171384
2025-09-02 07:30:00,1790.419040439353,1798.4840750994654,1789.8522963527769,1793.6971647425605,5232.807207171258
2025-09-02 07:45:00,1784.4513298026266,1784.3504921309325,1775.466850041117,1779.66871138884,8351.982906738238
2025-09-02 08:00:00,1763.1794718354497,1770.7412256266032,1756.1516052228178,1758.1206327997663,7603.993015955171
2025-09-02 08:15:00,1756.4006974477034,1761.999578509834,1750.6314502924367,1757.6264998478453,2616.863663470025
2025-09-02 08:30:00,1769.6669806590476,1778.3431454506613,1768.223049798819,1766.6574764749143,6467.983368707837
2025-09-02 08:45:00,1763.7562212530029,1770.1886369795639,1761.5654622448515,1760.436758116369,6624.5501311497765
2025-09-02 09:00:00,1774.4417167636295,1781.2082190052406,1766.647552639805,1776.262271348875,1898.4106706791456
2025-09-02 09:15:00,1765.7439713830577,1765.1085598998297,1759.776746887831,1766.8278954023492,3848.3674329700443
2025-09-02 09:30:00,1786.6139760406775,1790.9497360301275,1779.0863604139877,1780.5898592900285,2082.8472079574494
2025-09-02 09:45:00,1777.395515029699,1779.966169455082,1766.6958426475571,1778.056285240274,1923.327025224234
2025-09-02 10:00:00,1760.9856010386839,1763.4900325888807,1754.7591567380855,1755.877768675215,2083.9306514784603
2025-09-02 10:15:00,1751.6729068807101,1760.6801365354768,1747.047133986522,1757.9293141229573,4293.655489631388
2025-09-02 10:30:00,1748.5128349922961,1750.8568179331542,1743.8861509028857,1749.2882153087767,242.46548428040373
2025-09-02 10:45:00,1748.688129524934,1754.5269545953454,1743.3339024029221,1751.626317268042,9741.663769175408
2025-09-02 11:00:00,1749.2445331129454,1746.4626681341629,1741.935731283698,1741.3993077267141,7037.651105247517
2025-09-02 11:15:00,1744.743585784181,1747.8666332164398,1739.0473777809002,1744.7016476070746,5334.989433855132
2025-09-02 11:30:00,1729.301771233781,1729.391593675617,1720.9456159518247,1727.3345587670526,1388.1505079961228
2025-09-02 11:45:00,1717.382547195394,1726.572444271275,1719.1857624707995,1724.973446884913,5614.770575890535
2025-09-02 12:00:00,1710.8784219507588,1715.7268629459577,1706.2544688706714,1712.7086233834189,7468.2162845353005
2025-09-02 12:15:00,1719.065402756189,1722.7610143815339,1711.1733098913453,1715.8618474246905,5990.6784207760775
2025-09-02 12:30:00,1713.6830369767247,1717.828605478666,1702.2901772005548,1711.4624829455743,916.6892503366744
2025-09-02 12:45:00,1741.1819394875,1746.7599760755174,1734.1581508459217,1742.178304514496,3457.0100635597887
2025-09-02 13:00:00,1735.2859810647547,1738.0497087718245,1726.478112682135,1733.5242279470378,6659.251252587126
2025-09-02 13:15:00,1733.1336221242993,1738.3613438577465,1728.1232652923793,1726.8197854303223,6263.746166446052
2025-09-02 13:30:00,1763.8950068637098,1770.9283029082023,1762.5717672244346,1767.0810256349114,7381.041419961058
2025-09-02 13:45:00,1763.9559509030737,1764.817509701571,1756.6371540884593,1761.3880631120505,6774.942895322031
2025-09-02 14:00:00,1759.0069269697485,1766.7000373737828,1755.1235641647409,1764.0384203102772,8050.208007349652
2025-09-02 14:15:00,1743.7375312125093,1752.1490141090383,1740.317062835148,1744.4141420194444,5910.123231404277
2025-09-02 14:30:00,1738.137790286698,1736.537566689941,1729.0253848807436,1731.0785763392566,5553.738979121274
2025-09-02 14:45:00,1741.2190786520582,1747.119988444278,1734.8582477192674,1738.3264957467625,4291.335957705895
2025-09-02 15:00:00,1749.008743536214,1754.0029643101507,1744.0252237138634,1752.8187204962437,7092.449765459196
2025-09-02 15:15:00,1730.2752595263005,1736.3350375782352,1730.7600517617825,1736.31028392316,1858.5333779309735
2025-09-02 15:30:00,1750.0672493923132,1753.9439180090303,1748.7232666666303,1753.2133010759912,7414.626055274257
2025-09-02 15:45:00,1763.3361482663795,1770.767280896161,1760.1095628565358,1761.2984590286371,3820.9494013125627
2025-09-02 16:00:00,1768.9878902908101,1770.1176284855,1759.8029874864558,1768.1158037911455,7197.802661265985
2025-09-02 16:15:00,1767.6455894442038,1770.4506765637884,1759.3016678048778,1766.933232777219,4796.200398488387
2025-09-02 16:30:00,1769.7341843246402,1775.666571694425,1762.5595521448988,1764.1184944707004,3709.4480277755233
2025-09-02 16:45:00,1776.4790027367135,1778.4509925818209,1770.6879353058894,1775.511567615283,5582.853099918033
2025-09-02 17:00:00,1757.5412126208098,1763.321868506942,1755.934123305008,1762.5507604427758,892.8948540250361
2025-09-02 17:15:00,1751.9787055056847,1752.602606509376,1743.3951047710527,1749.465429388302,9850.041389697824
2025-09-02 17:30:00,1771.669688086261,1775.2700633179518,1762.6889767537707,1766.861170914136,5786.503482681685
2025-09-02 17:45:00,1775.4423100480733,1779.0384430300194,1767.3701638753244,1778.8437835654302,8258.821520000016
2025-09-02 18:00:00,1767.7486099157697,1774.0725257680447,1764.5614770770646,1769.0926668728287,8554.613241720275
2025-09-02 18:15:00,1751.6256808482847,1755.6102362348329,1749.9374328591912,1752.0631050538686,8948.841410334007
2025-09-02 18:30:00,1756.8328683351824,1766.9178064162227,1758.8011893056023,1763.130324247904,9079.34707319509
2025-09-02 18:45:00,1755.4068972678365,1758.9270233389836,1745.8681465041414,1750.8823719989507,6826.206160071392
2025-09-02 19:00:00,1746.687474362275,1749.6362728264507,1742.075556143673,1747.2209336113592,6935.361340814657
2025-09-02 19:15:00,1748.2416766004883,1748.3751505799135,1740.0920706531708,1740.5246911539718,4761.546039541904
2025-09-02 19:30:00,1745.558708155314,1755.3328657246282,1745.4403052268242,1746.773523927051,3171.1251475073987
2025-09-02 19:45:00,1737.303717418087,1742.4850420131827,1735.9422245020446,1736.6632870386443,2097.272735079335
2025-09-02 20:00:00,1745.662992018734,1750.3361005805941,1742.0509739488932,1745.6746400131274,8980.179204331991
2025-09-02 20:15:00,1741.3573327410957,1743.2161200834717,1730.9085159353806,1737.7803226984988,3835.2598603595234
2025-09-02 20:30:00,1733.1664749908998,1738.963116597006,1727.726602252175,1727.7142128612666,2313.494043305354
2025-09-02 20:45:00,1736.478219535558,1743.6587010703036,1735.029404808392,1736.0017050308757,1692.4379984549264
2025-09-02 21:00:00,1748.948375143579,1753.4177599642032,1744.2438272972374,1752.1241046620048,2713.079703023605
2025-09-02 21:15:00,1752.2921025151481,1752.15585549953,1746.9820158260143,1748.4878266100486,1162.3512852899034
2025-09-02 21:30:00,1774.0105121976585,1783.416895472197,1773.6552919306823,1778.766965811735,398.52662401323613
2025-09-02 21:45:00,1776.325310857236,1776.7902489666574,1766.333470421265,1777.3050364906758,7191.301070998429
2025-09-02 22:00:00,1783.719810937036,1786.4749601154895,1781.998357430179,1789.1266593424389,6714.628666130123
2025-09-02 22:15:00,1786.1360201238786,1792.5190215224266,1783.2472575652737,1787.7719167958378,6387.416001117177
2025-09-02 22:30:00,1775.0931983176106,1779.1460648335071,1773.338871197654,1779.4578179820683,6048.92445777893
2025-09-02 22:45:00,1779.096953774715,1781.8197056836673,1769.8519241411755,1775.4694032400469,9022.777136541432
2025-09-02 23:00:00,1759.7347659400161,1762.0920525126833,1753.9607235166698,1760.8763967828465,1223.5934141152538
2025-09-02 23:15:00,1763.582494424775,1768.2037825857965,1757.7485291161352,1765.5457338763645,2206.7349435172605
2025-09-02 23:30:00,1759.722014856517,1767.113787935077,1758.2593713857862,1763.1061901872931,4907.023645490673
2025-09-02 23:45:00,1758.5504775612205,1767.1247936191387,1757.8966577654182,1764.693868818141,6828.447416674909
2025-09-03 00:00:00,1751.2938519054321,1757.9532692227688,1751.2493390265552,1758.4591336239116,1089.6820444115247
2025-09-03 00:15:00,1750.8322815660192,1757.4204540156034,1752.8558307359685,1758.0347468610405,432.5707493873397
2025-09-03 00:30:00,1748.5213178698752,1758.8817548594718,1744.9918423259135,1756.3157606758386,5332.170279973907
2025-09-03 00:45:00,1727.6392744193056,1736.328970594867,1730.4225056176072,1734.8781481234685,5874.115384091094
2025-09-03 01:00:00,1725.5435022332433,1732.6115202084688,1721.9439901300757,1720.2300978485393,5608.835902484758
2025-09-03 01:15:00,1710.613879085988,1718.6754625808735,1707.8004515311604,1714.3074890288751,3686.173762338632
2025-09-03 01:30:00,1719.5742118975143,1722.5896331351994,1712.2816329467425,1715.8722479556038,676.0339558655684
2025-09-03 01:45:00,1732.6734775362693,1736.5925107642777,1728.2443581107786,1738.571222297903,5569.064705393234
2025-09-03 02:00:00,1734.8492598882783,1741.6568352431175,1732.4190699044489,1739.502133507225,8920.653068952515
2025-09-03 02:15:00,1730.8032839034086,1732.4310987273752,1725.9246541628752,1734.0284512725345,5217.757153148659
2025-09-03 02:30:00,1736.63979052775,1747.2455880764319,1735.2855392714537,1741.3628945918304,6467.620017904112
2025-09-03 02:45:00,1742.736038722549,1743.9354368991574,1735.059799982084,1741.4242263454457,3640.360313494788
2025-09-03 03:00:00,1742.4527776740158,1744.5668224707665,1737.060412455827,1740.4599792246408,1961.2390897320056
2025-09-03 03:15:00,1748.9298125764353,1754.356190357193,1743.3128398279102,1747.7113007825262,5344.392233653639
2025-09-03 03:30:00,1767.7741300356392,1772.0556951259236,1759.065015769894,1761.4266878933588,5974.85840662107
2025-09-03 03:45:00,1759.4077371352666,1766.568372535651,1755.7573780333562,1756.6204021675032,4279.094903495555
2025-09-03 04:00:00,1749.6435865153599,1756.0896635054835,1745.8260225378945,1753.7979869631367,320.5933120672048
2025-09-03 04:15:00,1741.9980122999332,1749.3781513020476,1736.8632579602593,1745.459426684796,1908.166838934793
2025-09-03 04:30:00,1733.913208947627,1735.4171228631985,1728.7526719767002,1732.4244205918856,4646.111437211286
2025-09-03 04:45:00,1759.9923653670344,1770.7524069486217,1758.1307691153527,1766.7252104410418,8445.420040315888
2025-09-03 05:00:00,1772.8890684439104,1773.430344207343,1763.2484722254371,1768.7781264113821,5860.728268435334
2025-09-03 05:15:00,1762.6749310307669,1762.6139231266093,1752.2060755514121,1756.434925782003,1022.4527531485971
2025-09-03 05:30:00,1754.4551786290024,1762.6129103565731,1752.796154903435,1758.4998309969048,5146.431596633214
2025-09-03 05:45:00,1757.1129914540322,1765.907960610779,1756.0369822997504,1759.4189558430603,2019.0180277387512
2025-09-03 06:00:00,1754.1424219734474,1760.2143018824245,1750.8314074456111,1758.2356450908683,9602.873473045009
2025-09-03 06:15:00,1779.2887777957087,1787.243630244272,1774.5309772656328,1786.3455740617185,1284.8810505677006
2025-09-03 06:30:00,1770.1767262962933,1774.8579469927163,1760.2007491767736,1765.5971567626302,4513.827556545369
2025-09-03 06:45:00,1759.188934795293,1764.4216359963125,1750.0724074479926,1755.954580565414,7866.929587708179
2025-09-03 07:00:00,1747.2991037276454,1749.9173272701548,1744.2445346677468,1747.0242276364986,6623.377572080961
2025-09-03 07:15:00,1753.3289120374386,1761.463892012855,1746.5982388033228,1752.2606799011824,1378.2706897569517
2025-09-03 07:30:00,1747.2755040025602,1753.4532850721862,1745.2703613464346,1753.0814554101773,3248.938870875147
2025-09-03 07:45:00,1729.8511293198928,1733.6348402341323,1722.5371455641023,1725.835145387125,4319.432186146054
2025-09-03 08:00:00,1739.9634183553676,1746.4167611218172,1740.2560001336826,1740.490038515131,6049.840106852169
2025-09-03 08:15:00,1751.6536048005794,1760.7744218022679,1749.7020273093588,1757.8626711250188,6985.055282165686
2025-09-03 08:30:00,1776.954032731341,1784.3882200682394,1773.4277325759276,1783.332395585232,8669.968360438439
2025-09-03 08:45:00,1794.6312642710311,1805.0581046704551,1793.5621685555354,1796.4659787589603,6629.338743716359
2025-09-03 09:00:00,1788.846964062264,1799.363465752466,1786.6070323452343,1787.7024201041554,2446.4539186357442
2025-09-03 09:15:00,1751.8890988867543,1760.0479293000756,1749.1493929692776,1756.5247519693864,9028.139971306648
2025-09-03 09:30:00,1754.2029896333936,1762.198730397534,1751.6050374185015,1756.1695527594957,6799.773455820667
2025-09-03 09:45:00,1759.145593332558,1765.4139944773294,1756.7617882934708,1763.2095498551369,6762.736705016185
2025-09-03 10:00:00,1803.5289964025308,1806.4262419377671,1793.0439067072061,1801.1281249629776,9935.727113062645
2025-09-03 10:15:00,1820.5055332247111,1827.1602556988987,1820.0583657173152,1824.2419883072191,7515.357809827154
2025-09-03 10:30:00,1851.645660406901,1851.1302381759974,1844.3443891218624,1851.935581419113,3599.6352457926555
2025-09-03 10:45:00,1868.3463215060813,1875.1311271341942,1861.4807988615903,1867.9078081775147,4550.977216228086
2025-09-03 11:00:00,1872.1886769094724,1873.6827911450603,1862.8358617664112,1870.2689728632347,2684.1767198936495
2025-09-03 11:15:00,1827.1138682864287,1833.291200738218,1823.947936663779,1828.5309606419544,9301.85426733834
2025-09-03 11:30:00,1850.149963013403,1858.8775384703201,1850.858993213149,1850.2485967453094,9956.033631276858
2025-09-03 11:45:00,1878.1015908651384,1885.1515788487345,1873.8628453766505,1879.4060415105569,2474.5128642669224
2025-09-03 12:00:00,1893.2219650388367,1894.2545546619297,1885.2303990150747,1892.6967464834897,5024.968030928405
2025-09-03 12:15:00,1912.9408824892955,1920.876547054242,1910.676434580769,1915.1371414732494,2667.99720063491
2025-09-03 12:30:00,1923.861646990686,1928.5127921667356,1919.2236541073153,1921.2162183832775,8572.233576648296
2025-09-03 12:45:00,1939.44866243694,1942.3412658299671,1929.6517237251896,1937.3296039661245,5639.965399191001
2025-09-03 13:00:00,1943.3226542510058,1946.802398671031,1936.8837567008516,1942.6761530037427,1194.6260284521582
2025-09-03 13:15:00,1929.7700889737284,1934.400905897241,1922.5930140003054,1931.5970118391242,3610.9355016084664
2025-09-03 13:30:00,1909.8796785091458,1919.2759973675984,1907.2580760600888,1917.3178327721184,4674.534507195098
2025-09-03 13:45:00,1892.9846097718298,1899.8199158612135,1893.0717402014511,1893.8242753837524,5216.129029346586
2025-09-03 14:00:00,1898.9133832871291,1904.5111505796147,1896.0933129726268,1896.7234539580975,731.8219354055697
2025-09-03 14:15:00,1903.2517674318913,1907.0955574165173,1899.6442758753064,1904.9314823912632,2053.6683821098077
2025-09-03 14:30:00,1890.9150124833445,1896.2283272217849,1885.6129018650115,1894.465059541184,8292.021513452311
2025-09-03 14:45:00,1874.0118854195885,1883.0783255684116,1872.7015756691465,1876.9804882618616,4160.237267369384
2025-09-03 15:00:00,1862.705242246557,1871.2604358780898,1860.402391672548,1864.8820603260742,5060.805689697175
2025-09-03 15:15:00,1876.1310225620086,1881.6535836876722,1872.5411998373297,1880.7124642886708,8432.345452531497
2025-09-03 15:30:00,1867.8741833185384,1868.2544867840897,1860.9460250373454,1867.2089152201906,5021.683417206381
2025-09-03 15:45:00,1877.6706348797698,1879.650714173435,1867.7041208163685,1874.837784454409,9339.883088699338
2025-09-03 16:00:00,1874.892427056636,1877.9654711911776,1864.2483440356557,1868.61486079991,5324.559676272369
2025-09-03 16:15:00,1854.7877556739954,1858.7611622418908,1847.306393679801,1853.3541151139286,1229.3388486290173
2025-09-03 16:30:00,1878.536526806316,1878.069351398921,1867.074564539079,1873.6816266427195,3637.5393424439076
2025-09-03 16:45:00,1884.3727002095593,1882.982725217053,1878.8427212482693,1881.9500309777877,5614.455267335793
2025-09-03 17:00:00,1888.4431684512258,1898.3323498864208,1884.0938786803117,1890.8022031711348,8890.146150161632
2025-09-03 17:15:00,1856.4041063543375,1865.1517841307918,1854.8307010109952,1859.993428536708,6199.32576228051
2025-09-03 17:30:00,1883.16951397548,1890.3751931558936,1879.8142341332418,1887.621791597199,3905.9180721652187
2025-09-03 17:45:00,1898.087906415067,1904.0339918170143,1891.2110269537268,1893.1387461090462,5315.865803282444
2025-09-03 18:00:00,1898.362655286409,1902.625529046259,1888.3208476595964,1897.9909871443108,4304.397786837854
2025-09-03 18:15:00,1880.6246980104215,1890.7882450135103,1880.3819494525144,1888.2459274503503,8987.29701571331
2025-09-03 18:30:00,1884.5520821975342,1892.5962300784745,1886.1708529578782,1890.438445871955,8135.652769305867
2025-09-03 18:45:00,1875.104377678968,1880.624372320489,1874.24888911994,1879.5441996900356,9748.646387994962
2025-09-03 19:00:00,1886.207052120662,1896.0905194273278,1886.4890253201336,1889.2792823891366,1809.0272476540413
2025-09-03 19:15:00,1885.1193497458344,1885.5728748904987,1875.804598810259,1880.1358518063805,5502.687408258407
2025-09-03 19:30:00,1890.1116883841305,1893.0050691570693,1882.8930239303866,1885.068333212507,9455.095998246916
2025-09-03 19:45:00,1893.3094723420995,1901.5756304468161,1892.7961428205022,1895.5303671490356,5210.712278681019
2025-09-03 20:00:00,1941.9776399544146,1948.0199982112986,1941.2724370301496,1939.8463329679894,3156.074636729877
2025-09-03 20:15:00,1952.955672255341,1961.127291610098,1945.9591978125404,1950.1792614744904,8863.356140221438
2025-09-03 20:30:00,1951.0605636827013,1953.137740439621,1944.8302585433887,1947.5940529861737,1897.0702720590352
2025-09-03 20:45:00,1952.6140693948967,1951.908727127412,1941.1137500225232,1946.9283549715233,1441.7197716831897
2025-09-03 21:00:00,1945.0449712625314,1951.5572794032687,1941.7964817590187,1950.115054620009,9546.524924333728
2025-09-03 21:15:00,1940.5186091670678,1946.9914704062014,1933.4780596031667,1936.8320684306757,4427.406925051181
2025-09-03 21:30:00,1915.155121993201,1922.999028471114,1912.329528910597,1914.618223840098,4799.887288482214
2025-09-03 21:45:00,1915.6786454078238,1918.9604105149226,1914.1394772783678,1919.461722702142,9781.477091927149
2025-09-03 22:00:00,1930.730766360243,1938.6381915687516,1931.8500829500172,1935.5502644922917,6377.739853239171
2025-09-03 22:15:00,1928.4691460598747,1936.449106567582,1928.4368192613065,1931.914437678494,6429.326972738615
2025-09-03 22:30:00,1946.3239465115198,1950.548643735069,1939.6707495538801,1942.2645255065163,6545.997392708899
2025-09-03 22:45:00,1948.78622723195,1956.0237007395842,1942.6058520088047,1945.7630067481282,1661.6389632765793
2025-09-03 23:00:00,1971.3543604592462,1972.4831583257987,1959.4644617499384,1969.2504181541456,3772.342927124348
2025-09-03 23:15:00,1953.9965176499277,1962.624104937842,1950.49546549247,1954.6489306441772,3539.101094456065
2025-09-03 23:30:00,1929.5156165861247,1928.9969413656324,1919.9705768172935,1923.0780927619812,9611.201414938678
2025-09-03 23:45:00,1948.4145750677121,1948.8797383095452,1940.6635751740603,1943.0470482793842,1778.00219415023
2025-09-04 00:00:00,1925.8012648574568,1930.2386551431998,1917.8127594982284,1926.354118274987,1983.1870055863865
2025-09-04 00:15:00,1914.8095387956407,1918.4231301007064,1907.59760229509,1909.1999276774975,3139.8044051613238
2025-09-04 00:30:00,1909.5690370816544,1908.5400378361062,1901.9151019064943,1900.247379387569,8180.383156935312
2025-09-04 00:45:00,1883.9081555806258,1891.8661562664615,1879.7017226296095,1882.5644844603487,8441.777054526026
2025-09-04 01:00:00,1869.765166963369,1878.0137052799817,1867.6758647605052,1875.7059562770278,7248.717038533364
2025-09-04 01:15:00,1861.8718137132037,1862.5235503418323,1854.0632017472744,1855.4421634591927,8978.395965273818
2025-09-04 01:30:00,1870.660741995532,1871.7796265002914,1865.2327596327332,1866.0704829904203,7940.24804319253
2025-09-04 01:45:00,1877.2521508002483,1880.3178003471537,1870.1698153514885,1876.0138085036367,9665.79577495858
2025-09-04 02:00:00,1851.1850477261835,1857.8886597058379,1845.8133175334685,1849.0531411744143,8748.883821186502
2025-09-04 02:15:00,1845.4131572596011,1845.3706072652537,1835.653217527231,1844.4150488952139,4765.242631412079
2025-09-04 02:30:00,1835.734823881141,1846.2711569729518,1834.426048076115,1844.6378282416897,5247.452331859033
2025-09-04 02:45:00,1820.758707095215,1825.0382399389414,1815.5696630780399,1813.2720747238561,4338.085674194993
2025-09-04 03:00:00,1851.400139766409,1854.2513922157978,1846.8624657714388,1853.1862996779175,907.3325817034815
2025-09-04 03:15:00,1851.6398154264928,1857.5174497967382,1849.5141848995227,1852.4488664974438,1192.2019054089285
2025-09-04 03:30:00,1880.214064118696,1881.7091256003773,1871.7976233307645,1880.7449364694812,763.2893373660089
2025-09-04 03:45:00,1877.2392593954137,1885.8661800354787,1873.399122928532,1880.8292902701767,1908.3877752923884
2025-09-04 04:00:00,1872.9878556693202,1874.340159309298,1865.9765009571033,1871.9930801679798,6844.164514364577
2025-09-04 04:15:00,1868.6067919030065,1874.790926481645,1866.0534623365302,1872.2219628219345,6211.580706484364
2025-09-04 04:30:00,1861.2908165813367,1867.4155814486926,1859.8653552860508,1865.5997570778095,9920.54236220893
2025-09-04 04:45:00,1848.7366659170966,1852.6363558063683,1847.0963031825108,1849.6014612623053,8733.654610459613
2025-09-04 05:00:00,1863.9018963537883,1863.951832006507,1854.3875369414675,1855.4588141613647,2216.090860930927
2025-09-04 05:15:00,1854.7439585031987,1866.2396032139168,1851.7561625640335,1858.985228318538,8151.194087926309
2025-09-04 05:30:00,1840.9288816231208,1846.841145088951,1836.5675344908927,1839.7039737342627,3415.2748769355503
2025-09-04 05:45:00,1849.7657540190253,1855.7166846951386,1848.1642144231812,1855.9653956724303,6691.303874024384
2025-09-04 06:00:00,1838.586296398597,1846.6420488791975,1831.8372540589132,1833.9997385187344,1223.7667868906572
2025-09-04 06:15:00,1857.8351579967707,1861.7865625954435,1851.3032570283365,1862.125872225444,4617.238823504429
2025-09-04 06:30:00,1852.8454145579044,1855.9498375465446,1843.045312563448,1849.9892251011645,9019.979977898423
2025-09-04 06:45:00,1848.131184995343,1850.9969448294594,1841.8684444531216,1847.8780702526137,2265.575248574923
2025-09-04 07:00:00,1831.8350637811793,1836.013440400905,1826.82625635713,1834.4491134719274,6753.572248012796
2025-09-04 07:15:00,1835.1222330836404,1834.3406939063677,1823.651493690991,1829.971775992277,3672.404675176832
2025-09-04 07:30:00,1815.9143884021178,1824.464709945566,1809.7852030366823,1819.4160132228103,9230.449908454415
2025-09-04 07:45:00,1819.5664472041665,1821.1951765774445,1812.1731643798087,1817.549841282167,916.0550890658468
2025-09-04 08:00:00,1829.8351445634587,1832.3249151783766,1822.237546928788,1830.2605751913327,8391.911801204578
2025-09-04 08:15:00,1826.536113947293,1832.695628275049,1821.9908477800745,1825.5249696998978,3209.6425673835533
2025-09-04 08:30:00,1838.7341389813773,1838.1039888024256,1831.2571211171446,1835.1980595077657,5310.371112689732
2025-09-04 08:45:00,1845.8484563182521,1851.09644266025,1839.2870570681591,1843.4341620569232,3050.1598473965896
2025-09-04 09:00:00,1851.290362390489,1853.3489204764455,1846.6300507531305,1847.8140874207381,7794.299301134863
2025-09-04 09:15:00,1844.2306934984629,1843.3197596523512,1834.3624885656338,1837.5994937049923,965.6285037337237
2025-09-04 09:30:00,1816.5267879241314,1818.4606892852728,1812.9241068595563,1813.8389692046399,2815.3971825789067
2025-09-04 09:45:00,1819.6158979524732,1820.4053393014,1810.6963254758657,1812.1350283892004,2829.110046026353
2025-09-04 10:00:00,1821.104458168098,1823.1510416654387,1814.4733941501947,1817.2465702136685,226.80971172841652
2025-09-04 10:15:00,1825.6631904415983,1827.484869795302,1818.2823148907123,1823.900515277536,7353.3165190873015
2025-09-04 10:30:00,1787.7011433935484,1789.6631287905398,1776.3140502302178,1782.898955211277,2051.5134450296387
2025-09-04 10:45:00,1778.6171188291098,1781.5235773177744,1767.3366016751938,1777.513348039839,2837.434765808226
2025-09-04 11:00:00,1792.6931911926235,1800.9863621147194,1792.673680696486,1800.8236599921881,698.6235927178142
2025-09-04 11:15:00,1802.3833815686182,1812.6824341846766,1801.8523939751135,1810.8152523201707,4394.790915843615
2025-09-04 11:30:00,1806.1233126372433,1810.6611915476926,1801.7726047524245,1807.468659835536,8951.402727825278
2025-09-04 11:45:00,1795.5498472627635,1799.5941229597552,1790.8380161259472,1796.0789273471396,5456.465008548446
2025-09-04 12:00:00,1810.1255910357686,1811.0223106421568,1802.1873176364425,1808.6524768027475,7025.839078270273
2025-09-04 12:15:00,1784.576359265301,1787.3021209555984,1780.3399180203971,1781.423547043889,3751.667718166311
2025-09-04 12:30:00,1796.3562138171078,1798.4538280701597,1784.9922468582542,1796.6099010416897,3078.122805644754
2025-09-04 12:45:00,1806.446421232889,1808.938359286171,1797.554798978723,1807.5733184645708,6964.949071824913
2025-09-04 13:00:00,1801.6358890149095,1807.4999891981718,1798.0624544115763,1797.580008486627,8873.917746008956
2025-09-04 13:15:00,1803.5587360753736,1809.405988779124,1803.1345294621467,1807.5161621456598,7736.238911362048
2025-09-04 13:30:00,1827.537836204624,1831.8305109684004,1821.0686005758923,1824.7864004302166,7143.301671823604
2025-09-04 13:45:00,1807.705872776619,1814.309661849926,1804.2555940583607,1815.5337442506343,9359.406921839794
2025-09-04 14:00:00,1840.437814460533,1842.8701995407675,1834.1647169759701,1834.2284527047582,3046.03690592792
2025-09-04 14:15:00,1835.2786010409795,1836.0832668181474,1828.5256096971773,1829.7127336966003,5803.511764410317
2025-09-04 14:30:00,1801.6161863228283,1805.6663968122305,1790.3999527672388,1798.8894655265397,2887.662400466258
2025-09-04 14:45:00,1801.0199006084297,1805.4976624915507,1795.1964472924235,1801.01501667618,7606.944930286007
2025-09-04 15:00:00,1783.0088057386495,1789.0036958284522,1783.542169124995,1789.7139903651344,4797.642271928986
2025-09-04 15:15:00,1779.3443758987912,1789.4228093006197,1777.4856247550904,1782.925541384045,9359.500936819135
2025-09-04 15:30:00,1767.0427125472886,1775.1067652508816,1765.9307585669437,1766.531204900475,3976.926550624031
2025-09-04 15:45:00,1789.6967559238199,1793.6645734050378,1788.4618960806522,1793.527296183023,5156.924453341998
2025-09-04 16:00:00,1782.2811452103535,1792.5797992609912,1781.1972105520192,1783.019403130928,9168.74767544581
2025-09-04 16:15:00,1773.2127579469948,1780.463278595106,1766.2133899068494,1773.9206224510997,7320.538975010486
2025-09-04 16:30:00,1773.991146193742,1775.8678178804312,1767.0727552243793,1770.589424039108,397.5567124690316
2025-09-04 16:45:00,1772.1686660575854,1776.4344553291944,1760.5928942479436,1768.02416293949,3370.755099824176
2025-09-04 17:00:00,1765.9419061564454,1770.6266231020304,1761.4492519702753,1761.9754504398845,8997.0616383671
2025-09-04 17:15:00,1779.1923349749043,1784.1276371423517,1773.1106377112296,1776.1284499426658,3404.1090154471462
2025-09-04 17:30:00,1769.243931060131,1775.167309275371,1768.3446391501868,1768.5365772442954,4161.873382720654
2025-09-04 17:45:00,1778.7755613887305,1781.5840509206755,1771.2683088538251,1778.0946630467859,2419.3787339684814
2025-09-04 18:00:00,1772.4085950402614,1774.9309339678532,1763.9021349763773,1770.3724569768367,1505.7958716613718
2025-09-04 18:15:00,1778.687409862173,1786.4310579817682,1777.8786601054221,1778.450253451672,6076.1661560868915
2025-09-04 18:30:00,1806.76537441461,1812.2196695081175,1801.3127487141091,1805.491822382283,1651.4002907923298
2025-09-04 18:45:00,1809.456711322558,1809.5897870744113,1804.1783875585688,1805.3627373325874,2647.0499272048696
2025-09-04 19:00:00,1782.2880293701348,1791.6172326394058,1779.5205187787135,1785.2386884903015,7064.878518745974
2025-09-04 19:15:00,1789.74451368122,1790.59364208851,1781.1995236996681,1786.116448071864,4842.023841909856
2025-09-04 19:30:00,1819.7392132947953,1826.560379944618,1814.848002167414,1820.7744076040542,6116.383199208972
2025-09-04 19:45:00,1822.5339199712582,1827.145871377095,1817.339771790232,1826.5900608801412,5844.273702796872
2025-09-04 20:00:00,1816.8593484041264,1822.7315719206338,1812.728598472796,1818.1191424578751,4697.930309289846
2025-09-04 20:15:00,1811.9247591456146,1820.7716781957965,1810.265797975447,1808.6558465342337,2814.24138246975
2025-09-04 20:30:00,1821.7973743554235,1829.8592749269756,1820.4353152216934,1826.4992781981903,7969.670743190235
2025-09-04 20:45:00,1803.8855003780463,1810.0025933239926,1798.8781799301537,1800.750455947013,7704.710543399503
2025-09-04 21:00:00,1822.3648958559393,1834.538363569433,1819.3955918659703,1831.9962433050437,2067.118759155892
2025-09-04 21:15:00,1828.97047829937,1834.9822554544846,1824.6472249242652,1828.0800593139365,913.478274841908
2025-09-04 21:30:00,1849.4962117192342,1856.9027027570169,1847.590374877845,1855.238350642293,8108.1357421140665
2025-09-04 21:45:00,1830.4946600080095,1830.602997626917,1825.5239740306365,1825.74505956981,2515.7069269123153
2025-09-04 22:00:00,1849.033327201478,1857.5785521134267,1848.4970060035494,1846.5846668813517,6856.746821136826
2025-09-04 22:15:00,1845.8161166455382,1854.8704508818098,1847.9603109984869,1854.7473942251577,1806.124578056126
2025-09-04 22:30:00,1860.3916230090165,1865.5520234057767,1856.9854121559167,1861.0744586531066,7681.363064870156
2025-09-04 22:45:00,1840.2631213344403,1841.3842633680372,1833.0754490738932,1836.4007018878794,5202.241240666165
2025-09-04 23:00:00,1814.2254556769321,1821.9561351388966,1810.225338316637,1811.8716241154857,9677.065889846672
2025-09-04 23:15:00,1812.0179848581267,1814.9890872465646,1808.7382906755201,1811.1162218507595,7484.741352211824
2025-09-04 23:30:00,1808.710708034172,1814.9187275680388,1808.265938750632,1811.1196467293487,1877.813608076938
2025-09-04 23:45:00,1805.841166255602,1815.2524752192708,1807.6787243139834,1806.0090936407798,3637.112911937278
2025-09-05 00:00:00,1809.7700382941887,1818.2775732969642,1807.0937976435996,1815.0829117279109,6128.882074146839
2025-09-05 00:15:00,1795.822198497261,1801.282019078664,1792.9655938158346,1798.7123192889821,729.5154815267966
2025-09-05 00:30:00,1813.99632608336,1818.6299623811499,1806.4252882036435,1813.4465300044942,7839.663606093699
2025-09-05 00:45:00,1813.725610935399,1820.6823629291653,1808.2718200970319,1820.1023137926634,4767.296063214475
2025-09-05 01:00:00,1804.8773887201673,1808.2468072368733,1796.6551010736846,1801.5069737882086,5292.442365913071
2025-09-05 01:15:00,1811.242308580727,1810.9270359700963,1800.434390429163,1807.717851349211,8236.5176270753
2025-09-05 01:30:00,1775.7642659133521,1783.15588594485,1776.6937976610054,1780.7015786239322,1713.7856165948945
2025-09-05 01:45:00,1784.0951054488212,1793.0696104207832,1784.3604232563694,1786.6912996928097,9951.724546548652
2025-09-05 02:00:00,1790.6938800783091,1796.9082191722853,1788.4152595149094,1795.103140855318,4980.046352138642
2025-09-05 02:15:00,1801.1040482577703,1806.337724439504,1796.7242943118124,1796.6897350825147,6336.8350240056325
2025-09-05 02:30:00,1759.2130623983526,1761.097310964377,1755.7700653188672,1755.0082179456465,5813.684900052811
2025-09-05 02:45:00,1744.539874291647,1751.3628107295997,1743.5180791038727,1745.1016983593006,1156.6219480372856
2025-09-05 03:00:00,1749.9053775886607,1753.9633167199745,1748.113216732623,1747.5840597716715,622.8123199210171
2025-09-05 03:15:00,1742.4360564742844,1740.8781940323672,1735.1210184984598,1736.2037580408446,1992.1220866910053
2025-09-05 03:30:00,1736.1736870346624,1734.421765811134,1728.3927133275538,1731.4482369092234,1102.426133225823
2025-09-05 03:45:00,1721.3980012502016,1731.3946546812167,1722.7743884131514,1722.9841334507955,8445.520193694838
2025-09-05 04:00:00,1696.3171265413664,1702.0991942150822,1690.6144577132184,1699.9767638545009,1329.5591851698828
2025-09-05 04:15:00,1725.3454190492164,1727.851566543227,1716.3720245101915,1716.7399617899232,3851.4069822706747
2025-09-05 04:30:00,1714.5065348456626,1720.573639205542,1708.7563961737562,1711.7057101180262,8080.898735701683
2025-09-05 04:45:00,1714.3541262063982,1719.201663859206,1706.0578098006486,1710.1503992400021,3705.1211348785887
2025-09-05 05:00:00,1740.0423762863907,1748.5420955389452,1740.5496180990217,1744.5352313692986,8859.654479222523
2025-09-05 05:15:00,1737.9981767640031,1737.8514987138965,1730.394821818897,1738.805633568563,7001.016243488633
2025-09-05 05:30:00,1742.498270606322,1747.7552302721276,1736.0352560354693,1739.3399259105047,282.8434791432245
2025-09-05 05:45:00,1706.0530493221672,1711.6588699158851,1700.3699611917832,1702.0698553186714,5200.4520801473
2025-09-05 06:00:00,1694.89368170451,1705.8411452495243,1691.49990542214,1701.3138112242102,8501.347623901243
2025-09-05 06:15:00,1681.5861655803774,1684.4634647295538,1679.2697795026102,1683.5352567014206,8651.020145587461
2025-09-05 06:30:00,1661.1648548071132,1667.5728164055968,1656.7356075352734,1665.8245527740355,523.544229339124
2025-09-05 06:45:00,1672.441764325236,1673.0484919929256,1662.8112096892428,1668.8389772111095,7191.443662387591
2025-09-05 07:00:00,1683.288973053441,1686.491266958977,1675.9070085638057,1686.527646316202,5148.220313585794
2025-09-05 07:15:00,1704.5794283890534,1711.3315120556117,1700.3720952598212,1706.6241358949896,3748.1355830033967
2025-09-05 07:30:00,1693.2538776542247,1698.4346266165542,1693.4626045812201,1691.468236603454,9705.73995516718
2025-09-05 07:45:00,1661.4228116745319,1664.435365422924,1655.1168354785311,1661.5884218918438,7577.756205445314
2025-09-05 08:00:00,1673.6228809376018,1675.7129537963465,1663.6409950807708,1674.1417827887544,5781.7148161650075
2025-09-05 08:15:00,1668.1529987456647,1670.9271151684684,1662.947902046834,1666.3847152296344,6370.112417604576
2025-09-05 08:30:00,1666.4492637942403,1670.9979059479579,1666.254964764724,1672.741908830238,6198.070499090938
2025-09-05 08:45:00,1686.583569133551,1696.0084667754572,1686.2746119547076,1684.8411889011657,8746.174151015897
2025-09-05 09:00:00,1725.0438605898244,1727.0584894132533,1719.6965923187345,1723.4623401572635,7986.579534230776
2025-09-05 09:15:00,1716.055649684379,1721.7135501440612,1710.9475537444973,1720.7281361732032,8060.212998597915
2025-09-05 09:30:00,1747.430291173332,1749.759273070994,1743.346907047252,1740.8916987712491,5395.850110440067
2025-09-05 09:45:00,1757.5332954399867,1761.3456063252015,1747.6932723724872,1755.576559191543,276.93086575448945
2025-09-05 10:00:00,1750.6003099476272,1750.7155175943187,1742.6214408274943,1747.8102752594389,6886.661458532413
2025-09-05 10:15:00,1745.0804978443648,1747.3512769329484,1734.5712371892662,1744.3484832488787,2528.4320602578273
2025-09-05 10:30:00,1721.6599010359064,1733.2129531561022,1721.9244371533448,1727.3920322490924,2445.2061272855894
2025-09-05 10:45:00,1728.265426451171,1735.043478339132,1726.3043681057131,1730.7126223348325,6258.764153697215
2025-09-05 11:00:00,1734.052430914478,1739.677817701197,1732.9805080738088,1737.8960414909884,6123.364099178795
2025-09-05 11:15:00,1726.5922457863587,1735.221016318576,1726.6267013561292,1729.5726782574454,5934.746443169625
2025-09-05 11:30:00,1729.5951012524076,1733.4831173764894,1722.518628393381,1724.958794591899,7519.7068346754795
2025-09-05 11:45:00,1703.4306512150629,1707.245541264038,1695.3359250345413,1703.2323780874597,1651.7612414916568
2025-09-05 12:00:00,1711.023085252309,1716.6256771730036,1710.813187974534,1710.6046102437624,6899.7868621251455
2025-09-05 12:15:00,1724.2589924798347,1730.924319764624,1722.4552659962558,1729.0465372115534,2115.732383447221
2025-09-05 12:30:00,1730.2869566606073,1738.3362791932252,1724.629252348847,1730.6784770353293,4574.318933971474
2025-09-05 12:45:00,1725.6232067487554,1733.9188476529976,1719.6681469455,1721.8952015044947,3025.9909283121874
2025-09-05 13:00:00,1735.5074684694143,1741.6858958537987,1732.7929338813976,1738.8162113643878,7586.506120002142
2025-09-05 13:15:00,1731.2948951553444,1731.0185513803704,1724.052902766521,1725.5683646599323,4338.713866101811
2025-09-05 13:30:00,1746.1521359328501,1747.4958695365222,1737.1235588576146,1744.3790263141823,7169.184982653651
2025-09-05 13:45:00,1738.3644478671297,1743.8632609998335,1734.3850212594014,1735.3053176141989,319.95783199852815
2025-09-05 14:00:00,1729.8499856151634,1734.2084206613486,1727.5460170143642,1729.3795485621024,3537.744092165814
2025-09-05 14:15:00,1736.7759932629863,1736.164033846462,1730.8077908190094,1729.2427475899751,431.440345334232
2025-09-05 14:30:00,1758.8344887308913,1762.7802985930978,1749.1136408599702,1752.9179404234935,9761.263941103833
2025-09-05 14:45:00,1748.018417542902,1752.8875241333326,1739.5086459827255,1750.7027261919116,7395.737693297196
2025-09-05 15:00:00,1770.0580990720034,1769.0861167657745,1758.8342425159021,1767.3320417169414,2106.5814795734295
2025-09-05 15:15:00,1740.8539641524899,1747.331524670948,1735.521466920167,1741.7245552149675,2129.228039073999
2025-09-05 15:30:00,1735.071572268087,1734.8930819860127,1726.9632489980634,1728.5841953017098,5240.928555902267
2025-09-05 15:45:00,1735.6447698176682,1741.456082582214,1731.779014208622,1737.1443040146046,200.96669573301398
2025-09-05 16:00:00,1747.9259558394024,1751.9850060253968,1744.6855849524989,1744.117516098689,7778.582672761889
2025-09-05 16:15:00,1774.144091573894,1778.0977470625182,1764.7702102389103,1771.257521544515,5171.829938052152
2025-09-05 16:30:00,1782.4434966807296,1784.3259724027164,1777.4262183630035,1785.7893994526644,2250.1111123842456
2025-09-05 16:45:00,1764.9977350422394,1772.894028337749,1765.9713653638635,1766.7348957690888,302.014640082662
2025-09-05 17:00:00,1783.7150593009062,1786.1674643812537,1776.3370653151162,1781.2378017467645,1195.4502075181367
2025-09-05 17:15:00,1764.6568191794001,1767.4706860161734,1757.2993822506207,1765.293026729609,7469.818070138632
2025-09-05 17:30:00,1762.0363103555069,1769.4427968794334,1762.1664739170863,1769.9826408132099,4981.4201633770645
2025-09-05 17:45:00,1754.2518019417573,1757.968886560229,1751.2662532583815,1755.1923029399652,4913.466705691526
2025-09-05 18:00:00,1773.5936515238889,1775.8999178679694,1764.9580043343713,1774.0351656351825,9223.090985312007
2025-09-05 18:15:00,1764.5116942517059,1772.2147029172354,1765.4647384635505,1768.6953639503854,4082.0749238734284
2025-09-05 18:30:00,1762.5223415739033,1770.4873697156454,1763.8007637745552,1768.5971694896355,3947.8967505731275
2025-09-05 18:45:00,1735.6080190566715,1743.7913786940367,1735.0564332910353,1742.7065367147256,6627.304674691797
2025-09-05 19:00:00,1724.0832505010576,1725.7454060859166,1717.8129713952546,1717.853822809445,1084.6771888427834
2025-09-05 19:15:00,1711.3237727982769,1718.6910946031721,1713.3403293487204,1719.9125740350664,9920.152101121877
2025-09-05 19:30:00,1702.5291440934177,1709.647099303467,1697.4965457475064,1704.3542966416867,2279.3402576079397
2025-09-05 19:45:00,1687.3637377511416,1693.800414239726,1685.351102232399,1693.494538105042,4590.251238869025
2025-09-05 20:00:00,1680.9052116873352,1685.761092564583,1672.8077843144363,1680.153606769659,9625.75258274577
2025-09-05 20:15:00,1721.1316776066471,1723.0548012442737,1717.2132447647436,1719.3885761944753,1109.4384275083903
2025-09-05 20:30:00,1727.0389093762296,1729.2256258216464,1720.0471712666213,1730.0280236783785,680.3697249763833
2025-09-05 20:45:00,1710.1605845572863,1714.3064090629637,1706.4772957042055,1710.3242308855677,2526.953909656684
2025-09-05 21:00:00,1712.3289446057204,1714.731166679006,1702.7640781955997,1708.6322534189305,2901.9402261883547
2025-09-05 21:15:00,1731.6300468109885,1730.5505346356665,1723.119522073124,1731.3036504040933,4325.484255036529
2025-09-05 21:30:00,1728.8776273997116,1732.5139117017393,1718.6662730252283,1723.9047131665745,5101.445104456066
2025-09-05 21:45:00,1742.9621655346846,1752.3485903054,1739.4117350653048,1742.3819745393791,4655.007312993616
2025-09-05 22:00:00,1757.1147884623158,1759.2460664604769,1747.1506703840766,1756.5672713913502,1561.473236880966
2025-09-05 22:15:00,1755.423689596197,1756.528595634013,1748.3384369034522,1753.758459791281,2651.1015639253355
2025-09-05 22:30:00,1762.390381829367,1762.8892906477902,1756.0945891952983,1762.8543893727228,6889.884808136469
2025-09-05 22:45:00,1740.6300732538018,1743.5574567082542,1736.3922084295166,1734.8640774108915,9980.813329567678
2025-09-05 23:00:00,1736.3278013296833,1748.8355800177821,1736.497208629897,1743.4947839821364,9111.390013993789
2025-09-05 23:15:00,1728.4670604358112,1731.4267889633043,1721.5340760704892,1724.8280739935126,856.7520651821395
2025-09-05 23:30:00,1719.9330039541871,1727.280051192941,1716.9722977734261,1721.1077727944119,3748.663117876651
2025-09-05 23:45:00,1724.9361365552732,1730.394637493839,1719.2865440057508,1719.8475932418144,9043.639709098949
2025-09-06 00:00:00,1710.4571643564677,1714.746006829162,1702.476415955576,1714.2911838589694,7715.90255185518
2025-09-06 00:15:00,1709.3787075467417,1714.7748164807815,1709.3148656337357,1714.359903033896,7116.912614622602
2025-09-06 00:30:00,1703.3831904518267,1705.3485867145523,1696.3887175643883,1700.945112448116,380.98860680146464
2025-09-06 00:45:00,1708.2975821739649,1716.4623213947862,1705.4715410511685,1713.70808812761,9317.653259775716
2025-09-06 01:00:00,1706.1218884172927,1713.1221489503807,1707.4656438425766,1709.4884536249256,8605.519287201041
2025-09-06 01:15:00,1703.3354903589275,1707.8598166716383,1696.8897266030092,1702.469674865455,9227.189485387575
2025-09-06 01:30:00,1725.167939108945,1726.376399488127,1713.5927006650866,1718.6974348305162,9403.004372257214
2025-09-06 01:45:00,1738.604210011463,1747.0854861894727,1736.9361282940652,1742.970377964395,5971.994523157298
2025-09-06 02:00:00,1752.520456391879,1758.573004891164,1745.1197327256116,1749.8473831341191,8567.528026997505
2025-09-06 02:15:00,1760.4174243344355,1772.4710217142408,1761.9559377630314,1762.2690496457503,5234.486816238583
2025-09-06 02:30:00,1756.5417716030151,1767.34525267687,1753.8049141318127,1764.9820951487493,5011.232915340935
2025-09-06 02:45:00,1793.9448170395901,1795.9723762318151,1788.712074982949,1795.3470243577472,6779.362071293692
2025-09-06 03:00:00,1792.9164801928214,1803.5301383443289,1790.0420453860932,1797.2343226249002,7182.189649753889
2025-09-06 03:15:00,1804.3734220984625,1803.3574819409907,1796.3050778434795,1799.7085522367493,6133.8194678000455
2025-09-06 03:30:00,1811.2279153621616,1814.8939883713067,1809.5785787721784,1808.6386356496973,1919.9698162731386
2025-09-06 03:45:00,1809.3763147598384,1812.2792349787421,1802.162747429665,1803.7785561511498,5449.063090366217
2025-09-06 04:00:00,1787.0342724808588,1792.6468606277563,1783.0184124928603,1788.638990465724,9817.12108863405
2025-09-06 04:15:00,1801.424491568713,1808.2381739965367,1799.9337931573868,1801.7113267343368,647.9627143114949
2025-09-06 04:30:00,1790.775728515188,1791.260669905733,1782.8137413930535,1788.6458855108906,1819.734479430201
2025-09-06 04:45:00,1780.0712316019067,1787.9083821138092,1777.9861182155596,1781.833928929078,3509.947283226703
2025-09-06 05:00:00,1809.8885008624438,1820.1535808862302,1806.5298066557734,1814.424644280696,5729.99972064337
2025-09-06 05:15:00,1840.9703827491076,1843.986236767133,1834.6271020123233,1839.7155797898301,2657.372566376111
2025-09-06 05:30:00,1830.8361390182515,1834.7289034840858,1820.7701569793658,1829.3938785167998,3627.6255190872744
2025-09-06 05:45:00,1815.136029348527,1816.139122578942,1803.4916584733533,1814.1871169490496,6659.399655870119
2025-09-06 06:00:00,1817.2675181049415,1822.4723139152636,1813.1996283090373,1823.5279834567837,2771.2026955148503
2025-09-06 06:15:00,1819.448323504514,1829.8054307778941,1818.1305372983174,1821.3249679976523,7045.69514715165
2025-09-06 06:30:00,1839.1491526071006,1840.6396919657589,1834.4529322746066,1832.3725360854012,5203.327408064949
2025-09-06 06:45:00,1844.4278651157406,1852.7211100684221,1843.6014678577492,1853.5913807390928,1309.751239457287
2025-09-06 07:00:00,1844.8082653188137,1846.6083926141623,1839.9464490366763,1843.9772317042346,7877.272998947087
2025-09-06 07:15:00,1858.8905373087266,1860.3068527498622,1851.7351454660854,1860.353064940002,7692.8335701844735
2025-09-06 07:30:00,1878.601196076238,1878.803476820451,1870.166966092777,1875.6955618245634,9080.273414486783
2025-09-06 07:45:00,1868.6694318614811,1876.8093721652979,1867.4527728071914,1872.11978118187,4116.856648584017
2025-09-06 08:00:00,1862.2206258433373,1869.8278519021922,1859.268247610673,1870.6058085463783,4069.299092771912
2025-09-06 08:15:00,1864.8561510012808,1865.480312333183,1855.5761482703665,1865.7989247834082,4720.556822455082
2025-09-06 08:30:00,1879.7503605277393,1885.6457799703012,1875.1946680628153,1874.4259261323155,1771.334405896323
2025-09-06 08:45:00,1858.1600154381395,1862.6929309006803,1853.2668183458645,1855.6641208143124,139.43684504197816
2025-09-06 09:00:00,1858.2241282687914,1860.120490214402,1850.6661715536702,1855.2645574722724,102.02946313663614
2025-09-06 09:15:00,1859.7754069752978,1861.98401698425,1850.0859065766047,1859.562729694189,221.9002520855235
2025-09-06 09:30:00,1871.333424819254,1868.6350021339156,1863.8969273643497,1864.1091898607476,4249.434678204053
2025-09-06 09:45:00,1860.6486938794865,1865.99542960721,1852.0957734126905,1859.0416293067308,9575.78300326266
2025-09-06 10:00:00,1842.77495072414,1852.6460998590946,1842.7804643579661,1849.1834858766974,5254.115858519281
2025-09-06 10:15:00,1844.6344066818847,1852.5519198663965,1845.5100092998273,1849.0746141195755,3722.1943669278257
2025-09-06 10:30:00,1845.279564816287,1853.966735970501,1844.378970343721,1846.2034387751562,4983.005905947016
2025-09-06 10:45:00,1878.2364815475237,1876.287930942963,1868.3108245715073,1873.5486661981868,218.15167941760092
2025-09-06 11:00:00,1837.0266507500257,1841.552714451165,1833.7489980595612,1836.6193121197525,9649.528323995275
2025-09-06 11:15:00,1814.9799102481277,1818.4126048951634,1812.5413948064338,1811.7689317344555,8383.48545513899
2025-09-06 11:30:00,1796.108501686161,1803.979371407314,1791.20567102103,1799.3451368157705,1509.673972188342
2025-09-06 11:45:00,1786.4141297023107,1796.2067947230234,1782.5354754028249,1789.863450474338,9808.385626803385
2025-09-06 12:00:00,1794.638903756076,1797.2749442088536,1786.8097380172733,1788.0642748493963,2963.0464064691446
2025-09-06 12:15:00,1806.9172463963653,1814.1465763477433,1801.3230907749648,1812.2851952974659,4377.817436966801
2025-09-06 12:30:00,1808.3311598377306,1808.941673825873,1800.8433742099903,1807.4047763128451,3345.999080015191
2025-09-06 12:45:00,1806.1443592918893,1808.1735095006838,1798.3605602406649,1798.851120718622,7382.523132812733
2025-09-06 13:00:00,1828.231982519804,1834.7008282748357,1828.8702869587096,1828.323316398135,9084.406415679556
2025-09-06 13:15:00,1815.283343840505,1815.5951108843717,1804.5102239577568,1814.2270997007126,4744.307343118724
2025-09-06 13:30:00,1793.2530666594055,1791.619028999429,1781.6930857151422,1789.3656483620591,2297.2023633686854
2025-09-06 13:45:00,1812.9019726405006,1817.994771607779,1810.964998690158,1808.8283220619874,612.4932380795815
2025-09-06 14:00:00,1809.3722039366996,1808.9399391452632,1801.2919346210756,1801.9780252899209,5905.329049217798
2025-09-06 14:15:00,1824.2788452204431,1828.551231803196,1818.6924837627462,1821.7576980950812,3336.791190052517
2025-09-06 14:30:00,1823.0956198984495,1827.3077849830406,1817.6816251523885,1824.6487254345136,4637.903733746105
2025-09-06 14:45:00,1807.7229583247831,1806.9752993925258,1797.6837245410911,1799.3166090188902,2146.480562333991
2025-09-06 15:00:00,1789.8222718283027,1795.2718863575647,1785.0889879662625,1789.3088984916035,7308.394550922328
2025-09-06 15:15:00,1820.3890005684782,1827.4883008423392,1814.8811775410152,1820.5244784235008,9741.718485071342
2025-09-06 15:30:00,1839.4140417397596,1847.1649468809283,1835.7123811818276,1842.1091147019442,9132.301099325778
2025-09-06 15:45:00,1831.158588672358,1840.6081376552315,1832.0229280783485,1836.6407846741035,9932.994948170908
2025-09-06 16:00:00,1810.6332678643014,1817.2568327722577,1809.9993062396934,1811.0995687293323,658.175373790112
2025-09-06 16:15:00,1796.8651552980377,1805.1829835769643,1797.809028748432,1803.8225456398695,5037.784167269972
2025-09-06 16:30:00,1770.8790826668112,1776.7345921758676,1767.9029257495326,1773.985351885137,5599.106552445127
2025-09-06 16:45:00,1781.3970185052428,1791.0665250046545,1783.259192802654,1783.4787848721935,1432.0822701877528
2025-09-06 17:00:00,1779.830677813244,1785.8945467228107,1777.4678183635565,1782.230262902732,136.98026500719294
2025-09-06 17:15:00,1779.359834494944,1781.1243044166565,1770.172936354177,1776.7155259714166,7450.373856215399
2025-09-06 17:30:00,1747.514575661357,1754.6306113231449,1747.9545028389066,1751.044378790132,7521.374756752189
2025-09-06 17:45:00,1741.9300637617266,1747.0215485191472,1733.4820698796993,1743.8052413796984,1670.484943611069
2025-09-06 18:00:00,1748.4738859392105,1751.0088749256633,1736.3277121621697,1740.7200177642173,3790.269188777427
2025-09-06 18:15:00,1748.069234269438,1754.605296395631,1744.2540461196804,1750.0518079165176,7948.386910801461
2025-09-06 18:30:00,1739.1539619307352,1748.4489874105018,1740.0204342646816,1739.3805460340104,7239.087097092704
2025-09-06 18:45:00,1754.4741853394792,1762.7146918775695,1749.020464092725,1755.2884139577304,8834.021369197917
2025-09-06 19:00:00,1757.901125382023,1758.8225424895054,1749.1203182725471,1752.0872697318568,1858.2335848689531
2025-09-06 19:15:00,1780.2444711033836,1780.5979504279364,1769.2812149433207,1773.2804599070205,2324.186100744086
2025-09-06 19:30:00,1784.0842330808011,1786.9467223442903,1778.639228300612,1788.6513234026372,2527.3105018424467
2025-09-06 19:45:00,1769.026958738396,1776.06807488666,1767.854276423351,1773.8936669103398,3180.877534758985
2025-09-06 20:00:00,1779.9140823883504,1782.6935263895157,1776.223096273521,1780.4578457206883,6427.858430394059
2025-09-06 20:15:00,1782.3435899184612,1791.4038244004612,1781.9639947129467,1787.936558188875,8872.680119918361
2025-09-06 20:30:00,1782.92635715227,1791.7737538294393,1780.0272791731002,1787.3773177921637,360.46701903109255
2025-09-06 20:45:00,1766.1051142389517,1771.5776677873714,1759.8498246130112,1762.2797770944373,1800.3901224933156
2025-09-06 21:00:00,1745.9625949462486,1758.5850342082888,1742.9323662859326,1749.9430988836395,9981.291572931967
2025-09-06 21:15:00,1741.4105651602504,1750.301400221985,1740.0145238721586,1739.5830473860663,3343.6092570934993
2025-09-06 21:30:00,1765.5451437843797,1772.3717790781802,1763.0118474373646,1769.5978140963584,8552.516837857404
2025-09-06 21:45:00,1767.4325026445695,1772.9333825714255,1766.201429556234,1772.70577546693,9847.538339938328
2025-09-06 22:00:00,1773.5657984601048,1774.840198054685,1766.9169832014188,1770.5736256583816,6187.335756991429
2025-09-06 22:15:00,1754.8015328239014,1756.2206654272488,1747.7202261867242,1756.2704773480648,9307.43692514865
2025-09-06 22:30:00,1753.4223106947359,1760.711836496048,1750.292907086697,1757.4652802964924,745.7109488942702
2025-09-06 22:45:00,1741.4695110526945,1750.6538930143015,1740.767357777641,1744.5521149731467,1609.6337285474813
2025-09-06 23:00:00,1754.979126313607,1760.7312966369416,1751.3961114287893,1760.2422379708614,9298.319881063575
2025-09-06 23:15:00,1743.0979490469692,1751.657521681597,1743.4800922444488,1747.3604753513555,8047.81962166255
2025-09-06 23:30:00,1781.2723944081788,1784.9281497523882,1780.038508324719,1784.9049211716467,1911.257620842005
2025-09-06 23:45:00,1788.7046724861868,1792.7414204140068,1784.2057298954398,1787.3311077980418,9546.543997236879
2025-09-07 00:00:00,1783.8269957859761,1783.9576666452533,1773.653657365396,1781.7443835818171,2816.4920269465747
2025-09-07 00:15:00,1772.5846237005321,1775.0476492282824,1767.0851211924435,1772.2825549738964,1169.4709392857783
2025-09-07 00:30:00,1784.0235963789692,1788.794705894002,1780.2380978658368,1788.582436280149,809.5844821110708
2025-09-07 00:45:00,1790.1941726862624,1795.6796108120006,1787.2908744540407,1792.5392949533395,4540.1188598438675
2025-09-07 01:00:00,1787.1823496118386,1785.2331820040497,1775.8398227708797,1777.927059730996,4829.654995844579
2025-09-07 01:15:00,1754.0932288577008,1761.8428707009325,1747.015246118088,1754.7211472777365,5862.695110877403
2025-09-07 01:30:00,1759.1885749821283,1764.406865195461,1754.708843899444,1753.2250661324497,5927.130443958339
2025-09-07 01:45:00,1769.381730417885,1774.7066660883186,1765.9399973126556,1770.5709149059107,7584.8335745239165
2025-09-07 02:00:00,1774.2559548955228,1782.9752714369888,1772.426646537042,1774.4830881191763,7598.098256452663
2025-09-07 02:15:00,1784.0256624755707,1795.729805028049,1783.6202098546892,1789.7841910993432,9469.312966908512
2025-09-07 02:30:00,1773.5139442360387,1779.8938281110102,1771.3124395915283,1773.473799761818,6115.730145558822
2025-09-07 02:45:00,1790.4940349815438,1795.0900738940777,1780.9119726441436,1792.2910712140545,1294.7975293530626
2025-09-07 03:00:00,1790.9587810569772,1795.8924202672697,1786.629273879641,1794.4244497752186,1202.967942144047
2025-09-07 03:15:00,1797.6718024292072,1806.4052395679055,1795.5572012174289,1793.8323066270325,2456.374790530617
2025-09-07 03:30:00,1776.5983877583315,1786.0296068651862,1773.7948049484623,1779.537638817652,9794.807834289975
2025-09-07 03:45:00,1758.9388209226688,1764.02170871016,1758.7314682330639,1764.1983537221745,2645.82812911703
2025-09-07 04:00:00,1774.1235653815193,1777.746022460396,1771.7787906232531,1771.939224051315,6716.85419578311
2025-09-07 04:15:00,1788.4647770001548,1792.7364614343878,1778.8222593323765,1787.043089409639,7160.556887615988
2025-09-07 04:30:00,1797.6250922567397,1806.2221491542766,1796.6755543233874,1798.2823814544229,100.79884877699502
2025-09-07 04:45:00,1788.627345957139,1796.6594411350754,1788.1020003700326,1787.5483831957026,2071.0953448464793
2025-09-07 05:00:00,1793.7717321102728,1800.9447892107833,1789.4198179601897,1797.962572779445,8685.258156559516
2025-09-07 05:15:00,1789.5917807951132,1790.9774095777093,1778.4987146411204,1783.2867638055836,3060.9347031559187
2025-09-07 05:30:00,1802.4267216225137,1810.1247023196904,1796.377593220986,1806.2930946436256,4152.689739465952
2025-09-07 05:45:00,1820.8411208723296,1828.8144022038027,1821.5261945464267,1823.24526401299,6912.240282654518
2025-09-07 06:00:00,1827.550586344741,1834.2146664404581,1824.1826360049185,1832.1389044533805,9211.530418015393
2025-09-07 06:15:00,1829.0381921265111,1835.7608251239874,1826.9714939470766,1837.5488897687405,3725.977476922668
2025-09-07 06:30:00,1833.4449690836823,1838.2905551623596,1826.2845552431177,1838.0054783652708,3114.7091340247266
2025-09-07 06:45:00,1842.57950562548,1847.284622821812,1834.6914643661903,1837.5301068124563,5786.955546983948
2025-09-07 07:00:00,1870.0929766076026,1873.5055656983432,1867.7519077306017,1868.999868847567,7698.444448297442
2025-09-07 07:15:00,1849.4092909607384,1852.6146502314132,1844.8754646609739,1847.0560532447375,9775.009218174046
2025-09-07 07:30:00,1842.7289817981625,1852.3521705854278,1838.2051587191768,1841.384183906015,2890.851477193538
2025-09-07 07:45:00,1803.1371810506341,1805.0335269430295,1791.8204645827882,1794.3442107289097,7131.954881435644
2025-09-07 08:00:00,1805.723696073844,1813.9821253772443,1803.4235702935332,1804.8349313838955,9061.197430021257
2025-09-07 08:15:00,1809.8433406827216,1817.5519845253218,1808.977624693088,1808.3905519518514,4410.265130922489
2025-09-07 08:30:00,1823.7341705231165,1834.9961165022148,1822.0965474266575,1823.7421611415355,8869.739214636204
2025-09-07 08:45:00,1857.6549562406972,1866.8677812691014,1860.1749511905537,1867.0883755659736,844.8327084509837
2025-09-07 09:00:00,1852.0011800828022,1863.4579230067898,1850.2665014909815,1856.7859116666136,5588.008828241622
2025-09-07 09:15:00,1852.1838455485406,1861.6539834295002,1853.658483760975,1858.5150496844649,2003.715404243665
2025-09-07 09:30:00,1853.1190180348785,1861.9007094413348,1852.242049881397,1857.7942958135934,1334.6861139619034
2025-09-07 09:45:00,1853.3487254270397,1854.3347860923839,1848.1145098307022,1851.2391541965171,6404.274874576864
2025-09-07 10:00:00,1851.1692430246587,1860.615259282297,1850.513430030025,1849.9348843234109,7821.83810569323
2025-09-07 10:15:00,1836.6730890261226,1838.451507453755,1829.7910582576928,1836.2252920636824,5729.620154086698
2025-09-07 10:30:00,1853.9106898194714,1853.5551273580638,1843.3212832651936,1847.6145341730512,6202.73012204286
2025-09-07 10:45:00,1859.051344801284,1864.2351881945738,1854.4919520363098,1861.7796036988434,8486.183546812064
2025-09-07 11:00:00,1853.6931174600986,1860.271803807118,1850.2191573544976,1853.873193315365,8337.825389020927
2025-09-07 11:15:00,1833.5927370265827,1844.9878386282376,1830.2612026485126,1841.8541174034729,2715.7842471855056
2025-09-07 11:30:00,1842.2474488431924,1843.984715057385,1830.491523835539,1834.311945881634,2893.234187548452
2025-09-07 11:45:00,1859.1088787829442,1863.52911333693,1857.6510710995203,1863.766713150268,8532.208141607895
2025-09-07 12:00:00,1857.9462051047738,1857.5591148421777,1850.6420196074873,1855.7949855440436,3134.8570793268577
2025-09-07 12:15:00,1853.7915436943165,1854.9047173712372,1850.5233761003751,1848.6356320466723,3723.004947267312
2025-09-07 12:30:00,1845.9624119570037,1854.879572184485,1841.8401049812583,1852.0339528887555,1355.8375835990748
2025-09-07 12:45:00,1841.6572972434087,1846.7301417762392,1833.0592616131676,1842.3107935158132,7731.239165193614
2025-09-07 13:00:00,1838.9729046526356,1842.0929634121435,1831.7033546890164,1840.6219503513134,4270.662507561974
2025-09-07 13:15:00,1855.7395647417072,1861.984078853129,1854.788433082333,1861.3161711453342,2029.964155183847
2025-09-07 13:30:00,1853.418509364576,1855.6255643030795,1848.0771272761347,1848.525942958698,8846.30456846651
2025-09-07 13:45:00,1868.0696494943031,1871.0568025019331,1863.9635995626445,1869.9762303826205,4826.204634343467
2025-09-07 14:00:00,1868.6604226628149,1877.3075435815467,1862.4410162702661,1872.2044656136711,9506.171675334213
2025-09-07 14:15:00,1864.5825742712111,1871.3315631227663,1862.592794943231,1870.6719428559165,6165.57386573349
2025-09-07 14:30:00,1883.8789422439422,1885.8392121744712,1876.3360406326083,1882.6421459526655,5397.287869201291
2025-09-07 14:45:00,1877.6364011540209,1883.074930368109,1873.5151003138512,1879.2064402474768,4367.402133968032
2025-09-07 15:00:00,1887.1688713495676,1887.7277692764485,1880.1020212039841,1884.0923973506628,9732.326922160186
2025-09-07 15:15:00,1859.5904028323866,1861.348746335526,1854.1048961856432,1855.1634899238952,3100.254274784953
2025-09-07 15:30:00,1862.8712288638415,1864.8662139867436,1859.6369031467677,1863.8840343132397,434.032551598114
2025-09-07 15:45:00,1843.1550430285245,1851.8839677064352,1837.1022733354712,1844.6680360633711,2251.5738343141543
2025-09-07 16:00:00,1825.606171145531,1825.436504163543,1817.8725982573671,1827.4543415686553,9972.240731384081
2025-09-07 16:15:00,1817.700125310932,1819.9735389206471,1812.194853577124,1812.7287883864137,1206.2745282453088
2025-09-07 16:30:00,1807.2011250815317,1809.9342985229555,1800.7004911488043,1804.521134664434,8716.101522985125
2025-09-07 16:45:00,1803.2002375300408,1804.3028180698043,1795.650729642478,1799.0605181051708,1171.5205134403898
2025-09-07 17:00:00,1800.8933778982107,1805.1818253860336,1794.440667167764,1801.5261554294518,5174.812591521263
2025-09-07 17:15:00,1777.8227622359773,1786.918866832445,1771.858090344103,1779.8157793462965,4084.3620851017454
2025-09-07 17:30:00,1765.0074962489573,1774.1269528685298,1765.2563443087665,1773.226881421861,1951.290676260164
2025-09-07 17:45:00,1791.8077265401528,1799.2486476569525,1789.6073073365385,1793.9951037319618,9627.847428611905
2025-09-07 18:00:00,1801.7187547847782,1805.7433328742723,1794.8366462347788,1799.621203326953,8504.5672744079
2025-09-07 18:15:00,1806.6765420609643,1812.165834505123,1801.8491493046092,1808.4893132403326,9863.693148581642
2025-09-07 18:30:00,1812.4711332567013,1821.9899523827457,1809.401162671648,1812.5658125521918,8757.661158445257
2025-09-07 18:45:00,1821.8147063847716,1824.2039574539144,1815.8493874556334,1821.3253681497138,9635.079759773442
2025-09-07 19:00:00,1813.0578428291653,1823.2411850485146,1815.0187721994064,1814.1564535801901,2365.616401781953
2025-09-07 19:15:00,1840.3826736968394,1839.668821613935,1832.5197308370864,1835.3910800550098,6013.191222159131
2025-09-07 19:30:00,1836.6852693212566,1844.103967189287,1832.0537406609265,1843.1492656213982,1023.0666600283914
2025-09-07 19:45:00,1833.0952199521241,1839.576600343307,1829.2761211174309,1834.6670496089016,9341.85346011006
2025-09-07 20:00:00,1838.7245225115666,1846.0428613761696,1837.2684526652718,1834.9528482710784,648.3048730045363
2025-09-07 20:15:00,1808.6658861420499,1813.0435920165476,1804.3556140999037,1804.0337444366755,7440.69014863264
2025-09-07 20:30:00,1803.8849897033347,1806.2294812803884,1796.1522527768443,1807.403385670092,2732.848900369388
2025-09-07 20:45:00,1786.2662388346027,1789.138784524918,1782.5246611275747,1781.0863453839565,1153.419994065747
2025-09-07 21:00:00,1799.5412481149397,1805.987801301396,1796.3863858433774,1805.3977689749754,7134.584796033858
2025-09-07 21:15:00,1788.5205008078574,1790.7536752417536,1782.7542854253918,1791.9834215394155,6223.748352443192
2025-09-07 21:30:00,1809.157747794148,1810.608171028096,1805.1710707090394,1803.5830519678377,3862.7491084353624
2025-09-07 21:45:00,1811.07492833218,1817.8961549393741,1807.1224749392318,1815.7313957248439,2107.832938230845
2025-09-07 22:00:00,1827.045754290389,1831.6003589059094,1819.5911974951166,1825.4231938014545,1592.0194913870919
2025-09-07 22:15:00,1837.496618507305,1838.4326875571173,1830.9862888621733,1831.145308979054,6552.814291042143
2025-09-07 22:30:00,1850.1732935957436,1854.2798387087312,1845.2338361852933,1850.3432159715833,9222.46441317307
2025-09-07 22:45:00,1850.092845273555,1860.9128756301968,1851.1197615426695,1853.4057457124586,2456.515702207092
2025-09-07 23:00:00,1846.466377723922,1855.024364896942,1843.930414324352,1851.875589582789,2436.3840576855
2025-09-07 23:15:00,1857.7696961288007,1864.4843223507862,1858.1251456730752,1864.2995892072781,5293.765496931501
2025-09-07 23:30:00,1858.8881226842536,1866.5011714620096,1853.3395690234586,1856.0533031559305,5785.126264064276
2025-09-07 23:45:00,1889.2845639472273,1900.581039368812,1887.9369510500667,1895.8057018462116,4497.993032814514
2025-09-08 00:00:00,1883.6178576129976,1885.1754345838197,1874.6288088559133,1881.2276105029857,4756.198163829527
2025-09-08 00:15:00,1873.0150332033443,1876.1242326090392,1867.855767578165,1872.5480501090685,543.1656963781282
2025-09-08 00:30:00,1868.6541889877512,1874.5268797121225,1867.4670836237794,1873.4282498592402,8568.509983856866
2025-09-08 00:45:00,1881.5185039457813,1881.5977560684205,1869.7497483829097,1878.9840616374852,4497.2171611461345
2025-09-08 01:00:00,1869.6788730722965,1881.0318041367525,1871.814025882661,1874.2402608607042,6587.995284576733
2025-09-08 01:15:00,1864.6029305036457,1874.0391516079692,1862.072683017978,1869.2209823529236,7378.357517310904
2025-09-08 01:30:00,1842.730210549559,1851.3020251721825,1842.0068102073863,1848.7361436357498,6534.595379387105
2025-09-08 01:45:00,1855.2368210076074,1860.7644531214137,1849.8224787101128,1856.3689235765403,9198.626003439666
2025-09-08 02:00:00,1856.418378924107,1860.0400620936261,1849.489425188403,1856.7735428149267,6877.639052021053
2025-09-08 02:15:00,1857.7382111890936,1868.5980362594796,1859.4806794358328,1866.6193862984162,5522.249084471574
2025-09-08 02:30:00,1855.7980869314763,1856.8249436718606,1847.9413688490938,1853.217894475289,4307.927955433067
2025-09-08 02:45:00,1857.5808039738015,1866.719269584089,1851.9215178697923,1859.4416762404046,7046.345959460607
2025-09-08 03:00:00,1872.8315446489582,1880.3123926886442,1870.1259466925433,1872.8580238727525,9046.858139709322
2025-09-08 03:15:00,1897.4736659564742,1902.920053899509,1890.0584939468172,1898.9985768710085,3778.3926056967716
2025-09-08 03:30:00,1908.037632912287,1911.9472030758245,1901.3277359787496,1903.7486842364858,3119.8966021639553
2025-09-08 03:45:00,1902.864001433058,1908.544325374851,1895.4708331437696,1898.265416727381,162.24119972931956
2025-09-08 04:00:00,1913.8131138022134,1913.9195647197355,1907.7552420916456,1908.310905511976,3389.5564668555294
2025-09-08 04:15:00,1908.3331739110297,1910.9699356576873,1901.6659882160543,1907.863950094317,4961.374213157104
2025-09-08 04:30:00,1877.7950036881532,1880.6568252898483,1866.8350201314145,1877.835920460443,3303.7224971816745
2025-09-08 04:45:00,1886.8752684808023,1888.1710093321065,1878.5569950756765,1883.0877858964352,2585.6411066892388
2025-09-08 05:00:00,1864.9377733925323,1874.1597966818802,1860.8406997703048,1867.41260681276,7122.417561145528
2025-09-08 05:15:00,1870.121006489293,1880.241892085743,1870.3889894585557,1870.9394751889565,3583.32476335616
2025-09-08 05:30:00,1868.0188934899616,1875.462542834808,1863.9044298137885,1870.9750473317201,8522.783799380528
2025-09-08 05:45:00,1837.5335066653302,1849.2446233080266,1840.3556561486175,1838.3151101364567,503.0203448071629
2025-09-08 06:00:00,1835.5331027801717,1845.3981670686285,1834.4312588720954,1837.9458138671782,4670.053153251094
2025-09-08 06:15:00,1837.25110963409,1843.0134433255191,1827.297963587138,1835.3487457763215,969.6927601468286
2025-09-08 06:30:00,1814.9151584381652,1821.196627912159,1809.7284444794486,1811.9198504166063,6799.6996757445795
2025-09-08 06:45:00,1807.7431919705207,1811.9129191259212,1803.2061050990494,1806.2024105692929,211.49814604208086
2025-09-08 07:00:00,1772.8167434884888,1778.0945026878392,1768.7515871995738,1772.3289043294833,2894.7993274471964
2025-09-08 07:15:00,1781.5666831932758,1785.4058443843714,1777.1137629910163,1781.21227569471,133.79123318409847
2025-09-08 07:30:00,1774.3903902834838,1779.6998399562199,1766.4557733796512,1775.0635382103894,1527.004927919354
2025-09-08 07:45:00,1790.3057203845954,1791.7042534730178,1782.390680813877,1790.058689929588,3793.4768585240695
2025-09-08 08:00:00,1784.8834021763487,1791.2946119655967,1786.1507163404956,1783.8343491141293,4016.1949949184827
2025-09-08 08:15:00,1756.6486721540593,1759.2522946299016,1749.154222464138,1755.6294456581502,2390.9304209825405
2025-09-08 08:30:00,1751.229539123803,1758.3769820399637,1745.416817590047,1757.1465475167297,8494.989736643838
2025-09-08 08:45:00,1760.322467678138,1769.0313624898686,1757.5704220134787,1759.9465580598282,9280.542451107936
2025-09-08 09:00:00,1775.7797058242757,1778.1559868946708,1772.13296599916,1779.4619826832452,8799.506594182969
2025-09-08 09:15:00,1739.553621513429,1739.1374930730537,1730.0561746948397,1733.8099281936227,2672.671446909102
2025-09-08 09:30:00,1719.9788500295563,1728.289718149489,1720.3051152257094,1722.8860747319504,5475.102092961354
2025-09-08 09:45:00,1702.3898123576826,1708.7598410529145,1701.2122788141746,1701.9417455454193,6231.409926160891
2025-09-08 10:00:00,1695.0832241050505,1698.5104723026216,1686.668071567707,1693.1347693991283,6001.3013458819905
2025-09-08 10:15:00,1683.909541785006,1687.0720654532886,1681.368237432611,1682.9690917868465,3408.386787880395
2025-09-08 10:30:00,1689.6741844124433,1691.309113020541,1678.5556162673686,1683.0847610340577,3976.5528359757864
2025-09-08 10:45:00,1703.5071653202046,1712.528356912967,1702.379269061264,1702.4860555978955,7174.429624490065
2025-09-08 11:00:00,1713.4708770174343,1714.2468412970836,1702.2397499669842,1706.5374246697606,6091.555050764566
2025-09-08 11:15:00,1713.8440795627305,1715.0448700813972,1709.1206577202402,1708.5643315143075,6232.587510025397
2025-09-08 11:30:00,1729.1731224272596,1737.9989146747998,1730.327490005964,1733.0717996755004,1798.1358944988808
2025-09-08 11:45:00,1743.5573583729908,1754.0172016878314,1744.9171054901535,1744.6761894552797,8861.868213285697
2025-09-08 12:00:00,1744.0988456065984,1750.2751554348158,1735.5235147126216,1738.4527115882092,4755.071626509216
2025-09-08 12:15:00,1758.5356152766763,1760.0835042206634,1753.201271464308,1759.359844809905,4384.7793591025775
2025-09-08 12:30:00,1776.1652662855488,1783.337621603652,1777.6150574347816,1777.8376982836537,7006.158240442131
2025-09-08 12:45:00,1797.9109684466519,1800.8008016168856,1788.8092258514696,1799.778217337287,9343.09971902112
2025-09-08 13:00:00,1811.5018291826468,1813.6552577936757,1799.9276419391276,1804.0403102420635,411.9318637707432
2025-09-08 13:15:00,1802.672263667627,1809.7585151863916,1798.6706043171664,1800.8611936026405,8413.37495013904
2025-09-08 13:30:00,1796.7424924777813,1807.6559739227332,1795.8098222563583,1801.9043401099511,1735.132999241186
2025-09-08 13:45:00,1814.476442113402,1821.5607741192096,1809.1303496310995,1820.6242942139488,6425.816962502943
2025-09-08 14:00:00,1800.7593890128235,1810.3382944665404,1800.6135874317827,1804.6322944136082,5057.588756406636
2025-09-08 14:15:00,1821.1727203446326,1821.610559715548,1815.4811790183776,1814.5118877852008,5768.6431572455795
2025-09-08 14:30:00,1795.1901908252103,1795.9014966517582,1785.416778947249,1795.0030476974998,235.05690403314924
2025-09-08 14:45:00,1795.787680572084,1795.9396214679691,1783.7503529198639,1788.7465512966621,2284.436645718017
2025-09-08 15:00:00,1801.9600967430254,1804.5575214206578,1791.0157385959499,1800.990486976979,1690.2147702417867
2025-09-08 15:15:00,1794.5563990561084,1805.3537776933754,1794.2346104088226,1801.2802447094175,9087.428470486115
2025-09-08 15:30:00,1840.2913501064888,1839.265275098741,1830.6044223321746,1833.7434200641399,6547.117552249536
2025-09-08 15:45:00,1848.69499347443,1852.4100734018755,1843.2764537493022,1844.2648712325781,1802.0330879850044
2025-09-08 16:00:00,1858.1692495010957,1860.97064941578,1852.3724689575604,1855.3936817745457,3757.6841311664475
2025-09-08 16:15:00,1847.962266761583,1846.564250572332,1838.53633060378,1845.2281609539136,8272.54992321378
2025-09-08 16:30:00,1817.2646908732343,1830.0517721197475,1816.4235583291286,1827.0100946590314,2904.7327209505975
2025-09-08 16:45:00,1820.582078982434,1822.4481709162374,1812.305199240323,1812.1017573921795,7679.679991022779
2025-09-08 17:00:00,1812.5173133072374,1820.9880029989924,1810.0965416733236,1818.172353825071,3091.545373035606
2025-09-08 17:15:00,1833.9439226176887,1836.9226604975752,1828.2877467820779,1836.5654369881631,5979.772202044844
2025-09-08 17:30:00,1840.100381455313,1839.8866282989063,1828.1494420981894,1838.9210611367103,5143.545067501487
2025-09-08 17:45:00,1832.2262415269754,1841.269273056687,1829.8316915182213,1830.053496762503,2960.6151063724014
2025-09-08 18:00:00,1856.9811444776133,1861.8470876330316,1851.9067429013294,1855.0058181868644,586.4501572703027
2025-09-08 18:15:00,1848.1691944164663,1851.109875135152,1844.6675486845547,1848.0829600390414,2449.052721046812
2025-09-08 18:30:00,1856.381142238925,1856.6727202565432,1849.55927026518,1848.226678502036,7164.880777695719
2025-09-08 18:45:00,1864.2708534181652,1865.6972188322109,1856.7971553090663,1864.7978511472982,9505.634475922827
2025-09-08 19:00:00,1865.5600059905594,1871.101380057091,1861.3240694358433,1862.931116955608,9753.501789909904
2025-09-08 19:15:00,1873.6673720111344,1876.4922851817037,1863.6409749400532,1868.8300616103115,9774.760271907755
2025-09-08 19:30:00,1863.6018080753993,1869.8575577740146,1859.9359604468812,1863.5003070811765,1654.4591035566064
2025-09-08 19:45:00,1861.5559850975771,1866.0111982726514,1860.0541965892864,1858.9058146177456,4130.782678247326
2025-09-08 20:00:00,1884.5725086228351,1884.4825408205143,1878.754022360084,1877.7234804045056,9398.210148523183
2025-09-08 20:15:00,1892.2330650122312,1901.5161783363199,1890.5988096980714,1897.9762958516383,2926.6913291414567
2025-09-08 20:30:00,1899.1921810437982,1902.8655893539735,1895.4097678606138,1896.8885333103233,2880.823554141311
2025-09-08 20:45:00,1932.3512879263258,1940.9547933865172,1931.0423431421395,1931.6790060082706,7934.110169046877
2025-09-08 21:00:00,1910.337639915343,1911.1462069521463,1901.4892067406013,1910.6735354689833,8589.252508001404
2025-09-08 21:15:00,1932.0032210702748,1936.7017128341604,1923.4310730689754,1925.832581536763,8814.613255343611
2025-09-08 21:30:00,1917.148078515689,1919.3069322779654,1908.1202004074496,1911.3891738755083,559.7527107133524
2025-09-08 21:45:00,1903.6089146550812,1910.2466810538497,1899.5325812736546,1900.0691023574273,9937.258153734125
2025-09-08 22:00:00,1905.6685881625426,1909.2770675269924,1898.6633195896475,1906.5523656784185,9577.788973751223
2025-09-08 22:15:00,1896.3219455168496,1904.7265130468227,1892.771439944121,1898.2607467857565,4917.219550216401
2025-09-08 22:30:00,1896.8370878286325,1898.2078803034394,1892.7097116672346,1898.188093669782,3396.846329728619
2025-09-08 22:45:00,1877.08643800975,1879.2132983642894,1869.2419452529157,1873.6752152827307,8831.033619319567
2025-09-08 23:00:00,1883.425164702116,1894.227723495774,1883.1651654048524,1888.551258371542,3892.5366239933574
2025-09-08 23:15:00,1873.556454171982,1882.5061622884707,1869.2386337747384,1874.2684368848822,7210.817750097808
2025-09-08 23:30:00,1868.5506377385789,1869.5448686451243,1860.9831668646195,1869.8535831385377,7465.009015046877
2025-09-08 23:45:00,1863.2292686087023,1870.3304961739202,1859.9458704437918,1866.2749774464196,4079.4181452784223
2025-09-09 00:00:00,1865.3963500742022,1872.8075828023934,1862.6089132061218,1869.6412284031585,985.0346880978503
2025-09-09 00:15:00,1858.0997402886314,1865.7551556360095,1852.1608983213914,1859.380394273113,5698.2998367727905
2025-09-09 00:30:00,1888.2965544874705,1894.5857188665964,1886.7135220132982,1885.54975736489,5007.117627020044
2025-09-09 00:45:00,1893.3271697941911,1899.8940596098075,1891.5916205585636,1894.386542513467,6653.984598482953
2025-09-09 01:00:00,1904.5536464834036,1910.5517118312823,1898.8549989086393,1906.3957860694359,9651.186380513253
2025-09-09 01:15:00,1922.1456436150445,1925.137639809036,1912.663902864166,1917.1322031808243,2499.5124914520047
2025-09-09 01:30:00,1890.8506715897554,1893.6668520415517,1882.6029681602363,1891.6190874245833,6222.403038472018
2025-09-09 01:45:00,1889.891505225871,1894.6500144596941,1884.8553304294717,1892.9910552414428,4455.372001325363
2025-09-09 02:00:00,1900.0425914798993,1900.0611791647664,1892.00472490203,1895.8013448921047,2228.0761759878587
2025-09-09 02:15:00,1901.4968086879426,1901.8874936218651,1894.8941251220517,1895.8232900202606,3913.0330575507915
2025-09-09 02:30:00,1871.7266776467359,1880.6726290877825,1871.520813870969,1870.4054956692573,7337.533722450854
2025-09-09 02:45:00,1870.3788584732063,1876.3851262108287,1866.7391912774729,1874.7955971294484,1139.1781355915855
2025-09-09 03:00:00,1869.6771896923956,1876.2853978853668,1866.290454345878,1868.0757058436425,5562.503478489296
2025-09-09 03:15:00,1860.5633140498214,1867.0218142201368,1857.2584812353318,1860.3768489948116,5687.147139989693
2025-09-09 03:30:00,1863.0777631866792,1866.0523123277794,1854.889102312129,1858.076182907396,8879.96078323718
2025-09-09 03:45:00,1872.5607245667588,1878.1336504318485,1868.0217471923318,1874.530001576184,195.0438227420937
2025-09-09 04:00:00,1856.0051716682867,1861.308638558382,1851.8031812839565,1856.2897364382275,5301.5528636268555
2025-09-09 04:15:00,1854.926159864225,1860.372002006212,1848.4658423158858,1850.3579251710648,5919.299633360603
2025-09-09 04:30:00,1849.3143526413846,1854.616767672664,1845.1102981371837,1847.5458472091377,8147.096361045757
2025-09-09 04:45:00,1832.2056962520926,1836.4553559811477,1825.4378325525097,1832.454038968213,3167.455163193345
2025-09-09 05:00:00,1827.8227169033885,1828.5960518135105,1817.7858809940633,1821.7538839231188,7997.993298002859
2025-09-09 05:15:00,1830.0415375979474,1836.852642840518,1824.7794055312165,1829.4862022584618,3034.9862617901586
2025-09-09 05:30:00,1822.0785188112873,1823.2410227252374,1809.9895173971154,1818.1880756461153,5182.442679786116
2025-09-09 05:45:00,1795.0389940966704,1793.5048577965294,1784.2013900925108,1786.7931340278358,6909.815448610346
2025-09-09 06:00:00,1777.287563541527,1784.3707910300325,1774.1425299629652,1775.37775392786,3731.000316428555
2025-09-09 06:15:00,1805.6113637976937,1808.5451178253347,1798.7855149014317,1806.414174544322,4662.466060434988
2025-09-09 06:30:00,1827.3779386494975,1835.419410956352,1826.2984700977595,1832.8893325147774,8597.719596108918
2025-09-09 06:45:00,1835.6195202341364,1833.4752760619467,1825.0664519045745,1833.144241535546,4932.612412371191
2025-09-09 07:00:00,1841.711489327804,1844.1387013789986,1836.8263731985844,1843.4218262842842,4828.760165214714
2025-09-09 07:15:00,1843.9672441540004,1855.8193889716006,1844.7134659849032,1843.9482781808351,4691.785271742094
2025-09-09 07:30:00,1857.0750915816416,1858.0846995922966,1846.9693284721734,1855.0813300676268,3256.0348263431247
2025-09-09 07:45:00,1847.362490911736,1859.2732538472512,1846.740359536846,1849.185855318905,1380.7444978283504
2025-09-09 08:00:00,1830.0386590364408,1837.8812192100722,1823.3827856156242,1829.0154611866008,4509.299782135889
2025-09-09 08:15:00,1827.385126130683,1829.797600977092,1819.6018447645388,1829.1939419443481,4286.998783358722
2025-09-09 08:30:00,1833.9706129287822,1839.969113468857,1831.2452775879187,1837.2440089060683,5646.326555497196
2025-09-09 08:45:00,1837.7579059361922,1841.4539412161482,1836.094585830263,1842.5381998263747,5285.182029238892
2025-09-09 09:00:00,1815.3878722012346,1824.9590308173315,1811.1084097527823,1818.5466793186365,8579.561865147916
2025-09-09 09:15:00,1821.542845455263,1823.4487136813648,1814.7300276990618,1816.077283039504,3817.2228956759045
2025-09-09 09:30:00,1793.7249441226145,1805.2884498404408,1794.1733667994588,1794.5298417393026,452.51963967739584
2025-09-09 09:45:00,1795.1757488671738,1797.7929319858217,1787.0675027587433,1787.4707406727268,9746.752034002655
2025-09-09 10:00:00,1797.347339833999,1799.7878348152014,1788.0827922196977,1790.9180926692504,5323.6796111293925
2025-09-09 10:15:00,1768.8982496092751,1775.518548183221,1766.1249599727016,1770.4958764735277,6156.718646554575
2025-09-09 10:30:00,1772.240440525304,1780.1414991898394,1770.41142393583,1772.047564536908,5514.171317300094
2025-09-09 10:45:00,1756.273140285602,1766.458804562266,1754.9972899139475,1758.9598115858644,5156.659294850141
2025-09-09 11:00:00,1753.019821182068,1757.5915557902322,1748.4915298112157,1757.4056730993864,5092.7841179698835
2025-09-09 11:15:00,1761.958041220127,1760.7180288460308,1752.3336436331688,1752.8256608089703,7754.0106421145265
2025-09-09 11:30:00,1728.0631159518637,1734.8054489529493,1725.11373605346,1734.1538444914643,2031.0974906726765
2025-09-09 11:45:00,1733.881404503947,1738.4064269524438,1729.8612732785955,1729.526350988923,7479.010011207562
2025-09-09 12:00:00,1763.6301358891876,1768.7378107183797,1759.1064483575835,1758.5739481983594,863.1453478168048
2025-09-09 12:15:00,1761.1915580709324,1767.4883656351885,1758.1065292566268,1756.3478246549782,508.6831058388806
2025-09-09 12:30:00,1745.6445873015757,1745.2839151322291,1735.9575574871985,1741.7588756591244,8522.678365748401
2025-09-09 12:45:00,1742.819586049055,1743.2695248662083,1732.7978191743166,1739.1003498222503,1996.3972465091224
2025-09-09 13:00:00,1757.8871744187988,1765.2606318376443,1749.8290407578118,1761.0787109956805,6274.257257246931
2025-09-09 13:15:00,1758.515620304719,1763.0100309110871,1753.6910560579886,1762.0533646975969,8859.994543924078
2025-09-09 13:30:00,1793.630668027845,1793.3235519364825,1783.8209516199806,1789.2426748775247,8248.734004527847
2025-09-09 13:45:00,1804.757374186484,1807.5308374344,1800.8343769539076,1800.538453765509,7042.40006059993
2025-09-09 14:00:00,1790.4437183737678,1798.6683081718445,1788.7501477060998,1793.6713721662134,5620.043002714696
2025-09-09 14:15:00,1770.0139735091336,1777.0200983281147,1769.4006978961615,1774.9104447263737,1229.715013020359
2025-09-09 14:30:00,1768.5509345146727,1768.0271786337232,1756.9121237338152,1768.5769263362913,1176.4423866208424
2025-09-09 14:45:00,1785.2243787202924,1791.4540800967604,1779.416170267997,1783.6417975707434,8124.5934181525245
2025-09-09 15:00:00,1765.8978509846959,1772.5057360506582,1762.530090892816,1770.2063522459273,9256.379416354781
2025-09-09 15:15:00,1764.188209638832,1765.89065735181,1756.166034256829,1766.283505462365,990.9706484120107
2025-09-09 15:30:00,1763.5766288699126,1771.2409070396468,1759.5581607362324,1765.169041910884,862.8938096122471
2025-09-09 15:45:00,1764.4592200801058,1773.482122992771,1765.5866770402884,1765.5182854974266,8609.729763681657
2025-09-09 16:00:00,1733.7401274384579,1738.5562866867322,1730.2821690535084,1732.432728161232,3086.8736701226135
2025-09-09 16:15:00,1713.4469384714614,1720.897406550977,1713.7165103441482,1718.8849804811682,7667.296984220067
2025-09-09 16:30:00,1715.2920494021748,1718.9104073529143,1710.1060902793222,1712.5507668919502,5352.345839660941
2025-09-09 16:45:00,1711.367036790445,1720.3535423025953,1711.7009701364411,1714.862305317231,2225.909420533915
2025-09-09 17:00:00,1714.7614840372273,1721.6441813555996,1711.7415786253432,1716.9121300900758,6203.503917459765
2025-09-09 17:15:00,1717.8450734012174,1720.0495626649854,1709.7815582085361,1713.0917650291,3892.197936913174
2025-09-09 17:30:00,1706.4470677169536,1710.8380444122486,1701.449501219514,1702.2069715392615,5745.715825783249
2025-09-09 17:45:00,1723.7397258601538,1725.9642300568119,1718.8694059510153,1725.9595016147118,6614.784297416431
2025-09-09 18:00:00,1712.9861810642606,1715.9479242210598,1704.894670379419,1709.1647638114853,8339.63184376764
2025-09-09 18:15:00,1696.7595705517142,1703.6591833373805,1692.4833038100248,1692.9156999425281,1259.8146621670494
2025-09-09 18:30:00,1706.7093216445965,1709.9868527327696,1701.032518192381,1700.6577401579557,8314.50778984157
2025-09-09 18:45:00,1725.6424798738478,1733.0517637867345,1724.5329684090862,1730.1173587032756,842.1566089088052
2025-09-09 19:00:00,1735.3093504140422,1742.418463421347,1733.0912466089396,1740.208539644945,2768.5319520867633
2025-09-09 19:15:00,1753.8651094095687,1761.8359845549935,1748.9846982268405,1755.5180556723137,8436.711518054886
2025-09-09 19:30:00,1757.4468330376028,1763.0708902153438,1755.831187061628,1758.3526702308154,6013.540638400222
2025-09-09 19:45:00,1796.3381975819084,1802.0520387836887,1790.233375886329,1790.8652218150637,4669.321938316064
2025-09-09 20:00:00,1789.990370809095,1789.2072021964655,1782.16055517731,1787.0306735440968,2565.3748814353853
2025-09-09 20:15:00,1799.7351383099258,1803.1681786719273,1794.8461749574017,1797.8946335356948,8736.57262280845
2025-09-09 20:30:00,1808.462107549586,1815.7312681492658,1800.955059079118,1806.4784586232015,5455.071152557158
2025-09-09 20:45:00,1810.6762531971688,1818.7752640894075,1810.5133414197403,1818.9629720303662,9361.952092182999
2025-09-09 21:00:00,1787.4224890962657,1790.1906559417048,1777.005908471387,1779.8433087095095,6491.2397842368255
2025-09-09 21:15:00,1756.8464573247848,1763.1482685516069,1755.6192030980728,1762.253896775431,1129.4865968952304
2025-09-09 21:30:00,1765.4984718753217,1773.1661400354897,1763.9089520498949,1770.304678331479,5703.03159753207
2025-09-09 21:45:00,1759.42319290275,1764.7464050447184,1755.8344484397803,1759.3552599082534,7457.770056840974
2025-09-09 22:00:00,1793.2685551316479,1794.6137428820302,1782.939185570874,1790.58115500663,1491.643664261504
2025-09-09 22:15:00,1743.3037469861454,1750.042610936159,1735.9153922935272,1737.947870368209,6871.912214636963
2025-09-09 22:30:00,1704.3364218710774,1714.3960939272295,1701.9943324613228,1714.180416372416,315.9405157497936
2025-09-09 22:45:00,1732.3752599153327,1742.591481162752,1732.504017187188,1739.6770935108746,5053.437612236794
2025-09-09 23:00:00,1755.4576996242827,1762.0158714572995,1752.5053069960986,1752.193397090961,1552.7099909807075
2025-09-09 23:15:00,1754.3860111214183,1758.044150716522,1748.0536172632953,1755.0722008942716,2729.3033136799227
2025-09-09 23:30:00,1723.2735645619662,1728.2384737412472,1717.8136377796216,1725.8853114246092,5452.778945309242
2025-09-09 23:45:00,1713.4986350174931,1717.4927357282586,1707.126883777512,1713.4734969933572,3879.405275185371
2025-09-10 00:00:00,1712.2512358159581,1716.6230783527014,1708.31569432424,1710.809363024006,1036.1682424268415
2025-09-10 00:15:00,1658.4435045162552,1662.5065659314414,1654.430343406399,1661.1647823682256,474.17306307214426
2025-09-10 00:30:00,1644.4600195400828,1649.8981946616652,1637.517740867741,1639.1298922300614,3536.3143986715213
2025-09-10 00:45:00,1628.3224869362941,1637.5194781640664,1623.9162899261667,1630.3921459032583,8930.69743026509
2025-09-10 01:00:00,1630.9298667892112,1640.215142909004,1625.1082902032615,1627.3274165830067,169.10601031237084
2025-09-10 01:15:00,1620.3679375529975,1623.6534248283378,1612.237685344724,1620.5960020156817,2559.8003111911
2025-09-10 01:30:00,1616.026622154539,1615.845351901736,1608.8082316481293,1610.9767134472308,1996.3977885337824
2025-09-10 01:45:00,1596.7554666850951,1598.9095455989725,1587.935004922452,1599.3463309729973,9377.222434861116
2025-09-10 02:00:00,1620.2473213879282,1622.8529411137927,1613.3445660564755,1621.0723783024057,8546.539405959376
2025-09-10 02:15:00,1590.75324404416,1596.1722792812839,1585.7574800109655,1588.2171945863458,1829.5117442465532
2025-09-10 02:30:00,1596.5484951225963,1599.5642202865756,1588.8564389025978,1600.8244292805794,4561.497205176801
2025-09-10 02:45:00,1614.5679210836613,1616.9523214364876,1609.0267835004627,1612.9123522553145,7550.892364055784
2025-09-10 03:00:00,1624.2785202260156,1631.1131894274724,1623.511091314351,1629.752380745323,6160.033371763893
2025-09-10 03:15:00,1611.28943306747,1614.9175587315565,1610.4480000359456,1613.4050855508149,607.9681572633642
2025-09-10 03:30:00,1616.2502728163072,1622.8874869850013,1614.7409035835221,1618.6172146400759,2628.7768352173625
2025-09-10 03:45:00,1617.9776209546042,1623.718494719527,1617.4065906393098,1615.9177728379711,2941.75564353679
2025-09-10 04:00:00,1619.3876294004642,1620.992002235204,1610.1479505939049,1619.8250663390027,5601.728489719316
2025-09-10 04:15:00,1611.8399411453288,1619.4841211835876,1611.9524077029705,1618.2602601373326,1787.7611819573435
2025-09-10 04:30:00,1623.7144737300819,1627.2598651059752,1620.5955094122885,1623.1108274525955,3043.174851852051
2025-09-10 04:45:00,1625.2507795665986,1631.4203606842532,1624.9530263527358,1629.552417801786,2550.766818528975
2025-09-10 05:00:00,1608.1522475867655,1613.780720376916,1602.7445895492185,1614.6062420707483,7550.174952310232
2025-09-10 05:15:00,1565.767053667984,1570.9890768427933,1556.4535994791356,1559.6787285926637,9441.16425613408
2025-09-10 05:30:00,1543.4796558318033,1550.7269803307456,1541.3118064393975,1542.0838141716001,7173.552608781448
2025-09-10 05:45:00,1557.2522484557428,1566.071736717027,1552.8744596108743,1554.19648544279,6933.446539482401
2025-09-10 06:00:00,1550.3452356980347,1553.6521049706218,1540.1077973159568,1549.9197229751303,7850.914637677753
2025-09-10 06:15:00,1531.1592659790106,1533.9045358001842,1525.056393028591,1527.8867037563525,918.9806029450779
2025-09-10 06:30:00,1514.2465223518382,1522.3828926532237,1512.3884190997192,1520.005447056225,9494.90448707777
2025-09-10 06:45:00,1529.9538915765988,1537.2329691741177,1530.2304639587378,1536.4172517896463,9844.732344820924
2025-09-10 07:00:00,1552.7344080826715,1559.5787127137703,1547.1186635072625,1552.939486838743,1491.0674979490364
2025-09-10 07:15:00,1559.004460367525,1567.8010965653034,1559.9083364130693,1565.7786482561462,7350.284297841726
2025-09-10 07:30:00,1571.2660244695383,1573.5852126674579,1562.7453308851136,1572.8169792916547,3533.4285557132025
2025-09-10 07:45:00,1577.9007313844033,1579.6956628411622,1574.8209032627906,1573.7955413810826,5598.236671695625
2025-09-10 08:00:00,1550.5856109111328,1559.2496128517,1549.45754146592,1548.5712051497621,1852.3162850047806
2025-09-10 08:15:00,1578.9792040737798,1577.572263861533,1570.582558610412,1571.807470332448,603.6208609855007
2025-09-10 08:30:00,1587.7516429298869,1589.559636938823,1577.785513403801,1583.6031940258179,6930.432829910109
2025-09-10 08:45:00,1615.2269272656206,1619.021545812057,1609.712981281092,1609.9321569723327,6534.886228225244
2025-09-10 09:00:00,1619.1392004641452,1624.9512835322364,1611.6182814825324,1616.6275192824544,1948.5178746475226
2025-09-10 09:15:00,1633.7112487849408,1639.6230988986085,1629.2487772041477,1638.7969102906673,9252.475606651653
2025-09-10 09:30:00,1636.7321306755562,1643.2896518268926,1632.4787416267804,1637.5653761727015,1674.9585279871887
2025-09-10 09:45:00,1646.2638916301028,1649.731245637567,1640.3983490758965,1649.3939176728727,7342.612014927207
2025-09-10 10:00:00,1649.5507747810047,1653.0945606976497,1640.6137209935875,1643.645691424362,8993.19559450948
2025-09-10 10:15:00,1629.8238084747659,1635.390133300309,1623.1926530525614,1633.8183357459814,7030.155291427874
2025-09-10 10:30:00,1631.4834628493168,1632.6343478168778,1620.8836441934643,1623.770039440006,4909.098834229862
2025-09-10 10:45:00,1633.4248631333473,1637.6505157162164,1625.959509540167,1626.6680491780007,4483.734575874267
2025-09-10 11:00:00,1640.9102743004387,1646.719058082067,1637.644051933121,1646.9838388574042,8764.90482658709
2025-09-10 11:15:00,1649.2283468225162,1649.9975896948404,1643.6382609130599,1645.1899303762739,7060.953476958431
2025-09-10 11:30:00,1661.9398092405006,1667.9124879061724,1654.9015805514364,1661.3207353539774,9264.212353698917
2025-09-10 11:45:00,1672.079079938572,1677.0307934241919,1668.4309091065402,1677.5983129642657,7149.1493687176935
2025-09-10 12:00:00,1668.3903719351651,1678.927505122928,1667.2623830698433,1666.2063702534497,2246.602184709211
2025-09-10 12:15:00,1676.8635575702708,1684.974531111692,1674.9748600765952,1679.0357336679385,2774.5803942142734
2025-09-10 12:30:00,1664.2531124258226,1670.857285658816,1662.051718261469,1664.5998888235495,7616.092461874823
2025-09-10 12:45:00,1705.1315417873136,1705.6544138896943,1697.194829888771,1701.2806222338909,8694.796945416378
2025-09-10 13:00:00,1700.0045613789339,1707.704380087237,1696.353319710508,1702.8331127729334,8472.640217255412
2025-09-10 13:15:00,1700.9497162761363,1712.0542588882192,1699.144852118579,1708.8138773276219,8413.356322256393
2025-09-10 13:30:00,1721.7369298662857,1721.64644597311,1710.4826267992162,1718.8326172814757,8029.37772175274
2025-09-10 13:45:00,1717.064571809676,1719.5256399571238,1707.8954833148885,1716.5311972723014,4360.615381662537
2025-09-10 14:00:00,1721.3102080898582,1726.4898348423947,1718.4757748939367,1720.7514498290502,852.2285246418663
2025-09-10 14:15:00,1716.3111738037085,1719.0288594575918,1706.3577961514504,1714.3995558323118,1763.05193753544
2025-09-10 14:30:00,1684.1495194261431,1690.0720535219207,1683.3757373180295,1683.975176323481,8489.774956161642
2025-09-10 14:45:00,1699.284628053656,1698.783234595093,1690.5441098794136,1697.4291345962627,1707.8038528765258
2025-09-10 15:00:00,1683.7444615257773,1693.902634928822,1683.4125095442862,1685.915795297363,3774.5759029071914
2025-09-10 15:15:00,1703.3730227666786,1709.2166755934188,1695.3603781400084,1700.7357218179368,4673.476028691759
2025-09-10 15:30:00,1679.6161741453118,1682.3306376616688,1674.3254878631208,1683.2125588468757,4106.922946537581
2025-09-10 15:45:00,1679.1075635122243,1684.2787476176989,1670.545108354999,1679.6679317042156,7081.403978946684
2025-09-10 16:00:00,1677.2817030765693,1681.39054187859,1671.2114593108463,1675.0529980165456,3721.5041853873336
2025-09-10 16:15:00,1688.366789110397,1692.4572237899768,1681.7256093845529,1683.695517836199,4184.90500822617
2025-09-10 16:30:00,1674.4685875819819,1675.8183851984454,1669.0263012121277,1671.102398926436,8311.01234289917
2025-09-10 16:45:00,1650.8000307368675,1657.2764655355331,1647.7067031871602,1651.7280225741506,2829.1847712075637
2025-09-10 17:00:00,1680.6066784660036,1684.2950053243226,1674.5260924992392,1685.6483775674797,5172.904031299474
2025-09-10 17:15:00,1681.257909341101,1689.1981938968445,1673.9907716667124,1677.483460668895,7681.718346775373
2025-09-10 17:30:00,1672.422961565386,1678.6095684930667,1666.4129958439767,1677.4194766914468,4812.401905605087
2025-09-10 17:45:00,1653.3424318485843,1659.377269893488,1645.0937001229445,1655.7565974019474,7967.222799858009
2025-09-10 18:00:00,1644.4139187861163,1656.0315451031568,1644.455452598338,1652.255709198741,6562.982137533609
2025-09-10 18:15:00,1693.4387879918388,1690.590837944788,1681.0519902458434,1687.8145246502354,3216.7712961936613
2025-09-10 18:30:00,1690.4991063607067,1698.3436766769826,1689.4159874663776,1691.5985958683677,9867.067699772662
2025-09-10 18:45:00,1690.0438690860653,1692.975991238254,1683.7205885746416,1681.5796958623282,1553.3436913781188
2025-09-10 19:00:00,1705.5859905607101,1716.6759631964817,1707.1497575106819,1712.9082456358526,7417.191655871428
2025-09-10 19:15:00,1691.067013647137,1700.5732362392266,1687.5877179736442,1691.6777935837392,9950.181994668452
2025-09-10 19:30:00,1698.614171453994,1709.4987964640939,1699.2090997804812,1705.504423720607,7872.259191323878
2025-09-10 19:45:00,1691.3845934241322,1697.5346715448359,1690.5463798786263,1694.3080013956344,7999.3753235367085
2025-09-10 20:00:00,1701.8668152271005,1707.721439900805,1699.0687414849046,1707.0856191137505,9336.63974205184
2025-09-10 20:15:00,1663.7089314186455,1672.7992845333968,1665.0060394945344,1670.4886956584135,9740.480922261928
2025-09-10 20:30:00,1671.5997612043739,1673.6000824077782,1662.827506097026,1666.5663754096638,5811.506283608804
2025-09-10 20:45:00,1678.7307634984672,1689.377557712702,1679.6504045856525,1679.7796209964563,3305.62217865966
2025-09-10 21:00:00,1662.8191063276327,1673.3193139196455,1658.8469722168275,1668.424630574257,1934.386724912949
2025-09-10 21:15:00,1682.7178854512526,1688.6043679168465,1680.5318995548869,1680.7221887079118,9116.035696730187
2025-09-10 21:30:00,1674.583513276008,1681.2732009224376,1670.1278175436423,1672.8103244229874,3131.414101126666
2025-09-10 21:45:00,1696.3486821085062,1695.3678776869858,1685.0316646253787,1691.8804601752167,9531.873309567516
2025-09-10 22:00:00,1701.2096880782415,1703.8552921459827,1693.3078563080007,1700.7025222064617,504.83834306665807
2025-09-10 22:15:00,1700.9456607122902,1710.8509536044871,1696.2661606677,1703.4254612051434,3281.209280312925
2025-09-10 22:30:00,1714.5372064390551,1719.7504093453856,1711.5843738205695,1715.2320713103773,4608.647201006805
2025-09-10 22:45:00,1715.1988621367545,1720.6702955796266,1706.2362826079377,1711.1481665208098,315.5542096217414
2025-09-10 23:00:00,1697.8809510789963,1695.7422887630053,1690.7300773148463,1689.14348829784,3556.200020912698
2025-09-10 23:15:00,1681.6296807450701,1694.0647612410023,1679.6554741463115,1686.8047644208107,7272.837411728665
2025-09-10 23:30:00,1658.3262616551901,1665.0292836337487,1653.7171963337867,1654.0272340298488,5321.812042680549
2025-09-10 23:45:00,1634.5511617936988,1639.003229175261,1629.4686894602496,1635.15452649473,1197.7721432549984
2025-09-11 00:00:00,1659.8126457515602,1662.3324097569132,1653.7529555622523,1657.0702165744783,6300.967060494745
2025-09-11 00:15:00,1659.5253756751458,1668.306639541901,1657.2905821111535,1662.1340892155347,3029.405730137109
2025-09-11 00:30:00,1676.2512870094708,1675.0903329917098,1668.9170025500425,1674.6408488753707,1766.1225565218062
2025-09-11 00:45:00,1681.0316366324168,1686.9629067984304,1678.3446708114182,1685.423170698873,397.44570590918397
2025-09-11 01:00:00,1665.9514868222943,1670.3223898661522,1660.5223536114286,1660.8440442926974,141.77639185266213
2025-09-11 01:15:00,1664.2050978064992,1668.3650968313166,1659.4355658243799,1667.2234141767558,2755.938103260642
2025-09-11 01:30:00,1634.837324316846,1634.8720608123715,1624.192927330824,1628.056825957929,6010.180538478208
2025-09-11 01:45:00,1634.8465121346871,1636.9047341012579,1627.766005432932,1634.709621215749,8713.34767715859
2025-09-11 02:00:00,1627.0164977173333,1634.1840857842708,1624.073630212622,1628.3070026064684,6469.177337322244
2025-09-11 02:15:00,1615.0323448788777,1622.1835423640227,1615.3361454571366,1618.237716264617,4348.165269969412
2025-09-11 02:30:00,1613.5405898238287,1612.6163939604899,1603.9604477024468,1611.7125512734758,7652.157789940472
2025-09-11 02:45:00,1624.3360545942128,1626.1661838043044,1617.3260563101962,1620.8394498706227,9674.764032153667
2025-09-11 03:00:00,1615.6307174031037,1616.8665570193975,1607.8259894321259,1612.55724422616,2422.661228527105
2025-09-11 03:15:00,1609.6377210521173,1617.4958076703938,1606.526639685887,1610.121729882891,7168.615815764966
2025-09-11 03:30:00,1615.64658926737,1621.776837919075,1616.6929290655544,1617.0225858998779,8463.439451693917
2025-09-11 03:45:00,1609.2652388131366,1613.1031198041917,1598.579983507503,1602.0418413832897,9163.665750341836
2025-09-11 04:00:00,1608.2875911682852,1614.5426788941684,1600.561650906629,1607.0441830520851,8698.651680323546
2025-09-11 04:15:00,1585.9126898771058,1588.6543517383475,1575.72130711695,1581.0249372437377,8329.662866419329
2025-09-11 04:30:00,1565.6767111169345,1576.7673066340344,1562.2343861121612,1573.8032581968773,4801.661584080431
2025-09-11 04:45:00,1571.601889812249,1577.9499981833408,1572.11605370845,1577.2571677371297,2841.9347126917764
2025-09-11 05:00:00,1552.0168889616386,1557.0614058912943,1545.6624091685749,1549.9778846453096,6468.1945223518605
2025-09-11 05:15:00,1545.2652618969396,1555.4981205481395,1544.0664532180213,1551.161072483962,4482.992657395812
2025-09-11 05:30:00,1556.7306954433668,1563.5375457320904,1549.2233422990287,1553.9807507526368,8954.171141858464
2025-09-11 05:45:00,1551.9671068422151,1555.8100006050615,1544.8580420861697,1552.420855952192,5508.383362594053
2025-09-11 06:00:00,1564.5883007406098,1564.0821094065527,1554.863703915521,1562.586669493683,1978.4231305393616
2025-09-11 06:15:00,1557.3770867248345,1562.5584846730983,1557.0279628694122,1564.799326912453,7321.661348830208
2025-09-11 06:30:00,1563.5092544060708,1569.3179510863015,1559.3084056244006,1561.1478518987233,7146.296874943099
2025-09-11 06:45:00,1556.6678135283234,1561.5990492577305,1555.03980158799,1560.4215801090645,7657.451366097936
2025-09-11 07:00:00,1570.3515612462145,1571.2172540141921,1562.468100778103,1563.3332661498,837.6131274459547
2025-09-11 07:15:00,1542.473100247204,1548.5777671072021,1538.9233275242505,1550.0220723304196,2136.793001398497
2025-09-11 07:30:00,1565.7853794224472,1565.9457899042616,1557.5096588931199,1563.4806519624326,874.5295167944744
2025-09-11 07:45:00,1571.017490956526,1572.108155705553,1562.7011389882234,1562.59873987652,9615.054251702411
2025-09-11 08:00:00,1568.8290531522312,1571.9073367542817,1557.625868809014,1562.5842205139413,1045.7567768311687
2025-09-11 08:15:00,1563.3632148867025,1568.7385530648273,1559.9003550530606,1565.1276071582633,7124.600400946923
2025-09-11 08:30:00,1588.663042377628,1596.6459522794526,1588.7227708163525,1587.2474715692458,2380.055451514099
2025-09-11 08:45:00,1603.2849102669088,1613.6756427153189,1599.4211769652998,1602.79868433419,7721.578104135135
2025-09-11 09:00:00,1578.2670254237153,1583.8645279124064,1573.7844860349421,1579.9083218793592,2857.773276156103
2025-09-11 09:15:00,1549.7763020370705,1554.2348039377946,1542.458486980985,1545.944294006686,2992.2267256940163
2025-09-11 09:30:00,1528.379644484902,1530.9527644694533,1521.6009646420089,1520.7529189695485,7204.008180892269
2025-09-11 09:45:00,1531.7425703783724,1536.1247952005856,1523.9993180444217,1533.6889017559868,9799.68027389836
2025-09-11 10:00:00,1541.7596887325285,1543.6274819477076,1533.9406690001126,1533.6504335786865,9089.774380316137
2025-09-11 10:15:00,1561.6777849614023,1566.7506379201702,1555.1309654873196,1564.5108403526117,3690.275203951606
2025-09-11 10:30:00,1576.1516224932868,1583.7524081423135,1572.9793801291469,1575.085980339502,4603.695354910685
2025-09-11 10:45:00,1598.2926280489414,1599.1688758870707,1590.8692217494342,1598.3406372543725,2503.3850548225623
2025-09-11 11:00:00,1600.6424303427737,1603.0610634082805,1590.9493530766852,1601.279692910978,400.81627369934466
2025-09-11 11:15:00,1593.9671486932225,1603.410631206644,1593.470892843175,1596.2305394407467,9605.414370806293
2025-09-11 11:30:00,1596.0258289525702,1600.7692123874672,1585.5660375178775,1588.4365473861722,3032.502781855784
2025-09-11 11:45:00,1587.8130679668477,1595.7342662541027,1585.1821182686022,1590.1779797727395,8833.278805110038
2025-09-11 12:00:00,1582.8612423724437,1591.1164856780586,1577.061800088718,1585.5368697757558,3649.8277903529047
2025-09-11 12:15:00,1616.9276081199434,1623.159113004183,1611.2464795414435,1617.2885894163176,9351.534614245578
2025-09-11 12:30:00,1631.9413355260326,1638.6083722907183,1627.411553595993,1633.502640751253,8050.117149117152
2025-09-11 12:45:00,1647.020930723552,1650.8446550876845,1646.0925980953928,1646.2924648542519,4678.680021089368
2025-09-11 13:00:00,1647.7457493122151,1654.9801727352656,1644.7440090230637,1652.3601086923854,369.3018086157479
2025-09-11 13:15:00,1651.5490506800754,1655.1720311014487,1642.540825832139,1645.5483320139108,3330.824655512923
2025-09-11 13:30:00,1652.5553846900837,1656.1738828310506,1651.4860605504593,1657.794726549535,2626.192966534306
2025-09-11 13:45:00,1657.1873465219444,1658.4475417068347,1651.0430644478997,1655.6637481856562,4008.9285538321515
2025-09-11 14:00:00,1663.0844008690397,1669.115904204286,1658.8496962295226,1660.5702282777006,5406.023822239841
2025-09-11 14:15:00,1688.591532162536,1689.653689820624,1681.5798527013478,1690.3476643566623,8169.39134596647
2025-09-11 14:30:00,1682.010387587708,1689.2080791147005,1679.232377645427,1690.34002344718,9865.624984157577
2025-09-11 14:45:00,1667.334899245104,1671.2742435678927,1660.5332249030694,1666.1027315178278,2376.886729205187
2025-09-11 15:00:00,1632.1403354949366,1639.932918138158,1629.6992906902324,1637.9346653139253,4391.377360815659
2025-09-11 15:15:00,1623.2070593560993,1628.3593773789396,1618.8769025723113,1622.1885265704066,1010.0353200667423
2025-09-11 15:30:00,1635.9223480580984,1640.582549604522,1635.0279187429471,1640.1737808231605,5301.879644803439
2025-09-11 15:45:00,1624.4392473215448,1631.0897487318332,1616.7827739889146,1628.398584677009,9549.804967624452
2025-09-11 16:00:00,1637.765437930487,1642.527950923423,1632.3277796978325,1641.3881635384437,5248.480831856326
2025-09-11 16:15:00,1655.0312998218192,1658.0830532327952,1653.8431067155752,1651.251386314762,3731.1761833958685
2025-09-11 16:30:00,1674.403956156014,1677.6385524038433,1666.9124210522357,1666.598911923178,6124.458074274462
2025-09-11 16:45:00,1661.467644669444,1666.6715859182036,1652.365651123417,1655.9164347807991,7492.787715695266
2025-09-11 17:00:00,1646.3680848565195,1654.6677143512775,1646.448401174891,1645.6022792398403,7013.541775525791
2025-09-11 17:15:00,1641.209574831616,1648.0977704932095,1640.4339093573697,1643.924963931236,334.694433169681
2025-09-11 17:30:00,1649.129487449731,1651.248251260117,1638.2471773563088,1643.4777555922874,1035.3412850697455
2025-09-11 17:45:00,1650.4923312963278,1656.5365589467035,1643.740098044421,1652.4194304323976,7497.567185657606
2025-09-11 18:00:00,1669.6264136949126,1669.34750611809,1661.3771131455542,1671.1534077453332,988.5119475861102
2025-09-11 18:15:00,1638.767075586952,1651.048714786651,1637.851523851823,1644.864989244179,324.38955023997414
2025-09-11 18:30:00,1611.7969852925123,1619.6738213354474,1608.3226575754777,1610.9096246685453,5076.657129843576
2025-09-11 18:45:00,1594.6808510511241,1598.2569774194644,1587.2046614660426,1588.518021353357,5909.047163531321
2025-09-11 19:00:00,1582.5930414112177,1590.138093993859,1582.6454515066814,1583.9938941999285,7101.78812726782
2025-09-11 19:15:00,1578.4816599545072,1584.012773547638,1575.7554584147672,1581.167260412885,9464.62801395057
2025-09-11 19:30:00,1585.7776419136787,1593.841165007128,1583.1082573750791,1586.9919993243616,6209.943094361766
2025-09-11 19:45:00,1603.5756681866565,1605.6388400378114,1594.1516135290292,1604.527388581789,1481.763213487421
2025-09-11 20:00:00,1576.3637957810786,1582.1340289089774,1572.0345466138454,1576.8306622733226,3711.4897239332095
2025-09-11 20:15:00,1605.8369675825536,1607.1066673378452,1597.2467397719577,1597.86231723036,4660.119144636306
2025-09-11 20:30:00,1582.3314979976387,1586.0026126521554,1579.529276047601,1580.5740395969372,6427.080565525959
2025-09-11 20:45:00,1588.7060932582044,1591.962335334246,1584.268898773495,1589.005657405522,5018.386716053494
2025-09-11 21:00:00,1575.5856244629988,1583.9785015030404,1572.971457500489,1579.7470890975314,456.09038976130284
2025-09-11 21:15:00,1566.6887371035323,1574.3781275866534,1563.182618366297,1570.4957049757024,3372.1168124406818
2025-09-11 21:30:00,1581.920726622473,1591.007404652047,1581.559307351501,1581.4926074409598,3708.950964838484
2025-09-11 21:45:00,1597.2027739121058,1604.0642521845423,1594.4479643562518,1596.1585738282515,7708.928473071449
2025-09-11 22:00:00,1614.5406324265177,1617.7897589016825,1605.963106206404,1610.348054231829,1987.8076852577067
2025-09-11 22:15:00,1591.8860689323665,1596.7721244240474,1586.5907679166244,1590.4254778595327,7211.0585168462085
2025-09-11 22:30:00,1629.5623678382935,1633.0060153249453,1622.2257189371828,1628.2921257288851,6745.652216129857
2025-09-11 22:45:00,1644.3551808308557,1652.417584069313,1644.8959069855116,1648.9107714262154,6565.09135605062
2025-09-11 23:00:00,1658.7258761732814,1658.3972823986476,1648.1486654818107,1652.4677944934301,7959.716054433711
2025-09-11 23:15:00,1660.6465005133807,1662.9758147950274,1655.6148927388474,1654.7140573759737,6254.493762543339
2025-09-11 23:30:00,1653.711879413225,1661.7953098656837,1649.8850156725455,1658.1225171347571,1023.44262972045
2025-09-11 23:45:00,1676.2353175916314,1679.3833685149934,1664.9374200774523,1668.54715506277,1732.0131891555998
2025-09-12 00:00:00,1668.9977838442494,1673.0919257698445,1662.7758475269127,1665.9678673532646,2640.5898831523227
2025-09-12 00:15:00,1660.522966156574,1662.272039889182,1651.1856920221708,1657.5729283863227,4442.307298016734
2025-09-12 00:30:00,1667.0792647256562,1674.9568119722928,1660.5147356257273,1663.3012986853855,7176.63737185992
2025-09-12 00:45:00,1673.2341267642203,1679.8266614765207,1669.9903908929386,1676.486712552726,5848.763416063754
2025-09-12 01:00:00,1643.7214212397985,1652.2712844343393,1639.790095688238,1640.7838759348783,6133.868033724623
2025-09-12 01:15:00,1653.2776160313729,1662.3558345826086,1650.6430677931296,1663.1154918130978,6039.504220727539
2025-09-12 01:30:00,1678.5633020626067,1676.8069050021218,1667.133343203762,1672.6274187567763,4511.703285375316
2025-09-12 01:45:00,1667.473995922852,1672.5823669258823,1666.8696203311772,1674.4818499713465,528.4146116425549
2025-09-12 02:00:00,1669.2141044356633,1676.0882104394923,1666.2766037425804,1673.915532054924,7805.896300432663
2025-09-12 02:15:00,1685.7060086072458,1694.6181228950948,1686.7963573763154,1689.7087763809384,8506.112530516588
2025-09-12 02:30:00,1675.777492754716,1683.1964493191467,1673.2849866975278,1684.4164561576802,2885.389975260207
2025-09-12 02:45:00,1680.6039717326028,1684.6686151969393,1672.9130746491287,1681.4632755428963,2117.4712357980807
2025-09-12 03:00:00,1687.7860132866585,1690.3685564404416,1680.571162767714,1681.5667019846157,2982.031470823699
2025-09-12 03:15:00,1687.2004981921198,1688.579113006133,1680.5248592745113,1679.3001383965227,3833.307429370342
2025-09-12 03:30:00,1676.5391101746397,1682.512353857987,1673.3933334576568,1681.0383343499072,7624.898567309541
2025-09-12 03:45:00,1713.3796223783145,1716.5847604928451,1708.0941726487586,1710.0809973514201,8606.51586486451
2025-09-12 04:00:00,1712.9845000122955,1713.330353379527,1708.3374325511886,1708.39209262025,8311.353605030783
2025-09-12 04:15:00,1721.496481432662,1719.3148761521056,1712.960412553268,1713.8755888512,7119.19438672069
2025-09-12 04:30:00,1722.104958792625,1730.6636436282288,1717.0951866195614,1725.3159235776736,7666.931989599514
2025-09-12 04:45:00,1733.4458706918147,1737.4177693387076,1728.5491958955902,1732.5477806630265,6499.37122542553
2025-09-12 05:00:00,1736.297619851099,1741.6347004280544,1731.9821960004642,1739.280133372834,3557.934702487603
2025-09-12 05:15:00,1720.4524362147731,1726.98367270571,1714.6437294745788,1721.4568423162164,1002.6366045108448
2025-09-12 05:30:00,1696.9471772832917,1704.9891931298578,1694.7652429284262,1695.7910735154142,1559.886885524819
2025-09-12 05:45:00,1712.859004919114,1722.1380350731217,1715.303050693906,1717.8464499400447,1581.972060843048
2025-09-12 06:00:00,1719.6455352918426,1722.9597351211526,1717.2442381046233,1716.425924650961,5857.158972088241
2025-09-12 06:15:00,1681.4123806714938,1689.4687393434483,1681.1015874396614,1683.5763467089707,7221.465126001008
2025-09-12 06:30:00,1684.8867855218887,1690.1027364009512,1680.9755052117707,1683.1975671375117,5955.673857650858
2025-09-12 06:45:00,1691.9173977763771,1691.3025577251979,1680.5591751704778,1688.4527966101123,156.07505136386442
2025-09-12 07:00:00,1656.86480708681,1664.9612741995666,1654.655766513771,1662.4207871796643,2656.207023557286
2025-09-12 07:15:00,1651.4067410362802,1651.1817863581682,1644.069699447015,1649.5258458839478,6166.338208592302
2025-09-12 07:30:00,1660.268163448228,1663.4853545732212,1655.4905422521952,1664.9173470474868,1282.0367743441436
2025-09-12 07:45:00,1655.294962951218,1659.0567497855418,1651.2550917337892,1656.3225342206679,3474.7336563009585
2025-09-12 08:00:00,1669.5629796702067,1675.041863314785,1664.841674981408,1667.449359463705,7692.954406116963
2025-09-12 08:15:00,1648.0441227446279,1657.3566329346427,1645.3981168362193,1644.9623566900989,3815.263700223142
2025-09-12 08:30:00,1659.9462855969402,1666.3881370980753,1655.1964416212732,1664.0612404632031,1245.3947746864012
2025-09-12 08:45:00,1671.7673418272632,1679.3193147159072,1668.718305469407,1670.205010209584,5648.848513877082
2025-09-12 09:00:00,1668.757939345375,1669.9177763659548,1659.5246188240858,1668.8311852256022,168.02443927612737
2025-09-12 09:15:00,1678.8235268179462,1687.0245826370394,1674.5983501124022,1679.7717483205915,6569.402044316871
2025-09-12 09:30:00,1712.2384606831683,1713.9845861259028,1701.4333292557812,1711.4544182333086,7115.878914024223
2025-09-12 09:45:00,1687.0705275810408,1687.9975755362284,1676.5594807008079,1686.5409751112256,774.7192308593361
2025-09-12 10:00:00,1687.8784589426057,1691.0823282886531,1680.313476771903,1689.8314978772537,7023.343307435655
2025-09-12 10:15:00,1686.3901319681065,1692.1346525468996,1684.7860627315968,1689.2232283972296,2499.2672748397836
2025-09-12 10:30:00,1695.6348510048529,1693.8341893818754,1684.4716434364323,1690.485298487501,1537.9728280715026
2025-09-12 10:45:00,1703.471255440273,1709.5294905680578,1699.9550125600447,1697.859208915208,1584.0682274105259
2025-09-12 11:00:00,1726.805137353295,1725.9838609516676,1716.5598917577472,1721.9199652724596,300.0643502704237
2025-09-12 11:15:00,1733.4998567342245,1736.0626687309234,1728.1231732439253,1732.7068293568245,6680.391652270667
2025-09-12 11:30:00,1740.1673950389986,1746.4491674188093,1736.166879908223,1741.046092633776,1515.271050036323
2025-09-12 11:45:00,1774.461224401483,1774.0538921872776,1768.8734421343356,1776.21114071184,4455.48706250023
2025-09-12 12:00:00,1766.3736605844674,1778.3582154709613,1766.5505355159646,1772.3757380975671,8917.33615647183
2025-09-12 12:15:00,1780.0653321432035,1779.5187324632025,1772.8632329457357,1779.0918114576382,5683.71729612399
2025-09-12 12:30:00,1796.475973650876,1801.597147141738,1793.6688222587911,1791.9873827440108,7060.710371742475
2025-09-12 12:45:00,1783.3184791676927,1783.3036149919874,1774.693125729001,1782.2594755759299,2301.321134942748
2025-09-12 13:00:00,1787.091318111825,1796.3419484149965,1786.2813556368662,1792.1616699263327,3282.828836337507
2025-09-12 13:15:00,1790.154147483847,1797.2776822015205,1784.343817217658,1788.6914613669337,9701.816715644325
2025-09-12 13:30:00,1789.6151968186048,1797.777192664672,1783.3480917985287,1794.718961336126,1917.2519434650328
2025-09-12 13:45:00,1773.78031268427,1778.8980547699105,1771.75597160252,1771.3017930317483,3401.800699248557
2025-09-12 14:00:00,1751.2967608163644,1759.955172697278,1752.582565422192,1760.766252898171,7523.467180058516
2025-09-12 14:15:00,1760.4715655684727,1768.7614321343747,1753.119848852953,1761.5748783958552,1183.7671667406617
2025-09-12 14:30:00,1765.2547939307883,1775.4370902848018,1761.8558732728654,1768.1180547949348,2911.476397282186
2025-09-12 14:45:00,1790.2354372912578,1792.3542000756047,1778.8620656655687,1789.7451498387948,5766.579206799841
2025-09-12 15:00:00,1812.5413718962193,1811.5306387006585,1802.7082229940647,1813.3659089489386,9089.614022863047
2025-09-12 15:15:00,1836.9421525703794,1835.8817010065775,1825.7211375144548,1835.9232494167484,2558.6564597819524
2025-09-12 15:30:00,1850.143272654982,1853.9846603627407,1843.490015954246,1841.981719368427,8434.373527074902
2025-09-12 15:45:00,1858.6215249073944,1867.4228261046617,1855.3309826277548,1860.0155384158736,9382.262916832547
2025-09-12 16:00:00,1836.6503556086345,1842.1177250616004,1832.511331451087,1841.5014344212145,4481.139608027392
2025-09-12 16:15:00,1813.1179648200462,1823.6531679083273,1813.1439670009693,1819.8644566067246,2846.2465614867465
2025-09-12 16:30:00,1804.2052725196331,1812.0534979708225,1800.0829376172014,1808.3819097025316,6089.632854785997
2025-09-12 16:45:00,1812.8665788540332,1821.0633681674367,1809.1163280018409,1814.985672274335,4935.52747747466
2025-09-12 17:00:00,1798.621820374099,1798.9177421553993,1790.5987563586257,1799.9954238342555,8350.61417364691
2025-09-12 17:15:00,1805.6747107945457,1816.9936610946402,1804.78479164025,1810.5780073087772,2710.380575653146
2025-09-12 17:30:00,1799.8017211035426,1805.1595143422821,1799.6788404253957,1804.3681523575458,6402.924680096321
2025-09-12 17:45:00,1812.6634022770997,1813.4650357012588,1806.191558395554,1815.4005975952493,7226.405541008036
2025-09-12 18:00:00,1815.9001895582564,1825.892590478755,1815.5026037090295,1820.3309745808217,9440.555622751497
2025-09-12 18:15:00,1810.4585306145443,1816.0243128538011,1806.8851783664172,1806.380607935651,5061.400559067612
2025-09-12 18:30:00,1802.8198282260996,1809.1010113857562,1796.4386898443177,1804.9872634511532,1472.678290297727
2025-09-12 18:45:00,1795.806526032549,1798.1593932712874,1784.9245420882905,1790.0719150633454,5320.451126525375
2025-09-12 19:00:00,1791.0154074546133,1796.4926332979285,1788.5200304744549,1791.2842030657291,2878.9391517331637
2025-09-12 19:15:00,1787.0546129188524,1798.9563212618245,1787.0293480850091,1787.2569379828467,3722.7506775799507
2025-09-12 19:30:00,1811.5219832079092,1814.8006521353163,1806.0628817898134,1811.9712144301193,6434.326989891268
2025-09-12 19:45:00,1844.7963191510607,1844.1949365258895,1836.485773845173,1843.707091709198,5735.910044793116
2025-09-12 20:00:00,1864.0093328870325,1864.793905675899,1857.8897913585172,1860.9560217669648,9394.662713839227
2025-09-12 20:15:00,1876.7249497161617,1880.3931163223272,1869.5942963327832,1876.0583489700828,3333.1653158653608
2025-09-12 20:30:00,1893.927462860192,1894.9535355751875,1882.0128060146574,1890.2383035022208,6755.5271942086
2025-09-12 20:45:00,1902.810839864743,1901.9474823149335,1895.721351513916,1895.4610685589937,8649.490674533472
2025-09-12 21:00:00,1912.4391706375695,1919.6545021622028,1912.5683885263256,1915.8786671191442,5186.890320966911
2025-09-12 21:15:00,1954.8703422217986,1953.9755548315618,1944.2833327907565,1955.1217630973301,3306.1681975889123
2025-09-12 21:30:00,1959.7122055988614,1961.983161086088,1951.1622467256,1959.4910989080802,4428.645834502089
2025-09-12 21:45:00,1939.872763189746,1943.4874776975794,1931.5744345634034,1933.0110745291968,7046.154782306745
2025-09-12 22:00:00,1941.568599470776,1943.8947586148765,1933.2955439444447,1940.6781359852826,8522.985930035504
2025-09-12 22:15:00,1957.947358470779,1963.1256778292604,1955.4337050697961,1957.4245405239303,5345.561442137153
2025-09-12 22:30:00,1955.9939357883168,1957.272881904935,1946.0076986204353,1953.937366814677,145.95374423284144
2025-09-12 22:45:00,1964.7225506031784,1966.5406129879948,1954.9908685162727,1957.5731000509893,2091.7716524267344
2025-09-12 23:00:00,1982.308218298432,1984.2096790217151,1974.1272966430156,1985.6145461315577,2532.9038554774143
2025-09-12 23:15:00,1995.2579036479979,2000.0611579070853,1988.3397384865916,1992.1853839931387,2324.465754315662
2025-09-12 23:30:00,1980.4500599783205,1982.3937217473783,1975.4058111600932,1975.0336233914927,9972.968956738066
2025-09-12 23:45:00,1958.620044911184,1958.791646097726,1952.2427086507598,1958.378190294515,9246.797098961293
2025-09-13 00:00:00,1940.5057309575197,1946.4956465136538,1938.3246975546367,1940.3414420223476,5266.637752417647
2025-09-13 00:15:00,1916.9311034696882,1919.0647487704427,1913.4957684731946,1920.8996161385505,5621.631922862356
2025-09-13 00:30:00,1926.8007668849368,1936.33640182625,1923.579999560862,1924.0768241008323,1063.3107451094124
2025-09-13 00:45:00,1937.096810861533,1935.8265926405743,1926.3790822432907,1937.447647964162,2145.7263201228716
2025-09-13 01:00:00,1916.9120114491539,1927.206931930327,1916.3780562744714,1920.6894975622429,8144.820388295089
2025-09-13 01:15:00,1906.8408237297672,1907.5096409209275,1900.7462664618101,1905.3267424701323,7925.874838380784
2025-09-13 01:30:00,1889.1601093595161,1897.0830741916259,1884.3541321947316,1887.3551277990955,4535.423643186783
2025-09-13 01:45:00,1890.7457327857455,1893.140132834774,1881.427054266742,1884.6877397476342,9639.168944144198
2025-09-13 02:00:00,1894.3156735930668,1899.9642827450286,1892.9167280101628,1890.860984032959,9375.09761038117
2025-09-13 02:15:00,1898.2600131747204,1906.521388220552,1893.8536263766455,1902.743832150264,7241.095948613031
2025-09-13 02:30:00,1894.457321445836,1902.1872067897064,1892.7545625242217,1896.8585785241821,1863.8064716331012
2025-09-13 02:45:00,1911.2997259616495,1916.2013125208323,1903.5162839911573,1911.5413824906275,3196.1346599461735
2025-09-13 03:00:00,1912.9865652563915,1916.2571259579906,1909.0653976005983,1910.3040241084552,2251.794607765475
2025-09-13 03:15:00,1909.6317311841349,1919.887283334947,1908.756150235541,1914.7855899622705,7112.943714232301
2025-09-13 03:30:00,1902.7438658330475,1902.792858700903,1893.038300273404,1899.3458863341496,7612.335420097123
2025-09-13 03:45:00,1925.027542282865,1925.889826202489,1913.9719912688713,1921.3684298390415,6876.38896451534
2025-09-13 04:00:00,1934.6623174957522,1943.5041552980867,1933.3213491328863,1934.0959481851432,1715.0114426995397
2025-09-13 04:15:00,1924.0810021526593,1925.7280386560415,1913.2310246697555,1919.1615756681517,7096.722397150652
2025-09-13 04:30:00,1911.5469057398486,1916.789757902368,1907.5311827113155,1908.9865565344849,8742.71466493624
2025-09-13 04:45:00,1917.0037669950405,1923.8127695354694,1917.0955611700715,1923.9459112059974,5658.905573191417
2025-09-13 05:00:00,1968.6456569594109,1972.9574371615697,1962.6718505267397,1968.281722056941,441.1501720512787
2025-09-13 05:15:00,1988.013028462986,1987.7290228001423,1977.0536872597836,1984.2622546477,8878.834854670558
2025-09-13 05:30:00,1957.4311364627326,1966.6064456109716,1956.3244019771614,1964.4883652050944,9836.241696722025
2025-09-13 05:45:00,1954.4405779853462,1954.4598105457783,1948.6004714374642,1949.6098030792737,8609.517044829508
2025-09-13 06:00:00,1968.8566988768484,1978.4603210193707,1966.1100522423826,1974.9473969496512,8454.40515501823
2025-09-13 06:15:00,1961.9887482959075,1971.8259021433814,1958.8842887427957,1963.3481794079091,606.714923126662
2025-09-13 06:30:00,1966.6679582718061,1971.0693187271788,1961.7072300297941,1972.4252730983185,7269.34181256375
2025-09-13 06:45:00,1940.2526669947936,1947.927147712556,1938.684410117769,1944.940571721415,7835.776420864745
2025-09-13 07:00:00,1934.7255741185818,1944.6825849523225,1936.1847229403552,1934.6909295955404,3621.266409008518
2025-09-13 07:15:00,1924.9322456784728,1925.1440325446,1919.0940261726703,1923.90073384857,7348.851761321786
2025-09-13 07:30:00,1876.9389356848474,1884.7881678455124,1877.885690119243,1881.6293719148505,3884.7535786763115
2025-09-13 07:45:00,1877.9879917723933,1888.4195343202675,1875.8156085421767,1879.1632000970305,7737.641316185476
2025-09-13 08:00:00,1881.483394429295,1880.860468142377,1873.507916541405,1876.681598887017,2771.6580645111817
2025-09-13 08:15:00,1887.6979496290642,1895.2165591458497,1880.8896425083858,1890.9071187762777,5186.535650541326
2025-09-13 08:30:00,1909.307163260576,1917.7879800263386,1905.431393853035,1914.696965004698,9536.2635487717
2025-09-13 08:45:00,1923.0309995763118,1924.6121538563937,1913.233794969506,1916.6934371148836,2677.284737702782
2025-09-13 09:00:00,1942.0542945560608,1946.4565758158046,1938.693630670176,1941.3821663698923,8385.058043948022
2025-09-13 09:15:00,1952.0538286937467,1960.7080592263073,1954.3949477285098,1961.246160987677,870.077845322193
2025-09-13 09:30:00,1971.2280344765106,1974.143672655801,1961.0499341197037,1962.788760934345,2473.1715999748785
2025-09-13 09:45:00,2004.947341808123,2013.5386003574222,2003.225895189043,2008.3670505179011,4939.379049503842
2025-09-13 10:00:00,2009.5602307362833,2008.9510262128927,2002.7130792845803,2003.2112476264988,920.0511351137249
2025-09-13 10:15:00,2020.326078934762,2018.7226684930597,2013.9773775800988,2016.1999384839075,4333.493442680911
2025-09-13 10:30:00,2026.583586455617,2031.7812769413,2020.4489633508474,2021.5392964873822,4373.764740801456
2025-09-13 10:45:00,2023.4777776461287,2023.2153005684806,2011.7092544802877,2022.433260360398,1210.8066712620669
2025-09-13 11:00:00,2023.0663842204979,2024.1029311566506,2015.3937438238795,2017.61269427845,4562.567635021864
2025-09-13 11:15:00,2006.9256743750016,2012.7083163652915,2000.0869110284616,2002.0118000967896,4963.924949340755
2025-09-13 11:30:00,2022.219688036293,2023.8056228239404,2015.8785432809766,2020.964519396853,586.9775551369995
2025-09-13 11:45:00,2029.900065452881,2034.0698817663192,2020.6185814722933,2022.2105501262047,2162.8549330513993
2025-09-13 12:00:00,2052.511621038264,2054.3566069050953,2040.4900125535776,2048.6513621746753,4749.773315598813
2025-09-13 12:15:00,2063.758362401545,2066.893992140862,2055.7828947079684,2061.757868816959,9933.23310319789
2025-09-13 12:30:00,2065.8717233101233,2070.931743876078,2060.1721953571177,2066.4318782919486,3921.589419595215
2025-09-13 12:45:00,2091.956163903783,2092.4067515227844,2085.4609763562125,2088.7689020729185,2382.7271039741718
2025-09-13 13:00:00,2070.1888329139992,2070.306998801829,2062.8102912643726,2069.3706809251785,2692.1422970209524
2025-09-13 13:15:00,2061.402965330097,2063.9862187730687,2056.2566030374637,2063.416653194223,6261.239308624871
2025-09-13 13:30:00,2073.8830302949864,2079.996836981879,2065.6197909401267,2070.7229040562183,1047.026282260851
2025-09-13 13:45:00,2077.5537713736476,2088.4462571617287,2074.2012266971324,2076.3608043048903,615.303970568132
2025-09-13 14:00:00,2068.7602346103654,2075.6453769047116,2064.5288710235677,2075.7474984283676,7363.710481107711
2025-09-13 14:15:00,2068.7258507467404,2078.7930487947674,2066.927247334355,2072.4796857591837,8992.977783001339
2025-09-13 14:30:00,2107.268908309368,2115.708355233516,2101.058400319101,2110.5045537250126,6555.629041319423
2025-09-13 14:45:00,2143.1931707127223,2145.910601972364,2132.681392138019,2137.0681455187782,4008.773817367749
2025-09-13 15:00:00,2146.46221484639,2149.1436312466835,2137.5557702231645,2144.1265951098303,9583.611100478187
2025-09-13 15:15:00,2123.6602160237508,2126.3539347024252,2111.2912110045704,2124.0671522959306,4668.116600765034
2025-09-13 15:30:00,2113.599537412459,2123.901089168234,2113.5926466933115,2117.1778666293217,5162.069340111177
2025-09-13 15:45:00,2124.2216178940416,2123.566516791789,2113.1598328452774,2122.8797572836775,4991.329834528428
2025-09-13 16:00:00,2122.379138531805,2128.116240181977,2119.1585778090853,2126.466362127914,3175.5424908184646
2025-09-13 16:15:00,2102.365014513292,2108.615297348389,2096.61290549301,2107.3797281229217,1679.904922008617
2025-09-13 16:30:00,2117.5575112247193,2123.8076778923987,2114.446971232111,2116.301104405115,297.85921826760296
2025-09-13 16:45:00,2118.2356396754512,2127.6255991926537,2115.7802397642463,2119.7157701947694,758.4474254368779
2025-09-13 17:00:00,2116.4914868923197,2118.5707938682112,2105.1795499781106,2108.338210321592,3196.049357239056
2025-09-13 17:15:00,2119.141806788593,2124.266925205724,2117.975506218467,2119.240073890691,9782.790229687302
2025-09-13 17:30:00,2122.470314808854,2126.099534099222,2119.317034347592,2118.5920327492845,3852.5345366271495
2025-09-13 17:45:00,2118.053425610839,2129.3244828900447,2114.1628221851333,2124.8674364138187,3864.717878939583
2025-09-13 18:00:00,2134.951472476004,2135.125190465577,2126.517173348358,2134.156689590788,2519.176170793523
2025-09-13 18:15:00,2134.543634477768,2142.791797420067,2133.2360131762703,2137.859742869087,6367.549360003239
2025-09-13 18:30:00,2176.279527467578,2180.4205893420617,2172.2159913031237,2171.7230994602705,3963.580422642066
2025-09-13 18:45:00,2166.188845580071,2170.82672614571,2161.87503544293,2169.657829841515,743.4179086453912
2025-09-13 19:00:00,2149.430231976287,2152.2419128944116,2141.773529720078,2148.4147097354603,4409.422833431175
2025-09-13 19:15:00,2147.6338210943723,2159.3941282917544,2149.525761802585,2155.5936663098055,7789.936496960442
2025-09-13 19:30:00,2169.6260033734416,2171.90771344186,2161.9529333452374,2166.0759491673825,2140.201627068008
2025-09-13 19:45:00,2153.6652995989757,2159.046865925539,2153.3448906757117,2151.423750228253,6264.89991612003
2025-09-13 20:00:00,2150.8323753573854,2149.7185155747043,2140.2996417390646,2146.3125027013893,3994.1962569575394
2025-09-13 20:15:00,2136.9759332958297,2138.262198552093,2127.5125019603693,2134.137607627836,3629.205596707248
2025-09-13 20:30:00,2120.8459550707385,2120.803671084504,2110.1227609328607,2117.3098609430303,940.7400307059692
2025-09-13 20:45:00,2128.031667091244,2135.2776452655953,2126.5125743562658,2129.692258960775,5032.143073671268
2025-09-13 21:00:00,2153.271170569431,2154.437004740537,2149.441973965453,2154.2897107982567,7731.364676279567
2025-09-13 21:15:00,2153.845445962012,2160.577927944498,2150.434061220218,2157.1956481992047,8587.590845291803
2025-09-13 21:30:00,2156.2767315233864,2157.9366064301116,2145.756253165385,2155.4877292098936,1553.6926292358082
2025-09-13 21:45:00,2140.699983490287,2145.3172315263687,2133.5487927282775,2136.8059141419035,8813.79990716209
2025-09-13 22:00:00,2148.084351538257,2151.231387067552,2139.3860635388332,2142.645479748598,1045.391198221187
2025-09-13 22:15:00,2134.788824205153,2137.2261729608326,2129.4140446681613,2132.266399621326,6939.62512906289
2025-09-13 22:30:00,2155.4203503131444,2157.9708634286703,2143.5800870767644,2152.0046297227864,4320.135996298862
2025-09-13 22:45:00,2155.385889863849,2165.0768253273695,2153.2072805801204,2154.0041576288577,2902.9344767173675
2025-09-13 23:00:00,2126.6542034335585,2133.8267950523564,2120.285193231657,2121.9485913545095,1498.1126379392108
2025-09-13 23:15:00,2146.984593495558,2149.5240492418075,2141.7805127781803,2146.8684661593,4306.306915308323
2025-09-13 23:30:00,2154.1970625957297,2161.3976661890038,2153.3311270474774,2162.3067426509506,3294.9594819163094
2025-09-13 23:45:00,2178.7692881872917,2181.8313909769986,2172.092515585292,2176.6255501404335,2140.810700569092
2025-09-14 00:00:00,2152.1299976043742,2159.3825878104903,2149.334850986148,2155.3956592516197,9264.402848238384
2025-09-14 00:15:00,2137.246330830029,2143.6903797761233,2136.8163224645127,2137.993728616158,1329.0916898282844
2025-09-14 00:30:00,2106.2912299518434,2115.953436506792,2102.134815463893,2110.060255358872,1715.4489049981873
2025-09-14 00:45:00,2103.8999777751983,2107.810305288209,2096.968353575468,2105.387965752002,3496.5000256203048
2025-09-14 01:00:00,2095.505962662288,2101.270564926674,2092.4691369388966,2094.9559620344685,5586.03318086334
2025-09-14 01:15:00,2112.9610095376925,2116.596282373944,2110.1676575024953,2115.6000335309213,3043.2819428319267
2025-09-14 01:30:00,2125.0317404871175,2133.3387407346236,2123.30918307772,2125.9288431278483,694.1322782535492
2025-09-14 01:45:00,2134.641290596689,2136.041985196853,2127.218977190327,2129.7792136235944,1577.9750265295424
2025-09-14 02:00:00,2161.546560223082,2160.926839894745,2152.8179806201742,2156.9595995485606,1062.8030293394604
2025-09-14 02:15:00,2199.1656145492834,2198.5569099652466,2187.953560474695,2199.867160737217,6617.348102003964
2025-09-14 02:30:00,2206.2828365254322,2207.0607927267706,2198.609731491503,2200.495312284415,4898.67903858044
2025-09-14 02:45:00,2200.3458215399974,2202.6006221179036,2192.275605593293,2197.3819096801685,6193.900761576377
2025-09-14 03:00:00,2199.5571568547034,2208.9472422087265,2200.4269044619623,2207.4451588396755,7158.344974926336
2025-09-14 03:15:00,2201.506730531232,2209.4234014475774,2198.5384110788227,2202.5008605362013,998.8745849491013
2025-09-14 03:30:00,2220.41212255679,2224.204623159204,2213.8877915521534,2215.7362467336557,3777.6761612460077
2025-09-14 03:45:00,2221.893940485747,2225.740936047009,2216.506160336568,2223.596216742354,9357.288227163635
2025-09-14 04:00:00,2204.3264857031472,2211.618111263398,2202.7070674767288,2207.1375872721646,1873.2446398933018
2025-09-14 04:15:00,2228.2641138384515,2237.626459971152,2224.1006236926432,2230.151146152948,4792.591611775958
2025-09-14 04:30:00,2268.7121902006415,2279.5915667352715,2270.5932576117107,2277.6811533233836,1208.1823175103927
2025-09-14 04:45:00,2280.6075241379135,2281.9336301423828,2276.038979713554,2276.28435051735,1767.889064498271
2025-09-14 05:00:00,2255.6808618609653,2263.4121990936305,2257.8498032536236,2261.7447235596555,6211.749154096361
2025-09-14 05:15:00,2265.4860111500284,2270.4673795699987,2257.6028481953877,2262.841450917643,8035.383555440325
2025-09-14 05:30:00,2254.7444129874098,2253.240744250314,2245.4519619518187,2245.63971038907,6303.790390815293
2025-09-14 05:45:00,2270.6464993667632,2276.819368468414,2263.9986250592256,2266.055396398182,2277.916844670166
2025-09-14 06:00:00,2267.8643958655903,2270.561994464085,2258.321071215115,2259.471572569901,505.73648366871754
2025-09-14 06:15:00,2254.8150644422403,2255.9511703353805,2243.6247205263326,2254.2186132000948,9810.61089917285
2025-09-14 06:30:00,2240.3909470645576,2248.8867940560685,2237.8544468588407,2239.235215331528,5185.292738576941
2025-09-14 06:45:00,2276.1547567081598,2274.8968174044007,2267.850966037957,2276.817470739767,4602.794908876618
2025-09-14 07:00:00,2284.733861192317,2287.9788543032814,2278.865553427378,2286.696082384109,4639.218134012676
2025-09-14 07:15:00,2279.4787126698575,2283.227722374272,2273.8479941126607,2277.3214791104974,1321.2432525894922
2025-09-14 07:30:00,2298.0700969378518,2301.3099514843484,2291.95987187344,2294.991008021433,1466.9793779043541
2025-09-14 07:45:00,2265.6682190524657,2266.567598439139,2255.1758789666533,2258.802026017376,7212.278395594123
2025-09-14 08:00:00,2284.6588442341854,2287.6908194591465,2279.9168963042976,2285.4603846621653,8878.543479365886
2025-09-14 08:15:00,2297.1556522725914,2306.472384805085,2296.011290202742,2296.7619211343454,8645.736804540307
2025-09-14 08:30:00,2315.7923039020716,2322.6713901227977,2308.150009880117,2314.8232449469933,9298.352645529683
2025-09-14 08:45:00,2307.246400329832,2312.083195650071,2304.716001338097,2308.4251033506603,8274.820168760794
2025-09-14 09:00:00,2309.9141584522326,2317.4440934002373,2304.1780436688286,2316.629092179091,5513.905725523081
2025-09-14 09:15:00,2294.8052616808613,2304.578171839386,2292.7628365785195,2296.048648861261,8107.888898044544
2025-09-14 09:30:00,2276.3988100932243,2276.4307998553872,2268.6528217091463,2276.9280272861893,2777.73403724215
2025-09-14 09:45:00,2279.088586392181,2284.6895966950065,2276.732654135484,2279.008378581401,2150.887564345184
2025-09-14 10:00:00,2267.5928633445615,2273.7556816675424,2264.6531160701243,2263.071673712323,6729.3194248028
2025-09-14 10:15:00,2246.2801977544127,2253.744636624811,2244.5052303559883,2246.806034288626,7766.749151001931
2025-09-14 10:30:00,2230.830761397818,2234.268497518052,2227.6517480167236,2227.061999879525,7654.167907755191
2025-09-14 10:45:00,2243.8788866426657,2242.0608076015196,2235.9997698399793,2235.755237331199,2229.6788874468407
2025-09-14 11:00:00,2249.5008661505353,2253.4616933657835,2246.2451998867227,2254.900307711433,7743.191667564124
2025-09-14 11:15:00,2224.323838265745,2228.2832128635196,2217.2388372138266,2219.382495962152,4365.262316449517
2025-09-14 11:30:00,2222.156636180286,2231.4570795849845,2218.366697638525,2228.143500723666,4862.227250312928
2025-09-14 11:45:00,2238.4380029361646,2241.138610563482,2235.9362849067425,2241.877624293874,3321.1544076317527
2025-09-14 12:00:00,2238.4425128855883,2240.062176212507,2230.242115581994,2238.396853550844,8841.011266141913
2025-09-14 12:15:00,2212.9483176170606,2215.690256602826,2208.5369201844383,2213.963102300327,7226.372043985904
2025-09-14 12:30:00,2210.2699500391896,2214.773761797134,2208.084272764289,2210.8927373635806,7449.855899418061
2025-09-14 12:45:00,2226.7319554706605,2231.379989472819,2223.5062738065126,2225.0543552404883,9990.18121045213
2025-09-14 13:00:00,2213.006709010288,2220.244541687856,2209.0413755994873,2213.542404424497,1798.4730668611246
2025-09-14 13:15:00,2219.3012798646164,2223.9911902688777,2213.4889027559248,2219.586359470588,3712.134716780811
2025-09-14 13:30:00,2215.165533395557,2219.0666238679464,2206.173416969214,2212.403806180304,8400.332862860194
2025-09-14 13:45:00,2223.0853572086826,2225.5944710492513,2216.076828289171,2221.7300455039463,2974.920682346881
2025-09-14 14:00:00,2229.0211516975246,2237.104005778788,2225.9451043861386,2228.93978250211,9817.285779348204
2025-09-14 14:15:00,2240.6146747390535,2245.982163244414,2236.653022285093,2242.6006381071297,6008.434510362498
2025-09-14 14:30:00,2233.644667430236,2235.4899730884845,2226.716361191415,2227.326987156608,515.6924005388352
2025-09-14 14:45:00,2197.145929440617,2203.94251284114,2198.8621193058266,2201.129551913051,5555.589222158756
2025-09-14 15:00:00,2184.110121689496,2189.926956160358,2180.5131028293117,2187.3905740794144,1318.6959691099307
2025-09-14 15:15:00,2192.634751193791,2198.2727878552914,2184.4490969069325,2189.635427147004,6764.082320188879
2025-09-14 15:30:00,2224.275020929856,2234.34454120943,2223.1449386787967,2228.97102717044,5977.185861674498
2025-09-14 15:45:00,2236.9637213692185,2243.352467211232,2229.8635693023266,2240.6866146268744,711.2142182856861
2025-09-14 16:00:00,2241.1067749716967,2250.5159520924335,2241.3024046409387,2244.27097856276,8398.346158081542
2025-09-14 16:15:00,2244.2964606413593,2251.5687614761237,2239.3547784862417,2245.7068763705224,6486.122681665937
2025-09-14 16:30:00,2242.552264493304,2250.6997848139063,2240.459354562162,2238.9325893448604,1312.5922861072734
2025-09-14 16:45:00,2238.0804745766395,2243.9976003598126,2235.253924522863,2236.092142523429,1412.097884121531
2025-09-14 17:00:00,2220.224718817199,2227.5204895337924,2220.53361856712,2221.2705949802175,9155.52561277475
2025-09-14 17:15:00,2204.306038112565,2209.571650867668,2199.8372570441607,2210.4524470951305,6073.930601959169
2025-09-14 17:30:00,2195.8767206101666,2203.6386594828264,2195.414652053548,2200.706462900651,1321.385310308756
2025-09-14 17:45:00,2211.6572831308977,2216.842336302815,2205.6611361323603,2216.311154331779,5900.3816062154565
2025-09-14 18:00:00,2222.446354541478,2222.125811604057,2211.4845040678533,2219.1345981278364,2686.764583620183
2025-09-14 18:15:00,2257.8564666171765,2260.3217949845343,2250.6960940536023,2249.504785135407,4439.857724779762
2025-09-14 18:30:00,2260.9101717524736,2266.218958385514,2253.570768924553,2255.557735362091,2557.7557433226702
2025-09-14 18:45:00,2271.375582550499,2271.9285418304034,2260.8678538630106,2264.501339738322,3223.337661588507
2025-09-14 19:00:00,2244.2622419139807,2255.3181035846424,2241.03793316187,2248.4876186274455,9851.345167693988
2025-09-14 19:15:00,2222.4384058972123,2227.1432176801345,2218.400681991776,2222.620245594946,1645.253705902497
2025-09-14 19:30:00,2208.0363292026796,2208.391758986148,2197.8811526837635,2204.947163365023,6367.235692097176
2025-09-14 19:45:00,2220.3413940431014,2230.832376262743,2218.863860379107,2223.8646628981373,2962.228796804553
2025-09-14 20:00:00,2216.434454606399,2221.4494769435655,2209.1606761060584,2212.5566646958073,7728.039189538594
2025-09-14 20:15:00,2187.3358659265195,2192.144293806924,2187.361394422306,2187.001620025502,7376.117074951223
2025-09-14 20:30:00,2183.000676359269,2191.7768031830897,2180.171453423385,2182.9804749484774,9280.921645917357
2025-09-14 20:45:00,2188.6077997191987,2190.8955172210794,2181.504653436613,2188.5609320530516,5627.100491515062
2025-09-14 21:00:00,2183.592204140339,2185.6679068338485,2177.774140350374,2183.5233658547722,6336.063960127022
2025-09-14 21:15:00,2174.0766807353684,2182.8766693411235,2171.7544884591243,2172.677809524426,3343.0480398510936
2025-09-14 21:30:00,2173.2565426560404,2178.008194950106,2164.2926448146454,2167.8844163632225,1315.3650853027448
2025-09-14 21:45:00,2200.309167245943,2200.7425645139733,2193.721993608684,2191.4519350013825,8462.31300969513
2025-09-14 22:00:00,2202.274601367625,2209.1466592185443,2196.5168914690194,2207.6084341952333,7783.904293260511
2025-09-14 22:15:00,2202.169013870945,2207.8001135470686,2197.01893872616,2201.825970723637,6300.1597051815215
2025-09-14 22:30:00,2207.5285466511823,2213.7101445386093,2202.9647379758753,2201.9712052123764,8733.754164787913
2025-09-14 22:45:00,2199.840736604864,2206.8332909772357,2193.221319655918,2197.6473250288855,6016.792336572811
2025-09-14 23:00:00,2201.4097487350405,2201.847132240246,2195.141900928708,2196.970899905842,2263.8274531424863
2025-09-14 23:15:00,2198.7274829414173,2201.0299438349493,2190.9288016566716,2192.956729933563,6369.1558537484625
2025-09-14 23:30:00,2203.8888779548697,2206.8512646117533,2192.9112477331605,2204.530082047515,1261.8311853814907
2025-09-14 23:45:00,2185.082124843804,2190.807835591291,2175.8660081862135,2185.688535197348,6602.88626655325
2025-09-15 00:00:00,2180.234386722082,2190.1608774005927,2180.817122056437,2180.066411863956,6172.49305242202
2025-09-15 00:15:00,2211.329557870216,2213.2498576496996,2199.64356557746,2209.2270454976806,9325.547327870388
2025-09-15 00:30:00,2212.2501213381315,2219.1454546421933,2210.912049400483,2209.579535867692,6860.314634665888
2025-09-15 00:45:00,2218.0076083000954,2224.3942383140857,2218.592971982917,2224.348513052289,7935.639563722423
2025-09-15 01:00:00,2215.0574229348695,2219.348418671135,2213.170724457768,2217.4801364479904,4178.251776480683
2025-09-15 01:15:00,2202.791810104385,2205.2716071651193,2193.8983402398867,2200.371225510266,3403.3176635910504
2025-09-15 01:30:00,2201.553508383597,2206.0824452585634,2195.525063109561,2204.689113166766,7120.065792632197
2025-09-15 01:45:00,2193.831192201277,2200.9999745491364,2190.793693515389,2196.649749032897,9116.34594525696
2025-09-15 02:00:00,2190.301445555035,2189.955824049734,2183.958815549316,2187.556676360163,3786.085257897826
2025-09-15 02:15:00,2191.3738189475876,2197.236167266399,2186.493517578472,2196.6169150167916,9286.853087587086
2025-09-15 02:30:00,2188.779714390444,2190.252345717536,2183.0182493230254,2185.157363555265,3945.3777172502314
2025-09-15 02:45:00,2209.0542812132016,2210.2467237660385,2202.0966759753965,2206.8790710740395,1534.9523988439614
2025-09-15 03:00:00,2206.2010316589594,2212.629488245922,2202.42208481625,2202.2252233087097,2410.9843110455295
2025-09-15 03:15:00,2215.5891546628677,2225.865123389581,2215.310535132997,2215.8802450338894,9493.497713887318
2025-09-15 03:30:00,2219.5544890518763,2222.5800458985645,2209.0882291651046,2219.627566571851,3450.9206113972236
2025-09-15 03:45:00,2248.1854977509856,2247.364440303581,2236.05856730063,2242.5915808892432,5616.880852966803
2025-09-15 04:00:00,2259.1370776989797,2265.917705772,2258.9194108738175,2261.665976023077,4416.947272101388
2025-09-15 04:15:00,2258.2572328655915,2261.0514352323653,2248.197531019968,2259.083309283045,7036.925658717027
2025-09-15 04:30:00,2236.1067601997092,2237.273482021018,2225.399826472832,2228.794372235438,1846.2058480978385
2025-09-15 04:45:00,2234.2494513919646,2245.192934484598,2231.271612538031,2237.167273878494,3079.8321961132406
2025-09-15 05:00:00,2248.6603488881174,2252.889305222273,2241.052014182966,2247.322885278217,8072.358335951874
2025-09-15 05:15:00,2236.0994363806503,2237.3377739833345,2226.8296197449286,2236.4677217575195,768.9906997033421
2025-09-15 05:30:00,2226.980263894606,2229.494716799492,2221.8748657153824,2230.2965712992764,6423.23199512069
2025-09-15 05:45:00,2216.18818481604,2220.347547770037,2213.2569085501045,2218.7001272235334,1512.6610709190113
2025-09-15 06:00:00,2191.4156365758076,2198.825276728809,2190.70136709361,2198.368525477181,1918.769099047279
2025-09-15 06:15:00,2164.3621240677885,2165.6289414219573,2155.1359828031586,2160.070531599308,339.222697017799
2025-09-15 06:30:00,2180.757350642823,2183.807626179261,2173.121122063513,2172.1441533052753,303.93783683704436
2025-09-15 06:45:00,2170.3504306298278,2171.6263366991025,2161.086384863142,2166.9499574727965,7223.763860281607
2025-09-15 07:00:00,2140.771292997632,2144.5131214673584,2137.66387695531,2137.8614300596328,5627.312219555297
2025-09-15 07:15:00,2135.8194847355594,2137.9743584912753,2130.154501337253,2136.2334882859254,7730.380114009048
2025-09-15 07:30:00,2139.595004050917,2141.8756300985324,2127.4612193124785,2137.122664186471,3893.0290245410924
2025-09-15 07:45:00,2131.923227891863,2137.6938275407447,2127.32399058761,2130.0513643042286,9225.193756529976
2025-09-15 08:00:00,2129.3041660605472,2133.0659866058377,2123.089915500458,2124.3336027649325,9290.520661735827
2025-09-15 08:15:00,2140.989369680858,2147.0827894349122,2137.124932959301,2142.773272531197,8825.131964231623
2025-09-15 08:30:00,2159.055628589164,2163.247196382607,2156.593364615706,2156.312347629378,7577.777531696161
2025-09-15 08:45:00,2138.9496279203963,2143.781440506233,2129.4944468183767,2133.6176063268713,6417.6148528259555
2025-09-15 09:00:00,2125.0484369324763,2126.6968698641685,2112.7850518445107,2122.6600544224234,5029.014263025978
2025-09-15 09:15:00,2090.7400318362656,2090.728722881092,2080.795292511679,2084.2891799603717,9214.258845006414
2025-09-15 09:30:00,2057.3656139589752,2060.096737509099,2049.3356041039997,2058.5565783805732,1554.6368781270187
2025-09-15 09:45:00,2046.062439115788,2053.781178876945,2047.4117382716581,2047.2382909025891,7312.833449734972
2025-09-15 10:00:00,2060.8117877218615,2059.7348501269335,2050.9901085417064,2052.524201815899,5994.161413933565
2025-09-15 10:15:00,2030.0265681192398,2031.560372378312,2025.2815004776276,2027.644527148542,1027.4849000838706
2025-09-15 10:30:00,2014.667467642802,2015.2836521142656,2003.5114861830468,2006.4460285968273,9812.326549927828
2025-09-15 10:45:00,1992.810004736611,2000.5189979153147,1990.4390077848839,1991.1018901962168,4389.534178888609
2025-09-15 11:00:00,1970.7993523256869,1973.894362632171,1966.001093563284,1966.7210103624009,120.76271348034773
2025-09-15 11:15:00,1963.5514756486275,1965.8156564840328,1959.5529845909111,1961.9087593384932,667.9852027557422
2025-09-15 11:30:00,1988.4854966234707,1992.2770965202049,1986.1462815983825,1987.5144361369694,3884.277239172227
2025-09-15 11:45:00,2009.041480250619,2014.2629248181436,1999.1066869929693,2009.6251852722626,4815.707371479173
2025-09-15 12:00:00,1978.566627650303,1985.7633346187117,1979.2056104196351,1982.5134147453753,1006.612748995018
2025-09-15 12:15:00,1976.83284139217,1982.2764920460902,1968.7379339312909,1972.5944394869623,657.6966574988879
2025-09-15 12:30:00,1981.911873184831,1992.2880513224466,1981.6441537028963,1989.272008850776,2924.6279101825403
2025-09-15 12:45:00,1955.833618040204,1964.8647794614533,1954.688215073933,1961.8544094015663,1731.7541097498088
2025-09-15 13:00:00,1967.8699582907145,1971.7560875716506,1962.276135327179,1962.9331380035958,2416.772474236348
2025-09-15 13:15:00,1953.9204182908034,1959.6341153499218,1953.282281697395,1960.6192624088585,3215.373988103707
2025-09-15 13:30:00,1962.9935973520749,1967.7649986015929,1954.306764128386,1958.268318138902,4784.20919606133
2025-09-15 13:45:00,1973.615546972379,1982.1236968395672,1967.7426084290653,1979.2624728461572,2952.1312960710566
2025-09-15 14:00:00,1976.1689051872795,1982.4331645308546,1972.7059286258593,1979.1969495867588,3001.715433074162
2025-09-15 14:15:00,1986.4383724050097,1991.2079128910796,1980.9275804400809,1989.3650486349882,8100.05238894585
2025-09-15 14:30:00,1983.063579872307,1990.1671980705642,1977.6132653456086,1981.9985042498226,4170.77120104404
2025-09-15 14:45:00,1963.2002505505873,1971.865863469005,1963.2905779029336,1968.5559610549255,2868.474296969051
2025-09-15 15:00:00,1989.2687418812354,1991.1462619739732,1984.7691426398412,1983.4552609200289,390.66296954246263
2025-09-15 15:15:00,2017.6213484184502,2021.6100712505563,2017.3672061611999,2019.7916851705183,3075.627273894156
2025-09-15 15:30:00,2022.192369296646,2026.8450933961667,2016.4710714385978,2018.6226289422725,4724.82121859063
2025-09-15 15:45:00,2007.4211351466242,2014.5596005094371,2007.2232686304892,2007.7173511602089,6249.205406635184
2025-09-15 16:00:00,2032.470052813013,2040.999796201362,2029.5119101263824,2031.574172212027,3258.91598278061
2025-09-15 16:15:00,2031.454458487095,2030.0178669802015,2020.6733829313675,2022.9990958976498,2785.399268239147
2025-09-15 16:30:00,2013.8414600310628,2016.668356396619,2008.5286887636596,2017.0673488422572,8881.440190188074
2025-09-15 16:45:00,2012.1973812849774,2021.1024168116924,2014.2952642820644,2016.5713054521727,3502.1568988025497
2025-09-15 17:00:00,2007.3327990623307,2017.3373916003923,2009.51247700929,2011.4994257327724,2375.169762845938
2025-09-15 17:15:00,2009.8893849455292,2010.4564367549933,2002.69470013352,2007.2177752800758,114.67830238606193
2025-09-15 17:30:00,2025.0344866035582,2025.1429778079291,2017.5691724586839,2018.6450101183887,8454.229990053685
2025-09-15 17:45:00,2003.702565478467,2015.0376819079315,1999.7281617654521,2011.9687748937235,190.00512755468154
2025-09-15 18:00:00,1995.1639529058414,1999.4992825228705,1991.853954057184,1992.7500612957388,1226.7545650536465
2025-09-15 18:15:00,1983.8157068091684,1989.4978016967839,1978.8869845308434,1986.739034112997,3086.9030471912024
2025-09-15 18:30:00,1997.550402581153,2001.0155478659137,1992.7706161729898,1998.6746530128246,716.5977647282083
2025-09-15 18:45:00,2004.2471528315557,2007.7999753131576,1998.8185874563599,2001.0123484411424,5940.504993782566
2025-09-15 19:00:00,2017.4205260084402,2017.3276192497526,2005.6538227080973,2010.0098841077677,7808.319297655448
2025-09-15 19:15:00,2019.9186524358759,2031.0715523647295,2017.4785096787884,2022.7111572844988,967.9551047280656
2025-09-15 19:30:00,2003.9373185941415,2004.8209225186313,1997.4933845949429,2001.2272989244661,3539.0206524943246
2025-09-15 19:45:00,1985.8854577660913,1994.411641081954,1981.1851933369853,1991.0042658483278,1007.8070629903087
2025-09-15 20:00:00,1973.7138501796921,1979.4703515343458,1974.2354365262725,1981.0848281521198,3810.10387972588
2025-09-15 20:15:00,1969.2371808101882,1976.022035950775,1965.0135045447569,1970.49667284445,6653.131026133336
2025-09-15 20:30:00,1966.8305362363708,1977.32195503807,1966.0630393555223,1966.0950351813265,9750.136957214552
2025-09-15 20:45:00,1980.8526692843957,1980.5934785603847,1972.3317960468062,1974.7154011692078,2926.9361993707525
2025-09-15 21:00:00,1998.060125394554,2003.9488608187082,1994.1058503024449,2004.2497350697408,250.74292653065433
2025-09-15 21:15:00,2007.7973330257353,2018.1973203520479,2009.1393545867204,2012.8777051333439,6703.629838891544
2025-09-15 21:30:00,1982.1623332044267,1988.7283336508083,1975.6317330739048,1979.759227613729,2089.089883159579
2025-09-15 21:45:00,1971.9842891190629,1979.7787895369713,1970.8992448121098,1973.884158999745,3321.02168812097
2025-09-15 22:00:00,1986.9817387062385,1995.3986274464182,1985.0136079670594,1986.2300612380138,5771.572882810476
2025-09-15 22:15:00,1996.2642489594089,1998.14335897417,1991.2541992378967,1989.016093045118,2524.8349962653706
2025-09-15 22:30:00,1990.8695046206903,1991.575012754423,1981.4426781813079,1982.9056739323044,5282.345853676864
2025-09-15 22:45:00,1995.7402057079887,2000.3762572647422,1990.2613929375734,1996.901864613279,717.157190565012
2025-09-15 23:00:00,2023.2061733935946,2029.4984297632034,2018.1728213387562,2020.6238208359548,2216.682124945266
2025-09-15 23:15:00,2027.5579305733156,2031.557946020045,2023.4675837334614,2030.6153497423636,4623.637886616828
2025-09-15 23:30:00,2051.151183706747,2058.5402104838645,2044.8805162420363,2053.404318850181,266.04998279845074
2025-09-15 23:45:00,2040.397586075664,2042.8996783118514,2033.36750911367,2036.547031680739,6245.349350072251
2025-09-16 00:00:00,2040.855546199443,2050.7021226945612,2037.1037913356697,2044.9859801333582,9604.550464056818
2025-09-16 00:15:00,2051.954216654732,2052.094182309193,2046.6437906597625,2050.265510427367,4658.94373120146
2025-09-16 00:30:00,2053.729593761669,2065.3745816799474,2052.2401837743387,2056.6965612937115,6139.21059056961
2025-09-16 00:45:00,2078.508592098479,2084.6475253118897,2074.8066370024676,2079.8831795830047,5323.626088040951
2025-09-16 01:00:00,2079.3958369347565,2084.6432452513177,2071.3257941593843,2080.430340178197,7750.352489345654
2025-09-16 01:15:00,2096.8380794760424,2100.2854152054515,2086.992926592864,2093.5760892496437,747.6312562266119
2025-09-16 01:30:00,2097.652864514061,2095.5933639701584,2085.73621432773,2090.17086292318,2008.026752753145
2025-09-16 01:45:00,2090.353652383872,2096.2162878679374,2082.3542559596963,2088.0043220476514,9455.065988480223
2025-09-16 02:00:00,2103.8591944808904,2109.257933304298,2102.8143326634263,2105.8376246812973,935.3617948625813
2025-09-16 02:15:00,2106.195182419217,2110.22800481714,2100.2249360852666,2100.409174798873,3277.355533018752
2025-09-16 02:30:00,2131.500911735574,2133.4216361894933,2122.8882551208153,2134.4363807865648,8658.543729655239
2025-09-16 02:45:00,2107.7347965019103,2110.2283457626004,2101.060912058611,2110.7837784118033,9355.45765798603
2025-09-16 03:00:00,2079.2475282974383,2090.126390572269,2076.794144401638,2085.835174241844,5978.419745439097
2025-09-16 03:15:00,2096.1289525705906,2096.824882181453,2088.3194253610827,2089.3796506382905,8756.37342527356
2025-09-16 03:30:00,2109.2936814075283,2118.7007174729865,2108.1138597199765,2106.6488033964156,5415.131791612261
2025-09-16 03:45:00,2108.637707753175,2118.530988521966,2104.9296611308487,2117.5474707824533,5237.586740416109
2025-09-16 04:00:00,2119.873559412629,2119.9413660518353,2110.8255949721774,2112.1782346159493,7537.380098947047
2025-09-16 04:15:00,2108.029610719587,2107.536414780105,2096.7593061446223,2103.6993575729357,5469.38701099952
2025-09-16 04:30:00,2093.9081244246895,2092.6893480236563,2085.6761932828017,2086.5075033443195,9998.440226041665
2025-09-16 04:45:00,2061.8750627383574,2064.0664097015797,2053.6763056507243,2063.44908893043,2164.0994615464438
2025-09-16 05:00:00,2078.5498720700143,2084.8920490043624,2076.5549815958566,2077.2018992573894,2687.2190739574216
2025-09-16 05:15:00,2086.315712834417,2094.539338953597,2084.5707026727823,2085.7226495475843,9504.847502119452
2025-09-16 05:30:00,2053.5904799241985,2059.066554655874,2050.2804482505167,2050.8762245479297,4372.523411314372
2025-09-16 05:45:00,2041.4197006926404,2048.113487247646,2040.1200311632974,2043.3234642319612,1552.877127402953
2025-09-16 06:00:00,2049.3720228456455,2056.2556750837366,2043.8097319288397,2052.212743198835,9517.714146783863
2025-09-16 06:15:00,2038.2891232444824,2045.4231825148293,2036.342862481613,2038.403756714294,8359.059364618335
2025-09-16 06:30:00,2031.3092603291343,2039.465116152748,2027.207312580223,2030.274453894298,6981.876811737069
2025-09-16 06:45:00,2040.2898579500766,2041.8141582300009,2036.4594201214247,2037.5723590807884,8496.390473966143
2025-09-16 07:00:00,2046.8642321995717,2049.710533839249,2044.1386402811702,2043.1849064509913,2723.994776509701
2025-09-16 07:15:00,2058.5452618498402,2069.004989809706,2055.894576770967,2062.094006928908,5596.2954876449585
2025-09-16 07:30:00,2046.9145126356013,2053.2863692040323,2043.031387743314,2050.0131685023675,1959.0261534556098
2025-09-16 07:45:00,2064.58340623519,2066.834567750421,2061.539439385476,2067.3642144656537,214.11050607079153
2025-09-16 08:00:00,2075.9537997359575,2079.818824297322,2072.0339561562614,2081.146084833243,5641.6442919330675
2025-09-16 08:15:00,2076.542069095957,2076.4254892647664,2069.2206934379724,2073.468752128572,2717.8605134672584
2025-09-16 08:30:00,2080.887296542445,2082.375081374094,2071.5804102893626,2074.122298391787,5193.7985643367
2025-09-16 08:45:00,2058.521959480422,2065.6622907399947,2058.776333826998,2058.9786938359457,4774.915092433274
2025-09-16 09:00:00,2063.989719607479,2064.2618607791,2055.1922372268723,2058.455996181751,3468.477188629403
2025-09-16 09:15:00,2062.9840590326417,2061.634124616859,2052.5782292454846,2061.1220944681577,1052.6485686651204
2025-09-16 09:30:00,2069.6989647176415,2073.951728941489,2058.6170662422905,2068.662567904209,3822.676756044249
2025-09-16 09:45:00,2058.9746925375484,2064.569532049977,2055.153759347633,2056.1290157431445,1836.4642980971591
2025-09-16 10:00:00,2072.2110399659896,2080.8240027028137,2072.8660893424176,2076.001463050948,3645.365083767074
2025-09-16 10:15:00,2049.1598926394745,2059.9262910875254,2051.184782593326,2055.8822520915946,8362.258772485733
2025-09-16 10:30:00,2046.8586815694805,2051.223539940695,2043.2212232781249,2048.0040597014026,429.25357516753314
2025-09-16 10:45:00,2065.2624365127417,2065.5501718576047,2056.328883449923,2063.552295573324,168.38795609927783
2025-09-16 11:00:00,2064.450888019709,2064.930939780895,2055.910769297947,2056.7931217048617,9850.52803041192
2025-09-16 11:15:00,2054.9530276675005,2065.741716461856,2050.865632660025,2054.2303508307227,3096.0266402708316
2025-09-16 11:30:00,2041.025370724793,2040.9027895467962,2032.3591501158812,2042.8170054980974,4745.528468131151
2025-09-16 11:45:00,2035.6980031221306,2042.2158036017113,2033.360315019221,2043.3519017776073,1511.8576511456401
2025-09-16 12:00:00,2033.2650347938252,2036.8504664518982,2031.1151667453973,2031.9330411890464,3601.9570911293545
2025-09-16 12:15:00,2005.3949134994095,2012.7774786446357,2004.1816295188773,2010.2448869997622,452.2068615815868
2025-09-16 12:30:00,2013.2861121478456,2018.974272455881,2007.101545086979,2011.33151101403,5119.821425546985
2025-09-16 12:45:00,1977.899323534937,1982.4029006022465,1976.615581847434,1977.9573996568643,8396.350373346748
2025-09-16 13:00:00,1978.6791819374234,1980.8980007338384,1969.222315892479,1975.4436889645933,1390.454667048451
2025-09-16 13:15:00,1977.6608822902217,1983.8133383664267,1971.4294643488872,1981.2849774801161,4424.310791950572
2025-09-16 13:30:00,1969.7178055359807,1976.0195677377296,1965.544898269387,1972.365720597407,8636.803296252814
2025-09-16 13:45:00,1959.1520376111912,1967.158213076639,1957.4174459763938,1959.4420114836093,6597.150479079952
2025-09-16 14:00:00,1950.7847023805225,1960.7753986310017,1948.53718534892,1954.7729157555605,5789.203630336835
2025-09-16 14:15:00,1948.7563463112579,1954.5763503532103,1942.9205017247216,1944.3058734966048,1029.092660338506
2025-09-16 14:30:00,1947.8049958192491,1949.1298054759495,1935.0642098619364,1943.5445794474238,6744.458284553934
2025-09-16 14:45:00,1936.7892262498501,1941.858996150735,1932.4827977892455,1932.2716106185342,490.71852368154305
2025-09-16 15:00:00,1912.8833837163575,1918.843818068034,1912.3085443393159,1917.4975993964247,7510.408172456971
2025-09-16 15:15:00,1902.446152359798,1909.6382789838897,1903.135324302111,1905.8064248561816,4551.006039130992
2025-09-16 15:30:00,1918.1987787654396,1923.6001767600446,1912.4136894886408,1917.3457647145347,800.9517202497339
2025-09-16 15:45:00,1910.9424802365768,1912.2025040002816,1900.708828248869,1908.8789520708917,888.6169959583688
2025-09-16 16:00:00,1898.777124926321,1908.3117537369562,1893.294474318095,1896.4542424878757,6815.610467396726
2025-09-16 16:15:00,1913.7124920287122,1921.692818021103,1910.2913734045599,1918.2485622768397,5543.338640230392
2025-09-16 16:30:00,1941.467722608238,1941.8811917145183,1934.9703324062627,1935.6071383713422,9228.850362055337
2025-09-16 16:45:00,1921.6254082470634,1928.7843501059285,1920.26350620668,1921.6585008186257,7271.415218876766
2025-09-16 17:00:00,1906.849138621439,1913.6911915142175,1903.5911768606377,1904.6974721921206,4541.880718680711
2025-09-16 17:15:00,1911.8675781232955,1913.8291319985988,1899.73840197298,1903.986604638518,3230.6278677513014
2025-09-16 17:30:00,1908.3966496519088,1912.70825021941,1907.497813118428,1913.164961124579,2722.8953437394257
2025-09-16 17:45:00,1937.4093126355863,1940.323012112152,1933.3418544943772,1931.5343309908603,3772.3213903954984
2025-09-16 18:00:00,1958.993654729664,1958.9615385947038,1949.977813802156,1955.3332236206368,7585.095450861235
2025-09-16 18:15:00,1960.424429743678,1966.081700870815,1960.0315162804768,1959.419003450007,5133.573437277541
2025-09-16 18:30:00,1970.4357615696033,1979.1426436920526,1965.8558545977082,1971.5089827486424,5453.455479737446
2025-09-16 18:45:00,1969.9521661585952,1968.228546996246,1961.2932185358948,1960.726715458932,5350.255064810617
2025-09-16 19:00:00,1972.8071008946324,1981.5340739054268,1973.910654445293,1982.5716842148904,3561.5752666966273
2025-09-16 19:15:00,1961.4559243640203,1970.3252172740556,1963.3932102527497,1962.6098431495968,1083.11470326725
2025-09-16 19:30:00,1937.2895953148695,1942.028817280514,1932.1738463409476,1932.4516783073566,4120.5603752293355
2025-09-16 19:45:00,1957.0411273031898,1957.1283009830206,1949.4228468703716,1956.8767175285104,3394.424910652452
2025-09-16 20:00:00,1968.5915436197386,1976.9494768208954,1961.724008805501,1971.309616754404,2952.1376731627834
2025-09-16 20:15:00,1955.3378045933894,1957.7356889655832,1950.729183100101,1957.3335034973163,8952.350572162039
2025-09-16 20:30:00,1967.2395786206187,1969.3809859488717,1955.1863903683345,1963.9421832632056,1212.6621790898216
2025-09-16 20:45:00,1935.7036676369964,1940.899032554683,1929.8445244014931,1938.9141901075104,8066.529032421716
2025-09-16 21:00:00,1919.387388279544,1922.4060542468242,1909.122658319158,1913.8656375558373,2092.3112944310396
2025-09-16 21:15:00,1907.5331418235994,1907.980311905448,1897.9817775625631,1906.5603463603418,2257.3675474809893
2025-09-16 21:30:00,1915.5983159366622,1923.2440608111774,1908.7922322528252,1921.1814472180497,1850.5152171695254
2025-09-16 21:45:00,1882.1215569682265,1886.1624720001782,1876.7604326749085,1884.8259924034992,5484.330837993272
2025-09-16 22:00:00,1887.3703659227776,1886.264401165199,1878.5353105957947,1879.1578017519223,4885.1666115073585
2025-09-16 22:15:00,1886.8972721613086,1895.7790485148755,1883.9324524327433,1889.5113999292068,7643.82309445296
2025-09-16 22:30:00,1922.5768847720067,1924.4269004779283,1912.1537772133972,1914.4309345156923,3839.7539991946046
2025-09-16 22:45:00,1906.0441616542105,1912.6698779563033,1906.1792467547614,1909.6948672561834,6530.876020681156
2025-09-16 23:00:00,1898.3216365456046,1907.2385874429713,1895.0050731859567,1901.4562447993324,8164.328101922518
2025-09-16 23:15:00,1940.7164105172346,1942.9798055580222,1936.302397092271,1937.685609464436,2348.498826370372
2025-09-16 23:30:00,1937.2607292523173,1944.0897802127417,1935.3470601964482,1940.6796313711457,7420.9606448833765
2025-09-16 23:45:00,1954.3616468178193,1958.0474319282594,1952.298964873996,1958.6976531839457,4164.857707171929
2025-09-17 00:00:00,1960.952522166269,1966.300478049488,1957.8896388626563,1965.4344888649493,7480.737014546515
2025-09-17 00:15:00,1960.8987345593232,1972.0294282622208,1957.312246230801,1962.1812201250846,8459.671080735565
2025-09-17 00:30:00,1966.4821328663515,1970.647578537494,1963.6909963599044,1967.2521567503127,1783.8829672829197
2025-09-17 00:45:00,1960.066841066947,1963.727007012115,1954.2724841391002,1952.4191951743317,566.0688573839709
2025-09-17 01:00:00,1956.1438066363778,1967.627121661297,1954.7661367928085,1961.4240246154095,6809.377390742129
2025-09-17 01:15:00,1979.2301275872935,1986.103652950707,1973.1440226197858,1976.99780974851,7508.770180854681
2025-09-17 01:30:00,1981.8618303026046,1987.929777588891,1977.3127679561371,1984.0181671850908,307.26214452176805
2025-09-17 01:45:00,1979.2124036437278,1989.4152358569804,1978.9181742911378,1981.68763676333,171.3805871565229
2025-09-17 02:00:00,1953.4189361256485,1957.5145738478152,1947.5052117406728,1949.358062954464,4730.03023757175
2025-09-17 02:15:00,1954.5796501069726,1964.3919431422935,1953.5613012195035,1958.2643579847609,8827.273877726206
2025-09-17 02:30:00,1941.9722011878202,1949.2551828019339,1935.8838140031778,1947.6329222871132,7836.9431565964205
2025-09-17 02:45:00,1926.2370665915016,1924.5249664403389,1915.6781503240113,1924.694966319369,9666.886884307625
2025-09-17 03:00:00,1931.1954677213828,1935.994889306621,1930.1984559836137,1929.1781451895624,538.637480936975
2025-09-17 03:15:00,1933.2246472168358,1938.897324776993,1928.1708725158414,1938.4000133333016,9873.744917558879
2025-09-17 03:30:00,1920.2199641310294,1929.812521476702,1921.5169971303396,1927.6481321928982,1495.7132170479347
2025-09-17 03:45:00,1923.6962965180119,1927.411536018124,1921.9454148750688,1922.898718282455,7453.7422880994245
2025-09-17 04:00:00,1891.6651111253013,1894.4645630245643,1888.6907843118875,1895.317738759493,6457.736633466995
2025-09-17 04:15:00,1884.858630102956,1893.0817696863346,1884.6221823579217,1884.4161288487571,3455.047829282124
2025-09-17 04:30:00,1888.9505543232465,1889.8851264587145,1880.008021034638,1890.6723570454806,3473.0295868532785
2025-09-17 04:45:00,1907.5817288471958,1914.1388131155288,1904.9280877109336,1912.7701892355399,9936.15977633812
2025-09-17 05:00:00,1870.6926432037303,1880.5537650140361,1866.756313470954,1869.7405740122044,9952.90355866066
2025-09-17 05:15:00,1876.91176471336,1882.3019708626625,1874.5036234225238,1876.4163082947614,4664.56523498244
2025-09-17 05:30:00,1868.7344547610164,1870.309201794474,1857.8327128314593,1859.0023306565736,8116.875275720695
2025-09-17 05:45:00,1864.2117060245077,1870.2072089809528,1862.4666136015464,1863.8592075928013,9538.482631263574
2025-09-17 06:00:00,1868.9313580773062,1876.3130334057885,1866.9223703829268,1869.818721571661,9821.732861916094
2025-09-17 06:15:00,1842.7230015119083,1853.915488247967,1842.0096257576438,1851.1090550475922,8733.323971176294
2025-09-17 06:30:00,1845.61976287221,1850.6161512295296,1839.3475112399872,1847.5039241812444,4670.544821663953
2025-09-17 06:45:00,1858.1399442952868,1865.7680456937342,1853.7117410863264,1862.4358568515931,5416.838457526209
2025-09-17 07:00:00,1878.8895552967722,1886.6028427102053,1874.154385463146,1879.9064305255993,329.25862982381483
2025-09-17 07:15:00,1878.8127701371607,1877.038795553939,1866.6899837070953,1870.4488726898164,6641.416816343784
2025-09-17 07:30:00,1882.7802847229405,1892.9670374106208,1881.3098129513335,1884.4055721233485,5052.070479973842
2025-09-17 07:45:00,1890.8356990852865,1892.6657503504111,1881.2893488578181,1884.6019834819824,6312.318770757268
2025-09-17 08:00:00,1875.280108214949,1877.642504120316,1870.9415561881904,1875.153564544974,6106.230101889503
2025-09-17 08:15:00,1862.8534035338812,1863.8332878201459,1855.0667685439748,1861.3343256401608,4281.525264746456
2025-09-17 08:30:00,1862.467137272885,1869.5880208245408,1860.3258275453684,1860.983648563267,1100.651882370621
2025-09-17 08:45:00,1853.5708755924175,1860.3398782617508,1851.6678613352763,1851.5995626034996,7022.784650713197
2025-09-17 09:00:00,1892.923868428055,1894.2759023097262,1880.571697512985,1884.4646394882068,8251.850869683665
2025-09-17 09:15:00,1901.3791567186129,1902.6069169843454,1895.8892695587804,1896.5084344167299,6162.712187098479
2025-09-17 09:30:00,1928.69463020419,1930.6185087294432,1920.050094794311,1932.4520084519907,4507.489509421062
2025-09-17 09:45:00,1905.4738191623128,1911.026382867783,1901.991510257097,1908.4321750457148,4470.795657340265
2025-09-17 10:00:00,1914.7336856643926,1918.9421790301546,1911.7838234480273,1916.18489842962,5888.320550296676
2025-09-17 10:15:00,1923.6003503393163,1929.6716043022693,1919.286867244809,1926.2306976010495,6513.405832096293
2025-09-17 10:30:00,1930.6762888104067,1935.9659323737644,1928.5864295399533,1930.4398152209033,9688.828929064493
2025-09-17 10:45:00,1923.3344856947128,1930.8759021373407,1925.201559650243,1928.702101124755,3003.891341546748
2025-09-17 11:00:00,1926.2826654288951,1928.2321911072195,1920.9048079127485,1924.021464781847,8674.835624773114
2025-09-17 11:15:00,1922.3005420973361,1930.144827529941,1923.7094172893703,1922.2244439442622,6907.630598060908
2025-09-17 11:30:00,1931.099978897398,1933.2917672254246,1922.7803135248278,1932.0313442643305,1231.9607424340331
2025-09-17 11:45:00,1923.893020395545,1926.0529548338532,1917.907876249105,1927.622551655075,4113.060807595925
2025-09-17 12:00:00,1905.886787001347,1912.5470562344392,1904.471682132574,1913.5601682519687,3564.1772471797804
2025-09-17 12:15:00,1895.6848856763677,1897.682790795278,1886.0666143001138,1894.3259861174,2325.9201865228597
2025-09-17 12:30:00,1881.0376052777847,1881.1415925170177,1874.604350225382,1883.0210606732257,2723.2091287453813
2025-09-17 12:45:00,1859.1843286939759,1865.3381031543033,1851.4694971162962,1858.1385071171699,8432.703457843234
2025-09-17 13:00:00,1848.9913520536277,1856.4791344684347,1847.0910458628027,1853.6877236067755,9094.419542588417
2025-09-17 13:15:00,1854.3669591968103,1856.6771144636227,1846.6629157448951,1850.1749281741293,820.1148097019651
2025-09-17 13:30:00,1851.0134297899021,1855.6102104534384,1847.2430398042989,1851.3767813224704,4450.174915659172
2025-09-17 13:45:00,1848.7222917755848,1854.084096641299,1843.3640479693909,1853.6082515093376,8617.367497442034
2025-09-17 14:00:00,1878.2566152180814,1881.111223773583,1869.406422997568,1877.2953289926293,5204.064247716946
2025-09-17 14:15:00,1876.4971420191948,1880.7307213474778,1873.9564272210946,1876.237123547289,3573.3747814970848
2025-09-17 14:30:00,1888.3368343822533,1894.5494605909544,1889.0114295414999,1894.454743961029,326.9024080013225
2025-09-17 14:45:00,1914.9184049451942,1919.738014437234,1909.0505645222572,1914.469598433133,159.1467633004785
2025-09-17 15:00:00,1906.2403077312395,1915.710468103976,1906.5698512440606,1908.701138960821,535.3807635082673
2025-09-17 15:15:00,1907.5300230815062,1910.7618186513896,1901.054359081157,1908.5872560257458,6044.314324342859
2025-09-17 15:30:00,1913.3419624976243,1914.335112566018,1906.6423867855533,1904.1346063108153,1213.8083068178003
2025-09-17 15:45:00,1926.4988268075085,1929.3495779137568,1919.7142954059,1921.1445676554176,780.4609215173679
2025-09-17 16:00:00,1894.4759290875031,1899.5414913314264,1890.1109136489542,1895.8970890734274,1279.23259942262
2025-09-17 16:15:00,1872.6496911671363,1877.6606539277504,1867.1524169878876,1878.774516669911,7271.320845310598
2025-09-17 16:30:00,1865.5553142770834,1869.3431088321017,1861.3271153025648,1865.112006361765,2492.716327744318
2025-09-17 16:45:00,1865.254193487372,1873.4925711176306,1866.5580580378178,1866.5125643165595,889.7176526036347
2025-09-17 17:00:00,1868.904670721975,1871.0724528765688,1860.8348985546272,1867.569501088135,6726.132915543245
2025-09-17 17:15:00,1852.8031960825335,1854.573063289016,1849.3248916066125,1853.8006502315707,1703.0645389980446
2025-09-17 17:30:00,1838.7422478930496,1848.254751195166,1836.0232393393355,1841.8860228726862,8340.85532051572
2025-09-17 17:45:00,1871.758801345307,1874.788827932535,1859.8971505560753,1871.5862376565826,709.787944837785
2025-09-17 18:00:00,1871.1027115016873,1874.7092035099138,1863.576881268205,1867.9296066304526,8173.354967327115
2025-09-17 18:15:00,1868.7583345676076,1871.4629444823875,1860.9075089875803,1863.15581433801,3398.6265452106722
2025-09-17 18:30:00,1845.6252345402736,1852.8829470756195,1842.6284974020502,1850.175227868132,1743.556764011369
2025-09-17 18:45:00,1850.5988634445177,1855.4500087909344,1844.5570085113266,1853.960398223396,6104.807478146351
2025-09-17 19:00:00,1853.3160353525068,1853.7772385605363,1846.7924271435147,1847.4953044284925,8957.805230139309
2025-09-17 19:15:00,1880.5508450661448,1892.4227038624751,1878.440658767826,1881.3241305972836,7624.508907521923
2025-09-17 19:30:00,1866.0616937370423,1872.6761757861118,1863.2326465104245,1864.6083993001005,8232.204583408275
2025-09-17 19:45:00,1863.6249914187886,1870.8456089319698,1860.7786004351256,1861.7681783780968,1216.0233722976645
2025-09-17 20:00:00,1868.1714555966394,1869.041903378418,1859.0360727066059,1864.6005686222645,9277.521375071878
2025-09-17 20:15:00,1871.8274653770277,1875.2997382163614,1864.0013722954864,1866.801220675211,7914.645687646899
2025-09-17 20:30:00,1879.2422292228448,1876.6918001041317,1866.46292201223,1871.6610288618488,6638.6642462962745
2025-09-17 20:45:00,1851.4820923569791,1858.0865727048758,1849.674982630121,1851.196903915633,6699.41145346452
2025-09-17 21:00:00,1861.9816190272988,1869.923360107572,1860.3716553505844,1864.7503860247298,3171.416653837289
2025-09-17 21:15:00,1825.921526280966,1833.2887277204745,1827.870569839697,1827.1424760648229,7320.593883613579
2025-09-17 21:30:00,1816.9830097619224,1817.8709165851903,1806.900861612836,1814.880698569132,1323.5799953917665
2025-09-17 21:45:00,1796.1211874684793,1802.4889469107598,1791.6483442083475,1797.7573905053735,844.5150845837591
2025-09-17 22:00:00,1775.2273198208645,1782.6944336043753,1771.6816500386794,1782.6377785380619,1288.9878923232145
2025-09-17 22:15:00,1766.6741189374104,1769.5178280153211,1760.0362896517277,1764.0561031376435,5426.495099291062
2025-09-17 22:30:00,1765.3559588292972,1774.689680747425,1761.485219931179,1767.375405205291,9168.517876568427
2025-09-17 22:45:00,1774.3961805770257,1778.787115398837,1771.159000670781,1769.4732728205609,1837.0649335669812
2025-09-17 23:00:00,1770.1564431470429,1777.067237332982,1772.3424155488976,1770.100947191535,9384.732863210262
2025-09-17 23:15:00,1752.272525248834,1759.4197916248215,1752.3358348548495,1760.5400370342866,5540.184436779433
2025-09-17 23:30:00,1727.0219043832521,1733.7665895324635,1724.3022172453543,1723.8530903493674,5349.922200332129
2025-09-17 23:45:00,1712.654298652069,1718.9948764686305,1710.352199593637,1709.4524114564615,8231.75233214718
2025-09-18 00:00:00,1701.3817528596423,1711.7127058391904,1700.2064080420193,1707.4667993656956,6996.038244756924
2025-09-18 00:15:00,1696.1746763494305,1703.750941937331,1695.2009872092115,1699.2145859978175,3438.5031231801963
2025-09-18 00:30:00,1708.3546296436352,1711.1822487576871,1702.3348080442722,1706.373105323747,7690.276987693482
2025-09-18 00:45:00,1726.263253913185,1729.6936222456443,1720.7941488651254,1730.999170702185,5400.754650040597
2025-09-18 01:00:00,1700.5558878551078,1706.0200565683253,1700.2458252401686,1701.551412207734,7903.774546167302
2025-09-18 01:15:00,1714.398617243496,1721.161639931546,1709.8732072062262,1721.5532825121143,6009.265543886366
2025-09-18 01:30:00,1745.1462885795822,1745.4910003042553,1737.045194250349,1740.0805293936482,8013.229042339381
2025-09-18 01:45:00,1721.6455843370609,1733.0256191999633,1721.6030809211884,1726.249136935318,6750.306040394998
2025-09-18 02:00:00,1715.8252395015445,1719.7867164280233,1712.1911222091999,1714.4231919696683,7048.424616695389
2025-09-18 02:15:00,1712.4479215985373,1722.958619596061,1711.5254159382807,1716.0183599641136,5878.629532412912
2025-09-18 02:30:00,1708.2090242804243,1710.772183398811,1704.6725338484032,1708.0916081006167,9430.466342052567
2025-09-18 02:45:00,1731.1541881009057,1728.8426562770005,1723.7216616982257,1727.4804806504073,7062.9849689095445
2025-09-18 03:00:00,1740.3889408072193,1739.6303489906618,1728.5099979963354,1736.669950297337,376.2377981982756
2025-09-18 03:15:00,1703.622963947867,1711.421600680554,1697.6615183486442,1709.056898116584,400.13244533480884
2025-09-18 03:30:00,1699.2580929357266,1702.7161598467885,1693.314629207449,1697.669157331303,8023.998421833285
2025-09-18 03:45:00,1712.7859155896144,1718.7990205548622,1707.0654977017452,1711.2750986842939,7884.825995618771
2025-09-18 04:00:00,1733.1701586753666,1736.086436433382,1726.042285584602,1726.1887327679215,1841.5306501651028
2025-09-18 04:15:00,1739.9725488004642,1744.151394142764,1737.0647600815194,1738.0785401995208,6296.72052428384
2025-09-18 04:30:00,1738.4362913642276,1736.636419054269,1730.1658312573054,1729.7061556414706,6521.644743118028
2025-09-18 04:45:00,1773.7480344360438,1777.8789431075095,1763.0759383066172,1769.5559488000915,2382.7968146154817
2025-09-18 05:00:00,1758.9332860616419,1764.358149974923,1754.6367059413776,1753.963166632886,3426.981193777997
2025-09-18 05:15:00,1747.1068953851386,1757.2721985359235,1746.6746102288005,1754.7669153394686,4891.722737440693
2025-09-18 05:30:00,1752.3047583049324,1752.1137584385622,1743.515474857102,1750.1726333979295,2197.526483079953
2025-09-18 05:45:00,1742.2254741748627,1752.3208171850065,1739.9982487488521,1747.8925239117823,8772.462018323036
2025-09-18 06:00:00,1762.9117435420337,1766.349046181663,1755.7359995358806,1757.3745423472656,6509.319381294321
2025-09-18 06:15:00,1768.6734748631336,1772.7562475255463,1766.2180866880508,1764.4374732570482,1722.4558172639802
2025-09-18 06:30:00,1794.108104022632,1797.4021971002705,1787.0245231308468,1796.6897074208916,3602.477706672084
2025-09-18 06:45:00,1786.0982705592817,1793.0929584002556,1781.8976026692499,1791.4063378982064,4418.464288122869
2025-09-18 07:00:00,1798.968069915925,1804.8295824241075,1790.788245740358,1800.6810687263066,4997.251975503624
2025-09-18 07:15:00,1754.2172159897252,1761.028309628787,1756.0230422857528,1755.2329239578655,1690.271604697238
2025-09-18 07:30:00,1782.36632698474,1783.4470518327548,1773.8360496444939,1775.5706797670312,1711.8460570463449
2025-09-18 07:45:00,1807.3861246109605,1809.8946774134,1801.128499521674,1803.810124654594,8407.313607531903
2025-09-18 08:00:00,1813.558085021768,1816.5219770578508,1808.5110595445776,1810.3173846428763,7082.535459954761
2025-09-18 08:15:00,1817.3339278019578,1818.0987727699096,1811.1229058448444,1814.470710202462,9168.777488725626
2025-09-18 08:30:00,1831.8343140733064,1838.7402773395772,1830.3909848123515,1832.5893976104107,3149.136983961289
2025-09-18 08:45:00,1832.4778230431732,1840.906738666141,1826.3349420025029,1832.8731133777853,2615.68727341645
2025-09-18 09:00:00,1850.6133334455249,1850.9332456297807,1840.3422973707068,1850.4426231753134,6287.238342303694
2025-09-18 09:15:00,1841.5816260873964,1847.475493707983,1838.3076740780325,1848.8714425283606,5821.276448057377
2025-09-18 09:30:00,1868.9960310484164,1871.172197506477,1859.2857514607902,1865.2363953589734,4667.971853368754
2025-09-18 09:45:00,1877.2984880075157,1884.766291933504,1876.1944930282618,1882.4236853783655,6074.803719128435
2025-09-18 10:00:00,1886.1372648109952,1889.247334704113,1874.8964434183476,1879.661385982362,7252.391567658896
2025-09-18 10:15:00,1901.3805988254896,1905.1424104979176,1893.1423181421774,1893.3467957918042,203.23688498564712
2025-09-18 10:30:00,1892.9247228354322,1904.11478860144,1889.9238320522406,1898.9543444044941,1524.249089277512
2025-09-18 10:45:00,1900.8677245240085,1908.4805955922152,1901.7316702059766,1907.687126993858,8834.20920867022
2025-09-18 11:00:00,1921.504362464829,1927.944779472323,1914.2212673314305,1924.490682274561,5935.056152210169
2025-09-18 11:15:00,1902.9927483791646,1910.833157373124,1904.5363046023401,1903.8361713577294,897.0021723282863
2025-09-18 11:30:00,1890.5221559674019,1895.032006892848,1883.8855093430307,1891.2041305524945,4325.285910221121
2025-09-18 11:45:00,1879.8282712663608,1886.3750998134333,1877.3969163295183,1880.3312218561123,5661.006746096723
2025-09-18 12:00:00,1867.8042154400944,1870.2150019299618,1864.9418772493957,1864.1325033346834,6887.366773596079
2025-09-18 12:15:00,1841.0851334289705,1846.603184570245,1835.1837217386312,1841.2937092684167,4028.5595756635207
2025-09-18 12:30:00,1859.8810518801808,1859.557280141673,1849.8111173004736,1858.692967312385,4004.770109536848
2025-09-18 12:45:00,1837.2210440373055,1841.3848545778462,1828.1913514008675,1833.4349066581847,6981.78801988036
2025-09-18 13:00:00,1823.8774523512802,1823.5607493877096,1813.9602261552354,1821.291978069078,4251.282919951592
2025-09-18 13:15:00,1840.5153671739665,1841.9997107724357,1833.4807608020053,1835.6714974440495,4853.94104143939
2025-09-18 13:30:00,1870.471089509831,1877.0704096601196,1870.6470832824039,1878.076806433042,4383.010952160621
2025-09-18 13:45:00,1841.484134358022,1844.327479895417,1834.4664585191304,1841.589967017029,6414.267839659929
2025-09-18 14:00:00,1826.5490927162928,1833.3455044465736,1824.4876056280054,1826.5919555539392,2509.347582862042
2025-09-18 14:15:00,1809.0148252004185,1816.6926368912661,1803.796332548881,1809.0907764821934,8231.624318284616
2025-09-18 14:30:00,1835.4135174122273,1843.9550856912106,1832.3110269917688,1835.852803854515,9393.20737995424
2025-09-18 14:45:00,1873.6201104378908,1874.3174056079279,1861.6527917316002,1867.8123176841052,433.4280753142096
2025-09-18 15:00:00,1857.161955530995,1864.3777808487998,1857.5211602500658,1859.5383970399503,5489.363623099416
2025-09-18 15:15:00,1849.776907738519,1855.2177963704416,1843.6913677338284,1848.3763015584811,3060.7848841868145
2025-09-18 15:30:00,1846.0574366710441,1849.7877889199106,1840.5614945031552,1851.2014919727649,543.4848030056687
2025-09-18 15:45:00,1852.2547040203524,1862.4866961997895,1848.9731502058298,1856.4295397972558,3123.4224872224904
2025-09-18 16:00:00,1871.248160894928,1882.1761630658002,1871.7887178791677,1880.3003697971083,8007.171240672215
2025-09-18 16:15:00,1900.1794032993616,1903.78407531587,1893.8178286880666,1901.1285208822208,2016.9137158136919
2025-09-18 16:30:00,1911.4250137774734,1920.9775007776436,1907.1551144946727,1911.7412969211714,3398.4053330192623
2025-09-18 16:45:00,1945.6047054086114,1954.3743856050548,1939.896942714618,1944.7038256988778,6240.323390665095
2025-09-18 17:00:00,1947.2620963695615,1953.1805868066594,1942.796009553244,1948.678401175748,7166.655429435388
2025-09-18 17:15:00,1919.2939364548743,1929.2702764334242,1916.0806953767449,1920.0545882990177,1584.757101798903
2025-09-18 17:30:00,1904.306352015258,1908.6543621593112,1893.1715408904831,1897.702617177988,8289.615086002552
2025-09-18 17:45:00,1896.7645590840782,1900.6993022018253,1891.497114153683,1902.236879984593,1880.1852294579105
2025-09-18 18:00:00,1866.3321470968983,1871.159533427478,1865.4449677331083,1865.2183594987346,811.0376076330596
2025-09-18 18:15:00,1887.3797731144875,1890.3732672551316,1879.4191258163721,1892.269949426325,7762.002347947766
2025-09-18 18:30:00,1879.726675978862,1880.1374480667278,1873.3003961736276,1880.6182456739175,9457.007064806321
2025-09-18 18:45:00,1901.2417778299152,1902.5668037295034,1892.1080350179698,1900.8568464034079,7629.545260296097
2025-09-18 19:00:00,1860.7429277341018,1870.2199025104653,1857.7949000863316,1862.5191128499462,1551.7388144378965
2025-09-18 19:15:00,1878.5552170296094,1882.8503360769926,1878.1273802214434,1880.8821227888607,8167.894815361905
2025-09-18 19:30:00,1876.6098527760587,1882.4483893769866,1869.9260427936033,1877.2323452763374,317.8233009454174
2025-09-18 19:45:00,1886.5253043583712,1890.896837866921,1880.316957273262,1889.4035716998987,3073.899171978351
2025-09-18 20:00:00,1871.0429206895976,1882.3331085297698,1870.7055899473598,1877.6896353072673,7912.002178548494
2025-09-18 20:15:00,1874.8894409135721,1879.9940415816122,1869.5195101110141,1874.0146057664767,8661.335319913658
2025-09-18 20:30:00,1875.0598103662867,1877.0749433395138,1866.0529024157918,1870.629283754954,9502.566171471934
2025-09-18 20:45:00,1852.5652424065418,1858.349066659974,1845.9060515928657,1848.230936846635,5457.490853272833
2025-09-18 21:00:00,1845.3843725699596,1847.668850565129,1842.3209350777709,1842.8388703099188,3404.273235633142
2025-09-18 21:15:00,1848.3165261703043,1851.4750228719988,1840.6653163393878,1844.5764702387087,1885.3529922678067
2025-09-18 21:30:00,1830.2262510096757,1838.304299121354,1827.4694490702607,1832.5494053031387,8524.133965516257
2025-09-18 21:45:00,1846.0522782431672,1849.9785832857337,1834.5649840828949,1846.620506817642,7715.369021276882
2025-09-18 22:00:00,1831.6179029332234,1835.7483474175724,1825.7759124576323,1830.8363365284222,6790.962790875822
2025-09-18 22:15:00,1833.2882757502366,1839.7279562184842,1829.8865478192138,1834.9126304526385,2943.7533685749313
2025-09-18 22:30:00,1814.185814840026,1818.8050663205086,1808.8587673816455,1818.285470782148,1498.9709080900434
2025-09-18 22:45:00,1812.4572461776265,1819.3230121922445,1811.5491856414797,1817.3921132525095,1983.8976485413725
2025-09-18 23:00:00,1820.2496558611103,1824.7348509114813,1817.621776319701,1825.8020486789244,1372.5466152325964
2025-09-18 23:15:00,1816.6450605960695,1826.2213267811053,1816.8916536656288,1816.7720283135852,2819.3282356857026
2025-09-18 23:30:00,1795.3324676457423,1802.4815848558549,1792.2041774952393,1798.4001353626625,7298.570402347581
2025-09-18 23:45:00,1783.894670873996,1794.6481602670083,1782.9214547905337,1792.898164797028,2538.473679982792
2025-09-19 00:00:00,1795.0980708410934,1802.904939310783,1790.5317404803789,1799.3583682633723,9632.039891588962
2025-09-19 00:15:00,1796.1956091280563,1807.2356086986943,1792.2353892673746,1795.213845672546,4921.28096816211
2025-09-19 00:30:00,1801.5393062327807,1808.1993810467088,1796.656947341072,1799.990249140126,5558.944918803268
2025-09-19 00:45:00,1796.0147190912737,1796.2379324972464,1785.1211776071639,1792.9419379178487,8479.228361905818
2025-09-19 01:00:00,1790.7133264593601,1789.650562309505,1783.9638477975952,1785.2988121251983,3637.858377776262
2025-09-19 01:15:00,1795.356856251387,1799.361612638606,1786.1545852971944,1794.6164516021367,8836.789827621948
2025-09-19 01:30:00,1793.4892248780664,1797.0450843528747,1788.8575226592436,1792.766106887549,7247.1380633199315
2025-09-19 01:45:00,1779.339516444182,1786.4266706065393,1775.2376282468197,1779.8890827926423,6838.131708757836
2025-09-19 02:00:00,1784.2387485580732,1786.5114241975434,1775.1213914881293,1780.0432405276201,150.84336605019521
2025-09-19 02:15:00,1746.592288357816,1749.5616586614824,1739.3164464119527,1743.4495787704345,2391.35710112961
2025-09-19 02:30:00,1750.0826055672396,1755.3087707053737,1742.8802791326302,1745.0204891943113,8007.921797859703
2025-09-19 02:45:00,1694.3640417057666,1697.9124243137423,1689.2032740311718,1691.5785659932687,7165.221281687441
2025-09-19 03:00:00,1696.5053641104978,1698.0458144320673,1687.5478951284056,1697.8375483698203,2306.175153332526
2025-09-19 03:15:00,1687.664894506054,1691.4277515913814,1685.437298653951,1688.5886125052373,2328.6276711347855
2025-09-19 03:30:00,1706.8917155926747,1711.4049762567452,1697.5608910083795,1703.4194873667104,1637.1239942451625
2025-09-19 03:45:00,1709.1919761513113,1713.4567823302775,1702.9485794094148,1705.6336701502164,4533.933863992944
2025-09-19 04:00:00,1702.4936907412791,1708.44601539765,1694.7542899257267,1697.5720220468493,7989.408732273306
2025-09-19 04:15:00,1692.5688185230717,1698.8579454558633,1687.5925037190498,1697.1281105906328,7805.093796035429
2025-09-19 04:30:00,1691.4056787030624,1695.6379019388085,1683.4255615409638,1691.5610557489813,3129.6196740084197
2025-09-19 04:45:00,1680.6570207019022,1683.0193964404507,1675.7639671429135,1680.9087053616704,9701.16075094796
2025-09-19 05:00:00,1660.5927552896615,1663.2724340142013,1654.1613411578935,1656.3048808287572,6031.039997174579
2025-09-19 05:15:00,1670.2846434890876,1671.9729397383728,1659.379353450362,1665.2448743142727,6855.830252431636
2025-09-19 05:30:00,1674.103272227286,1680.4725619292901,1665.7000436716824,1671.2750309490784,8668.621464642603
2025-09-19 05:45:00,1692.9794414600856,1693.0995327892067,1684.2922041311137,1687.0937930561843,2642.0014009856372
2025-09-19 06:00:00,1668.3184978616086,1675.7898245734395,1669.5067929058885,1671.5189008975376,1339.7725254980867
2025-09-19 06:15:00,1674.1819931428968,1682.758759611868,1676.2759709247289,1682.2308539346996,4327.658924541942
2025-09-19 06:30:00,1658.7042060910592,1666.6063808060728,1660.2862766546257,1665.9938313534326,2394.793245535621
2025-09-19 06:45:00,1671.7946885672916,1678.7674671027946,1673.3269045754062,1674.4850195124018,7188.3487355508305
2025-09-19 07:00:00,1663.4449032631123,1671.539851154475,1660.4843521427217,1669.7582472820536,5399.426001909598
2025-09-19 07:15:00,1666.4561300804683,1675.8406657940247,1667.7520054972472,1666.2413614011423,8655.194662425709
2025-09-19 07:30:00,1660.0657299443983,1670.7761882944376,1657.1433319013495,1661.561155031136,4787.809321327727
2025-09-19 07:45:00,1656.2776367322617,1662.504989029021,1653.4036907782963,1654.9842452810724,6772.49399917088
2025-09-19 08:00:00,1649.313438983228,1659.4950153779096,1649.5927763939349,1655.5314129846358,5413.125444639896
2025-09-19 08:15:00,1621.353921339913,1629.264118285087,1620.4709575040133,1625.543938621877,6789.33267230038
2025-09-19 08:30:00,1599.5580115585817,1607.8976711388698,1594.9125160675285,1604.4325730223436,4660.241572260994
2025-09-19 08:45:00,1577.7660525366466,1581.3452158770558,1576.2778302362863,1583.1957288534875,8722.69503759894
2025-09-19 09:00:00,1561.4893553659117,1564.883841296752,1558.115721349185,1556.7809789841676,4000.523429011025
2025-09-19 09:15:00,1565.8644897064219,1573.007225688518,1560.8275695435707,1562.638251371578,1679.1270763943153
2025-09-19 09:30:00,1571.3972600765853,1571.6172651584614,1563.5115853715608,1569.1434259977543,5065.255179511188
2025-09-19 09:45:00,1570.4978687847229,1579.5385328608763,1572.206126229576,1572.3905186477987,2035.6457497266256
2025-09-19 10:00:00,1588.07795693715,1591.1712565892167,1578.422746037067,1583.9986093162963,9401.475032889706
2025-09-19 10:15:00,1579.1841970883593,1585.5486459654717,1576.2781453497419,1586.687541003124,369.7399462017773
2025-09-19 10:30:00,1565.6590511080697,1573.9430207947914,1567.1990207980448,1573.3150089246094,3164.0400432252018
2025-09-19 10:45:00,1576.6061093367678,1578.1620218012108,1568.8677214655052,1572.3040143781318,5864.366503008355
2025-09-19 11:00:00,1585.4644778433885,1593.6796118476905,1581.4120002992472,1588.117581722789,5928.604566751716
2025-09-19 11:15:00,1550.4422889015127,1554.311485277537,1544.9242053121811,1550.8965423396453,1687.24211005943
2025-09-19 11:30:00,1549.8081354537114,1558.1475220292234,1551.9876489669043,1554.0101293496236,3185.7913895705024
2025-09-19 11:45:00,1554.21942488047,1558.6265707254604,1544.310391957413,1554.5677299486895,7229.868569903846
2025-09-19 12:00:00,1541.0630765034941,1545.584496805762,1533.905394781609,1540.0175162041173,3813.1906184861123
2025-09-19 12:15:00,1541.3308874222228,1539.5272857399939,1531.2417147918788,1533.8980377738806,1994.2019898557307
2025-09-19 12:30:00,1530.4925417258485,1536.5058114489723,1527.1714595260878,1535.6076241870062,2667.7500992631826
2025-09-19 12:45:00,1527.1939072030889,1528.5313835052739,1517.714270525125,1523.0842807698311,6803.489633685477
2025-09-19 13:00:00,1526.9104037251425,1531.469425782508,1519.4428618550264,1528.0405362469628,5849.099627254177
2025-09-19 13:15:00,1508.320103500446,1513.2406167189788,1501.7069380826142,1505.7389264723904,5306.557856260446
2025-09-19 13:30:00,1516.6324564429515,1518.1573690595078,1509.2837897744703,1519.5100041359897,9932.659654366287
2025-09-19 13:45:00,1495.4006680987868,1506.8882321814992,1497.3708371025225,1504.4373184880367,110.01572907124864
2025-09-19 14:00:00,1492.71544755189,1493.9363365248958,1483.1934041522604,1483.6693406861666,785.373975425359
2025-09-19 14:15:00,1501.9437570596008,1500.9159902570195,1492.0795714322378,1499.4053726386157,4591.335196221878
2025-09-19 14:30:00,1512.3038050778177,1517.9537955045832,1505.6623636462266,1509.442438897548,5001.939672099111
2025-09-19 14:45:00,1507.8907231402434,1519.6772275661028,1508.0697033443898,1514.5315405619456,2395.555723948055
2025-09-19 15:00:00,1522.803656760951,1529.654047365866,1515.0165665734455,1522.226536402468,1247.800980434719
2025-09-19 15:15:00,1530.6216253441053,1529.171354461924,1519.99637026598,1527.5763452132335,4392.73681189021
2025-09-19 15:30:00,1520.1328152298013,1526.487490416602,1514.187637360552,1524.0934859499537,7205.335499651806
2025-09-19 15:45:00,1507.598480720165,1510.6382213639854,1500.1898490743577,1510.1953596738285,1409.3491549777893
2025-09-19 16:00:00,1515.7411212898967,1520.4270006290221,1511.7640360561786,1513.5369619046116,1182.1765264596581
2025-09-19 16:15:00,1530.1847340594281,1536.7073923798564,1523.7966255207195,1534.582578991635,8807.134225807957
2025-09-19 16:30:00,1522.5870598681017,1527.4898479940232,1521.3030156742327,1520.8049212424073,5674.750221016421
2025-09-19 16:45:00,1499.2251364838921,1509.6561508660498,1498.5827832942364,1503.8137842945612,2857.108243270268
2025-09-19 17:00:00,1526.3879268842313,1530.9756576079437,1519.9999951506104,1524.081035261867,4485.268480842782
2025-09-19 17:15:00,1521.311044671121,1529.416063103093,1516.9080145514,1525.8377942244515,5264.940050916487
2025-09-19 17:30:00,1524.8613378004657,1531.37990086875,1522.0724906508156,1527.8815026248492,6404.857593886825
2025-09-19 17:45:00,1503.6483563583306,1514.8484330503306,1501.867362320179,1511.9064872943,7120.802245054294
2025-09-19 18:00:00,1520.5626724892177,1521.2200523502358,1513.6269015920172,1520.1218026629233,6849.773160927904
2025-09-19 18:15:00,1502.9884344549973,1511.2273918748,1500.4774137091579,1504.6928144146582,1243.5502453926965
2025-09-19 18:30:00,1494.7859026637725,1501.1315701691892,1494.013498115385,1496.3720449783693,4645.168250966918
2025-09-19 18:45:00,1493.4709981217634,1500.7784732990947,1487.3835447887466,1495.6732990742507,5474.752674260528
2025-09-19 19:00:00,1491.6755604347513,1503.6474432810146,1493.3588088807635,1500.393241295613,9143.90385379229
2025-09-19 19:15:00,1471.6627345331888,1475.2780169881535,1464.4176034315578,1464.54222800704,452.0018202891129
2025-09-19 19:30:00,1494.7870544211917,1500.0183398022723,1488.5746839160531,1487.21015284068,2998.505346396061
2025-09-19 19:45:00,1516.3413075925957,1522.8012744441544,1516.5936494772113,1521.5659647144612,557.8609494040886
2025-09-19 20:00:00,1506.0592543583352,1512.7076105867106,1505.9582886560565,1509.2575621108615,7134.6584626567155
2025-09-19 20:15:00,1504.886607401878,1514.0727617977188,1506.8257038428678,1506.4403523807784,9712.791585651805
2025-09-19 20:30:00,1522.299808364576,1528.7982774823395,1517.2227157985842,1528.0668704161176,7768.444733409855
2025-09-19 20:45:00,1519.9977504505327,1521.652072480925,1512.9952987691024,1511.940465231743,1200.70705417187
2025-09-19 21:00:00,1505.1305241758907,1511.856031517272,1499.5683685414467,1501.9468938337372,8613.812055718196
2025-09-19 21:15:00,1532.3083486081769,1540.8940840891332,1533.1942185286568,1538.1030868559867,1760.610344235879
2025-09-19 21:30:00,1520.889749760409,1526.468003776101,1517.7383965130966,1521.9853395084847,4299.304487497117
2025-09-19 21:45:00,1499.967536617673,1499.7862086926534,1495.244061517795,1496.1395094092734,1463.364417839727
2025-09-19 22:00:00,1513.15504159843,1517.9822257274288,1504.3009053582725,1512.7134748132742,2252.578205781388
2025-09-19 22:15:00,1502.261260665734,1505.1781032185052,1496.1970883049337,1496.9504708027143,2596.5071123311664
2025-09-19 22:30:00,1485.636214832668,1486.5776331930613,1476.8361726945773,1488.3628313250688,8123.071038293587
2025-09-19 22:45:00,1498.7331064287773,1499.3611011326177,1490.6075695481013,1499.455981085156,1594.286763844191
2025-09-19 23:00:00,1479.7309714946232,1477.9219949339536,1470.8581454092305,1476.8689544998524,1534.3058996578998
2025-09-19 23:15:00,1478.26705810852,1481.8300283972353,1477.2469310149097,1478.0683591079899,7755.073951471004
2025-09-19 23:30:00,1498.1914728557126,1496.7121294631754,1490.835951015372,1494.2922752512168,1988.914114727297
2025-09-19 23:45:00,1506.1836776866257,1509.520242552593,1498.531082223574,1502.8314085235438,9272.660296351849
2025-09-20 00:00:00,1513.4019829183048,1515.1621913227407,1506.7615877683709,1516.8953759269134,6656.996146815621
2025-09-20 00:15:00,1505.8974388136892,1504.4776387808636,1497.3367733467298,1503.503044408151,4731.7689934291875
2025-09-20 00:30:00,1505.1927069946782,1514.523010170681,1502.5267874055726,1508.209965089318,1098.6870297996697
2025-09-20 00:45:00,1498.0253367184614,1506.7083652532965,1498.0906434893009,1501.1337722268822,4139.451020006816
2025-09-20 01:00:00,1511.1483226986031,1516.6903943466366,1508.6872386247273,1516.6469600541193,8931.725821104179
2025-09-20 01:15:00,1521.0927891526487,1524.3464996846515,1509.9021567615366,1513.416951737201,2376.4842974144253
2025-09-20 01:30:00,1503.8034276279236,1513.8388378541385,1506.1663888964326,1504.39560678377,1238.565789380023
2025-09-20 01:45:00,1498.4220600543167,1500.039536116555,1493.1670463235685,1500.6014515825618,3123.6310557705406
2025-09-20 02:00:00,1488.4805945459527,1492.879494389761,1480.9625802021203,1487.5899590910985,6348.902915722998
2025-09-20 02:15:00,1479.5071494984813,1483.9096656956765,1476.5773910126595,1476.8844102515936,3224.87085644007
2025-09-20 02:30:00,1488.4612985340389,1491.1668826254333,1482.4784554431747,1481.043384334439,9196.21238823096
2025-09-20 02:45:00,1497.7237452804927,1505.087827740943,1494.9915796237701,1501.9309529050543,1208.5195370299525
2025-09-20 03:00:00,1491.3355693787848,1489.3503807938791,1480.2544902394118,1483.2068744075505,5880.884259764773
2025-09-20 03:15:00,1470.8470129458847,1482.4220046925589,1468.8807960577774,1477.6709288032314,532.2073617370532
2025-09-20 03:30:00,1458.8067927813072,1467.1858552236636,1460.0647160236517,1467.0565224651616,7524.239548618139
2025-09-20 03:45:00,1457.8864955468866,1461.7739419360607,1451.5197600025315,1461.6483351439,9931.038269322447
2025-09-20 04:00:00,1424.3283890147588,1432.514748992547,1420.257087318966,1425.0419687857393,8358.161137224719
2025-09-20 04:15:00,1459.1151035639516,1462.0477102464706,1453.907317648254,1460.5297902457983,5378.585587873287
2025-09-20 04:30:00,1476.359788879063,1480.3890654563227,1470.9109439120928,1477.18980249646,8075.816888696687
2025-09-20 04:45:00,1476.3670761523688,1482.708065607662,1473.8547416589086,1476.679819475996,9570.733801261365
2025-09-20 05:00:00,1474.116585100804,1482.6726540820537,1471.7234514226163,1473.5781649278124,1281.2768731855663
2025-09-20 05:15:00,1467.1424224023754,1471.5682476616541,1460.607097989954,1461.9862786555996,5068.082661623236
2025-09-20 05:30:00,1473.9404981924874,1477.2321354724736,1463.4448771897555,1465.1189841896555,674.3833486696345
2025-09-20 05:45:00,1450.1998114012035,1450.6104314331221,1444.359538832849,1446.1246202667799,7417.982305470166
2025-09-20 06:00:00,1461.9286714506813,1469.8147145626065,1456.7306501109413,1463.204015328716,4813.944939412158
2025-09-20 06:15:00,1464.5542160869452,1466.8120789696968,1457.8787021780465,1465.4939072135605,3536.3613007927434
2025-09-20 06:30:00,1456.4122703382666,1459.310882420864,1450.585004085323,1451.8330824878221,304.1331244799896
2025-09-20 06:45:00,1434.1383608848425,1439.3387309676407,1430.9920470994093,1436.8148676505118,9968.403495724408
2025-09-20 07:00:00,1434.6209154261037,1434.6977218591474,1423.894126251807,1432.4353900046256,6111.161258828323
2025-09-20 07:15:00,1437.6743415492765,1448.587386494269,1439.0094459989148,1443.84019576134,4541.606602821474
2025-09-20 07:30:00,1431.054472113889,1433.6704893514454,1422.3960968923918,1432.7405460723328,1509.9145989642664
2025-09-20 07:45:00,1428.0931133710121,1428.3351760795658,1420.3852272817335,1424.7623136493407,5944.51048234531
2025-09-20 08:00:00,1427.7600985548754,1432.9771570112161,1422.1828529426116,1427.1507013458634,6596.540101072177
2025-09-20 08:15:00,1444.9409832343704,1451.8676653516256,1439.5608506962421,1449.8295460173638,5001.206906831065
2025-09-20 08:30:00,1445.449402477421,1447.0834610417626,1435.5144560311671,1437.3748435096827,8072.9277850320705
2025-09-20 08:45:00,1433.9086496093091,1437.249057358855,1429.8446921666769,1430.123046631129,1495.10456619538
2025-09-20 09:00:00,1443.8254981667458,1447.6037539568292,1436.254748382398,1443.0706993727224,585.6508273722684
2025-09-20 09:15:00,1428.7928205480446,1430.3985917192995,1425.9320377532783,1428.464071675107,1427.9767299944153
2025-09-20 09:30:00,1440.427623105118,1445.1808709267889,1433.7986015245185,1440.7494508767163,4273.086497664121
2025-09-20 09:45:00,1445.1377535676902,1449.293757644347,1436.3065163455096,1439.2018147655008,6483.52276442636
2025-09-20 10:00:00,1462.4123428388168,1467.6338797746885,1455.1323225959636,1455.2801568904742,4813.093488883027
2025-09-20 10:15:00,1452.1760493658555,1461.0002161636064,1449.3051242719098,1457.4762592514655,550.4774798580025
2025-09-20 10:30:00,1457.346801944499,1456.3422126249322,1446.1493490607106,1452.2313682573354,8904.242867605817
2025-09-20 10:45:00,1484.5074531797218,1483.8475943954395,1473.1380961031275,1477.8738113801658,4824.207399197089
2025-09-20 11:00:00,1455.2823288691754,1460.2135608096896,1451.580733992019,1457.571519840396,8989.537859676997
2025-09-20 11:15:00,1444.2279410625313,1453.6441463510637,1441.6206576435025,1451.0321680070315,4211.994534368525
2025-09-20 11:30:00,1449.557712315657,1452.8097230696264,1442.3205576510522,1447.363872850681,8195.889703748358
2025-09-20 11:45:00,1439.7208082703492,1440.5605307459193,1428.1880640018387,1433.4985704634405,8740.448547975577
2025-09-20 12:00:00,1460.6979643215145,1468.2381417903505,1460.7601593747934,1464.674879287539,2921.734278175231
2025-09-20 12:15:00,1445.7129900056505,1451.8568923490393,1441.2951778985698,1448.564601900886,893.0008352734626
2025-09-20 12:30:00,1445.5630899754178,1449.2968960716062,1444.7515005288064,1450.2794813462292,9091.537804727677
2025-09-20 12:45:00,1468.830539580411,1467.782023911689,1458.2566335190984,1466.3564936992034,5052.783318351174
2025-09-20 13:00:00,1459.9017414800082,1464.8810135414128,1458.3043755506205,1460.2352049912374,1082.0308356056184
2025-09-20 13:15:00,1457.247895524598,1463.6457008280497,1457.2757563634561,1456.7937486138503,7821.8600326592705
2025-09-20 13:30:00,1480.6852144396846,1484.5848643194138,1472.097746856882,1483.4289504207036,3052.3709803634288
2025-09-20 13:45:00,1506.4903365502519,1508.7027035137835,1495.5487059213617,1501.5823953121064,259.7523743459218
2025-09-20 14:00:00,1530.8549151293826,1537.747376496147,1523.1012152066842,1533.561539309102,5060.448084289841
2025-09-20 14:15:00,1519.4324398454876,1527.1635565926515,1515.5710676240112,1518.786493020023,9454.214538812434
2025-09-20 14:30:00,1536.5061140441958,1539.837671607937,1534.118902370305,1535.836871590531,8606.283579916599
2025-09-20 14:45:00,1538.884062033699,1545.4913103605074,1532.5925259495514,1537.7850685384453,7455.333289839844
2025-09-20 15:00:00,1531.8518219444659,1539.909294425109,1531.5166404539052,1539.5953071905267,5945.528042865962
2025-09-20 15:15:00,1526.7801099989267,1539.3537676214964,1528.650687289728,1530.3556431512184,6188.752600662395
2025-09-20 15:30:00,1535.0613468926647,1545.001609368064,1533.1173713304704,1536.5444236438166,2068.267619612465
2025-09-20 15:45:00,1523.7538695952242,1527.1770596871706,1516.693977074095,1522.985753469425,4880.387637810775
2025-09-20 16:00:00,1530.470198356944,1539.1326772677628,1528.8419022907337,1537.2641396741478,8897.095564516734
2025-09-20 16:15:00,1555.3593897924716,1561.1366363315742,1550.0568491680192,1558.0136192503046,4209.631330766078
2025-09-20 16:30:00,1556.3358309924358,1560.8838512354523,1547.0547947064053,1558.0073998687913,1642.7684864427488
2025-09-20 16:45:00,1576.447824404053,1584.5506122274735,1571.781881853572,1572.7487312549567,3129.9162154701635
2025-09-20 17:00:00,1577.1176655551592,1588.2886235398169,1576.10013762856,1580.336635709976,2239.4077020238924
2025-09-20 17:15:00,1572.8407129695697,1575.7097238442593,1569.2333572702414,1568.3796658818273,5749.188047004225
2025-09-20 17:30:00,1577.234176648119,1582.4643050451048,1569.98050327327,1574.7331287924035,8029.467786549109
2025-09-20 17:45:00,1575.0747675542962,1575.9500549395323,1569.3530925281887,1571.1112059861648,3909.558190857262
2025-09-20 18:00:00,1579.3430354829875,1583.1231607746302,1575.3048965952814,1580.0165187215698,1439.3933426729993
2025-09-20 18:15:00,1580.7481087657948,1583.6127984832979,1573.241868099386,1575.060559560289,9837.390564904354
2025-09-20 18:30:00,1568.7009330122576,1573.1314843745563,1566.1897819375538,1563.6439323927007,3304.4300035385027
2025-09-20 18:45:00,1539.1884326729817,1545.0084917386234,1533.473301067158,1536.3916844331675,8503.849711009174
2025-09-20 19:00:00,1533.1851144969478,1535.274429654456,1525.0007858312354,1531.9609979957206,5737.309329217436
2025-09-20 19:15:00,1569.3648789752733,1575.9252860349952,1567.5856867753555,1572.0127091135084,8654.88719566637
2025-09-20 19:30:00,1565.048602474055,1572.7605421545522,1561.2680760303756,1565.18502702453,792.3462301542131
2025-09-20 19:45:00,1573.634564974747,1580.7049351730197,1569.4665425067992,1575.210717231075,4532.098820503162
2025-09-20 20:00:00,1588.220054254359,1592.9032903459206,1583.6811474036879,1591.5617627040617,9692.367510786476
2025-09-20 20:15:00,1587.666113203422,1599.3535111865478,1588.6717207818506,1589.3480056585895,8674.263710234409
2025-09-20 20:30:00,1576.9423995961195,1579.4512229778773,1568.800497461619,1576.916923253183,507.09398293923067
2025-09-20 20:45:00,1576.4990374315855,1579.1930433342477,1571.4415522442134,1574.9957574150687,3029.5337059276853
2025-09-20 21:00:00,1590.394042851649,1592.4198168164544,1586.7353924806862,1593.5332538430034,1026.7261721876314
2025-09-20 21:15:00,1614.0044830868621,1614.2768176721877,1605.9487144888092,1612.1972286322768,8181.014763951673
2025-09-20 21:30:00,1617.056449807798,1621.4154803183974,1612.644577200577,1614.7176798323394,5910.794821361189
2025-09-20 21:45:00,1637.319845122977,1640.799784338283,1634.3015447701187,1634.1650234715466,8781.418387060521
2025-09-20 22:00:00,1643.5063666407214,1651.8338659969234,1642.9832140006802,1646.6381392467993,6752.485114629789
2025-09-20 22:15:00,1628.2171850781692,1627.401430070523,1620.8448160473722,1628.3431590698306,6868.350553577792
2025-09-20 22:30:00,1612.332900606037,1620.2479788090918,1611.2838024410216,1614.7767166325634,3766.128598461616
2025-09-20 22:45:00,1626.470444415079,1634.0944237955744,1623.799082450067,1632.4713921418575,665.7879219045699
2025-09-20 23:00:00,1652.5203653585172,1657.6540919719146,1642.8130535863227,1650.5169577664783,5632.340647365536
2025-09-20 23:15:00,1658.5878227771527,1665.4745483046586,1657.943451457448,1659.8159216663423,8513.037299663893
2025-09-20 23:30:00,1662.8753635615442,1666.5581674425825,1659.5539486250327,1665.5601273165876,2677.440150801378
2025-09-20 23:45:00,1687.0711703812708,1691.2487504719168,1677.3298481466963,1688.1046911851872,4964.753324528581
2025-09-21 00:00:00,1667.1731785304219,1674.6313058825378,1665.3165135278946,1664.9433947957514,3911.2738598260003
2025-09-21 00:15:00,1658.0115275056896,1657.1725143467365,1648.5548193315453,1655.930633454201,9357.572173449196
2025-09-21 00:30:00,1686.6955554915032,1689.9085354671643,1684.8237732563268,1683.5641264538185,1181.9730783644404
2025-09-21 00:45:00,1690.9994997640408,1701.3696676336995,1690.7499292040295,1695.2961768135058,6148.29674467416
2025-09-21 01:00:00,1712.077300184699,1711.5741503790312,1706.2409611471307,1708.4350348207843,7984.504029451395
2025-09-21 01:15:00,1720.4907105044533,1728.1338185429229,1718.8720705264643,1719.1592642099931,7972.575416891633
2025-09-21 01:30:00,1755.300906663486,1761.375778880716,1749.1205891509699,1751.9705231705454,2821.307224871073
2025-09-21 01:45:00,1755.1812403492747,1753.8208709053613,1744.2234790440282,1755.460627702664,7013.396026637796
2025-09-21 02:00:00,1748.8887969795414,1755.4436599393146,1743.4356680073124,1748.579406688339,4985.709083248246
2025-09-21 02:15:00,1722.6553330342576,1732.110029802291,1724.2120854835796,1726.310542248883,8237.663913651837
2025-09-21 02:30:00,1754.379780527078,1760.860132550013,1746.8919249412443,1750.7890862122301,8157.755215570342
2025-09-21 02:45:00,1763.4896903873566,1764.1241152114308,1755.993065315275,1760.986903472161,5307.786733388706
2025-09-21 03:00:00,1761.5024639354344,1768.2105449530316,1755.4377515718677,1764.9359642931793,1908.535454249955
2025-09-21 03:15:00,1757.2075501132563,1762.7377127272766,1754.691613877898,1762.0293874469735,3727.183065614092
2025-09-21 03:30:00,1766.355266762038,1777.8970432314172,1765.706579891894,1770.3073240675749,1769.595145450248
2025-09-21 03:45:00,1776.5820639812573,1784.7785288490377,1776.1959904913112,1784.063886966594,6246.796595892375
2025-09-21 04:00:00,1795.6538873757586,1795.5577204599024,1786.4552997064618,1789.7609999023252,8757.400075059304
2025-09-21 04:15:00,1793.846278085309,1791.3359002523853,1785.8559990559631,1791.7304962491537,8027.110160124334
2025-09-21 04:30:00,1780.341539480628,1780.2163837509297,1771.5262916369416,1779.10633138961,7739.028627005394
2025-09-21 04:45:00,1799.8468514906049,1806.580548429984,1796.9279200481633,1805.8605913260496,1854.6596073155138
2025-09-21 05:00:00,1815.721181520427,1819.08885513913,1810.08876930341,1812.0737003364727,9198.69763403016
2025-09-21 05:15:00,1821.7048268150345,1820.9945152650048,1812.1233433685018,1823.0986703457727,1678.6931882513386
2025-09-21 05:30:00,1817.4602108346726,1825.327080116816,1817.662183193982,1817.3710821226812,2923.0788318671684
2025-09-21 05:45:00,1835.1432026232865,1837.7697878743406,1828.829627879384,1832.4283938229044,6566.000410875824
2025-09-21 06:00:00,1821.5266648871414,1826.3300099527983,1813.6654447942174,1821.5370173568551,4634.88161822587
2025-09-21 06:15:00,1832.759201728238,1841.5951362736946,1828.8363619898464,1829.0513513635915,2451.1767298539253
2025-09-21 06:30:00,1865.0743253713129,1870.5522909618737,1859.2217528296462,1861.02020832143,4727.844544299774
2025-09-21 06:45:00,1862.4994293611785,1869.4122129724763,1859.2369283199837,1861.6306973207843,4943.503780252036
2025-09-21 07:00:00,1874.767060351963,1884.2889956304934,1869.9428431058705,1880.99185966312,6169.465089957248
2025-09-21 07:15:00,1873.7930528540817,1884.7515981669796,1874.786532475878,1875.9991056747976,3039.9087534076657
2025-09-21 07:30:00,1860.458592572042,1859.3830050598258,1850.8458361411056,1853.0860244890223,6962.628528596921
2025-09-21 07:45:00,1819.925037894108,1819.964890229432,1808.838198682312,1818.5346575004899,951.0573837689767
2025-09-21 08:00:00,1821.5657957139967,1828.0400918567998,1819.5258319909883,1822.100276471725,5852.909903861577
2025-09-21 08:15:00,1844.2920192164688,1845.329064022675,1835.7131932112939,1843.3380259688386,3866.029521194239
2025-09-21 08:30:00,1847.5379412359905,1853.191965061305,1841.4184662445602,1851.6979980652122,3630.2018400546567
2025-09-21 08:45:00,1832.915504360235,1835.3695905445243,1820.3284029339695,1832.9026955880822,720.0418579650294
2025-09-21 09:00:00,1838.9273626508966,1844.1070352999016,1834.8599943406978,1844.0849762308994,3472.633739436338
2025-09-21 09:15:00,1834.4712353997006,1843.3538479206381,1829.3150003053377,1837.0906488686462,8384.064154942918
2025-09-21 09:30:00,1833.943860597775,1838.2144269006333,1827.4251860794739,1832.3294828789262,8312.400346192053
2025-09-21 09:45:00,1824.611385357178,1826.2156821704766,1819.039322395352,1819.0191634622133,6534.967248159508
2025-09-21 10:00:00,1803.643206474271,1810.2384070231942,1800.4279591829213,1811.050417921874,5577.7963291082215
2025-09-21 10:15:00,1828.5301349809333,1832.423950605915,1821.5423451404242,1824.718008800964,6321.591535996086
2025-09-21 10:30:00,1844.1472753303376,1847.5398287183498,1836.0536992720981,1842.1103873272948,4070.86717475777
2025-09-21 10:45:00,1858.2799531962346,1858.4548889318296,1850.9037163719768,1856.478264348397,825.8592871695039
2025-09-21 11:00:00,1865.6135613383565,1877.183462215808,1863.0812472630614,1872.4489025547505,1977.646395518518
2025-09-21 11:15:00,1882.6627637465049,1887.9682720920616,1878.4920497985788,1881.6235659312806,8295.848187488642
2025-09-21 11:30:00,1872.433634517187,1880.7844253254161,1868.4376303784522,1876.277771136346,7225.054921508237
2025-09-21 11:45:00,1874.9134335146873,1880.8405649966207,1869.752340464358,1874.2240422614043,1998.600453418263
2025-09-21 12:00:00,1879.710057705516,1883.0897286058648,1872.4014364138761,1879.2135666138554,772.1194061170426
2025-09-21 12:15:00,1882.3917773078672,1886.658526776669,1874.1013957541586,1879.2751125818431,8137.62160060938
2025-09-21 12:30:00,1882.8644251876606,1890.8646112622462,1882.02272124086,1887.9289448762665,5168.094069058721
2025-09-21 12:45:00,1878.5083164679438,1882.3884254834425,1871.4813949172872,1882.964864543011,6496.306302528319
2025-09-21 13:00:00,1844.2756651403768,1850.114715796487,1841.0798520670157,1850.2826118593923,7025.836000097025
2025-09-21 13:15:00,1857.123823730889,1859.18435705599,1849.5820232400074,1858.3282961874997,3256.536911422322
2025-09-21 13:30:00,1860.846259532066,1863.527562373047,1854.929671091495,1852.3225143137433,6297.424898921934
2025-09-21 13:45:00,1835.565812946443,1842.713364535269,1832.5848493142807,1841.8291090139367,145.18729665310124
2025-09-21 14:00:00,1825.738672789673,1836.893699986422,1826.4775603006249,1834.1772666478028,7832.244374276944
2025-09-21 14:15:00,1831.0760518062193,1836.4064356337567,1821.0145734788773,1831.0495919023222,7021.4346000625055
2025-09-21 14:30:00,1811.0521340132502,1819.7191955482758,1810.1733905352312,1815.3269359953424,8712.863563299865
2025-09-21 14:45:00,1807.4930679506876,1814.7059067544253,1800.2991793316476,1803.2167009560885,3952.3207236541634
2025-09-21 15:00:00,1840.951696783286,1848.6665848455148,1838.042421705921,1843.3347256228426,6792.124287342303
2025-09-21 15:15:00,1859.628586708951,1859.910913205318,1849.75579800687,1854.0357522901325,3364.5408955393577
2025-09-21 15:30:00,1868.8251116468398,1876.21955770129,1864.7506523263316,1867.172921585916,7262.840913986161
2025-09-21 15:45:00,1866.0435698550273,1869.092307710548,1859.2277706661246,1863.7284014644767,7397.571803552671
2025-09-21 16:00:00,1903.255705815888,1905.4196305877704,1893.9283186149582,1898.0684879938287,6796.049053342165
2025-09-21 16:15:00,1906.9274439087233,1912.4695818415023,1904.861269277685,1908.412887450153,8157.121929647272
2025-09-21 16:30:00,1913.5144924424535,1913.5712551131255,1905.475545245284,1908.6770242503983,3235.518658059608
2025-09-21 16:45:00,1922.3110955254876,1923.019178090195,1916.0496115628348,1917.6698471872753,6829.711957190942
2025-09-21 17:00:00,1916.8871126699562,1921.6526445619047,1908.2703348288235,1919.0536305873497,1166.4742374698524
2025-09-21 17:15:00,1886.6990856187072,1884.5179448170343,1878.083954740445,1880.4903056889639,4785.764876607949
2025-09-21 17:30:00,1883.9844613528974,1884.3927350093375,1876.9310185871366,1881.2657982816393,1121.055477930608
2025-09-21 17:45:00,1881.9279902106125,1884.5375371269442,1875.316692665885,1877.1681702048206,2697.779786970109
2025-09-21 18:00:00,1882.277579837469,1887.1903778954643,1872.6379670256672,1880.7440416979234,5882.097791767258
2025-09-21 18:15:00,1883.1608422200482,1885.5967906068752,1871.465392127157,1877.891176677138,529.1736902480608
2025-09-21 18:30:00,1863.783671681857,1868.8237832865027,1861.914442038749,1871.0043590165342,9031.137198870929
2025-09-21 18:45:00,1851.3090971548486,1854.994674456367,1845.4686241413042,1847.761250331254,5718.0833647471145
2025-09-21 19:00:00,1845.480980175821,1852.7365467083928,1839.4254977211087,1844.353854043518,746.0149278065232
2025-09-21 19:15:00,1856.838282378244,1859.0973067237474,1847.8669097874833,1851.0024671024341,7299.763061802517
2025-09-21 19:30:00,1883.316575587812,1886.652700156267,1879.8412197500872,1882.7623769438924,5749.6512614510475
2025-09-21 19:45:00,1875.4199486212733,1883.6912747304418,1876.4984690609454,1878.0051184161941,7982.21023322389
2025-09-21 20:00:00,1884.7200310851176,1894.6137469074188,1881.5063939562501,1891.3794112449075,451.98644995121737
2025-09-21 20:15:00,1906.9461783965132,1910.1783071266525,1896.904524153511,1903.6994984185733,9343.7301598893
2025-09-21 20:30:00,1883.008392526012,1891.0355626383412,1881.0027489063746,1885.8364820669124,3418.8656193249217
2025-09-21 20:45:00,1876.4455824901913,1883.6158482120527,1870.8359318127855,1876.309011906459,5966.777034147622
2025-09-21 21:00:00,1884.4498688252174,1886.1591438910405,1879.4171788273509,1877.2888777906924,832.3252417856123
2025-09-21 21:15:00,1885.3021453025442,1893.7064978227795,1883.8267616831356,1894.7485262195148,2607.6511817675387
2025-09-21 21:30:00,1882.2642747399375,1887.2266450134396,1874.7099295036523,1878.5098943982068,6914.349032537329
2025-09-21 21:45:00,1882.9606061103282,1890.4914772231305,1882.2161629334737,1882.5364162023836,6121.767604174343
2025-09-21 22:00:00,1872.9961980512599,1883.515672340564,1872.2203251140836,1880.404439242909,9979.8945478254
2025-09-21 22:15:00,1861.963564296728,1867.1001476815397,1857.9013732782437,1860.3531031590821,7585.171602127287
2025-09-21 22:30:00,1853.3744942249555,1853.5005846277356,1842.803132515356,1849.6836819344487,5578.161825916091
2025-09-21 22:45:00,1855.6979094232765,1858.6031129983073,1845.1026954515798,1853.8650263448433,6178.158376311392
2025-09-21 23:00:00,1855.5537429876083,1863.3353125403005,1850.548928900261,1859.3149126511676,2860.367399114273
2025-09-21 23:15:00,1852.6418850794696,1854.4302404951302,1845.1016894443117,1856.193136387233,9216.628391171444
2025-09-21 23:30:00,1856.7416222001434,1858.3045894660033,1850.0450662817052,1857.8744512469787,2441.8886105810966
2025-09-21 23:45:00,1835.1470495262427,1835.8577093565507,1823.4261062360063,1829.7489805803596,2281.7259115111033
2025-09-22 00:00:00,1822.1554013699767,1828.861699043391,1817.1185014894668,1817.9273845995874,311.8986042299294
2025-09-22 00:15:00,1787.661200632898,1791.4648822050221,1781.7093631802695,1786.4185805692632,5869.386062787835
2025-09-22 00:30:00,1791.685745546003,1791.663867741188,1780.5942047437388,1783.5689068851682,2263.068495382255
2025-09-22 00:45:00,1788.359814740002,1793.1940289940494,1781.3099804930148,1785.5805346556558,8493.098073570425
2025-09-22 01:00:00,1785.7400665733132,1788.2876183901824,1780.5785167419936,1789.0743247513526,6707.9727614586045
2025-09-22 01:15:00,1795.2475039596966,1797.6093130598817,1784.2731253359946,1787.621931230341,837.5448094908038
2025-09-22 01:30:00,1791.4945611023163,1800.6292370596796,1786.6996335043611,1789.0646319504947,4107.94192017444
2025-09-22 01:45:00,1793.6612202719118,1793.135207371731,1787.6171292493095,1789.3892297406821,9545.730973775972
2025-09-22 02:00:00,1799.5042196440993,1800.7061109258475,1787.0231070948385,1799.5328421259796,3024.4112907375193
2025-09-22 02:15:00,1770.9552893982134,1778.094561883335,1769.5508755995972,1769.880400387641,8014.606118358217
2025-09-22 02:30:00,1790.795910614534,1790.4790541076807,1783.6339401511866,1784.6578421389393,337.8926627919452
2025-09-22 02:45:00,1775.8486938912406,1786.1837609561521,1774.5720369695964,1780.6878506003402,5427.456311249948
2025-09-22 03:00:00,1776.102389506365,1783.778910905741,1773.4859195309882,1776.4239861174851,1801.1175766646186
2025-09-22 03:15:00,1774.394337876408,1780.762347929399,1770.5391832575233,1768.6115168899566,3789.891585763444
2025-09-22 03:30:00,1775.3448911081675,1778.091589966587,1766.7034088786859,1767.2206187375764,2765.8481545059694
2025-09-22 03:45:00,1764.4993365367764,1773.5565241878364,1764.3868808749714,1762.8697611058037,1177.9244004571087
2025-09-22 04:00:00,1772.1995947928187,1774.8982604682167,1759.6361190792911,1768.7047488899707,3641.587144839103
2025-09-22 04:15:00,1799.4673216136143,1803.6510830395073,1795.0298349334453,1798.2623488379802,9707.115210844293
2025-09-22 04:30:00,1806.6176126201678,1814.1507907822452,1805.2782862790984,1810.4557752908868,2321.5590642291777
2025-09-22 04:45:00,1800.8502528996835,1806.0085890631606,1799.6765202251866,1798.1666640989465,4690.837219741239
2025-09-22 05:00:00,1788.2235420351303,1792.392357687406,1779.9948755718633,1792.5918597515802,7676.6185314858085
2025-09-22 05:15:00,1811.978956939149,1814.15644592214,1803.8974207950496,1811.5482448483892,4093.2395054674507
2025-09-22 05:30:00,1813.852727816586,1815.0923783331705,1803.6952746738955,1808.553317436835,1455.2608883236983
2025-09-22 05:45:00,1791.1297768418142,1798.165324958927,1790.6130556563298,1796.2509115005007,8083.292636270286
2025-09-22 06:00:00,1790.2000105793652,1793.6551465194639,1787.1631171967258,1788.665020419201,3895.375231440459
2025-09-22 06:15:00,1788.0074902568736,1795.911426961882,1787.256802276019,1785.973739869936,6875.523262293377
2025-09-22 06:30:00,1791.3402339916843,1796.1423377280105,1783.59275240832,1792.5759834383543,8866.160899827706
2025-09-22 06:45:00,1766.5934486880785,1774.9732637844552,1762.5962053784249,1765.2996879958266,9809.352577628555
2025-09-22 07:00:00,1765.1467462102125,1769.1332228984854,1759.7192760959874,1762.0943391956955,7509.904983542896
2025-09-22 07:15:00,1771.6030160385565,1775.2735912438604,1770.3682799951087,1774.853708064153,3763.568110380411
2025-09-22 07:30:00,1774.8104793764685,1781.6134975614998,1770.8171940611696,1771.6668890885028,5752.530606691315
2025-09-22 07:45:00,1782.813685121103,1790.2398486481407,1777.8687091217207,1787.3542393480145,2738.6029691889844
2025-09-22 08:00:00,1794.9183486579554,1799.3324995039593,1786.1405622089387,1790.4293049188434,2185.2207791000187
2025-09-22 08:15:00,1778.87494268032,1788.1399093988903,1777.7546541532824,1777.6948067157148,169.08013916759825
2025-09-22 08:30:00,1782.286787141209,1789.0669547406442,1781.044153920581,1787.7911820801241,7637.937536130939
2025-09-22 08:45:00,1750.4321516649184,1758.9553820892268,1746.7992383183548,1752.2290851807984,3926.5707696274058
2025-09-22 09:00:00,1768.6995713125477,1772.1796978918198,1766.0083758512758,1770.7140522017717,1227.0528001686632
2025-09-22 09:15:00,1756.4852417699155,1757.776728580198,1747.84671486716,1757.128566299634,1822.9009342450765
2025-09-22 09:30:00,1789.295044503173,1788.9167232848633,1783.2984462983702,1786.8617166779648,1605.5042248657353
2025-09-22 09:45:00,1757.0428963006502,1763.0548178661809,1753.078304003953,1755.5408036795131,5257.878201381477
2025-09-22 10:00:00,1752.055183900343,1753.5095522031884,1741.8762573634244,1752.1272320914052,7814.715437966007
2025-09-22 10:15:00,1752.4965957252653,1751.1456859187774,1745.351016344207,1747.4120393967946,6936.035759551152
2025-09-22 10:30:00,1734.3299753055749,1741.9903107831644,1729.4386936428673,1740.39145066604,5187.804625983312
2025-09-22 10:45:00,1732.8383277320343,1734.571552929704,1725.1160194852962,1728.0485581448806,4769.2516620541655
2025-09-22 11:00:00,1706.001125579726,1711.3375422634842,1704.9212670487068,1711.5697029442663,7104.186465328314
2025-09-22 11:15:00,1692.7666399615787,1700.67382191908,1687.230843410646,1691.1321733109357,6945.164845859262
2025-09-22 11:30:00,1688.083067409977,1699.6633304084905,1687.4222630601869,1691.699406755646,2454.4928784639674
2025-09-22 11:45:00,1686.286710753175,1688.9730169559796,1679.7425319817282,1685.8065015465177,1331.6695250510309
2025-09-22 12:00:00,1664.9120892424614,1673.7089860792232,1660.8734809170758,1671.0862054586562,4499.627428200112
2025-09-22 12:15:00,1669.8817704503106,1671.3640802361472,1665.640199322637,1669.022192954363,5076.170400592379
2025-09-22 12:30:00,1664.5853441944867,1673.7344782756331,1662.3392647924918,1668.6209693959959,6911.978461087346
2025-09-22 12:45:00,1683.4630568398686,1685.5033760245976,1675.223683107831,1678.8698057869306,4049.6401447331555
2025-09-22 13:00:00,1687.1747048436605,1688.639837534981,1677.4664411070125,1686.8738457157076,8718.30251913587
2025-09-22 13:15:00,1679.2667179281564,1683.138585496206,1676.6360288133312,1677.9439284011314,5130.72758246986
2025-09-22 13:30:00,1685.399772738988,1691.0317564748505,1684.3269921020944,1682.860141564494,2713.6538255625155
2025-09-22 13:45:00,1719.3771060143342,1722.9318675255886,1713.7855096962896,1719.609586674997,5333.898293027396
2025-09-22 14:00:00,1724.2900717413143,1732.3284200307924,1718.6027561973183,1725.7889162350962,4857.073486401658
2025-09-22 14:15:00,1741.204809539916,1749.4135636540877,1741.4675096422068,1741.3459791773853,375.9497053989875
2025-09-22 14:30:00,1743.998324973731,1749.4897137415771,1744.3211497638592,1743.1361270779798,9855.059744413265
2025-09-22 14:45:00,1742.9221232391906,1746.580491387792,1736.896643872901,1741.2983233771922,8738.330723815281
2025-09-22 15:00:00,1722.4562515478997,1725.903526017399,1720.0503429761545,1724.590133169672,2668.8261040432894
2025-09-22 15:15:00,1714.1425059520134,1724.0810953191249,1708.4778573700003,1715.23706846663,7656.444711978393
2025-09-22 15:30:00,1722.0726801996082,1725.5037575059978,1720.578609919503,1718.2554653560599,4365.654644809895
2025-09-22 15:45:00,1702.7133979960138,1711.7715884088373,1700.3963651819276,1703.4537136028425,733.9532352992137
2025-09-22 16:00:00,1694.499710572405,1699.1188206389957,1689.6084139111206,1698.5213084978168,296.8117194379359
2025-09-22 16:15:00,1694.933286064305,1700.2585598356889,1689.952317342596,1693.8278908540954,2630.5890457437404
2025-09-22 16:30:00,1705.7614697968218,1712.4841850739058,1705.2611438507965,1710.1475033348731,8277.381841665214
2025-09-22 16:45:00,1691.415789220595,1692.6725940226881,1686.3962795188522,1694.5711945860392,4685.645889564526
2025-09-22 17:00:00,1671.1671640805198,1675.3368141070064,1668.1480791834322,1676.0962028915005,4834.799009550471
2025-09-22 17:15:00,1660.3794450113496,1668.7621999064763,1662.1417264698762,1661.1155445027462,7310.627445510829
2025-09-22 17:30:00,1663.1522000794525,1666.2296402154925,1657.4142011572262,1658.6261417657222,6828.874496931667
2025-09-22 17:45:00,1672.1391366579498,1672.024174577151,1666.6990681420052,1671.744215202215,4102.9385778633405
2025-09-22 18:00:00,1674.5264581273032,1683.0737616798724,1667.975420082853,1670.9212499442683,6617.20202400843
2025-09-22 18:15:00,1661.73534950976,1661.2730817028357,1656.682607570278,1660.9328414728536,6605.630073882225
2025-09-22 18:30:00,1640.4302266543568,1638.301576180722,1633.189561700068,1635.8142577193942,6384.061914107238
2025-09-22 18:45:00,1624.0747383253558,1626.2061035263368,1614.7588316956867,1625.8851738680962,1722.2427927695237
2025-09-22 19:00:00,1627.4255528229926,1629.997071817543,1621.1731017040452,1627.8809639206972,5947.270085610505
2025-09-22 19:15:00,1595.952683489663,1598.241379493666,1590.4870370765398,1590.9734049814638,6104.756657018747
2025-09-22 19:30:00,1582.045081897038,1588.522016653736,1580.9890824822076,1583.1360140477577,1255.8643889996006
2025-09-22 19:45:00,1602.8645969057825,1602.7794588094775,1590.281755429704,1602.912872537125,897.0302598973875
2025-09-22 20:00:00,1592.2400680010182,1595.4078267312464,1584.382818023585,1594.3205970150968,8588.137189880325
2025-09-22 20:15:00,1603.413770161246,1607.0861856251681,1598.7130937013396,1598.3816731811282,603.4468795998981
2025-09-22 20:30:00,1593.3575897728992,1600.4262241903455,1591.8794477073816,1597.650724351163,9644.345215442172
2025-09-22 20:45:00,1597.254628261481,1602.9615364175986,1596.3892218267517,1595.687168083184,4952.033408774592
2025-09-22 21:00:00,1600.4772699426262,1605.7275883529667,1594.1031112819855,1598.0498416006917,979.9489776572865
2025-09-22 21:15:00,1582.1747974496614,1590.4978895559925,1582.3980630678334,1587.5284304762447,8880.019238174486
2025-09-22 21:30:00,1564.5647442917405,1568.8882673623566,1556.562373069215,1562.9325588875345,717.3233590557217
2025-09-22 21:45:00,1568.5297955652948,1572.5614042067314,1561.9788655700079,1568.9305212740471,1355.889276796071
2025-09-22 22:00:00,1568.2884365551192,1565.7413434341797,1559.8772016080861,1564.8306475345782,3159.1319187267113
2025-09-22 22:15:00,1551.24067262604,1557.4999516075904,1551.2135802882156,1555.824677708628,8240.65826619988
2025-09-22 22:30:00,1549.644561136063,1559.6328935958072,1546.4845746476467,1556.6042611106668,3589.0326227603887
2025-09-22 22:45:00,1568.3050992851101,1573.4891791395924,1563.922830351439,1571.8550014509442,4312.76550550492
2025-09-22 23:00:00,1566.6786529610592,1569.2203442159348,1561.8874968464559,1562.867306157292,5965.712844358107
2025-09-22 23:15:00,1585.341573842192,1586.8827256837963,1575.3127411884404,1580.234814950007,7275.503739232578
2025-09-22 23:30:00,1598.8161292969367,1601.9037646410065,1592.2054161100784,1602.7528633016602,5754.52779675684
2025-09-22 23:45:00,1592.198647613165,1593.1646232917756,1585.6642205336063,1584.8394303548002,1177.687105966115
2025-09-23 00:00:00,1567.1023367765183,1567.160298778114,1557.2656380591445,1567.5096660686056,2111.4452783829915
2025-09-23 00:15:00,1568.4191426671712,1570.3777848623497,1561.667664547119,1560.7442059878967,5498.183144317797
2025-09-23 00:30:00,1548.204431327388,1553.8372576724294,1545.3353137444137,1553.8717014047234,140.2800316282474
2025-09-23 00:45:00,1535.5434116882825,1547.253022596438,1535.3160975026453,1536.1709491927031,7373.911986623723
2025-09-23 01:00:00,1539.6814567091483,1542.0795436792127,1534.9170103354634,1535.2360937082015,864.2518624059
2025-09-23 01:15:00,1520.7774424771128,1532.6256260438545,1520.1707372264718,1522.5163102057393,6270.5920871848
2025-09-23 01:30:00,1511.4751043399203,1514.8794454286578,1504.856826258177,1515.6837575763943,8646.588145412612
2025-09-23 01:45:00,1520.3096114415096,1522.9764262182932,1514.456161287487,1523.215277868905,5730.281286251228
2025-09-23 02:00:00,1531.0489828453058,1536.2999260301783,1522.8591607518997,1528.473128805978,1812.678429068111
2025-09-23 02:15:00,1533.3566041539852,1539.1192552338491,1528.1780256219351,1534.6257362149636,3115.979689236351
2025-09-23 02:30:00,1548.1249733882364,1558.3968117853021,1549.0598055504613,1557.7059528086102,2000.8535334704052
2025-09-23 02:45:00,1567.5939763885574,1571.8878072380712,1563.5605008522145,1565.0242113696181,5218.617942420604
2025-09-23 03:00:00,1561.2315653323078,1567.809778702059,1559.0206264520295,1568.0191030308365,9395.808886014876
2025-09-23 03:15:00,1563.3496701648276,1574.1677536825357,1562.2529628324792,1571.2277097798242,6598.3172692029275
2025-09-23 03:30:00,1557.72944667688,1564.6410516262602,1554.7850182419274,1565.1818841571665,7722.784434324779
2025-09-23 03:45:00,1560.0059240690393,1569.6299032148265,1556.4084233121978,1562.8043088997322,8130.263609429077
2025-09-23 04:00:00,1563.5177991002236,1567.733014975474,1561.9843936755517,1562.0688914188497,6611.219243618271
2025-09-23 04:15:00,1589.4187045035462,1591.7942982156185,1579.2363342229771,1581.7579582513085,7088.59267401915
2025-09-23 04:30:00,1624.5568950777222,1626.288510429852,1614.3778412176641,1623.1800140396222,4231.621854453722
2025-09-23 04:45:00,1606.116739770914,1617.300674241874,1602.9336318285946,1613.9831534939697,8275.03267686697
2025-09-23 05:00:00,1622.963941119438,1630.22666549846,1617.925008652019,1626.1577119136712,2966.3787744738206
2025-09-23 05:15:00,1623.7589939527998,1629.3302271183582,1623.5642607646168,1622.158394203734,3202.0877456801654
2025-09-23 05:30:00,1603.2756378011263,1607.898189891187,1598.5524583031583,1599.8627695108164,9485.195546882107
2025-09-23 05:45:00,1613.6709903293352,1617.2952328802776,1608.469010791871,1611.4493422008159,6512.581180716221
2025-09-23 06:00:00,1604.6590740923543,1608.5474263675935,1599.6768776110994,1599.4660328883858,3307.366207571159
2025-09-23 06:15:00,1589.866393295433,1595.853011376875,1584.1402896252898,1595.5804450970397,5718.51134402717
2025-09-23 06:30:00,1594.2325463360405,1595.987549249026,1589.140202636001,1588.130153962475,7270.093811562637
2025-09-23 06:45:00,1589.8296336690635,1598.5613330639085,1585.1394768006965,1590.8588967891524,6408.031391286868
2025-09-23 07:00:00,1604.022644107925,1608.3512766880385,1598.3200684243645,1598.1392283091961,4493.4796040731
2025-09-23 07:15:00,1586.5383254022486,1589.7598926657167,1580.7222962089409,1586.217732991348,322.90891164568666
2025-09-23 07:30:00,1575.9846608933615,1581.4983176911812,1574.0314550366056,1584.0559305437523,181.15178325031388
2025-09-23 07:45:00,1560.4905448540435,1564.2868509744246,1554.5823829061449,1554.3867655783854,5077.684123511964
2025-09-23 08:00:00,1525.7107862754358,1528.05095145395,1517.0612280237726,1523.2787275034896,2530.8616541804986
2025-09-23 08:15:00,1534.0933989869163,1535.0655430128681,1528.605420115566,1532.6457460866975,9273.570784497806
2025-09-23 08:30:00,1520.57995930858,1525.238521723222,1518.4814203283188,1523.0850154355123,4920.8059838820645
2025-09-23 08:45:00,1505.0630820214024,1504.6389107752755,1494.1737194563107,1503.9238936015647,2187.1399358615736
2025-09-23 09:00:00,1529.6758202813046,1529.983804940063,1522.650237572853,1530.5733898342685,9713.967925534404
2025-09-23 09:15:00,1501.3341163479229,1505.625964205176,1495.5236437429378,1502.2667856388834,6329.852614563143
2025-09-23 09:30:00,1483.8483060070369,1483.3846887829313,1475.1019572991233,1483.9830698220637,7430.36553727571
2025-09-23 09:45:00,1502.9583991302675,1505.1067247209921,1497.2082940582568,1502.116109953694,3598.501465432119
2025-09-23 10:00:00,1510.889086697244,1513.022640629632,1499.8113901946722,1503.6688329293952,7787.432105502592
2025-09-23 10:15:00,1484.431398508598,1493.327313458392,1482.4727341001515,1486.8988421120098,7210.823310655463
2025-09-23 10:30:00,1459.7788051617829,1469.9460713576266,1456.7382888014818,1464.412485481906,7006.9883173466715
2025-09-23 10:45:00,1455.2883156342718,1462.8562629551668,1451.1181252172178,1459.1678937419592,5458.863145463871
2025-09-23 11:00:00,1489.9658451906237,1492.4807856419775,1480.8440435446564,1487.155447889379,7271.190847643391
2025-09-23 11:15:00,1497.6911252241082,1503.4628766261878,1494.494688920969,1498.1106567080426,8756.338961822601
2025-09-23 11:30:00,1476.8656196103013,1484.6736822559915,1474.6978022111018,1476.5079137646137,7478.032619882601
2025-09-23 11:45:00,1495.6003149518826,1500.7857220006515,1487.5312364096399,1493.716766002813,170.06076313199094
2025-09-23 12:00:00,1489.80784784881,1498.1385866128264,1486.2769858029037,1488.3854414786576,7348.258454210192
2025-09-23 12:15:00,1499.2158192221875,1507.738527784002,1495.6480600288485,1497.6733086190393,3515.2622497849884
2025-09-23 12:30:00,1500.3514847799647,1498.2735057286989,1488.6819063605212,1499.2666891565648,5565.08601225211
2025-09-23 12:45:00,1471.8604614090657,1477.085521193004,1465.371643554418,1474.7432044482744,1927.3823262702215
2025-09-23 13:00:00,1489.3082443442472,1496.5539458153364,1483.027513145256,1491.8287914003197,1505.79135159449
2025-09-23 13:15:00,1500.6754938599058,1509.3123038729395,1496.486320611204,1502.0314828666217,2907.449158552293
2025-09-23 13:30:00,1501.1812225770518,1508.2084329211652,1495.673182069996,1504.4146901404856,5180.814878921584
2025-09-23 13:45:00,1492.4568237034266,1496.7871223000072,1490.6063606571959,1496.9190449493385,7442.698314538036
2025-09-23 14:00:00,1483.178467760425,1487.589571540953,1482.8472293142083,1483.7506058745298,4403.229587451596
2025-09-23 14:15:00,1475.4454951368805,1485.3190552872393,1477.0234828061793,1478.7128713351253,2474.2272668618766
2025-09-23 14:30:00,1482.256514567284,1488.5949127800607,1476.2661940441392,1478.6118762736542,2456.769654262707
2025-09-23 14:45:00,1470.5140232011615,1474.2527963560487,1464.2770198687592,1474.3047153279454,4261.720113928794
2025-09-23 15:00:00,1477.4502906509847,1480.1678834048762,1468.5290115459843,1473.518347863517,1206.7943529314055
2025-09-23 15:15:00,1460.9643063631897,1469.0867172977976,1460.2409457640115,1464.694991942772,5052.770765062614
2025-09-23 15:30:00,1479.5548695956497,1482.4245916770951,1475.1585599859259,1476.7830375129577,6641.098330193229
2025-09-23 15:45:00,1440.0043081211863,1447.9573218331373,1441.424890784415,1444.1566246689542,4249.442559358721
2025-09-23 16:00:00,1457.7446533368209,1464.324794492441,1449.9636680643969,1460.87752257363,9721.762179825339
2025-09-23 16:15:00,1460.2715356557585,1463.939072286787,1455.1145652955358,1455.1543990833493,1793.050223051388
2025-09-23 16:30:00,1464.0231963255985,1464.9253027089671,1454.8915724562921,1455.8662549354767,5980.415698519028
2025-09-23 16:45:00,1472.0353071992522,1482.3919527679634,1470.832762945304,1477.4685825063013,7573.204080356536
2025-09-23 17:00:00,1519.9857526433152,1521.3521270886758,1512.0188157470134,1520.8422098479639,1029.260804559779
2025-09-23 17:15:00,1525.9089116624784,1530.6016783782056,1519.1087730184154,1528.0420267816517,9759.132057906945
2025-09-23 17:30:00,1518.0377507474307,1524.4966161717618,1511.163909264674,1513.092166552051,5017.213829683441
2025-09-23 17:45:00,1501.0727879009623,1502.51130703185,1493.9123567266986,1497.6640510866423,9868.081699757127
2025-09-23 18:00:00,1482.1257742200596,1493.0159863548747,1481.7999841914861,1489.5359603755594,5826.143595630573
2025-09-23 18:15:00,1494.4450677929271,1500.9838482083148,1488.956056787256,1491.061327253372,7219.911437570707
2025-09-23 18:30:00,1465.472001446458,1474.0030208482415,1467.632178789322,1465.2364612932754,2620.2863300992226
2025-09-23 18:45:00,1457.4010490681471,1458.0871116197989,1450.365453338457,1456.8657401408684,1539.2289638155437
2025-09-23 19:00:00,1475.298491039059,1475.8753315274753,1463.1417892205263,1470.2374046214118,5164.543218529615
2025-09-23 19:15:00,1467.460044617214,1472.7783784507594,1464.5818360509252,1471.9550904023597,8797.753930242365
2025-09-23 19:30:00,1488.772629283697,1494.8426124849823,1482.7244304085243,1483.411348311052,5792.305028019242
2025-09-23 19:45:00,1494.5249696139379,1494.0374438525748,1486.5281507760226,1486.5089560041135,7032.3896547665145
2025-09-23 20:00:00,1485.5349630162248,1493.0478745565067,1478.386151750491,1480.7883745869185,6787.315650388507
2025-09-23 20:15:00,1494.9437074917557,1496.5424952571186,1483.9410051748896,1489.1433686390556,2223.0307930173785
2025-09-23 20:30:00,1479.9041928947781,1488.2551594133627,1479.9350391533555,1480.4690011694975,7885.314858600888
2025-09-23 20:45:00,1470.3514730467693,1468.9477452395151,1458.5789120003074,1470.828413350584,748.0765705313579
2025-09-23 21:00:00,1471.7704467610972,1481.848734615985,1469.8519829913603,1472.3459399232383,7110.840068220671
2025-09-23 21:15:00,1457.7590244192406,1463.4018329982723,1450.5728382806071,1454.6941018531395,5198.856219296007
2025-09-23 21:30:00,1459.5499361781237,1460.0352596659795,1450.1096489362797,1459.9271155081756,3995.3409815732316
2025-09-23 21:45:00,1484.4994933847777,1486.709587293564,1475.5352055921169,1480.1062536886914,2234.5356088474077
2025-09-23 22:00:00,1476.3761465005398,1478.131080752271,1468.7871882403026,1476.2012026588939,4753.037626999583
2025-09-23 22:15:00,1487.3205581396446,1494.0031728914746,1482.3888732329385,1488.564835813445,4992.680625305967
2025-09-23 22:30:00,1491.057564342748,1490.429781104492,1484.0259201952504,1491.6730222959343,3177.3463163863535
2025-09-23 22:45:00,1508.0980406841622,1516.8633636506067,1507.3626836279489,1505.756551247486,3873.5514581753114
2025-09-23 23:00:00,1483.63849821626,1489.328114059906,1480.2298392934517,1483.1060076286494,2706.1614433949835
2025-09-23 23:15:00,1498.9235309301646,1499.7530758209239,1490.324546070308,1497.9245333467663,6553.962027519166
2025-09-23 23:30:00,1500.005529939156,1508.8426560939815,1499.0231031747587,1499.8148624253508,4744.845898029626
2025-09-23 23:45:00,1493.7219094714358,1493.2153951289006,1486.2960619763526,1491.166147715921,3518.2170974985124
2025-09-24 00:00:00,1501.7679067642396,1508.8627439437564,1503.9157062140816,1502.8504511601504,6680.098867519554
2025-09-24 00:15:00,1494.3295184417439,1494.974968314438,1484.5862873191513,1486.65935368009,2965.525874763224
2025-09-24 00:30:00,1511.065513921145,1519.5977817772316,1506.8159228885754,1509.5100583810201,5643.7155883925925
2025-09-24 00:45:00,1517.829992502219,1524.1595265881078,1516.2199707556467,1515.2898982313932,5176.799986099388
2025-09-24 01:00:00,1526.6913916075953,1531.732972068866,1519.9213203133838,1522.9947108295867,5538.500526772822
2025-09-24 01:15:00,1520.6920546995823,1527.2126282575182,1518.452959299211,1521.6659293390421,9531.5795185509
2025-09-24 01:30:00,1506.564821366065,1513.2216853667014,1500.3335023781665,1504.2839732313143,5290.845631869648
2025-09-24 01:45:00,1513.983172017079,1515.9366724936565,1508.0615648551177,1507.9238082782365,158.1928699220812
2025-09-24 02:00:00,1506.5558981395097,1510.4625337474035,1501.4170375881827,1507.0469380136242,3366.810043610871
2025-09-24 02:15:00,1479.452477106501,1488.406250382817,1477.0534333498513,1486.3928985736534,5895.771525679582
2025-09-24 02:30:00,1486.2402969307584,1490.8905151773217,1483.2698013444283,1483.9739223938955,4918.559998433882
2025-09-24 02:45:00,1525.1642602505844,1528.2491897649627,1515.4682137878465,1521.4400193673287,684.7458439403371
2025-09-24 03:00:00,1534.2314749462005,1541.311398503052,1529.7740025817445,1539.0500917976597,7192.23378992135
2025-09-24 03:15:00,1527.581941750021,1535.7563083125376,1525.1596865994927,1531.8429583318134,6977.903520357629
2025-09-24 03:30:00,1568.1830010183464,1575.017081484318,1563.1056909618294,1572.5740586331576,9420.56281242816
2025-09-24 03:45:00,1578.6042326518418,1583.0993395278792,1570.7446518105594,1572.207733810958,4039.0473337697567
2025-09-24 04:00:00,1592.885448145202,1597.434004402883,1590.5283202733374,1598.9685323109431,3306.290729360264
2025-09-24 04:15:00,1578.9528467838088,1581.3191218223656,1574.72677563438,1580.5743797242492,9638.512201935102
2025-09-24 04:30:00,1565.9910763504338,1571.8062297134456,1564.2904091047176,1563.2199878714057,7145.427135890943
2025-09-24 04:45:00,1574.4574168695513,1579.3332465398903,1568.291445331648,1567.2276113029413,9992.388677416911
2025-09-24 05:00:00,1560.9148529417682,1565.7920088314877,1557.299242881038,1564.4776139172357,9235.405399505918
2025-09-24 05:15:00,1556.5291922890442,1557.060477466751,1545.8491539214579,1548.8246294931514,2323.870439079149
2025-09-24 05:30:00,1555.3416570280924,1561.5002874879688,1548.2744246150542,1553.632647853049,5228.115816348761
2025-09-24 05:45:00,1536.766758038678,1543.5043723878505,1531.9878378669578,1539.77248246185,6001.504700286109
2025-09-24 06:00:00,1545.8599863926956,1551.3226289445995,1542.8772117438007,1551.9721114244462,7122.280270145008
2025-09-24 06:15:00,1534.6148832184522,1542.8877569577146,1534.0999737564737,1536.6901448481785,6495.897926073508
2025-09-24 06:30:00,1550.6212203709933,1550.5266047206862,1541.3743667189685,1544.8935490141953,4885.022206083492
2025-09-24 06:45:00,1542.277328769274,1547.4389779809003,1537.0876632407474,1543.3513630978232,3610.587006038076
2025-09-24 07:00:00,1534.558534258451,1541.6326742484666,1533.533216493743,1533.6035845818415,4678.330645090036
2025-09-24 07:15:00,1532.3265139648627,1534.6184576288224,1526.6691420689444,1526.8006542200935,5199.316696733863
2025-09-24 07:30:00,1537.9743440134334,1540.804962206331,1530.3205191173001,1531.4270818365897,4209.364654012397
2025-09-24 07:45:00,1546.6365598040372,1552.4947580259607,1542.5957514657682,1544.9854940996815,9711.459277851714
2025-09-24 08:00:00,1523.1754893193147,1529.0525198461787,1516.7706738734282,1523.4434268399568,6794.56654473487
2025-09-24 08:15:00,1549.345825372429,1560.8969068901565,1551.141499928303,1557.0227818369806,4578.112910886373
2025-09-24 08:30:00,1559.5098954661203,1562.910034288696,1549.2260842775322,1559.9967091833653,5669.925916757078
2025-09-24 08:45:00,1567.6909016397396,1567.7195601329436,1560.4240264406392,1559.326589320236,219.63494401833728
2025-09-24 09:00:00,1560.1224734859375,1566.927002810804,1556.9467104838989,1561.0251464013036,1157.467629061001
2025-09-24 09:15:00,1548.2526137970433,1555.9233247225304,1546.8075947274824,1547.34325905752,9528.234950342809
2025-09-24 09:30:00,1530.0047798658422,1534.9365586711128,1522.0193968726498,1531.6110211461641,8058.850610085663
2025-09-24 09:45:00,1545.5949485340534,1546.248602161459,1537.2288841666136,1542.9824863116212,9103.371956783669
2025-09-24 10:00:00,1534.5421529104397,1536.7898031070677,1526.3251803198184,1530.378478702248,8484.058309303544
2025-09-24 10:15:00,1517.9386605326017,1518.5357083061128,1513.4080870936098,1512.3441648653024,1860.8005453662938
2025-09-24 10:30:00,1504.4052571964116,1511.432772489551,1503.8127052695509,1509.8235490427412,2618.500924409828
2025-09-24 10:45:00,1508.4482526243526,1512.276972969195,1502.3086342033585,1506.388011778271,1792.212016343474
2025-09-24 11:00:00,1493.4692950696776,1502.450868461791,1489.7306559929211,1492.2577172239728,8799.581758759798
2025-09-24 11:15:00,1507.5110425767393,1511.116001159342,1501.0338107990246,1510.5817261276352,9600.27995255304
2025-09-24 11:30:00,1546.1069261623938,1551.2375513404393,1538.5756099272214,1542.6093604486796,317.13490736619497
2025-09-24 11:45:00,1550.5289838229075,1554.3340344385902,1541.051984909643,1551.9353672218788,532.3542117497225
2025-09-24 12:00:00,1560.4080647942797,1562.6564348850636,1552.8853437297346,1561.3564601526455,7180.339069966025
2025-09-24 12:15:00,1572.2455594241105,1581.4063847374382,1571.1691153623892,1572.8305340412376,4401.371564262527
2025-09-24 12:30:00,1598.9259961825421,1603.563123322382,1595.1211971145553,1598.3758186889531,3681.0817852713553
2025-09-24 12:45:00,1616.6750463152248,1627.4626975521408,1612.3620460241725,1624.176652493357,9820.900054378857
2025-09-24 13:00:00,1637.8057762605872,1638.0606129721489,1629.1457476181179,1633.6754404096423,5825.877214615126
2025-09-24 13:15:00,1674.0691936530695,1678.4965105153985,1669.4596064216516,1675.1950083968488,2822.2729237410954
2025-09-24 13:30:00,1670.0258047440173,1673.279018688105,1664.2199221657527,1668.4079648679913,825.4061265604003
2025-09-24 13:45:00,1645.1643872906911,1652.046787500539,1640.8694401621399,1645.7046805442947,7318.6043382029575
2025-09-24 14:00:00,1645.775029420259,1654.8676182450592,1641.7163222815368,1650.251818087575,6327.499421203951
2025-09-24 14:15:00,1657.0243240880448,1666.464273016163,1656.6702459527917,1660.4702194546326,5923.006067547701
2025-09-24 14:30:00,1657.8362856096016,1663.1051019970919,1653.508883851877,1659.1742991677788,6361.704320359572
2025-09-24 14:45:00,1647.5642624388454,1650.2974680200498,1641.3033295243356,1646.7176467059153,7748.167531818926
2025-09-24 15:00:00,1618.9332895850148,1628.5652747938364,1616.3320491021,1620.970045535259,8251.708909712936
2025-09-24 15:15:00,1609.1932744427131,1617.236577093214,1604.7303981706657,1612.9837863104867,9224.92264935939
2025-09-24 15:30:00,1641.3746827147888,1645.4971458352609,1633.8101706576756,1643.847135156112,9293.68859519228
2025-09-24 15:45:00,1655.6354050401737,1660.3430949527826,1651.5563706129992,1657.3936939380428,206.24264190759655
2025-09-24 16:00:00,1642.631406538802,1653.307305745374,1641.0607006769433,1649.9308255099618,609.7275224187273
2025-09-24 16:15:00,1630.3060553630962,1639.4657217511785,1626.6183780606298,1634.803404150546,1913.856838501586
2025-09-24 16:30:00,1615.2741775810596,1618.0122210499992,1608.0410873272153,1618.2456993449794,7622.826094820393
2025-09-24 16:45:00,1619.688395552643,1627.9586322049681,1619.389212242079,1619.330072337338,8127.990768212452
2025-09-24 17:00:00,1617.7290532162601,1624.0986807708955,1618.1849717078323,1620.1549521625602,9061.033854888814
2025-09-24 17:15:00,1590.6104857257117,1592.447848430875,1584.5558355591595,1587.8901197325665,2913.4836485906458
2025-09-24 17:30:00,1597.1835153425243,1595.7726980604928,1585.5469076839915,1595.9472292384767,201.90270029679218
2025-09-24 17:45:00,1602.964852071194,1601.201279903157,1591.9506047405578,1600.6943843569281,967.1794686461051
2025-09-24 18:00:00,1606.043562438006,1607.2954994734205,1597.0731327361516,1607.603875506545,7225.133779812456
2025-09-24 18:15:00,1593.1127484560946,1601.7400120853029,1593.5372975323176,1593.653288701257,8629.735530930708
2025-09-24 18:30:00,1585.99293085681,1590.4540754851305,1580.9862767075797,1586.8196615172274,564.3235293634046
2025-09-24 18:45:00,1576.0208460609142,1582.9647543052236,1575.9413666695968,1581.8476356133733,7820.878308711939
2025-09-24 19:00:00,1591.5997684144554,1603.0483876732364,1590.025621419213,1600.7399410358107,3117.0936338633755
2025-09-24 19:15:00,1577.094315795572,1577.715737563203,1569.852992723823,1570.3093888609337,1205.0974799683106
2025-09-24 19:30:00,1570.8671091457456,1570.620875167857,1560.811698404609,1569.6062177147792,7847.78250384275
2025-09-24 19:45:00,1561.6548473896455,1573.4630939113185,1564.3019086430518,1565.153080243497,8649.123523269638
2025-09-24 20:00:00,1574.5961967084065,1574.7081525921694,1567.9037798184702,1572.938367211575,781.1661845920264
2025-09-24 20:15:00,1575.1870230525706,1580.857211452397,1574.4030442149865,1579.7120380067338,2373.594645187814
2025-09-24 20:30:00,1566.1485868660768,1570.0913704860657,1559.2022792728724,1562.7476632287169,7514.732093663264
2025-09-24 20:45:00,1549.2739434674381,1551.8908249039278,1539.6288890585543,1545.605498780381,4099.815081565132
2025-09-24 21:00:00,1520.1412512074255,1522.865962214886,1514.131078121228,1517.5869083550951,5278.833305030194
2025-09-24 21:15:00,1510.7719534075216,1515.839710574456,1502.701119498058,1511.7283107042615,7664.120528320221
2025-09-24 21:30:00,1518.8913532730755,1522.2333563678794,1513.5299706985588,1519.611866326127,4673.57404672459
2025-09-24 21:45:00,1505.72856218513,1514.0897751101118,1500.8060487840244,1505.498839616881,3969.7711980453278
2025-09-24 22:00:00,1503.3776381234761,1508.4298818065813,1499.497593491144,1506.560195346712,7323.135378650581
2025-09-24 22:15:00,1514.0236500402784,1514.1699698370953,1502.8562385764994,1505.7060301747874,4104.403443325582
2025-09-24 22:30:00,1511.2858809115987,1523.399550095384,1513.5491983785282,1520.719981822467,7495.5383101171265
2025-09-24 22:45:00,1527.560652086839,1529.95556654521,1519.2888052337885,1526.3909177897394,2287.137968732175
2025-09-24 23:00:00,1514.5173227634355,1518.692417437403,1510.144018862618,1518.1321469562629,9176.779406643045
2025-09-24 23:15:00,1527.540914141662,1532.9729268031006,1524.1256946838243,1528.1948822715915,9391.323176632814
2025-09-24 23:30:00,1508.329849917971,1515.4791123929501,1506.02199166187,1511.4696369677952,5678.293806112806
2025-09-24 23:45:00,1521.0051223139901,1524.824643499376,1514.8825073859766,1518.4055357018062,5207.158493063888
2025-09-25 00:00:00,1518.726768598596,1523.8416050541787,1513.9287650244353,1520.9354554114477,585.706247849072
2025-09-25 00:15:00,1531.9421153125356,1531.2436496844075,1524.5604365455763,1523.800384262246,4509.745616080247
2025-09-25 00:30:00,1497.7423846469915,1498.8894880459418,1493.155243512657,1492.6527214195758,7501.285782501576
2025-09-25 00:45:00,1513.7451409748369,1519.8679259505031,1511.1351935117198,1515.2390928274729,4913.87933339081
2025-09-25 01:00:00,1542.1115557614255,1542.0133076533666,1536.9763133007789,1537.563479113801,9963.181267848664
2025-09-25 01:15:00,1556.2148451458552,1561.6368574245741,1549.8621686300392,1561.2105737517488,3258.7558801542755
2025-09-25 01:30:00,1562.484330799026,1564.1537148339614,1555.6375179769216,1564.2919268784701,4432.019610498674
2025-09-25 01:45:00,1571.249323710364,1574.394426802837,1560.9820466525036,1572.3636716036408,9615.414363137263
2025-09-25 02:00:00,1578.7761023302785,1585.320624365792,1576.4392906359053,1585.574741583233,1055.878601686896
2025-09-25 02:15:00,1577.808811477025,1579.4558995830723,1566.385043665255,1574.7321391876894,5063.424075789184
2025-09-25 02:30:00,1581.5252129986413,1584.1905321258846,1573.2472832087728,1582.6681027095951,8203.01111945416
2025-09-25 02:45:00,1583.6166196151821,1593.367037568808,1581.7937271647443,1583.3478698306005,5847.465275471678
2025-09-25 03:00:00,1573.5435399874136,1574.4438345715103,1566.0328588773295,1565.6060600778576,6722.234085226132
2025-09-25 03:15:00,1564.7260772895484,1564.1593212769471,1557.6419764166103,1559.4807783635822,9325.0950544126
2025-09-25 03:30:00,1543.182262121324,1550.4229557660115,1539.1309553804228,1545.3117850717604,3943.9205963991612
2025-09-25 03:45:00,1538.3786235498214,1541.8221320265425,1534.1467186564128,1541.285290972969,881.6322251262792
2025-09-25 04:00:00,1569.1860214384935,1577.6742845668377,1565.3154285424796,1571.51617677685,6193.860568558209
2025-09-25 04:15:00,1580.7040710747774,1584.8446989632298,1575.6820831806554,1578.330821964916,3060.4696595164273
2025-09-25 04:30:00,1594.5737828509864,1594.0969762112875,1585.8486903905398,1595.3221674921158,9679.20612321473
2025-09-25 04:45:00,1574.4929974443346,1583.39744984287,1570.4079478612207,1580.5736082531446,2587.6663706194618
2025-09-25 05:00:00,1558.6976827236108,1565.0178060697808,1558.590784193773,1564.7411099824521,870.6938798413989
2025-09-25 05:15:00,1560.214873234973,1564.3965825956204,1552.3254883863906,1557.7204231431401,4591.284403010032
2025-09-25 05:30:00,1595.8018043740892,1597.9989016806999,1585.103770097376,1590.152761627222,7543.6739206975635
2025-09-25 05:45:00,1602.529282966192,1603.4986648901925,1593.3707210347222,1596.9894490864217,1955.2274401428406
2025-09-25 06:00:00,1635.9688123040394,1639.8258818828372,1628.7707193777153,1641.5826448197074,7584.559400055185
2025-09-25 06:15:00,1665.485712191949,1668.841027160995,1656.4360348044634,1663.4221822301624,8652.065918151917
2025-09-25 06:30:00,1659.9649742030233,1668.1473878082716,1659.0105228571438,1665.1438224545664,3104.131786289558
2025-09-25 06:45:00,1677.1557229032999,1681.4892392927466,1668.3923230501966,1675.167016738694,7542.70136177391
2025-09-25 07:00:00,1676.4263232699288,1679.000723031823,1667.5521678892162,1675.1657401275208,5741.322185171255
2025-09-25 07:15:00,1671.0179697711178,1680.2244367721983,1671.579221067533,1672.4983257494807,4602.559139072064
2025-09-25 07:30:00,1663.5756638289906,1666.8632366387826,1652.1194995416222,1663.3016622151956,6743.992788090379
2025-09-25 07:45:00,1651.3943623672665,1653.6782181172775,1647.3736322082864,1647.565613220717,8645.337850372222
2025-09-25 08:00:00,1672.5143111141706,1673.5602677226927,1662.200003183118,1667.3002818258406,6528.087343016394
2025-09-25 08:15:00,1679.00568205976,1681.6981790111047,1670.4004234925735,1679.6218997412861,5868.426276562379
2025-09-25 08:30:00,1687.8794445097571,1696.9028357145564,1686.081470438868,1692.1350958036878,4173.613478374681
2025-09-25 08:45:00,1694.727254785608,1696.018630834652,1689.5503773602065,1696.2926973369472,2638.666835095144
2025-09-25 09:00:00,1682.9044616286228,1691.067162822536,1676.9405925969236,1682.5019111552754,8492.834831594886
2025-09-25 09:15:00,1667.1495971225415,1667.9689469172213,1659.185821991011,1663.6134909809434,2564.230992827778
2025-09-25 09:30:00,1689.0627213969192,1692.2802890418875,1684.6743721344683,1687.348251568564,4037.1516144423563
2025-09-25 09:45:00,1655.1756803511194,1661.6451299490352,1651.8918576746894,1662.7239608211446,1241.0228689092112
2025-09-25 10:00:00,1681.0361853558184,1684.1323458497332,1672.0427669922526,1679.116033028477,679.9231806626366
2025-09-25 10:15:00,1677.5061401180988,1685.0664894535284,1672.5755194374406,1674.78951221306,7032.666308563295
2025-09-25 10:30:00,1677.7338592325623,1678.576676301985,1668.6886756676176,1673.1256748463204,8406.576329494608
2025-09-25 10:45:00,1685.6160602050516,1684.956337258834,1679.4336760994127,1680.3430948663033,7262.822803362262
2025-09-25 11:00:00,1704.0069414447153,1708.4885616284762,1695.2564535337585,1704.461234664476,3861.4333726816826
2025-09-25 11:15:00,1692.7098250745662,1695.9899059748632,1686.8051682370676,1690.67264323823,1548.9886026619326
2025-09-25 11:30:00,1711.8336536043482,1718.3836107576976,1708.2846482715813,1716.3105145901272,2195.3941484829234
2025-09-25 11:45:00,1707.7644334928218,1712.2705282593795,1704.0268282711097,1711.629635298499,9856.024795921456
2025-09-25 12:00:00,1680.3597425613532,1685.5213252447675,1677.459685886626,1684.2735487715247,2630.405436093167
2025-09-25 12:15:00,1679.8939851571338,1681.8281719489942,1669.5731174776847,1679.413997400882,4872.077684860466
2025-09-25 12:30:00,1651.1435307730994,1653.8804860985838,1641.9008774268,1644.7073530558062,8321.816356546311
2025-09-25 12:45:00,1628.892077465863,1629.9021760292953,1623.263892076359,1630.4492347672608,9274.086520008765
2025-09-25 13:00:00,1639.939428244773,1641.694280955091,1629.7757360335402,1636.5559696039206,3115.057391034964
2025-09-25 13:15:00,1634.5910097398857,1636.4180946571155,1631.6894491860635,1634.0519401538895,8182.133287472195
2025-09-25 13:30:00,1652.277965266877,1660.1688277405947,1648.4922166970214,1656.6550081202124,4102.303604572017
2025-09-25 13:45:00,1662.8717462438274,1673.6666429468992,1661.4146211202417,1668.1599603288055,4759.7962237531465
2025-09-25 14:00:00,1674.2145058078277,1675.964498960441,1665.378613700761,1674.2732742374105,2595.005747617508
2025-09-25 14:15:00,1653.3326156120424,1658.6229271841435,1649.171305208164,1655.816487736701,5836.040039980276
2025-09-25 14:30:00,1648.89000180341,1651.4668472434969,1640.0824869495268,1646.8098024780563,1605.1223281824348
2025-09-25 14:45:00,1660.6849401914892,1668.340532263886,1656.7305623620075,1659.1373507014614,7177.998564838795
2025-09-25 15:00:00,1675.2845549984656,1682.846277611164,1675.039123645891,1675.588103598015,196.19839773708958
2025-09-25 15:15:00,1683.505181451985,1689.8851611824552,1674.3496085049794,1679.3820584079085,6688.616933547872
2025-09-25 15:30:00,1672.3457870843872,1681.2501738446192,1673.9038975093129,1681.7315040097233,5351.83876546848
2025-09-25 15:45:00,1687.7857889395552,1692.4533289586345,1677.9494060304423,1682.3763392870321,5280.60070576821
2025-09-25 16:00:00,1683.454582303788,1691.3255532196783,1680.4116225060882,1685.237620781548,768.8748060885337
2025-09-25 16:15:00,1715.9702889246817,1720.7601422982627,1710.8976122249928,1714.3860125685392,7414.241344967058
2025-09-25 16:30:00,1715.6473017115843,1723.7959220521982,1711.1625736007463,1720.3854439785407,3023.3636126930787
2025-09-25 16:45:00,1707.3607608986847,1710.4536770772172,1705.4564720134538,1709.2296737119113,2676.7903592817593
2025-09-25 17:00:00,1729.3134466985223,1733.1943876781831,1719.27204510797,1725.5476569072152,8853.815798439879
2025-09-25 17:15:00,1713.2553725321889,1719.5649369317018,1712.7896520589172,1721.6348161519943,2090.7250723041793
2025-09-25 17:30:00,1727.1760325036291,1734.4867957648855,1722.2665739968907,1728.2491550348498,9506.366386906004
2025-09-25 17:45:00,1724.011888827312,1731.208621619319,1720.5771161457856,1727.2143865404264,9977.421624593031
2025-09-25 18:00:00,1734.2850931467865,1732.9321548348437,1723.557583826152,1735.1385814862927,8338.437955081261
2025-09-25 18:15:00,1733.976800157351,1731.6174479589613,1725.551928251986,1725.3395999544557,2635.1510914554815
2025-09-25 18:30:00,1722.4933609179245,1730.7494439473685,1719.1673357540387,1729.375887015897,122.02626762103804
2025-09-25 18:45:00,1718.3184053418736,1726.920015212535,1716.988454135255,1719.9418674898188,8324.629515678238
2025-09-25 19:00:00,1718.8904645125776,1725.3691703050326,1711.5301830962928,1721.7460065416858,4154.383172617713
2025-09-25 19:15:00,1721.9439207226505,1730.9574135502571,1720.8945043368835,1721.31658957157,985.3218210251116
2025-09-25 19:30:00,1688.9785122484604,1697.277790700281,1681.9705362536051,1685.1163345522732,3049.8380741661977
2025-09-25 19:45:00,1672.442211225823,1677.7743610968978,1667.5739771452843,1666.463882259779,1681.1061781803312
2025-09-25 20:00:00,1682.224089795074,1688.051137538828,1681.3578322383473,1684.452825121909,2436.562109371938
2025-09-25 20:15:00,1673.580922824692,1678.286882450242,1666.2386458264284,1675.269515528209,7052.884023763996
2025-09-25 20:30:00,1651.528254191746,1660.8995554253972,1647.2680146605296,1655.8143582833081,8035.010706145031
2025-09-25 20:45:00,1678.9393241019154,1679.047406717272,1670.7619679509621,1670.2724356220263,1000.0002006676301
2025-09-25 21:00:00,1649.6633879442397,1653.8234686805142,1645.2540060374367,1650.7660429934817,8129.711503832138
2025-09-25 21:15:00,1628.750068571459,1633.4646747063027,1620.690898240022,1632.3021875479767,5726.787783757683
2025-09-25 21:30:00,1615.6893023618886,1620.293399315667,1613.1082660570337,1612.1372035109177,8084.818247054748
2025-09-25 21:45:00,1625.2308397662534,1628.792849055741,1619.0457834936487,1620.1265024026775,4433.202379908919
2025-09-25 22:00:00,1641.7383412335387,1644.6251290337575,1633.557368891335,1643.7056829369346,4926.810594118921
2025-09-25 22:15:00,1663.6521364385756,1668.7460170459806,1658.0815051825855,1665.4932924889151,6098.202050735176
2025-09-25 22:30:00,1669.781797749964,1671.466474507724,1665.6182802503627,1666.6502065848229,5809.972293046413
2025-09-25 22:45:00,1659.9666854029988,1669.8611167113797,1659.4022180544266,1659.1105828273746,3208.038977314689
2025-09-25 23:00:00,1636.8106030462632,1646.2113379626755,1634.229757099935,1640.695128409109,9984.531817933703
2025-09-25 23:15:00,1633.261167066821,1637.102286661152,1626.8257912111053,1634.7135383464674,6180.493680031544
2025-09-25 23:30:00,1651.1566428236124,1657.15601920998,1648.5393849657253,1648.7560146443727,5847.012411648155
2025-09-25 23:45:00,1655.233260833667,1658.617755971377,1648.684248784759,1653.2675408992595,537.4291420531354
2025-09-26 00:00:00,1650.906617148113,1658.6026279856933,1649.8579218480077,1657.2544435752025,4173.306726549186
2025-09-26 00:15:00,1653.3806262530725,1658.7374106166153,1651.804923976239,1655.986284660886,7590.64063378655
2025-09-26 00:30:00,1676.296170616804,1685.4929859740632,1674.6222665674807,1673.5388505658727,275.35170040834487
2025-09-26 00:45:00,1665.7668589729235,1670.114305386229,1658.3763210222737,1670.0772855384114,1370.7358120989597
2025-09-26 01:00:00,1673.6514061372272,1681.167377722324,1672.5633356763462,1673.522572781592,6596.19535478847
2025-09-26 01:15:00,1670.7231431013347,1679.1618748125607,1672.153256028271,1677.7089500714649,466.4912015987349
2025-09-26 01:30:00,1725.1461998138363,1728.1662968251658,1716.0592991405606,1725.080158729803,7648.384424819735
2025-09-26 01:45:00,1723.33410397718,1731.6333985710428,1721.450987085872,1729.1663819076798,6820.354933282148
2025-09-26 02:00:00,1706.2846454153719,1710.1019735772866,1700.2724518147015,1702.4942982733635,2145.6596028416066
2025-09-26 02:15:00,1702.2096772342163,1705.5278848879705,1696.91873104099,1704.1182616880874,7856.536175367986
2025-09-26 02:30:00,1732.100264858074,1734.8514857494324,1729.967811069137,1728.1497039904314,3994.998132530403
2025-09-26 02:45:00,1703.9905380735024,1707.9948203654494,1694.7416204595452,1703.4072740505258,3231.9705247103198
2025-09-26 03:00:00,1706.2271378415676,1706.3830366783507,1700.0329906382897,1700.5648071030437,4695.658346547627
2025-09-26 03:15:00,1676.0319359597693,1674.2896195806331,1663.2889695014226,1666.5827420681055,6110.431094392738
2025-09-26 03:30:00,1653.5989146497752,1662.2310244815035,1652.2270210577065,1657.5779843299165,353.1607760716462
2025-09-26 03:45:00,1652.5111028282015,1657.6257522785581,1647.892896420012,1652.5638423482221,1082.6981913991422
2025-09-26 04:00:00,1647.3901826135984,1644.826775247229,1639.2053976687882,1647.1710672054983,3708.212801938578
2025-09-26 04:15:00,1625.3834809280152,1636.9410515820077,1622.4671714204187,1629.526526701953,1044.6867668107377
2025-09-26 04:30:00,1628.8022952304798,1629.7936044822711,1620.9434390618287,1626.7799534132996,3028.8489241682055
2025-09-26 04:45:00,1634.6863764132336,1638.9983715472017,1628.905107850507,1630.3548380004224,9912.474455174279
2025-09-26 05:00:00,1650.0370382927993,1648.4962931287205,1641.4946370283203,1641.2071119891882,7238.715955157253
2025-09-26 05:15:00,1647.216191985175,1654.4384832193577,1640.822770713009,1648.6602325724332,6580.340432297848
2025-09-26 05:30:00,1630.8815893876817,1639.4430634943772,1632.6128388316793,1631.341460804393,3391.402514378512
2025-09-26 05:45:00,1647.4652780401923,1646.8067968537114,1640.009533585991,1648.7501211901051,4525.580688595765
2025-09-26 06:00:00,1628.468798982013,1632.1163471711404,1619.1102950635448,1624.4389454456677,5285.676080510024
2025-09-26 06:15:00,1632.517051975896,1642.6033472889233,1632.57567813935,1633.3478780081682,6370.504680128511
2025-09-26 06:30:00,1645.4958807093192,1648.92211564325,1640.7979259230233,1644.9563082146885,7557.097480166072
2025-09-26 06:45:00,1634.6627018418073,1640.105537496773,1632.3721777146027,1633.4561642172373,5984.498146620505
2025-09-26 07:00:00,1633.8942986055486,1646.3604256458727,1630.9610296954468,1636.3763748219847,6245.752797427431
2025-09-26 07:15:00,1632.2751713124014,1630.1503518595962,1623.2568891803803,1630.680513874542,927.3750031589392
2025-09-26 07:30:00,1646.558142316887,1652.9310661443872,1642.4217752912775,1647.5154216107535,4989.5046111328365
2025-09-26 07:45:00,1631.6741318856477,1636.4588517508403,1621.6850473381835,1627.3507355551783,3254.894285679862
2025-09-26 08:00:00,1650.528595523705,1653.1426696859378,1642.2728250910798,1646.686276511146,6869.138784225388
2025-09-26 08:15:00,1621.424910194952,1624.3582726676862,1614.2603232030665,1624.4078314238056,9250.23788373345
2025-09-26 08:30:00,1642.3793086691055,1649.063249900453,1641.4282807415923,1641.1908173118554,3035.307851230288
2025-09-26 08:45:00,1611.9926458269565,1618.2815716102793,1607.3702029080816,1618.7391825750035,4146.74753207536
2025-09-26 09:00:00,1633.1546455804814,1634.1949633002343,1628.4631933980545,1630.8805005541662,2796.2331998162244
2025-09-26 09:15:00,1649.862428991861,1650.7450263754447,1642.0431761134514,1646.4311854736231,8647.59959174251
2025-09-26 09:30:00,1665.986545017494,1665.9519172809094,1658.1750608306718,1661.4229925137395,9442.427935243992
2025-09-26 09:45:00,1678.388865653039,1682.5227827393799,1666.7441225738223,1676.8303275916537,1579.2094553036145
2025-09-26 10:00:00,1668.9568500377065,1679.6166392336345,1670.5161203056518,1676.2280259344225,5317.5556382733685
2025-09-26 10:15:00,1654.209549386329,1661.4884463417495,1651.0251381065289,1653.095912274821,2660.4826485076364
2025-09-26 10:30:00,1637.9240766337598,1641.7884868290728,1630.192457480137,1633.1249712860713,5591.810781027272
2025-09-26 10:45:00,1619.702586736824,1623.5747264920642,1615.1773561438567,1614.6300442190625,8293.650781118098
2025-09-26 11:00:00,1618.7875302536265,1622.1443676567242,1614.7540965804474,1617.055564177137,2796.024493645855
2025-09-26 11:15:00,1605.0987728563707,1612.845843355545,1606.3431221733906,1605.182077954538,3518.942303505472
2025-09-26 11:30:00,1614.9246032359629,1615.6265138288284,1605.906080346254,1609.2994478679764,1048.3592468314812
2025-09-26 11:45:00,1599.2374481199497,1603.2772235332538,1594.759409920762,1602.2153674918131,6771.969756457118
2025-09-26 12:00:00,1577.8204416687968,1581.8122619836922,1569.4227553001551,1572.1827379579306,7886.424327057233
2025-09-26 12:15:00,1586.6646482545893,1592.1115190232335,1583.582790975584,1588.245055808216,1081.2013148405442
2025-09-26 12:30:00,1613.9542855570562,1619.2162172228584,1611.8203449490295,1613.0716137961538,6674.0402397878415
2025-09-26 12:45:00,1619.1745072564822,1622.6491727430803,1610.4686326512497,1614.0222766603256,6879.602682536292
2025-09-26 13:00:00,1634.822958547054,1641.7207132098936,1633.2960973470279,1637.437024249392,8518.341141607003
2025-09-26 13:15:00,1643.0392918497687,1643.6226802960352,1635.983119106042,1641.0617258403404,9776.352758894604
2025-09-26 13:30:00,1632.2997277878578,1635.9113605416778,1625.479136669322,1629.968838894966,1097.5840606994748
2025-09-26 13:45:00,1634.1139762900136,1633.9628900645218,1627.8037403939218,1628.1858247185978,4409.194506733669
2025-09-26 14:00:00,1653.3272355659938,1655.8850026092402,1642.22050473434,1645.840694421717,9670.368781233008
2025-09-26 14:15:00,1632.3358159492584,1639.2487495799417,1630.784543119404,1634.6542291828705,7413.748572456817
2025-09-26 14:30:00,1626.193479321217,1635.9231100342754,1624.9538875755209,1626.740697627915,9292.934759640231
2025-09-26 14:45:00,1629.078561515012,1630.4884351694154,1623.2335737427995,1627.6658527154477,6478.51872881341
2025-09-26 15:00:00,1622.618551109189,1631.2052260497885,1616.3152437928477,1621.765432961527,7950.091982226744
2025-09-26 15:15:00,1653.2062219763739,1653.5198439722583,1647.0479824893498,1645.2924050692952,5388.906951305914
2025-09-26 15:30:00,1637.7260365945458,1644.3113696174853,1633.1233214486783,1633.815583663515,8430.811547836638
2025-09-26 15:45:00,1652.3834877800402,1655.0270753735338,1642.8144589772178,1651.831920824113,6103.052869551873
2025-09-26 16:00:00,1647.403598418674,1648.4145445233667,1638.858935403434,1644.1267811098573,9685.553255626428
2025-09-26 16:15:00,1646.200542143932,1652.2315556401536,1644.874876290517,1649.3121544866299,8715.874288320956
2025-09-26 16:30:00,1661.7976270282525,1664.7828910008795,1653.5798617899688,1659.647087909724,1849.5812847273762
2025-09-26 16:45:00,1678.1896722627919,1683.4848719596714,1676.53810763874,1682.1831758417602,7847.600894272428
2025-09-26 17:00:00,1692.3707664647172,1694.2959690549067,1686.9539313601854,1686.817884698784,7851.933085124066
2025-09-26 17:15:00,1689.1381438345854,1692.7424763738397,1681.443535862033,1682.7263879422987,106.04032277708187
2025-09-26 17:30:00,1698.205976228387,1704.047504157238,1689.0135329581244,1698.5355401561078,9898.252442233537
2025-09-26 17:45:00,1702.9561078466495,1704.4187051559645,1695.0593038747745,1698.4519574834417,5726.391502294986
2025-09-26 18:00:00,1690.3478254651613,1701.3706217650429,1688.9818608164537,1699.9412231120618,996.0610172969544
2025-09-26 18:15:00,1712.6952023253205,1718.9241008182616,1711.8201506260953,1710.5723173758333,4176.109644880116
2025-09-26 18:30:00,1709.423766922933,1715.1156882380162,1708.1540684361244,1711.442940252946,6300.287839147677
2025-09-26 18:45:00,1727.104958537405,1728.8824775048658,1715.1233188324122,1726.9043092209788,5528.741386319703
2025-09-26 19:00:00,1734.4876212848453,1741.766140417001,1731.831656566864,1736.1502753040377,5707.532074334009
2025-09-26 19:15:00,1724.0039099210082,1724.8291720519483,1717.327115250705,1724.6239542417377,1946.5414553173716
2025-09-26 19:30:00,1724.4842567068151,1727.7960341883702,1719.8841906618286,1728.2716744367287,2352.906741724863
2025-09-26 19:45:00,1719.7672640946978,1720.8317075621574,1711.1862258573947,1718.5283097901201,2730.1396947434864
2025-09-26 20:00:00,1687.2481547550385,1695.9379660389445,1683.671588360893,1694.6722581406057,579.5373365907761
2025-09-26 20:15:00,1721.2635082758518,1722.3826343191276,1709.4425863211422,1717.6238493669468,5908.675073031327
2025-09-26 20:30:00,1722.136165583426,1730.1168025951351,1718.4515376572901,1726.0848759858227,8751.91786104651
2025-09-26 20:45:00,1750.9839236182886,1755.6905710461003,1742.735461803591,1746.4983550924883,8067.125815167036
2025-09-26 21:00:00,1759.6659928245983,1762.8208958603432,1756.8989888386468,1759.221020071534,8077.460435703046
2025-09-26 21:15:00,1757.1844439568297,1762.9948882875137,1755.9338681576596,1755.217572965688,799.5138718001193
2025-09-26 21:30:00,1760.31176184762,1760.5965226172189,1752.8485676571574,1756.7505989047563,2084.876150738794
2025-09-26 21:45:00,1750.6042090740061,1749.5769830630686,1742.503014293913,1743.8395237485222,3632.119064804967
2025-09-26 22:00:00,1754.5950303824109,1757.4847547382722,1746.2704036098175,1753.265385874947,5033.591329864839
2025-09-26 22:15:00,1727.2752922489708,1733.62782040916,1721.0124318178569,1729.8876193978215,3898.0500458759725
2025-09-26 22:30:00,1718.6800115643698,1721.06983147372,1706.2561446239563,1711.5099707634536,4679.875601321103
2025-09-26 22:45:00,1735.1656351744887,1733.32747334906,1723.9053744556443,1735.5398073898407,1318.62592178689
2025-09-26 23:00:00,1724.7522684909745,1731.0767765699973,1722.680244387231,1729.8249958455579,484.3518473428264
2025-09-26 23:15:00,1746.498819181869,1750.2246115414855,1741.1573071765902,1750.717635167395,2462.0958430792125
2025-09-26 23:30:00,1737.0320273119353,1742.7113876311485,1731.4348280985253,1742.5193375036397,9709.057918015598
2025-09-26 23:45:00,1744.2899921483302,1744.78412841313,1739.256163857776,1742.6639539042935,6184.646055229939
2025-09-27 00:00:00,1728.8034190853323,1726.5383013963256,1720.3632503437268,1722.1735074208673,6974.509365951242
2025-09-27 00:15:00,1711.258247391571,1717.4249293549158,1707.8367860793398,1715.3488270217458,5222.110133577124
2025-09-27 00:30:00,1708.2364820348675,1713.088559319541,1705.8064095535021,1709.7485354694209,1869.9258326805516
2025-09-27 00:45:00,1680.9477555973363,1688.0130373426866,1681.125372944195,1687.7623380160117,118.26527814130574
2025-09-27 01:00:00,1667.8199070405672,1669.4634626672112,1658.7973544399588,1658.499914828536,7265.503998423671
2025-09-27 01:15:00,1642.8310479314882,1654.3282255971944,1642.0931281236608,1649.4658731336615,5100.427555314783
2025-09-27 01:30:00,1663.2799314241915,1663.3221811551207,1651.270459400091,1658.0275088085627,2754.6849304290786
2025-09-27 01:45:00,1641.872860199496,1650.2993477265934,1639.9325016807693,1647.2617909165426,5874.676259669875
2025-09-27 02:00:00,1663.431153340373,1675.4042122333244,1663.3123646852123,1666.4992054933969,6467.507363856752
2025-09-27 02:15:00,1668.7912032570605,1674.6759772121827,1663.5803663662275,1667.4995223536557,6308.461622635945
2025-09-27 02:30:00,1669.3056135532718,1676.4555024692572,1669.3943730463166,1672.2880701782558,7194.251170168045
2025-09-27 02:45:00,1662.8349902876623,1669.0684451078318,1661.4178604598656,1662.2187017300853,5546.499388355373
2025-09-27 03:00:00,1625.0125708699334,1625.2495950098694,1615.056643129055,1624.586409090437,2817.234836510533
2025-09-27 03:15:00,1620.6817568459844,1631.5114999854384,1617.7486194534247,1627.0947273862569,9639.627565064671
2025-09-27 03:30:00,1630.8764879566465,1642.6478925250938,1631.9381404464054,1633.5403147877557,9130.176788393672
2025-09-27 03:45:00,1628.8043225236775,1638.9379596178371,1624.6244487707033,1634.7103113179369,2887.923674567462
2025-09-27 04:00:00,1632.8429071772105,1640.2090671078959,1627.2902115900442,1634.2768761927875,4355.226351621124
2025-09-27 04:15:00,1660.1185677470005,1661.051818446857,1655.4681750150871,1660.4017992224453,5347.654395543341
2025-09-27 04:30:00,1653.861805345097,1654.6203681259174,1642.8743195851914,1649.8426847308772,9177.112867812186
2025-09-27 04:45:00,1644.2258531850953,1647.698797351644,1641.4912732955918,1644.0748313098914,6731.942023172867
2025-09-27 05:00:00,1611.5918770961239,1619.5906525600174,1611.4034047585394,1612.5518614644984,7175.006499203472
2025-09-27 05:15:00,1609.1608306032374,1615.2085987077871,1606.0794542392732,1608.7960255181001,304.91105345982385
2025-09-27 05:30:00,1624.893379694523,1633.494224307901,1619.025020665802,1628.282415130203,2860.168192480165
2025-09-27 05:45:00,1611.825910678838,1623.863578851946,1610.1041996841627,1612.8038079593048,2991.673428347125
2025-09-27 06:00:00,1627.495049969092,1636.1701875193341,1625.444741290489,1627.9604482803575,5838.327220005368
2025-09-27 06:15:00,1612.8491067800417,1623.1501878986699,1609.844021461785,1617.9817077748157,333.69644615314587
2025-09-27 06:30:00,1635.8905640192056,1639.7823043818205,1632.13060340053,1640.0073860148516,3457.8683417449793
2025-09-27 06:45:00,1633.0432365805852,1637.3497614975386,1628.7870112992332,1638.553292369775,3721.1279583118285
2025-09-27 07:00:00,1646.4268168294734,1648.5412226178848,1635.1947949056619,1640.1837702253658,5887.841478132579
2025-09-27 07:15:00,1651.9354254504058,1654.5666507463234,1640.7477936652008,1649.8656016432285,8381.439488295351
2025-09-27 07:30:00,1644.2298576595592,1647.8958065755512,1637.9906162292393,1636.554281607227,2544.8323751380785
2025-09-27 07:45:00,1657.9993139782882,1661.844397285789,1647.0039811536199,1652.026503376237,9501.768290385875
2025-09-27 08:00:00,1660.9582448681185,1664.2135119285776,1655.964121824334,1658.6871977477335,404.6842618446512
2025-09-27 08:15:00,1653.4775048777062,1664.5713885658588,1654.2443315630665,1658.296822413427,5744.887281901215
2025-09-27 08:30:00,1660.3422831193682,1669.6099744127744,1661.0041412113962,1663.6846079498846,6944.301916118078
2025-09-27 08:45:00,1676.576829206189,1684.3085322254035,1673.2968451285412,1678.0122133095917,5837.562606513034
2025-09-27 09:00:00,1667.6332472543393,1675.2827298446703,1666.9732369850076,1670.102198452396,5153.660698836728
2025-09-27 09:15:00,1672.3950861939193,1679.3066743013442,1672.715545534521,1677.483779240928,9106.108768124517
2025-09-27 09:30:00,1661.8073761397245,1665.1917260611667,1651.7293079699432,1656.9471570412768,8081.491739669265
2025-09-27 09:45:00,1673.7555630777094,1680.78893680914,1672.28040080146,1677.3523493882312,3512.712977292532
2025-09-27 10:00:00,1680.179485692939,1692.2792788390268,1682.7116919225716,1685.8734648017817,5909.537429395636
2025-09-27 10:15:00,1683.0638255883885,1684.4135391825923,1680.2332984993654,1686.8102794462973,4007.3015663461083
2025-09-27 10:30:00,1686.9799470656567,1684.739845688138,1675.883823251526,1686.097265892215,9379.78984471993
2025-09-27 10:45:00,1707.9297225619005,1714.2980283614556,1705.8740395320099,1713.1979024641464,442.6252312553403
2025-09-27 11:00:00,1701.3686147446006,1707.3962689839173,1698.2887788048956,1704.2196803451145,1481.5400171077056
2025-09-27 11:15:00,1687.2071567961411,1692.0040224659003,1677.5911668807873,1683.9480219350537,1415.138799167378
2025-09-27 11:30:00,1680.0982527135159,1690.236946978477,1681.3540587109117,1688.580992412478,2725.353456452961
2025-09-27 11:45:00,1699.0233339316417,1707.2290148618729,1701.4279045969097,1704.0208085969023,8402.47581480667
2025-09-27 12:00:00,1715.1187964397975,1725.4759869351685,1716.6755100488826,1724.2847673386686,347.43079020979553
2025-09-27 12:15:00,1724.8490900204508,1729.9647201365508,1717.879515994423,1721.3324362331798,3734.549825536045
2025-09-27 12:30:00,1703.3381356423085,1707.252225484761,1696.9552955740958,1699.9846955299236,4181.523613882253
2025-09-27 12:45:00,1702.017945614662,1703.8669371956319,1692.6539783525307,1700.4356509364231,9903.13956917171
2025-09-27 13:00:00,1683.005578877005,1692.1212882946745,1680.3878768669088,1690.6402852589376,3488.6029644833375
2025-09-27 13:15:00,1688.7387040512235,1697.0198194400348,1686.4261402875086,1694.35230021474,544.8383281306224
2025-09-27 13:30:00,1684.228332913407,1690.4349548874743,1682.9555327713274,1690.9208492560724,6865.797406481581
2025-09-27 13:45:00,1680.3196729222748,1687.285095171139,1679.856971148319,1682.9732632311097,9990.928938178477
2025-09-27 14:00:00,1691.5976469506993,1692.2217238916576,1680.4101879104458,1683.111289081276,1609.9825366103885
2025-09-27 14:15:00,1700.6409719183189,1704.6086507436335,1696.1560114056574,1703.747547297593,9212.244281994273
2025-09-27 14:30:00,1712.926601645555,1712.7022898039081,1705.9110753199825,1712.6266620234678,8056.03646949826
2025-09-27 14:45:00,1711.3718834390509,1710.0878060549664,1703.088747765992,1712.0005026645733,2915.362583765137
2025-09-27 15:00:00,1695.566203089358,1704.3053611222886,1693.682438204939,1696.3836892831266,3542.636198339803
2025-09-27 15:15:00,1688.1984036513757,1695.883580664366,1684.9087393036853,1694.2025034378648,639.2115166070508
2025-09-27 15:30:00,1645.1174526724838,1648.462559652426,1636.6216945631975,1646.5850836111588,8579.991674452285
2025-09-27 15:45:00,1639.1202148708378,1640.5936914262227,1626.6411583472623,1638.1560398081083,9426.290511065832
2025-09-27 16:00:00,1628.4868414525952,1631.9957665518953,1621.0862695830454,1627.3537398858182,4943.298845784778
2025-09-27 16:15:00,1658.1742242236717,1665.2395113107814,1654.3241453045464,1664.6485225976849,4311.570454422367
2025-09-27 16:30:00,1638.8816809371099,1642.8928668905444,1634.4682261112234,1639.305763719557,3256.4548409721847
2025-09-27 16:45:00,1637.7964308008604,1643.608089632778,1632.2448847304372,1640.9024911689503,3476.2952877544803
2025-09-27 17:00:00,1611.5281262108617,1621.1955813165098,1613.2251640171798,1615.2377544487697,6474.428290248561
2025-09-27 17:15:00,1622.7453122893348,1623.3571411206783,1612.8759063270854,1615.9916562817662,9930.214428580663
2025-09-27 17:30:00,1633.925891743938,1634.5138812937114,1625.5103656992462,1633.8595301586686,2780.9803352571944
2025-09-27 17:45:00,1633.31013553796,1633.7253477743636,1625.266494819386,1624.93692625174,9921.421526109601
2025-09-27 18:00:00,1627.8559205377062,1635.9081449803725,1623.324350728513,1627.8236995440157,6953.94870189851
2025-09-27 18:15:00,1657.6033218703476,1665.1970758925693,1651.1859232923894,1654.2989984139533,9949.178000420192
2025-09-27 18:30:00,1644.2647746689352,1648.2535794974103,1640.4496561982542,1644.7873500886428,9342.21990391512
2025-09-27 18:45:00,1612.2549742090914,1613.3114887338934,1602.2117630450114,1608.0350833545333,2116.9191590604705
2025-09-27 19:00:00,1625.9770301326053,1628.5399545777889,1614.9173117020027,1625.6769217414571,6302.742421681436
2025-09-27 19:15:00,1613.3374310197567,1618.9522906629027,1610.9737821129013,1612.9111579059938,3566.2666421860563
2025-09-27 19:30:00,1618.447890480544,1618.9748094875986,1610.2640304115514,1611.58806134942,1722.8562036218684
2025-09-27 19:45:00,1612.875257603246,1616.8445625290346,1603.099118954937,1614.880958164569,8131.896291884345
2025-09-27 20:00:00,1615.6523698405072,1622.2288244443791,1610.4598756718347,1618.6639986615103,3889.9275351276165
2025-09-27 20:15:00,1627.240776554825,1631.4831915150123,1624.3954823008705,1627.9794254128205,7096.624420460746
2025-09-27 20:30:00,1636.255592455516,1641.8470703874102,1634.7217248577515,1643.7109551660797,7440.179288890119
2025-09-27 20:45:00,1652.1526143368933,1658.0227004457613,1645.4265276854087,1649.4209447947119,5065.849918037371
2025-09-27 21:00:00,1648.727880599046,1654.778410568165,1642.7736953289204,1652.0038052494822,8272.259926734107
2025-09-27 21:15:00,1637.1833797848753,1644.76121470245,1631.8228558282,1639.426427736486,8537.656644906056
2025-09-27 21:30:00,1621.709874419783,1623.4440204291125,1615.5577010038828,1615.1068653602301,6368.222582794321
2025-09-27 21:45:00,1611.9219406516836,1620.5408220196725,1613.0679155902433,1616.3168497483093,8611.10509464558
2025-09-27 22:00:00,1608.73629973151,1611.419889871107,1600.5362305920303,1612.1388080086574,2260.9053993190932
2025-09-27 22:15:00,1593.3906986957097,1592.685466602377,1582.6047995993347,1591.2179981093038,1498.743689586592
2025-09-27 22:30:00,1598.6018417843068,1601.459326400755,1595.5264903424165,1593.407101537345,3979.2279172972453
2025-09-27 22:45:00,1598.9613203245187,1607.1498258225636,1595.512881610839,1598.23435040322,8375.575746873994
2025-09-27 23:00:00,1627.7913581524958,1635.9927120232276,1622.321127444611,1632.8088632216381,4100.747911768725
2025-09-27 23:15:00,1640.7601843012287,1648.2993517951268,1642.6842008464316,1650.6117753850467,9008.714219530995
2025-09-27 23:30:00,1659.6652389093958,1670.6504594503367,1659.4696048909607,1667.6432612294345,8789.563773808442
2025-09-27 23:45:00,1663.081626787585,1662.799255533993,1655.7382947730648,1663.3810353070585,1280.4908866936091
2025-09-28 00:00:00,1681.6741792782123,1680.5128420206665,1674.222562809437,1676.35843902983,7297.515768192117
2025-09-28 00:15:00,1661.7930350701722,1661.421539041315,1653.0246972168004,1656.8929177501643,2530.0688492666213
2025-09-28 00:30:00,1674.5880640111245,1681.630327982326,1666.3455072012086,1676.9415615112657,1293.1957178559621
2025-09-28 00:45:00,1670.4924894081576,1676.6151617346627,1664.6069150724788,1668.7896904180811,1739.3996574135572
2025-09-28 01:00:00,1669.1917406888372,1668.9769075391332,1661.1881067927554,1666.153803829723,9021.187025060117
2025-09-28 01:15:00,1668.7135174136513,1676.025021723603,1665.5890157780234,1665.4038312532125,3254.7646283336735
2025-09-28 01:30:00,1655.502172635815,1661.6769539055954,1650.726583882146,1654.1513268193235,976.3164509992895
2025-09-28 01:45:00,1652.5985291468967,1659.0787505286498,1646.4586342113575,1649.2439168632568,6829.782244428237
2025-09-28 02:00:00,1663.4492444691748,1666.209937800916,1658.5730053628868,1664.2048136856454,3036.784908138438
2025-09-28 02:15:00,1624.4809260562488,1633.6764303841876,1620.7024418286574,1627.8921261266228,5136.925102958132
2025-09-28 02:30:00,1640.827375259749,1644.3531476789958,1630.952733821735,1641.2826534081928,5727.504852766653
2025-09-28 02:45:00,1636.862622357922,1639.4876763911625,1634.5585512079308,1632.340835139426,7007.06547226043
2025-09-28 03:00:00,1614.6048831676758,1619.7944677570222,1608.2455892352073,1611.7514568992385,6082.948101719784
2025-09-28 03:15:00,1607.770501473649,1612.3310682124652,1606.500856150529,1608.7245222902818,2087.7098152322637
2025-09-28 03:30:00,1633.2163990955619,1638.5111552100327,1630.9467646276241,1636.5364521474173,1827.1015672090448
2025-09-28 03:45:00,1625.7666708283111,1637.345749318635,1625.5980269550835,1632.8652177779034,6690.767982991725
2025-09-28 04:00:00,1615.2355545597627,1620.5099730096235,1608.9903858675611,1610.634250968501,5459.208350841992
2025-09-28 04:15:00,1639.4132468940509,1642.8437818372058,1631.589053167406,1631.0304772351974,7088.092499609625
2025-09-28 04:30:00,1630.1886322073842,1633.3160269354305,1627.5758253397769,1633.4261780759214,692.5479634335347
2025-09-28 04:45:00,1609.6718303100733,1616.4666557242533,1605.272078948474,1615.684844776691,5841.421561172464
2025-09-28 05:00:00,1604.0072019817746,1603.9088531390667,1597.8941711035827,1597.8539702534752,4306.047842663394
2025-09-28 05:15:00,1592.164354804895,1599.2471704188786,1590.5195589287691,1593.8620302662337,7110.360521098369
2025-09-28 05:30:00,1610.992757646584,1611.4283511725457,1602.3661834467525,1605.8133965418674,7085.7651985940975
2025-09-28 05:45:00,1618.4322972062407,1619.3817213403242,1609.413928509305,1614.8916063922538,8388.628053604867
2025-09-28 06:00:00,1606.9026567004373,1615.4319968488778,1608.1610727945524,1611.0232195644694,7895.200875457608
2025-09-28 06:15:00,1619.1901058039575,1627.606643477202,1616.0080164003884,1626.8581835250989,3966.8899809085206
2025-09-28 06:30:00,1619.2721381970769,1629.792349918579,1621.411917678635,1621.6078919835052,8338.235175774978
2025-09-28 06:45:00,1616.0061618944912,1621.108937527749,1609.6656895715714,1616.0254598927977,2739.851056861982
2025-09-28 07:00:00,1641.2553125457277,1644.9181263241562,1635.5181323718102,1643.609596052331,8394.896545507054
2025-09-28 07:15:00,1633.6735852688264,1632.7244389246432,1622.8281012362656,1625.9840107081743,6346.109314548017
2025-09-28 07:30:00,1635.9436892412155,1646.2534562497215,1633.3962729994166,1643.6145895444417,5164.586614271352
2025-09-28 07:45:00,1636.0191302261455,1637.4700910959077,1632.0210957590552,1637.847149007777,8788.76075841413
2025-09-28 08:00:00,1621.2074373674743,1627.1906084766404,1618.3895316720818,1624.9950256761074,1787.5388249042162
2025-09-28 08:15:00,1624.2894200975559,1627.134969371683,1616.6736063558674,1618.9958346603662,8181.795466782752
2025-09-28 08:30:00,1610.6323167614423,1617.6563343907053,1611.8525756294923,1615.980702376244,6377.7967991405
2025-09-28 08:45:00,1609.9376657768753,1609.753488694414,1600.1999533033566,1603.2462293299834,9075.144019647469
2025-09-28 09:00:00,1603.2102880430198,1608.0613383805726,1600.2159160762844,1607.8012437028021,8628.712862612674
2025-09-28 09:15:00,1609.2188749840216,1614.0919948609694,1601.841794477463,1605.789207864351,5739.08215335835
2025-09-28 09:30:00,1603.93915885352,1613.5824709004305,1598.9306233942063,1602.6416442932368,4818.257647816812
2025-09-28 09:45:00,1610.7026851003798,1613.9972879647341,1605.9374603306308,1603.907590720884,8996.457062337013
2025-09-28 10:00:00,1585.1279022170907,1596.6411212036355,1584.7211686206645,1593.4236153665863,3752.2804175600504
2025-09-28 10:15:00,1574.586416437625,1581.7764104068885,1573.5213575808648,1578.7723574491808,6834.427914081984
2025-09-28 10:30:00,1575.1950431847583,1581.433389180503,1566.9351850938374,1575.186665934913,9942.470825190958
2025-09-28 10:45:00,1578.5698416177306,1583.1029269600945,1573.6575857827586,1579.1243418415054,3608.9154816485116
2025-09-28 11:00:00,1580.8820661844231,1585.799591087221,1576.3909255901308,1578.4967447693361,6494.145126043731
2025-09-28 11:15:00,1585.1462201550821,1591.1561956671453,1583.0210883854984,1588.7835359847643,8820.58567891046
2025-09-28 11:30:00,1588.432431096482,1591.2069766367613,1584.64092824538,1582.4350165403337,1158.2202221805612
2025-09-28 11:45:00,1616.073326360447,1620.7642667492164,1608.8956045462987,1617.4144503488556,6503.678398207901
2025-09-28 12:00:00,1639.3897662777392,1640.9913047235361,1631.0720504266424,1637.4040888612797,6977.705374778443
2025-09-28 12:15:00,1638.192482724998,1645.593592775841,1635.2498280526981,1637.3935642221522,5558.771792090844
2025-09-28 12:30:00,1654.29968464833,1659.2964348645355,1647.315862690426,1648.6086718862857,1978.6004765070043
2025-09-28 12:45:00,1650.7187709131165,1654.575824564845,1643.050816415095,1652.8917881450946,9693.083596776218
2025-09-28 13:00:00,1645.6317839675896,1654.312986539461,1643.7348398500142,1646.4867484287572,671.2027969542007
2025-09-28 13:15:00,1657.6195331405836,1658.4368197544459,1650.6492229567261,1649.7980137931602,6679.953018719502
2025-09-28 13:30:00,1659.9156222000079,1660.2294541786373,1649.4043441713934,1654.3548398204825,5016.472053699525
2025-09-28 13:45:00,1671.7021250667601,1680.1538460892461,1666.562221396184,1668.5712432423236,3773.2540193952736
2025-09-28 14:00:00,1669.4016254186395,1674.656970531017,1664.7477776049097,1668.2896617481413,842.8296480172453
2025-09-28 14:15:00,1659.6974355056852,1664.9077740610685,1654.6746398519917,1658.4101840694796,4281.896171012435
2025-09-28 14:30:00,1644.7740160609326,1651.301936286216,1644.9017727466608,1651.0334426284342,4513.369844582778
2025-09-28 14:45:00,1664.6993976840174,1668.1750493142515,1659.5896906789121,1666.2063489520638,6103.655432355036
2025-09-28 15:00:00,1669.476719551333,1672.0971179733863,1664.4956154033262,1670.5383850053865,8918.84653585153
2025-09-28 15:15:00,1674.80674853287,1682.1862176870973,1674.4182768915962,1678.2794478739033,2839.023896657639
2025-09-28 15:30:00,1692.8481404683107,1694.1664409123973,1685.7307066066317,1694.1626147449704,6381.840126047735
2025-09-28 15:45:00,1699.6094545003784,1701.3884016846034,1689.175837691604,1698.262847933587,8398.109378907813
2025-09-28 16:00:00,1673.1356680614128,1676.2712359721163,1666.3537481697595,1668.004288335419,9262.195960751778
2025-09-28 16:15:00,1683.0865992611218,1686.3042166908517,1677.2880722290956,1683.536824149381,3531.3922371565423
2025-09-28 16:30:00,1705.2071329125497,1712.946990731321,1699.2939867129867,1706.6099871619867,2487.7304836310086
2025-09-28 16:45:00,1701.0404112182403,1703.8695593817583,1695.3138989671136,1694.8647764377893,1982.9895882676742
2025-09-28 17:00:00,1685.1083797000379,1693.6665846096812,1682.8202737067013,1684.2591878214935,1543.1756902804648
2025-09-28 17:15:00,1677.0392272355664,1684.5144135974188,1674.301170240733,1679.2387776695653,7660.728389726391
2025-09-28 17:30:00,1681.8017992675225,1688.9336226818332,1681.4893330403795,1686.707374843284,416.0347425020041
2025-09-28 17:45:00,1665.0772653378806,1669.2960579938087,1653.9662903492226,1663.1841578498281,1171.0530615381347
2025-09-28 18:00:00,1685.3365752229952,1696.5725082492186,1685.0629933511466,1688.579383508608,2866.9108766056593
2025-09-28 18:15:00,1710.5537481987242,1716.148274463436,1702.8416928866902,1706.9852420588159,4787.887245964447
2025-09-28 18:30:00,1697.3130962043567,1697.3031703652352,1685.4721434672274,1693.0587656685257,2406.904922951392
2025-09-28 18:45:00,1675.125076729613,1678.55596481688,1672.2315641146345,1675.6702656396744,5592.839297099828
2025-09-28 19:00:00,1690.1917827182663,1697.1870516292893,1688.3280022312579,1688.7288169902788,8257.39009702157
2025-09-28 19:15:00,1716.522239545087,1719.9903086143236,1710.302654394064,1716.7922079887724,7894.6511593237765
2025-09-28 19:30:00,1722.6081323979708,1723.2483316650928,1716.7026577262247,1722.2343127408935,1051.2364640032888
2025-09-28 19:45:00,1714.490056613372,1719.677190367125,1705.9339262925907,1716.136928637289,6647.999440925802
2025-09-28 20:00:00,1689.5453606215974,1693.741037233504,1682.325983244228,1684.8485440754425,7409.227803505075
2025-09-28 20:15:00,1683.9563574704957,1687.488765923201,1676.7206616088938,1685.9316467159576,4220.524112890038
2025-09-28 20:30:00,1662.750434237774,1666.3754665271981,1659.2758196655816,1660.5932309368425,2865.2092161808064
2025-09-28 20:45:00,1671.500548729692,1679.30867916814,1668.7855460187097,1671.367247094401,6371.624062656517
2025-09-28 21:00:00,1671.6561770370008,1673.7898212698672,1666.4238816615903,1666.6476578650725,877.2701183626504
2025-09-28 21:15:00,1665.27863294265,1669.939359240047,1662.0592177145477,1662.59101047231,4886.155336083789
2025-09-28 21:30:00,1672.6380897296501,1680.2151413784716,1669.578198293374,1670.8388124919884,7539.313549900755
2025-09-28 21:45:00,1667.9298284399338,1673.6796925394513,1667.385480901529,1670.813328128853,4680.501773756119
2025-09-28 22:00:00,1686.8729909135861,1689.1365327438384,1677.8766106346172,1682.0398769109925,186.85962047390353
2025-09-28 22:15:00,1694.9914388551283,1696.9675930349454,1687.0212788971887,1689.0183964575172,1666.3729160962862
2025-09-28 22:30:00,1728.079214457802,1731.2450363717533,1720.317584069212,1723.5305014818407,4888.140006762269
2025-09-28 22:45:00,1716.7986694664423,1717.2376692177806,1708.0395928711907,1710.3957920282144,6326.572983601574
2025-09-28 23:00:00,1701.153943748805,1712.1623159163396,1697.4399160612315,1709.7274659769118,4901.817552738558
2025-09-28 23:15:00,1673.2150297417772,1682.6314918300136,1671.1194262248182,1673.1624111493607,9549.3860114022
2025-09-28 23:30:00,1666.4029819212633,1664.9838516329146,1657.4898919140992,1663.1955803570183,8097.457337771264
2025-09-28 23:45:00,1660.8888337367346,1662.8842248781739,1651.9292592206266,1662.4738235455884,9423.497703925863
2025-09-29 00:00:00,1669.1775946792307,1676.2957470867436,1661.908414659618,1673.043501629143,4967.9921785471
2025-09-29 00:15:00,1699.0782970660082,1701.144325777062,1687.2968908062771,1693.453167934749,2934.5003637332543
2025-09-29 00:30:00,1709.3227086201264,1709.3054652026592,1697.8742098165706,1709.3679147409896,613.1197196155381
2025-09-29 00:45:00,1691.3777116947974,1696.2652318333887,1687.9110112119567,1691.8848182580932,7357.1629111576685
2025-09-29 01:00:00,1671.4664637678466,1677.3650651001328,1667.8996782190286,1666.7227408318338,555.8552321771301
2025-09-29 01:15:00,1655.5576203382457,1666.1940838938503,1650.9896198146885,1661.163137305989,8440.031216328509
2025-09-29 01:30:00,1689.832373094664,1696.1542810811131,1688.37287509301,1691.292702387066,1999.8269710555182
2025-09-29 01:45:00,1703.645501153528,1708.0784107849074,1693.7824214513355,1706.2887960142325,5583.558587424292
2025-09-29 02:00:00,1704.7179634746365,1711.6387641374586,1702.6422527457855,1703.7988585682167,8529.09298007576
2025-09-29 02:15:00,1697.968364593057,1707.5053858163753,1700.2048630642996,1704.862838165452,6723.627674844538
2025-09-29 02:30:00,1736.8970885746498,1737.2309073565953,1731.9795928730218,1733.1339773689683,9760.648874817432
2025-09-29 02:45:00,1751.3699521723831,1754.6513714506657,1746.4638372647269,1753.5830500959116,6381.504651249449
2025-09-29 03:00:00,1726.1521126199386,1732.827326684058,1719.5466096867572,1725.5459590082278,2929.590674519915
2025-09-29 03:15:00,1701.3404043897401,1709.5576189043663,1697.6618936249754,1706.129003911417,3914.0715039832025
2025-09-29 03:30:00,1687.9541397174576,1695.9268780476475,1690.7758240832025,1695.0427273695282,3179.7226843305993
2025-09-29 03:45:00,1709.7294017729366,1714.3253654431642,1703.803771424639,1712.5736697993714,6317.871028896117
2025-09-29 04:00:00,1716.7397766558674,1722.166151031432,1711.8329637592178,1716.1990476107592,1972.8723351883539
2025-09-29 04:15:00,1734.5394658476162,1740.5403451305444,1732.2430445761347,1735.739141444427,3994.9760927364377
2025-09-29 04:30:00,1743.5841725852997,1750.8652964019973,1743.101401562056,1751.7611335132056,3979.4078029796633
2025-09-29 04:45:00,1747.805825238994,1748.8821397199351,1737.9124025901465,1740.8119768012753,1790.671098587707
2025-09-29 05:00:00,1768.729479550161,1773.0311331646592,1760.9402275821626,1763.7762540838462,5420.235357353016
2025-09-29 05:15:00,1776.6931207812763,1778.5661083676646,1765.735710554004,1774.5267288685359,1952.7268509538583
2025-09-29 05:30:00,1784.4950324239571,1790.2778299166762,1777.766446196427,1783.9165200023638,7466.191644288034
2025-09-29 05:45:00,1789.022919939939,1799.7899118510948,1790.3178984181852,1794.0079063148594,7426.509610240624
2025-09-29 06:00:00,1780.7007472719245,1779.3726413433667,1772.2838320515607,1776.5808403558333,6568.949063994314
2025-09-29 06:15:00,1761.8090695211665,1772.3100672529497,1759.0473436692978,1764.4973566872316,2303.465123379018
2025-09-29 06:30:00,1755.3251062112631,1759.0818651816337,1749.1798955533575,1756.4516706223249,7946.489532779161
2025-09-29 06:45:00,1756.902345378445,1764.2617807385845,1754.8394806637743,1763.8292350314268,5219.52514735198
2025-09-29 07:00:00,1752.5844357977026,1757.9767213079467,1746.066737884296,1755.768390890464,7150.774148973537
2025-09-29 07:15:00,1754.0063975035127,1760.151312000601,1751.1180221835612,1755.781007183053,3752.6370271376645
2025-09-29 07:30:00,1755.6850398323645,1764.1710570102632,1753.3280641759216,1759.0417383674621,6089.789053439392
2025-09-29 07:45:00,1765.395980143053,1767.9988509387947,1757.7641797957672,1764.1645528404301,9799.731187197482
2025-09-29 08:00:00,1757.1256733166117,1762.852298833239,1754.7989153990327,1759.878517835261,6941.613874635012
2025-09-29 08:15:00,1767.6068568775604,1776.2953489593194,1763.4205381674894,1770.1146327744493,9971.552810898142
2025-09-29 08:30:00,1799.789172241878,1801.680256312474,1793.5221679279548,1800.169338661081,5393.5138292363645
2025-09-29 08:45:00,1800.8236575165545,1805.8701878779423,1794.6014766729875,1799.8911071987332,835.3169103134828
2025-09-29 09:00:00,1791.8585362399165,1799.8975455638645,1786.5538777284835,1790.4137181046763,8985.012448865557
2025-09-29 09:15:00,1813.1229242846434,1819.3757387590374,1807.9139639500825,1817.0096047949496,7644.945339681996
2025-09-29 09:30:00,1788.1839577814494,1793.6048162059928,1781.7862202421477,1788.998778445115,553.9440077281973
2025-09-29 09:45:00,1798.629824253333,1805.8020840914696,1798.153485264182,1807.0644964463745,9904.237864829178
2025-09-29 10:00:00,1809.8702507833736,1811.4931966128995,1803.7234705995509,1807.17427155042,4169.614813019394
2025-09-29 10:15:00,1837.610615818698,1842.8240409952361,1830.6658421780755,1834.7016429600096,2549.2077474246594
2025-09-29 10:30:00,1852.4152953834584,1856.680533633186,1843.2260949307165,1853.1272309774743,2083.4714037163358
2025-09-29 10:45:00,1838.3902626558895,1842.9793938313937,1832.8319664704636,1835.923123679999,3974.1475366186523
2025-09-29 11:00:00,1835.2482494162357,1842.1304270764663,1833.120599619446,1837.9943888410717,5399.7966114158735
2025-09-29 11:15:00,1858.8802671745486,1856.977616391809,1851.0937391047207,1856.5094733437993,6258.55346907881
2025-09-29 11:30:00,1825.2390547683133,1836.8678617013716,1821.9279729180682,1831.7046896205463,7676.510708870161
2025-09-29 11:45:00,1783.1671320317623,1792.184717301062,1778.6685188379415,1782.2499131318032,9245.994092279709
2025-09-29 12:00:00,1771.7386646467837,1777.1931876476604,1767.8337527802396,1766.635558732424,9896.346612184792
2025-09-29 12:15:00,1791.9551849799527,1797.747744130798,1785.2667732857942,1787.7094219909766,8228.724030753994
2025-09-29 12:30:00,1787.6149896089923,1790.9980058716,1776.0371114357308,1786.3237092429745,3707.9452892331874
2025-09-29 12:45:00,1792.469632256248,1792.9589284944284,1783.5768724916952,1793.0734826603375,5509.3106314987745
2025-09-29 13:00:00,1779.511982941395,1783.8179389241443,1776.2484509889282,1778.4538080320026,368.4781768897965
2025-09-29 13:15:00,1782.3673912377217,1784.400869823817,1775.5907098522982,1778.967097300872,3812.533705463209
2025-09-29 13:30:00,1763.9905512979983,1773.7307601315968,1759.4489020047404,1764.6524977701636,8010.869087355834
2025-09-29 13:45:00,1758.898169121409,1768.688124592552,1757.2800078054454,1758.9217693281728,6644.557328641818
2025-09-29 14:00:00,1778.7329983867608,1781.1328333980878,1771.0758465203858,1775.6097210472135,8232.625361052433
2025-09-29 14:15:00,1793.2158070255437,1801.0851196155058,1791.703660071144,1794.6822803061211,4368.296536974164
2025-09-29 14:30:00,1797.1323450151965,1798.3788070846651,1790.4739670976592,1791.0327888438521,6283.22676317416
2025-09-29 14:45:00,1793.7442845247433,1796.0115882990876,1789.7241798771097,1797.4295978983575,281.6349698826295
2025-09-29 15:00:00,1789.0622810251973,1795.8854426068963,1787.621577752264,1787.5207638649222,4756.932574905364
2025-09-29 15:15:00,1776.343607203468,1782.014092284702,1772.8762565294192,1779.180337145949,2640.931213556199
2025-09-29 15:30:00,1770.7261373872286,1778.934387827608,1766.521541112828,1771.971806874312,1636.9830188632063
2025-09-29 15:45:00,1755.9546357082609,1766.3221036211548,1754.011320550455,1759.8405810480506,4331.79443776404
2025-09-29 16:00:00,1786.9282923889107,1798.6765146524056,1787.059221921906,1786.81300969115,3927.9636075422486
2025-09-29 16:15:00,1794.6370938707003,1799.9587535317412,1786.4898104137856,1790.4134086616316,2014.1270942301292
2025-09-29 16:30:00,1810.2501066873674,1808.8581006909592,1804.2392296929263,1807.4052096930034,9538.624110042265
2025-09-29 16:45:00,1832.5285539939175,1835.0432443600716,1827.8439650625282,1833.713541920603,6453.100893635203
2025-09-29 17:00:00,1850.0972793410192,1851.4830604330239,1841.6940617284106,1849.6098165751303,7512.878243993852
2025-09-29 17:15:00,1816.0708461140357,1824.4985349371634,1811.379115960943,1821.2882794376712,3689.2875088611418
2025-09-29 17:30:00,1801.018111369536,1812.2897956980692,1800.0968189761006,1808.3336117541546,312.69841832496184
2025-09-29 17:45:00,1799.6207914777756,1800.8693918863596,1787.7755667075146,1790.6246437781256,3512.3412934951866
2025-09-29 18:00:00,1776.6276978746914,1787.3661079809096,1776.5745904093003,1782.0805555715167,4176.931955991568
2025-09-29 18:15:00,1784.4781260670386,1783.2270568970437,1777.3444350084376,1775.6435329449419,9167.487024291186
2025-09-29 18:30:00,1791.8022975720007,1791.7625879298766,1782.376804665178,1785.6841531320035,1586.7972280921792
2025-09-29 18:45:00,1811.5072334315769,1812.9761194154837,1801.254619678226,1802.9504449889344,163.96267478172007
2025-09-29 19:00:00,1791.1237381349165,1799.505198914823,1791.0528965201322,1789.7745118006226,8329.839478228534
2025-09-29 19:15:00,1782.1967184972823,1787.732641147777,1781.1733739462995,1788.6834727850282,7968.634746638685
2025-09-29 19:30:00,1783.3528946235554,1793.2238308538176,1784.8263736119143,1786.9778159752975,4400.224564375219
2025-09-29 19:45:00,1791.2554207329251,1794.2911948311173,1788.2722997155677,1793.7540726768082,3603.1165875248466
2025-09-29 20:00:00,1785.2957704139244,1794.3386568608782,1784.574388303573,1792.3781556010672,6234.796588995404
2025-09-29 20:15:00,1769.9833896561415,1776.3424801369724,1765.3629167765012,1774.595325745304,6363.0703967727895
2025-09-29 20:30:00,1738.5722495095647,1746.059189613025,1733.9181973751595,1740.190255566662,9094.442772351524
2025-09-29 20:45:00,1737.7106418808064,1743.2434731911728,1731.7597745601531,1738.5705289840143,9621.473382182829
2025-09-29 21:00:00,1700.9008192688589,1702.901799208474,1696.184667613352,1702.2319094997797,4477.535594496875
2025-09-29 21:15:00,1701.866306537022,1708.7344510728542,1694.1523321580053,1702.3611330133479,692.6066458685943
2025-09-29 21:30:00,1685.7642273050521,1689.0300677088771,1676.860935108282,1687.3182916478977,2664.050250683737
2025-09-29 21:45:00,1697.3782063317856,1701.0837427718373,1692.5720549026605,1696.0769035215974,862.196202081422
2025-09-29 22:00:00,1680.7265074607926,1685.5441708504393,1674.466343786296,1684.745763959158,4396.978132979385
2025-09-29 22:15:00,1681.405484453844,1683.1699052225997,1670.5937923393858,1681.724054951378,4315.380815227716
2025-09-29 22:30:00,1660.459637420521,1669.2262147829929,1656.596797894922,1664.0244333071532,9720.8800515039
2025-09-29 22:45:00,1649.0266907182533,1659.3176248800341,1646.1455152084534,1652.318985501073,1692.3653322447249
2025-09-29 23:00:00,1648.0398504442521,1651.7538732528526,1643.0095194690211,1645.369472969243,3405.660823005898
2025-09-29 23:15:00,1648.9429569020188,1652.7530148716387,1642.4134256109796,1649.8624648673892,8958.40002323704
2025-09-29 23:30:00,1659.3462301819034,1667.6657356952824,1658.815956829662,1660.2405794489973,9880.05611420671
2025-09-29 23:45:00,1660.6970162225205,1664.2034067158777,1652.35007423171,1654.7536923779792,6741.512883371678
2025-09-30 00:00:00,1682.7600667303122,1690.3766147813703,1680.5131595147564,1688.6834524826672,3910.4633792305945
2025-09-30 00:15:00,1674.5970730247332,1676.5736752729142,1668.0569531925612,1671.641666014858,911.2846669716229
2025-09-30 00:30:00,1666.0720872405375,1677.142810404404,1665.505964895358,1674.2473460574106,1860.0533057574505
2025-09-30 00:45:00,1680.4074553476132,1684.3738871389905,1671.8778898415196,1676.105039498471,3355.8671516943145
2025-09-30 01:00:00,1664.2848626299083,1668.893174771646,1660.8010331391288,1662.4304499651328,3304.3413419143503
2025-09-30 01:15:00,1664.3287575564448,1664.978979923838,1653.7487108773703,1657.3069103896114,7254.575494375092
2025-09-30 01:30:00,1666.2983111934457,1666.7747864179712,1655.735863824486,1662.4175909129533,4224.66539093544
2025-09-30 01:45:00,1654.4124230942048,1659.9987462894935,1650.0434537549334,1657.7231482507725,4697.570369841328
2025-09-30 02:00:00,1638.3080149082984,1646.7099337506395,1638.0879423562376,1641.3690011983504,6320.05382739246
2025-09-30 02:15:00,1667.2747491317402,1668.784667998007,1657.92508275876,1666.641178642924,1834.1309395876701
2025-09-30 02:30:00,1679.161850965544,1679.9812022034423,1669.9517416520684,1673.9755986358878,195.89293240893727
2025-09-30 02:45:00,1661.3835988913086,1668.0358507762305,1660.1912752528501,1661.8538797534507,9319.113198736313
2025-09-30 03:00:00,1670.68686745564,1682.7871223344953,1669.7667789661637,1677.9994580079688,9934.529513384223
2025-09-30 03:15:00,1680.243451428338,1682.0183228771539,1676.6542789766713,1682.660003016511,5524.540074067886
2025-09-30 03:30:00,1672.1467022610957,1680.2380237642699,1673.4240840345144,1680.8747880657754,7629.873598533978
2025-09-30 03:45:00,1684.4979045380733,1692.1876614076853,1678.8220720961533,1684.9985690096344,3337.0047661715485
2025-09-30 04:00:00,1683.5764919249502,1691.5490976695196,1677.1584251190338,1684.2941850805425,4990.460776370778
2025-09-30 04:15:00,1705.5860121337741,1703.2115844263824,1696.2764836279935,1698.0560934270802,3082.2548362740113
2025-09-30 04:30:00,1703.061493757481,1708.4300352622731,1700.517759079574,1704.0659877508635,6267.30311490397
2025-09-30 04:45:00,1698.1618204223435,1703.10417491486,1690.3235805535926,1699.076680833704,3579.5815659068858
2025-09-30 05:00:00,1698.4839245607834,1707.9438065646443,1696.907116506064,1699.0780865032052,5884.856686548101
2025-09-30 05:15:00,1709.3269365950673,1715.7619332091565,1706.8177522951016,1713.9670912911713,787.5769934308576
2025-09-30 05:30:00,1716.3212142190434,1723.6478738159888,1712.6598315413107,1717.9614380644355,1666.5496307781598
2025-09-30 05:45:00,1720.6778250923078,1723.4195260967265,1712.7446870127244,1718.5647201289191,9073.282654091021
2025-09-30 06:00:00,1697.936093647147,1705.2387065612656,1700.0871691664588,1706.1459197146473,855.1106230219727
2025-09-30 06:15:00,1686.5875860333927,1694.7375529735962,1681.5942903228138,1687.9288298660335,2903.7531528873415
2025-09-30 06:30:00,1700.0834328280591,1702.0710661687954,1692.2183450316156,1693.148078529338,9837.873456688721
2025-09-30 06:45:00,1698.691856007379,1703.2790120432865,1692.426569421896,1700.1279888244028,2233.8761636310383
2025-09-30 07:00:00,1707.6737248251025,1709.901350886659,1699.6713112908762,1703.0228468011649,7798.961572396393
2025-09-30 07:15:00,1702.5718888528156,1708.57715741876,1700.404955145237,1704.7741833487712,9502.38370674557
2025-09-30 07:30:00,1711.4904315267,1715.172316631267,1705.4320410529963,1713.4714392114424,3033.7160243618655
2025-09-30 07:45:00,1713.0607591356725,1719.3661906815582,1711.8916978091145,1713.253041501143,7837.952666386356
2025-09-30 08:00:00,1722.4364114914924,1725.4997585617245,1713.8972221050512,1716.1862113349932,1200.497448175716
2025-09-30 08:15:00,1725.220724908422,1729.737033399956,1719.9431177127894,1724.980138634681,4813.60014050093
2025-09-30 08:30:00,1735.249944872726,1737.8834844011105,1726.9275776975144,1731.607786400406,8374.677396887491
2025-09-30 08:45:00,1724.2349486840017,1726.9704590420154,1721.6460566854373,1721.2907552635947,5510.93368449378
2025-09-30 09:00:00,1711.034174717594,1716.9569274132837,1708.9668293228747,1715.8333643726685,3150.1788646269633
2025-09-30 09:15:00,1688.1646061193746,1694.4144072335337,1685.7169578548048,1688.1217807283494,5977.526037142367
2025-09-30 09:30:00,1680.0443215999558,1687.3258021045992,1673.8276265916204,1676.2770336816382,7723.502256870149
2025-09-30 09:45:00,1654.3991437885616,1654.9609458953898,1644.5705607024836,1656.4569292584522,3959.4612598795866
2025-09-30 10:00:00,1651.846849480906,1659.2567279995947,1650.0690807374817,1653.8307387355335,2604.581506577863
2025-09-30 10:15:00,1663.6726294660675,1662.1745363201883,1653.4365590049997,1655.560788327702,2395.8437784616235
2025-09-30 10:30:00,1644.7207669098573,1643.8688031165009,1637.00757900745,1638.3537097801159,5996.190855958428
2025-09-30 10:45:00,1664.8797233829869,1666.565918718823,1660.1583530251164,1666.5115173969286,8314.422127895527
2025-09-30 11:00:00,1676.8802887037357,1681.6501866021956,1672.845157502253,1681.288642450351,639.7741892455127
2025-09-30 11:15:00,1701.6434584006802,1705.6466113964418,1694.9234779729375,1698.9610569930092,5364.335667877321
2025-09-30 11:30:00,1694.758471657008,1701.43880903001,1692.3045845199924,1693.5059229219332,8653.588846838535
2025-09-30 11:45:00,1688.6617189839792,1696.6904709795333,1682.7745164595522,1685.7500323797524,104.32804396134983
2025-09-30 12:00:00,1663.8225100524867,1671.5317610022887,1658.5230579929798,1667.8879714209238,2935.7210392646157
2025-09-30 12:15:00,1650.9920389468687,1656.9885598955075,1651.6226551612274,1657.0619234966182,7068.786030487591
2025-09-30 12:30:00,1658.5975563723487,1663.699779902752,1651.5736183810568,1655.256149515862,9140.534406455194
2025-09-30 12:45:00,1655.0286439518331,1659.7662927960641,1652.4979452218358,1656.2541377839352,2429.6355744935463
2025-09-30 13:00:00,1683.3297841703024,1690.968445730663,1679.1691388486383,1679.438439451957,7120.020835688143
2025-09-30 13:15:00,1673.303647932966,1676.667714191176,1664.8050245378463,1671.845095432854,9936.286707357338
2025-09-30 13:30:00,1689.2670951854166,1697.5002466608216,1683.43567207045,1687.1441690080023,4814.023939172094
2025-09-30 13:45:00,1725.382088694935,1723.790464134368,1713.6901359299086,1720.4816349847551,368.60119050996684
2025-09-30 14:00:00,1751.3090130978553,1750.2523826122097,1742.128807571191,1751.4959326013873,938.6502279059174
2025-09-30 14:15:00,1726.4815606968778,1734.2067175341124,1723.700054322296,1722.1582164778588,6854.877918300465
2025-09-30 14:30:00,1704.920012395927,1707.9028676330497,1701.6571245951764,1705.6725966537485,2499.933107146549
2025-09-30 14:45:00,1687.9414218455777,1697.7634426610875,1686.6312380408797,1695.4742530409317,5818.186466230239
2025-09-30 15:00:00,1682.9199499728713,1684.706979384856,1674.1366173655304,1675.4699653396185,3565.86722636104
2025-09-30 15:15:00,1669.4022358561256,1677.9330179980984,1664.2479245880686,1670.8182578984868,3060.1865307225526
2025-09-30 15:30:00,1675.8518483618905,1687.3812711264907,1677.0809788400952,1682.7768672247928,795.6672399529193
2025-09-30 15:45:00,1678.9299084904574,1684.2456101419912,1673.8410662104125,1679.5087191810633,6612.317572945109
2025-09-30 16:00:00,1688.67691044483,1692.5232755049196,1682.3856505613585,1686.2846523191308,5711.936251286983
2025-09-30 16:15:00,1710.7835634558542,1716.6318998689603,1708.9089923733807,1715.8422557961349,6954.785129496565
2025-09-30 16:30:00,1729.108246449486,1734.9470649879427,1724.8525918011287,1729.6642355795727,1525.610247374838
2025-09-30 16:45:00,1753.9104890272226,1753.7266665097159,1742.057988556153,1752.6076640060712,9176.29093034034
2025-09-30 17:00:00,1774.3386277138316,1783.4186173295984,1773.146967098021,1775.778566487207,6983.894239080105
2025-09-30 17:15:00,1784.032552298028,1783.31201324545,1771.847574591864,1777.5032865727428,691.4157718579263
2025-09-30 17:30:00,1759.3444116563344,1762.9510799459326,1750.4787611729603,1762.8958759641444,8741.578441637253
2025-09-30 17:45:00,1761.9522693493404,1770.9841919764676,1761.8735269907934,1759.5784899341634,898.278226799422
2025-09-30 18:00:00,1802.298447724732,1805.0746849318507,1793.411785056182,1801.8138855621598,6212.906019775718
2025-09-30 18:15:00,1790.7804280980688,1792.6620949935748,1781.5741830667937,1784.570798107768,2390.8962411631373
2025-09-30 18:30:00,1779.7144983020335,1782.6029375204184,1773.883358157641,1781.3504576799244,6351.196298261738
2025-09-30 18:45:00,1772.249129202556,1775.5272850468941,1762.9251164246361,1773.457392081344,5223.194653604109
2025-09-30 19:00:00,1784.8992658165575,1789.622409391873,1784.0996862940951,1788.8208852741573,2703.4344650113703
2025-09-30 19:15:00,1785.171347540602,1791.5100653441448,1777.6019207887648,1783.3543871139882,5182.211807095308
2025-09-30 19:30:00,1797.7762395489372,1801.1245474561342,1791.3610493111335,1795.3699389961623,8110.1489703877
2025-09-30 19:45:00,1791.326518341442,1799.6112497943707,1787.3628965884932,1798.6812214970823,4202.006882015831
2025-09-30 20:00:00,1793.1061822802237,1792.2522292294295,1785.632817562151,1792.571641724831,3269.845668314498
2025-09-30 20:15:00,1790.2300645238345,1793.6384288501104,1781.869108201551,1792.4302170539188,1205.811956737037
2025-09-30 20:30:00,1761.0808492990382,1761.9198508393395,1751.0281718988133,1759.97659021284,4929.98783403949
2025-09-30 20:45:00,1761.2045922495251,1770.6264057692135,1757.3922461970144,1759.5603888540577,8507.626123076327
2025-09-30 21:00:00,1766.70294075097,1777.0485388524842,1765.8195658582479,1766.4742782687545,3343.7705215565484
2025-09-30 21:15:00,1773.8226451405633,1777.1567503686363,1764.3837094032835,1772.96061242252,2315.5236225527774
2025-09-30 21:30:00,1764.9176998147686,1771.5563373905568,1760.884095179109,1770.0631111491225,9948.788205644894
2025-09-30 21:45:00,1737.2351824301534,1744.5751553614723,1739.0410036373496,1746.6573967060165,3430.5024535030307
2025-09-30 22:00:00,1729.5832311160368,1735.2763525708247,1727.0706061236897,1728.1735861944044,5771.117622989725
2025-09-30 22:15:00,1737.1271941830255,1742.6067486741783,1730.7634011002879,1735.4083764478726,2402.813645179337
2025-09-30 22:30:00,1734.6290977236513,1743.2100472276609,1733.689492824687,1741.564506547984,7482.5537782568945
2025-09-30 22:45:00,1738.6135798266034,1736.6841509123203,1728.64383602681,1735.8931598223608,269.29310429258305
2025-09-30 23:00:00,1725.1988990448187,1735.880867014588,1725.6295955452138,1730.5921298768917,4255.970735771164
2025-09-30 23:15:00,1728.992181985182,1730.8820792435706,1721.6946640985764,1723.6094069836906,8039.315826428084
2025-09-30 23:30:00,1730.1984762298773,1738.1242323268502,1728.7493999566132,1735.0721072060983,6544.439913311917
2025-09-30 23:45:00,1727.7074655153315,1728.5653697505556,1719.9334353781767,1728.8729521427188,8298.423175220836
